Godot Engine v4.7.2.stable.official.ed1daf0bf - https://godotengine.org

[client] {"detail":"127.0.0.1:24750","ev":"status","ms":1,"status":"connecting"}
[client] {"detail":"","ev":"status","ms":16,"status":"connected"}
[client] {"ev":"welcome","ms":23,"observer":false,"pid":3}
[client] {"ev":"pick","f":"bruno","ms":203}
[client] {"ev":"lock","f":"bruno","ms":1134}
[client] {"ev":"match_setup","fighters":10,"ms":3158,"you":5}
[client] {"counts":{"blocks_on_me":0,"conf_actions":0,"confirmed_hits":0,"dup_confirmed":0,"hits_on_me":0,"pred_actions":0,"predicted_confirmed":0,"predicted_hits":0,"reconnects":0},"ev":"stats","hp":280.0,"in_bytes":54905,"late":0,"local_entity":5,"match":{"countdown_until":300,"ctrl":-1,"final":false,"next":"","phase":2,"rot":3600,"scores":[0,0],"sd":false,"state":1,"tick":0,"zone":""},"max_err":0.385,"mean_err":0.1633,"ms":4923,"out_bytes":5263,"pending":4,"pos":[-5.98,47.89],"reconciles":33,"server_tick":106,"snaps":34,"teleports":1}
[client] {"counts":{"blocks_on_me":0,"conf_actions":0,"confirmed_hits":0,"dup_confirmed":0,"hits_on_me":0,"pred_actions":0,"predicted_confirmed":0,"predicted_hits":0,"reconnects":0},"ev":"stats","hp":280.0,"in_bytes":98633,"late":0,"local_entity":5,"match":{"countdown_until":300,"ctrl":-1,"final":false,"next":"","phase":3,"rot":3494,"scores":[0,0],"sd":false,"state":1,"tick":106,"zone":"B"},"max_err":0.385,"mean_err":0.1223,"ms":9925,"out_bytes":19963,"pending":4,"pos":[-3.25,36.74],"reconciles":133,"server_tick":406,"snaps":134,"teleports":1}
[client] {"counts":{"blocks_on_me":0,"conf_actions":0,"confirmed_hits":0,"dup_confirmed":0,"hits_on_me":0,"pred_actions":0,"predicted_confirmed":0,"predicted_hits":0,"reconnects":0},"ev":"stats","hp":280.0,"in_bytes":154613,"late":0,"local_entity":5,"match":{"countdown_until":300,"ctrl":-1,"final":false,"next":"","phase":3,"rot":3194,"scores":[0,0],"sd":false,"state":3,"tick":406,"zone":"B"},"max_err":0.385,"mean_err":0.0714,"ms":14928,"out_bytes":34663,"pending":4,"pos":[-2.89,3.91],"reconciles":233,"server_tick":706,"snaps":234,"teleports":1}
[client] {"a":0,"dup":false,"ev":"game","ms":15164,"predicted":false,"t":6,"tick":715,"type":"hit"}
[client] {"a":5,"dup":true,"ev":"game","ms":16013,"predicted":false,"t":4,"tick":771,"type":"hit"}
[client] {"a":6,"dup":false,"ev":"game","ms":16081,"predicted":false,"t":0,"tick":770,"type":"hit"}
[client] {"a":6,"dup":false,"ev":"game","ms":16095,"predicted":false,"t":2,"tick":771,"type":"hit"}
[client] {"a":5,"dup":false,"ev":"game","ms":16365,"predicted":false,"t":4,"tick":793,"type":"block"}
[client] {"a":6,"dup":false,"ev":"game","ms":16481,"predicted":false,"t":1,"tick":794,"type":"hit"}
[client] {"a":6,"dup":false,"ev":"game","ms":16495,"predicted":false,"t":0,"tick":795,"type":"hit"}
[client] {"a":6,"dup":false,"ev":"game","ms":16813,"predicted":false,"t":1,"tick":814,"type":"hit"}
[client] {"a":5,"dup":false,"ev":"game","ms":16813,"predicted":false,"t":4,"tick":819,"type":"block"}
[client] {"a":6,"dup":false,"ev":"game","ms":16826,"predicted":false,"t":0,"tick":815,"type":"hit"}
[client] {"a":3,"dup":false,"ev":"game","ms":17178,"predicted":false,"t":5,"tick":836,"type":"hit"}
[client] {"a":1,"dup":false,"ev":"game","ms":17296,"predicted":false,"t":6,"tick":843,"type":"hit"}
[client] {"a":9,"dup":false,"ev":"game","ms":17345,"predicted":false,"t":3,"tick":846,"type":"hit"}
[client] {"a":9,"dup":false,"ev":"game","ms":17366,"predicted":false,"t":4,"tick":847,"type":"block"}
[client] {"a":5,"dup":true,"ev":"game","ms":17506,"predicted":false,"t":4,"tick":861,"type":"hit"}
[client] {"a":5,"dup":false,"ev":"game","ms":17821,"predicted":false,"t":4,"tick":880,"type":"block"}
[client] {"a":5,"dup":false,"ev":"game","ms":18138,"predicted":false,"t":4,"tick":899,"type":"block"}
[client] {"a":2,"dup":false,"ev":"game","ms":18290,"predicted":false,"t":6,"tick":903,"type":"hit"}
[client] {"a":3,"dup":false,"ev":"game","ms":18476,"predicted":false,"t":5,"tick":914,"type":"hit"}
[client] {"a":3,"dup":false,"ev":"game","ms":18504,"predicted":false,"t":9,"tick":916,"type":"hit"}
[client] {"a":8,"dup":false,"ev":"game","ms":18655,"predicted":false,"t":3,"tick":925,"type":"hit"}
[client] {"a":8,"dup":false,"ev":"game","ms":18690,"predicted":false,"t":4,"tick":927,"type":"guard_break"}
[client] {"a":0,"dup":false,"ev":"game","ms":19090,"predicted":false,"t":8,"tick":951,"type":"hit"}
[client] {"a":6,"dup":false,"ev":"game","ms":19409,"predicted":false,"t":2,"tick":970,"type":"hit"}
[client] {"a":0,"dup":false,"ev":"game","ms":19422,"predicted":false,"t":8,"tick":971,"type":"block"}
[client] {"a":5,"dup":true,"ev":"game","ms":19608,"predicted":false,"t":0,"tick":987,"type":"hit"}
[client] {"a":6,"dup":false,"ev":"game","ms":19808,"predicted":false,"t":2,"tick":994,"type":"block"}
[client] {"a":4,"dup":false,"ev":"game","ms":19877,"predicted":false,"t":7,"tick":998,"type":"hit"}
[client] {"counts":{"blocks_on_me":0,"conf_actions":10,"confirmed_hits":20,"dup_confirmed":0,"hits_on_me":2,"pred_actions":10,"predicted_confirmed":3,"predicted_hits":13,"reconnects":0},"ev":"stats","hp":224.0,"in_bytes":232559,"late":0,"local_entity":5,"match":{"countdown_until":300,"ctrl":-1,"final":false,"next":"","phase":3,"rot":2894,"scores":[0,0],"sd":false,"state":3,"tick":706,"zone":"B"},"max_err":1.032,"mean_err":0.0603,"ms":19924,"out_bytes":49363,"pending":4,"pos":[-2.12,-1.8],"reconciles":332,"server_tick":1006,"snaps":333,"teleports":1}
[client] {"a":5,"dup":true,"ev":"game","ms":19939,"predicted":false,"t":0,"tick":1007,"type":"hit"}
[client] {"a":5,"dup":true,"ev":"game","ms":20277,"predicted":false,"t":0,"tick":1027,"type":"hit"}
[client] {"a":3,"dup":false,"ev":"game","ms":20326,"predicted":false,"t":8,"tick":1025,"type":"hit"}
[client] {"a":3,"dup":false,"ev":"game","ms":20360,"predicted":false,"t":7,"tick":1027,"type":"block"}
[client] {"a":4,"dup":false,"ev":"game","ms":20360,"predicted":false,"t":7,"tick":1027,"type":"block"}
[client] {"a":6,"dup":false,"ev":"game","ms":20539,"predicted":false,"t":0,"tick":1038,"type":"hit"}
[client] {"a":7,"dup":false,"ev":"game","ms":20726,"predicted":false,"t":4,"tick":1049,"type":"hit"}
[client] {"a":1,"dup":false,"ev":"game","ms":20877,"predicted":false,"t":6,"tick":1058,"type":"hit"}
[client] {"a":5,"dup":true,"ev":"game","ms":20877,"predicted":false,"t":3,"tick":1063,"type":"hit"}
[client] {"a":2,"dup":false,"ev":"game","ms":21009,"predicted":false,"t":7,"tick":1066,"type":"hit"}
[client] {"a":5,"dup":true,"ev":"game","ms":21188,"predicted":false,"t":3,"tick":1082,"type":"hit"}
[client] {"a":5,"dup":true,"ev":"game","ms":21222,"predicted":false,"t":0,"tick":1084,"type":"hit"}
[client] {"a":7,"dup":false,"ev":"game","ms":21443,"predicted":false,"t":3,"tick":1092,"type":"hit"}
[client] {"a":7,"dup":false,"ev":"game","ms":21478,"predicted":false,"t":4,"tick":1094,"type":"hit"}
[client] {"a":7,"dup":false,"ev":"game","ms":21492,"predicted":false,"t":2,"tick":1095,"type":"hit"}
[client] {"a":5,"dup":true,"ev":"game","ms":21527,"predicted":false,"t":3,"tick":1102,"type":"hit"}
[client] {"a":5,"dup":true,"ev":"game","ms":21574,"predicted":false,"t":4,"tick":1105,"type":"hit"}
[client] {"a":0,"dup":false,"ev":"game","ms":21692,"predicted":false,"t":6,"tick":1107,"type":"hit"}
[client] {"a":0,"dup":false,"ev":"game","ms":22044,"predicted":false,"t":5,"tick":1128,"type":"hit"}
[client] {"a":1,"dup":false,"ev":"game","ms":22340,"predicted":false,"t":6,"tick":1146,"type":"hit"}
[client] {"a":0,"dup":false,"ev":"game","ms":22361,"predicted":false,"t":5,"tick":1147,"type":"hit"}
[client] {"a":0,"dup":false,"ev":"game","ms":22375,"predicted":false,"t":6,"tick":1148,"type":"hit"}
[client] {"a":3,"dup":false,"ev":"game","ms":22589,"predicted":false,"t":5,"tick":1161,"type":"hit"}
[client] {"a":9,"dup":false,"ev":"game","ms":22678,"predicted":false,"t":3,"tick":1166,"type":"hit"}
[client] {"a":9,"dup":false,"ev":"game","ms":22707,"predicted":false,"t":0,"tick":1168,"type":"hit"}
[client] {"a":1,"dup":false,"ev":"game","ms":22740,"predicted":false,"t":6,"tick":1170,"type":"hit"}
[client] {"a":9,"dup":false,"ev":"game","ms":22741,"predicted":false,"t":4,"tick":1170,"type":"hit"}
[client] {"a":8,"dup":false,"ev":"game","ms":22811,"predicted":false,"t":2,"tick":1174,"type":"hit"}
[client] {"a":6,"dup":false,"ev":"game","ms":23162,"predicted":false,"t":1,"tick":1195,"type":"hit"}
[client] {"a":8,"dup":false,"ev":"game","ms":23292,"predicted":false,"t":2,"tick":1203,"type":"block"}
[client] {"a":9,"dup":false,"ev":"game","ms":23459,"predicted":false,"t":2,"tick":1213,"type":"hit"}
[client] {"a":6,"dup":false,"ev":"game","ms":23591,"predicted":false,"t":1,"tick":1221,"type":"hit"}
[client] {"a":2,"dup":false,"ev":"game","ms":23845,"predicted":false,"t":7,"tick":1236,"type":"hit"}
[client] {"a":9,"dup":false,"ev":"game","ms":23962,"predicted":false,"t":2,"tick":1243,"type":"hit"}
[client] {"a":8,"dup":false,"ev":"game","ms":23975,"predicted":false,"t":2,"tick":1244,"type":"hit"}
[client] {"a":0,"dup":false,"ev":"game","ms":24142,"predicted":false,"t":9,"tick":1254,"type":"hit"}
[client] {"a":4,"dup":false,"ev":"game","ms":24224,"predicted":false,"t":9,"tick":1259,"type":"hit"}
[client] {"a":2,"dup":false,"ev":"game","ms":24362,"predicted":false,"t":8,"tick":1267,"type":"hit"}
[client] {"a":0,"dup":false,"ev":"game","ms":24424,"predicted":false,"t":5,"tick":1271,"type":"hit"}
[client] {"a":3,"dup":false,"ev":"game","ms":24461,"predicted":false,"t":9,"tick":1273,"type":"hit"}
[client] {"a":6,"dup":false,"ev":"game","ms":24659,"predicted":false,"t":0,"tick":1285,"type":"hit"}
[client] {"a":8,"dup":false,"ev":"game","ms":24763,"predicted":false,"t":2,"tick":1291,"type":"hit"}
[client] {"a":5,"dup":true,"ev":"game","ms":24763,"predicted":false,"t":0,"tick":1296,"type":"hit"}
[client] {"a":0,"dup":false,"ev":"game","ms":24847,"predicted":false,"t":-1,"tick":1296,"type":"ko"}
[client] {"counts":{"blocks_on_me":0,"conf_actions":21,"confirmed_hits":60,"dup_confirmed":0,"hits_on_me":6,"pred_actions":22,"predicted_confirmed":11,"predicted_hits":25,"reconnects":0},"ev":"stats","hp":134.0,"in_bytes":316272,"late":0,"local_entity":5,"match":{"countdown_until":300,"ctrl":-1,"final":false,"next":"","phase":3,"rot":2594,"scores":[0,0],"sd":false,"state":3,"tick":1006,"zone":"B"},"max_err":1.032,"mean_err":0.0524,"ms":24927,"out_bytes":64063,"pending":4,"pos":[-2.2,-2.92],"reconciles":432,"server_tick":1306,"snaps":433,"teleports":1}
[client] {"a":3,"dup":false,"ev":"game","ms":24929,"predicted":false,"t":5,"tick":1301,"type":"hit"}
[client] {"a":1,"dup":false,"ev":"game","ms":25011,"predicted":false,"t":6,"tick":1306,"type":"hit"}
[client] {"a":1,"dup":false,"ev":"game","ms":25080,"predicted":false,"t":5,"tick":1311,"type":"hit"}
[client] {"a":9,"dup":false,"ev":"game","ms":25128,"predicted":false,"t":3,"tick":1313,"type":"hit"}
[client] {"a":7,"dup":false,"ev":"game","ms":25211,"predicted":false,"t":4,"tick":1318,"type":"hit"}
[client] {"a":2,"dup":false,"ev":"game","ms":25929,"predicted":false,"t":8,"tick":1361,"type":"hit"}
[client] {"a":1,"dup":false,"ev":"game","ms":26246,"predicted":false,"t":5,"tick":1381,"type":"hit"}
[client] {"a":5,"dup":true,"ev":"game","ms":26543,"predicted":false,"t":1,"tick":1403,"type":"hit"}
[client] {"a":1,"dup":false,"ev":"game","ms":26970,"predicted":false,"t":5,"tick":1424,"type":"hit"}
[client] {"a":8,"dup":false,"ev":"game","ms":27039,"predicted":false,"t":2,"tick":1428,"type":"hit"}
[client] {"a":5,"dup":true,"ev":"game","ms":27536,"predicted":false,"t":1,"tick":1463,"type":"hit"}
[client] {"a":2,"dup":false,"ev":"game","ms":27640,"predicted":false,"t":6,"tick":1464,"type":"hit"}
[client] {"a":6,"dup":false,"ev":"game","ms":28019,"predicted":false,"t":2,"tick":1487,"type":"hit"}
[client] {"a":9,"dup":false,"ev":"game","ms":28606,"predicted":false,"t":2,"tick":1522,"type":"hit"}
[client] {"a":6,"dup":false,"ev":"game","ms":28702,"predicted":false,"t":2,"tick":1528,"type":"hit"}
[client] {"a":1,"dup":false,"ev":"game","ms":29489,"predicted":false,"t":5,"tick":1575,"type":"hit"}
[client] {"counts":{"blocks_on_me":0,"conf_actions":27,"confirmed_hits":76,"dup_confirmed":0,"hits_on_me":11,"pred_actions":30,"predicted_confirmed":13,"predicted_hits":30,"reconnects":0},"ev":"stats","hp":22.0,"in_bytes":385361,"late":0,"local_entity":5,"match":{"countdown_until":300,"ctrl":-1,"final":false,"next":"","phase":3,"rot":2294,"scores":[0,0],"sd":false,"state":3,"tick":1306,"zone":"B"},"max_err":1.032,"mean_err":0.0484,"ms":29922,"out_bytes":78763,"pending":4,"pos":[-1.48,-2.36],"reconciles":532,"server_tick":1606,"snaps":533,"teleports":1}
[client] {"a":5,"dup":true,"ev":"game","ms":30137,"predicted":false,"t":1,"tick":1619,"type":"hit"}
[client] {"a":1,"dup":false,"ev":"game","ms":31287,"predicted":false,"t":6,"tick":1683,"type":"hit"}
[client] {"a":6,"dup":false,"ev":"game","ms":31287,"predicted":false,"t":-1,"tick":1683,"type":"ko"}
[client] {"a":3,"dup":false,"ev":"game","ms":33122,"predicted":false,"t":7,"tick":1793,"type":"hit"}
[client] {"a":3,"dup":false,"ev":"game","ms":33122,"predicted":false,"t":8,"tick":1793,"type":"hit"}
[client] {"a":5,"dup":false,"ev":"game","ms":33474,"predicted":false,"t":-1,"tick":1819,"type":"ko"}
[client] {"a":8,"dup":false,"ev":"game","ms":33537,"predicted":false,"t":3,"tick":1818,"type":"hit"}
[client] {"a":1,"dup":false,"ev":"game","ms":33557,"predicted":false,"t":5,"tick":1819,"type":"hit"}
[client] {"a":9,"dup":false,"ev":"game","ms":33606,"predicted":false,"t":3,"tick":1822,"type":"hit"}
[client] {"a":4,"dup":false,"ev":"game","ms":34006,"predicted":false,"t":9,"tick":1846,"type":"hit"}
[client] {"a":4,"dup":false,"ev":"game","ms":34675,"predicted":false,"t":9,"tick":1886,"type":"hit"}
[client] {"a":4,"dup":false,"ev":"game","ms":34690,"predicted":false,"t":8,"tick":1887,"type":"hit"}
[client] {"a":0,"dup":false,"ev":"game","ms":34840,"predicted":false,"t":-1,"tick":1896,"type":"respawn"}
[client] {"counts":{"blocks_on_me":0,"conf_actions":32,"confirmed_hits":86,"dup_confirmed":0,"hits_on_me":12,"pred_actions":35,"predicted_confirmed":14,"predicted_hits":34,"reconnects":0},"ev":"stats","hp":0.0,"in_bytes":450823,"late":0,"local_entity":5,"match":{"countdown_until":300,"ctrl":0,"final":false,"next":"","phase":3,"rot":1994,"scores":[1,0],"sd":false,"state":2,"tick":1606,"zone":"B"},"max_err":1.032,"mean_err":0.0411,"ms":34922,"out_bytes":93463,"pending":4,"pos":[0.05,-2.79],"reconciles":632,"server_tick":1905,"snaps":633,"teleports":1}
[client] {"a":7,"dup":false,"ev":"game","ms":35510,"predicted":false,"t":4,"tick":1936,"type":"hit"}
[client] {"a":8,"dup":false,"ev":"game","ms":35910,"predicted":false,"t":4,"tick":1960,"type":"hit"}
[client] {"a":8,"dup":false,"ev":"game","ms":38477,"predicted":false,"t":2,"tick":2114,"type":"hit"}
[client] {"counts":{"blocks_on_me":0,"conf_actions":32,"confirmed_hits":89,"dup_confirmed":0,"hits_on_me":12,"pred_actions":35,"predicted_confirmed":14,"predicted_hits":34,"reconnects":0},"ev":"stats","hp":0.0,"in_bytes":515941,"late":0,"local_entity":5,"match":{"countdown_until":300,"ctrl":0,"final":false,"next":"","phase":3,"rot":1694,"scores":[6,0],"sd":false,"state":2,"tick":1906,"zone":"B"},"max_err":1.032,"mean_err":0.0355,"ms":39925,"out_bytes":108163,"pending":4,"pos":[0.05,-2.79],"reconciles":732,"server_tick":2205,"snaps":733,"teleports":1}
[client] {"a":6,"dup":false,"ev":"game","ms":41292,"predicted":false,"t":-1,"tick":2283,"type":"respawn"}
[client] {"a":5,"dup":false,"ev":"game","ms":43479,"predicted":false,"t":-1,"tick":2419,"type":"respawn"}
[client] {"counts":{"blocks_on_me":0,"conf_actions":33,"confirmed_hits":89,"dup_confirmed":0,"hits_on_me":12,"pred_actions":35,"predicted_confirmed":14,"predicted_hits":34,"reconnects":0},"ev":"stats","hp":280.0,"in_bytes":576114,"late":0,"local_entity":5,"match":{"countdown_until":300,"ctrl":-1,"final":false,"next":"","phase":3,"rot":1394,"scores":[11,0],"sd":false,"state":3,"tick":2206,"zone":"B"},"max_err":1.032,"mean_err":0.0313,"ms":44927,"out_bytes":122863,"pending":4,"pos":[5.51,44.88],"reconciles":831,"server_tick":2506,"snaps":833,"teleports":2}
[client] {"a":8,"dup":false,"ev":"game","ms":45521,"predicted":false,"t":0,"tick":2537,"type":"hit"}
[client] {"a":1,"dup":false,"ev":"game","ms":45922,"predicted":false,"t":8,"tick":2561,"type":"hit"}
[client] {"a":0,"dup":false,"ev":"game","ms":46006,"predicted":false,"t":8,"tick":2566,"type":"hit"}
[client] {"a":0,"dup":false,"ev":"game","ms":46025,"predicted":false,"t":7,"tick":2567,"type":"hit"}
[client] {"a":0,"dup":false,"ev":"game","ms":46040,"predicted":false,"t":9,"tick":2568,"type":"hit"}
[client] {"a":1,"dup":false,"ev":"game","ms":46136,"predicted":false,"t":8,"tick":2574,"type":"hit"}
[client] {"a":0,"dup":false,"ev":"game","ms":46371,"predicted":false,"t":7,"tick":2588,"type":"parry"}
[client] {"a":1,"dup":false,"ev":"game","ms":46923,"predicted":false,"t":8,"tick":2621,"type":"hit"}
[client] {"a":8,"dup":false,"ev":"game","ms":46923,"predicted":false,"t":-1,"tick":2621,"type":"ko"}
[client] {"a":1,"dup":false,"ev":"game","ms":46936,"predicted":false,"t":7,"tick":2622,"type":"block"}
[client] {"a":3,"dup":false,"ev":"game","ms":47392,"predicted":false,"t":7,"tick":2649,"type":"hit"}
[client] {"a":9,"dup":false,"ev":"game","ms":47440,"predicted":false,"t":1,"tick":2652,"type":"hit"}
[client] {"a":7,"dup":false,"ev":"game","ms":48027,"predicted":false,"t":0,"tick":2687,"type":"hit"}
[client] {"a":3,"dup":false,"ev":"game","ms":48440,"predicted":false,"t":9,"tick":2712,"type":"hit"}
[client] {"a":4,"dup":false,"ev":"game","ms":48455,"predicted":false,"t":9,"tick":2713,"type":"hit"}
[client] {"a":0,"dup":false,"ev":"game","ms":48675,"predicted":false,"t":7,"tick":2726,"type":"hit"}
[client] {"a":6,"dup":false,"ev":"game","ms":48958,"predicted":false,"t":4,"tick":2743,"type":"hit"}
[client] {"counts":{"blocks_on_me":0,"conf_actions":33,"confirmed_hits":103,"dup_confirmed":0,"hits_on_me":12,"pred_actions":35,"predicted_confirmed":14,"predicted_hits":34,"reconnects":0},"ev":"stats","hp":280.0,"in_bytes":644767,"late":0,"local_entity":5,"match":{"countdown_until":300,"ctrl":-1,"final":false,"next":"","phase":3,"rot":1094,"scores":[11,0],"sd":false,"state":3,"tick":2506,"zone":"B"},"max_err":1.032,"mean_err":0.0279,"ms":49916,"out_bytes":137563,"pending":4,"pos":[-0.97,12.65],"reconciles":931,"server_tick":2805,"snaps":933,"teleports":2}
[client] {"a":0,"dup":false,"ev":"game","ms":49986,"predicted":false,"t":6,"tick":2805,"type":"hit"}
[client] {"a":3,"dup":false,"ev":"game","ms":50048,"predicted":false,"t":6,"tick":2809,"type":"hit"}
[client] {"a":4,"dup":false,"ev":"game","ms":50082,"predicted":false,"t":6,"tick":2811,"type":"hit"}
[client] {"a":0,"dup":false,"ev":"game","ms":50234,"predicted":false,"t":6,"tick":2820,"type":"hit"}
[client] {"a":1,"dup":false,"ev":"game","ms":50470,"predicted":false,"t":7,"tick":2834,"type":"hit"}
[client] {"a":6,"dup":false,"ev":"game","ms":52022,"predicted":false,"t":0,"tick":2927,"type":"hit"}
[client] {"a":7,"dup":false,"ev":"game","ms":52070,"predicted":false,"t":0,"tick":2930,"type":"hit"}
[client] {"a":5,"dup":true,"ev":"game","ms":52470,"predicted":false,"t":0,"tick":2959,"type":"hit"}
[client] {"a":3,"dup":false,"ev":"game","ms":53188,"predicted":false,"t":7,"tick":2997,"type":"hit"}
[client] {"a":0,"dup":false,"ev":"game","ms":53554,"predicted":false,"t":5,"tick":3019,"type":"block"}
[client] {"a":6,"dup":false,"ev":"game","ms":53554,"predicted":false,"t":0,"tick":3019,"type":"hit"}
[client] {"a":2,"dup":false,"ev":"game","ms":53671,"predicted":false,"t":6,"tick":3026,"type":"hit"}
[client] {"a":3,"dup":false,"ev":"game","ms":54002,"predicted":false,"t":7,"tick":3046,"type":"hit"}
[client] {"a":3,"dup":false,"ev":"game","ms":54485,"predicted":false,"t":7,"tick":3075,"type":"hit"}
[client] {"a":6,"dup":false,"ev":"game","ms":54485,"predicted":false,"t":1,"tick":3075,"type":"hit"}
[client] {"a":6,"dup":false,"ev":"game","ms":54485,"predicted":false,"t":3,"tick":3075,"type":"hit"}
[client] {"a":6,"dup":false,"ev":"game","ms":54540,"predicted":false,"t":4,"tick":3078,"type":"hit"}
[client] {"a":2,"dup":false,"ev":"game","ms":54637,"predicted":false,"t":7,"tick":3084,"type":"hit"}
[client] {"a":6,"dup":false,"ev":"game","ms":54823,"predicted":false,"t":1,"tick":3095,"type":"hit"}
[client] {"a":6,"dup":false,"ev":"game","ms":54851,"predicted":false,"t":0,"tick":3097,"type":"hit"}
[client] {"a":6,"dup":false,"ev":"game","ms":54851,"predicted":false,"t":4,"tick":3097,"type":"block"}
[client] {"a":5,"dup":true,"ev":"game","ms":54907,"predicted":false,"t":2,"tick":3104,"type":"hit"}
[client] {"counts":{"blocks_on_me":1,"conf_actions":36,"confirmed_hits":123,"dup_confirmed":0,"hits_on_me":12,"pred_actions":38,"predicted_confirmed":16,"predicted_hits":37,"reconnects":0},"ev":"stats","hp":280.0,"in_bytes":716207,"late":0,"local_entity":5,"match":{"countdown_until":300,"ctrl":-1,"final":false,"next":"A","phase":3,"rot":794,"scores":[11,0],"sd":false,"state":3,"tick":2806,"zone":"B"},"max_err":1.032,"mean_err":0.0268,"ms":54918,"out_bytes":152263,"pending":4,"pos":[-2.54,-2.38],"reconciles":1031,"server_tick":3105,"snaps":1033,"teleports":2}
[client] {"a":1,"dup":false,"ev":"game","ms":55168,"predicted":false,"t":6,"tick":3116,"type":"hit"}
[client] {"a":2,"dup":false,"ev":"game","ms":55389,"predicted":false,"t":6,"tick":3129,"type":"hit"}
[client] {"a":1,"dup":false,"ev":"game","ms":55485,"predicted":false,"t":6,"tick":3135,"type":"hit"}
[client] {"a":6,"dup":false,"ev":"game","ms":55858,"predicted":false,"t":3,"tick":3157,"type":"block"}
[client] {"a":5,"dup":false,"ev":"game","ms":56155,"predicted":false,"t":3,"tick":3180,"type":"block"}
[client] {"a":6,"dup":false,"ev":"game","ms":56307,"predicted":false,"t":3,"tick":3184,"type":"block"}
[client] {"a":1,"dup":false,"ev":"game","ms":56369,"predicted":false,"t":5,"tick":3188,"type":"hit"}
[client] {"a":6,"dup":false,"ev":"game","ms":56637,"predicted":false,"t":3,"tick":3204,"type":"block"}
[client] {"a":8,"dup":false,"ev":"game","ms":56921,"predicted":false,"t":-1,"tick":3221,"type":"respawn"}
[client] {"a":5,"dup":true,"ev":"game","ms":57190,"predicted":false,"t":1,"tick":3242,"type":"hit"}
[client] {"a":0,"dup":false,"ev":"game","ms":57321,"predicted":false,"t":6,"tick":3245,"type":"hit"}
[client] {"a":5,"dup":true,"ev":"game","ms":57604,"predicted":false,"t":1,"tick":3267,"type":"hit"}
[client] {"a":6,"dup":false,"ev":"game","ms":57721,"predicted":false,"t":1,"tick":3269,"type":"hit"}
[client] {"a":6,"dup":false,"ev":"game","ms":57742,"predicted":false,"t":3,"tick":3270,"type":"hit"}
[client] {"a":0,"dup":false,"ev":"game","ms":57756,"predicted":false,"t":6,"tick":3271,"type":"hit"}
[client] {"a":5,"dup":true,"ev":"game","ms":57990,"predicted":false,"t":1,"tick":3290,"type":"hit"}
[client] {"a":0,"dup":false,"ev":"game","ms":58025,"predicted":false,"t":6,"tick":3287,"type":"hit"}
[client] {"a":2,"dup":false,"ev":"game","ms":58487,"predicted":false,"t":5,"tick":3315,"type":"hit"}
[client] {"a":6,"dup":false,"ev":"game","ms":58956,"predicted":false,"t":3,"tick":3343,"type":"hit"}
[client] {"a":6,"dup":false,"ev":"game","ms":59226,"predicted":false,"t":3,"tick":3359,"type":"hit"}
[client] {"a":6,"dup":false,"ev":"game","ms":59239,"predicted":false,"t":0,"tick":3360,"type":"hit"}
[client] {"a":6,"dup":false,"ev":"game","ms":59240,"predicted":false,"t":1,"tick":3360,"type":"hit"}
[client] {"a":5,"dup":true,"ev":"game","ms":59343,"predicted":false,"t":4,"tick":3371,"type":"hit"}
[client] {"a":3,"dup":false,"ev":"game","ms":59770,"predicted":false,"t":6,"tick":3392,"type":"hit"}
[client] {"a":4,"dup":false,"ev":"game","ms":59792,"predicted":false,"t":6,"tick":3393,"type":"hit"}
[client] {"a":6,"dup":false,"ev":"game","ms":59792,"predicted":false,"t":-1,"tick":3393,"type":"ko"}
[client] {"counts":{"blocks_on_me":1,"conf_actions":44,"confirmed_hits":143,"dup_confirmed":0,"hits_on_me":14,"pred_actions":46,"predicted_confirmed":20,"predicted_hits":44,"reconnects":0},"ev":"stats","hp":204.0,"in_bytes":793888,"late":0,"local_entity":5,"match":{"countdown_until":300,"ctrl":-1,"final":false,"next":"A","phase":3,"rot":494,"scores":[11,0],"sd":false,"state":3,"tick":3106,"zone":"B"},"max_err":1.032,"mean_err":0.0262,"ms":59921,"out_bytes":166963,"pending":4,"pos":[-3.56,-1.83],"reconciles":1131,"server_tick":3405,"snaps":1133,"teleports":2}
[client] {"a":9,"dup":false,"ev":"game","ms":60170,"predicted":false,"t":4,"tick":3416,"type":"hit"}
[client] {"a":5,"dup":true,"ev":"game","ms":60170,"predicted":false,"t":4,"tick":3421,"type":"hit"}
[client] {"a":5,"dup":true,"ev":"game","ms":60260,"predicted":false,"t":2,"tick":3426,"type":"hit"}
[client] {"a":5,"dup":true,"ev":"game","ms":61006,"predicted":false,"t":3,"tick":3471,"type":"hit"}
[client] {"a":2,"dup":false,"ev":"game","ms":61426,"predicted":false,"t":5,"tick":3491,"type":"hit"}
[client] {"a":1,"dup":false,"ev":"game","ms":61461,"predicted":false,"t":5,"tick":3493,"type":"hit"}
[client] {"a":1,"dup":false,"ev":"game","ms":61806,"predicted":false,"t":5,"tick":3514,"type":"hit"}
[client] {"a":5,"dup":true,"ev":"game","ms":62462,"predicted":false,"t":1,"tick":3558,"type":"hit"}
[client] {"a":1,"dup":false,"ev":"game","ms":62544,"predicted":false,"t":-1,"tick":3558,"type":"ko"}
[client] {"a":3,"dup":false,"ev":"game","ms":62923,"predicted":false,"t":5,"tick":3581,"type":"hit"}
[client] {"a":3,"dup":false,"ev":"game","ms":64041,"predicted":false,"t":5,"tick":3648,"type":"hit"}
[client] {"a":3,"dup":false,"ev":"game","ms":64041,"predicted":false,"t":9,"tick":3648,"type":"hit"}
[client] {"a":5,"dup":true,"ev":"game","ms":64379,"predicted":false,"t":3,"tick":3673,"type":"hit"}
[client] {"counts":{"blocks_on_me":1,"conf_actions":50,"confirmed_hits":155,"dup_confirmed":0,"hits_on_me":19,"pred_actions":53,"predicted_confirmed":25,"predicted_hits":54,"reconnects":0},"ev":"stats","hp":86.0,"in_bytes":865124,"late":0,"local_entity":5,"match":{"countdown_until":300,"ctrl":-1,"final":false,"next":"A","phase":3,"rot":194,"scores":[11,0],"sd":false,"state":3,"tick":3406,"zone":"B"},"max_err":1.094,"mean_err":0.0274,"ms":64924,"out_bytes":181663,"pending":4,"pos":[-3.1,-2.39],"reconciles":1231,"server_tick":3706,"snaps":1233,"teleports":2}
[client] {"a":5,"dup":true,"ev":"game","ms":65008,"predicted":false,"t":3,"tick":3711,"type":"hit"}
[client] {"a":8,"dup":false,"ev":"game","ms":65463,"predicted":false,"t":3,"tick":3733,"type":"hit"}
[client] {"a":5,"dup":true,"ev":"game","ms":65663,"predicted":false,"t":2,"tick":3750,"type":"hit"}
[client] {"a":5,"dup":false,"ev":"game","ms":66009,"predicted":false,"t":2,"tick":3771,"type":"block"}
[client] {"a":5,"dup":false,"ev":"game","ms":66346,"predicted":false,"t":2,"tick":3791,"type":"guard_break"}
[client] {"a":9,"dup":false,"ev":"game","ms":66560,"predicted":false,"t":2,"tick":3799,"type":"hit"}
[client] {"a":9,"dup":false,"ev":"game","ms":66780,"predicted":false,"t":2,"tick":3812,"type":"hit"}
[client] {"a":0,"dup":false,"ev":"game","ms":66947,"predicted":false,"t":8,"tick":3822,"type":"hit"}
[client] {"a":0,"dup":false,"ev":"game","ms":68002,"predicted":false,"t":5,"tick":3886,"type":"hit"}
[client] {"a":-1,"dup":false,"ev":"game","ms":68223,"predicted":false,"t":-1,"tick":3899,"type":"zone_rotated"}
[client] {"a":0,"dup":false,"ev":"game","ms":68975,"predicted":false,"t":9,"tick":3944,"type":"hit"}
[client] {"a":8,"dup":false,"ev":"game","ms":69189,"predicted":false,"t":0,"tick":3957,"type":"hit"}
[client] {"a":6,"dup":false,"ev":"game","ms":69789,"predicted":false,"t":-1,"tick":3993,"type":"respawn"}
[client] {"counts":{"blocks_on_me":1,"conf_actions":55,"confirmed_hits":164,"dup_confirmed":0,"hits_on_me":20,"pred_actions":59,"predicted_confirmed":27,"predicted_hits":60,"reconnects":0},"ev":"stats","hp":48.0,"in_bytes":931771,"late":0,"local_entity":5,"match":{"countdown_until":300,"ctrl":-1,"final":false,"next":"","phase":3,"rot":3494,"scores":[11,0],"sd":false,"state":1,"tick":3706,"zone":"A"},"max_err":1.244,"mean_err":0.0264,"ms":69919,"out_bytes":196363,"pending":4,"pos":[-9.97,-7.9],"reconciles":1331,"server_tick":4006,"snaps":1333,"teleports":2}
[client] {"a":8,"dup":false,"ev":"game","ms":69989,"predicted":false,"t":0,"tick":4005,"type":"hit"}
[client] {"a":7,"dup":false,"ev":"game","ms":70224,"predicted":false,"t":0,"tick":4019,"type":"hit"}
[client] {"a":9,"dup":false,"ev":"game","ms":70541,"predicted":false,"t":0,"tick":4038,"type":"hit"}
[client] {"a":0,"dup":false,"ev":"game","ms":70541,"predicted":false,"t":-1,"tick":4038,"type":"ko"}
[client] {"a":1,"dup":false,"ev":"game","ms":72543,"predicted":false,"t":-1,"tick":4158,"type":"respawn"}
[client] {"counts":{"blocks_on_me":1,"conf_actions":55,"confirmed_hits":167,"dup_confirmed":0,"hits_on_me":20,"pred_actions":59,"predicted_confirmed":27,"predicted_hits":60,"reconnects":0},"ev":"stats","hp":67.1999999999998,"in_bytes":985818,"late":0,"local_entity":5,"match":{"countdown_until":300,"ctrl":1,"final":false,"next":"","phase":3,"rot":3194,"scores":[11,0],"sd":false,"state":2,"tick":4006,"zone":"A"},"max_err":1.244,"mean_err":0.0246,"ms":74922,"out_bytes":211063,"pending":4,"pos":[-40.1,-1.07],"reconciles":1431,"server_tick":4306,"snaps":1433,"teleports":2}
[client] {"a":4,"dup":false,"ev":"game","ms":76427,"predicted":false,"t":5,"tick":4391,"type":"hit"}
[client] {"a":4,"dup":false,"ev":"game","ms":76875,"predicted":false,"t":5,"tick":4418,"type":"hit"}
[client] {"a":4,"dup":false,"ev":"game","ms":77345,"predicted":false,"t":5,"tick":4447,"type":"hit"}
[client] {"a":9,"dup":false,"ev":"game","ms":77924,"predicted":false,"t":4,"tick":4482,"type":"hit"}
[client] {"a":8,"dup":false,"ev":"game","ms":78380,"predicted":false,"t":4,"tick":4509,"type":"hit"}
[client] {"a":4,"dup":false,"ev":"game","ms":78980,"predicted":false,"t":5,"tick":4545,"type":"block"}
[client] {"a":8,"dup":false,"ev":"game","ms":79546,"predicted":false,"t":4,"tick":4579,"type":"hit"}
[client] {"a":7,"dup":false,"ev":"game","ms":79580,"predicted":false,"t":4,"tick":4581,"type":"hit"}
[client] {"counts":{"blocks_on_me":2,"conf_actions":59,"confirmed_hits":174,"dup_confirmed":0,"hits_on_me":23,"pred_actions":63,"predicted_confirmed":27,"predicted_hits":60,"reconnects":0},"ev":"stats","hp":35.9999999999996,"in_bytes":1052348,"late":0,"local_entity":5,"match":{"countdown_until":300,"ctrl":-1,"final":false,"next":"","phase":3,"rot":2894,"scores":[11,1],"sd":false,"state":3,"tick":4306,"zone":"A"},"max_err":1.244,"mean_err":0.0241,"ms":79924,"out_bytes":225763,"pending":4,"pos":[-43.43,0.33],"reconciles":1531,"server_tick":4606,"snaps":1533,"teleports":2}
[client] {"a":0,"dup":false,"ev":"game","ms":80526,"predicted":false,"t":-1,"tick":4638,"type":"respawn"}
[client] {"a":3,"dup":false,"ev":"game","ms":81188,"predicted":false,"t":5,"tick":4677,"type":"hit"}
[client] {"a":7,"dup":false,"ev":"game","ms":81623,"predicted":false,"t":3,"tick":4703,"type":"hit"}
[client] {"a":3,"dup":false,"ev":"game","ms":82058,"predicted":false,"t":7,"tick":4729,"type":"hit"}
[client] {"a":3,"dup":false,"ev":"game","ms":82058,"predicted":false,"t":8,"tick":4729,"type":"hit"}
[client] {"a":5,"dup":true,"ev":"game","ms":82389,"predicted":false,"t":3,"tick":4754,"type":"hit"}
[client] {"a":6,"dup":false,"ev":"game","ms":82554,"predicted":false,"t":3,"tick":4759,"type":"hit"}
[client] {"a":8,"dup":false,"ev":"game","ms":82658,"predicted":false,"t":3,"tick":4765,"type":"hit"}
[client] {"a":8,"dup":false,"ev":"game","ms":82706,"predicted":false,"t":2,"tick":4768,"type":"hit"}
[client] {"a":6,"dup":false,"ev":"game","ms":82955,"predicted":false,"t":3,"tick":4783,"type":"hit"}
[client] {"a":1,"dup":false,"ev":"game","ms":83927,"predicted":false,"t":8,"tick":4841,"type":"hit"}
[client] {"a":2,"dup":false,"ev":"game","ms":83927,"predicted":false,"t":8,"tick":4841,"type":"hit"}
[client] {"a":5,"dup":true,"ev":"game","ms":84238,"predicted":false,"t":1,"tick":4865,"type":"hit"}
[client] {"a":7,"dup":false,"ev":"game","ms":84693,"predicted":false,"t":3,"tick":4887,"type":"hit"}
[client] {"a":5,"dup":true,"ev":"game","ms":84707,"predicted":false,"t":3,"tick":4893,"type":"hit"}
[client] {"counts":{"blocks_on_me":2,"conf_actions":65,"confirmed_hits":188,"dup_confirmed":0,"hits_on_me":24,"pred_actions":70,"predicted_confirmed":30,"predicted_hits":67,"reconnects":0},"ev":"stats","hp":9.9999999999996,"in_bytes":1122810,"late":0,"local_entity":5,"match":{"countdown_until":300,"ctrl":-1,"final":false,"next":"","phase":3,"rot":2594,"scores":[11,1],"sd":false,"state":3,"tick":4606,"zone":"A"},"max_err":1.244,"mean_err":0.0239,"ms":84927,"out_bytes":240463,"pending":4,"pos":[-40.14,-0.29],"reconciles":1631,"server_tick":4906,"snaps":1633,"teleports":2}
[client] {"a":6,"dup":false,"ev":"game","ms":84956,"predicted":false,"t":2,"tick":4903,"type":"hit"}
[client] {"a":1,"dup":false,"ev":"game","ms":85294,"predicted":false,"t":7,"tick":4923,"type":"hit"}
[client] {"a":6,"dup":false,"ev":"game","ms":85825,"predicted":false,"t":2,"tick":4955,"type":"hit"}
[client] {"a":5,"dup":false,"ev":"game","ms":85839,"predicted":false,"t":-1,"tick":4961,"type":"ko"}
[client] {"a":1,"dup":false,"ev":"game","ms":85928,"predicted":false,"t":5,"tick":4961,"type":"hit"}
[client] {"a":1,"dup":false,"ev":"game","ms":86177,"predicted":false,"t":8,"tick":4976,"type":"hit"}
[client] {"a":2,"dup":false,"ev":"game","ms":86639,"predicted":false,"t":7,"tick":5004,"type":"hit"}
[client] {"a":6,"dup":false,"ev":"game","ms":86709,"predicted":false,"t":2,"tick":5008,"type":"hit"}
[client] {"a":9,"dup":false,"ev":"game","ms":86873,"predicted":false,"t":4,"tick":5018,"type":"hit"}
[client] {"a":1,"dup":false,"ev":"game","ms":86943,"predicted":false,"t":7,"tick":5022,"type":"hit"}
[client] {"a":8,"dup":false,"ev":"game","ms":87412,"predicted":false,"t":1,"tick":5050,"type":"hit"}
[client] {"a":2,"dup":false,"ev":"game","ms":87460,"predicted":false,"t":7,"tick":5053,"type":"block"}
[client] {"a":2,"dup":false,"ev":"game","ms":89013,"predicted":false,"t":6,"tick":5146,"type":"hit"}
[client] {"a":1,"dup":false,"ev":"game","ms":89041,"predicted":false,"t":8,"tick":5148,"type":"hit"}
[client] {"counts":{"blocks_on_me":2,"conf_actions":66,"confirmed_hits":200,"dup_confirmed":0,"hits_on_me":25,"pred_actions":70,"predicted_confirmed":30,"predicted_hits":68,"reconnects":0},"ev":"stats","hp":0.0,"in_bytes":1193117,"late":0,"local_entity":5,"match":{"countdown_until":300,"ctrl":-1,"final":false,"next":"","phase":3,"rot":2294,"scores":[11,1],"sd":false,"state":3,"tick":4906,"zone":"A"},"max_err":1.244,"mean_err":0.0225,"ms":89920,"out_bytes":255163,"pending":4,"pos":[-39.47,-0.05],"reconciles":1731,"server_tick":5206,"snaps":1733,"teleports":2}
[client] {"a":2,"dup":false,"ev":"game","ms":90004,"predicted":false,"t":6,"tick":5206,"type":"hit"}
[client] {"a":6,"dup":false,"ev":"game","ms":90406,"predicted":false,"t":2,"tick":5230,"type":"hit"}
[client] {"a":1,"dup":false,"ev":"game","ms":90503,"predicted":false,"t":6,"tick":5236,"type":"hit"}
[client] {"a":6,"dup":false,"ev":"game","ms":91489,"predicted":false,"t":1,"tick":5296,"type":"hit"}
[client] {"a":6,"dup":false,"ev":"game","ms":91489,"predicted":false,"t":2,"tick":5296,"type":"hit"}
[client] {"a":2,"dup":false,"ev":"game","ms":91924,"predicted":false,"t":6,"tick":5322,"type":"hit"}
[client] {"a":8,"dup":false,"ev":"game","ms":91986,"predicted":false,"t":2,"tick":5326,"type":"hit"}
[client] {"a":1,"dup":false,"ev":"game","ms":92304,"predicted":false,"t":6,"tick":5345,"type":"hit"}
[client] {"a":8,"dup":false,"ev":"game","ms":92952,"predicted":false,"t":1,"tick":5384,"type":"hit"}
[client] {"a":6,"dup":false,"ev":"game","ms":93173,"predicted":false,"t":1,"tick":5397,"type":"hit"}
[client] {"a":6,"dup":false,"ev":"game","ms":93504,"predicted":false,"t":1,"tick":5417,"type":"hit"}
[client] {"a":8,"dup":false,"ev":"game","ms":93656,"predicted":false,"t":1,"tick":5426,"type":"hit"}
[client] {"a":1,"dup":false,"ev":"game","ms":94022,"predicted":false,"t":6,"tick":5447,"type":"hit"}
[client] {"a":8,"dup":false,"ev":"game","ms":94153,"predicted":false,"t":1,"tick":5456,"type":"hit"}
[client] {"a":6,"dup":false,"ev":"game","ms":94574,"predicted":false,"t":1,"tick":5481,"type":"hit"}
[client] {"a":8,"dup":false,"ev":"game","ms":94891,"predicted":false,"t":1,"tick":5500,"type":"hit"}
[client] {"a":8,"dup":false,"ev":"game","ms":94905,"predicted":false,"t":0,"tick":5501,"type":"hit"}
[client] {"counts":{"blocks_on_me":2,"conf_actions":66,"confirmed_hits":217,"dup_confirmed":0,"hits_on_me":25,"pred_actions":70,"predicted_confirmed":30,"predicted_hits":68,"reconnects":0},"ev":"stats","hp":0.0,"in_bytes":1261973,"late":0,"local_entity":5,"match":{"countdown_until":300,"ctrl":-1,"final":false,"next":"","phase":3,"rot":1994,"scores":[11,1],"sd":false,"state":3,"tick":5206,"zone":"A"},"max_err":1.244,"mean_err":0.0213,"ms":94925,"out_bytes":269863,"pending":4,"pos":[-39.47,-0.05],"reconciles":1831,"server_tick":5506,"snaps":1833,"teleports":2}
[client] {"a":5,"dup":false,"ev":"game","ms":95844,"predicted":false,"t":-1,"tick":5561,"type":"respawn"}
[client] {"a":0,"dup":false,"ev":"game","ms":95892,"predicted":false,"t":8,"tick":5560,"type":"hit"}
[client] {"a":6,"dup":false,"ev":"game","ms":96044,"predicted":false,"t":1,"tick":5569,"type":"hit"}
[client] {"a":1,"dup":false,"ev":"game","ms":96044,"predicted":false,"t":-1,"tick":5569,"type":"ko"}
[client] {"a":6,"dup":false,"ev":"game","ms":96071,"predicted":false,"t":0,"tick":5571,"type":"hit"}
[client] {"a":3,"dup":false,"ev":"game","ms":96375,"predicted":false,"t":8,"tick":5588,"type":"hit"}
[client] {"a":2,"dup":false,"ev":"game","ms":96623,"predicted":false,"t":8,"tick":5603,"type":"hit"}
[client] {"a":0,"dup":false,"ev":"game","ms":97224,"predicted":false,"t":6,"tick":5639,"type":"hit"}
[client] {"a":0,"dup":false,"ev":"game","ms":97589,"predicted":false,"t":6,"tick":5661,"type":"hit"}
[client] {"a":0,"dup":false,"ev":"game","ms":98010,"predicted":false,"t":6,"tick":5686,"type":"hit"}
[client] {"a":6,"dup":false,"ev":"game","ms":98742,"predicted":false,"t":0,"tick":5731,"type":"hit"}
[client] {"a":6,"dup":false,"ev":"game","ms":98990,"predicted":false,"t":0,"tick":5745,"type":"hit"}
[client] {"a":3,"dup":false,"ev":"game","ms":99224,"predicted":false,"t":7,"tick":5759,"type":"hit"}
[client] {"a":2,"dup":false,"ev":"game","ms":99425,"predicted":false,"t":6,"tick":5771,"type":"hit"}
[client] {"a":6,"dup":false,"ev":"game","ms":99425,"predicted":false,"t":-1,"tick":5771,"type":"ko"}
[client] {"a":7,"dup":false,"ev":"game","ms":99576,"predicted":false,"t":3,"tick":5780,"type":"hit"}
[client] {"counts":{"blocks_on_me":2,"conf_actions":66,"confirmed_hits":230,"dup_confirmed":0,"hits_on_me":25,"pred_actions":70,"predicted_confirmed":30,"predicted_hits":68,"reconnects":0},"ev":"stats","hp":280.0,"in_bytes":1328395,"late":0,"local_entity":5,"match":{"countdown_until":300,"ctrl":-1,"final":false,"next":"","phase":3,"rot":1694,"scores":[11,1],"sd":false,"state":3,"tick":5506,"zone":"A"},"max_err":1.244,"mean_err":0.0202,"ms":99927,"out_bytes":284563,"pending":4,"pos":[-1.25,23.22],"reconciles":1930,"server_tick":5806,"snaps":1933,"teleports":3}
[client] {"a":7,"dup":false,"ev":"game","ms":100059,"predicted":false,"t":3,"tick":5810,"type":"block"}
[client] {"a":0,"dup":false,"ev":"game","ms":100812,"predicted":false,"t":7,"tick":5854,"type":"hit"}
[client] {"a":3,"dup":false,"ev":"game","ms":100977,"predicted":false,"t":7,"tick":5864,"type":"hit"}
[client] {"a":0,"dup":false,"ev":"game","ms":101108,"predicted":false,"t":7,"tick":5873,"type":"hit"}
[client] {"a":9,"dup":false,"ev":"game","ms":101640,"predicted":false,"t":3,"tick":5904,"type":"hit"}
[client] {"a":2,"dup":false,"ev":"game","ms":102219,"predicted":false,"t":9,"tick":5939,"type":"hit"}
[client] {"a":0,"dup":false,"ev":"game","ms":103620,"predicted":false,"t":9,"tick":6023,"type":"hit"}
[client] {"a":4,"dup":false,"ev":"game","ms":103704,"predicted":false,"t":9,"tick":6028,"type":"hit"}
[client] {"a":0,"dup":false,"ev":"game","ms":104185,"predicted":false,"t":9,"tick":6057,"type":"hit"}
[client] {"a":4,"dup":false,"ev":"game","ms":104386,"predicted":false,"t":9,"tick":6069,"type":"hit"}
[client] {"a":3,"dup":false,"ev":"game","ms":104786,"predicted":false,"t":9,"tick":6093,"type":"hit"}
[client] {"a":0,"dup":false,"ev":"game","ms":104889,"predicted":false,"t":9,"tick":6099,"type":"hit"}
[client] {"counts":{"blocks_on_me":2,"conf_actions":66,"confirmed_hits":241,"dup_confirmed":0,"hits_on_me":25,"pred_actions":70,"predicted_confirmed":30,"predicted_hits":68,"reconnects":0},"ev":"stats","hp":280.0,"in_bytes":1390266,"late":0,"local_entity":5,"match":{"countdown_until":300,"ctrl":-1,"final":false,"next":"","phase":3,"rot":1394,"scores":[11,1],"sd":false,"state":3,"tick":5806,"zone":"A"},"max_err":1.244,"mean_err":0.0192,"ms":104923,"out_bytes":299263,"pending":4,"pos":[-28.78,7.79],"reconciles":2030,"server_tick":6106,"snaps":2033,"teleports":3}
[client] {"a":2,"dup":false,"ev":"game","ms":105904,"predicted":false,"t":9,"tick":6160,"type":"hit"}
[client] {"a":3,"dup":false,"ev":"game","ms":106008,"predicted":false,"t":9,"tick":6166,"type":"hit"}
[client] {"a":4,"dup":false,"ev":"game","ms":106008,"predicted":false,"t":9,"tick":6166,"type":"hit"}
[client] {"a":1,"dup":false,"ev":"game","ms":106056,"predicted":false,"t":-1,"tick":6169,"type":"respawn"}
[client] {"a":3,"dup":false,"ev":"game","ms":108457,"predicted":false,"t":5,"tick":6313,"type":"hit"}
[client] {"a":0,"dup":false,"ev":"game","ms":108906,"predicted":false,"t":5,"tick":6340,"type":"hit"}
[client] {"a":0,"dup":false,"ev":"game","ms":109278,"predicted":false,"t":5,"tick":6362,"type":"hit"}
[client] {"a":2,"dup":false,"ev":"game","ms":109374,"predicted":false,"t":5,"tick":6368,"type":"hit"}
[client] {"a":6,"dup":false,"ev":"game","ms":109423,"predicted":false,"t":-1,"tick":6371,"type":"respawn"}
[client] {"a":4,"dup":false,"ev":"game","ms":109492,"predicted":false,"t":5,"tick":6375,"type":"hit"}
[client] {"a":0,"dup":false,"ev":"game","ms":109609,"predicted":false,"t":5,"tick":6382,"type":"hit"}
[client] {"a":2,"dup":false,"ev":"game","ms":109844,"predicted":false,"t":5,"tick":6396,"type":"hit"}
[client] {"counts":{"blocks_on_me":2,"conf_actions":71,"confirmed_hits":251,"dup_confirmed":0,"hits_on_me":32,"pred_actions":76,"predicted_confirmed":30,"predicted_hits":71,"reconnects":0},"ev":"stats","hp":116.0,"in_bytes":1455431,"late":0,"local_entity":5,"match":{"countdown_until":300,"ctrl":-1,"final":false,"next":"","phase":3,"rot":1094,"scores":[11,1],"sd":false,"state":3,"tick":6106,"zone":"A"},"max_err":1.244,"mean_err":0.0197,"ms":109925,"out_bytes":313963,"pending":4,"pos":[-40.69,-0.43],"reconciles":2130,"server_tick":6406,"snaps":2133,"teleports":3}
[client] {"a":4,"dup":false,"ev":"game","ms":109975,"predicted":false,"t":5,"tick":6404,"type":"hit"}
[client] {"a":0,"dup":false,"ev":"game","ms":110306,"predicted":false,"t":5,"tick":6425,"type":"hit"}
[client] {"a":2,"dup":false,"ev":"game","ms":110789,"predicted":false,"t":5,"tick":6453,"type":"hit"}
[client] {"a":4,"dup":false,"ev":"game","ms":111175,"predicted":false,"t":5,"tick":6476,"type":"hit"}
[client] {"a":8,"dup":false,"ev":"game","ms":111341,"predicted":false,"t":2,"tick":6487,"type":"hit"}
[client] {"a":5,"dup":true,"ev":"game","ms":111479,"predicted":false,"t":4,"tick":6500,"type":"hit"}
[client] {"a":5,"dup":false,"ev":"game","ms":111879,"predicted":false,"t":4,"tick":6523,"type":"block"}
[client] {"a":8,"dup":false,"ev":"game","ms":112224,"predicted":false,"t":2,"tick":6539,"type":"hit"}
[client] {"a":5,"dup":false,"ev":"game","ms":112246,"predicted":false,"t":4,"tick":6546,"type":"block"}
[client] {"a":8,"dup":false,"ev":"game","ms":112259,"predicted":false,"t":3,"tick":6541,"type":"hit"}
[client] {"a":8,"dup":false,"ev":"game","ms":112293,"predicted":false,"t":4,"tick":6544,"type":"block"}
[client] {"a":7,"dup":false,"ev":"game","ms":112798,"predicted":false,"t":2,"tick":6574,"type":"hit"}
[client] {"a":5,"dup":false,"ev":"game","ms":112880,"predicted":false,"t":4,"tick":6583,"type":"block"}
[client] {"a":0,"dup":false,"ev":"game","ms":113095,"predicted":false,"t":5,"tick":6592,"type":"hit"}
[client] {"a":8,"dup":false,"ev":"game","ms":113397,"predicted":false,"t":4,"tick":6610,"type":"block"}
[client] {"a":0,"dup":false,"ev":"game","ms":113645,"predicted":false,"t":8,"tick":6625,"type":"hit"}
[client] {"a":5,"dup":false,"ev":"game","ms":113881,"predicted":false,"t":-1,"tick":6644,"type":"ko"}
[client] {"a":0,"dup":false,"ev":"game","ms":113908,"predicted":false,"t":8,"tick":6641,"type":"hit"}
[client] {"a":0,"dup":false,"ev":"game","ms":113963,"predicted":false,"t":5,"tick":6644,"type":"hit"}
[client] {"counts":{"blocks_on_me":2,"conf_actions":78,"confirmed_hits":264,"dup_confirmed":0,"hits_on_me":38,"pred_actions":84,"predicted_confirmed":31,"predicted_hits":80,"reconnects":0},"ev":"stats","hp":0.0,"in_bytes":1526571,"late":0,"local_entity":5,"match":{"countdown_until":300,"ctrl":-1,"final":false,"next":"C","phase":3,"rot":794,"scores":[11,1],"sd":false,"state":3,"tick":6406,"zone":"A"},"max_err":1.244,"mean_err":0.02,"ms":114928,"out_bytes":328663,"pending":4,"pos":[-39.33,-1.46],"reconciles":2230,"server_tick":6706,"snaps":2233,"teleports":3}
[client] {"a":4,"dup":false,"ev":"game","ms":117958,"predicted":false,"t":6,"tick":6883,"type":"hit"}
[client] {"a":3,"dup":false,"ev":"game","ms":119490,"predicted":false,"t":7,"tick":6975,"type":"hit"}
[client] {"counts":{"blocks_on_me":2,"conf_actions":78,"confirmed_hits":266,"dup_confirmed":0,"hits_on_me":38,"pred_actions":84,"predicted_confirmed":31,"predicted_hits":80,"reconnects":0},"ev":"stats","hp":0.0,"in_bytes":1592107,"late":0,"local_entity":5,"match":{"countdown_until":300,"ctrl":-1,"final":false,"next":"C","phase":3,"rot":494,"scores":[14,1],"sd":false,"state":3,"tick":6706,"zone":"A"},"max_err":1.244,"mean_err":0.0192,"ms":119923,"out_bytes":343363,"pending":4,"pos":[-39.33,-1.46],"reconciles":2330,"server_tick":7006,"snaps":2333,"teleports":3}
[client] {"a":7,"dup":false,"ev":"game","ms":120242,"predicted":false,"t":3,"tick":7020,"type":"hit"}
[client] {"a":1,"dup":false,"ev":"game","ms":120869,"predicted":false,"t":6,"tick":7058,"type":"hit"}
[client] {"a":1,"dup":false,"ev":"game","ms":121187,"predicted":false,"t":6,"tick":7077,"type":"hit"}
[client] {"a":0,"dup":false,"ev":"game","ms":121235,"predicted":false,"t":6,"tick":7080,"type":"hit"}
[client] {"a":4,"dup":false,"ev":"game","ms":121269,"predicted":false,"t":6,"tick":7082,"type":"hit"}
[client] {"a":0,"dup":false,"ev":"game","ms":121469,"predicted":false,"t":6,"tick":7094,"type":"hit"}
[client] {"a":1,"dup":false,"ev":"game","ms":121518,"predicted":false,"t":6,"tick":7097,"type":"hit"}
[client] {"a":6,"dup":false,"ev":"game","ms":122015,"predicted":false,"t":4,"tick":7127,"type":"hit"}
[client] {"a":1,"dup":false,"ev":"game","ms":122298,"predicted":false,"t":6,"tick":7144,"type":"hit"}
[client] {"a":5,"dup":false,"ev":"game","ms":123884,"predicted":false,"t":-1,"tick":7244,"type":"respawn"}
[client] {"a":0,"dup":false,"ev":"game","ms":124637,"predicted":false,"t":6,"tick":7284,"type":"hit"}
[client] {"a":4,"dup":false,"ev":"game","ms":124733,"predicted":false,"t":6,"tick":7290,"type":"hit"}
[client] {"counts":{"blocks_on_me":2,"conf_actions":78,"confirmed_hits":277,"dup_confirmed":0,"hits_on_me":38,"pred_actions":84,"predicted_confirmed":31,"predicted_hits":80,"reconnects":0},"ev":"stats","hp":280.0,"in_bytes":1657112,"late":0,"local_entity":5,"match":{"countdown_until":300,"ctrl":-1,"final":false,"next":"C","phase":3,"rot":194,"scores":[14,1],"sd":false,"state":3,"tick":7006,"zone":"A"},"max_err":1.244,"mean_err":0.0184,"ms":124918,"out_bytes":358063,"pending":4,"pos":[-7.85,42.21],"reconciles":2429,"server_tick":7306,"snaps":2433,"teleports":4}
[client] {"a":6,"dup":false,"ev":"game","ms":125071,"predicted":false,"t":4,"tick":7310,"type":"hit"}
[client] {"a":6,"dup":false,"ev":"game","ms":125120,"predicted":false,"t":0,"tick":7313,"type":"hit"}
[client] {"a":6,"dup":false,"ev":"game","ms":125334,"predicted":false,"t":4,"tick":7326,"type":"hit"}
[client] {"a":6,"dup":false,"ev":"game","ms":125389,"predicted":false,"t":0,"tick":7329,"type":"hit"}
[client] {"a":1,"dup":false,"ev":"game","ms":125920,"predicted":false,"t":6,"tick":7361,"type":"hit"}
[client] {"a":6,"dup":false,"ev":"game","ms":125921,"predicted":false,"t":-1,"tick":7361,"type":"ko"}
[client] {"a":9,"dup":false,"ev":"game","ms":127817,"predicted":false,"t":3,"tick":7475,"type":"hit"}
[client] {"a":-1,"dup":false,"ev":"game","ms":128217,"predicted":false,"t":-1,"tick":7499,"type":"zone_rotated"}
[client] {"a":9,"dup":false,"ev":"game","ms":128307,"predicted":false,"t":3,"tick":7504,"type":"hit"}
[client] {"counts":{"blocks_on_me":2,"conf_actions":78,"confirmed_hits":284,"dup_confirmed":0,"hits_on_me":38,"pred_actions":84,"predicted_confirmed":31,"predicted_hits":80,"reconnects":0},"ev":"stats","hp":280.0,"in_bytes":1719090,"late":0,"local_entity":5,"match":{"countdown_until":300,"ctrl":0,"final":false,"next":"","phase":3,"rot":3494,"scores":[17,1],"sd":false,"state":2,"tick":7306,"zone":"C"},"max_err":1.244,"mean_err":0.0177,"ms":129921,"out_bytes":372763,"pending":4,"pos":[-23.46,20.06],"reconciles":2527,"server_tick":7606,"snaps":2531,"teleports":4}
[client] {"a":8,"dup":false,"ev":"game","ms":133035,"predicted":false,"t":2,"tick":7788,"type":"hit"}
[client] {"a":2,"dup":false,"ev":"game","ms":134635,"predicted":false,"t":8,"tick":7884,"type":"hit"}
[client] {"counts":{"blocks_on_me":2,"conf_actions":78,"confirmed_hits":286,"dup_confirmed":0,"hits_on_me":38,"pred_actions":84,"predicted_confirmed":31,"predicted_hits":80,"reconnects":0},"ev":"stats","hp":280.0,"in_bytes":1778906,"late":0,"local_entity":5,"match":{"countdown_until":300,"ctrl":-1,"final":false,"next":"","phase":3,"rot":3194,"scores":[18,1],"sd":false,"state":1,"tick":7606,"zone":"C"},"max_err":1.244,"mean_err":0.017,"ms":134918,"out_bytes":387463,"pending":4,"pos":[4.44,7.39],"reconciles":2627,"server_tick":7906,"snaps":2631,"teleports":4}
[client] {"a":2,"dup":false,"ev":"game","ms":135236,"predicted":false,"t":8,"tick":7920,"type":"block"}
[client] {"a":8,"dup":false,"ev":"game","ms":135767,"predicted":false,"t":2,"tick":7952,"type":"block"}
[client] {"a":6,"dup":false,"ev":"game","ms":135919,"predicted":false,"t":-1,"tick":7961,"type":"respawn"}
[client] {"a":2,"dup":false,"ev":"game","ms":136671,"predicted":false,"t":8,"tick":8006,"type":"hit"}
[client] {"a":8,"dup":false,"ev":"game","ms":138072,"predicted":false,"t":2,"tick":8090,"type":"hit"}
[client] {"a":2,"dup":false,"ev":"game","ms":138403,"predicted":false,"t":8,"tick":8110,"type":"hit"}
[client] {"a":9,"dup":false,"ev":"game","ms":138541,"predicted":false,"t":2,"tick":8118,"type":"hit"}
[client] {"a":8,"dup":false,"ev":"game","ms":138769,"predicted":false,"t":2,"tick":8132,"type":"hit"}
[client] {"a":0,"dup":false,"ev":"game","ms":138940,"predicted":false,"t":9,"tick":8141,"type":"hit"}
[client] {"a":1,"dup":false,"ev":"game","ms":138952,"predicted":false,"t":7,"tick":8143,"type":"hit"}
[client] {"a":2,"dup":false,"ev":"game","ms":139104,"predicted":false,"t":8,"tick":8152,"type":"hit"}
[client] {"a":7,"dup":false,"ev":"game","ms":139305,"predicted":false,"t":2,"tick":8164,"type":"hit"}
[client] {"a":1,"dup":false,"ev":"game","ms":139352,"predicted":false,"t":7,"tick":8167,"type":"hit"}
[client] {"a":1,"dup":false,"ev":"game","ms":139587,"predicted":false,"t":7,"tick":8181,"type":"hit"}
[client] {"a":0,"dup":false,"ev":"game","ms":139718,"predicted":false,"t":9,"tick":8189,"type":"hit"}
[client] {"counts":{"blocks_on_me":2,"conf_actions":78,"confirmed_hits":298,"dup_confirmed":0,"hits_on_me":38,"pred_actions":84,"predicted_confirmed":31,"predicted_hits":80,"reconnects":0},"ev":"stats","hp":280.0,"in_bytes":1845437,"late":0,"local_entity":5,"match":{"countdown_until":300,"ctrl":-1,"final":false,"next":"","phase":3,"rot":2894,"scores":[18,1],"sd":false,"state":3,"tick":7906,"zone":"C"},"max_err":1.244,"mean_err":0.0165,"ms":139917,"out_bytes":402163,"pending":7,"pos":[36.46,2.23],"reconciles":2726,"server_tick":8206,"snaps":2731,"teleports":4}
[client] {"a":2,"dup":false,"ev":"game","ms":140035,"predicted":false,"t":8,"tick":8208,"type":"hit"}
[client] {"a":1,"dup":false,"ev":"game","ms":140083,"predicted":false,"t":7,"tick":8211,"type":"hit"}
[client] {"a":0,"dup":false,"ev":"game","ms":140387,"predicted":false,"t":9,"tick":8229,"type":"hit"}
[client] {"a":7,"dup":false,"ev":"game","ms":140435,"predicted":false,"t":2,"tick":8232,"type":"block"}
[client] {"a":8,"dup":false,"ev":"game","ms":140753,"predicted":false,"t":1,"tick":8251,"type":"hit"}
[client] {"a":7,"dup":false,"ev":"game","ms":141436,"predicted":false,"t":2,"tick":8292,"type":"hit"}
[client] {"a":7,"dup":false,"ev":"game","ms":142002,"predicted":false,"t":2,"tick":8326,"type":"hit"}
[client] {"a":1,"dup":false,"ev":"game","ms":142105,"predicted":false,"t":5,"tick":8332,"type":"hit"}
[client] {"a":5,"dup":true,"ev":"game","ms":142423,"predicted":false,"t":1,"tick":8356,"type":"hit"}
[client] {"a":7,"dup":false,"ev":"game","ms":142554,"predicted":false,"t":2,"tick":8359,"type":"hit"}
[client] {"a":8,"dup":false,"ev":"game","ms":142768,"predicted":false,"t":4,"tick":8372,"type":"hit"}
[client] {"a":5,"dup":true,"ev":"game","ms":142803,"predicted":false,"t":1,"tick":8379,"type":"hit"}
[client] {"a":9,"dup":false,"ev":"game","ms":142851,"predicted":false,"t":1,"tick":8377,"type":"hit"}
[client] {"a":5,"dup":true,"ev":"game","ms":143120,"predicted":false,"t":1,"tick":8398,"type":"hit"}
[client] {"a":8,"dup":false,"ev":"game","ms":143271,"predicted":false,"t":4,"tick":8402,"type":"block"}
[client] {"a":3,"dup":false,"ev":"game","ms":143389,"predicted":false,"t":8,"tick":8409,"type":"hit"}
[client] {"a":0,"dup":false,"ev":"game","ms":143554,"predicted":false,"t":5,"tick":8419,"type":"hit"}
[client] {"a":1,"dup":false,"ev":"game","ms":143555,"predicted":false,"t":9,"tick":8419,"type":"hit"}
[client] {"a":7,"dup":false,"ev":"game","ms":143807,"predicted":false,"t":2,"tick":8434,"type":"hit"}
[client] {"a":7,"dup":false,"ev":"game","ms":144675,"predicted":false,"t":3,"tick":8487,"type":"hit"}
[client] {"a":5,"dup":true,"ev":"game","ms":144875,"predicted":false,"t":1,"tick":8504,"type":"hit"}
[client] {"counts":{"blocks_on_me":2,"conf_actions":84,"confirmed_hits":317,"dup_confirmed":0,"hits_on_me":40,"pred_actions":90,"predicted_confirmed":35,"predicted_hits":86,"reconnects":0},"ev":"stats","hp":232.0,"in_bytes":1918950,"late":0,"local_entity":5,"match":{"countdown_until":300,"ctrl":-1,"final":false,"next":"","phase":3,"rot":2594,"scores":[18,1],"sd":false,"state":3,"tick":8206,"zone":"C"},"max_err":2.215,"mean_err":0.017,"ms":144922,"out_bytes":416863,"pending":7,"pos":[40.49,0.79],"reconciles":2826,"server_tick":8506,"snaps":2831,"teleports":4}
[client] {"a":3,"dup":false,"ev":"game","ms":145110,"predicted":false,"t":7,"tick":8513,"type":"hit"}
[client] {"a":0,"dup":false,"ev":"game","ms":145454,"predicted":false,"t":5,"tick":8534,"type":"hit"}
[client] {"a":3,"dup":false,"ev":"game","ms":145640,"predicted":false,"t":7,"tick":8545,"type":"block"}
[client] {"a":4,"dup":false,"ev":"game","ms":145759,"predicted":false,"t":7,"tick":8552,"type":"hit"}
[client] {"a":6,"dup":false,"ev":"game","ms":146027,"predicted":false,"t":0,"tick":8567,"type":"hit"}
[client] {"a":6,"dup":false,"ev":"game","ms":146344,"predicted":false,"t":1,"tick":8586,"type":"hit"}
[client] {"a":8,"dup":false,"ev":"game","ms":146344,"predicted":false,"t":3,"tick":8586,"type":"hit"}
[client] {"a":6,"dup":false,"ev":"game","ms":146358,"predicted":false,"t":0,"tick":8587,"type":"hit"}
[client] {"a":9,"dup":false,"ev":"game","ms":146489,"predicted":false,"t":2,"tick":8595,"type":"hit"}
[client] {"a":7,"dup":false,"ev":"game","ms":146544,"predicted":false,"t":3,"tick":8598,"type":"hit"}
[client] {"a":1,"dup":false,"ev":"game","ms":146723,"predicted":false,"t":6,"tick":8609,"type":"hit"}
[client] {"a":1,"dup":false,"ev":"game","ms":146944,"predicted":false,"t":5,"tick":8622,"type":"hit"}
[client] {"a":1,"dup":false,"ev":"game","ms":146958,"predicted":false,"t":6,"tick":8623,"type":"hit"}
[client] {"a":3,"dup":false,"ev":"game","ms":147227,"predicted":false,"t":9,"tick":8639,"type":"hit"}
[client] {"a":8,"dup":false,"ev":"game","ms":147476,"predicted":false,"t":3,"tick":8654,"type":"hit"}
[client] {"a":6,"dup":false,"ev":"game","ms":147490,"predicted":false,"t":1,"tick":8655,"type":"hit"}
[client] {"a":5,"dup":true,"ev":"game","ms":147524,"predicted":false,"t":1,"tick":8662,"type":"hit"}
[client] {"a":0,"dup":false,"ev":"game","ms":147842,"predicted":false,"t":5,"tick":8676,"type":"hit"}
[client] {"a":8,"dup":false,"ev":"game","ms":147945,"predicted":false,"t":3,"tick":8682,"type":"block"}
[client] {"a":1,"dup":false,"ev":"game","ms":147960,"predicted":false,"t":5,"tick":8683,"type":"hit"}
[client] {"a":6,"dup":false,"ev":"game","ms":148146,"predicted":false,"t":0,"tick":8694,"type":"hit"}
[client] {"a":6,"dup":false,"ev":"game","ms":148146,"predicted":false,"t":1,"tick":8694,"type":"hit"}
[client] {"a":1,"dup":false,"ev":"game","ms":148146,"predicted":false,"t":-1,"tick":8694,"type":"ko"}
[client] {"a":8,"dup":false,"ev":"game","ms":148394,"predicted":false,"t":3,"tick":8709,"type":"block"}
[client] {"a":7,"dup":false,"ev":"game","ms":148546,"predicted":false,"t":3,"tick":8719,"type":"block"}
[client] {"a":6,"dup":false,"ev":"game","ms":149194,"predicted":false,"t":0,"tick":8758,"type":"hit"}
[client] {"a":8,"dup":false,"ev":"game","ms":149194,"predicted":false,"t":3,"tick":8758,"type":"block"}
[client] {"a":8,"dup":false,"ev":"game","ms":149194,"predicted":false,"t":4,"tick":8758,"type":"hit"}
[client] {"a":6,"dup":false,"ev":"game","ms":149547,"predicted":false,"t":0,"tick":8778,"type":"hit"}
[client] {"a":3,"dup":false,"ev":"game","ms":149794,"predicted":false,"t":7,"tick":8794,"type":"hit"}
[client] {"a":3,"dup":false,"ev":"game","ms":149794,"predicted":false,"t":8,"tick":8794,"type":"hit"}
[client] {"a":6,"dup":false,"ev":"game","ms":149877,"predicted":false,"t":0,"tick":8798,"type":"hit"}
[client] {"counts":{"blocks_on_me":2,"conf_actions":91,"confirmed_hits":343,"dup_confirmed":0,"hits_on_me":44,"pred_actions":99,"predicted_confirmed":36,"predicted_hits":90,"reconnects":0},"ev":"stats","hp":138.0,"in_bytes":1996996,"late":0,"local_entity":5,"match":{"countdown_until":300,"ctrl":-1,"final":false,"next":"","phase":3,"rot":2294,"scores":[18,1],"sd":false,"state":3,"tick":8506,"zone":"C"},"max_err":2.215,"mean_err":0.0177,"ms":149924,"out_bytes":431563,"pending":7,"pos":[41.67,0.22],"reconciles":2926,"server_tick":8806,"snaps":2931,"teleports":4}
[client] {"a":3,"dup":false,"ev":"game","ms":150387,"predicted":false,"t":8,"tick":8829,"type":"block"}
[client] {"a":6,"dup":false,"ev":"game","ms":150470,"predicted":false,"t":0,"tick":8834,"type":"hit"}
[client] {"a":4,"dup":false,"ev":"game","ms":150505,"predicted":false,"t":8,"tick":8836,"type":"hit"}
[client] {"a":0,"dup":false,"ev":"game","ms":150884,"predicted":false,"t":6,"tick":8859,"type":"hit"}
[client] {"a":3,"dup":false,"ev":"game","ms":151167,"predicted":false,"t":7,"tick":8876,"type":"hit"}
[client] {"a":3,"dup":false,"ev":"game","ms":151167,"predicted":false,"t":8,"tick":8876,"type":"hit"}
[client] {"a":6,"dup":false,"ev":"game","ms":151554,"predicted":false,"t":0,"tick":8899,"type":"hit"}
[client] {"a":7,"dup":false,"ev":"game","ms":152119,"predicted":false,"t":3,"tick":8933,"type":"hit"}
[client] {"a":6,"dup":false,"ev":"game","ms":152471,"predicted":false,"t":4,"tick":8954,"type":"hit"}
[client] {"a":6,"dup":false,"ev":"game","ms":152823,"predicted":false,"t":4,"tick":8976,"type":"hit"}
[client] {"a":6,"dup":false,"ev":"game","ms":153223,"predicted":false,"t":4,"tick":9000,"type":"block"}
[client] {"a":6,"dup":false,"ev":"game","ms":153803,"predicted":false,"t":4,"tick":9035,"type":"block"}
[client] {"a":4,"dup":false,"ev":"game","ms":154086,"predicted":false,"t":6,"tick":9052,"type":"hit"}
[client] {"counts":{"blocks_on_me":2,"conf_actions":100,"confirmed_hits":353,"dup_confirmed":0,"hits_on_me":44,"pred_actions":107,"predicted_confirmed":36,"predicted_hits":91,"reconnects":0},"ev":"stats","hp":138.0,"in_bytes":2065552,"late":0,"local_entity":5,"match":{"countdown_until":300,"ctrl":-1,"final":false,"next":"","phase":3,"rot":1994,"scores":[18,1],"sd":false,"state":3,"tick":8806,"zone":"C"},"max_err":2.215,"mean_err":0.0175,"ms":154920,"out_bytes":446263,"pending":7,"pos":[41.56,-0.9],"reconciles":3026,"server_tick":9106,"snaps":3031,"teleports":4}
[client] {"a":0,"dup":false,"ev":"game","ms":155024,"predicted":false,"t":5,"tick":9108,"type":"hit"}
[client] {"a":0,"dup":false,"ev":"game","ms":155459,"predicted":false,"t":5,"tick":9133,"type":"block"}
[client] {"a":2,"dup":false,"ev":"game","ms":156191,"predicted":false,"t":7,"tick":9177,"type":"hit"}
[client] {"a":7,"dup":false,"ev":"game","ms":156543,"predicted":false,"t":2,"tick":9198,"type":"hit"}
[client] {"a":0,"dup":false,"ev":"game","ms":156791,"predicted":false,"t":5,"tick":9213,"type":"block"}
[client] {"a":0,"dup":false,"ev":"game","ms":156860,"predicted":false,"t":6,"tick":9217,"type":"hit"}
[client] {"a":4,"dup":false,"ev":"game","ms":157225,"predicted":false,"t":6,"tick":9239,"type":"hit"}
[client] {"a":6,"dup":false,"ev":"game","ms":157625,"predicted":false,"t":4,"tick":9264,"type":"hit"}
[client] {"a":0,"dup":false,"ev":"game","ms":157688,"predicted":false,"t":5,"tick":9267,"type":"block"}
[client] {"a":7,"dup":false,"ev":"game","ms":157722,"predicted":false,"t":2,"tick":9269,"type":"hit"}
[client] {"a":1,"dup":false,"ev":"game","ms":158144,"predicted":false,"t":-1,"tick":9294,"type":"respawn"}
[client] {"a":0,"dup":false,"ev":"game","ms":158309,"predicted":false,"t":5,"tick":9304,"type":"block"}
[client] {"a":0,"dup":false,"ev":"game","ms":158626,"predicted":false,"t":5,"tick":9324,"type":"hit"}
[client] {"a":4,"dup":false,"ev":"game","ms":158840,"predicted":false,"t":6,"tick":9337,"type":"hit"}
[client] {"a":9,"dup":false,"ev":"game","ms":158958,"predicted":false,"t":4,"tick":9343,"type":"hit"}
[client] {"a":2,"dup":false,"ev":"game","ms":159110,"predicted":false,"t":7,"tick":9352,"type":"hit"}
[client] {"a":5,"dup":true,"ev":"game","ms":159192,"predicted":false,"t":0,"tick":9363,"type":"hit"}
[client] {"a":4,"dup":false,"ev":"game","ms":159792,"predicted":false,"t":5,"tick":9393,"type":"hit"}
[client] {"counts":{"blocks_on_me":6,"conf_actions":103,"confirmed_hits":366,"dup_confirmed":0,"hits_on_me":47,"pred_actions":111,"predicted_confirmed":37,"predicted_hits":94,"reconnects":0},"ev":"stats","hp":84.0,"in_bytes":2137958,"late":0,"local_entity":5,"match":{"countdown_until":300,"ctrl":-1,"final":false,"next":"","phase":3,"rot":1694,"scores":[18,1],"sd":false,"state":3,"tick":9106,"zone":"C"},"max_err":2.215,"mean_err":0.018,"ms":159922,"out_bytes":460963,"pending":7,"pos":[41.71,-0.84],"reconciles":3126,"server_tick":9406,"snaps":3131,"teleports":4}
[client] {"a":4,"dup":false,"ev":"game","ms":160241,"predicted":false,"t":5,"tick":9421,"type":"hit"}
[client] {"a":2,"dup":false,"ev":"game","ms":160393,"predicted":false,"t":7,"tick":9429,"type":"hit"}
[client] {"a":6,"dup":false,"ev":"game","ms":160407,"predicted":false,"t":4,"tick":9431,"type":"hit"}
[client] {"a":0,"dup":false,"ev":"game","ms":160593,"predicted":false,"t":5,"tick":9441,"type":"hit"}
[client] {"a":6,"dup":false,"ev":"game","ms":160675,"predicted":false,"t":4,"tick":9446,"type":"hit"}
[client] {"a":0,"dup":false,"ev":"game","ms":161511,"predicted":false,"t":6,"tick":9496,"type":"hit"}
[client] {"a":6,"dup":false,"ev":"game","ms":161924,"predicted":false,"t":0,"tick":9521,"type":"hit"}
[client] {"a":0,"dup":false,"ev":"game","ms":161924,"predicted":false,"t":-1,"tick":9521,"type":"ko"}
[client] {"counts":{"blocks_on_me":6,"conf_actions":106,"confirmed_hits":373,"dup_confirmed":0,"hits_on_me":49,"pred_actions":115,"predicted_confirmed":37,"predicted_hits":96,"reconnects":0},"ev":"stats","hp":28.0,"in_bytes":2202189,"late":0,"local_entity":5,"match":{"countdown_until":300,"ctrl":1,"final":false,"next":"","phase":3,"rot":1394,"scores":[18,3],"sd":false,"state":2,"tick":9406,"zone":"C"},"max_err":2.215,"mean_err":0.0182,"ms":164925,"out_bytes":475663,"pending":7,"pos":[41.66,-0.34],"reconciles":3226,"server_tick":9706,"snaps":3231,"teleports":4}
[client] {"a":1,"dup":false,"ev":"game","ms":167541,"predicted":false,"t":8,"tick":9858,"type":"hit"}
[client] {"a":1,"dup":false,"ev":"game","ms":167907,"predicted":false,"t":8,"tick":9880,"type":"hit"}
[client] {"a":1,"dup":false,"ev":"game","ms":168224,"predicted":false,"t":8,"tick":9899,"type":"block"}
[client] {"a":7,"dup":false,"ev":"game","ms":168307,"predicted":false,"t":2,"tick":9904,"type":"hit"}
[client] {"a":1,"dup":false,"ev":"game","ms":168604,"predicted":false,"t":8,"tick":9922,"type":"block"}
[client] {"a":1,"dup":false,"ev":"game","ms":168838,"predicted":false,"t":8,"tick":9936,"type":"block"}
[client] {"a":1,"dup":false,"ev":"game","ms":169321,"predicted":false,"t":8,"tick":9965,"type":"hit"}
[client] {"a":7,"dup":false,"ev":"game","ms":169873,"predicted":false,"t":3,"tick":9998,"type":"hit"}
[client] {"counts":{"blocks_on_me":6,"conf_actions":106,"confirmed_hits":378,"dup_confirmed":0,"hits_on_me":49,"pred_actions":115,"predicted_confirmed":37,"predicted_hits":96,"reconnects":0},"ev":"stats","hp":74.1999999999996,"in_bytes":2262772,"late":0,"local_entity":5,"match":{"countdown_until":300,"ctrl":1,"final":false,"next":"","phase":3,"rot":1094,"scores":[18,8],"sd":false,"state":2,"tick":9706,"zone":"C"},"max_err":2.215,"mean_err":0.0177,"ms":169920,"out_bytes":490363,"pending":7,"pos":[41.66,-0.34],"reconciles":3323,"server_tick":10006,"snaps":3328,"teleports":4}
[client] {"a":3,"dup":false,"ev":"game","ms":171777,"predicted":false,"t":7,"tick":10112,"type":"hit"}
[client] {"a":0,"dup":false,"ev":"game","ms":171908,"predicted":false,"t":-1,"tick":10121,"type":"respawn"}
[client] {"a":1,"dup":false,"ev":"game","ms":172378,"predicted":false,"t":5,"tick":10148,"type":"hit"}
[client] {"a":3,"dup":false,"ev":"game","ms":172723,"predicted":false,"t":7,"tick":10170,"type":"hit"}
[client] {"a":1,"dup":false,"ev":"game","ms":173096,"predicted":false,"t":6,"tick":10191,"type":"hit"}
[client] {"a":5,"dup":true,"ev":"game","ms":173559,"predicted":false,"t":1,"tick":10224,"type":"hit"}
[client] {"a":8,"dup":false,"ev":"game","ms":173978,"predicted":false,"t":1,"tick":10245,"type":"hit"}
[client] {"a":9,"dup":false,"ev":"game","ms":174158,"predicted":false,"t":1,"tick":10256,"type":"hit"}
[client] {"a":6,"dup":false,"ev":"game","ms":174262,"predicted":false,"t":1,"tick":10262,"type":"hit"}
[client] {"a":1,"dup":false,"ev":"game","ms":174862,"predicted":false,"t":8,"tick":10298,"type":"hit"}
[client] {"a":1,"dup":false,"ev":"game","ms":174896,"predicted":false,"t":9,"tick":10300,"type":"hit"}
[client] {"counts":{"blocks_on_me":6,"conf_actions":111,"confirmed_hits":388,"dup_confirmed":0,"hits_on_me":50,"pred_actions":120,"predicted_confirmed":38,"predicted_hits":97,"reconnects":0},"ev":"stats","hp":75.4999999999992,"in_bytes":2330199,"late":0,"local_entity":5,"match":{"countdown_until":300,"ctrl":-1,"final":false,"next":"B","phase":3,"rot":794,"scores":[18,9],"sd":false,"state":3,"tick":10006,"zone":"C"},"max_err":2.215,"mean_err":0.0178,"ms":174923,"out_bytes":505063,"pending":7,"pos":[41.42,-0.83],"reconciles":3423,"server_tick":10306,"snaps":3428,"teleports":4}
[client] {"a":4,"dup":false,"ev":"game","ms":175158,"predicted":false,"t":8,"tick":10316,"type":"hit"}
[client] {"a":4,"dup":false,"ev":"game","ms":175179,"predicted":false,"t":9,"tick":10317,"type":"hit"}
[client] {"a":1,"dup":false,"ev":"game","ms":175193,"predicted":false,"t":8,"tick":10318,"type":"hit"}
[client] {"a":6,"dup":false,"ev":"game","ms":176228,"predicted":false,"t":1,"tick":10380,"type":"hit"}
[client] {"a":1,"dup":false,"ev":"game","ms":176960,"predicted":false,"t":5,"tick":10423,"type":"hit"}
[client] {"a":9,"dup":false,"ev":"game","ms":177228,"predicted":false,"t":4,"tick":10439,"type":"hit"}
[client] {"a":5,"dup":true,"ev":"game","ms":177264,"predicted":false,"t":1,"tick":10446,"type":"hit"}
[client] {"a":6,"dup":false,"ev":"game","ms":177580,"predicted":false,"t":1,"tick":10460,"type":"hit"}
[client] {"a":9,"dup":false,"ev":"game","ms":177843,"predicted":false,"t":1,"tick":10476,"type":"hit"}
[client] {"a":9,"dup":false,"ev":"game","ms":177843,"predicted":false,"t":4,"tick":10476,"type":"hit"}
[client] {"a":1,"dup":false,"ev":"game","ms":178194,"predicted":false,"t":9,"tick":10497,"type":"hit"}
[client] {"a":9,"dup":false,"ev":"game","ms":179422,"predicted":false,"t":1,"tick":10571,"type":"hit"}
[client] {"a":4,"dup":false,"ev":"game","ms":179609,"predicted":false,"t":9,"tick":10582,"type":"hit"}
[client] {"counts":{"blocks_on_me":6,"conf_actions":116,"confirmed_hits":401,"dup_confirmed":0,"hits_on_me":51,"pred_actions":125,"predicted_confirmed":39,"predicted_hits":99,"reconnects":0},"ev":"stats","hp":57.4999999999992,"in_bytes":2401850,"late":0,"local_entity":5,"match":{"countdown_until":300,"ctrl":-1,"final":false,"next":"B","phase":3,"rot":494,"scores":[18,9],"sd":false,"state":3,"tick":10306,"zone":"C"},"max_err":2.215,"mean_err":0.0177,"ms":179925,"out_bytes":519763,"pending":7,"pos":[41.69,-0.5],"reconciles":3523,"server_tick":10606,"snaps":3528,"teleports":4}
[client] {"a":4,"dup":false,"ev":"game","ms":180071,"predicted":false,"t":9,"tick":10610,"type":"hit"}
[client] {"a":9,"dup":false,"ev":"game","ms":180872,"predicted":false,"t":1,"tick":10658,"type":"hit"}
[client] {"a":1,"dup":false,"ev":"game","ms":181272,"predicted":false,"t":9,"tick":10682,"type":"hit"}
[client] {"a":1,"dup":false,"ev":"game","ms":181610,"predicted":false,"t":9,"tick":10702,"type":"block"}
[client] {"a":4,"dup":false,"ev":"game","ms":181706,"predicted":false,"t":5,"tick":10708,"type":"hit"}
[client] {"a":5,"dup":true,"ev":"game","ms":182059,"predicted":false,"t":4,"tick":10734,"type":"hit"}
[client] {"a":1,"dup":false,"ev":"game","ms":182260,"predicted":false,"t":9,"tick":10741,"type":"hit"}
[client] {"a":6,"dup":false,"ev":"game","ms":182541,"predicted":false,"t":4,"tick":10758,"type":"block"}
[client] {"a":5,"dup":true,"ev":"game","ms":182811,"predicted":false,"t":4,"tick":10780,"type":"hit"}
[client] {"a":5,"dup":false,"ev":"game","ms":182860,"predicted":false,"t":0,"tick":10783,"type":"hit"}
[client] {"a":5,"dup":false,"ev":"game","ms":183260,"predicted":false,"t":4,"tick":10806,"type":"block"}
[client] {"a":6,"dup":false,"ev":"game","ms":183273,"predicted":false,"t":4,"tick":10802,"type":"block"}
[client] {"a":0,"dup":false,"ev":"game","ms":183424,"predicted":false,"t":5,"tick":10811,"type":"hit"}
[client] {"a":5,"dup":false,"ev":"game","ms":183728,"predicted":false,"t":4,"tick":10835,"type":"block"}
[client] {"a":5,"dup":false,"ev":"game","ms":183956,"predicted":false,"t":-1,"tick":10848,"type":"ko"}
[client] {"a":0,"dup":false,"ev":"game","ms":184039,"predicted":false,"t":5,"tick":10848,"type":"hit"}
[client] {"counts":{"blocks_on_me":6,"conf_actions":120,"confirmed_hits":411,"dup_confirmed":0,"hits_on_me":54,"pred_actions":131,"predicted_confirmed":41,"predicted_hits":106,"reconnects":0},"ev":"stats","hp":0.0,"in_bytes":2472539,"late":0,"local_entity":5,"match":{"countdown_until":300,"ctrl":-1,"final":false,"next":"B","phase":3,"rot":194,"scores":[18,9],"sd":false,"state":3,"tick":10606,"zone":"C"},"max_err":2.215,"mean_err":0.0175,"ms":184928,"out_bytes":534463,"pending":7,"pos":[40.35,-1.53],"reconciles":3623,"server_tick":10906,"snaps":3628,"teleports":4}
[client] {"a":6,"dup":false,"ev":"game","ms":185777,"predicted":false,"t":2,"tick":10952,"type":"hit"}
[client] {"a":6,"dup":false,"ev":"game","ms":186840,"predicted":false,"t":2,"tick":11016,"type":"hit"}
[client] {"a":3,"dup":false,"ev":"game","ms":187123,"predicted":false,"t":7,"tick":11033,"type":"block"}
[client] {"a":3,"dup":false,"ev":"game","ms":187689,"predicted":false,"t":7,"tick":11067,"type":"block"}
[client] {"a":6,"dup":false,"ev":"game","ms":187869,"predicted":false,"t":2,"tick":11078,"type":"block"}
[client] {"a":-1,"dup":false,"ev":"game","ms":188220,"predicted":false,"t":-1,"tick":11099,"type":"zone_rotated"}
[client] {"a":8,"dup":false,"ev":"game","ms":188690,"predicted":false,"t":3,"tick":11127,"type":"hit"}
[client] {"a":4,"dup":false,"ev":"game","ms":188869,"predicted":false,"t":6,"tick":11138,"type":"hit"}
[client] {"a":2,"dup":false,"ev":"game","ms":188952,"predicted":false,"t":6,"tick":11143,"type":"hit"}
[client] {"a":8,"dup":false,"ev":"game","ms":189352,"predicted":false,"t":3,"tick":11167,"type":"hit"}
[client] {"a":2,"dup":false,"ev":"game","ms":189442,"predicted":false,"t":6,"tick":11172,"type":"hit"}
[client] {"a":0,"dup":false,"ev":"game","ms":189490,"predicted":false,"t":6,"tick":11175,"type":"hit"}
[client] {"a":7,"dup":false,"ev":"game","ms":189821,"predicted":false,"t":3,"tick":11195,"type":"hit"}
[client] {"a":6,"dup":false,"ev":"game","ms":189855,"predicted":false,"t":2,"tick":11197,"type":"hit"}
[client] {"a":8,"dup":false,"ev":"game","ms":189869,"predicted":false,"t":3,"tick":11198,"type":"hit"}
[client] {"counts":{"blocks_on_me":6,"conf_actions":120,"confirmed_hits":422,"dup_confirmed":0,"hits_on_me":54,"pred_actions":131,"predicted_confirmed":41,"predicted_hits":106,"reconnects":0},"ev":"stats","hp":0.0,"in_bytes":2542947,"late":0,"local_entity":5,"match":{"countdown_until":300,"ctrl":-1,"final":false,"next":"","phase":3,"rot":3494,"scores":[18,9],"sd":false,"state":3,"tick":10906,"zone":"B"},"max_err":2.215,"mean_err":0.017,"ms":189923,"out_bytes":549163,"pending":7,"pos":[40.35,-1.53],"reconciles":3723,"server_tick":11205,"snaps":3728,"teleports":4}
[client] {"a":4,"dup":false,"ev":"game","ms":190056,"predicted":false,"t":6,"tick":11209,"type":"hit"}
[client] {"a":8,"dup":false,"ev":"game","ms":190387,"predicted":false,"t":3,"tick":11229,"type":"block"}
[client] {"a":7,"dup":false,"ev":"game","ms":190407,"predicted":false,"t":3,"tick":11230,"type":"hit"}
[client] {"a":6,"dup":false,"ev":"game","ms":190421,"predicted":false,"t":2,"tick":11231,"type":"block"}
[client] {"a":0,"dup":false,"ev":"game","ms":190587,"predicted":false,"t":6,"tick":11241,"type":"hit"}
[client] {"a":8,"dup":false,"ev":"game","ms":190987,"predicted":false,"t":3,"tick":11265,"type":"hit"}
[client] {"a":7,"dup":false,"ev":"game","ms":191139,"predicted":false,"t":3,"tick":11274,"type":"hit"}
[client] {"a":2,"dup":false,"ev":"game","ms":191421,"predicted":false,"t":6,"tick":11291,"type":"hit"}
[client] {"a":6,"dup":false,"ev":"game","ms":191422,"predicted":false,"t":-1,"tick":11291,"type":"ko"}
[client] {"a":3,"dup":false,"ev":"game","ms":191525,"predicted":false,"t":7,"tick":11297,"type":"hit"}
[client] {"a":8,"dup":false,"ev":"game","ms":191587,"predicted":false,"t":3,"tick":11301,"type":"hit"}
[client] {"a":7,"dup":false,"ev":"game","ms":191905,"predicted":false,"t":3,"tick":11320,"type":"hit"}
[client] {"a":8,"dup":false,"ev":"game","ms":192174,"predicted":false,"t":3,"tick":11336,"type":"hit"}
[client] {"a":7,"dup":false,"ev":"game","ms":192491,"predicted":false,"t":3,"tick":11355,"type":"hit"}
[client] {"a":8,"dup":false,"ev":"game","ms":192774,"predicted":false,"t":3,"tick":11372,"type":"hit"}
[client] {"a":3,"dup":false,"ev":"game","ms":192775,"predicted":false,"t":-1,"tick":11372,"type":"ko"}
[client] {"a":5,"dup":false,"ev":"game","ms":193962,"predicted":false,"t":-1,"tick":11448,"type":"respawn"}
[client] {"counts":{"blocks_on_me":6,"conf_actions":120,"confirmed_hits":434,"dup_confirmed":0,"hits_on_me":54,"pred_actions":131,"predicted_confirmed":41,"predicted_hits":106,"reconnects":0},"ev":"stats","hp":280.0,"in_bytes":2607428,"late":0,"local_entity":5,"match":{"countdown_until":300,"ctrl":-1,"final":false,"next":"","phase":3,"rot":3194,"scores":[18,10],"sd":false,"state":3,"tick":11206,"zone":"B"},"max_err":2.215,"mean_err":0.0166,"ms":194926,"out_bytes":563863,"pending":7,"pos":[-5.11,42.25],"reconciles":3822,"server_tick":11505,"snaps":3828,"teleports":5}
[client] {"a":0,"dup":false,"ev":"game","ms":195907,"predicted":false,"t":7,"tick":11560,"type":"hit"}
[client] {"a":8,"dup":false,"ev":"game","ms":196045,"predicted":false,"t":1,"tick":11568,"type":"hit"}
[client] {"a":1,"dup":false,"ev":"game","ms":196045,"predicted":false,"t":-1,"tick":11568,"type":"ko"}
[client] {"a":4,"dup":false,"ev":"game","ms":197542,"predicted":false,"t":8,"tick":11658,"type":"hit"}
[client] {"a":4,"dup":false,"ev":"game","ms":197563,"predicted":false,"t":7,"tick":11659,"type":"hit"}
[client] {"a":9,"dup":false,"ev":"game","ms":197811,"predicted":false,"t":0,"tick":11674,"type":"hit"}
[client] {"a":8,"dup":false,"ev":"game","ms":198129,"predicted":false,"t":4,"tick":11694,"type":"hit"}
[client] {"a":4,"dup":false,"ev":"game","ms":198495,"predicted":false,"t":9,"tick":11716,"type":"hit"}
[client] {"a":0,"dup":false,"ev":"game","ms":199413,"predicted":false,"t":8,"tick":11770,"type":"hit"}
[client] {"counts":{"blocks_on_me":6,"conf_actions":120,"confirmed_hits":442,"dup_confirmed":0,"hits_on_me":54,"pred_actions":131,"predicted_confirmed":41,"predicted_hits":106,"reconnects":0},"ev":"stats","hp":280.0,"in_bytes":2668638,"late":0,"local_entity":5,"match":{"countdown_until":300,"ctrl":-1,"final":false,"next":"","phase":3,"rot":2894,"scores":[18,10],"sd":false,"state":3,"tick":11506,"zone":"B"},"max_err":2.215,"mean_err":0.0162,"ms":199928,"out_bytes":578563,"pending":7,"pos":[-2.55,9.73],"reconciles":3922,"server_tick":11806,"snaps":3928,"teleports":5}
[client] {"a":7,"dup":false,"ev":"game","ms":199991,"predicted":false,"t":0,"tick":11805,"type":"hit"}
[client] {"a":2,"dup":false,"ev":"game","ms":200592,"predicted":false,"t":9,"tick":11841,"type":"hit"}
[client] {"a":8,"dup":false,"ev":"game","ms":201082,"predicted":false,"t":2,"tick":11870,"type":"hit"}
[client] {"a":0,"dup":false,"ev":"game","ms":201192,"predicted":false,"t":7,"tick":11877,"type":"block"}
[client] {"a":9,"dup":false,"ev":"game","ms":201192,"predicted":false,"t":2,"tick":11877,"type":"hit"}
[client] {"a":6,"dup":false,"ev":"game","ms":201427,"predicted":false,"t":-1,"tick":11891,"type":"respawn"}
[client] {"a":8,"dup":false,"ev":"game","ms":201778,"predicted":false,"t":0,"tick":11912,"type":"hit"}
[client] {"a":9,"dup":false,"ev":"game","ms":201882,"predicted":false,"t":0,"tick":11918,"type":"hit"}
[client] {"a":9,"dup":false,"ev":"game","ms":202311,"predicted":false,"t":0,"tick":11944,"type":"hit"}
[client] {"a":3,"dup":false,"ev":"game","ms":202779,"predicted":false,"t":-1,"tick":11972,"type":"respawn"}
[client] {"a":0,"dup":false,"ev":"game","ms":204891,"predicted":false,"t":7,"tick":12099,"type":"hit"}
[client] {"counts":{"blocks_on_me":6,"conf_actions":120,"confirmed_hits":450,"dup_confirmed":0,"hits_on_me":54,"pred_actions":131,"predicted_confirmed":41,"predicted_hits":106,"reconnects":0},"ev":"stats","hp":280.0,"in_bytes":2726984,"late":0,"local_entity":5,"match":{"countdown_until":300,"ctrl":-1,"final":false,"next":"","phase":3,"rot":2594,"scores":[18,10],"sd":false,"state":3,"tick":11806,"zone":"B"},"max_err":2.215,"mean_err":0.0158,"ms":204924,"out_bytes":593263,"pending":7,"pos":[-0.18,-2.8],"reconciles":4022,"server_tick":12106,"snaps":4028,"teleports":5}
[client] {"a":0,"dup":false,"ev":"game","ms":205256,"predicted":false,"t":7,"tick":12121,"type":"hit"}
[client] {"a":8,"dup":false,"ev":"game","ms":205657,"predicted":false,"t":0,"tick":12145,"type":"hit"}
[client] {"a":1,"dup":false,"ev":"game","ms":206043,"predicted":false,"t":-1,"tick":12168,"type":"respawn"}
[client] {"a":0,"dup":false,"ev":"game","ms":206105,"predicted":false,"t":8,"tick":12172,"type":"hit"}
[client] {"a":0,"dup":false,"ev":"game","ms":206478,"predicted":false,"t":8,"tick":12194,"type":"hit"}
[client] {"a":0,"dup":false,"ev":"game","ms":206492,"predicted":false,"t":9,"tick":12195,"type":"hit"}
[client] {"a":0,"dup":false,"ev":"game","ms":206812,"predicted":false,"t":9,"tick":12214,"type":"block"}
[client] {"a":9,"dup":false,"ev":"game","ms":207678,"predicted":false,"t":0,"tick":12266,"type":"hit"}
[client] {"a":9,"dup":false,"ev":"game","ms":208162,"predicted":false,"t":0,"tick":12295,"type":"hit"}
[client] {"a":0,"dup":false,"ev":"game","ms":208644,"predicted":false,"t":9,"tick":12324,"type":"block"}
[client] {"a":0,"dup":false,"ev":"game","ms":208976,"predicted":false,"t":9,"tick":12344,"type":"block"}
[client] {"a":3,"dup":false,"ev":"game","ms":209501,"predicted":false,"t":5,"tick":12376,"type":"hit"}
[client] {"a":4,"dup":false,"ev":"game","ms":209687,"predicted":false,"t":6,"tick":12387,"type":"hit"}
[client] {"counts":{"blocks_on_me":6,"conf_actions":120,"confirmed_hits":459,"dup_confirmed":0,"hits_on_me":55,"pred_actions":132,"predicted_confirmed":41,"predicted_hits":106,"reconnects":0},"ev":"stats","hp":254.0,"in_bytes":2791970,"late":0,"local_entity":5,"match":{"countdown_until":300,"ctrl":-1,"final":false,"next":"","phase":3,"rot":2294,"scores":[18,10],"sd":false,"state":3,"tick":12106,"zone":"B"},"max_err":2.215,"mean_err":0.0157,"ms":209920,"out_bytes":607963,"pending":7,"pos":[1.4,-2.46],"reconciles":4122,"server_tick":12406,"snaps":4128,"teleports":5}
[client] {"a":3,"dup":false,"ev":"game","ms":210012,"predicted":false,"t":6,"tick":12406,"type":"hit"}
[client] {"a":3,"dup":false,"ev":"game","ms":210046,"predicted":false,"t":5,"tick":12408,"type":"hit"}
[client] {"a":6,"dup":false,"ev":"game","ms":210336,"predicted":false,"t":3,"tick":12426,"type":"hit"}
[client] {"a":5,"dup":true,"ev":"game","ms":210406,"predicted":false,"t":3,"tick":12435,"type":"hit"}
[client] {"a":6,"dup":false,"ev":"game","ms":210605,"predicted":false,"t":3,"tick":12442,"type":"hit"}
[client] {"a":4,"dup":false,"ev":"game","ms":210625,"predicted":false,"t":5,"tick":12443,"type":"hit"}
[client] {"a":4,"dup":false,"ev":"game","ms":210638,"predicted":false,"t":6,"tick":12444,"type":"hit"}
[client] {"a":0,"dup":false,"ev":"game","ms":211113,"predicted":false,"t":6,"tick":12472,"type":"hit"}
[client] {"a":5,"dup":true,"ev":"game","ms":211391,"predicted":false,"t":0,"tick":12494,"type":"hit"}
[client] {"a":6,"dup":false,"ev":"game","ms":211508,"predicted":false,"t":0,"tick":12496,"type":"hit"}
[client] {"a":0,"dup":false,"ev":"game","ms":211873,"predicted":false,"t":6,"tick":12518,"type":"hit"}
[client] {"a":5,"dup":true,"ev":"game","ms":212054,"predicted":false,"t":0,"tick":12534,"type":"hit"}
[client] {"a":4,"dup":false,"ev":"game","ms":212122,"predicted":false,"t":6,"tick":12533,"type":"hit"}
[client] {"a":0,"dup":false,"ev":"game","ms":212136,"predicted":false,"t":-1,"tick":12534,"type":"ko"}
[client] {"a":6,"dup":false,"ev":"game","ms":212591,"predicted":false,"t":4,"tick":12561,"type":"hit"}
[client] {"a":6,"dup":false,"ev":"game","ms":213055,"predicted":false,"t":4,"tick":12589,"type":"block"}
[client] {"a":9,"dup":false,"ev":"game","ms":213074,"predicted":false,"t":3,"tick":12590,"type":"hit"}
[client] {"a":9,"dup":false,"ev":"game","ms":213088,"predicted":false,"t":4,"tick":12591,"type":"block"}
[client] {"a":2,"dup":false,"ev":"game","ms":213558,"predicted":false,"t":9,"tick":12619,"type":"hit"}
[client] {"a":6,"dup":false,"ev":"game","ms":213654,"predicted":false,"t":4,"tick":12625,"type":"block"}
[client] {"a":6,"dup":false,"ev":"game","ms":213710,"predicted":false,"t":3,"tick":12628,"type":"hit"}
[client] {"a":5,"dup":false,"ev":"game","ms":213758,"predicted":false,"t":4,"tick":12636,"type":"block"}
[client] {"a":1,"dup":false,"ev":"game","ms":213874,"predicted":false,"t":5,"tick":12638,"type":"hit"}
[client] {"a":1,"dup":false,"ev":"game","ms":213874,"predicted":false,"t":6,"tick":12638,"type":"hit"}
[client] {"a":1,"dup":false,"ev":"game","ms":213910,"predicted":false,"t":9,"tick":12640,"type":"hit"}
[client] {"a":6,"dup":false,"ev":"game","ms":214509,"predicted":false,"t":2,"tick":12676,"type":"hit"}
[client] {"a":4,"dup":false,"ev":"game","ms":214723,"predicted":false,"t":6,"tick":12689,"type":"hit"}
[client] {"counts":{"blocks_on_me":6,"conf_actions":127,"confirmed_hits":481,"dup_confirmed":0,"hits_on_me":58,"pred_actions":140,"predicted_confirmed":44,"predicted_hits":115,"reconnects":0},"ev":"stats","hp":178.0,"in_bytes":2865663,"late":0,"local_entity":5,"match":{"countdown_until":300,"ctrl":-1,"final":false,"next":"","phase":3,"rot":1994,"scores":[18,10],"sd":false,"state":3,"tick":12406,"zone":"B"},"max_err":2.215,"mean_err":0.0165,"ms":214922,"out_bytes":622663,"pending":7,"pos":[3.57,-2.28],"reconciles":4222,"server_tick":12706,"snaps":4228,"teleports":5}
[client] {"a":6,"dup":false,"ev":"game","ms":215111,"predicted":false,"t":2,"tick":12712,"type":"block"}
[client] {"a":5,"dup":false,"ev":"game","ms":215240,"predicted":false,"t":4,"tick":12725,"type":"block"}
[client] {"a":6,"dup":false,"ev":"game","ms":215710,"predicted":false,"t":4,"tick":12748,"type":"hit"}
[client] {"a":6,"dup":false,"ev":"game","ms":215723,"predicted":false,"t":3,"tick":12749,"type":"hit"}
[client] {"a":5,"dup":false,"ev":"game","ms":216207,"predicted":false,"t":3,"tick":12783,"type":"block"}
[client] {"a":6,"dup":false,"ev":"game","ms":216289,"predicted":false,"t":2,"tick":12783,"type":"hit"}
[client] {"a":5,"dup":false,"ev":"game","ms":216738,"predicted":false,"t":3,"tick":12815,"type":"block"}
[client] {"a":1,"dup":false,"ev":"game","ms":217311,"predicted":false,"t":5,"tick":12844,"type":"block"}
[client] {"a":2,"dup":false,"ev":"game","ms":217442,"predicted":false,"t":6,"tick":12852,"type":"hit"}
[client] {"a":6,"dup":false,"ev":"game","ms":217842,"predicted":false,"t":1,"tick":12876,"type":"hit"}
[client] {"a":2,"dup":false,"ev":"game","ms":217994,"predicted":false,"t":6,"tick":12885,"type":"hit"}
[client] {"a":4,"dup":false,"ev":"game","ms":218312,"predicted":false,"t":5,"tick":12904,"type":"block"}
[client] {"a":4,"dup":false,"ev":"game","ms":218325,"predicted":false,"t":7,"tick":12905,"type":"hit"}
[client] {"a":4,"dup":false,"ev":"game","ms":218360,"predicted":false,"t":6,"tick":12907,"type":"hit"}
[client] {"a":6,"dup":false,"ev":"game","ms":218360,"predicted":false,"t":-1,"tick":12907,"type":"ko"}
[client] {"a":8,"dup":false,"ev":"game","ms":218408,"predicted":false,"t":4,"tick":12910,"type":"hit"}
[client] {"a":1,"dup":false,"ev":"game","ms":218442,"predicted":false,"t":5,"tick":12912,"type":"hit"}
[client] {"a":8,"dup":false,"ev":"game","ms":218456,"predicted":false,"t":1,"tick":12913,"type":"hit"}
[client] {"a":4,"dup":false,"ev":"game","ms":219277,"predicted":false,"t":5,"tick":12962,"type":"hit"}
[client] {"a":4,"dup":false,"ev":"game","ms":219291,"predicted":false,"t":8,"tick":12963,"type":"hit"}
[client] {"a":1,"dup":false,"ev":"game","ms":219913,"predicted":false,"t":7,"tick":13000,"type":"hit"}
[client] {"counts":{"blocks_on_me":8,"conf_actions":134,"confirmed_hits":495,"dup_confirmed":0,"hits_on_me":60,"pred_actions":146,"predicted_confirmed":44,"predicted_hits":121,"reconnects":0},"ev":"stats","hp":118.0,"in_bytes":2938413,"late":0,"local_entity":5,"match":{"countdown_until":300,"ctrl":-1,"final":false,"next":"","phase":3,"rot":1694,"scores":[18,10],"sd":false,"state":3,"tick":12706,"zone":"B"},"max_err":2.215,"mean_err":0.017,"ms":219925,"out_bytes":637363,"pending":7,"pos":[3.19,-2.53],"reconciles":4322,"server_tick":13006,"snaps":4328,"teleports":5}
[client] {"a":5,"dup":true,"ev":"game","ms":220009,"predicted":false,"t":4,"tick":13011,"type":"hit"}
[client] {"a":7,"dup":false,"ev":"game","ms":220326,"predicted":false,"t":1,"tick":13025,"type":"hit"}
[client] {"a":8,"dup":false,"ev":"game","ms":220409,"predicted":false,"t":4,"tick":13030,"type":"block"}
[client] {"a":5,"dup":false,"ev":"game","ms":220512,"predicted":false,"t":4,"tick":13041,"type":"block"}
[client] {"a":5,"dup":true,"ev":"game","ms":221175,"predicted":false,"t":4,"tick":13081,"type":"hit"}
[client] {"a":5,"dup":true,"ev":"game","ms":222059,"predicted":false,"t":2,"tick":13134,"type":"hit"}
[client] {"a":0,"dup":false,"ev":"game","ms":222147,"predicted":false,"t":-1,"tick":13134,"type":"respawn"}
[client] {"a":5,"dup":true,"ev":"game","ms":222396,"predicted":false,"t":2,"tick":13154,"type":"hit"}
[client] {"a":8,"dup":false,"ev":"game","ms":222527,"predicted":false,"t":1,"tick":13157,"type":"hit"}
[client] {"a":5,"dup":false,"ev":"game","ms":222833,"predicted":false,"t":2,"tick":13180,"type":"block"}
[client] {"a":5,"dup":false,"ev":"game","ms":222833,"predicted":false,"t":3,"tick":13181,"type":"block"}
[client] {"a":1,"dup":false,"ev":"game","ms":222858,"predicted":false,"t":8,"tick":13178,"type":"hit"}
[client] {"a":1,"dup":false,"ev":"game","ms":223176,"predicted":false,"t":8,"tick":13197,"type":"block"}
[client] {"a":5,"dup":true,"ev":"game","ms":223480,"predicted":false,"t":1,"tick":13220,"type":"hit"}
[client] {"a":8,"dup":false,"ev":"game","ms":224114,"predicted":false,"t":1,"tick":13253,"type":"hit"}
[client] {"a":1,"dup":false,"ev":"game","ms":224459,"predicted":false,"t":7,"tick":13274,"type":"hit"}
[client] {"a":8,"dup":false,"ev":"game","ms":224597,"predicted":false,"t":1,"tick":13282,"type":"hit"}
[client] {"counts":{"blocks_on_me":8,"conf_actions":143,"confirmed_hits":506,"dup_confirmed":0,"hits_on_me":60,"pred_actions":155,"predicted_confirmed":49,"predicted_hits":137,"reconnects":0},"ev":"stats","hp":118.0,"in_bytes":3009356,"late":0,"local_entity":5,"match":{"countdown_until":300,"ctrl":-1,"final":false,"next":"","phase":3,"rot":1394,"scores":[18,10],"sd":false,"state":3,"tick":13006,"zone":"B"},"max_err":2.215,"mean_err":0.0171,"ms":224920,"out_bytes":652063,"pending":7,"pos":[2.13,-3.01],"reconciles":4422,"server_tick":13306,"snaps":4428,"teleports":5}
[client] {"a":1,"dup":false,"ev":"game","ms":224970,"predicted":false,"t":7,"tick":13304,"type":"block"}
[client] {"a":8,"dup":false,"ev":"game","ms":225087,"predicted":false,"t":1,"tick":13311,"type":"hit"}
[client] {"a":3,"dup":false,"ev":"game","ms":225273,"predicted":false,"t":7,"tick":13322,"type":"block"}
[client] {"a":5,"dup":true,"ev":"game","ms":225439,"predicted":false,"t":3,"tick":13337,"type":"hit"}
[client] {"a":8,"dup":false,"ev":"game","ms":225805,"predicted":false,"t":1,"tick":13354,"type":"hit"}
[client] {"a":2,"dup":false,"ev":"game","ms":226143,"predicted":false,"t":5,"tick":13374,"type":"hit"}
[client] {"a":1,"dup":false,"ev":"game","ms":226171,"predicted":false,"t":5,"tick":13376,"type":"hit"}
[client] {"a":1,"dup":false,"ev":"game","ms":226205,"predicted":false,"t":8,"tick":13378,"type":"hit"}
[client] {"a":7,"dup":false,"ev":"game","ms":226391,"predicted":false,"t":2,"tick":13389,"type":"hit"}
[client] {"a":7,"dup":false,"ev":"game","ms":226405,"predicted":false,"t":1,"tick":13390,"type":"hit"}
[client] {"a":2,"dup":false,"ev":"game","ms":226771,"predicted":false,"t":5,"tick":13412,"type":"hit"}
[client] {"a":1,"dup":false,"ev":"game","ms":226826,"predicted":false,"t":5,"tick":13415,"type":"hit"}
[client] {"a":7,"dup":false,"ev":"game","ms":226991,"predicted":false,"t":2,"tick":13425,"type":"hit"}
[client] {"a":7,"dup":false,"ev":"game","ms":227040,"predicted":false,"t":1,"tick":13428,"type":"hit"}
[client] {"a":7,"dup":false,"ev":"game","ms":227040,"predicted":false,"t":3,"tick":13428,"type":"block"}
[client] {"a":1,"dup":false,"ev":"game","ms":227040,"predicted":false,"t":-1,"tick":13428,"type":"ko"}
[client] {"a":5,"dup":true,"ev":"game","ms":227759,"predicted":false,"t":3,"tick":13476,"type":"hit"}
[client] {"a":7,"dup":false,"ev":"game","ms":227910,"predicted":false,"t":3,"tick":13480,"type":"hit"}
[client] {"a":6,"dup":false,"ev":"game","ms":228359,"predicted":false,"t":-1,"tick":13507,"type":"respawn"}
[client] {"a":9,"dup":false,"ev":"game","ms":228827,"predicted":false,"t":0,"tick":13535,"type":"hit"}
[client] {"a":9,"dup":false,"ev":"game","ms":229062,"predicted":false,"t":0,"tick":13549,"type":"hit"}
[client] {"counts":{"blocks_on_me":8,"conf_actions":151,"confirmed_hits":522,"dup_confirmed":0,"hits_on_me":64,"pred_actions":164,"predicted_confirmed":51,"predicted_hits":144,"reconnects":0},"ev":"stats","hp":46.0,"in_bytes":3083992,"late":0,"local_entity":5,"match":{"countdown_until":300,"ctrl":-1,"final":false,"next":"","phase":3,"rot":1094,"scores":[18,10],"sd":false,"state":3,"tick":13306,"zone":"B"},"max_err":2.215,"mean_err":0.0173,"ms":229923,"out_bytes":666763,"pending":7,"pos":[0.17,-2.78],"reconciles":4522,"server_tick":13606,"snaps":4528,"teleports":5}
[client] {"a":0,"dup":false,"ev":"game","ms":231290,"predicted":false,"t":5,"tick":13683,"type":"hit"}
[client] {"a":0,"dup":false,"ev":"game","ms":231490,"predicted":false,"t":7,"tick":13695,"type":"block"}
[client] {"a":0,"dup":false,"ev":"game","ms":231524,"predicted":false,"t":5,"tick":13697,"type":"hit"}
[client] {"a":7,"dup":false,"ev":"game","ms":232126,"predicted":false,"t":0,"tick":13733,"type":"hit"}
[client] {"a":5,"dup":true,"ev":"game","ms":232595,"predicted":false,"t":0,"tick":13767,"type":"hit"}
[client] {"a":9,"dup":false,"ev":"game","ms":232629,"predicted":false,"t":0,"tick":13764,"type":"hit"}
[client] {"a":7,"dup":false,"ev":"game","ms":233119,"predicted":false,"t":0,"tick":13793,"type":"hit"}
[client] {"a":9,"dup":false,"ev":"game","ms":233119,"predicted":false,"t":0,"tick":13793,"type":"hit"}
[client] {"a":5,"dup":false,"ev":"game","ms":233154,"predicted":false,"t":-1,"tick":13800,"type":"ko"}
[client] {"a":4,"dup":false,"ev":"game","ms":233237,"predicted":false,"t":5,"tick":13800,"type":"hit"}
[client] {"a":7,"dup":false,"ev":"game","ms":233671,"predicted":false,"t":0,"tick":13826,"type":"hit"}
[client] {"a":9,"dup":false,"ev":"game","ms":233671,"predicted":false,"t":4,"tick":13826,"type":"hit"}
[client] {"a":0,"dup":false,"ev":"game","ms":234085,"predicted":false,"t":7,"tick":13851,"type":"block"}
[client] {"a":9,"dup":false,"ev":"game","ms":234320,"predicted":false,"t":4,"tick":13865,"type":"hit"}
[client] {"a":0,"dup":false,"ev":"game","ms":234486,"predicted":false,"t":7,"tick":13875,"type":"guard_break"}
[client] {"a":9,"dup":false,"ev":"game","ms":234803,"predicted":false,"t":4,"tick":13894,"type":"block"}
[client] {"a":0,"dup":false,"ev":"game","ms":234900,"predicted":false,"t":7,"tick":13898,"type":"hit"}
[client] {"counts":{"blocks_on_me":8,"conf_actions":155,"confirmed_hits":534,"dup_confirmed":0,"hits_on_me":67,"pred_actions":168,"predicted_confirmed":52,"predicted_hits":145,"reconnects":0},"ev":"stats","hp":0.0,"in_bytes":3151134,"late":0,"local_entity":5,"match":{"countdown_until":300,"ctrl":-1,"final":false,"next":"A","phase":3,"rot":794,"scores":[18,10],"sd":false,"state":3,"tick":13606,"zone":"B"},"max_err":2.215,"mean_err":0.0173,"ms":234920,"out_bytes":681463,"pending":7,"pos":[0.62,-2.71],"reconciles":4622,"server_tick":13906,"snaps":4628,"teleports":5}
[client] {"a":4,"dup":false,"ev":"game","ms":235709,"predicted":false,"t":9,"tick":13948,"type":"hit"}
[client] {"a":7,"dup":false,"ev":"game","ms":235722,"predicted":false,"t":4,"tick":13949,"type":"hit"}
[client] {"a":4,"dup":false,"ev":"game","ms":236874,"predicted":false,"t":6,"tick":14018,"type":"hit"}
[client] {"a":1,"dup":false,"ev":"game","ms":237039,"predicted":false,"t":-1,"tick":14028,"type":"respawn"}
[client] {"a":6,"dup":false,"ev":"game","ms":237357,"predicted":false,"t":4,"tick":14047,"type":"hit"}
[client] {"a":2,"dup":false,"ev":"game","ms":237874,"predicted":false,"t":7,"tick":14078,"type":"hit"}
[client] {"a":8,"dup":false,"ev":"game","ms":238074,"predicted":false,"t":0,"tick":14090,"type":"hit"}
[client] {"a":9,"dup":false,"ev":"game","ms":238378,"predicted":false,"t":2,"tick":14108,"type":"hit"}
[client] {"a":6,"dup":false,"ev":"game","ms":238710,"predicted":false,"t":0,"tick":14128,"type":"hit"}
[client] {"a":2,"dup":false,"ev":"game","ms":238744,"predicted":false,"t":7,"tick":14130,"type":"hit"}
[client] {"a":8,"dup":false,"ev":"game","ms":238826,"predicted":false,"t":0,"tick":14135,"type":"hit"}
[client] {"a":9,"dup":false,"ev":"game","ms":238840,"predicted":false,"t":2,"tick":14136,"type":"hit"}
[client] {"a":3,"dup":false,"ev":"game","ms":238909,"predicted":false,"t":9,"tick":14140,"type":"hit"}
[client] {"a":6,"dup":false,"ev":"game","ms":239061,"predicted":false,"t":0,"tick":14149,"type":"hit"}
[client] {"a":8,"dup":false,"ev":"game","ms":239323,"predicted":false,"t":0,"tick":14165,"type":"hit"}
[client] {"a":0,"dup":false,"ev":"game","ms":239323,"predicted":false,"t":-1,"tick":14165,"type":"ko"}
[client] {"counts":{"blocks_on_me":8,"conf_actions":155,"confirmed_hits":548,"dup_confirmed":0,"hits_on_me":67,"pred_actions":168,"predicted_confirmed":52,"predicted_hits":145,"reconnects":0},"ev":"stats","hp":0.0,"in_bytes":3220324,"late":0,"local_entity":5,"match":{"countdown_until":300,"ctrl":-1,"final":false,"next":"A","phase":3,"rot":494,"scores":[18,10],"sd":false,"state":3,"tick":13906,"zone":"B"},"max_err":2.215,"mean_err":0.0169,"ms":239922,"out_bytes":696163,"pending":7,"pos":[0.62,-2.71],"reconciles":4722,"server_tick":14206,"snaps":4728,"teleports":5}
[client] {"a":9,"dup":false,"ev":"game","ms":241193,"predicted":false,"t":2,"tick":14277,"type":"hit"}
[client] {"a":8,"dup":false,"ev":"game","ms":241241,"predicted":false,"t":2,"tick":14280,"type":"hit"}
[client] {"a":9,"dup":false,"ev":"game","ms":241759,"predicted":false,"t":3,"tick":14311,"type":"block"}
[client] {"a":8,"dup":false,"ev":"game","ms":241945,"predicted":false,"t":3,"tick":14322,"type":"hit"}
[client] {"a":9,"dup":false,"ev":"game","ms":242346,"predicted":false,"t":3,"tick":14346,"type":"hit"}
[client] {"a":5,"dup":false,"ev":"game","ms":243160,"predicted":false,"t":-1,"tick":14400,"type":"respawn"}
[client] {"a":8,"dup":false,"ev":"game","ms":243496,"predicted":false,"t":1,"tick":14415,"type":"hit"}
[client] {"a":1,"dup":false,"ev":"game","ms":243836,"predicted":false,"t":8,"tick":14436,"type":"block"}
[client] {"a":9,"dup":false,"ev":"game","ms":244140,"predicted":false,"t":1,"tick":14454,"type":"hit"}
[client] {"a":3,"dup":false,"ev":"game","ms":244154,"predicted":false,"t":8,"tick":14455,"type":"hit"}
[client] {"a":3,"dup":false,"ev":"game","ms":244670,"predicted":false,"t":8,"tick":14486,"type":"hit"}
[client] {"counts":{"blocks_on_me":8,"conf_actions":155,"confirmed_hits":556,"dup_confirmed":0,"hits_on_me":67,"pred_actions":168,"predicted_confirmed":52,"predicted_hits":145,"reconnects":0},"ev":"stats","hp":280.0,"in_bytes":3281943,"late":0,"local_entity":5,"match":{"countdown_until":300,"ctrl":-1,"final":false,"next":"A","phase":3,"rot":194,"scores":[18,10],"sd":false,"state":3,"tick":14206,"zone":"B"},"max_err":2.215,"mean_err":0.0165,"ms":244918,"out_bytes":710863,"pending":7,"pos":[3.58,37.07],"reconciles":4821,"server_tick":14506,"snaps":4828,"teleports":6}
[client] {"a":3,"dup":false,"ev":"game","ms":245423,"predicted":false,"t":8,"tick":14531,"type":"hit"}
[client] {"a":3,"dup":false,"ev":"game","ms":246003,"predicted":false,"t":8,"tick":14566,"type":"block"}
[client] {"a":1,"dup":false,"ev":"game","ms":246037,"predicted":false,"t":8,"tick":14568,"type":"block"}
[client] {"a":1,"dup":false,"ev":"game","ms":246637,"predicted":false,"t":8,"tick":14604,"type":"block"}
[client] {"a":3,"dup":false,"ev":"game","ms":246803,"predicted":false,"t":8,"tick":14614,"type":"hit"}
[client] {"a":9,"dup":false,"ev":"game","ms":246858,"predicted":false,"t":1,"tick":14617,"type":"hit"}
[client] {"a":3,"dup":false,"ev":"game","ms":247604,"predicted":false,"t":9,"tick":14662,"type":"hit"}
[client] {"a":8,"dup":false,"ev":"game","ms":247893,"predicted":false,"t":3,"tick":14679,"type":"hit"}
[client] {"a":-1,"dup":false,"ev":"game","ms":248224,"predicted":false,"t":-1,"tick":14699,"type":"zone_rotated"}
[client] {"a":6,"dup":false,"ev":"game","ms":248404,"predicted":false,"t":1,"tick":14710,"type":"hit"}
[client] {"a":9,"dup":false,"ev":"game","ms":248660,"predicted":false,"t":1,"tick":14725,"type":"hit"}
[client] {"a":6,"dup":false,"ev":"game","ms":248776,"predicted":false,"t":1,"tick":14732,"type":"hit"}
[client] {"a":8,"dup":false,"ev":"game","ms":248838,"predicted":false,"t":1,"tick":14736,"type":"hit"}
[client] {"a":0,"dup":false,"ev":"game","ms":249321,"predicted":false,"t":-1,"tick":14765,"type":"respawn"}
[client] {"counts":{"blocks_on_me":8,"conf_actions":155,"confirmed_hits":565,"dup_confirmed":0,"hits_on_me":67,"pred_actions":168,"predicted_confirmed":52,"predicted_hits":145,"reconnects":0},"ev":"stats","hp":280.0,"in_bytes":3342292,"late":0,"local_entity":5,"match":{"countdown_until":300,"ctrl":-1,"final":false,"next":"","phase":3,"rot":3494,"scores":[18,10],"sd":false,"state":1,"tick":14506,"zone":"A"},"max_err":2.215,"mean_err":0.0162,"ms":249921,"out_bytes":725563,"pending":7,"pos":[-10.18,11.56],"reconciles":4921,"server_tick":14806,"snaps":4928,"teleports":6}
[client] {"a":9,"dup":false,"ev":"game","ms":254711,"predicted":false,"t":4,"tick":15088,"type":"hit"}
[client] {"counts":{"blocks_on_me":8,"conf_actions":155,"confirmed_hits":566,"dup_confirmed":0,"hits_on_me":67,"pred_actions":168,"predicted_confirmed":52,"predicted_hits":145,"reconnects":0},"ev":"stats","hp":280.0,"in_bytes":3399782,"late":0,"local_entity":5,"match":{"countdown_until":300,"ctrl":-1,"final":false,"next":"","phase":3,"rot":3194,"scores":[19,10],"sd":false,"state":3,"tick":14806,"zone":"A"},"max_err":2.215,"mean_err":0.0159,"ms":254923,"out_bytes":740263,"pending":7,"pos":[-40.44,0.76],"reconciles":5021,"server_tick":15106,"snaps":5028,"teleports":6}
[client] {"a":4,"dup":false,"ev":"game","ms":255076,"predicted":false,"t":6,"tick":15110,"type":"hit"}
[client] {"a":5,"dup":true,"ev":"game","ms":255325,"predicted":false,"t":1,"tick":15130,"type":"hit"}
[client] {"a":6,"dup":false,"ev":"game","ms":255442,"predicted":false,"t":4,"tick":15132,"type":"hit"}
[client] {"a":9,"dup":false,"ev":"game","ms":255463,"predicted":false,"t":4,"tick":15133,"type":"hit"}
[client] {"a":4,"dup":false,"ev":"game","ms":256380,"predicted":false,"t":6,"tick":15188,"type":"hit"}
[client] {"a":9,"dup":false,"ev":"game","ms":256394,"predicted":false,"t":4,"tick":15189,"type":"hit"}
[client] {"a":1,"dup":false,"ev":"game","ms":256498,"predicted":false,"t":7,"tick":15195,"type":"hit"}
[client] {"a":1,"dup":false,"ev":"game","ms":256725,"predicted":false,"t":7,"tick":15209,"type":"hit"}
[client] {"a":8,"dup":false,"ev":"game","ms":256829,"predicted":false,"t":2,"tick":15215,"type":"hit"}
[client] {"a":9,"dup":false,"ev":"game","ms":257215,"predicted":false,"t":0,"tick":15239,"type":"hit"}
[client] {"a":7,"dup":false,"ev":"game","ms":257277,"predicted":false,"t":1,"tick":15243,"type":"hit"}
[client] {"a":0,"dup":false,"ev":"game","ms":257560,"predicted":false,"t":8,"tick":15260,"type":"hit"}
[client] {"a":4,"dup":false,"ev":"game","ms":257643,"predicted":false,"t":6,"tick":15265,"type":"hit"}
[client] {"a":2,"dup":false,"ev":"game","ms":257796,"predicted":false,"t":9,"tick":15274,"type":"hit"}
[client] {"a":0,"dup":false,"ev":"game","ms":257829,"predicted":false,"t":8,"tick":15276,"type":"hit"}
[client] {"a":7,"dup":false,"ev":"game","ms":257864,"predicted":false,"t":1,"tick":15278,"type":"hit"}
[client] {"a":4,"dup":false,"ev":"game","ms":258174,"predicted":false,"t":6,"tick":15297,"type":"hit"}
[client] {"a":6,"dup":false,"ev":"game","ms":258588,"predicted":false,"t":4,"tick":15321,"type":"hit"}
[client] {"a":0,"dup":false,"ev":"game","ms":258637,"predicted":false,"t":8,"tick":15324,"type":"hit"}
[client] {"a":0,"dup":false,"ev":"game","ms":258975,"predicted":false,"t":8,"tick":15344,"type":"hit"}
[client] {"a":8,"dup":false,"ev":"game","ms":258975,"predicted":false,"t":-1,"tick":15344,"type":"ko"}
[client] {"a":6,"dup":false,"ev":"game","ms":259189,"predicted":false,"t":4,"tick":15357,"type":"block"}
[client] {"a":1,"dup":false,"ev":"game","ms":259292,"predicted":false,"t":5,"tick":15363,"type":"hit"}
[client] {"a":4,"dup":false,"ev":"game","ms":259527,"predicted":false,"t":6,"tick":15377,"type":"hit"}
[client] {"a":1,"dup":false,"ev":"game","ms":259609,"predicted":false,"t":5,"tick":15382,"type":"hit"}
[client] {"counts":{"blocks_on_me":8,"conf_actions":159,"confirmed_hits":589,"dup_confirmed":0,"hits_on_me":69,"pred_actions":173,"predicted_confirmed":53,"predicted_hits":150,"reconnects":0},"ev":"stats","hp":244.0,"in_bytes":3471357,"late":0,"local_entity":5,"match":{"countdown_until":300,"ctrl":-1,"final":false,"next":"","phase":3,"rot":2894,"scores":[19,10],"sd":false,"state":3,"tick":15106,"zone":"A"},"max_err":2.215,"mean_err":0.016,"ms":259926,"out_bytes":754963,"pending":7,"pos":[-42.61,-0.3],"reconciles":5114,"server_tick":15406,"snaps":5121,"teleports":6}
[client] {"a":5,"dup":true,"ev":"game","ms":259927,"predicted":false,"t":1,"tick":15406,"type":"hit"}
[client] {"a":4,"dup":false,"ev":"game","ms":260010,"predicted":false,"t":6,"tick":15406,"type":"hit"}
[client] {"a":5,"dup":true,"ev":"game","ms":260327,"predicted":false,"t":1,"tick":15430,"type":"hit"}
[client] {"a":1,"dup":false,"ev":"game","ms":260410,"predicted":false,"t":-1,"tick":15430,"type":"ko"}
[client] {"a":0,"dup":false,"ev":"game","ms":260692,"predicted":false,"t":6,"tick":15447,"type":"hit"}
[client] {"a":7,"dup":false,"ev":"game","ms":262342,"predicted":false,"t":0,"tick":15546,"type":"hit"}
[client] {"a":2,"dup":false,"ev":"game","ms":262464,"predicted":false,"t":6,"tick":15553,"type":"hit"}
[client] {"a":0,"dup":false,"ev":"game","ms":262708,"predicted":false,"t":7,"tick":15568,"type":"hit"}
[client] {"a":5,"dup":true,"ev":"game","ms":262776,"predicted":false,"t":0,"tick":15577,"type":"hit"}
[client] {"a":2,"dup":false,"ev":"game","ms":262942,"predicted":false,"t":6,"tick":15582,"type":"hit"}
[client] {"a":4,"dup":false,"ev":"game","ms":263025,"predicted":false,"t":6,"tick":15587,"type":"hit"}
[client] {"a":5,"dup":true,"ev":"game","ms":263108,"predicted":false,"t":0,"tick":15597,"type":"hit"}
[client] {"a":2,"dup":false,"ev":"game","ms":263439,"predicted":false,"t":6,"tick":15612,"type":"hit"}
[client] {"a":3,"dup":false,"ev":"game","ms":263694,"predicted":false,"t":6,"tick":15627,"type":"hit"}
[client] {"a":6,"dup":false,"ev":"game","ms":263694,"predicted":false,"t":-1,"tick":15627,"type":"ko"}
[client] {"a":0,"dup":false,"ev":"game","ms":264308,"predicted":false,"t":5,"tick":15664,"type":"hit"}
[client] {"counts":{"blocks_on_me":8,"conf_actions":165,"confirmed_hits":603,"dup_confirmed":0,"hits_on_me":70,"pred_actions":180,"predicted_confirmed":57,"predicted_hits":154,"reconnects":0},"ev":"stats","hp":206.0,"in_bytes":3539869,"late":0,"local_entity":5,"match":{"countdown_until":300,"ctrl":-1,"final":false,"next":"","phase":3,"rot":2594,"scores":[19,10],"sd":false,"state":3,"tick":15406,"zone":"A"},"max_err":2.215,"mean_err":0.016,"ms":264928,"out_bytes":769663,"pending":7,"pos":[-42.2,0.26],"reconciles":5214,"server_tick":15706,"snaps":5221,"teleports":6}
[client] {"a":5,"dup":true,"ev":"game","ms":265295,"predicted":false,"t":0,"tick":15728,"type":"hit"}
[client] {"a":7,"dup":false,"ev":"game","ms":265426,"predicted":false,"t":0,"tick":15731,"type":"hit"}
[client] {"a":5,"dup":true,"ev":"game","ms":265661,"predicted":false,"t":0,"tick":15750,"type":"hit"}
[client] {"a":0,"dup":false,"ev":"game","ms":266143,"predicted":false,"t":5,"tick":15774,"type":"hit"}
[client] {"a":4,"dup":false,"ev":"game","ms":266226,"predicted":false,"t":7,"tick":15779,"type":"hit"}
[client] {"a":0,"dup":false,"ev":"game","ms":266474,"predicted":false,"t":5,"tick":15794,"type":"hit"}
[client] {"a":0,"dup":false,"ev":"game","ms":266778,"predicted":false,"t":5,"tick":15812,"type":"hit"}
[client] {"a":3,"dup":false,"ev":"game","ms":266778,"predicted":false,"t":5,"tick":15812,"type":"hit"}
[client] {"a":4,"dup":false,"ev":"game","ms":267144,"predicted":false,"t":7,"tick":15834,"type":"hit"}
[client] {"a":4,"dup":false,"ev":"game","ms":268014,"predicted":false,"t":5,"tick":15886,"type":"hit"}
[client] {"a":4,"dup":false,"ev":"game","ms":268027,"predicted":false,"t":7,"tick":15887,"type":"hit"}
[client] {"a":0,"dup":false,"ev":"game","ms":268159,"predicted":false,"t":5,"tick":15895,"type":"hit"}
[client] {"a":0,"dup":false,"ev":"game","ms":268497,"predicted":false,"t":5,"tick":15915,"type":"hit"}
[client] {"a":4,"dup":false,"ev":"game","ms":268533,"predicted":false,"t":7,"tick":15917,"type":"block"}
[client] {"a":2,"dup":false,"ev":"game","ms":268663,"predicted":false,"t":5,"tick":15925,"type":"hit"}
[client] {"a":3,"dup":false,"ev":"game","ms":268979,"predicted":false,"t":5,"tick":15944,"type":"hit"}
[client] {"a":8,"dup":false,"ev":"game","ms":268979,"predicted":false,"t":-1,"tick":15944,"type":"respawn"}
[client] {"a":5,"dup":false,"ev":"game","ms":269076,"predicted":false,"t":-1,"tick":15955,"type":"ko"}
[client] {"a":0,"dup":false,"ev":"game","ms":269159,"predicted":false,"t":5,"tick":15955,"type":"hit"}
[client] {"a":0,"dup":false,"ev":"game","ms":269159,"predicted":false,"t":7,"tick":15955,"type":"hit"}
[client] {"counts":{"blocks_on_me":8,"conf_actions":173,"confirmed_hits":620,"dup_confirmed":0,"hits_on_me":80,"pred_actions":191,"predicted_confirmed":59,"predicted_hits":161,"reconnects":0},"ev":"stats","hp":0.0,"in_bytes":3610542,"late":0,"local_entity":5,"match":{"countdown_until":300,"ctrl":-1,"final":false,"next":"","phase":3,"rot":2294,"scores":[19,10],"sd":false,"state":3,"tick":15706,"zone":"A"},"max_err":2.215,"mean_err":0.0165,"ms":269924,"out_bytes":784363,"pending":7,"pos":[-42.55,0.72],"reconciles":5314,"server_tick":16006,"snaps":5321,"teleports":6}
[client] {"a":1,"dup":false,"ev":"game","ms":270408,"predicted":false,"t":-1,"tick":16030,"type":"respawn"}
[client] {"a":9,"dup":false,"ev":"game","ms":270773,"predicted":false,"t":4,"tick":16052,"type":"hit"}
[client] {"a":4,"dup":false,"ev":"game","ms":271443,"predicted":false,"t":9,"tick":16092,"type":"hit"}
[client] {"a":7,"dup":false,"ev":"game","ms":272491,"predicted":false,"t":4,"tick":16155,"type":"block"}
[client] {"a":2,"dup":false,"ev":"game","ms":273043,"predicted":false,"t":9,"tick":16188,"type":"hit"}
[client] {"a":3,"dup":false,"ev":"game","ms":273243,"predicted":false,"t":9,"tick":16200,"type":"hit"}
[client] {"a":0,"dup":false,"ev":"game","ms":273340,"predicted":false,"t":7,"tick":16206,"type":"hit"}
[client] {"a":6,"dup":false,"ev":"game","ms":273692,"predicted":false,"t":-1,"tick":16227,"type":"respawn"}
[client] {"a":2,"dup":false,"ev":"game","ms":273941,"predicted":false,"t":9,"tick":16242,"type":"hit"}
[client] {"a":2,"dup":false,"ev":"game","ms":274458,"predicted":false,"t":7,"tick":16273,"type":"hit"}
[client] {"a":9,"dup":false,"ev":"game","ms":274471,"predicted":false,"t":2,"tick":16274,"type":"hit"}
[client] {"counts":{"blocks_on_me":8,"conf_actions":173,"confirmed_hits":628,"dup_confirmed":0,"hits_on_me":80,"pred_actions":191,"predicted_confirmed":59,"predicted_hits":161,"reconnects":0},"ev":"stats","hp":0.0,"in_bytes":3675640,"late":0,"local_entity":5,"match":{"countdown_until":300,"ctrl":-1,"final":false,"next":"","phase":3,"rot":1994,"scores":[19,10],"sd":false,"state":3,"tick":16006,"zone":"A"},"max_err":2.215,"mean_err":0.0162,"ms":274926,"out_bytes":799063,"pending":7,"pos":[-42.55,0.72],"reconciles":5414,"server_tick":16306,"snaps":5421,"teleports":6}
[client] {"a":3,"dup":false,"ev":"game","ms":275128,"predicted":false,"t":9,"tick":16313,"type":"block"}
[client] {"a":2,"dup":false,"ev":"game","ms":275672,"predicted":false,"t":9,"tick":16346,"type":"hit"}
[client] {"a":0,"dup":false,"ev":"game","ms":276707,"predicted":false,"t":9,"tick":16408,"type":"hit"}
[client] {"a":2,"dup":false,"ev":"game","ms":277245,"predicted":false,"t":9,"tick":16440,"type":"hit"}
[client] {"a":3,"dup":false,"ev":"game","ms":277260,"predicted":false,"t":9,"tick":16441,"type":"hit"}
[client] {"a":8,"dup":false,"ev":"game","ms":278969,"predicted":false,"t":3,"tick":16544,"type":"hit"}
[client] {"a":8,"dup":false,"ev":"game","ms":278983,"predicted":false,"t":4,"tick":16545,"type":"hit"}
[client] {"a":5,"dup":false,"ev":"game","ms":279052,"predicted":false,"t":-1,"tick":16555,"type":"respawn"}
[client] {"counts":{"blocks_on_me":8,"conf_actions":174,"confirmed_hits":634,"dup_confirmed":0,"hits_on_me":80,"pred_actions":191,"predicted_confirmed":59,"predicted_hits":161,"reconnects":0},"ev":"stats","hp":280.0,"in_bytes":3743293,"late":0,"local_entity":5,"match":{"countdown_until":300,"ctrl":-1,"final":false,"next":"","phase":3,"rot":1694,"scores":[19,10],"sd":false,"state":3,"tick":16306,"zone":"A"},"max_err":2.215,"mean_err":0.0159,"ms":279920,"out_bytes":813763,"pending":7,"pos":[4.91,40.73],"reconciles":5513,"server_tick":16605,"snaps":5521,"teleports":7}
[client] {"a":3,"dup":false,"ev":"game","ms":280273,"predicted":false,"t":8,"tick":16622,"type":"hit"}
[client] {"a":8,"dup":false,"ev":"game","ms":280979,"predicted":false,"t":2,"tick":16662,"type":"hit"}
[client] {"a":8,"dup":false,"ev":"game","ms":281007,"predicted":false,"t":3,"tick":16664,"type":"hit"}
[client] {"a":2,"dup":false,"ev":"game","ms":281454,"predicted":false,"t":8,"tick":16692,"type":"hit"}
[client] {"a":3,"dup":false,"ev":"game","ms":281641,"predicted":false,"t":8,"tick":16704,"type":"hit"}
[client] {"a":8,"dup":false,"ev":"game","ms":282241,"predicted":false,"t":2,"tick":16740,"type":"hit"}
[client] {"a":8,"dup":false,"ev":"game","ms":282241,"predicted":false,"t":3,"tick":16740,"type":"hit"}
[client] {"a":2,"dup":false,"ev":"game","ms":282938,"predicted":false,"t":8,"tick":16782,"type":"hit"}
[client] {"a":3,"dup":false,"ev":"game","ms":282986,"predicted":false,"t":6,"tick":16786,"type":"hit"}
[client] {"a":3,"dup":false,"ev":"game","ms":283469,"predicted":false,"t":6,"tick":16815,"type":"hit"}
[client] {"a":3,"dup":false,"ev":"game","ms":283469,"predicted":false,"t":8,"tick":16815,"type":"block"}
[client] {"a":2,"dup":false,"ev":"game","ms":283504,"predicted":false,"t":8,"tick":16817,"type":"block"}
[client] {"a":6,"dup":false,"ev":"game","ms":283843,"predicted":false,"t":3,"tick":16836,"type":"hit"}
[client] {"a":2,"dup":false,"ev":"game","ms":284291,"predicted":false,"t":8,"tick":16864,"type":"hit"}
[client] {"a":2,"dup":false,"ev":"game","ms":284304,"predicted":false,"t":6,"tick":16865,"type":"hit"}
[client] {"counts":{"blocks_on_me":8,"conf_actions":174,"confirmed_hits":647,"dup_confirmed":0,"hits_on_me":80,"pred_actions":191,"predicted_confirmed":59,"predicted_hits":161,"reconnects":0},"ev":"stats","hp":280.0,"in_bytes":3810129,"late":0,"local_entity":5,"match":{"countdown_until":300,"ctrl":-1,"final":false,"next":"","phase":3,"rot":1391,"scores":[19,10],"sd":false,"state":3,"tick":16609,"zone":"A"},"max_err":2.215,"mean_err":0.016,"ms":284952,"out_bytes":828463,"pending":5,"pos":[-10.01,17.61],"reconciles":5607,"server_tick":16908,"snaps":5620,"teleports":7}
[client] {"a":8,"dup":false,"ev":"game","ms":285091,"predicted":false,"t":2,"tick":16912,"type":"hit"}
[client] {"a":6,"dup":false,"ev":"game","ms":285160,"predicted":false,"t":2,"tick":16915,"type":"hit"}
[client] {"a":6,"dup":false,"ev":"game","ms":285187,"predicted":false,"t":3,"tick":16917,"type":"block"}
[client] {"a":6,"dup":false,"ev":"game","ms":285525,"predicted":false,"t":2,"tick":16937,"type":"parry"}
[client] {"a":8,"dup":false,"ev":"game","ms":285608,"predicted":false,"t":2,"tick":16942,"type":"hit"}
[client] {"a":8,"dup":false,"ev":"game","ms":285622,"predicted":false,"t":3,"tick":16943,"type":"block"}
[client] {"a":8,"dup":false,"ev":"game","ms":286140,"predicted":false,"t":3,"tick":16974,"type":"hit"}
[client] {"a":6,"dup":false,"ev":"game","ms":286175,"predicted":false,"t":3,"tick":16976,"type":"hit"}
[client] {"a":6,"dup":false,"ev":"game","ms":287189,"predicted":false,"t":3,"tick":17037,"type":"hit"}
[client] {"a":6,"dup":false,"ev":"game","ms":289472,"predicted":false,"t":0,"tick":17174,"type":"hit"}
[client] {"a":0,"dup":false,"ev":"game","ms":289811,"predicted":false,"t":6,"tick":17194,"type":"hit"}
[client] {"counts":{"blocks_on_me":8,"conf_actions":175,"confirmed_hits":655,"dup_confirmed":0,"hits_on_me":80,"pred_actions":192,"predicted_confirmed":59,"predicted_hits":161,"reconnects":0},"ev":"stats","hp":280.0,"in_bytes":3876997,"late":0,"local_entity":5,"match":{"countdown_until":300,"ctrl":-1,"final":false,"next":"","phase":3,"rot":1091,"scores":[19,10],"sd":false,"state":3,"tick":16909,"zone":"A"},"max_err":2.215,"mean_err":0.0158,"ms":289961,"out_bytes":843163,"pending":8,"pos":[-35.15,4.04],"reconciles":5706,"server_tick":17208,"snaps":5720,"teleports":7}
[client] {"a":0,"dup":false,"ev":"game","ms":290072,"predicted":false,"t":6,"tick":17210,"type":"hit"}
[client] {"a":4,"dup":false,"ev":"game","ms":290873,"predicted":false,"t":6,"tick":17258,"type":"hit"}
[client] {"a":0,"dup":false,"ev":"game","ms":290907,"predicted":false,"t":6,"tick":17261,"type":"hit"}
[client] {"a":0,"dup":false,"ev":"game","ms":290942,"predicted":false,"t":7,"tick":17263,"type":"hit"}
[client] {"a":6,"dup":false,"ev":"game","ms":291294,"predicted":false,"t":0,"tick":17283,"type":"hit"}
[client] {"a":5,"dup":true,"ev":"game","ms":291494,"predicted":false,"t":4,"tick":17300,"type":"hit"}
[client] {"a":0,"dup":false,"ev":"game","ms":291659,"predicted":false,"t":6,"tick":17305,"type":"hit"}
[client] {"a":0,"dup":false,"ev":"game","ms":291708,"predicted":false,"t":7,"tick":17308,"type":"hit"}
[client] {"a":6,"dup":false,"ev":"game","ms":292060,"predicted":false,"t":4,"tick":17329,"type":"hit"}
[client] {"a":5,"dup":false,"ev":"game","ms":292177,"predicted":false,"t":4,"tick":17342,"type":"block"}
[client] {"a":6,"dup":false,"ev":"game","ms":292364,"predicted":false,"t":0,"tick":17347,"type":"hit"}
[client] {"a":6,"dup":false,"ev":"game","ms":292696,"predicted":false,"t":0,"tick":17367,"type":"hit"}
[client] {"a":5,"dup":false,"ev":"game","ms":294365,"predicted":false,"t":4,"tick":17473,"type":"block"}
[client] {"a":4,"dup":false,"ev":"game","ms":294745,"predicted":false,"t":5,"tick":17490,"type":"hit"}
[client] {"a":6,"dup":false,"ev":"game","ms":294765,"predicted":false,"t":1,"tick":17491,"type":"hit"}
[client] {"counts":{"blocks_on_me":8,"conf_actions":184,"confirmed_hits":668,"dup_confirmed":0,"hits_on_me":81,"pred_actions":201,"predicted_confirmed":60,"predicted_hits":168,"reconnects":0},"ev":"stats","hp":262.0,"in_bytes":3949684,"late":0,"local_entity":5,"match":{"countdown_until":300,"ctrl":-1,"final":false,"next":"C","phase":3,"rot":791,"scores":[19,10],"sd":false,"state":3,"tick":17209,"zone":"A"},"max_err":2.215,"mean_err":0.0159,"ms":294964,"out_bytes":857863,"pending":8,"pos":[-39.18,0.1],"reconciles":5806,"server_tick":17508,"snaps":5820,"teleports":7}
[client] {"a":5,"dup":true,"ev":"game","ms":295013,"predicted":false,"t":4,"tick":17512,"type":"hit"}
[client] {"a":7,"dup":false,"ev":"game","ms":295096,"predicted":false,"t":4,"tick":17511,"type":"hit"}
[client] {"a":3,"dup":false,"ev":"game","ms":295214,"predicted":false,"t":9,"tick":17518,"type":"hit"}
[client] {"a":6,"dup":false,"ev":"game","ms":295655,"predicted":false,"t":4,"tick":17545,"type":"hit"}
[client] {"a":0,"dup":false,"ev":"game","ms":295875,"predicted":false,"t":5,"tick":17558,"type":"hit"}
[client] {"a":2,"dup":false,"ev":"game","ms":296007,"predicted":false,"t":9,"tick":17566,"type":"hit"}
[client] {"a":1,"dup":false,"ev":"game","ms":296089,"predicted":false,"t":7,"tick":17571,"type":"hit"}
[client] {"a":5,"dup":true,"ev":"game","ms":296159,"predicted":false,"t":0,"tick":17580,"type":"hit"}
[client] {"a":1,"dup":false,"ev":"game","ms":296489,"predicted":false,"t":7,"tick":17595,"type":"hit"}
[client] {"a":0,"dup":false,"ev":"game","ms":296656,"predicted":false,"t":5,"tick":17605,"type":"hit"}
[client] {"a":6,"dup":false,"ev":"game","ms":296759,"predicted":false,"t":1,"tick":17611,"type":"hit"}
[client] {"a":0,"dup":false,"ev":"game","ms":297243,"predicted":false,"t":7,"tick":17640,"type":"hit"}
[client] {"a":8,"dup":false,"ev":"game","ms":297587,"predicted":false,"t":0,"tick":17661,"type":"hit"}
[client] {"a":6,"dup":false,"ev":"game","ms":297856,"predicted":false,"t":4,"tick":17677,"type":"hit"}
[client] {"a":1,"dup":false,"ev":"game","ms":298187,"predicted":false,"t":5,"tick":17697,"type":"hit"}
[client] {"a":8,"dup":false,"ev":"game","ms":298560,"predicted":false,"t":0,"tick":17719,"type":"hit"}
[client] {"a":5,"dup":true,"ev":"game","ms":298609,"predicted":false,"t":1,"tick":17728,"type":"hit"}
[client] {"a":0,"dup":false,"ev":"game","ms":299009,"predicted":false,"t":5,"tick":17746,"type":"hit"}
[client] {"a":1,"dup":false,"ev":"game","ms":299057,"predicted":false,"t":5,"tick":17749,"type":"hit"}
[client] {"a":0,"dup":false,"ev":"game","ms":299340,"predicted":false,"t":5,"tick":17766,"type":"hit"}
[client] {"a":1,"dup":false,"ev":"game","ms":299374,"predicted":false,"t":5,"tick":17768,"type":"hit"}
[client] {"a":0,"dup":false,"ev":"game","ms":299677,"predicted":false,"t":5,"tick":17786,"type":"hit"}
[client] {"a":1,"dup":false,"ev":"game","ms":299705,"predicted":false,"t":5,"tick":17788,"type":"hit"}
[client] {"counts":{"blocks_on_me":8,"conf_actions":193,"confirmed_hits":691,"dup_confirmed":0,"hits_on_me":90,"pred_actions":212,"predicted_confirmed":63,"predicted_hits":182,"reconnects":0},"ev":"stats","hp":100.0,"in_bytes":4027048,"late":0,"local_entity":5,"match":{"countdown_until":300,"ctrl":-1,"final":false,"next":"C","phase":3,"rot":491,"scores":[19,10],"sd":false,"state":3,"tick":17509,"zone":"A"},"max_err":2.215,"mean_err":0.0163,"ms":299959,"out_bytes":872563,"pending":8,"pos":[-38.56,0.36],"reconciles":5906,"server_tick":17808,"snaps":5920,"teleports":7}
[client] {"a":5,"dup":true,"ev":"game","ms":300010,"predicted":false,"t":1,"tick":17812,"type":"hit"}
[client] {"a":1,"dup":false,"ev":"game","ms":300492,"predicted":false,"t":5,"tick":17836,"type":"hit"}
[client] {"a":8,"dup":false,"ev":"game","ms":300657,"predicted":false,"t":0,"tick":17846,"type":"hit"}
[client] {"a":5,"dup":true,"ev":"game","ms":300844,"predicted":false,"t":0,"tick":17861,"type":"hit"}
[client] {"a":5,"dup":true,"ev":"game","ms":301175,"predicted":false,"t":0,"tick":17882,"type":"hit"}
[client] {"a":8,"dup":false,"ev":"game","ms":301609,"predicted":false,"t":1,"tick":17903,"type":"hit"}
[client] {"a":8,"dup":false,"ev":"game","ms":301623,"predicted":false,"t":0,"tick":17904,"type":"hit"}
[client] {"a":0,"dup":false,"ev":"game","ms":301623,"predicted":false,"t":-1,"tick":17904,"type":"ko"}
[client] {"a":5,"dup":true,"ev":"game","ms":301679,"predicted":false,"t":1,"tick":17912,"type":"hit"}
[client] {"a":5,"dup":true,"ev":"game","ms":302810,"predicted":false,"t":1,"tick":17980,"type":"hit"}
[client] {"a":1,"dup":false,"ev":"game","ms":303279,"predicted":false,"t":5,"tick":18003,"type":"hit"}
[client] {"a":1,"dup":false,"ev":"game","ms":303577,"predicted":false,"t":5,"tick":18021,"type":"hit"}
[client] {"a":1,"dup":false,"ev":"game","ms":304176,"predicted":false,"t":5,"tick":18057,"type":"hit"}
[client] {"a":5,"dup":false,"ev":"game","ms":304763,"predicted":false,"t":-1,"tick":18097,"type":"ko"}
[client] {"a":1,"dup":false,"ev":"game","ms":304846,"predicted":false,"t":5,"tick":18097,"type":"hit"}
[client] {"counts":{"blocks_on_me":8,"conf_actions":203,"confirmed_hits":704,"dup_confirmed":0,"hits_on_me":95,"pred_actions":222,"predicted_confirmed":68,"predicted_hits":190,"reconnects":0},"ev":"stats","hp":0.0,"in_bytes":4096645,"late":0,"local_entity":5,"match":{"countdown_until":300,"ctrl":-1,"final":false,"next":"C","phase":3,"rot":191,"scores":[19,10],"sd":false,"state":3,"tick":17809,"zone":"A"},"max_err":2.215,"mean_err":0.0165,"ms":304962,"out_bytes":887263,"pending":5,"pos":[-40.04,2.19],"reconciles":6007,"server_tick":18108,"snaps":6020,"teleports":7}
[client] {"a":8,"dup":false,"ev":"game","ms":305163,"predicted":false,"t":1,"tick":18116,"type":"hit"}
[client] {"a":8,"dup":false,"ev":"game","ms":306060,"predicted":false,"t":1,"tick":18170,"type":"hit"}
[client] {"a":1,"dup":false,"ev":"game","ms":306060,"predicted":false,"t":-1,"tick":18170,"type":"ko"}
[client] {"a":9,"dup":false,"ev":"game","ms":307274,"predicted":false,"t":2,"tick":18243,"type":"hit"}
[client] {"a":-1,"dup":false,"ev":"game","ms":308205,"predicted":false,"t":-1,"tick":18299,"type":"zone_rotated"}
[client] {"a":2,"dup":false,"ev":"game","ms":308771,"predicted":false,"t":9,"tick":18333,"type":"hit"}
[client] {"counts":{"blocks_on_me":8,"conf_actions":203,"confirmed_hits":708,"dup_confirmed":0,"hits_on_me":95,"pred_actions":222,"predicted_confirmed":68,"predicted_hits":190,"reconnects":0},"ev":"stats","hp":0.0,"in_bytes":4156097,"late":0,"local_entity":5,"match":{"countdown_until":300,"ctrl":0,"final":false,"next":"","phase":3,"rot":3491,"scores":[20,12],"sd":false,"state":2,"tick":18109,"zone":"C"},"max_err":2.215,"mean_err":0.0162,"ms":309957,"out_bytes":901963,"pending":8,"pos":[-40.04,2.19],"reconciles":6106,"server_tick":18408,"snaps":6120,"teleports":7}
[client] {"a":0,"dup":false,"ev":"game","ms":311642,"predicted":false,"t":-1,"tick":18504,"type":"respawn"}
[client] {"a":5,"dup":false,"ev":"game","ms":314761,"predicted":false,"t":-1,"tick":18697,"type":"respawn"}
[client] {"a":3,"dup":false,"ev":"game","ms":314878,"predicted":false,"t":7,"tick":18698,"type":"hit"}
[client] {"counts":{"blocks_on_me":8,"conf_actions":203,"confirmed_hits":709,"dup_confirmed":0,"hits_on_me":95,"pred_actions":222,"predicted_confirmed":68,"predicted_hits":190,"reconnects":0},"ev":"stats","hp":280.0,"in_bytes":4211822,"late":0,"local_entity":5,"match":{"countdown_until":300,"ctrl":-1,"final":false,"next":"","phase":3,"rot":3191,"scores":[25,12],"sd":false,"state":3,"tick":18409,"zone":"C"},"max_err":2.215,"mean_err":0.0159,"ms":314953,"out_bytes":916663,"pending":8,"pos":[-5.42,48.08],"reconciles":6205,"server_tick":18708,"snaps":6220,"teleports":8}
[client] {"a":7,"dup":false,"ev":"game","ms":315603,"predicted":false,"t":3,"tick":18742,"type":"hit"}
[client] {"a":1,"dup":false,"ev":"game","ms":316072,"predicted":false,"t":-1,"tick":18770,"type":"respawn"}
[client] {"a":7,"dup":false,"ev":"game","ms":318287,"predicted":false,"t":3,"tick":18903,"type":"hit"}
[client] {"a":7,"dup":false,"ev":"game","ms":318935,"predicted":false,"t":3,"tick":18942,"type":"hit"}
[client] {"a":4,"dup":false,"ev":"game","ms":319156,"predicted":false,"t":7,"tick":18955,"type":"hit"}
[client] {"a":6,"dup":false,"ev":"game","ms":319273,"predicted":false,"t":3,"tick":18962,"type":"hit"}
[client] {"a":3,"dup":false,"ev":"game","ms":319874,"predicted":false,"t":7,"tick":18998,"type":"hit"}
[client] {"counts":{"blocks_on_me":8,"conf_actions":203,"confirmed_hits":715,"dup_confirmed":0,"hits_on_me":95,"pred_actions":222,"predicted_confirmed":68,"predicted_hits":190,"reconnects":0},"ev":"stats","hp":280.0,"in_bytes":4274480,"late":0,"local_entity":5,"match":{"countdown_until":300,"ctrl":-1,"final":false,"next":"","phase":3,"rot":2891,"scores":[25,12],"sd":false,"state":3,"tick":18709,"zone":"C"},"max_err":2.215,"mean_err":0.0157,"ms":319955,"out_bytes":931363,"pending":8,"pos":[5.4,19.16],"reconciles":6305,"server_tick":19008,"snaps":6320,"teleports":8}
[client] {"a":6,"dup":false,"ev":"game","ms":319991,"predicted":false,"t":0,"tick":19005,"type":"hit"}
[client] {"a":3,"dup":false,"ev":"game","ms":320392,"predicted":false,"t":7,"tick":19029,"type":"block"}
[client] {"a":4,"dup":false,"ev":"game","ms":320991,"predicted":false,"t":6,"tick":19065,"type":"hit"}
[client] {"a":8,"dup":false,"ev":"game","ms":321488,"predicted":false,"t":4,"tick":19095,"type":"hit"}
[client] {"a":3,"dup":false,"ev":"game","ms":322171,"predicted":false,"t":6,"tick":19136,"type":"hit"}
[client] {"a":7,"dup":false,"ev":"game","ms":322310,"predicted":false,"t":3,"tick":19144,"type":"hit"}
[client] {"a":4,"dup":false,"ev":"game","ms":322523,"predicted":false,"t":8,"tick":19157,"type":"hit"}
[client] {"a":4,"dup":false,"ev":"game","ms":323441,"predicted":false,"t":8,"tick":19212,"type":"hit"}
[client] {"a":9,"dup":false,"ev":"game","ms":323855,"predicted":false,"t":2,"tick":19237,"type":"hit"}
[client] {"a":4,"dup":false,"ev":"game","ms":323959,"predicted":false,"t":8,"tick":19243,"type":"hit"}
[client] {"a":7,"dup":false,"ev":"game","ms":324242,"predicted":false,"t":3,"tick":19260,"type":"block"}
[client] {"a":0,"dup":false,"ev":"game","ms":324276,"predicted":false,"t":6,"tick":19262,"type":"hit"}
[client] {"a":0,"dup":false,"ev":"game","ms":324643,"predicted":false,"t":6,"tick":19284,"type":"hit"}
[client] {"a":7,"dup":false,"ev":"game","ms":324828,"predicted":false,"t":3,"tick":19295,"type":"block"}
[client] {"counts":{"blocks_on_me":8,"conf_actions":203,"confirmed_hits":726,"dup_confirmed":0,"hits_on_me":95,"pred_actions":222,"predicted_confirmed":68,"predicted_hits":190,"reconnects":0},"ev":"stats","hp":280.0,"in_bytes":4340591,"late":0,"local_entity":5,"match":{"countdown_until":300,"ctrl":-1,"final":false,"next":"","phase":3,"rot":2591,"scores":[25,12],"sd":false,"state":3,"tick":19009,"zone":"C"},"max_err":2.215,"mean_err":0.0154,"ms":324958,"out_bytes":946063,"pending":8,"pos":[34.71,4.48],"reconciles":6405,"server_tick":19308,"snaps":6420,"teleports":8}
[client] {"a":6,"dup":false,"ev":"game","ms":325056,"predicted":false,"t":0,"tick":19309,"type":"hit"}
[client] {"a":8,"dup":false,"ev":"game","ms":325256,"predicted":false,"t":3,"tick":19321,"type":"hit"}
[client] {"a":9,"dup":false,"ev":"game","ms":325277,"predicted":false,"t":3,"tick":19322,"type":"hit"}
[client] {"a":6,"dup":false,"ev":"game","ms":325312,"predicted":false,"t":0,"tick":19324,"type":"hit"}
[client] {"a":7,"dup":false,"ev":"game","ms":325407,"predicted":false,"t":3,"tick":19330,"type":"hit"}
[client] {"a":9,"dup":false,"ev":"game","ms":325525,"predicted":false,"t":3,"tick":19337,"type":"hit"}
[client] {"a":2,"dup":false,"ev":"game","ms":325691,"predicted":false,"t":7,"tick":19347,"type":"hit"}
[client] {"a":4,"dup":false,"ev":"game","ms":325890,"predicted":false,"t":8,"tick":19359,"type":"block"}
[client] {"a":6,"dup":false,"ev":"game","ms":326146,"predicted":false,"t":0,"tick":19374,"type":"hit"}
[client] {"a":1,"dup":false,"ev":"game","ms":326277,"predicted":false,"t":8,"tick":19382,"type":"hit"}
[client] {"a":0,"dup":false,"ev":"game","ms":326491,"predicted":false,"t":6,"tick":19396,"type":"hit"}
[client] {"a":2,"dup":false,"ev":"game","ms":326525,"predicted":false,"t":8,"tick":19398,"type":"hit"}
[client] {"a":3,"dup":false,"ev":"game","ms":326595,"predicted":false,"t":9,"tick":19402,"type":"hit"}
[client] {"a":1,"dup":false,"ev":"game","ms":327043,"predicted":false,"t":9,"tick":19429,"type":"hit"}
[client] {"a":0,"dup":false,"ev":"game","ms":327278,"predicted":false,"t":6,"tick":19443,"type":"hit"}
[client] {"a":4,"dup":false,"ev":"game","ms":327512,"predicted":false,"t":7,"tick":19457,"type":"parry"}
[client] {"a":5,"dup":true,"ev":"game","ms":327560,"predicted":false,"t":0,"tick":19465,"type":"hit"}
[client] {"a":5,"dup":false,"ev":"game","ms":327595,"predicted":false,"t":3,"tick":19466,"type":"block"}
[client] {"a":2,"dup":false,"ev":"game","ms":327808,"predicted":false,"t":7,"tick":19475,"type":"hit"}
[client] {"a":1,"dup":false,"ev":"game","ms":327843,"predicted":false,"t":7,"tick":19477,"type":"hit"}
[client] {"a":6,"dup":false,"ev":"game","ms":327843,"predicted":false,"t":3,"tick":19477,"type":"block"}
[client] {"a":1,"dup":false,"ev":"game","ms":328161,"predicted":false,"t":7,"tick":19496,"type":"block"}
[client] {"a":9,"dup":false,"ev":"game","ms":328196,"predicted":false,"t":1,"tick":19498,"type":"hit"}
[client] {"a":0,"dup":false,"ev":"game","ms":328561,"predicted":false,"t":6,"tick":19520,"type":"hit"}
[client] {"a":2,"dup":false,"ev":"game","ms":328561,"predicted":false,"t":7,"tick":19520,"type":"block"}
[client] {"a":9,"dup":false,"ev":"game","ms":328713,"predicted":false,"t":1,"tick":19529,"type":"hit"}
[client] {"a":6,"dup":false,"ev":"game","ms":328927,"predicted":false,"t":3,"tick":19542,"type":"hit"}
[client] {"a":0,"dup":false,"ev":"game","ms":329064,"predicted":false,"t":6,"tick":19550,"type":"hit"}
[client] {"a":7,"dup":false,"ev":"game","ms":329092,"predicted":false,"t":2,"tick":19552,"type":"hit"}
[client] {"a":1,"dup":false,"ev":"game","ms":329175,"predicted":false,"t":7,"tick":19557,"type":"hit"}
[client] {"a":0,"dup":false,"ev":"game","ms":329410,"predicted":false,"t":5,"tick":19571,"type":"hit"}
[client] {"a":6,"dup":false,"ev":"game","ms":329575,"predicted":false,"t":3,"tick":19581,"type":"hit"}
[client] {"a":7,"dup":false,"ev":"game","ms":329714,"predicted":false,"t":2,"tick":19589,"type":"block"}
[client] {"a":7,"dup":false,"ev":"game","ms":329748,"predicted":false,"t":1,"tick":19591,"type":"hit"}
[client] {"a":8,"dup":false,"ev":"game","ms":329761,"predicted":false,"t":4,"tick":19592,"type":"hit"}
[client] {"counts":{"blocks_on_me":8,"conf_actions":208,"confirmed_hits":754,"dup_confirmed":0,"hits_on_me":96,"pred_actions":227,"predicted_confirmed":69,"predicted_hits":195,"reconnects":0},"ev":"stats","hp":262.0,"in_bytes":4420910,"late":0,"local_entity":5,"match":{"countdown_until":300,"ctrl":-1,"final":false,"next":"","phase":3,"rot":2291,"scores":[25,12],"sd":false,"state":3,"tick":19309,"zone":"C"},"max_err":2.215,"mean_err":0.0153,"ms":329954,"out_bytes":960763,"pending":8,"pos":[42.05,-0.83],"reconciles":6505,"server_tick":19608,"snaps":6520,"teleports":8}
[client] {"a":5,"dup":true,"ev":"game","ms":330004,"predicted":false,"t":0,"tick":19611,"type":"hit"}
[client] {"a":9,"dup":false,"ev":"game","ms":330190,"predicted":false,"t":2,"tick":19617,"type":"block"}
[client] {"a":6,"dup":false,"ev":"game","ms":330238,"predicted":false,"t":0,"tick":19621,"type":"hit"}
[client] {"a":8,"dup":false,"ev":"game","ms":330258,"predicted":false,"t":3,"tick":19622,"type":"hit"}
[client] {"a":8,"dup":false,"ev":"game","ms":330258,"predicted":false,"t":4,"tick":19622,"type":"block"}
[client] {"a":2,"dup":false,"ev":"game","ms":330887,"predicted":false,"t":9,"tick":19660,"type":"hit"}
[client] {"a":2,"dup":false,"ev":"game","ms":331825,"predicted":false,"t":9,"tick":19716,"type":"hit"}
[client] {"a":0,"dup":false,"ev":"game","ms":331955,"predicted":false,"t":5,"tick":19724,"type":"hit"}
[client] {"a":6,"dup":false,"ev":"game","ms":332508,"predicted":false,"t":4,"tick":19756,"type":"hit"}
[client] {"a":6,"dup":false,"ev":"game","ms":332804,"predicted":false,"t":4,"tick":19775,"type":"hit"}
[client] {"a":0,"dup":false,"ev":"game","ms":332909,"predicted":false,"t":6,"tick":19780,"type":"hit"}
[client] {"a":1,"dup":false,"ev":"game","ms":333205,"predicted":false,"t":5,"tick":19799,"type":"hit"}
[client] {"a":1,"dup":false,"ev":"game","ms":333205,"predicted":false,"t":6,"tick":19799,"type":"hit"}
[client] {"a":1,"dup":false,"ev":"game","ms":333791,"predicted":false,"t":5,"tick":19834,"type":"hit"}
[client] {"a":6,"dup":false,"ev":"game","ms":333888,"predicted":false,"t":1,"tick":19839,"type":"hit"}
[client] {"a":4,"dup":false,"ev":"game","ms":334543,"predicted":false,"t":6,"tick":19879,"type":"hit"}
[client] {"a":4,"dup":false,"ev":"game","ms":334557,"predicted":false,"t":5,"tick":19880,"type":"block"}
[client] {"a":9,"dup":false,"ev":"game","ms":334757,"predicted":false,"t":1,"tick":19892,"type":"hit"}
[client] {"a":0,"dup":false,"ev":"game","ms":334874,"predicted":false,"t":5,"tick":19898,"type":"hit"}
[client] {"counts":{"blocks_on_me":9,"conf_actions":213,"confirmed_hits":770,"dup_confirmed":0,"hits_on_me":100,"pred_actions":232,"predicted_confirmed":70,"predicted_hits":196,"reconnects":0},"ev":"stats","hp":177.0,"in_bytes":4493305,"late":0,"local_entity":5,"match":{"countdown_until":300,"ctrl":-1,"final":false,"next":"","phase":3,"rot":1991,"scores":[25,12],"sd":false,"state":3,"tick":19609,"zone":"C"},"max_err":2.215,"mean_err":0.0158,"ms":334956,"out_bytes":975463,"pending":5,"pos":[41.93,0.19],"reconciles":6606,"server_tick":19908,"snaps":6620,"teleports":8}
[client] {"a":9,"dup":false,"ev":"game","ms":334971,"predicted":false,"t":1,"tick":19905,"type":"hit"}
[client] {"a":2,"dup":false,"ev":"game","ms":335206,"predicted":false,"t":9,"tick":19919,"type":"hit"}
[client] {"a":4,"dup":false,"ev":"game","ms":335357,"predicted":false,"t":5,"tick":19928,"type":"hit"}
[client] {"a":1,"dup":false,"ev":"game","ms":335544,"predicted":false,"t":9,"tick":19939,"type":"hit"}
[client] {"a":6,"dup":false,"ev":"game","ms":335606,"predicted":false,"t":0,"tick":19943,"type":"hit"}
[client] {"a":8,"dup":false,"ev":"game","ms":335744,"predicted":false,"t":1,"tick":19951,"type":"hit"}
[client] {"a":8,"dup":false,"ev":"game","ms":335757,"predicted":false,"t":2,"tick":19952,"type":"hit"}
[client] {"a":5,"dup":false,"ev":"game","ms":335861,"predicted":false,"t":4,"tick":19963,"type":"block"}
[client] {"a":6,"dup":false,"ev":"game","ms":336275,"predicted":false,"t":2,"tick":19982,"type":"hit"}
[client] {"a":1,"dup":false,"ev":"game","ms":336344,"predicted":false,"t":5,"tick":19986,"type":"hit"}
[client] {"a":1,"dup":false,"ev":"game","ms":336544,"predicted":false,"t":5,"tick":19999,"type":"hit"}
[client] {"a":6,"dup":false,"ev":"game","ms":336689,"predicted":false,"t":2,"tick":20007,"type":"hit"}
[client] {"a":8,"dup":false,"ev":"game","ms":336793,"predicted":false,"t":0,"tick":20014,"type":"hit"}
[client] {"a":0,"dup":false,"ev":"game","ms":336793,"predicted":false,"t":-1,"tick":20014,"type":"ko"}
[client] {"a":2,"dup":false,"ev":"game","ms":337041,"predicted":false,"t":8,"tick":20029,"type":"hit"}
[client] {"a":5,"dup":true,"ev":"game","ms":337063,"predicted":false,"t":1,"tick":20035,"type":"hit"}
[client] {"a":5,"dup":true,"ev":"game","ms":337393,"predicted":false,"t":1,"tick":20055,"type":"hit"}
[client] {"a":4,"dup":false,"ev":"game","ms":337524,"predicted":false,"t":5,"tick":20057,"type":"hit"}
[client] {"a":6,"dup":false,"ev":"game","ms":337689,"predicted":false,"t":2,"tick":20067,"type":"hit"}
[client] {"a":5,"dup":true,"ev":"game","ms":337993,"predicted":false,"t":1,"tick":20091,"type":"hit"}
[client] {"a":4,"dup":false,"ev":"game","ms":338179,"predicted":false,"t":5,"tick":20097,"type":"hit"}
[client] {"a":2,"dup":false,"ev":"game","ms":338311,"predicted":false,"t":8,"tick":20104,"type":"hit"}
[client] {"a":5,"dup":true,"ev":"game","ms":338546,"predicted":false,"t":4,"tick":20124,"type":"hit"}
[client] {"a":2,"dup":false,"ev":"game","ms":338844,"predicted":false,"t":8,"tick":20137,"type":"block"}
[client] {"a":4,"dup":false,"ev":"game","ms":339428,"predicted":false,"t":5,"tick":20172,"type":"hit"}
[client] {"a":2,"dup":false,"ev":"game","ms":339525,"predicted":false,"t":8,"tick":20177,"type":"hit"}
[client] {"a":5,"dup":true,"ev":"game","ms":339746,"predicted":false,"t":4,"tick":20196,"type":"hit"}
[client] {"counts":{"blocks_on_me":9,"conf_actions":223,"confirmed_hits":794,"dup_confirmed":0,"hits_on_me":106,"pred_actions":242,"predicted_confirmed":75,"predicted_hits":208,"reconnects":0},"ev":"stats","hp":59.0,"in_bytes":4570701,"late":0,"local_entity":5,"match":{"countdown_until":300,"ctrl":-1,"final":false,"next":"","phase":3,"rot":1691,"scores":[25,12],"sd":false,"state":3,"tick":19909,"zone":"C"},"max_err":2.215,"mean_err":0.0158,"ms":339959,"out_bytes":990163,"pending":5,"pos":[42.95,-1.31],"reconciles":6706,"server_tick":20208,"snaps":6720,"teleports":8}
[client] {"a":5,"dup":false,"ev":"game","ms":340112,"predicted":false,"t":4,"tick":20217,"type":"block"}
[client] {"a":6,"dup":false,"ev":"game","ms":340595,"predicted":false,"t":1,"tick":20241,"type":"hit"}
[client] {"a":1,"dup":false,"ev":"game","ms":340595,"predicted":false,"t":-1,"tick":20241,"type":"ko"}
[client] {"a":7,"dup":false,"ev":"game","ms":340595,"predicted":false,"t":2,"tick":20242,"type":"hit"}
[client] {"a":5,"dup":false,"ev":"game","ms":340795,"predicted":false,"t":4,"tick":20259,"type":"guard_break"}
[client] {"a":5,"dup":true,"ev":"game","ms":341478,"predicted":false,"t":4,"tick":20300,"type":"hit"}
[client] {"a":5,"dup":false,"ev":"game","ms":341829,"predicted":false,"t":4,"tick":20320,"type":"guard_break"}
[client] {"a":5,"dup":true,"ev":"game","ms":342181,"predicted":false,"t":4,"tick":20341,"type":"hit"}
[client] {"a":6,"dup":false,"ev":"game","ms":343354,"predicted":false,"t":3,"tick":20408,"type":"hit"}
[client] {"counts":{"blocks_on_me":9,"conf_actions":229,"confirmed_hits":799,"dup_confirmed":0,"hits_on_me":106,"pred_actions":248,"predicted_confirmed":77,"predicted_hits":214,"reconnects":0},"ev":"stats","hp":59.0,"in_bytes":4634519,"late":0,"local_entity":5,"match":{"countdown_until":300,"ctrl":-1,"final":false,"next":"","phase":3,"rot":1391,"scores":[25,12],"sd":false,"state":3,"tick":20209,"zone":"C"},"max_err":2.215,"mean_err":0.0157,"ms":344954,"out_bytes":1004863,"pending":5,"pos":[42.53,-0.09],"reconciles":6806,"server_tick":20508,"snaps":6820,"teleports":8}
[client] {"a":7,"dup":false,"ev":"game","ms":345342,"predicted":false,"t":3,"tick":20527,"type":"block"}
[client] {"a":7,"dup":false,"ev":"game","ms":345977,"predicted":false,"t":3,"tick":20565,"type":"block"}
[client] {"a":0,"dup":false,"ev":"game","ms":346791,"predicted":false,"t":-1,"tick":20614,"type":"respawn"}
[client] {"a":7,"dup":false,"ev":"game","ms":346873,"predicted":false,"t":3,"tick":20619,"type":"hit"}
[client] {"a":5,"dup":true,"ev":"game","ms":347062,"predicted":false,"t":3,"tick":20634,"type":"hit"}
[client] {"a":6,"dup":false,"ev":"game","ms":347177,"predicted":false,"t":3,"tick":20637,"type":"hit"}
[client] {"a":7,"dup":false,"ev":"game","ms":347377,"predicted":false,"t":3,"tick":20649,"type":"hit"}
[client] {"a":6,"dup":false,"ev":"game","ms":347639,"predicted":false,"t":3,"tick":20665,"type":"hit"}
[client] {"a":7,"dup":false,"ev":"game","ms":347860,"predicted":false,"t":3,"tick":20678,"type":"hit"}
[client] {"a":3,"dup":false,"ev":"game","ms":347860,"predicted":false,"t":-1,"tick":20678,"type":"ko"}
[client] {"counts":{"blocks_on_me":9,"conf_actions":230,"confirmed_hits":805,"dup_confirmed":0,"hits_on_me":106,"pred_actions":249,"predicted_confirmed":78,"predicted_hits":216,"reconnects":0},"ev":"stats","hp":59.0,"in_bytes":4695702,"late":0,"local_entity":5,"match":{"countdown_until":300,"ctrl":1,"final":false,"next":"","phase":3,"rot":1091,"scores":[25,14],"sd":false,"state":2,"tick":20509,"zone":"C"},"max_err":2.215,"mean_err":0.0156,"ms":349957,"out_bytes":1019563,"pending":5,"pos":[41.68,-0.51],"reconciles":6906,"server_tick":20808,"snaps":6920,"teleports":8}
[client] {"a":1,"dup":false,"ev":"game","ms":350579,"predicted":false,"t":-1,"tick":20841,"type":"respawn"}
[client] {"a":8,"dup":false,"ev":"game","ms":352214,"predicted":false,"t":4,"tick":20939,"type":"hit"}
[client] {"a":4,"dup":false,"ev":"game","ms":352828,"predicted":false,"t":8,"tick":20976,"type":"hit"}
[client] {"a":4,"dup":false,"ev":"game","ms":353318,"predicted":false,"t":8,"tick":21005,"type":"block"}
[client] {"a":7,"dup":false,"ev":"game","ms":353891,"predicted":false,"t":2,"tick":21039,"type":"hit"}
[client] {"counts":{"blocks_on_me":9,"conf_actions":230,"confirmed_hits":808,"dup_confirmed":0,"hits_on_me":106,"pred_actions":249,"predicted_confirmed":78,"predicted_hits":216,"reconnects":0},"ev":"stats","hp":94.9999999999997,"in_bytes":4752996,"late":0,"local_entity":5,"match":{"countdown_until":300,"ctrl":1,"final":false,"next":"B","phase":3,"rot":791,"scores":[25,19],"sd":false,"state":2,"tick":20809,"zone":"C"},"max_err":2.215,"mean_err":0.0154,"ms":354952,"out_bytes":1034263,"pending":8,"pos":[41.68,-0.51],"reconciles":7005,"server_tick":21108,"snaps":7020,"teleports":8}
[client] {"a":7,"dup":false,"ev":"game","ms":354988,"predicted":false,"t":2,"tick":21105,"type":"hit"}
[client] {"a":8,"dup":false,"ev":"game","ms":355119,"predicted":false,"t":2,"tick":21113,"type":"hit"}
[client] {"a":7,"dup":false,"ev":"game","ms":356895,"predicted":false,"t":2,"tick":21219,"type":"hit"}
[client] {"a":4,"dup":false,"ev":"game","ms":357189,"predicted":false,"t":8,"tick":21237,"type":"hit"}
[client] {"a":4,"dup":false,"ev":"game","ms":357659,"predicted":false,"t":8,"tick":21265,"type":"hit"}
[client] {"a":3,"dup":false,"ev":"game","ms":357872,"predicted":false,"t":-1,"tick":21278,"type":"respawn"}
[client] {"a":0,"dup":false,"ev":"game","ms":358672,"predicted":false,"t":6,"tick":21326,"type":"hit"}
[client] {"a":5,"dup":true,"ev":"game","ms":358693,"predicted":false,"t":0,"tick":21332,"type":"hit"}
[client] {"a":9,"dup":false,"ev":"game","ms":358728,"predicted":false,"t":0,"tick":21329,"type":"hit"}
[client] {"a":8,"dup":false,"ev":"game","ms":358838,"predicted":false,"t":4,"tick":21336,"type":"hit"}
[client] {"a":7,"dup":false,"ev":"game","ms":359590,"predicted":false,"t":4,"tick":21381,"type":"hit"}
[client] {"a":9,"dup":false,"ev":"game","ms":359825,"predicted":false,"t":0,"tick":21395,"type":"hit"}
[client] {"counts":{"blocks_on_me":9,"conf_actions":232,"confirmed_hits":819,"dup_confirmed":0,"hits_on_me":106,"pred_actions":251,"predicted_confirmed":79,"predicted_hits":218,"reconnects":0},"ev":"stats","hp":156.2,"in_bytes":4821191,"late":0,"local_entity":5,"match":{"countdown_until":300,"ctrl":-1,"final":false,"next":"B","phase":3,"rot":491,"scores":[25,21],"sd":false,"state":3,"tick":21109,"zone":"C"},"max_err":2.215,"mean_err":0.0152,"ms":359955,"out_bytes":1048963,"pending":5,"pos":[41.56,0.05],"reconciles":7106,"server_tick":21408,"snaps":7120,"teleports":8}
[client] {"a":1,"dup":false,"ev":"game","ms":360039,"predicted":false,"t":7,"tick":21408,"type":"hit"}
[client] {"a":1,"dup":false,"ev":"game","ms":361095,"predicted":false,"t":7,"tick":21471,"type":"parry"}
[client] {"a":7,"dup":false,"ev":"game","ms":361978,"predicted":false,"t":1,"tick":21525,"type":"hit"}
[client] {"a":9,"dup":false,"ev":"game","ms":362226,"predicted":false,"t":0,"tick":21539,"type":"hit"}
[client] {"a":9,"dup":false,"ev":"game","ms":362697,"predicted":false,"t":0,"tick":21568,"type":"hit"}
[client] {"a":1,"dup":false,"ev":"game","ms":363123,"predicted":false,"t":7,"tick":21594,"type":"hit"}
[client] {"a":0,"dup":false,"ev":"game","ms":363288,"predicted":false,"t":9,"tick":21603,"type":"hit"}
[client] {"a":9,"dup":false,"ev":"game","ms":364524,"predicted":false,"t":0,"tick":21677,"type":"hit"}
[client] {"counts":{"blocks_on_me":9,"conf_actions":232,"confirmed_hits":826,"dup_confirmed":0,"hits_on_me":106,"pred_actions":251,"predicted_confirmed":79,"predicted_hits":218,"reconnects":0},"ev":"stats","hp":157.4,"in_bytes":4883659,"late":0,"local_entity":5,"match":{"countdown_until":300,"ctrl":-1,"final":false,"next":"B","phase":3,"rot":191,"scores":[25,21],"sd":false,"state":3,"tick":21409,"zone":"C"},"max_err":2.215,"mean_err":0.015,"ms":364950,"out_bytes":1063663,"pending":8,"pos":[41.56,0.05],"reconciles":7205,"server_tick":21708,"snaps":7220,"teleports":8}
[client] {"a":8,"dup":false,"ev":"game","ms":364952,"predicted":false,"t":1,"tick":21703,"type":"hit"}
[client] {"a":9,"dup":false,"ev":"game","ms":365007,"predicted":false,"t":0,"tick":21706,"type":"hit"}
[client] {"a":1,"dup":false,"ev":"game","ms":365338,"predicted":false,"t":8,"tick":21726,"type":"hit"}
[client] {"a":0,"dup":false,"ev":"game","ms":365441,"predicted":false,"t":9,"tick":21732,"type":"hit"}
[client] {"a":7,"dup":false,"ev":"game","ms":365586,"predicted":false,"t":1,"tick":21741,"type":"hit"}
[client] {"a":0,"dup":false,"ev":"game","ms":365772,"predicted":false,"t":9,"tick":21752,"type":"block"}
[client] {"a":0,"dup":false,"ev":"game","ms":366221,"predicted":false,"t":9,"tick":21779,"type":"block"}
[client] {"a":8,"dup":false,"ev":"game","ms":366221,"predicted":false,"t":1,"tick":21779,"type":"hit"}
[client] {"a":0,"dup":false,"ev":"game","ms":366869,"predicted":false,"t":9,"tick":21818,"type":"block"}
[client] {"a":1,"dup":false,"ev":"game","ms":367008,"predicted":false,"t":7,"tick":21826,"type":"hit"}
[client] {"a":0,"dup":false,"ev":"game","ms":367643,"predicted":false,"t":9,"tick":21864,"type":"hit"}
[client] {"a":0,"dup":false,"ev":"game","ms":367973,"predicted":false,"t":9,"tick":21884,"type":"block"}
[client] {"a":8,"dup":false,"ev":"game","ms":367987,"predicted":false,"t":1,"tick":21885,"type":"hit"}
[client] {"a":-1,"dup":false,"ev":"game","ms":368222,"predicted":false,"t":-1,"tick":21899,"type":"zone_rotated"}
[client] {"a":8,"dup":false,"ev":"game","ms":369410,"predicted":false,"t":1,"tick":21970,"type":"hit"}
[client] {"a":9,"dup":false,"ev":"game","ms":369643,"predicted":false,"t":0,"tick":21984,"type":"hit"}
[client] {"a":1,"dup":false,"ev":"game","ms":369789,"predicted":false,"t":8,"tick":21993,"type":"hit"}
[client] {"counts":{"blocks_on_me":9,"conf_actions":232,"confirmed_hits":838,"dup_confirmed":0,"hits_on_me":106,"pred_actions":251,"predicted_confirmed":79,"predicted_hits":218,"reconnects":0},"ev":"stats","hp":247.400000000004,"in_bytes":4950414,"late":0,"local_entity":5,"match":{"countdown_until":300,"ctrl":0,"final":false,"next":"","phase":3,"rot":3491,"scores":[26,21],"sd":false,"state":2,"tick":21709,"zone":"B"},"max_err":2.215,"mean_err":0.0149,"ms":369953,"out_bytes":1078363,"pending":8,"pos":[30.76,-4.31],"reconciles":7305,"server_tick":22008,"snaps":7320,"teleports":8}
[client] {"a":8,"dup":false,"ev":"game","ms":371741,"predicted":false,"t":1,"tick":22110,"type":"hit"}
[client] {"a":3,"dup":false,"ev":"game","ms":374004,"predicted":false,"t":6,"tick":22246,"type":"hit"}
[client] {"counts":{"blocks_on_me":9,"conf_actions":235,"confirmed_hits":840,"dup_confirmed":0,"hits_on_me":106,"pred_actions":254,"predicted_confirmed":79,"predicted_hits":218,"reconnects":0},"ev":"stats","hp":280.0,"in_bytes":5017026,"late":0,"local_entity":5,"match":{"countdown_until":300,"ctrl":-1,"final":false,"next":"","phase":3,"rot":3191,"scores":[29,21],"sd":false,"state":3,"tick":22009,"zone":"B"},"max_err":2.215,"mean_err":0.0147,"ms":374955,"out_bytes":1093063,"pending":8,"pos":[8.39,-3.04],"reconciles":7405,"server_tick":22308,"snaps":7420,"teleports":8}
[client] {"a":4,"dup":false,"ev":"game","ms":374984,"predicted":false,"t":5,"tick":22305,"type":"block"}
[client] {"a":4,"dup":false,"ev":"game","ms":375488,"predicted":false,"t":5,"tick":22335,"type":"block"}
[client] {"a":1,"dup":false,"ev":"game","ms":375854,"predicted":false,"t":6,"tick":22357,"type":"hit"}
[client] {"a":4,"dup":false,"ev":"game","ms":376157,"predicted":false,"t":5,"tick":22375,"type":"block"}
[client] {"a":1,"dup":false,"ev":"game","ms":376171,"predicted":false,"t":6,"tick":22376,"type":"hit"}
[client] {"a":1,"dup":false,"ev":"game","ms":376557,"predicted":false,"t":6,"tick":22399,"type":"hit"}
[client] {"a":4,"dup":false,"ev":"game","ms":376640,"predicted":false,"t":5,"tick":22404,"type":"hit"}
[client] {"a":4,"dup":false,"ev":"game","ms":377089,"predicted":false,"t":5,"tick":22431,"type":"hit"}
[client] {"a":5,"dup":true,"ev":"game","ms":377371,"predicted":false,"t":4,"tick":22453,"type":"hit"}
[client] {"a":8,"dup":false,"ev":"game","ms":377668,"predicted":false,"t":4,"tick":22466,"type":"block"}
[client] {"a":7,"dup":false,"ev":"game","ms":377724,"predicted":false,"t":3,"tick":22469,"type":"block"}
[client] {"a":7,"dup":false,"ev":"game","ms":377772,"predicted":false,"t":0,"tick":22472,"type":"hit"}
[client] {"a":5,"dup":false,"ev":"game","ms":377772,"predicted":false,"t":4,"tick":22477,"type":"block"}
[client] {"a":6,"dup":false,"ev":"game","ms":378020,"predicted":false,"t":2,"tick":22487,"type":"hit"}
[client] {"a":6,"dup":false,"ev":"game","ms":378041,"predicted":false,"t":0,"tick":22488,"type":"hit"}
[client] {"a":6,"dup":false,"ev":"game","ms":378359,"predicted":false,"t":2,"tick":22507,"type":"block"}
[client] {"a":6,"dup":false,"ev":"game","ms":378372,"predicted":false,"t":0,"tick":22508,"type":"hit"}
[client] {"a":0,"dup":false,"ev":"game","ms":378372,"predicted":false,"t":-1,"tick":22508,"type":"ko"}
[client] {"a":1,"dup":false,"ev":"game","ms":378441,"predicted":false,"t":6,"tick":22512,"type":"hit"}
[client] {"a":7,"dup":false,"ev":"game","ms":378622,"predicted":false,"t":3,"tick":22523,"type":"hit"}
[client] {"a":6,"dup":false,"ev":"game","ms":378807,"predicted":false,"t":2,"tick":22534,"type":"block"}
[client] {"a":1,"dup":false,"ev":"game","ms":379207,"predicted":false,"t":7,"tick":22558,"type":"hit"}
[client] {"a":3,"dup":false,"ev":"game","ms":379241,"predicted":false,"t":7,"tick":22560,"type":"hit"}
[client] {"a":3,"dup":false,"ev":"game","ms":379759,"predicted":false,"t":7,"tick":22591,"type":"hit"}
[client] {"a":1,"dup":false,"ev":"game","ms":379808,"predicted":false,"t":7,"tick":22594,"type":"hit"}
[client] {"counts":{"blocks_on_me":12,"conf_actions":239,"confirmed_hits":856,"dup_confirmed":0,"hits_on_me":108,"pred_actions":258,"predicted_confirmed":80,"predicted_hits":227,"reconnects":0},"ev":"stats","hp":244.0,"in_bytes":5093605,"late":0,"local_entity":5,"match":{"countdown_until":300,"ctrl":-1,"final":false,"next":"","phase":3,"rot":2891,"scores":[29,21],"sd":false,"state":3,"tick":22309,"zone":"B"},"max_err":2.215,"mean_err":0.0149,"ms":379958,"out_bytes":1107763,"pending":8,"pos":[1.44,-2.82],"reconciles":7505,"server_tick":22608,"snaps":7520,"teleports":8}
[client] {"a":9,"dup":false,"ev":"game","ms":380090,"predicted":false,"t":4,"tick":22611,"type":"hit"}
[client] {"a":1,"dup":false,"ev":"game","ms":380125,"predicted":false,"t":7,"tick":22613,"type":"hit"}
[client] {"a":2,"dup":false,"ev":"game","ms":380125,"predicted":false,"t":7,"tick":22613,"type":"hit"}
[client] {"a":3,"dup":false,"ev":"game","ms":380290,"predicted":false,"t":7,"tick":22623,"type":"block"}
[client] {"a":8,"dup":false,"ev":"game","ms":380538,"predicted":false,"t":4,"tick":22638,"type":"hit"}
[client] {"a":6,"dup":false,"ev":"game","ms":380705,"predicted":false,"t":4,"tick":22648,"type":"hit"}
[client] {"a":4,"dup":false,"ev":"game","ms":381573,"predicted":false,"t":6,"tick":22700,"type":"hit"}
[client] {"a":4,"dup":false,"ev":"game","ms":381608,"predicted":false,"t":9,"tick":22702,"type":"hit"}
[client] {"a":6,"dup":false,"ev":"game","ms":381939,"predicted":false,"t":4,"tick":22722,"type":"hit"}
[client] {"a":2,"dup":false,"ev":"game","ms":382443,"predicted":false,"t":5,"tick":22752,"type":"hit"}
[client] {"a":6,"dup":false,"ev":"game","ms":383223,"predicted":false,"t":2,"tick":22799,"type":"hit"}
[client] {"a":5,"dup":true,"ev":"game","ms":383776,"predicted":false,"t":2,"tick":22837,"type":"hit"}
[client] {"a":2,"dup":false,"ev":"game","ms":383844,"predicted":false,"t":8,"tick":22836,"type":"hit"}
[client] {"a":5,"dup":true,"ev":"game","ms":384093,"predicted":false,"t":2,"tick":22857,"type":"hit"}
[client] {"a":1,"dup":false,"ev":"game","ms":384388,"predicted":false,"t":6,"tick":22869,"type":"hit"}
[client] {"a":1,"dup":false,"ev":"game","ms":384444,"predicted":false,"t":5,"tick":22872,"type":"hit"}
[client] {"counts":{"blocks_on_me":12,"conf_actions":246,"confirmed_hits":871,"dup_confirmed":0,"hits_on_me":110,"pred_actions":266,"predicted_confirmed":82,"predicted_hits":230,"reconnects":0},"ev":"stats","hp":168.0,"in_bytes":5162491,"late":0,"local_entity":5,"match":{"countdown_until":300,"ctrl":-1,"final":false,"next":"","phase":3,"rot":2591,"scores":[29,21],"sd":false,"state":3,"tick":22609,"zone":"B"},"max_err":2.215,"mean_err":0.0151,"ms":384960,"out_bytes":1122463,"pending":8,"pos":[2.62,-3.24],"reconciles":7605,"server_tick":22908,"snaps":7620,"teleports":8}
[client] {"a":9,"dup":false,"ev":"game","ms":385141,"predicted":false,"t":1,"tick":22915,"type":"hit"}
[client] {"a":9,"dup":false,"ev":"game","ms":385141,"predicted":false,"t":2,"tick":22915,"type":"hit"}
[client] {"a":6,"dup":false,"ev":"game","ms":385280,"predicted":false,"t":1,"tick":22922,"type":"hit"}
[client] {"a":2,"dup":false,"ev":"game","ms":385575,"predicted":false,"t":6,"tick":22940,"type":"hit"}
[client] {"a":2,"dup":false,"ev":"game","ms":385596,"predicted":false,"t":5,"tick":22941,"type":"hit"}
[client] {"a":2,"dup":false,"ev":"game","ms":386363,"predicted":false,"t":9,"tick":22988,"type":"hit"}
[client] {"a":1,"dup":false,"ev":"game","ms":386659,"predicted":false,"t":6,"tick":23006,"type":"hit"}
[client] {"a":1,"dup":false,"ev":"game","ms":386659,"predicted":false,"t":9,"tick":23006,"type":"block"}
[client] {"a":1,"dup":false,"ev":"game","ms":386880,"predicted":false,"t":9,"tick":23019,"type":"hit"}
[client] {"a":5,"dup":true,"ev":"game","ms":386963,"predicted":false,"t":2,"tick":23029,"type":"hit"}
[client] {"a":5,"dup":true,"ev":"game","ms":387563,"predicted":false,"t":1,"tick":23065,"type":"hit"}
[client] {"a":9,"dup":false,"ev":"game","ms":387576,"predicted":false,"t":2,"tick":23061,"type":"hit"}
[client] {"a":1,"dup":false,"ev":"game","ms":387646,"predicted":false,"t":-1,"tick":23065,"type":"ko"}
[client] {"a":9,"dup":false,"ev":"game","ms":387846,"predicted":false,"t":2,"tick":23077,"type":"hit"}
[client] {"a":2,"dup":false,"ev":"game","ms":388364,"predicted":false,"t":9,"tick":23108,"type":"hit"}
[client] {"a":0,"dup":false,"ev":"game","ms":388364,"predicted":false,"t":-1,"tick":23108,"type":"respawn"}
[client] {"a":5,"dup":false,"ev":"game","ms":388647,"predicted":false,"t":2,"tick":23129,"type":"block"}
[client] {"a":6,"dup":false,"ev":"game","ms":388826,"predicted":false,"t":2,"tick":23136,"type":"hit"}
[client] {"a":2,"dup":false,"ev":"game","ms":389365,"predicted":false,"t":9,"tick":23168,"type":"hit"}
[client] {"a":2,"dup":false,"ev":"game","ms":389895,"predicted":false,"t":9,"tick":23200,"type":"block"}
[client] {"counts":{"blocks_on_me":12,"conf_actions":255,"confirmed_hits":886,"dup_confirmed":0,"hits_on_me":111,"pred_actions":274,"predicted_confirmed":84,"predicted_hits":237,"reconnects":0},"ev":"stats","hp":154.0,"in_bytes":5232741,"late":0,"local_entity":5,"match":{"countdown_until":300,"ctrl":-1,"final":false,"next":"","phase":3,"rot":2291,"scores":[29,21],"sd":false,"state":3,"tick":22909,"zone":"B"},"max_err":2.215,"mean_err":0.0152,"ms":389963,"out_bytes":1137163,"pending":8,"pos":[1.19,-2.64],"reconciles":7705,"server_tick":23208,"snaps":7720,"teleports":8}
[client] {"a":5,"dup":true,"ev":"game","ms":390000,"predicted":false,"t":2,"tick":23211,"type":"hit"}
[client] {"a":5,"dup":true,"ev":"game","ms":390903,"predicted":false,"t":2,"tick":23265,"type":"hit"}
[client] {"a":8,"dup":false,"ev":"game","ms":392821,"predicted":false,"t":3,"tick":23375,"type":"block"}
[client] {"a":7,"dup":false,"ev":"game","ms":393138,"predicted":false,"t":3,"tick":23394,"type":"block"}
[client] {"a":8,"dup":false,"ev":"game","ms":393276,"predicted":false,"t":3,"tick":23402,"type":"block"}
[client] {"a":7,"dup":false,"ev":"game","ms":394021,"predicted":false,"t":3,"tick":23447,"type":"hit"}
[client] {"a":7,"dup":false,"ev":"game","ms":394525,"predicted":false,"t":3,"tick":23477,"type":"hit"}
[client] {"a":9,"dup":false,"ev":"game","ms":394677,"predicted":false,"t":4,"tick":23486,"type":"hit"}
[client] {"counts":{"blocks_on_me":12,"conf_actions":258,"confirmed_hits":891,"dup_confirmed":0,"hits_on_me":111,"pred_actions":277,"predicted_confirmed":86,"predicted_hits":240,"reconnects":0},"ev":"stats","hp":154.0,"in_bytes":5298657,"late":0,"local_entity":5,"match":{"countdown_until":300,"ctrl":-1,"final":false,"next":"","phase":3,"rot":1991,"scores":[29,22],"sd":false,"state":3,"tick":23209,"zone":"B"},"max_err":2.215,"mean_err":0.0155,"ms":394958,"out_bytes":1151863,"pending":8,"pos":[0.56,-2.95],"reconciles":7805,"server_tick":23508,"snaps":7820,"teleports":8}
[client] {"a":7,"dup":false,"ev":"game","ms":395077,"predicted":false,"t":3,"tick":23510,"type":"block"}
[client] {"a":0,"dup":false,"ev":"game","ms":395422,"predicted":false,"t":5,"tick":23531,"type":"hit"}
[client] {"a":4,"dup":false,"ev":"game","ms":395442,"predicted":false,"t":9,"tick":23532,"type":"hit"}
[client] {"a":6,"dup":false,"ev":"game","ms":395491,"predicted":false,"t":0,"tick":23535,"type":"hit"}
[client] {"a":7,"dup":false,"ev":"game","ms":396078,"predicted":false,"t":3,"tick":23570,"type":"hit"}
[client] {"a":0,"dup":false,"ev":"game","ms":396760,"predicted":false,"t":5,"tick":23612,"type":"hit"}
[client] {"a":0,"dup":false,"ev":"game","ms":396995,"predicted":false,"t":5,"tick":23626,"type":"hit"}
[client] {"a":6,"dup":false,"ev":"game","ms":397009,"predicted":false,"t":0,"tick":23627,"type":"hit"}
[client] {"a":7,"dup":false,"ev":"game","ms":397078,"predicted":false,"t":3,"tick":23631,"type":"hit"}
[client] {"a":7,"dup":false,"ev":"game","ms":397574,"predicted":false,"t":3,"tick":23661,"type":"block"}
[client] {"a":1,"dup":false,"ev":"game","ms":397644,"predicted":false,"t":-1,"tick":23665,"type":"respawn"}
[client] {"a":0,"dup":false,"ev":"game","ms":397657,"predicted":false,"t":6,"tick":23666,"type":"hit"}
[client] {"a":5,"dup":true,"ev":"game","ms":397761,"predicted":false,"t":0,"tick":23676,"type":"hit"}
[client] {"a":7,"dup":false,"ev":"game","ms":398423,"predicted":false,"t":3,"tick":23712,"type":"guard_break"}
[client] {"a":4,"dup":false,"ev":"game","ms":398927,"predicted":false,"t":5,"tick":23742,"type":"hit"}
[client] {"a":7,"dup":false,"ev":"game","ms":399211,"predicted":false,"t":3,"tick":23759,"type":"hit"}
[client] {"a":0,"dup":false,"ev":"game","ms":399224,"predicted":false,"t":6,"tick":23760,"type":"hit"}
[client] {"a":6,"dup":false,"ev":"game","ms":399224,"predicted":false,"t":-1,"tick":23760,"type":"ko"}
[client] {"a":3,"dup":false,"ev":"game","ms":399624,"predicted":false,"t":7,"tick":23784,"type":"hit"}
[client] {"a":4,"dup":false,"ev":"game","ms":399624,"predicted":false,"t":5,"tick":23784,"type":"hit"}
[client] {"a":0,"dup":false,"ev":"game","ms":399776,"predicted":false,"t":5,"tick":23792,"type":"hit"}
[client] {"counts":{"blocks_on_me":12,"conf_actions":264,"confirmed_hits":907,"dup_confirmed":0,"hits_on_me":117,"pred_actions":284,"predicted_confirmed":87,"predicted_hits":242,"reconnects":0},"ev":"stats","hp":48.0,"in_bytes":5369907,"late":0,"local_entity":5,"match":{"countdown_until":300,"ctrl":-1,"final":false,"next":"","phase":3,"rot":1691,"scores":[29,22],"sd":false,"state":3,"tick":23509,"zone":"B"},"max_err":2.215,"mean_err":0.0157,"ms":399961,"out_bytes":1166563,"pending":8,"pos":[1.02,-3.75],"reconciles":7905,"server_tick":23808,"snaps":7920,"teleports":8}
[client] {"a":3,"dup":false,"ev":"game","ms":400164,"predicted":false,"t":8,"tick":23815,"type":"block"}
[client] {"a":3,"dup":false,"ev":"game","ms":400176,"predicted":false,"t":7,"tick":23816,"type":"block"}
[client] {"a":4,"dup":false,"ev":"game","ms":400176,"predicted":false,"t":5,"tick":23816,"type":"hit"}
[client] {"a":5,"dup":false,"ev":"game","ms":400397,"predicted":false,"t":-1,"tick":23834,"type":"ko"}
[client] {"a":0,"dup":false,"ev":"game","ms":400459,"predicted":false,"t":5,"tick":23834,"type":"hit"}
[client] {"a":8,"dup":false,"ev":"game","ms":401611,"predicted":false,"t":3,"tick":23903,"type":"block"}
[client] {"a":7,"dup":false,"ev":"game","ms":401742,"predicted":false,"t":3,"tick":23910,"type":"block"}
[client] {"a":7,"dup":false,"ev":"game","ms":402211,"predicted":false,"t":3,"tick":23939,"type":"hit"}
[client] {"a":8,"dup":false,"ev":"game","ms":402411,"predicted":false,"t":3,"tick":23951,"type":"hit"}
[client] {"a":7,"dup":false,"ev":"game","ms":402742,"predicted":false,"t":3,"tick":23970,"type":"hit"}
[client] {"a":7,"dup":false,"ev":"game","ms":403446,"predicted":false,"t":3,"tick":24013,"type":"hit"}
[client] {"a":8,"dup":false,"ev":"game","ms":403722,"predicted":false,"t":3,"tick":24029,"type":"guard_break"}
[client] {"a":9,"dup":false,"ev":"game","ms":404026,"predicted":false,"t":3,"tick":24047,"type":"hit"}
[client] {"a":8,"dup":false,"ev":"game","ms":404509,"predicted":false,"t":3,"tick":24076,"type":"hit"}
[client] {"a":9,"dup":false,"ev":"game","ms":404806,"predicted":false,"t":3,"tick":24094,"type":"hit"}
[client] {"counts":{"blocks_on_me":12,"conf_actions":265,"confirmed_hits":916,"dup_confirmed":0,"hits_on_me":119,"pred_actions":285,"predicted_confirmed":87,"predicted_hits":242,"reconnects":0},"ev":"stats","hp":0.0,"in_bytes":5433466,"late":0,"local_entity":5,"match":{"countdown_until":300,"ctrl":0,"final":false,"next":"","phase":3,"rot":1391,"scores":[33,22],"sd":false,"state":2,"tick":23809,"zone":"B"},"max_err":2.215,"mean_err":0.0156,"ms":404957,"out_bytes":1181263,"pending":8,"pos":[0.99,-3.95],"reconciles":8005,"server_tick":24108,"snaps":8020,"teleports":8}
[client] {"a":8,"dup":false,"ev":"game","ms":404971,"predicted":false,"t":3,"tick":24104,"type":"hit"}
[client] {"a":3,"dup":false,"ev":"game","ms":404971,"predicted":false,"t":-1,"tick":24104,"type":"ko"}
[client] {"a":6,"dup":false,"ev":"game","ms":409229,"predicted":false,"t":-1,"tick":24360,"type":"respawn"}
[client] {"counts":{"blocks_on_me":12,"conf_actions":265,"confirmed_hits":917,"dup_confirmed":0,"hits_on_me":119,"pred_actions":285,"predicted_confirmed":87,"predicted_hits":242,"reconnects":0},"ev":"stats","hp":0.0,"in_bytes":5489842,"late":0,"local_entity":5,"match":{"countdown_until":300,"ctrl":0,"final":false,"next":"","phase":3,"rot":1091,"scores":[38,22],"sd":false,"state":2,"tick":24109,"zone":"B"},"max_err":2.215,"mean_err":0.0154,"ms":409959,"out_bytes":1195963,"pending":5,"pos":[0.99,-3.95],"reconciles":8106,"server_tick":24408,"snaps":8120,"teleports":8}
[client] {"a":5,"dup":false,"ev":"game","ms":410396,"predicted":false,"t":-1,"tick":24434,"type":"respawn"}
[client] {"a":7,"dup":false,"ev":"game","ms":412092,"predicted":false,"t":2,"tick":24532,"type":"hit"}
[client] {"a":8,"dup":false,"ev":"game","ms":412741,"predicted":false,"t":2,"tick":24570,"type":"hit"}
[client] {"a":9,"dup":false,"ev":"game","ms":412907,"predicted":false,"t":4,"tick":24580,"type":"hit"}
[client] {"a":8,"dup":false,"ev":"game","ms":413238,"predicted":false,"t":2,"tick":24600,"type":"block"}
[client] {"a":7,"dup":false,"ev":"game","ms":413286,"predicted":false,"t":2,"tick":24603,"type":"hit"}
[client] {"a":0,"dup":false,"ev":"game","ms":413521,"predicted":false,"t":9,"tick":24617,"type":"hit"}
[client] {"a":2,"dup":false,"ev":"game","ms":414404,"predicted":false,"t":7,"tick":24670,"type":"hit"}
[client] {"a":2,"dup":false,"ev":"game","ms":414887,"predicted":false,"t":7,"tick":24700,"type":"hit"}
[client] {"counts":{"blocks_on_me":12,"conf_actions":265,"confirmed_hits":924,"dup_confirmed":0,"hits_on_me":119,"pred_actions":285,"predicted_confirmed":87,"predicted_hits":242,"reconnects":0},"ev":"stats","hp":280.0,"in_bytes":5552271,"late":0,"local_entity":5,"match":{"countdown_until":300,"ctrl":-1,"final":false,"next":"A","phase":3,"rot":791,"scores":[38,22],"sd":false,"state":3,"tick":24409,"zone":"B"},"max_err":2.215,"mean_err":0.0152,"ms":414955,"out_bytes":1210663,"pending":5,"pos":[0.11,19.38],"reconciles":8205,"server_tick":24708,"snaps":8220,"teleports":9}
[client] {"a":3,"dup":false,"ev":"game","ms":414956,"predicted":false,"t":-1,"tick":24704,"type":"respawn"}
[client] {"a":2,"dup":false,"ev":"game","ms":415805,"predicted":false,"t":7,"tick":24755,"type":"hit"}
[client] {"a":8,"dup":false,"ev":"game","ms":415887,"predicted":false,"t":2,"tick":24760,"type":"hit"}
[client] {"a":1,"dup":false,"ev":"game","ms":416660,"predicted":false,"t":6,"tick":24806,"type":"hit"}
[client] {"a":8,"dup":false,"ev":"game","ms":416943,"predicted":false,"t":2,"tick":24823,"type":"block"}
[client] {"a":2,"dup":false,"ev":"game","ms":417240,"predicted":false,"t":8,"tick":24841,"type":"hit"}
[client] {"a":0,"dup":false,"ev":"game","ms":419006,"predicted":false,"t":5,"tick":24947,"type":"hit"}
[client] {"a":6,"dup":false,"ev":"game","ms":419324,"predicted":false,"t":1,"tick":24966,"type":"hit"}
[client] {"a":0,"dup":false,"ev":"game","ms":419344,"predicted":false,"t":5,"tick":24967,"type":"hit"}
[client] {"a":0,"dup":false,"ev":"game","ms":419773,"predicted":false,"t":5,"tick":24993,"type":"hit"}
[client] {"counts":{"blocks_on_me":12,"conf_actions":269,"confirmed_hits":932,"dup_confirmed":0,"hits_on_me":122,"pred_actions":290,"predicted_confirmed":87,"predicted_hits":243,"reconnects":0},"ev":"stats","hp":226.0,"in_bytes":5619653,"late":0,"local_entity":5,"match":{"countdown_until":300,"ctrl":-1,"final":false,"next":"A","phase":3,"rot":491,"scores":[38,22],"sd":false,"state":3,"tick":24709,"zone":"B"},"max_err":2.215,"mean_err":0.0152,"ms":419957,"out_bytes":1225363,"pending":5,"pos":[-2.31,-2.56],"reconciles":8305,"server_tick":25008,"snaps":8320,"teleports":9}
[client] {"a":1,"dup":false,"ev":"game","ms":420041,"predicted":false,"t":5,"tick":25009,"type":"hit"}
[client] {"a":6,"dup":false,"ev":"game","ms":420158,"predicted":false,"t":1,"tick":25016,"type":"hit"}
[client] {"a":0,"dup":false,"ev":"game","ms":420165,"predicted":false,"t":6,"tick":25017,"type":"hit"}
[client] {"a":5,"dup":true,"ev":"game","ms":420352,"predicted":false,"t":1,"tick":25032,"type":"hit"}
[client] {"a":1,"dup":false,"ev":"game","ms":420927,"predicted":false,"t":6,"tick":25061,"type":"hit"}
[client] {"a":1,"dup":false,"ev":"game","ms":421622,"predicted":false,"t":5,"tick":25100,"type":"block"}
[client] {"a":3,"dup":false,"ev":"game","ms":421626,"predicted":false,"t":6,"tick":25103,"type":"hit"}
[client] {"a":1,"dup":false,"ev":"game","ms":421878,"predicted":false,"t":5,"tick":25118,"type":"block"}
[client] {"a":3,"dup":false,"ev":"game","ms":422093,"predicted":false,"t":6,"tick":25132,"type":"hit"}
[client] {"a":6,"dup":false,"ev":"game","ms":422465,"predicted":false,"t":3,"tick":25154,"type":"hit"}
[client] {"a":1,"dup":false,"ev":"game","ms":422526,"predicted":false,"t":5,"tick":25158,"type":"block"}
[client] {"a":9,"dup":false,"ev":"game","ms":423093,"predicted":false,"t":4,"tick":25192,"type":"hit"}
[client] {"a":1,"dup":false,"ev":"game","ms":423445,"predicted":false,"t":5,"tick":25213,"type":"block"}
[client] {"a":1,"dup":false,"ev":"game","ms":423762,"predicted":false,"t":5,"tick":25232,"type":"block"}
[client] {"a":9,"dup":false,"ev":"game","ms":423879,"predicted":false,"t":4,"tick":25239,"type":"hit"}
[client] {"a":1,"dup":false,"ev":"game","ms":424149,"predicted":false,"t":5,"tick":25255,"type":"hit"}
[client] {"a":1,"dup":false,"ev":"game","ms":424375,"predicted":false,"t":5,"tick":25269,"type":"hit"}
[client] {"a":0,"dup":false,"ev":"game","ms":424762,"predicted":false,"t":5,"tick":25292,"type":"hit"}
[client] {"counts":{"blocks_on_me":17,"conf_actions":272,"confirmed_hits":945,"dup_confirmed":0,"hits_on_me":126,"pred_actions":295,"predicted_confirmed":88,"predicted_hits":246,"reconnects":0},"ev":"stats","hp":136.0,"in_bytes":5692934,"late":0,"local_entity":5,"match":{"countdown_until":300,"ctrl":-1,"final":false,"next":"A","phase":3,"rot":191,"scores":[38,22],"sd":false,"state":3,"tick":25009,"zone":"B"},"max_err":2.215,"mean_err":0.0155,"ms":424954,"out_bytes":1240063,"pending":5,"pos":[-1.73,-2.21],"reconciles":8404,"server_tick":25308,"snaps":8419,"teleports":9}
[client] {"a":1,"dup":false,"ev":"game","ms":424991,"predicted":false,"t":5,"tick":25306,"type":"hit"}
[client] {"a":4,"dup":false,"ev":"game","ms":425024,"predicted":false,"t":9,"tick":25308,"type":"hit"}
[client] {"a":0,"dup":false,"ev":"game","ms":425107,"predicted":false,"t":5,"tick":25313,"type":"hit"}
[client] {"a":0,"dup":false,"ev":"game","ms":425487,"predicted":false,"t":5,"tick":25336,"type":"hit"}
[client] {"a":6,"dup":false,"ev":"game","ms":425487,"predicted":false,"t":0,"tick":25336,"type":"hit"}
[client] {"a":1,"dup":false,"ev":"game","ms":425639,"predicted":false,"t":5,"tick":25345,"type":"hit"}
[client] {"a":7,"dup":false,"ev":"game","ms":425873,"predicted":false,"t":2,"tick":25359,"type":"hit"}
[client] {"a":2,"dup":false,"ev":"game","ms":426225,"predicted":false,"t":7,"tick":25380,"type":"hit"}
[client] {"a":6,"dup":false,"ev":"game","ms":426260,"predicted":false,"t":0,"tick":25382,"type":"hit"}
[client] {"a":8,"dup":false,"ev":"game","ms":426522,"predicted":false,"t":4,"tick":25398,"type":"hit"}
[client] {"a":3,"dup":false,"ev":"game","ms":426591,"predicted":false,"t":6,"tick":25402,"type":"hit"}
[client] {"a":2,"dup":false,"ev":"game","ms":426708,"predicted":false,"t":7,"tick":25409,"type":"hit"}
[client] {"a":4,"dup":false,"ev":"game","ms":427144,"predicted":false,"t":8,"tick":25434,"type":"hit"}
[client] {"a":6,"dup":false,"ev":"game","ms":427474,"predicted":false,"t":3,"tick":25455,"type":"hit"}
[client] {"a":5,"dup":true,"ev":"game","ms":427509,"predicted":false,"t":1,"tick":25462,"type":"hit"}
[client] {"a":4,"dup":false,"ev":"game","ms":427757,"predicted":false,"t":8,"tick":25471,"type":"block"}
[client] {"a":6,"dup":false,"ev":"game","ms":427826,"predicted":false,"t":3,"tick":25475,"type":"block"}
[client] {"a":5,"dup":true,"ev":"game","ms":427860,"predicted":false,"t":1,"tick":25482,"type":"hit"}
[client] {"a":0,"dup":false,"ev":"game","ms":428157,"predicted":false,"t":6,"tick":25495,"type":"hit"}
[client] {"a":-1,"dup":false,"ev":"game","ms":428205,"predicted":false,"t":-1,"tick":25499,"type":"zone_rotated"}
[client] {"a":6,"dup":false,"ev":"game","ms":428523,"predicted":false,"t":3,"tick":25517,"type":"block"}
[client] {"a":6,"dup":false,"ev":"game","ms":428578,"predicted":false,"t":0,"tick":25520,"type":"hit"}
[client] {"a":1,"dup":false,"ev":"game","ms":428827,"predicted":false,"t":5,"tick":25536,"type":"hit"}
[client] {"a":6,"dup":false,"ev":"game","ms":429123,"predicted":false,"t":3,"tick":25553,"type":"block"}
[client] {"a":4,"dup":false,"ev":"game","ms":429475,"predicted":false,"t":8,"tick":25574,"type":"hit"}
[client] {"a":6,"dup":false,"ev":"game","ms":429724,"predicted":false,"t":3,"tick":25589,"type":"block"}
[client] {"a":1,"dup":false,"ev":"game","ms":429792,"predicted":false,"t":5,"tick":25593,"type":"hit"}
[client] {"counts":{"blocks_on_me":17,"conf_actions":281,"confirmed_hits":966,"dup_confirmed":0,"hits_on_me":132,"pred_actions":305,"predicted_confirmed":90,"predicted_hits":250,"reconnects":0},"ev":"stats","hp":6.0,"in_bytes":5770287,"late":0,"local_entity":5,"match":{"countdown_until":300,"ctrl":-1,"final":true,"next":"","phase":3,"rot":3491,"scores":[38,22],"sd":false,"state":1,"tick":25309,"zone":"A"},"max_err":2.215,"mean_err":0.0158,"ms":429957,"out_bytes":1254763,"pending":5,"pos":[-2.68,-0.94],"reconciles":8504,"server_tick":25608,"snaps":8519,"teleports":9}
[client] {"a":5,"dup":false,"ev":"game","ms":429992,"predicted":false,"t":-1,"tick":25611,"type":"ko"}
[client] {"a":1,"dup":false,"ev":"game","ms":430089,"predicted":false,"t":5,"tick":25611,"type":"hit"}
[client] {"a":6,"dup":false,"ev":"game","ms":430406,"predicted":false,"t":3,"tick":25631,"type":"hit"}
[client] {"a":6,"dup":false,"ev":"game","ms":430875,"predicted":false,"t":3,"tick":25658,"type":"block"}
[client] {"a":6,"dup":false,"ev":"game","ms":431289,"predicted":false,"t":3,"tick":25683,"type":"block"}
[client] {"a":6,"dup":false,"ev":"game","ms":431724,"predicted":false,"t":3,"tick":25709,"type":"block"}
[client] {"counts":{"blocks_on_me":17,"conf_actions":281,"confirmed_hits":968,"dup_confirmed":0,"hits_on_me":133,"pred_actions":305,"predicted_confirmed":90,"predicted_hits":250,"reconnects":0},"ev":"stats","hp":0.0,"in_bytes":5833867,"late":0,"local_entity":5,"match":{"countdown_until":300,"ctrl":0,"final":true,"next":"","phase":3,"rot":3191,"scores":[39,22],"sd":false,"state":2,"tick":25609,"zone":"A"},"max_err":2.215,"mean_err":0.0156,"ms":434959,"out_bytes":1269463,"pending":8,"pos":[-2.68,-0.94],"reconciles":8603,"server_tick":25908,"snaps":8619,"teleports":9}
[client] {"a":7,"dup":false,"ev":"game","ms":436382,"predicted":false,"t":4,"tick":25989,"type":"hit"}
[client] {"a":7,"dup":false,"ev":"game","ms":436920,"predicted":false,"t":4,"tick":26022,"type":"block"}
[client] {"a":9,"dup":false,"ev":"game","ms":437424,"predicted":false,"t":4,"tick":26051,"type":"block"}
[client] {"a":9,"dup":false,"ev":"game","ms":437637,"predicted":false,"t":4,"tick":26064,"type":"block"}
[client] {"a":7,"dup":false,"ev":"game","ms":437893,"predicted":false,"t":4,"tick":26079,"type":"block"}
[client] {"a":4,"dup":false,"ev":"game","ms":438272,"predicted":false,"t":9,"tick":26102,"type":"hit"}
[client] {"a":4,"dup":false,"ev":"game","ms":438755,"predicted":false,"t":7,"tick":26131,"type":"hit"}
[client] {"a":4,"dup":false,"ev":"game","ms":438755,"predicted":false,"t":9,"tick":26131,"type":"block"}
[client] {"a":8,"dup":false,"ev":"game","ms":438838,"predicted":false,"t":4,"tick":26136,"type":"hit"}
[client] {"counts":{"blocks_on_me":17,"conf_actions":281,"confirmed_hits":972,"dup_confirmed":0,"hits_on_me":133,"pred_actions":305,"predicted_confirmed":90,"predicted_hits":250,"reconnects":0},"ev":"stats","hp":0.0,"in_bytes":5902647,"late":0,"local_entity":5,"match":{"countdown_until":300,"ctrl":-1,"final":true,"next":"","phase":3,"rot":2891,"scores":[41,22],"sd":false,"state":3,"tick":25909,"zone":"A"},"max_err":2.215,"mean_err":0.0154,"ms":439955,"out_bytes":1284163,"pending":8,"pos":[-2.68,-0.94],"reconciles":8703,"server_tick":26208,"snaps":8719,"teleports":9}
[client] {"a":5,"dup":false,"ev":"game","ms":440005,"predicted":false,"t":-1,"tick":26211,"type":"respawn"}
[client] {"a":6,"dup":false,"ev":"game","ms":440439,"predicted":false,"t":2,"tick":26232,"type":"hit"}
[client] {"a":2,"dup":false,"ev":"game","ms":441578,"predicted":false,"t":6,"tick":26300,"type":"hit"}
[client] {"a":6,"dup":false,"ev":"game","ms":442578,"predicted":false,"t":2,"tick":26360,"type":"hit"}
[client] {"a":6,"dup":false,"ev":"game","ms":442578,"predicted":false,"t":3,"tick":26360,"type":"hit"}
[client] {"a":6,"dup":false,"ev":"game","ms":442992,"predicted":false,"t":2,"tick":26385,"type":"block"}
[client] {"a":3,"dup":false,"ev":"game","ms":443013,"predicted":false,"t":6,"tick":26386,"type":"hit"}
[client] {"a":6,"dup":false,"ev":"game","ms":443710,"predicted":false,"t":3,"tick":26428,"type":"hit"}
[client] {"a":2,"dup":false,"ev":"game","ms":443944,"predicted":false,"t":6,"tick":26442,"type":"hit"}
[client] {"a":6,"dup":false,"ev":"game","ms":444275,"predicted":false,"t":2,"tick":26462,"type":"hit"}
[client] {"a":6,"dup":false,"ev":"game","ms":444545,"predicted":false,"t":2,"tick":26478,"type":"block"}
[client] {"a":6,"dup":false,"ev":"game","ms":444545,"predicted":false,"t":3,"tick":26478,"type":"block"}
[client] {"counts":{"blocks_on_me":17,"conf_actions":281,"confirmed_hits":980,"dup_confirmed":0,"hits_on_me":133,"pred_actions":305,"predicted_confirmed":90,"predicted_hits":250,"reconnects":0},"ev":"stats","hp":280.0,"in_bytes":5967394,"late":0,"local_entity":5,"match":{"countdown_until":300,"ctrl":-1,"final":true,"next":"","phase":3,"rot":2591,"scores":[41,22],"sd":false,"state":3,"tick":26209,"zone":"A"},"max_err":2.215,"mean_err":0.0152,"ms":444957,"out_bytes":1298863,"pending":5,"pos":[-4.75,19.2],"reconciles":8803,"server_tick":26508,"snaps":8819,"teleports":10}
[client] {"a":2,"dup":false,"ev":"game","ms":445159,"predicted":false,"t":6,"tick":26516,"type":"hit"}
[client] {"a":6,"dup":false,"ev":"game","ms":445159,"predicted":false,"t":-1,"tick":26516,"type":"ko"}
[client] {"a":8,"dup":false,"ev":"game","ms":449375,"predicted":false,"t":1,"tick":26768,"type":"hit"}
[client] {"a":3,"dup":false,"ev":"game","ms":449519,"predicted":false,"t":8,"tick":26777,"type":"hit"}
[client] {"counts":{"blocks_on_me":17,"conf_actions":281,"confirmed_hits":983,"dup_confirmed":0,"hits_on_me":133,"pred_actions":305,"predicted_confirmed":90,"predicted_hits":250,"reconnects":0},"ev":"stats","hp":280.0,"in_bytes":6031544,"late":0,"local_entity":5,"match":{"countdown_until":300,"ctrl":-1,"final":true,"next":"","phase":3,"rot":2291,"scores":[44,22],"sd":false,"state":3,"tick":26509,"zone":"A"},"max_err":2.215,"mean_err":0.0151,"ms":449953,"out_bytes":1313563,"pending":8,"pos":[-34.41,4.55],"reconciles":8902,"server_tick":26808,"snaps":8919,"teleports":10}
[client] {"a":3,"dup":false,"ev":"game","ms":450620,"predicted":false,"t":8,"tick":26843,"type":"hit"}
[client] {"a":0,"dup":false,"ev":"game","ms":450703,"predicted":false,"t":8,"tick":26848,"type":"hit"}
[client] {"a":5,"dup":true,"ev":"game","ms":451086,"predicted":false,"t":2,"tick":26876,"type":"hit"}
[client] {"a":2,"dup":false,"ev":"game","ms":451121,"predicted":false,"t":8,"tick":26873,"type":"hit"}
[client] {"a":5,"dup":true,"ev":"game","ms":451431,"predicted":false,"t":2,"tick":26897,"type":"hit"}
[client] {"a":4,"dup":false,"ev":"game","ms":451949,"predicted":false,"t":7,"tick":26923,"type":"hit"}
[client] {"a":4,"dup":false,"ev":"game","ms":451983,"predicted":false,"t":5,"tick":26925,"type":"hit"}
[client] {"a":5,"dup":true,"ev":"game","ms":452514,"predicted":false,"t":2,"tick":26962,"type":"hit"}
[client] {"a":4,"dup":false,"ev":"game","ms":452652,"predicted":false,"t":7,"tick":26965,"type":"hit"}
[client] {"a":4,"dup":false,"ev":"game","ms":453121,"predicted":false,"t":5,"tick":26993,"type":"hit"}
[client] {"a":5,"dup":true,"ev":"game","ms":453432,"predicted":false,"t":4,"tick":27017,"type":"hit"}
[client] {"a":2,"dup":false,"ev":"game","ms":453535,"predicted":false,"t":5,"tick":27018,"type":"hit"}
[client] {"a":0,"dup":false,"ev":"game","ms":453701,"predicted":false,"t":7,"tick":27028,"type":"hit"}
[client] {"a":2,"dup":false,"ev":"game","ms":454087,"predicted":false,"t":5,"tick":27051,"type":"hit"}
[client] {"a":0,"dup":false,"ev":"game","ms":454135,"predicted":false,"t":7,"tick":27054,"type":"hit"}
[client] {"a":5,"dup":true,"ev":"game","ms":454370,"predicted":false,"t":2,"tick":27073,"type":"hit"}
[client] {"a":1,"dup":false,"ev":"game","ms":454654,"predicted":false,"t":7,"tick":27085,"type":"hit"}
[client] {"a":9,"dup":false,"ev":"game","ms":454702,"predicted":false,"t":0,"tick":27088,"type":"hit"}
[client] {"a":5,"dup":false,"ev":"game","ms":454722,"predicted":false,"t":2,"tick":27094,"type":"block"}
[client] {"counts":{"blocks_on_me":17,"conf_actions":290,"confirmed_hits":1001,"dup_confirmed":0,"hits_on_me":137,"pred_actions":315,"predicted_confirmed":95,"predicted_hits":260,"reconnects":0},"ev":"stats","hp":198.0,"in_bytes":6105841,"late":0,"local_entity":5,"match":{"countdown_until":300,"ctrl":-1,"final":true,"next":"","phase":3,"rot":1991,"scores":[44,22],"sd":false,"state":3,"tick":26809,"zone":"A"},"max_err":2.215,"mean_err":0.0153,"ms":454948,"out_bytes":1328263,"pending":8,"pos":[-40.08,1.17],"reconciles":9002,"server_tick":27107,"snaps":9019,"teleports":10}
[client] {"a":1,"dup":false,"ev":"game","ms":454984,"predicted":false,"t":7,"tick":27105,"type":"parry"}
[client] {"a":5,"dup":false,"ev":"game","ms":455035,"predicted":false,"t":2,"tick":27113,"type":"block"}
[client] {"a":9,"dup":false,"ev":"game","ms":455150,"predicted":false,"t":0,"tick":27115,"type":"hit"}
[client] {"a":6,"dup":false,"ev":"game","ms":455170,"predicted":false,"t":-1,"tick":27116,"type":"respawn"}
[client] {"a":1,"dup":false,"ev":"game","ms":455736,"predicted":false,"t":5,"tick":27150,"type":"hit"}
[client] {"a":9,"dup":false,"ev":"game","ms":455819,"predicted":false,"t":0,"tick":27155,"type":"hit"}
[client] {"a":3,"dup":false,"ev":"game","ms":456088,"predicted":false,"t":5,"tick":27171,"type":"hit"}
[client] {"a":0,"dup":false,"ev":"game","ms":456219,"predicted":false,"t":9,"tick":27179,"type":"hit"}
[client] {"a":1,"dup":false,"ev":"game","ms":456406,"predicted":false,"t":5,"tick":27190,"type":"hit"}
[client] {"a":3,"dup":false,"ev":"game","ms":457489,"predicted":false,"t":7,"tick":27255,"type":"hit"}
[client] {"a":0,"dup":false,"ev":"game","ms":458137,"predicted":false,"t":9,"tick":27294,"type":"hit"}
[client] {"a":9,"dup":false,"ev":"game","ms":459324,"predicted":false,"t":0,"tick":27365,"type":"hit"}
[client] {"a":4,"dup":false,"ev":"game","ms":459635,"predicted":false,"t":9,"tick":27384,"type":"hit"}
[client] {"a":2,"dup":false,"ev":"game","ms":459890,"predicted":false,"t":9,"tick":27399,"type":"block"}
[client] {"counts":{"blocks_on_me":17,"conf_actions":295,"confirmed_hits":1011,"dup_confirmed":0,"hits_on_me":140,"pred_actions":320,"predicted_confirmed":95,"predicted_hits":272,"reconnects":0},"ev":"stats","hp":124.0,"in_bytes":6177079,"late":0,"local_entity":5,"match":{"countdown_until":300,"ctrl":-1,"final":true,"next":"","phase":3,"rot":1691,"scores":[44,22],"sd":false,"state":3,"tick":27109,"zone":"A"},"max_err":2.215,"mean_err":0.0154,"ms":459951,"out_bytes":1342963,"pending":8,"pos":[-41.81,1.67],"reconciles":9102,"server_tick":27407,"snaps":9119,"teleports":10}
[client] {"a":0,"dup":false,"ev":"game","ms":460870,"predicted":false,"t":5,"tick":27458,"type":"hit"}
[client] {"a":1,"dup":false,"ev":"game","ms":461373,"predicted":false,"t":5,"tick":27488,"type":"block"}
[client] {"a":9,"dup":false,"ev":"game","ms":461608,"predicted":false,"t":2,"tick":27502,"type":"hit"}
[client] {"a":0,"dup":false,"ev":"game","ms":461754,"predicted":false,"t":5,"tick":27511,"type":"hit"}
[client] {"a":3,"dup":false,"ev":"game","ms":461905,"predicted":false,"t":9,"tick":27520,"type":"hit"}
[client] {"a":4,"dup":false,"ev":"game","ms":462423,"predicted":false,"t":5,"tick":27551,"type":"hit"}
[client] {"a":8,"dup":false,"ev":"game","ms":462705,"predicted":false,"t":2,"tick":27568,"type":"hit"}
[client] {"a":5,"dup":true,"ev":"game","ms":462988,"predicted":false,"t":4,"tick":27590,"type":"hit"}
[client] {"a":9,"dup":false,"ev":"game","ms":463292,"predicted":false,"t":3,"tick":27603,"type":"hit"}
[client] {"a":9,"dup":false,"ev":"game","ms":463306,"predicted":false,"t":2,"tick":27604,"type":"hit"}
[client] {"a":5,"dup":false,"ev":"game","ms":463374,"predicted":false,"t":4,"tick":27613,"type":"block"}
[client] {"a":5,"dup":true,"ev":"game","ms":463423,"predicted":false,"t":1,"tick":27616,"type":"hit"}
[client] {"a":8,"dup":false,"ev":"game","ms":463555,"predicted":false,"t":3,"tick":27619,"type":"hit"}
[client] {"a":8,"dup":false,"ev":"game","ms":463574,"predicted":false,"t":2,"tick":27620,"type":"hit"}
[client] {"a":0,"dup":false,"ev":"game","ms":463754,"predicted":false,"t":5,"tick":27631,"type":"hit"}
[client] {"a":6,"dup":false,"ev":"game","ms":464092,"predicted":false,"t":3,"tick":27651,"type":"hit"}
[client] {"a":6,"dup":false,"ev":"game","ms":464389,"predicted":false,"t":2,"tick":27669,"type":"hit"}
[client] {"a":5,"dup":false,"ev":"game","ms":464589,"predicted":false,"t":4,"tick":27686,"type":"hit"}
[client] {"a":5,"dup":true,"ev":"game","ms":464907,"predicted":false,"t":4,"tick":27705,"type":"hit"}
[client] {"counts":{"blocks_on_me":18,"conf_actions":302,"confirmed_hits":1028,"dup_confirmed":0,"hits_on_me":144,"pred_actions":328,"predicted_confirmed":98,"predicted_hits":280,"reconnects":0},"ev":"stats","hp":2.0,"in_bytes":6251367,"late":0,"local_entity":5,"match":{"countdown_until":300,"ctrl":-1,"final":true,"next":"","phase":3,"rot":1391,"scores":[44,22],"sd":false,"state":3,"tick":27409,"zone":"A"},"max_err":2.215,"mean_err":0.0157,"ms":464953,"out_bytes":1357663,"pending":8,"pos":[-44.19,0.66],"reconciles":9202,"server_tick":27707,"snaps":9219,"teleports":10}
[client] {"a":5,"dup":false,"ev":"game","ms":465244,"predicted":false,"t":4,"tick":27725,"type":"block"}
[client] {"a":5,"dup":false,"ev":"game","ms":465376,"predicted":false,"t":-1,"tick":27733,"type":"ko"}
[client] {"a":0,"dup":false,"ev":"game","ms":465459,"predicted":false,"t":5,"tick":27733,"type":"hit"}
[client] {"a":6,"dup":false,"ev":"game","ms":465459,"predicted":false,"t":3,"tick":27733,"type":"block"}
[client] {"a":8,"dup":false,"ev":"game","ms":465576,"predicted":false,"t":3,"tick":27740,"type":"block"}
[client] {"a":9,"dup":false,"ev":"game","ms":465707,"predicted":false,"t":3,"tick":27748,"type":"block"}
[client] {"a":6,"dup":false,"ev":"game","ms":465789,"predicted":false,"t":3,"tick":27753,"type":"block"}
[client] {"a":6,"dup":false,"ev":"game","ms":466127,"predicted":false,"t":3,"tick":27773,"type":"hit"}
[client] {"a":8,"dup":false,"ev":"game","ms":466755,"predicted":false,"t":3,"tick":27811,"type":"hit"}
[client] {"a":8,"dup":false,"ev":"game","ms":467224,"predicted":false,"t":3,"tick":27839,"type":"hit"}
[client] {"a":8,"dup":false,"ev":"game","ms":467860,"predicted":false,"t":3,"tick":27877,"type":"block"}
[client] {"a":4,"dup":false,"ev":"game","ms":468046,"predicted":false,"t":9,"tick":27888,"type":"hit"}
[client] {"a":8,"dup":false,"ev":"game","ms":468390,"predicted":false,"t":3,"tick":27909,"type":"block"}
[client] {"a":7,"dup":false,"ev":"game","ms":469094,"predicted":false,"t":3,"tick":27951,"type":"hit"}
[client] {"a":9,"dup":false,"ev":"game","ms":469295,"predicted":false,"t":3,"tick":27963,"type":"hit"}
[client] {"a":4,"dup":false,"ev":"game","ms":469509,"predicted":false,"t":6,"tick":27976,"type":"hit"}
[client] {"a":7,"dup":false,"ev":"game","ms":469626,"predicted":false,"t":3,"tick":27983,"type":"hit"}
[client] {"a":9,"dup":false,"ev":"game","ms":469826,"predicted":false,"t":3,"tick":27995,"type":"hit"}
[client] {"counts":{"blocks_on_me":18,"conf_actions":303,"confirmed_hits":1038,"dup_confirmed":0,"hits_on_me":145,"pred_actions":329,"predicted_confirmed":98,"predicted_hits":282,"reconnects":0},"ev":"stats","hp":0.0,"in_bytes":6322988,"late":0,"local_entity":5,"match":{"countdown_until":300,"ctrl":-1,"final":true,"next":"","phase":3,"rot":1091,"scores":[45,22],"sd":false,"state":3,"tick":27709,"zone":"A"},"max_err":2.215,"mean_err":0.0155,"ms":469963,"out_bytes":1372363,"pending":8,"pos":[-43.91,0.7],"reconciles":9302,"server_tick":28007,"snaps":9319,"teleports":10}
[client] {"a":6,"dup":false,"ev":"game","ms":470192,"predicted":false,"t":4,"tick":28017,"type":"block"}
[client] {"a":7,"dup":false,"ev":"game","ms":470260,"predicted":false,"t":3,"tick":28021,"type":"hit"}
[client] {"a":4,"dup":false,"ev":"game","ms":470461,"predicted":false,"t":6,"tick":28033,"type":"hit"}
[client] {"a":7,"dup":false,"ev":"game","ms":470743,"predicted":false,"t":3,"tick":28050,"type":"hit"}
[client] {"a":8,"dup":false,"ev":"game","ms":470743,"predicted":false,"t":4,"tick":28050,"type":"hit"}
[client] {"a":3,"dup":false,"ev":"game","ms":470743,"predicted":false,"t":-1,"tick":28050,"type":"ko"}
[client] {"a":0,"dup":false,"ev":"game","ms":474477,"predicted":false,"t":8,"tick":28274,"type":"hit"}
[client] {"a":6,"dup":false,"ev":"game","ms":474739,"predicted":false,"t":1,"tick":28290,"type":"hit"}
[client] {"counts":{"blocks_on_me":18,"conf_actions":303,"confirmed_hits":1044,"dup_confirmed":0,"hits_on_me":145,"pred_actions":329,"predicted_confirmed":98,"predicted_hits":282,"reconnects":0},"ev":"stats","hp":0.0,"in_bytes":6385520,"late":0,"local_entity":5,"match":{"countdown_until":300,"ctrl":-1,"final":true,"next":"","phase":3,"rot":791,"scores":[45,22],"sd":false,"state":3,"tick":28009,"zone":"A"},"max_err":2.215,"mean_err":0.0154,"ms":474959,"out_bytes":1387063,"pending":8,"pos":[-43.91,0.7],"reconciles":9402,"server_tick":28307,"snaps":9419,"teleports":10}
[client] {"a":1,"dup":false,"ev":"game","ms":475139,"predicted":false,"t":6,"tick":28314,"type":"hit"}
[client] {"a":5,"dup":false,"ev":"game","ms":475374,"predicted":false,"t":-1,"tick":28333,"type":"respawn"}
[client] {"a":6,"dup":false,"ev":"game","ms":475939,"predicted":false,"t":0,"tick":28362,"type":"hit"}
[client] {"a":0,"dup":false,"ev":"game","ms":476339,"predicted":false,"t":6,"tick":28386,"type":"hit"}
[client] {"a":1,"dup":false,"ev":"game","ms":476457,"predicted":false,"t":6,"tick":28393,"type":"hit"}
[client] {"a":0,"dup":false,"ev":"game","ms":476961,"predicted":false,"t":8,"tick":28423,"type":"hit"}
[client] {"a":6,"dup":false,"ev":"game","ms":477092,"predicted":false,"t":0,"tick":28431,"type":"hit"}
[client] {"a":6,"dup":false,"ev":"game","ms":477340,"predicted":false,"t":0,"tick":28446,"type":"hit"}
[client] {"a":1,"dup":false,"ev":"game","ms":477458,"predicted":false,"t":8,"tick":28453,"type":"hit"}
[client] {"a":1,"dup":false,"ev":"game","ms":477761,"predicted":false,"t":8,"tick":28471,"type":"block"}
[client] {"a":2,"dup":false,"ev":"game","ms":477892,"predicted":false,"t":6,"tick":28479,"type":"hit"}
[client] {"a":1,"dup":false,"ev":"game","ms":478078,"predicted":false,"t":8,"tick":28490,"type":"block"}
[client] {"a":0,"dup":false,"ev":"game","ms":478341,"predicted":false,"t":8,"tick":28506,"type":"hit"}
[client] {"a":2,"dup":false,"ev":"game","ms":478375,"predicted":false,"t":6,"tick":28508,"type":"hit"}
[client] {"a":1,"dup":false,"ev":"game","ms":478506,"predicted":false,"t":8,"tick":28516,"type":"hit"}
[client] {"a":1,"dup":false,"ev":"game","ms":478527,"predicted":false,"t":6,"tick":28517,"type":"hit"}
[client] {"a":0,"dup":false,"ev":"game","ms":478644,"predicted":false,"t":6,"tick":28524,"type":"hit"}
[client] {"a":0,"dup":false,"ev":"game","ms":478678,"predicted":false,"t":8,"tick":28526,"type":"hit"}
[client] {"a":1,"dup":false,"ev":"game","ms":478741,"predicted":false,"t":6,"tick":28530,"type":"hit"}
[client] {"a":1,"dup":false,"ev":"game","ms":478741,"predicted":false,"t":8,"tick":28530,"type":"hit"}
[client] {"a":8,"dup":false,"ev":"game","ms":478741,"predicted":false,"t":-1,"tick":28530,"type":"ko"}
[client] {"a":2,"dup":false,"ev":"game","ms":479079,"predicted":false,"t":6,"tick":28550,"type":"hit"}
[client] {"a":1,"dup":false,"ev":"game","ms":479307,"predicted":false,"t":6,"tick":28564,"type":"hit"}
[client] {"a":1,"dup":false,"ev":"game","ms":479624,"predicted":false,"t":6,"tick":28583,"type":"hit"}
[client] {"a":6,"dup":false,"ev":"game","ms":479624,"predicted":false,"t":-1,"tick":28583,"type":"ko"}
[client] {"counts":{"blocks_on_me":18,"conf_actions":304,"confirmed_hits":1064,"dup_confirmed":0,"hits_on_me":145,"pred_actions":329,"predicted_confirmed":98,"predicted_hits":282,"reconnects":0},"ev":"stats","hp":280.0,"in_bytes":6454623,"late":0,"local_entity":5,"match":{"countdown_until":300,"ctrl":0,"final":true,"next":"","phase":3,"rot":491,"scores":[45,22],"sd":false,"state":2,"tick":28309,"zone":"A"},"max_err":2.215,"mean_err":0.0152,"ms":479961,"out_bytes":1401763,"pending":8,"pos":[-1.47,22.59],"reconciles":9501,"server_tick":28607,"snaps":9519,"teleports":11}
[client] {"a":4,"dup":false,"ev":"game","ms":480246,"predicted":false,"t":7,"tick":28620,"type":"hit"}
[client] {"a":3,"dup":false,"ev":"game","ms":480728,"predicted":false,"t":-1,"tick":28650,"type":"respawn"}
[client] {"a":4,"dup":false,"ev":"game","ms":481128,"predicted":false,"t":7,"tick":28674,"type":"hit"}
[client] {"a":2,"dup":false,"ev":"game","ms":481742,"predicted":false,"t":9,"tick":28711,"type":"hit"}
[client] {"a":2,"dup":false,"ev":"game","ms":482246,"predicted":false,"t":9,"tick":28741,"type":"block"}
[client] {"a":0,"dup":false,"ev":"game","ms":482695,"predicted":false,"t":9,"tick":28768,"type":"hit"}
[client] {"a":2,"dup":false,"ev":"game","ms":482860,"predicted":false,"t":9,"tick":28778,"type":"hit"}
[client] {"a":0,"dup":false,"ev":"game","ms":483012,"predicted":false,"t":9,"tick":28787,"type":"hit"}
[client] {"counts":{"blocks_on_me":18,"conf_actions":304,"confirmed_hits":1070,"dup_confirmed":0,"hits_on_me":145,"pred_actions":329,"predicted_confirmed":98,"predicted_hits":282,"reconnects":0},"ev":"stats","hp":280.0,"in_bytes":6516158,"late":0,"local_entity":5,"match":{"countdown_until":300,"ctrl":0,"final":true,"next":"","phase":3,"rot":191,"scores":[45,22],"sd":false,"state":2,"tick":28609,"zone":"A"},"max_err":2.215,"mean_err":0.0151,"ms":484957,"out_bytes":1416463,"pending":8,"pos":[-29.35,7.45],"reconciles":9600,"server_tick":28908,"snaps":9618,"teleports":11}
[client] {"a":2,"dup":false,"ev":"game","ms":485855,"predicted":false,"t":5,"tick":28957,"type":"hit"}
[client] {"a":5,"dup":true,"ev":"game","ms":486137,"predicted":false,"t":2,"tick":28979,"type":"hit"}
[client] {"a":2,"dup":false,"ev":"game","ms":487808,"predicted":false,"t":5,"tick":29074,"type":"hit"}
[client] {"duration_s":480.0,"ev":"results","ms":488379,"reason":"time","score":[48,22],"winner":0}
[client] {"counts":{"blocks_on_me":18,"conf_actions":308,"confirmed_hits":1073,"dup_confirmed":0,"hits_on_me":147,"pred_actions":333,"predicted_confirmed":99,"predicted_hits":284,"reconnects":0},"ev":"stats","hp":224.0,"in_bytes":6563171,"late":0,"local_entity":5,"match":{"countdown_until":300,"ctrl":0,"final":true,"next":"","phase":3,"rot":2,"scores":[48,22],"sd":false,"state":2,"tick":28798,"zone":"A"},"max_err":2.215,"mean_err":0.0152,"ms":488379,"out_bytes":1426557,"pending":22,"pos":[-35.17,5.15],"reconciles":9664,"server_tick":29114,"snaps":9681,"teleports":11}
[client] {"a":-1,"dup":false,"ev":"game","ms":488394,"predicted":false,"t":-1,"tick":29099,"type":"match_end"}
[client] {"counts":{"blocks_on_me":18,"conf_actions":308,"confirmed_hits":1073,"dup_confirmed":0,"hits_on_me":147,"pred_actions":334,"predicted_confirmed":99,"predicted_hits":286,"reconnects":0},"ev":"stats","hp":224.0,"in_bytes":6563375,"late":0,"local_entity":5,"match":{"countdown_until":300,"ctrl":0,"final":true,"next":"","phase":3,"rot":2,"scores":[48,22],"sd":false,"state":2,"tick":28798,"zone":"A"},"max_err":2.215,"mean_err":0.0152,"ms":489959,"out_bytes":1431163,"pending":116,"pos":[-43.49,-1.28],"reconciles":9664,"server_tick":29208,"snaps":9681,"teleports":11}
[client] {"counts":{"blocks_on_me":18,"conf_actions":308,"confirmed_hits":1073,"dup_confirmed":0,"hits_on_me":147,"pred_actions":338,"predicted_confirmed":99,"predicted_hits":288,"reconnects":0},"ev":"stats","hp":224.0,"in_bytes":6563375,"late":0,"local_entity":5,"match":{"countdown_until":300,"ctrl":0,"final":true,"next":"","phase":3,"rot":2,"scores":[48,22],"sd":false,"state":2,"tick":28798,"zone":"A"},"max_err":2.215,"mean_err":0.0152,"ms":494962,"out_bytes":1445863,"pending":416,"pos":[-42.24,0.27],"reconciles":9664,"server_tick":29508,"snaps":9681,"teleports":11}
[client] {"counts":{"blocks_on_me":18,"conf_actions":308,"confirmed_hits":1073,"dup_confirmed":0,"hits_on_me":147,"pred_actions":346,"predicted_confirmed":99,"predicted_hits":294,"reconnects":0},"ev":"stats","hp":224.0,"in_bytes":6563375,"late":0,"local_entity":5,"match":{"countdown_until":300,"ctrl":0,"final":true,"next":"","phase":3,"rot":2,"scores":[48,22],"sd":false,"state":2,"tick":28798,"zone":"A"},"max_err":2.215,"mean_err":0.0152,"ms":499962,"out_bytes":1460563,"pending":716,"pos":[-42.32,0.59],"reconciles":9664,"server_tick":29808,"snaps":9681,"teleports":11}
[client] {"counts":{"blocks_on_me":18,"conf_actions":308,"confirmed_hits":1073,"dup_confirmed":0,"hits_on_me":147,"pred_actions":351,"predicted_confirmed":99,"predicted_hits":297,"reconnects":0},"ev":"stats","hp":224.0,"in_bytes":6563375,"late":0,"local_entity":5,"match":{"countdown_until":300,"ctrl":0,"final":true,"next":"","phase":3,"rot":2,"scores":[48,22],"sd":false,"state":2,"tick":28798,"zone":"A"},"max_err":2.215,"mean_err":0.0152,"ms":504958,"out_bytes":1475263,"pending":1016,"pos":[-43.19,1.47],"reconciles":9664,"server_tick":30108,"snaps":9681,"teleports":11}
[client] {"counts":{"blocks_on_me":18,"conf_actions":308,"confirmed_hits":1073,"dup_confirmed":0,"hits_on_me":147,"pred_actions":362,"predicted_confirmed":99,"predicted_hits":312,"reconnects":0},"ev":"stats","hp":224.0,"in_bytes":6563375,"late":0,"local_entity":5,"match":{"countdown_until":300,"ctrl":0,"final":true,"next":"","phase":3,"rot":2,"scores":[48,22],"sd":false,"state":2,"tick":28798,"zone":"A"},"max_err":2.215,"mean_err":0.0152,"ms":509960,"out_bytes":1489963,"pending":1316,"pos":[-42.26,0.25],"reconciles":9664,"server_tick":30408,"snaps":9681,"teleports":11}
[client] {"ev":"pick","f":"scrap","ms":513254}
[client] {"ev":"lock","f":"scrap","ms":514254}
[client] {"counts":{"blocks_on_me":18,"conf_actions":308,"confirmed_hits":1073,"dup_confirmed":0,"hits_on_me":147,"pred_actions":368,"predicted_confirmed":99,"predicted_hits":317,"reconnects":0},"ev":"stats","hp":224.0,"in_bytes":6592839,"late":0,"local_entity":5,"match":{"countdown_until":300,"ctrl":0,"final":true,"next":"","phase":3,"rot":2,"scores":[48,22],"sd":false,"state":2,"tick":28798,"zone":"A"},"max_err":2.215,"mean_err":0.0152,"ms":514956,"out_bytes":1504755,"pending":1616,"pos":[-41.73,-1.53],"reconciles":9664,"server_tick":30708,"snaps":9681,"teleports":11}
[client] {"ev":"match_setup","fighters":10,"ms":516395,"you":5}
[client] {"counts":{"blocks_on_me":18,"conf_actions":308,"confirmed_hits":1073,"dup_confirmed":0,"hits_on_me":147,"pred_actions":370,"predicted_confirmed":99,"predicted_hits":320,"reconnects":0},"ev":"stats","hp":260.0,"in_bytes":6636266,"late":0,"local_entity":5,"match":{"countdown_until":29399,"ctrl":-1,"final":false,"next":"","phase":2,"rot":3600,"scores":[0,0],"sd":false,"state":1,"tick":0,"zone":""},"max_err":2.215,"mean_err":0.0163,"ms":519951,"out_bytes":1519383,"pending":6,"pos":[-5.96,47.76],"reconciles":9735,"server_tick":29318,"snaps":9755,"teleports":12}
[client] {"counts":{"blocks_on_me":18,"conf_actions":308,"confirmed_hits":1073,"dup_confirmed":0,"hits_on_me":147,"pred_actions":370,"predicted_confirmed":99,"predicted_hits":320,"reconnects":0},"ev":"stats","hp":260.0,"in_bytes":6683524,"late":0,"local_entity":5,"match":{"countdown_until":29399,"ctrl":-1,"final":false,"next":"","phase":3,"rot":3379,"scores":[0,0],"sd":false,"state":1,"tick":221,"zone":"B"},"max_err":2.215,"mean_err":0.0166,"ms":524954,"out_bytes":1534083,"pending":6,"pos":[-2.26,23.65],"reconciles":9835,"server_tick":29618,"snaps":9855,"teleports":12}
[client] {"a":3,"dup":false,"ev":"game","ms":527977,"predicted":false,"t":8,"tick":29795,"type":"hit"}
[client] {"a":9,"dup":false,"ev":"game","ms":528605,"predicted":false,"t":3,"tick":29833,"type":"hit"}
[client] {"a":2,"dup":false,"ev":"game","ms":529309,"predicted":false,"t":5,"tick":29875,"type":"hit"}
[client] {"a":7,"dup":false,"ev":"game","ms":529377,"predicted":false,"t":2,"tick":29879,"type":"hit"}
[client] {"a":9,"dup":false,"ev":"game","ms":529474,"predicted":false,"t":3,"tick":29885,"type":"hit"}
[client] {"a":7,"dup":false,"ev":"game","ms":529840,"predicted":false,"t":3,"tick":29907,"type":"hit"}
[client] {"counts":{"blocks_on_me":18,"conf_actions":311,"confirmed_hits":1079,"dup_confirmed":1,"hits_on_me":148,"pred_actions":373,"predicted_confirmed":99,"predicted_hits":322,"reconnects":0},"ev":"stats","hp":234.0,"in_bytes":6750057,"late":0,"local_entity":5,"match":{"countdown_until":29399,"ctrl":-1,"final":false,"next":"","phase":3,"rot":3079,"scores":[0,0],"sd":false,"state":3,"tick":521,"zone":"B"},"max_err":2.215,"mean_err":0.0167,"ms":529956,"out_bytes":1548783,"pending":6,"pos":[-2.79,1.11],"reconciles":9935,"server_tick":29918,"snaps":9955,"teleports":12}
[client] {"a":8,"dup":false,"ev":"game","ms":530006,"predicted":false,"t":2,"tick":29917,"type":"hit"}
[client] {"a":6,"dup":false,"ev":"game","ms":530123,"predicted":false,"t":4,"tick":29924,"type":"hit"}
[client] {"a":7,"dup":false,"ev":"game","ms":530378,"predicted":false,"t":3,"tick":29939,"type":"block"}
[client] {"a":2,"dup":false,"ev":"game","ms":530406,"predicted":false,"t":8,"tick":29941,"type":"hit"}
[client] {"a":2,"dup":false,"ev":"game","ms":530978,"predicted":false,"t":8,"tick":29975,"type":"block"}
[client] {"a":6,"dup":false,"ev":"game","ms":531558,"predicted":false,"t":4,"tick":30011,"type":"hit"}
[client] {"a":7,"dup":false,"ev":"game","ms":531889,"predicted":false,"t":2,"tick":30031,"type":"hit"}
[client] {"a":6,"dup":false,"ev":"game","ms":532207,"predicted":false,"t":4,"tick":30050,"type":"hit"}
[client] {"a":7,"dup":false,"ev":"game","ms":532393,"predicted":false,"t":2,"tick":30061,"type":"block"}
[client] {"a":3,"dup":false,"ev":"game","ms":532593,"predicted":false,"t":7,"tick":30073,"type":"hit"}
[client] {"a":3,"dup":false,"ev":"game","ms":532807,"predicted":false,"t":7,"tick":30086,"type":"hit"}
[client] {"a":3,"dup":false,"ev":"game","ms":532862,"predicted":false,"t":9,"tick":30089,"type":"hit"}
[client] {"a":8,"dup":false,"ev":"game","ms":532980,"predicted":false,"t":3,"tick":30096,"type":"hit"}
[client] {"a":2,"dup":false,"ev":"game","ms":533359,"predicted":false,"t":7,"tick":30119,"type":"hit"}
[client] {"a":4,"dup":false,"ev":"game","ms":533545,"predicted":false,"t":6,"tick":30130,"type":"hit"}
[client] {"a":4,"dup":false,"ev":"game","ms":533594,"predicted":false,"t":9,"tick":30133,"type":"hit"}
[client] {"a":5,"dup":true,"ev":"game","ms":533745,"predicted":false,"t":4,"tick":30147,"type":"hit"}
[client] {"a":8,"dup":false,"ev":"game","ms":533794,"predicted":false,"t":2,"tick":30145,"type":"hit"}
[client] {"a":8,"dup":false,"ev":"game","ms":534028,"predicted":false,"t":2,"tick":30159,"type":"hit"}
[client] {"a":7,"dup":false,"ev":"game","ms":534581,"predicted":false,"t":2,"tick":30192,"type":"hit"}
[client] {"a":7,"dup":false,"ev":"game","ms":534581,"predicted":false,"t":3,"tick":30192,"type":"hit"}
[client] {"counts":{"blocks_on_me":18,"conf_actions":319,"confirmed_hits":1097,"dup_confirmed":2,"hits_on_me":148,"pred_actions":381,"predicted_confirmed":100,"predicted_hits":323,"reconnects":0},"ev":"stats","hp":234.0,"in_bytes":6823458,"late":0,"local_entity":5,"match":{"countdown_until":29399,"ctrl":-1,"final":false,"next":"","phase":3,"rot":2779,"scores":[0,0],"sd":false,"state":3,"tick":821,"zone":"B"},"max_err":2.215,"mean_err":0.0165,"ms":534959,"out_bytes":1563483,"pending":3,"pos":[-2.69,-0.75],"reconciles":10036,"server_tick":30219,"snaps":10055,"teleports":12}
[client] {"a":3,"dup":false,"ev":"game","ms":535347,"predicted":false,"t":7,"tick":30238,"type":"hit"}
[client] {"a":3,"dup":false,"ev":"game","ms":535381,"predicted":false,"t":9,"tick":30240,"type":"hit"}
[client] {"a":8,"dup":false,"ev":"game","ms":535410,"predicted":false,"t":2,"tick":30242,"type":"block"}
[client] {"a":8,"dup":false,"ev":"game","ms":535410,"predicted":false,"t":3,"tick":30242,"type":"hit"}
[client] {"a":4,"dup":false,"ev":"game","ms":535596,"predicted":false,"t":7,"tick":30253,"type":"block"}
[client] {"a":4,"dup":false,"ev":"game","ms":535609,"predicted":false,"t":6,"tick":30254,"type":"hit"}
[client] {"a":5,"dup":true,"ev":"game","ms":535712,"predicted":false,"t":4,"tick":30265,"type":"hit"}
[client] {"a":5,"dup":false,"ev":"game","ms":535781,"predicted":false,"t":3,"tick":30269,"type":"block"}
[client] {"a":8,"dup":false,"ev":"game","ms":535899,"predicted":false,"t":2,"tick":30271,"type":"block"}
[client] {"a":0,"dup":false,"ev":"game","ms":535926,"predicted":false,"t":5,"tick":30273,"type":"hit"}
[client] {"a":5,"dup":true,"ev":"game","ms":536229,"predicted":false,"t":0,"tick":30295,"type":"hit"}
[client] {"a":8,"dup":false,"ev":"game","ms":536423,"predicted":false,"t":2,"tick":30303,"type":"block"}
[client] {"a":5,"dup":true,"ev":"game","ms":536554,"predicted":false,"t":0,"tick":30315,"type":"hit"}
[client] {"a":7,"dup":false,"ev":"game","ms":536788,"predicted":false,"t":2,"tick":30324,"type":"block"}
[client] {"a":5,"dup":true,"ev":"game","ms":536871,"predicted":false,"t":0,"tick":30334,"type":"hit"}
[client] {"a":6,"dup":false,"ev":"game","ms":537023,"predicted":false,"t":0,"tick":30338,"type":"hit"}
[client] {"a":8,"dup":false,"ev":"game","ms":537058,"predicted":false,"t":2,"tick":30340,"type":"hit"}
[client] {"a":8,"dup":false,"ev":"game","ms":537058,"predicted":false,"t":4,"tick":30340,"type":"hit"}
[client] {"a":3,"dup":false,"ev":"game","ms":537375,"predicted":false,"t":7,"tick":30359,"type":"hit"}
[client] {"a":1,"dup":false,"ev":"game","ms":537519,"predicted":false,"t":5,"tick":30368,"type":"hit"}
[client] {"a":8,"dup":false,"ev":"game","ms":537671,"predicted":false,"t":2,"tick":30377,"type":"hit"}
[client] {"a":7,"dup":false,"ev":"game","ms":537788,"predicted":false,"t":2,"tick":30384,"type":"hit"}
[client] {"a":7,"dup":false,"ev":"game","ms":537789,"predicted":false,"t":3,"tick":30384,"type":"hit"}
[client] {"a":5,"dup":true,"ev":"game","ms":537789,"predicted":false,"t":1,"tick":30389,"type":"hit"}
[client] {"a":6,"dup":false,"ev":"game","ms":538003,"predicted":false,"t":3,"tick":30397,"type":"hit"}
[client] {"a":8,"dup":false,"ev":"game","ms":538424,"predicted":false,"t":2,"tick":30422,"type":"block"}
[client] {"a":8,"dup":false,"ev":"game","ms":538437,"predicted":false,"t":4,"tick":30423,"type":"block"}
[client] {"a":0,"dup":false,"ev":"game","ms":538603,"predicted":false,"t":6,"tick":30433,"type":"hit"}
[client] {"a":0,"dup":false,"ev":"game","ms":538637,"predicted":false,"t":7,"tick":30435,"type":"hit"}
[client] {"a":0,"dup":false,"ev":"game","ms":539238,"predicted":false,"t":5,"tick":30471,"type":"hit"}
[client] {"a":9,"dup":false,"ev":"game","ms":539493,"predicted":false,"t":0,"tick":30486,"type":"hit"}
[client] {"a":6,"dup":false,"ev":"game","ms":539541,"predicted":false,"t":0,"tick":30489,"type":"hit"}
[client] {"a":9,"dup":false,"ev":"game","ms":539541,"predicted":false,"t":1,"tick":30489,"type":"hit"}
[client] {"a":2,"dup":false,"ev":"game","ms":539659,"predicted":false,"t":8,"tick":30496,"type":"hit"}
[client] {"a":2,"dup":false,"ev":"game","ms":539672,"predicted":false,"t":6,"tick":30497,"type":"hit"}
[client] {"a":2,"dup":false,"ev":"game","ms":539693,"predicted":false,"t":7,"tick":30498,"type":"block"}
[client] {"a":5,"dup":true,"ev":"game","ms":539777,"predicted":false,"t":0,"tick":30508,"type":"hit"}
[client] {"counts":{"blocks_on_me":18,"conf_actions":329,"confirmed_hits":1125,"dup_confirmed":3,"hits_on_me":151,"pred_actions":391,"predicted_confirmed":106,"predicted_hits":335,"reconnects":0},"ev":"stats","hp":180.0,"in_bytes":6905220,"late":0,"local_entity":5,"match":{"countdown_until":29399,"ctrl":-1,"final":false,"next":"","phase":3,"rot":2479,"scores":[0,0],"sd":false,"state":3,"tick":1121,"zone":"B"},"max_err":2.215,"mean_err":0.0165,"ms":539954,"out_bytes":1578183,"pending":6,"pos":[-0.92,-2.69],"reconciles":10135,"server_tick":30519,"snaps":10155,"teleports":12}
[client] {"a":5,"dup":true,"ev":"game","ms":540095,"predicted":false,"t":0,"tick":30527,"type":"hit"}
[client] {"a":8,"dup":false,"ev":"game","ms":540376,"predicted":false,"t":4,"tick":30539,"type":"hit"}
[client] {"a":5,"dup":true,"ev":"game","ms":540425,"predicted":false,"t":0,"tick":30547,"type":"hit"}
[client] {"a":7,"dup":false,"ev":"game","ms":540473,"predicted":false,"t":1,"tick":30545,"type":"hit"}
[client] {"a":9,"dup":false,"ev":"game","ms":540709,"predicted":false,"t":2,"tick":30559,"type":"hit"}
[client] {"a":0,"dup":false,"ev":"game","ms":540908,"predicted":false,"t":7,"tick":30571,"type":"block"}
[client] {"a":9,"dup":false,"ev":"game","ms":540943,"predicted":false,"t":2,"tick":30573,"type":"hit"}
[client] {"a":5,"dup":true,"ev":"game","ms":540990,"predicted":false,"t":4,"tick":30581,"type":"hit"}
[client] {"a":5,"dup":true,"ev":"game","ms":541039,"predicted":false,"t":1,"tick":30584,"type":"hit"}
[client] {"a":8,"dup":false,"ev":"game","ms":541294,"predicted":false,"t":2,"tick":30594,"type":"hit"}
[client] {"a":8,"dup":false,"ev":"game","ms":541543,"predicted":false,"t":2,"tick":30609,"type":"hit"}
[client] {"a":0,"dup":false,"ev":"game","ms":541556,"predicted":false,"t":7,"tick":30611,"type":"block"}
[client] {"a":0,"dup":false,"ev":"game","ms":542322,"predicted":false,"t":5,"tick":30657,"type":"hit"}
[client] {"a":0,"dup":false,"ev":"game","ms":542391,"predicted":false,"t":7,"tick":30661,"type":"hit"}
[client] {"a":6,"dup":false,"ev":"game","ms":543040,"predicted":false,"t":1,"tick":30700,"type":"hit"}
[client] {"a":0,"dup":false,"ev":"game","ms":543212,"predicted":false,"t":6,"tick":30710,"type":"hit"}
[client] {"a":1,"dup":false,"ev":"game","ms":543413,"predicted":false,"t":6,"tick":30722,"type":"hit"}
[client] {"a":5,"dup":true,"ev":"game","ms":543426,"predicted":false,"t":0,"tick":30728,"type":"hit"}
[client] {"a":0,"dup":false,"ev":"game","ms":543509,"predicted":false,"t":-1,"tick":30728,"type":"ko"}
[client] {"a":1,"dup":false,"ev":"game","ms":544095,"predicted":false,"t":5,"tick":30763,"type":"hit"}
[client] {"a":1,"dup":false,"ev":"game","ms":544144,"predicted":false,"t":6,"tick":30766,"type":"hit"}
[client] {"a":6,"dup":false,"ev":"game","ms":544144,"predicted":false,"t":-1,"tick":30766,"type":"ko"}
[client] {"a":8,"dup":false,"ev":"game","ms":544241,"predicted":false,"t":1,"tick":30772,"type":"hit"}
[client] {"counts":{"blocks_on_me":18,"conf_actions":334,"confirmed_hits":1144,"dup_confirmed":6,"hits_on_me":153,"pred_actions":397,"predicted_confirmed":111,"predicted_hits":344,"reconnects":0},"ev":"stats","hp":122.0,"in_bytes":6978318,"late":0,"local_entity":5,"match":{"countdown_until":29399,"ctrl":-1,"final":false,"next":"","phase":3,"rot":2179,"scores":[0,0],"sd":false,"state":3,"tick":1421,"zone":"B"},"max_err":2.215,"mean_err":0.0165,"ms":544957,"out_bytes":1592883,"pending":3,"pos":[0.08,-2.76],"reconciles":10236,"server_tick":30819,"snaps":10255,"teleports":12}
[client] {"a":5,"dup":true,"ev":"game","ms":545344,"predicted":false,"t":1,"tick":30843,"type":"hit"}
[client] {"a":8,"dup":false,"ev":"game","ms":545813,"predicted":false,"t":1,"tick":30866,"type":"hit"}
[client] {"a":5,"dup":false,"ev":"game","ms":545910,"predicted":false,"t":1,"tick":30877,"type":"hit"}
[client] {"a":7,"dup":false,"ev":"game","ms":546013,"predicted":false,"t":1,"tick":30878,"type":"hit"}
[client] {"a":5,"dup":true,"ev":"game","ms":546227,"predicted":false,"t":1,"tick":30896,"type":"hit"}
[client] {"a":8,"dup":false,"ev":"game","ms":546275,"predicted":false,"t":1,"tick":30894,"type":"hit"}
[client] {"a":5,"dup":true,"ev":"game","ms":546545,"predicted":false,"t":1,"tick":30915,"type":"hit"}
[client] {"a":1,"dup":false,"ev":"game","ms":546627,"predicted":false,"t":-1,"tick":30915,"type":"ko"}
[client] {"a":3,"dup":false,"ev":"game","ms":549836,"predicted":false,"t":8,"tick":31107,"type":"hit"}
[client] {"counts":{"blocks_on_me":18,"conf_actions":338,"confirmed_hits":1152,"dup_confirmed":8,"hits_on_me":153,"pred_actions":401,"predicted_confirmed":114,"predicted_hits":348,"reconnects":0},"ev":"stats","hp":122.0,"in_bytes":7042745,"late":0,"local_entity":5,"match":{"countdown_until":29399,"ctrl":1,"final":false,"next":"","phase":3,"rot":1879,"scores":[0,3],"sd":false,"state":2,"tick":1721,"zone":"B"},"max_err":2.215,"mean_err":0.0164,"ms":549952,"out_bytes":1607583,"pending":6,"pos":[0.31,-2.74],"reconciles":10335,"server_tick":31119,"snaps":10355,"teleports":12}
[client] {"a":9,"dup":false,"ev":"game","ms":550126,"predicted":false,"t":3,"tick":31124,"type":"hit"}
[client] {"a":3,"dup":false,"ev":"game","ms":550926,"predicted":false,"t":9,"tick":31172,"type":"hit"}
[client] {"a":8,"dup":false,"ev":"game","ms":551188,"predicted":false,"t":3,"tick":31188,"type":"hit"}
[client] {"a":4,"dup":false,"ev":"game","ms":551555,"predicted":false,"t":7,"tick":31210,"type":"hit"}
[client] {"a":3,"dup":false,"ev":"game","ms":551658,"predicted":false,"t":9,"tick":31216,"type":"hit"}
[client] {"a":8,"dup":false,"ev":"game","ms":551672,"predicted":false,"t":3,"tick":31217,"type":"hit"}
[client] {"a":8,"dup":false,"ev":"game","ms":552127,"predicted":false,"t":3,"tick":31244,"type":"hit"}
[client] {"a":7,"dup":false,"ev":"game","ms":552272,"predicted":false,"t":3,"tick":31253,"type":"hit"}
[client] {"a":8,"dup":false,"ev":"game","ms":552375,"predicted":false,"t":3,"tick":31259,"type":"hit"}
[client] {"a":4,"dup":false,"ev":"game","ms":552410,"predicted":false,"t":7,"tick":31261,"type":"hit"}
[client] {"a":2,"dup":false,"ev":"game","ms":552624,"predicted":false,"t":8,"tick":31274,"type":"hit"}
[client] {"a":7,"dup":false,"ev":"game","ms":552824,"predicted":false,"t":4,"tick":31286,"type":"hit"}
[client] {"a":2,"dup":false,"ev":"game","ms":553094,"predicted":false,"t":8,"tick":31302,"type":"hit"}
[client] {"a":7,"dup":false,"ev":"game","ms":553341,"predicted":false,"t":2,"tick":31317,"type":"hit"}
[client] {"a":0,"dup":false,"ev":"game","ms":553528,"predicted":false,"t":-1,"tick":31328,"type":"respawn"}
[client] {"a":7,"dup":false,"ev":"game","ms":554011,"predicted":false,"t":2,"tick":31357,"type":"hit"}
[client] {"a":8,"dup":false,"ev":"game","ms":554024,"predicted":false,"t":2,"tick":31358,"type":"hit"}
[client] {"a":6,"dup":false,"ev":"game","ms":554156,"predicted":false,"t":-1,"tick":31366,"type":"respawn"}
[client] {"counts":{"blocks_on_me":18,"conf_actions":338,"confirmed_hits":1168,"dup_confirmed":10,"hits_on_me":153,"pred_actions":401,"predicted_confirmed":114,"predicted_hits":348,"reconnects":0},"ev":"stats","hp":166.400000000001,"in_bytes":7107147,"late":0,"local_entity":5,"match":{"countdown_until":29399,"ctrl":1,"final":false,"next":"","phase":3,"rot":1579,"scores":[0,8],"sd":false,"state":2,"tick":2021,"zone":"B"},"max_err":2.215,"mean_err":0.0162,"ms":554955,"out_bytes":1622283,"pending":6,"pos":[0.31,-2.74],"reconciles":10435,"server_tick":31419,"snaps":10455,"teleports":12}
[client] {"a":4,"dup":false,"ev":"game","ms":555294,"predicted":false,"t":9,"tick":31434,"type":"hit"}
[client] {"a":8,"dup":false,"ev":"game","ms":555328,"predicted":false,"t":4,"tick":31436,"type":"hit"}
[client] {"a":8,"dup":false,"ev":"game","ms":556474,"predicted":false,"t":4,"tick":31505,"type":"hit"}
[client] {"a":1,"dup":false,"ev":"game","ms":556646,"predicted":false,"t":-1,"tick":31515,"type":"respawn"}
[client] {"a":0,"dup":false,"ev":"game","ms":557978,"predicted":false,"t":8,"tick":31595,"type":"hit"}
[client] {"a":0,"dup":false,"ev":"game","ms":558295,"predicted":false,"t":8,"tick":31614,"type":"hit"}
[client] {"a":0,"dup":false,"ev":"game","ms":558626,"predicted":false,"t":8,"tick":31634,"type":"hit"}
[client] {"counts":{"blocks_on_me":18,"conf_actions":338,"confirmed_hits":1174,"dup_confirmed":10,"hits_on_me":153,"pred_actions":401,"predicted_confirmed":114,"predicted_hits":348,"reconnects":0},"ev":"stats","hp":256.400000000005,"in_bytes":7169827,"late":0,"local_entity":5,"match":{"countdown_until":29399,"ctrl":1,"final":false,"next":"","phase":3,"rot":1279,"scores":[0,13],"sd":false,"state":2,"tick":2321,"zone":"B"},"max_err":2.215,"mean_err":0.0161,"ms":559957,"out_bytes":1636983,"pending":3,"pos":[0.31,-2.74],"reconciles":10536,"server_tick":31719,"snaps":10555,"teleports":12}
[client] {"a":9,"dup":false,"ev":"game","ms":560538,"predicted":false,"t":0,"tick":31749,"type":"hit"}
[client] {"a":0,"dup":false,"ev":"game","ms":560959,"predicted":false,"t":9,"tick":31774,"type":"block"}
[client] {"a":7,"dup":false,"ev":"game","ms":562939,"predicted":false,"t":0,"tick":31893,"type":"hit"}
[client] {"a":7,"dup":false,"ev":"game","ms":564044,"predicted":false,"t":0,"tick":31959,"type":"hit"}
[client] {"a":7,"dup":false,"ev":"game","ms":564589,"predicted":false,"t":1,"tick":31992,"type":"hit"}
[client] {"a":7,"dup":false,"ev":"game","ms":564609,"predicted":false,"t":0,"tick":31993,"type":"hit"}
[client] {"counts":{"blocks_on_me":18,"conf_actions":338,"confirmed_hits":1179,"dup_confirmed":10,"hits_on_me":153,"pred_actions":401,"predicted_confirmed":114,"predicted_hits":348,"reconnects":0},"ev":"stats","hp":260.0,"in_bytes":7231390,"late":0,"local_entity":5,"match":{"countdown_until":29399,"ctrl":1,"final":false,"next":"","phase":3,"rot":979,"scores":[0,18],"sd":false,"state":2,"tick":2621,"zone":"B"},"max_err":2.215,"mean_err":0.0159,"ms":564960,"out_bytes":1651683,"pending":6,"pos":[0.42,-2.74],"reconciles":10635,"server_tick":32019,"snaps":10655,"teleports":12}
[client] {"a":7,"dup":false,"ev":"game","ms":565223,"predicted":false,"t":1,"tick":32030,"type":"hit"}
[client] {"a":2,"dup":false,"ev":"game","ms":565244,"predicted":false,"t":9,"tick":32031,"type":"hit"}
[client] {"a":1,"dup":false,"ev":"game","ms":565575,"predicted":false,"t":7,"tick":32051,"type":"hit"}
[client] {"a":0,"dup":false,"ev":"game","ms":565740,"predicted":false,"t":7,"tick":32061,"type":"hit"}
[client] {"a":9,"dup":false,"ev":"game","ms":567176,"predicted":false,"t":3,"tick":32147,"type":"hit"}
[client] {"a":4,"dup":false,"ev":"game","ms":567943,"predicted":false,"t":9,"tick":32193,"type":"hit"}
[client] {"a":5,"dup":true,"ev":"game","ms":567963,"predicted":false,"t":1,"tick":32199,"type":"hit"}
[client] {"a":5,"dup":true,"ev":"game","ms":568280,"predicted":false,"t":0,"tick":32218,"type":"hit"}
[client] {"a":5,"dup":false,"ev":"game","ms":568294,"predicted":false,"t":1,"tick":32219,"type":"hit"}
[client] {"a":6,"dup":false,"ev":"game","ms":568680,"predicted":false,"t":0,"tick":32237,"type":"hit"}
[client] {"a":6,"dup":false,"ev":"game","ms":568710,"predicted":false,"t":1,"tick":32239,"type":"hit"}
[client] {"a":0,"dup":false,"ev":"game","ms":569474,"predicted":false,"t":8,"tick":32285,"type":"hit"}
[client] {"a":0,"dup":false,"ev":"game","ms":569784,"predicted":false,"t":8,"tick":32304,"type":"block"}
[client] {"counts":{"blocks_on_me":18,"conf_actions":341,"confirmed_hits":1191,"dup_confirmed":10,"hits_on_me":153,"pred_actions":404,"predicted_confirmed":116,"predicted_hits":353,"reconnects":0},"ev":"stats","hp":260.0,"in_bytes":7303593,"late":0,"local_entity":5,"match":{"countdown_until":29399,"ctrl":-1,"final":false,"next":"A","phase":3,"rot":679,"scores":[0,19],"sd":false,"state":3,"tick":2921,"zone":"B"},"max_err":2.215,"mean_err":0.0158,"ms":569955,"out_bytes":1666383,"pending":6,"pos":[0.4,-2.81],"reconciles":10735,"server_tick":32319,"snaps":10755,"teleports":12}
[client] {"a":1,"dup":false,"ev":"game","ms":570005,"predicted":false,"t":8,"tick":32317,"type":"block"}
[client] {"a":4,"dup":false,"ev":"game","ms":570074,"predicted":false,"t":8,"tick":32321,"type":"hit"}
[client] {"a":0,"dup":false,"ev":"game","ms":570103,"predicted":false,"t":8,"tick":32323,"type":"hit"}
[client] {"a":5,"dup":false,"ev":"game","ms":570971,"predicted":false,"t":1,"tick":32380,"type":"hit"}
[client] {"a":6,"dup":false,"ev":"game","ms":571040,"predicted":false,"t":1,"tick":32379,"type":"hit"}
[client] {"a":5,"dup":true,"ev":"game","ms":571288,"predicted":false,"t":1,"tick":32399,"type":"hit"}
[client] {"a":1,"dup":false,"ev":"game","ms":571723,"predicted":false,"t":5,"tick":32420,"type":"hit"}
[client] {"a":0,"dup":false,"ev":"game","ms":572303,"predicted":false,"t":5,"tick":32455,"type":"hit"}
[client] {"a":0,"dup":false,"ev":"game","ms":572641,"predicted":false,"t":5,"tick":32475,"type":"hit"}
[client] {"a":4,"dup":false,"ev":"game","ms":572958,"predicted":false,"t":5,"tick":32494,"type":"hit"}
[client] {"a":0,"dup":false,"ev":"game","ms":573124,"predicted":false,"t":5,"tick":32504,"type":"hit"}
[client] {"a":5,"dup":true,"ev":"game","ms":573372,"predicted":false,"t":4,"tick":32524,"type":"hit"}
[client] {"a":0,"dup":false,"ev":"game","ms":573786,"predicted":false,"t":5,"tick":32544,"type":"hit"}
[client] {"a":6,"dup":false,"ev":"game","ms":573876,"predicted":false,"t":3,"tick":32549,"type":"block"}
[client] {"a":0,"dup":false,"ev":"game","ms":574125,"predicted":false,"t":5,"tick":32564,"type":"hit"}
[client] {"a":4,"dup":false,"ev":"game","ms":574387,"predicted":false,"t":5,"tick":32580,"type":"hit"}
[client] {"a":0,"dup":false,"ev":"game","ms":574421,"predicted":false,"t":5,"tick":32582,"type":"hit"}
[client] {"a":6,"dup":false,"ev":"game","ms":574441,"predicted":false,"t":3,"tick":32583,"type":"block"}
[client] {"counts":{"blocks_on_me":18,"conf_actions":351,"confirmed_hits":1206,"dup_confirmed":12,"hits_on_me":162,"pred_actions":416,"predicted_confirmed":118,"predicted_hits":358,"reconnects":0},"ev":"stats","hp":98.0,"in_bytes":7375949,"late":0,"local_entity":5,"match":{"countdown_until":29399,"ctrl":-1,"final":false,"next":"A","phase":3,"rot":379,"scores":[0,19],"sd":false,"state":3,"tick":3221,"zone":"B"},"max_err":2.215,"mean_err":0.0161,"ms":574958,"out_bytes":1681083,"pending":6,"pos":[3.55,-1.3],"reconciles":10835,"server_tick":32619,"snaps":10855,"teleports":12}
[client] {"a":6,"dup":false,"ev":"game","ms":575359,"predicted":false,"t":3,"tick":32638,"type":"hit"}
[client] {"a":0,"dup":false,"ev":"game","ms":575794,"predicted":false,"t":6,"tick":32664,"type":"hit"}
[client] {"a":5,"dup":true,"ev":"game","ms":575842,"predicted":false,"t":2,"tick":32672,"type":"hit"}
[client] {"a":0,"dup":false,"ev":"game","ms":576104,"predicted":false,"t":6,"tick":32683,"type":"hit"}
[client] {"a":5,"dup":true,"ev":"game","ms":576160,"predicted":false,"t":2,"tick":32691,"type":"hit"}
[client] {"a":5,"dup":false,"ev":"game","ms":576456,"predicted":false,"t":2,"tick":32710,"type":"block"}
[client] {"a":4,"dup":false,"ev":"game","ms":576491,"predicted":false,"t":6,"tick":32707,"type":"hit"}
[client] {"a":0,"dup":false,"ev":"game","ms":577277,"predicted":false,"t":6,"tick":32754,"type":"hit"}
[client] {"a":2,"dup":false,"ev":"game","ms":578092,"predicted":false,"t":6,"tick":32803,"type":"hit"}
[client] {"a":4,"dup":false,"ev":"game","ms":578126,"predicted":false,"t":6,"tick":32805,"type":"hit"}
[client] {"a":5,"dup":true,"ev":"game","ms":578327,"predicted":false,"t":1,"tick":32822,"type":"hit"}
[client] {"a":6,"dup":false,"ev":"game","ms":578526,"predicted":false,"t":2,"tick":32829,"type":"hit"}
[client] {"a":4,"dup":false,"ev":"game","ms":578623,"predicted":false,"t":6,"tick":32835,"type":"hit"}
[client] {"a":4,"dup":false,"ev":"game","ms":578878,"predicted":false,"t":6,"tick":32850,"type":"hit"}
[client] {"a":5,"dup":true,"ev":"game","ms":578975,"predicted":false,"t":0,"tick":32861,"type":"hit"}
[client] {"a":0,"dup":false,"ev":"game","ms":579423,"predicted":false,"t":5,"tick":32883,"type":"hit"}
[client] {"a":4,"dup":false,"ev":"game","ms":579445,"predicted":false,"t":6,"tick":32884,"type":"hit"}
[client] {"a":6,"dup":false,"ev":"game","ms":579796,"predicted":false,"t":4,"tick":32905,"type":"block"}
[client] {"a":1,"dup":false,"ev":"game","ms":579878,"predicted":false,"t":5,"tick":32910,"type":"hit"}
[client] {"counts":{"blocks_on_me":18,"conf_actions":359,"confirmed_hits":1223,"dup_confirmed":12,"hits_on_me":164,"pred_actions":423,"predicted_confirmed":122,"predicted_hits":369,"reconnects":0},"ev":"stats","hp":42.0,"in_bytes":7453007,"late":0,"local_entity":5,"match":{"countdown_until":29399,"ctrl":-1,"final":false,"next":"A","phase":3,"rot":79,"scores":[0,19],"sd":false,"state":3,"tick":3521,"zone":"B"},"max_err":2.215,"mean_err":0.0161,"ms":579960,"out_bytes":1695783,"pending":3,"pos":[2.74,-2.8],"reconciles":10936,"server_tick":32919,"snaps":10955,"teleports":12}
[client] {"a":6,"dup":false,"ev":"game","ms":580210,"predicted":false,"t":4,"tick":32930,"type":"block"}
[client] {"a":9,"dup":false,"ev":"game","ms":580479,"predicted":false,"t":1,"tick":32946,"type":"hit"}
[client] {"a":5,"dup":true,"ev":"game","ms":580658,"predicted":false,"t":0,"tick":32962,"type":"hit"}
[client] {"a":7,"dup":false,"ev":"game","ms":580693,"predicted":false,"t":0,"tick":32959,"type":"hit"}
[client] {"a":7,"dup":false,"ev":"game","ms":580694,"predicted":false,"t":1,"tick":32959,"type":"hit"}
[client] {"a":6,"dup":false,"ev":"game","ms":580797,"predicted":false,"t":4,"tick":32965,"type":"block"}
[client] {"a":9,"dup":false,"ev":"game","ms":580927,"predicted":false,"t":1,"tick":32973,"type":"hit"}
[client] {"a":4,"dup":false,"ev":"game","ms":581107,"predicted":false,"t":6,"tick":32984,"type":"hit"}
[client] {"a":1,"dup":false,"ev":"game","ms":581293,"predicted":false,"t":7,"tick":32995,"type":"hit"}
[client] {"a":-1,"dup":false,"ev":"game","ms":581342,"predicted":false,"t":-1,"tick":32998,"type":"zone_rotated"}
[client] {"a":9,"dup":false,"ev":"game","ms":581410,"predicted":false,"t":0,"tick":33002,"type":"hit"}
[client] {"a":0,"dup":false,"ev":"game","ms":581410,"predicted":false,"t":-1,"tick":33002,"type":"ko"}
[client] {"a":4,"dup":false,"ev":"game","ms":581576,"predicted":false,"t":6,"tick":33012,"type":"hit"}
[client] {"a":6,"dup":false,"ev":"game","ms":581576,"predicted":false,"t":-1,"tick":33012,"type":"ko"}
[client] {"a":1,"dup":false,"ev":"game","ms":581610,"predicted":false,"t":7,"tick":33014,"type":"block"}
[client] {"a":5,"dup":true,"ev":"game","ms":581685,"predicted":false,"t":1,"tick":33023,"type":"hit"}
[client] {"a":1,"dup":false,"ev":"game","ms":581763,"predicted":false,"t":-1,"tick":33023,"type":"ko"}
[client] {"a":4,"dup":false,"ev":"game","ms":582977,"predicted":false,"t":7,"tick":33096,"type":"hit"}
[client] {"a":4,"dup":false,"ev":"game","ms":583446,"predicted":false,"t":7,"tick":33124,"type":"block"}
[client] {"a":9,"dup":false,"ev":"game","ms":583695,"predicted":false,"t":4,"tick":33139,"type":"hit"}
[client] {"a":9,"dup":false,"ev":"game","ms":584199,"predicted":false,"t":4,"tick":33169,"type":"hit"}
[client] {"a":4,"dup":false,"ev":"game","ms":584681,"predicted":false,"t":7,"tick":33198,"type":"hit"}
[client] {"counts":{"blocks_on_me":18,"conf_actions":361,"confirmed_hits":1237,"dup_confirmed":12,"hits_on_me":164,"pred_actions":425,"predicted_confirmed":124,"predicted_hits":373,"reconnects":0},"ev":"stats","hp":42.0,"in_bytes":7518056,"late":0,"local_entity":5,"match":{"countdown_until":29399,"ctrl":-1,"final":false,"next":"","phase":3,"rot":3379,"scores":[0,19],"sd":false,"state":1,"tick":3821,"zone":"A"},"max_err":2.215,"mean_err":0.016,"ms":584963,"out_bytes":1710483,"pending":3,"pos":[-14.95,-7.3],"reconciles":11036,"server_tick":33219,"snaps":11055,"teleports":12}
[client] {"a":9,"dup":false,"ev":"game","ms":585620,"predicted":false,"t":4,"tick":33255,"type":"hit"}
[client] {"a":8,"dup":false,"ev":"game","ms":589021,"predicted":false,"t":3,"tick":33458,"type":"hit"}
[client] {"counts":{"blocks_on_me":18,"conf_actions":361,"confirmed_hits":1239,"dup_confirmed":13,"hits_on_me":164,"pred_actions":425,"predicted_confirmed":124,"predicted_hits":373,"reconnects":0},"ev":"stats","hp":83.9999999999996,"in_bytes":7573659,"late":0,"local_entity":5,"match":{"countdown_until":29399,"ctrl":1,"final":false,"next":"","phase":3,"rot":3079,"scores":[0,21],"sd":false,"state":2,"tick":4121,"zone":"A"},"max_err":2.215,"mean_err":0.0158,"ms":589958,"out_bytes":1725183,"pending":6,"pos":[-41.88,-0.07],"reconciles":11135,"server_tick":33519,"snaps":11155,"teleports":12}
[client] {"a":3,"dup":false,"ev":"game","ms":591078,"predicted":false,"t":8,"tick":33581,"type":"hit"}
[client] {"a":0,"dup":false,"ev":"game","ms":591429,"predicted":false,"t":-1,"tick":33602,"type":"respawn"}
[client] {"a":6,"dup":false,"ev":"game","ms":591595,"predicted":false,"t":-1,"tick":33612,"type":"respawn"}
[client] {"a":3,"dup":false,"ev":"game","ms":591643,"predicted":false,"t":8,"tick":33615,"type":"block"}
[client] {"a":1,"dup":false,"ev":"game","ms":591774,"predicted":false,"t":-1,"tick":33623,"type":"respawn"}
[client] {"a":8,"dup":false,"ev":"game","ms":593313,"predicted":false,"t":3,"tick":33715,"type":"hit"}
[client] {"a":8,"dup":false,"ev":"game","ms":593830,"predicted":false,"t":3,"tick":33746,"type":"block"}
[client] {"a":2,"dup":false,"ev":"game","ms":594245,"predicted":false,"t":5,"tick":33771,"type":"hit"}
[client] {"counts":{"blocks_on_me":18,"conf_actions":362,"confirmed_hits":1242,"dup_confirmed":13,"hits_on_me":165,"pred_actions":426,"predicted_confirmed":124,"predicted_hits":373,"reconnects":0},"ev":"stats","hp":132.7,"in_bytes":7637405,"late":0,"local_entity":5,"match":{"countdown_until":29399,"ctrl":-1,"final":false,"next":"","phase":3,"rot":2779,"scores":[0,24],"sd":false,"state":3,"tick":4421,"zone":"A"},"max_err":2.215,"mean_err":0.0158,"ms":594961,"out_bytes":1739883,"pending":6,"pos":[-43.14,0.67],"reconciles":11235,"server_tick":33819,"snaps":11255,"teleports":12}
[client] {"a":5,"dup":true,"ev":"game","ms":595328,"predicted":false,"t":2,"tick":33842,"type":"hit"}
[client] {"a":3,"dup":false,"ev":"game","ms":595542,"predicted":false,"t":8,"tick":33850,"type":"hit"}
[client] {"a":3,"dup":false,"ev":"game","ms":596121,"predicted":false,"t":8,"tick":33885,"type":"block"}
[client] {"a":2,"dup":false,"ev":"game","ms":597108,"predicted":false,"t":5,"tick":33943,"type":"hit"}
[client] {"a":8,"dup":false,"ev":"game","ms":597908,"predicted":false,"t":3,"tick":33991,"type":"hit"}
[client] {"a":2,"dup":false,"ev":"game","ms":598371,"predicted":false,"t":5,"tick":34019,"type":"hit"}
[client] {"a":8,"dup":false,"ev":"game","ms":598406,"predicted":false,"t":3,"tick":34021,"type":"block"}
[client] {"a":2,"dup":false,"ev":"game","ms":599323,"predicted":false,"t":5,"tick":34076,"type":"hit"}
[client] {"a":3,"dup":false,"ev":"game","ms":599392,"predicted":false,"t":8,"tick":34080,"type":"hit"}
[client] {"a":7,"dup":false,"ev":"game","ms":599592,"predicted":false,"t":2,"tick":34092,"type":"hit"}
[client] {"counts":{"blocks_on_me":18,"conf_actions":367,"confirmed_hits":1250,"dup_confirmed":13,"hits_on_me":168,"pred_actions":431,"predicted_confirmed":125,"predicted_hits":376,"reconnects":0},"ev":"stats","hp":58.7000000000004,"in_bytes":7708184,"late":0,"local_entity":5,"match":{"countdown_until":29399,"ctrl":-1,"final":false,"next":"","phase":3,"rot":2479,"scores":[0,24],"sd":false,"state":3,"tick":4721,"zone":"A"},"max_err":2.215,"mean_err":0.0159,"ms":599957,"out_bytes":1754583,"pending":6,"pos":[-42.88,0.38],"reconciles":11335,"server_tick":34119,"snaps":11355,"teleports":12}
[client] {"a":8,"dup":false,"ev":"game","ms":600572,"predicted":false,"t":3,"tick":34151,"type":"hit"}
[client] {"a":2,"dup":false,"ev":"game","ms":600675,"predicted":false,"t":5,"tick":34157,"type":"hit"}
[client] {"a":0,"dup":false,"ev":"game","ms":601027,"predicted":false,"t":9,"tick":34178,"type":"hit"}
[client] {"a":0,"dup":false,"ev":"game","ms":601344,"predicted":false,"t":9,"tick":34197,"type":"block"}
[client] {"a":8,"dup":false,"ev":"game","ms":601372,"predicted":false,"t":3,"tick":34199,"type":"hit"}
[client] {"a":2,"dup":false,"ev":"game","ms":601642,"predicted":false,"t":5,"tick":34215,"type":"hit"}
[client] {"a":0,"dup":false,"ev":"game","ms":601656,"predicted":false,"t":9,"tick":34216,"type":"block"}
[client] {"a":5,"dup":true,"ev":"game","ms":601959,"predicted":false,"t":2,"tick":34240,"type":"hit"}
[client] {"a":0,"dup":false,"ev":"game","ms":602228,"predicted":false,"t":9,"tick":34251,"type":"block"}
[client] {"a":0,"dup":false,"ev":"game","ms":602828,"predicted":false,"t":9,"tick":34287,"type":"block"}
[client] {"a":5,"dup":false,"ev":"game","ms":602911,"predicted":false,"t":-1,"tick":34296,"type":"ko"}
[client] {"a":2,"dup":false,"ev":"game","ms":602973,"predicted":false,"t":5,"tick":34296,"type":"hit"}
[client] {"a":2,"dup":false,"ev":"game","ms":603007,"predicted":false,"t":7,"tick":34298,"type":"hit"}
[client] {"a":4,"dup":false,"ev":"game","ms":603355,"predicted":false,"t":9,"tick":34318,"type":"block"}
[client] {"a":9,"dup":false,"ev":"game","ms":603707,"predicted":false,"t":4,"tick":34339,"type":"hit"}
[client] {"a":9,"dup":false,"ev":"game","ms":603742,"predicted":false,"t":0,"tick":34341,"type":"hit"}
[client] {"a":2,"dup":false,"ev":"game","ms":604342,"predicted":false,"t":7,"tick":34377,"type":"hit"}
[client] {"a":9,"dup":false,"ev":"game","ms":604473,"predicted":false,"t":1,"tick":34385,"type":"hit"}
[client] {"a":2,"dup":false,"ev":"game","ms":604825,"predicted":false,"t":6,"tick":34406,"type":"hit"}
[client] {"counts":{"blocks_on_me":18,"conf_actions":372,"confirmed_hits":1263,"dup_confirmed":14,"hits_on_me":171,"pred_actions":436,"predicted_confirmed":126,"predicted_hits":379,"reconnects":0},"ev":"stats","hp":0.0,"in_bytes":7780428,"late":0,"local_entity":5,"match":{"countdown_until":29399,"ctrl":-1,"final":false,"next":"","phase":3,"rot":2179,"scores":[0,24],"sd":false,"state":3,"tick":5021,"zone":"A"},"max_err":2.215,"mean_err":0.0159,"ms":604955,"out_bytes":1769283,"pending":6,"pos":[-42.57,0.09],"reconciles":11435,"server_tick":34419,"snaps":11455,"teleports":12}
[client] {"a":9,"dup":false,"ev":"game","ms":605171,"predicted":false,"t":0,"tick":34427,"type":"hit"}
[client] {"a":4,"dup":false,"ev":"game","ms":605239,"predicted":false,"t":9,"tick":34431,"type":"hit"}
[client] {"a":0,"dup":false,"ev":"game","ms":605860,"predicted":false,"t":9,"tick":34468,"type":"hit"}
[client] {"a":6,"dup":false,"ev":"game","ms":606605,"predicted":false,"t":2,"tick":34513,"type":"block"}
[client] {"a":9,"dup":false,"ev":"game","ms":606640,"predicted":false,"t":0,"tick":34515,"type":"hit"}
[client] {"a":4,"dup":false,"ev":"game","ms":606909,"predicted":false,"t":9,"tick":34531,"type":"hit"}
[client] {"a":7,"dup":false,"ev":"game","ms":606991,"predicted":false,"t":2,"tick":34536,"type":"block"}
[client] {"a":6,"dup":false,"ev":"game","ms":607205,"predicted":false,"t":2,"tick":34549,"type":"block"}
[client] {"a":0,"dup":false,"ev":"game","ms":607461,"predicted":false,"t":9,"tick":34564,"type":"block"}
[client] {"a":4,"dup":false,"ev":"game","ms":607675,"predicted":false,"t":9,"tick":34577,"type":"hit"}
[client] {"a":6,"dup":false,"ev":"game","ms":607807,"predicted":false,"t":2,"tick":34585,"type":"hit"}
[client] {"a":6,"dup":false,"ev":"game","ms":609559,"predicted":false,"t":0,"tick":34690,"type":"hit"}
[client] {"a":6,"dup":false,"ev":"game","ms":609862,"predicted":false,"t":0,"tick":34708,"type":"hit"}
[client] {"counts":{"blocks_on_me":18,"conf_actions":372,"confirmed_hits":1272,"dup_confirmed":15,"hits_on_me":171,"pred_actions":436,"predicted_confirmed":126,"predicted_hits":379,"reconnects":0},"ev":"stats","hp":0.0,"in_bytes":7850380,"late":0,"local_entity":5,"match":{"countdown_until":29399,"ctrl":-1,"final":false,"next":"","phase":3,"rot":1879,"scores":[0,24],"sd":false,"state":3,"tick":5321,"zone":"A"},"max_err":2.215,"mean_err":0.0158,"ms":609958,"out_bytes":1783983,"pending":6,"pos":[-42.57,0.09],"reconciles":11535,"server_tick":34719,"snaps":11555,"teleports":12}
[client] {"a":9,"dup":false,"ev":"game","ms":610090,"predicted":false,"t":4,"tick":34722,"type":"hit"}
[client] {"a":6,"dup":false,"ev":"game","ms":610145,"predicted":false,"t":1,"tick":34725,"type":"hit"}
[client] {"a":0,"dup":false,"ev":"game","ms":610311,"predicted":false,"t":6,"tick":34735,"type":"hit"}
[client] {"a":2,"dup":false,"ev":"game","ms":610676,"predicted":false,"t":7,"tick":34757,"type":"hit"}
[client] {"a":6,"dup":false,"ev":"game","ms":610711,"predicted":false,"t":0,"tick":34759,"type":"hit"}
[client] {"a":1,"dup":false,"ev":"game","ms":610808,"predicted":false,"t":6,"tick":34765,"type":"hit"}
[client] {"a":7,"dup":false,"ev":"game","ms":611077,"predicted":false,"t":2,"tick":34781,"type":"hit"}
[client] {"a":2,"dup":false,"ev":"game","ms":611477,"predicted":false,"t":7,"tick":34805,"type":"hit"}
[client] {"a":6,"dup":false,"ev":"game","ms":611725,"predicted":false,"t":2,"tick":34820,"type":"hit"}
[client] {"a":0,"dup":false,"ev":"game","ms":612160,"predicted":false,"t":6,"tick":34846,"type":"hit"}
[client] {"a":2,"dup":false,"ev":"game","ms":612443,"predicted":false,"t":7,"tick":34863,"type":"hit"}
[client] {"a":0,"dup":false,"ev":"game","ms":612808,"predicted":false,"t":6,"tick":34885,"type":"hit"}
[client] {"a":5,"dup":false,"ev":"game","ms":612913,"predicted":false,"t":-1,"tick":34896,"type":"respawn"}
[client] {"a":2,"dup":false,"ev":"game","ms":612981,"predicted":false,"t":6,"tick":34895,"type":"hit"}
[client] {"a":2,"dup":false,"ev":"game","ms":612995,"predicted":false,"t":7,"tick":34896,"type":"block"}
[client] {"a":4,"dup":false,"ev":"game","ms":613264,"predicted":false,"t":9,"tick":34912,"type":"hit"}
[client] {"a":2,"dup":false,"ev":"game","ms":613547,"predicted":false,"t":6,"tick":34929,"type":"hit"}
[client] {"a":0,"dup":false,"ev":"game","ms":613629,"predicted":false,"t":7,"tick":34934,"type":"hit"}
[client] {"a":7,"dup":false,"ev":"game","ms":614458,"predicted":false,"t":2,"tick":34985,"type":"hit"}
[client] {"a":6,"dup":false,"ev":"game","ms":614575,"predicted":false,"t":2,"tick":34991,"type":"hit"}
[client] {"counts":{"blocks_on_me":18,"conf_actions":373,"confirmed_hits":1290,"dup_confirmed":15,"hits_on_me":171,"pred_actions":436,"predicted_confirmed":126,"predicted_hits":379,"reconnects":0},"ev":"stats","hp":260.0,"in_bytes":7921014,"late":0,"local_entity":5,"match":{"countdown_until":29399,"ctrl":-1,"final":false,"next":"","phase":3,"rot":1579,"scores":[0,24],"sd":false,"state":3,"tick":5621,"zone":"A"},"max_err":2.215,"mean_err":0.0156,"ms":614953,"out_bytes":1798683,"pending":6,"pos":[4.46,39.24],"reconciles":11634,"server_tick":35019,"snaps":11655,"teleports":13}
[client] {"a":1,"dup":false,"ev":"game","ms":615624,"predicted":false,"t":6,"tick":35054,"type":"hit"}
[client] {"a":1,"dup":false,"ev":"game","ms":615941,"predicted":false,"t":6,"tick":35073,"type":"hit"}
[client] {"a":6,"dup":false,"ev":"game","ms":616286,"predicted":false,"t":1,"tick":35094,"type":"hit"}
[client] {"a":1,"dup":false,"ev":"game","ms":616606,"predicted":false,"t":6,"tick":35113,"type":"hit"}
[client] {"a":6,"dup":false,"ev":"game","ms":616606,"predicted":false,"t":-1,"tick":35113,"type":"ko"}
[client] {"a":4,"dup":false,"ev":"game","ms":618694,"predicted":false,"t":7,"tick":35238,"type":"hit"}
[client] {"a":7,"dup":false,"ev":"game","ms":619094,"predicted":false,"t":4,"tick":35262,"type":"hit"}
[client] {"a":7,"dup":false,"ev":"game","ms":619605,"predicted":false,"t":4,"tick":35293,"type":"block"}
[client] {"counts":{"blocks_on_me":18,"conf_actions":373,"confirmed_hits":1296,"dup_confirmed":16,"hits_on_me":171,"pred_actions":436,"predicted_confirmed":126,"predicted_hits":379,"reconnects":0},"ev":"stats","hp":260.0,"in_bytes":7985151,"late":0,"local_entity":5,"match":{"countdown_until":29399,"ctrl":-1,"final":false,"next":"","phase":3,"rot":1279,"scores":[0,24],"sd":false,"state":3,"tick":5921,"zone":"A"},"max_err":2.215,"mean_err":0.0155,"ms":619956,"out_bytes":1813383,"pending":6,"pos":[-15.06,15.95],"reconciles":11734,"server_tick":35319,"snaps":11755,"teleports":13}
[client] {"a":4,"dup":false,"ev":"game","ms":620474,"predicted":false,"t":7,"tick":35345,"type":"hit"}
[client] {"a":4,"dup":false,"ev":"game","ms":620975,"predicted":false,"t":7,"tick":35375,"type":"block"}
[client] {"a":8,"dup":false,"ev":"game","ms":621293,"predicted":false,"t":3,"tick":35394,"type":"hit"}
[client] {"a":3,"dup":false,"ev":"game","ms":621658,"predicted":false,"t":8,"tick":35416,"type":"hit"}
[client] {"a":3,"dup":false,"ev":"game","ms":622106,"predicted":false,"t":8,"tick":35443,"type":"block"}
[client] {"a":8,"dup":false,"ev":"game","ms":623604,"predicted":false,"t":3,"tick":35533,"type":"hit"}
[client] {"a":9,"dup":false,"ev":"game","ms":624321,"predicted":false,"t":1,"tick":35576,"type":"hit"}
[client] {"a":0,"dup":false,"ev":"game","ms":624673,"predicted":false,"t":9,"tick":35597,"type":"hit"}
[client] {"a":5,"dup":true,"ev":"game","ms":624742,"predicted":false,"t":0,"tick":35606,"type":"hit"}
[client] {"a":2,"dup":false,"ev":"game","ms":624921,"predicted":false,"t":8,"tick":35612,"type":"hit"}
[client] {"counts":{"blocks_on_me":18,"conf_actions":374,"confirmed_hits":1304,"dup_confirmed":16,"hits_on_me":171,"pred_actions":437,"predicted_confirmed":127,"predicted_hits":381,"reconnects":0},"ev":"stats","hp":260.0,"in_bytes":8051217,"late":0,"local_entity":5,"match":{"countdown_until":29399,"ctrl":-1,"final":false,"next":"","phase":3,"rot":979,"scores":[0,24],"sd":false,"state":3,"tick":6221,"zone":"A"},"max_err":2.215,"mean_err":0.0154,"ms":624955,"out_bytes":1828083,"pending":6,"pos":[-40.66,0.58],"reconciles":11834,"server_tick":35619,"snaps":11855,"teleports":13}
[client] {"a":3,"dup":false,"ev":"game","ms":625273,"predicted":false,"t":8,"tick":35633,"type":"hit"}
[client] {"a":1,"dup":false,"ev":"game","ms":625310,"predicted":false,"t":9,"tick":35635,"type":"hit"}
[client] {"a":9,"dup":false,"ev":"game","ms":625708,"predicted":false,"t":1,"tick":35659,"type":"hit"}
[client] {"a":8,"dup":false,"ev":"game","ms":625825,"predicted":false,"t":3,"tick":35666,"type":"hit"}
[client] {"a":9,"dup":false,"ev":"game","ms":625943,"predicted":false,"t":1,"tick":35673,"type":"hit"}
[client] {"a":5,"dup":true,"ev":"game","ms":625977,"predicted":false,"t":1,"tick":35680,"type":"hit"}
[client] {"a":3,"dup":false,"ev":"game","ms":626240,"predicted":false,"t":8,"tick":35691,"type":"hit"}
[client] {"a":0,"dup":false,"ev":"game","ms":626274,"predicted":false,"t":5,"tick":35693,"type":"hit"}
[client] {"a":0,"dup":false,"ev":"game","ms":626274,"predicted":false,"t":9,"tick":35693,"type":"hit"}
[client] {"a":0,"dup":false,"ev":"game","ms":626577,"predicted":false,"t":5,"tick":35711,"type":"hit"}
[client] {"a":6,"dup":false,"ev":"game","ms":626612,"predicted":false,"t":-1,"tick":35713,"type":"respawn"}
[client] {"a":9,"dup":false,"ev":"game","ms":626723,"predicted":false,"t":0,"tick":35720,"type":"hit"}
[client] {"a":1,"dup":false,"ev":"game","ms":627012,"predicted":false,"t":9,"tick":35737,"type":"hit"}
[client] {"a":5,"dup":true,"ev":"game","ms":627123,"predicted":false,"t":0,"tick":35749,"type":"hit"}
[client] {"a":4,"dup":false,"ev":"game","ms":627626,"predicted":false,"t":9,"tick":35774,"type":"hit"}
[client] {"a":1,"dup":false,"ev":"game","ms":627875,"predicted":false,"t":5,"tick":35789,"type":"hit"}
[client] {"a":8,"dup":false,"ev":"game","ms":627875,"predicted":false,"t":3,"tick":35789,"type":"hit"}
[client] {"a":8,"dup":false,"ev":"game","ms":628463,"predicted":false,"t":3,"tick":35824,"type":"block"}
[client] {"a":5,"dup":true,"ev":"game","ms":628696,"predicted":false,"t":4,"tick":35843,"type":"hit"}
[client] {"a":8,"dup":false,"ev":"game","ms":629027,"predicted":false,"t":3,"tick":35858,"type":"block"}
[client] {"a":5,"dup":true,"ev":"game","ms":629075,"predicted":false,"t":4,"tick":35866,"type":"hit"}
[client] {"a":8,"dup":false,"ev":"game","ms":629262,"predicted":false,"t":3,"tick":35872,"type":"hit"}
[client] {"a":8,"dup":false,"ev":"game","ms":629296,"predicted":false,"t":2,"tick":35874,"type":"block"}
[client] {"a":0,"dup":false,"ev":"game","ms":629393,"predicted":false,"t":5,"tick":35880,"type":"hit"}
[client] {"a":2,"dup":false,"ev":"game","ms":629924,"predicted":false,"t":8,"tick":35912,"type":"hit"}
[client] {"counts":{"blocks_on_me":18,"conf_actions":382,"confirmed_hits":1325,"dup_confirmed":18,"hits_on_me":175,"pred_actions":446,"predicted_confirmed":131,"predicted_hits":389,"reconnects":0},"ev":"stats","hp":166.0,"in_bytes":8128733,"late":0,"local_entity":5,"match":{"countdown_until":29399,"ctrl":-1,"final":false,"next":"C","phase":3,"rot":679,"scores":[0,24],"sd":false,"state":3,"tick":6521,"zone":"A"},"max_err":2.215,"mean_err":0.0156,"ms":629957,"out_bytes":1842783,"pending":6,"pos":[-39.59,2.46],"reconciles":11934,"server_tick":35919,"snaps":11955,"teleports":13}
[client] {"a":2,"dup":false,"ev":"game","ms":630437,"predicted":false,"t":8,"tick":35943,"type":"block"}
[client] {"a":2,"dup":false,"ev":"game","ms":631390,"predicted":false,"t":8,"tick":36000,"type":"hit"}
[client] {"a":5,"dup":true,"ev":"game","ms":631755,"predicted":false,"t":1,"tick":36027,"type":"hit"}
[client] {"a":5,"dup":true,"ev":"game","ms":631776,"predicted":false,"t":0,"tick":36029,"type":"hit"}
[client] {"a":5,"dup":false,"ev":"game","ms":632977,"predicted":false,"t":0,"tick":36100,"type":"hit"}
[client] {"a":1,"dup":false,"ev":"game","ms":633142,"predicted":false,"t":5,"tick":36105,"type":"hit"}
[client] {"a":1,"dup":false,"ev":"game","ms":633756,"predicted":false,"t":7,"tick":36142,"type":"block"}
[client] {"a":1,"dup":false,"ev":"game","ms":634060,"predicted":false,"t":7,"tick":36160,"type":"block"}
[client] {"a":0,"dup":false,"ev":"game","ms":634074,"predicted":false,"t":7,"tick":36161,"type":"block"}
[client] {"a":0,"dup":false,"ev":"game","ms":634094,"predicted":false,"t":5,"tick":36162,"type":"hit"}
[client] {"a":0,"dup":false,"ev":"game","ms":634674,"predicted":false,"t":7,"tick":36197,"type":"block"}
[client] {"a":1,"dup":false,"ev":"game","ms":634812,"predicted":false,"t":7,"tick":36205,"type":"hit"}
[client] {"counts":{"blocks_on_me":18,"conf_actions":388,"confirmed_hits":1332,"dup_confirmed":18,"hits_on_me":177,"pred_actions":451,"predicted_confirmed":133,"predicted_hits":394,"reconnects":0},"ev":"stats","hp":90.0,"in_bytes":8197956,"late":0,"local_entity":5,"match":{"countdown_until":29399,"ctrl":-1,"final":false,"next":"C","phase":3,"rot":379,"scores":[0,24],"sd":false,"state":3,"tick":6821,"zone":"A"},"max_err":2.215,"mean_err":0.0156,"ms":634956,"out_bytes":1857483,"pending":6,"pos":[-40.09,0.26],"reconciles":12034,"server_tick":36219,"snaps":12055,"teleports":13}
[client] {"a":5,"dup":true,"ev":"game","ms":635212,"predicted":false,"t":0,"tick":36235,"type":"hit"}
[client] {"a":5,"dup":true,"ev":"game","ms":635813,"predicted":false,"t":1,"tick":36271,"type":"hit"}
[client] {"a":1,"dup":false,"ev":"game","ms":636213,"predicted":false,"t":5,"tick":36290,"type":"hit"}
[client] {"a":5,"dup":true,"ev":"game","ms":636544,"predicted":false,"t":1,"tick":36315,"type":"hit"}
[client] {"a":0,"dup":false,"ev":"game","ms":637075,"predicted":false,"t":5,"tick":36342,"type":"hit"}
[client] {"a":0,"dup":false,"ev":"game","ms":637393,"predicted":false,"t":5,"tick":36361,"type":"hit"}
[client] {"a":1,"dup":false,"ev":"game","ms":637393,"predicted":false,"t":7,"tick":36361,"type":"hit"}
[client] {"a":5,"dup":true,"ev":"game","ms":637662,"predicted":false,"t":0,"tick":36381,"type":"hit"}
[client] {"a":2,"dup":false,"ev":"game","ms":638275,"predicted":false,"t":5,"tick":36414,"type":"hit"}
[client] {"a":0,"dup":false,"ev":"game","ms":638697,"predicted":false,"t":7,"tick":36439,"type":"hit"}
[client] {"a":5,"dup":true,"ev":"game","ms":638745,"predicted":false,"t":1,"tick":36447,"type":"hit"}
[client] {"a":5,"dup":true,"ev":"game","ms":639467,"predicted":false,"t":1,"tick":36490,"type":"hit"}
[client] {"counts":{"blocks_on_me":18,"conf_actions":398,"confirmed_hits":1344,"dup_confirmed":21,"hits_on_me":181,"pred_actions":461,"predicted_confirmed":139,"predicted_hits":404,"reconnects":0},"ev":"stats","hp":18.0,"in_bytes":8271642,"late":0,"local_entity":5,"match":{"countdown_until":29399,"ctrl":-1,"final":false,"next":"C","phase":3,"rot":79,"scores":[0,24],"sd":false,"state":3,"tick":7121,"zone":"A"},"max_err":2.215,"mean_err":0.0158,"ms":639949,"out_bytes":1872183,"pending":6,"pos":[-41.36,2.29],"reconciles":12134,"server_tick":36519,"snaps":12155,"teleports":13}
[client] {"a":0,"dup":false,"ev":"game","ms":640005,"predicted":false,"t":6,"tick":36517,"type":"hit"}
[client] {"a":5,"dup":false,"ev":"game","ms":640005,"predicted":false,"t":-1,"tick":36522,"type":"ko"}
[client] {"a":0,"dup":false,"ev":"game","ms":640088,"predicted":false,"t":5,"tick":36522,"type":"hit"}
[client] {"a":-1,"dup":false,"ev":"game","ms":641351,"predicted":false,"t":-1,"tick":36598,"type":"zone_rotated"}
[client] {"a":6,"dup":false,"ev":"game","ms":641937,"predicted":false,"t":2,"tick":36633,"type":"hit"}
[client] {"a":6,"dup":false,"ev":"game","ms":642455,"predicted":false,"t":2,"tick":36664,"type":"block"}
[client] {"a":6,"dup":false,"ev":"game","ms":642772,"predicted":false,"t":2,"tick":36683,"type":"block"}
[client] {"a":6,"dup":false,"ev":"game","ms":643455,"predicted":false,"t":2,"tick":36724,"type":"hit"}
[client] {"counts":{"blocks_on_me":18,"conf_actions":398,"confirmed_hits":1348,"dup_confirmed":21,"hits_on_me":182,"pred_actions":462,"predicted_confirmed":139,"predicted_hits":404,"reconnects":0},"ev":"stats","hp":0.0,"in_bytes":8338206,"late":0,"local_entity":5,"match":{"countdown_until":29399,"ctrl":0,"final":false,"next":"","phase":3,"rot":3379,"scores":[3,24],"sd":false,"state":2,"tick":7421,"zone":"C"},"max_err":2.215,"mean_err":0.0156,"ms":644952,"out_bytes":1886883,"pending":6,"pos":[-41.34,2.28],"reconciles":12234,"server_tick":36819,"snaps":12255,"teleports":13}
[client] {"a":3,"dup":false,"ev":"game","ms":645539,"predicted":false,"t":9,"tick":36850,"type":"hit"}
[client] {"a":3,"dup":false,"ev":"game","ms":648161,"predicted":false,"t":9,"tick":37007,"type":"hit"}
[client] {"a":3,"dup":false,"ev":"game","ms":648175,"predicted":false,"t":8,"tick":37008,"type":"hit"}
[client] {"a":3,"dup":false,"ev":"game","ms":648672,"predicted":false,"t":9,"tick":37038,"type":"block"}
[client] {"counts":{"blocks_on_me":18,"conf_actions":398,"confirmed_hits":1351,"dup_confirmed":22,"hits_on_me":182,"pred_actions":462,"predicted_confirmed":139,"predicted_hits":404,"reconnects":0},"ev":"stats","hp":0.0,"in_bytes":8404362,"late":0,"local_entity":5,"match":{"countdown_until":29399,"ctrl":0,"final":false,"next":"","phase":3,"rot":3079,"scores":[8,24],"sd":false,"state":2,"tick":7721,"zone":"C"},"max_err":2.215,"mean_err":0.0155,"ms":649961,"out_bytes":1901583,"pending":3,"pos":[-41.34,2.28],"reconciles":12335,"server_tick":37119,"snaps":12355,"teleports":13}
[client] {"a":5,"dup":false,"ev":"game","ms":649989,"predicted":false,"t":-1,"tick":37122,"type":"respawn"}
[client] {"a":9,"dup":false,"ev":"game","ms":650293,"predicted":false,"t":3,"tick":37135,"type":"hit"}
[client] {"a":8,"dup":false,"ev":"game","ms":650610,"predicted":false,"t":3,"tick":37154,"type":"hit"}
[client] {"a":8,"dup":false,"ev":"game","ms":651563,"predicted":false,"t":3,"tick":37211,"type":"hit"}
[client] {"a":8,"dup":false,"ev":"game","ms":652046,"predicted":false,"t":3,"tick":37240,"type":"hit"}
[client] {"a":9,"dup":false,"ev":"game","ms":652076,"predicted":false,"t":3,"tick":37242,"type":"hit"}
[client] {"a":3,"dup":false,"ev":"game","ms":652508,"predicted":false,"t":9,"tick":37268,"type":"hit"}
[client] {"a":9,"dup":false,"ev":"game","ms":652929,"predicted":false,"t":3,"tick":37293,"type":"block"}
[client] {"a":9,"dup":false,"ev":"game","ms":653791,"predicted":false,"t":3,"tick":37345,"type":"hit"}
[client] {"a":3,"dup":false,"ev":"game","ms":654544,"predicted":false,"t":9,"tick":37390,"type":"hit"}
[client] {"a":8,"dup":false,"ev":"game","ms":654930,"predicted":false,"t":3,"tick":37413,"type":"hit"}
[client] {"counts":{"blocks_on_me":18,"conf_actions":398,"confirmed_hits":1360,"dup_confirmed":22,"hits_on_me":182,"pred_actions":462,"predicted_confirmed":139,"predicted_hits":404,"reconnects":0},"ev":"stats","hp":260.0,"in_bytes":8469454,"late":0,"local_entity":5,"match":{"countdown_until":29399,"ctrl":0,"final":false,"next":"","phase":3,"rot":2779,"scores":[13,24],"sd":false,"state":2,"tick":8021,"zone":"C"},"max_err":2.215,"mean_err":0.0154,"ms":654963,"out_bytes":1916283,"pending":6,"pos":[6.02,19.1],"reconciles":12433,"server_tick":37419,"snaps":12455,"teleports":14}
[client] {"a":7,"dup":false,"ev":"game","ms":656745,"predicted":false,"t":0,"tick":37522,"type":"hit"}
[client] {"a":1,"dup":false,"ev":"game","ms":657131,"predicted":false,"t":7,"tick":37545,"type":"hit"}
[client] {"a":1,"dup":false,"ev":"game","ms":657448,"predicted":false,"t":7,"tick":37564,"type":"block"}
[client] {"a":1,"dup":false,"ev":"game","ms":657779,"predicted":false,"t":7,"tick":37583,"type":"block"}
[client] {"a":0,"dup":false,"ev":"game","ms":658076,"predicted":false,"t":7,"tick":37601,"type":"block"}
[client] {"a":4,"dup":false,"ev":"game","ms":658373,"predicted":false,"t":7,"tick":37619,"type":"hit"}
[client] {"a":0,"dup":false,"ev":"game","ms":658725,"predicted":false,"t":7,"tick":37640,"type":"hit"}
[client] {"a":4,"dup":false,"ev":"game","ms":658925,"predicted":false,"t":7,"tick":37652,"type":"hit"}
[client] {"a":0,"dup":false,"ev":"game","ms":659042,"predicted":false,"t":7,"tick":37659,"type":"hit"}
[client] {"a":6,"dup":false,"ev":"game","ms":659173,"predicted":false,"t":1,"tick":37667,"type":"hit"}
[client] {"a":6,"dup":false,"ev":"game","ms":659187,"predicted":false,"t":0,"tick":37668,"type":"hit"}
[client] {"a":4,"dup":false,"ev":"game","ms":659387,"predicted":false,"t":7,"tick":37680,"type":"hit"}
[client] {"counts":{"blocks_on_me":18,"conf_actions":398,"confirmed_hits":1369,"dup_confirmed":22,"hits_on_me":182,"pred_actions":462,"predicted_confirmed":139,"predicted_hits":404,"reconnects":0},"ev":"stats","hp":260.0,"in_bytes":8538197,"late":0,"local_entity":5,"match":{"countdown_until":29399,"ctrl":-1,"final":false,"next":"","phase":3,"rot":2479,"scores":[14,24],"sd":false,"state":3,"tick":8321,"zone":"C"},"max_err":2.215,"mean_err":0.0153,"ms":659960,"out_bytes":1930983,"pending":7,"pos":[36.18,3.58],"reconciles":12533,"server_tick":37719,"snaps":12555,"teleports":14}
[client] {"a":4,"dup":false,"ev":"game","ms":660023,"predicted":false,"t":7,"tick":37718,"type":"hit"}
[client] {"a":1,"dup":false,"ev":"game","ms":660188,"predicted":false,"t":7,"tick":37728,"type":"hit"}
[client] {"a":1,"dup":false,"ev":"game","ms":660223,"predicted":false,"t":6,"tick":37730,"type":"hit"}
[client] {"a":1,"dup":false,"ev":"game","ms":660727,"predicted":false,"t":7,"tick":37760,"type":"hit"}
[client] {"a":4,"dup":false,"ev":"game","ms":660775,"predicted":false,"t":7,"tick":37763,"type":"hit"}
[client] {"a":4,"dup":false,"ev":"game","ms":660844,"predicted":false,"t":6,"tick":37767,"type":"hit"}
[client] {"a":9,"dup":false,"ev":"game","ms":661327,"predicted":false,"t":2,"tick":37796,"type":"hit"}
[client] {"a":6,"dup":false,"ev":"game","ms":661679,"predicted":false,"t":1,"tick":37817,"type":"hit"}
[client] {"a":4,"dup":false,"ev":"game","ms":661824,"predicted":false,"t":5,"tick":37826,"type":"hit"}
[client] {"a":4,"dup":false,"ev":"game","ms":661927,"predicted":false,"t":7,"tick":37832,"type":"hit"}
[client] {"a":0,"dup":false,"ev":"game","ms":661991,"predicted":false,"t":9,"tick":37836,"type":"hit"}
[client] {"a":1,"dup":false,"ev":"game","ms":662210,"predicted":false,"t":6,"tick":37849,"type":"hit"}
[client] {"a":1,"dup":false,"ev":"game","ms":662528,"predicted":false,"t":6,"tick":37868,"type":"hit"}
[client] {"a":1,"dup":false,"ev":"game","ms":663211,"predicted":false,"t":6,"tick":37909,"type":"hit"}
[client] {"a":0,"dup":false,"ev":"game","ms":663294,"predicted":false,"t":6,"tick":37914,"type":"hit"}
[client] {"a":4,"dup":false,"ev":"game","ms":663790,"predicted":false,"t":5,"tick":37944,"type":"hit"}
[client] {"a":6,"dup":false,"ev":"game","ms":664011,"predicted":false,"t":1,"tick":37957,"type":"hit"}
[client] {"a":5,"dup":true,"ev":"game","ms":664094,"predicted":false,"t":4,"tick":37967,"type":"hit"}
[client] {"a":4,"dup":false,"ev":"game","ms":664577,"predicted":false,"t":5,"tick":37991,"type":"hit"}
[client] {"a":6,"dup":false,"ev":"game","ms":664625,"predicted":false,"t":1,"tick":37994,"type":"hit"}
[client] {"a":6,"dup":false,"ev":"game","ms":664680,"predicted":false,"t":0,"tick":37997,"type":"hit"}
[client] {"a":9,"dup":false,"ev":"game","ms":664777,"predicted":false,"t":0,"tick":38003,"type":"hit"}
[client] {"a":4,"dup":false,"ev":"game","ms":664811,"predicted":false,"t":5,"tick":38005,"type":"hit"}
[client] {"counts":{"blocks_on_me":18,"conf_actions":405,"confirmed_hits":1392,"dup_confirmed":25,"hits_on_me":186,"pred_actions":470,"predicted_confirmed":140,"predicted_hits":405,"reconnects":0},"ev":"stats","hp":168.0,"in_bytes":8611919,"late":0,"local_entity":5,"match":{"countdown_until":29399,"ctrl":-1,"final":false,"next":"","phase":3,"rot":2179,"scores":[14,24],"sd":false,"state":3,"tick":8621,"zone":"C"},"max_err":2.215,"mean_err":0.0154,"ms":664962,"out_bytes":1945683,"pending":7,"pos":[39.15,2.94],"reconciles":12633,"server_tick":38019,"snaps":12655,"teleports":14}
[client] {"a":1,"dup":false,"ev":"game","ms":665191,"predicted":false,"t":9,"tick":38028,"type":"hit"}
[client] {"a":4,"dup":false,"ev":"game","ms":665391,"predicted":false,"t":5,"tick":38040,"type":"hit"}
[client] {"a":3,"dup":false,"ev":"game","ms":665508,"predicted":false,"t":8,"tick":38047,"type":"hit"}
[client] {"a":5,"dup":true,"ev":"game","ms":665681,"predicted":false,"t":4,"tick":38062,"type":"hit"}
[client] {"a":6,"dup":false,"ev":"game","ms":665709,"predicted":false,"t":0,"tick":38059,"type":"hit"}
[client] {"a":6,"dup":false,"ev":"game","ms":665729,"predicted":false,"t":1,"tick":38060,"type":"hit"}
[client] {"a":3,"dup":false,"ev":"game","ms":665764,"predicted":false,"t":8,"tick":38062,"type":"hit"}
[client] {"a":5,"dup":false,"ev":"game","ms":665991,"predicted":false,"t":4,"tick":38081,"type":"block"}
[client] {"a":8,"dup":false,"ev":"game","ms":666412,"predicted":false,"t":3,"tick":38101,"type":"hit"}
[client] {"a":5,"dup":false,"ev":"game","ms":666426,"predicted":false,"t":4,"tick":38107,"type":"block"}
[client] {"a":6,"dup":false,"ev":"game","ms":666743,"predicted":false,"t":0,"tick":38121,"type":"hit"}
[client] {"a":1,"dup":false,"ev":"game","ms":666826,"predicted":false,"t":6,"tick":38126,"type":"hit"}
[client] {"a":9,"dup":false,"ev":"game","ms":666827,"predicted":false,"t":4,"tick":38126,"type":"hit"}
[client] {"a":9,"dup":false,"ev":"game","ms":667310,"predicted":false,"t":4,"tick":38155,"type":"block"}
[client] {"a":8,"dup":false,"ev":"game","ms":667378,"predicted":false,"t":3,"tick":38159,"type":"hit"}
[client] {"a":9,"dup":false,"ev":"game","ms":667510,"predicted":false,"t":4,"tick":38167,"type":"block"}
[client] {"a":0,"dup":false,"ev":"game","ms":667627,"predicted":false,"t":6,"tick":38174,"type":"hit"}
[client] {"a":6,"dup":false,"ev":"game","ms":668144,"predicted":false,"t":0,"tick":38206,"type":"hit"}
[client] {"a":0,"dup":false,"ev":"game","ms":668145,"predicted":false,"t":-1,"tick":38206,"type":"ko"}
[client] {"a":4,"dup":false,"ev":"game","ms":668579,"predicted":false,"t":5,"tick":38232,"type":"hit"}
[client] {"a":1,"dup":false,"ev":"game","ms":669159,"predicted":false,"t":5,"tick":38267,"type":"hit"}
[client] {"counts":{"blocks_on_me":18,"conf_actions":414,"confirmed_hits":1408,"dup_confirmed":26,"hits_on_me":189,"pred_actions":478,"predicted_confirmed":141,"predicted_hits":408,"reconnects":0},"ev":"stats","hp":78.0,"in_bytes":8686730,"late":0,"local_entity":5,"match":{"countdown_until":29399,"ctrl":-1,"final":false,"next":"","phase":3,"rot":1879,"scores":[14,24],"sd":false,"state":3,"tick":8921,"zone":"C"},"max_err":2.215,"mean_err":0.0154,"ms":669958,"out_bytes":1960383,"pending":7,"pos":[40.9,2.15],"reconciles":12733,"server_tick":38319,"snaps":12755,"teleports":14}
[client] {"a":1,"dup":false,"ev":"game","ms":670359,"predicted":false,"t":5,"tick":38338,"type":"hit"}
[client] {"a":6,"dup":false,"ev":"game","ms":670704,"predicted":false,"t":1,"tick":38359,"type":"hit"}
[client] {"a":4,"dup":false,"ev":"game","ms":670938,"predicted":false,"t":5,"tick":38373,"type":"hit"}
[client] {"a":1,"dup":false,"ev":"game","ms":671139,"predicted":false,"t":6,"tick":38385,"type":"hit"}
[client] {"a":9,"dup":false,"ev":"game","ms":671360,"predicted":false,"t":1,"tick":38398,"type":"hit"}
[client] {"a":2,"dup":false,"ev":"game","ms":671677,"predicted":false,"t":7,"tick":38417,"type":"hit"}
[client] {"a":5,"dup":false,"ev":"game","ms":671691,"predicted":false,"t":-1,"tick":38423,"type":"ko"}
[client] {"a":1,"dup":false,"ev":"game","ms":671774,"predicted":false,"t":5,"tick":38423,"type":"hit"}
[client] {"a":1,"dup":false,"ev":"game","ms":671822,"predicted":false,"t":6,"tick":38426,"type":"hit"}
[client] {"a":6,"dup":false,"ev":"game","ms":671822,"predicted":false,"t":-1,"tick":38426,"type":"ko"}
[client] {"a":1,"dup":false,"ev":"game","ms":672373,"predicted":false,"t":9,"tick":38459,"type":"block"}
[client] {"counts":{"blocks_on_me":18,"conf_actions":415,"confirmed_hits":1416,"dup_confirmed":27,"hits_on_me":192,"pred_actions":480,"predicted_confirmed":141,"predicted_hits":408,"reconnects":0},"ev":"stats","hp":0.0,"in_bytes":8747793,"late":0,"local_entity":5,"match":{"countdown_until":29399,"ctrl":-1,"final":false,"next":"","phase":3,"rot":1579,"scores":[14,24],"sd":false,"state":3,"tick":9221,"zone":"C"},"max_err":2.215,"mean_err":0.0155,"ms":674960,"out_bytes":1975083,"pending":7,"pos":[42.54,1.53],"reconciles":12833,"server_tick":38619,"snaps":12855,"teleports":14}
[client] {"a":9,"dup":false,"ev":"game","ms":675623,"predicted":false,"t":4,"tick":38654,"type":"hit"}
[client] {"a":4,"dup":false,"ev":"game","ms":676058,"predicted":false,"t":9,"tick":38680,"type":"hit"}
[client] {"a":8,"dup":false,"ev":"game","ms":676776,"predicted":false,"t":1,"tick":38723,"type":"hit"}
[client] {"a":9,"dup":false,"ev":"game","ms":676997,"predicted":false,"t":4,"tick":38736,"type":"hit"}
[client] {"a":8,"dup":false,"ev":"game","ms":677045,"predicted":false,"t":1,"tick":38739,"type":"hit"}
[client] {"a":9,"dup":false,"ev":"game","ms":677197,"predicted":false,"t":4,"tick":38748,"type":"hit"}
[client] {"a":8,"dup":false,"ev":"game","ms":677714,"predicted":false,"t":4,"tick":38779,"type":"hit"}
[client] {"a":1,"dup":false,"ev":"game","ms":678059,"predicted":false,"t":8,"tick":38800,"type":"hit"}
[client] {"a":0,"dup":false,"ev":"game","ms":678163,"predicted":false,"t":-1,"tick":38806,"type":"respawn"}
[client] {"a":1,"dup":false,"ev":"game","ms":679343,"predicted":false,"t":9,"tick":38877,"type":"hit"}
[client] {"counts":{"blocks_on_me":18,"conf_actions":415,"confirmed_hits":1425,"dup_confirmed":28,"hits_on_me":192,"pred_actions":480,"predicted_confirmed":141,"predicted_hits":408,"reconnects":0},"ev":"stats","hp":0.0,"in_bytes":8808013,"late":0,"local_entity":5,"match":{"countdown_until":29399,"ctrl":-1,"final":false,"next":"","phase":3,"rot":1279,"scores":[14,24],"sd":false,"state":3,"tick":9521,"zone":"C"},"max_err":2.215,"mean_err":0.0154,"ms":679963,"out_bytes":1989783,"pending":7,"pos":[42.54,1.53],"reconciles":12933,"server_tick":38919,"snaps":12955,"teleports":14}
[client] {"a":8,"dup":false,"ev":"game","ms":680854,"predicted":false,"t":4,"tick":38968,"type":"hit"}
[client] {"a":8,"dup":false,"ev":"game","ms":680888,"predicted":false,"t":1,"tick":38970,"type":"hit"}
[client] {"a":1,"dup":false,"ev":"game","ms":680888,"predicted":false,"t":-1,"tick":38970,"type":"ko"}
[client] {"a":5,"dup":false,"ev":"game","ms":681688,"predicted":false,"t":-1,"tick":39023,"type":"respawn"}
[client] {"a":6,"dup":false,"ev":"game","ms":681827,"predicted":false,"t":-1,"tick":39026,"type":"respawn"}
[client] {"a":3,"dup":false,"ev":"game","ms":682337,"predicted":false,"t":8,"tick":39057,"type":"hit"}
[client] {"a":8,"dup":false,"ev":"game","ms":683442,"predicted":false,"t":3,"tick":39123,"type":"hit"}
[client] {"a":9,"dup":false,"ev":"game","ms":683724,"predicted":false,"t":3,"tick":39140,"type":"hit"}
[client] {"a":3,"dup":false,"ev":"game","ms":684393,"predicted":false,"t":8,"tick":39180,"type":"hit"}
[client] {"a":9,"dup":false,"ev":"game","ms":684442,"predicted":false,"t":3,"tick":39183,"type":"hit"}
[client] {"a":9,"dup":false,"ev":"game","ms":684676,"predicted":false,"t":3,"tick":39197,"type":"hit"}
[client] {"a":2,"dup":false,"ev":"game","ms":684856,"predicted":false,"t":8,"tick":39208,"type":"hit"}
[client] {"counts":{"blocks_on_me":18,"conf_actions":415,"confirmed_hits":1434,"dup_confirmed":29,"hits_on_me":192,"pred_actions":480,"predicted_confirmed":141,"predicted_hits":408,"reconnects":0},"ev":"stats","hp":260.0,"in_bytes":8869303,"late":0,"local_entity":5,"match":{"countdown_until":29399,"ctrl":-1,"final":false,"next":"","phase":3,"rot":979,"scores":[14,24],"sd":false,"state":3,"tick":9821,"zone":"C"},"max_err":2.215,"mean_err":0.0153,"ms":684958,"out_bytes":2004483,"pending":7,"pos":[0.15,27.14],"reconciles":13032,"server_tick":39219,"snaps":13055,"teleports":15}
[client] {"a":8,"dup":false,"ev":"game","ms":685242,"predicted":false,"t":3,"tick":39231,"type":"hit"}
[client] {"a":8,"dup":false,"ev":"game","ms":685511,"predicted":false,"t":3,"tick":39247,"type":"hit"}
[client] {"a":9,"dup":false,"ev":"game","ms":685739,"predicted":false,"t":3,"tick":39261,"type":"hit"}
[client] {"a":2,"dup":false,"ev":"game","ms":685877,"predicted":false,"t":8,"tick":39269,"type":"hit"}
[client] {"a":2,"dup":false,"ev":"game","ms":687878,"predicted":false,"t":9,"tick":39389,"type":"hit"}
[client] {"a":7,"dup":false,"ev":"game","ms":687926,"predicted":false,"t":2,"tick":39392,"type":"hit"}
[client] {"a":0,"dup":false,"ev":"game","ms":688913,"predicted":false,"t":9,"tick":39451,"type":"hit"}
[client] {"counts":{"blocks_on_me":18,"conf_actions":415,"confirmed_hits":1441,"dup_confirmed":30,"hits_on_me":192,"pred_actions":480,"predicted_confirmed":141,"predicted_hits":408,"reconnects":0},"ev":"stats","hp":260.0,"in_bytes":8931691,"late":0,"local_entity":5,"match":{"countdown_until":29399,"ctrl":-1,"final":false,"next":"B","phase":3,"rot":679,"scores":[14,24],"sd":false,"state":3,"tick":10121,"zone":"C"},"max_err":2.215,"mean_err":0.0152,"ms":689954,"out_bytes":2019183,"pending":7,"pos":[26.43,9.58],"reconciles":13132,"server_tick":39519,"snaps":13155,"teleports":15}
[client] {"a":0,"dup":false,"ev":"game","ms":690886,"predicted":false,"t":7,"tick":39570,"type":"block"}
[client] {"a":1,"dup":false,"ev":"game","ms":690886,"predicted":false,"t":-1,"tick":39570,"type":"respawn"}
[client] {"a":2,"dup":false,"ev":"game","ms":691356,"predicted":false,"t":7,"tick":39598,"type":"hit"}
[client] {"a":0,"dup":false,"ev":"game","ms":691508,"predicted":false,"t":7,"tick":39607,"type":"hit"}
[client] {"a":6,"dup":false,"ev":"game","ms":692322,"predicted":false,"t":0,"tick":39656,"type":"hit"}
[client] {"a":7,"dup":false,"ev":"game","ms":692322,"predicted":false,"t":2,"tick":39656,"type":"hit"}
[client] {"a":2,"dup":false,"ev":"game","ms":692708,"predicted":false,"t":7,"tick":39679,"type":"hit"}
[client] {"a":6,"dup":false,"ev":"game","ms":693225,"predicted":false,"t":2,"tick":39710,"type":"hit"}
[client] {"a":0,"dup":false,"ev":"game","ms":693357,"predicted":false,"t":6,"tick":39718,"type":"hit"}
[client] {"a":4,"dup":false,"ev":"game","ms":693509,"predicted":false,"t":5,"tick":39727,"type":"hit"}
[client] {"a":0,"dup":false,"ev":"game","ms":693840,"predicted":false,"t":5,"tick":39747,"type":"hit"}
[client] {"a":2,"dup":false,"ev":"game","ms":693943,"predicted":false,"t":6,"tick":39753,"type":"hit"}
[client] {"a":0,"dup":false,"ev":"game","ms":694158,"predicted":false,"t":5,"tick":39766,"type":"hit"}
[client] {"a":4,"dup":false,"ev":"game","ms":694226,"predicted":false,"t":6,"tick":39770,"type":"hit"}
[client] {"counts":{"blocks_on_me":18,"conf_actions":420,"confirmed_hits":1453,"dup_confirmed":33,"hits_on_me":195,"pred_actions":486,"predicted_confirmed":141,"predicted_hits":408,"reconnects":0},"ev":"stats","hp":186.0,"in_bytes":8998847,"late":0,"local_entity":5,"match":{"countdown_until":29399,"ctrl":-1,"final":false,"next":"B","phase":3,"rot":379,"scores":[14,24],"sd":false,"state":3,"tick":10421,"zone":"C"},"max_err":2.215,"mean_err":0.0153,"ms":694956,"out_bytes":2033883,"pending":7,"pos":[38.78,0.46],"reconciles":13232,"server_tick":39819,"snaps":13255,"teleports":15}
[client] {"a":0,"dup":false,"ev":"game","ms":695144,"predicted":false,"t":5,"tick":39825,"type":"hit"}
[client] {"a":2,"dup":false,"ev":"game","ms":695426,"predicted":false,"t":7,"tick":39842,"type":"block"}
[client] {"a":0,"dup":false,"ev":"game","ms":695475,"predicted":false,"t":5,"tick":39845,"type":"hit"}
[client] {"a":5,"dup":true,"ev":"game","ms":695723,"predicted":false,"t":0,"tick":39865,"type":"hit"}
[client] {"a":5,"dup":true,"ev":"game","ms":696110,"predicted":false,"t":0,"tick":39888,"type":"hit"}
[client] {"a":6,"dup":false,"ev":"game","ms":696324,"predicted":false,"t":2,"tick":39896,"type":"hit"}
[client] {"a":6,"dup":false,"ev":"game","ms":696324,"predicted":false,"t":4,"tick":39896,"type":"hit"}
[client] {"a":5,"dup":true,"ev":"game","ms":696811,"predicted":false,"t":0,"tick":39930,"type":"hit"}
[client] {"a":0,"dup":false,"ev":"game","ms":697793,"predicted":false,"t":7,"tick":39984,"type":"hit"}
[client] {"a":5,"dup":true,"ev":"game","ms":697945,"predicted":false,"t":0,"tick":39998,"type":"hit"}
[client] {"a":0,"dup":false,"ev":"game","ms":698428,"predicted":false,"t":7,"tick":40022,"type":"block"}
[client] {"a":5,"dup":true,"ev":"game","ms":698608,"predicted":false,"t":0,"tick":40038,"type":"hit"}
[client] {"a":5,"dup":true,"ev":"game","ms":698945,"predicted":false,"t":0,"tick":40058,"type":"hit"}
[client] {"a":6,"dup":false,"ev":"game","ms":698973,"predicted":false,"t":4,"tick":40055,"type":"hit"}
[client] {"a":6,"dup":false,"ev":"game","ms":699063,"predicted":false,"t":0,"tick":40060,"type":"hit"}
[client] {"a":2,"dup":false,"ev":"game","ms":699229,"predicted":false,"t":7,"tick":40070,"type":"hit"}
[client] {"a":2,"dup":false,"ev":"game","ms":699794,"predicted":false,"t":7,"tick":40104,"type":"hit"}
[client] {"a":6,"dup":false,"ev":"game","ms":699925,"predicted":false,"t":2,"tick":40112,"type":"hit"}
[client] {"counts":{"blocks_on_me":18,"conf_actions":429,"confirmed_hits":1469,"dup_confirmed":34,"hits_on_me":197,"pred_actions":495,"predicted_confirmed":147,"predicted_hits":422,"reconnects":0},"ev":"stats","hp":150.0,"in_bytes":9074679,"late":0,"local_entity":5,"match":{"countdown_until":29399,"ctrl":-1,"final":false,"next":"B","phase":3,"rot":79,"scores":[14,24],"sd":false,"state":3,"tick":10721,"zone":"C"},"max_err":2.215,"mean_err":0.0152,"ms":699959,"out_bytes":2048583,"pending":7,"pos":[42.76,0.27],"reconciles":13332,"server_tick":40119,"snaps":13355,"teleports":15}
[client] {"a":6,"dup":false,"ev":"game","ms":700229,"predicted":false,"t":2,"tick":40130,"type":"hit"}
[client] {"a":8,"dup":false,"ev":"game","ms":700491,"predicted":false,"t":3,"tick":40146,"type":"hit"}
[client] {"a":6,"dup":false,"ev":"game","ms":700712,"predicted":false,"t":2,"tick":40159,"type":"hit"}
[client] {"a":5,"dup":true,"ev":"game","ms":701002,"predicted":false,"t":0,"tick":40182,"type":"hit"}
[client] {"a":-1,"dup":false,"ev":"game","ms":701354,"predicted":false,"t":-1,"tick":40198,"type":"zone_rotated"}
[client] {"a":8,"dup":false,"ev":"game","ms":701367,"predicted":false,"t":3,"tick":40199,"type":"hit"}
[client] {"a":6,"dup":false,"ev":"game","ms":701423,"predicted":false,"t":0,"tick":40202,"type":"hit"}
[client] {"a":6,"dup":false,"ev":"game","ms":701423,"predicted":false,"t":4,"tick":40202,"type":"hit"}
[client] {"a":0,"dup":false,"ev":"game","ms":701423,"predicted":false,"t":-1,"tick":40202,"type":"ko"}
[client] {"a":8,"dup":false,"ev":"game","ms":701836,"predicted":false,"t":3,"tick":40227,"type":"hit"}
[client] {"a":8,"dup":false,"ev":"game","ms":702085,"predicted":false,"t":3,"tick":40242,"type":"hit"}
[client] {"a":8,"dup":false,"ev":"game","ms":702907,"predicted":false,"t":3,"tick":40291,"type":"hit"}
[client] {"a":8,"dup":false,"ev":"game","ms":703389,"predicted":false,"t":3,"tick":40320,"type":"block"}
[client] {"a":9,"dup":false,"ev":"game","ms":703707,"predicted":false,"t":3,"tick":40339,"type":"block"}
[client] {"a":8,"dup":false,"ev":"game","ms":704224,"predicted":false,"t":3,"tick":40370,"type":"hit"}
[client] {"counts":{"blocks_on_me":18,"conf_actions":431,"confirmed_hits":1480,"dup_confirmed":39,"hits_on_me":197,"pred_actions":497,"predicted_confirmed":148,"predicted_hits":425,"reconnects":0},"ev":"stats","hp":150.0,"in_bytes":9144313,"late":0,"local_entity":5,"match":{"countdown_until":29399,"ctrl":-1,"final":false,"next":"","phase":3,"rot":3379,"scores":[14,24],"sd":false,"state":3,"tick":11021,"zone":"B"},"max_err":2.215,"mean_err":0.0151,"ms":704954,"out_bytes":2063283,"pending":7,"pos":[22.95,-4.19],"reconciles":13432,"server_tick":40419,"snaps":13455,"teleports":15}
[client] {"a":5,"dup":true,"ev":"game","ms":708427,"predicted":false,"t":1,"tick":40627,"type":"hit"}
[client] {"a":5,"dup":true,"ev":"game","ms":709088,"predicted":false,"t":1,"tick":40667,"type":"hit"}
[client] {"a":1,"dup":false,"ev":"game","ms":709123,"predicted":false,"t":6,"tick":40664,"type":"hit"}
[client] {"counts":{"blocks_on_me":18,"conf_actions":435,"confirmed_hits":1483,"dup_confirmed":39,"hits_on_me":197,"pred_actions":501,"predicted_confirmed":150,"predicted_hits":429,"reconnects":0},"ev":"stats","hp":157.5,"in_bytes":9205826,"late":0,"local_entity":5,"match":{"countdown_until":29399,"ctrl":-1,"final":false,"next":"","phase":3,"rot":3079,"scores":[14,24],"sd":false,"state":3,"tick":11321,"zone":"B"},"max_err":2.215,"mean_err":0.0151,"ms":709957,"out_bytes":2077983,"pending":7,"pos":[0.15,-2.92],"reconciles":13532,"server_tick":40719,"snaps":13555,"teleports":15}
[client] {"a":5,"dup":true,"ev":"game","ms":710123,"predicted":false,"t":1,"tick":40729,"type":"hit"}
[client] {"a":1,"dup":false,"ev":"game","ms":711097,"predicted":false,"t":8,"tick":40782,"type":"hit"}
[client] {"a":1,"dup":false,"ev":"game","ms":711124,"predicted":false,"t":7,"tick":40784,"type":"hit"}
[client] {"a":0,"dup":false,"ev":"game","ms":711428,"predicted":false,"t":-1,"tick":40802,"type":"respawn"}
[client] {"a":6,"dup":false,"ev":"game","ms":711560,"predicted":false,"t":1,"tick":40810,"type":"hit"}
[client] {"a":8,"dup":false,"ev":"game","ms":712666,"predicted":false,"t":1,"tick":40876,"type":"hit"}
[client] {"a":4,"dup":false,"ev":"game","ms":713070,"predicted":false,"t":9,"tick":40901,"type":"block"}
[client] {"a":2,"dup":false,"ev":"game","ms":713153,"predicted":false,"t":7,"tick":40906,"type":"hit"}
[client] {"a":4,"dup":false,"ev":"game","ms":713291,"predicted":false,"t":9,"tick":40914,"type":"hit"}
[client] {"a":3,"dup":false,"ev":"game","ms":713320,"predicted":false,"t":9,"tick":40916,"type":"hit"}
[client] {"a":3,"dup":false,"ev":"game","ms":713553,"predicted":false,"t":9,"tick":40930,"type":"hit"}
[client] {"a":2,"dup":false,"ev":"game","ms":713622,"predicted":false,"t":8,"tick":40934,"type":"hit"}
[client] {"a":5,"dup":true,"ev":"game","ms":713705,"predicted":false,"t":2,"tick":40944,"type":"hit"}
[client] {"a":1,"dup":false,"ev":"game","ms":713754,"predicted":false,"t":8,"tick":40942,"type":"hit"}
[client] {"a":6,"dup":false,"ev":"game","ms":713891,"predicted":false,"t":2,"tick":40950,"type":"hit"}
[client] {"a":4,"dup":false,"ev":"game","ms":713988,"predicted":false,"t":9,"tick":40956,"type":"hit"}
[client] {"a":1,"dup":false,"ev":"game","ms":714070,"predicted":false,"t":7,"tick":40961,"type":"hit"}
[client] {"a":9,"dup":false,"ev":"game","ms":714436,"predicted":false,"t":4,"tick":40983,"type":"hit"}
[client] {"a":1,"dup":false,"ev":"game","ms":714505,"predicted":false,"t":7,"tick":40987,"type":"hit"}
[client] {"a":1,"dup":false,"ev":"game","ms":714540,"predicted":false,"t":8,"tick":40989,"type":"hit"}
[client] {"a":9,"dup":false,"ev":"game","ms":714670,"predicted":false,"t":4,"tick":40997,"type":"hit"}
[client] {"counts":{"blocks_on_me":18,"conf_actions":436,"confirmed_hits":1502,"dup_confirmed":40,"hits_on_me":197,"pred_actions":502,"predicted_confirmed":152,"predicted_hits":433,"reconnects":0},"ev":"stats","hp":157.5,"in_bytes":9277931,"late":0,"local_entity":5,"match":{"countdown_until":29399,"ctrl":-1,"final":false,"next":"","phase":3,"rot":2779,"scores":[14,24],"sd":false,"state":3,"tick":11621,"zone":"B"},"max_err":2.215,"mean_err":0.0151,"ms":714953,"out_bytes":2092683,"pending":10,"pos":[0.21,-2.79],"reconciles":13628,"server_tick":41018,"snaps":13652,"teleports":15}
[client] {"a":3,"dup":false,"ev":"game","ms":715423,"predicted":false,"t":9,"tick":41042,"type":"hit"}
[client] {"a":8,"dup":false,"ev":"game","ms":715719,"predicted":false,"t":2,"tick":41060,"type":"hit"}
[client] {"a":6,"dup":false,"ev":"game","ms":716037,"predicted":false,"t":1,"tick":41079,"type":"hit"}
[client] {"a":2,"dup":false,"ev":"game","ms":716175,"predicted":false,"t":8,"tick":41087,"type":"hit"}
[client] {"a":6,"dup":false,"ev":"game","ms":716355,"predicted":false,"t":1,"tick":41098,"type":"hit"}
[client] {"a":6,"dup":false,"ev":"game","ms":716740,"predicted":false,"t":1,"tick":41121,"type":"hit"}
[client] {"a":6,"dup":false,"ev":"game","ms":717404,"predicted":false,"t":1,"tick":41161,"type":"hit"}
[client] {"a":6,"dup":false,"ev":"game","ms":717741,"predicted":false,"t":2,"tick":41181,"type":"hit"}
[client] {"a":1,"dup":false,"ev":"game","ms":717789,"predicted":false,"t":6,"tick":41184,"type":"hit"}
[client] {"a":6,"dup":false,"ev":"game","ms":718190,"predicted":false,"t":1,"tick":41208,"type":"hit"}
[client] {"a":0,"dup":false,"ev":"game","ms":718308,"predicted":false,"t":5,"tick":41215,"type":"hit"}
[client] {"a":6,"dup":false,"ev":"game","ms":718493,"predicted":false,"t":1,"tick":41226,"type":"hit"}
[client] {"a":0,"dup":false,"ev":"game","ms":718625,"predicted":false,"t":5,"tick":41234,"type":"hit"}
[client] {"a":5,"dup":true,"ev":"game","ms":718860,"predicted":false,"t":0,"tick":41253,"type":"hit"}
[client] {"a":1,"dup":false,"ev":"game","ms":718921,"predicted":false,"t":6,"tick":41252,"type":"hit"}
[client] {"a":1,"dup":false,"ev":"game","ms":719259,"predicted":false,"t":6,"tick":41272,"type":"hit"}
[client] {"a":1,"dup":false,"ev":"game","ms":719577,"predicted":false,"t":6,"tick":41291,"type":"hit"}
[client] {"counts":{"blocks_on_me":18,"conf_actions":440,"confirmed_hits":1519,"dup_confirmed":40,"hits_on_me":199,"pred_actions":506,"predicted_confirmed":153,"predicted_hits":439,"reconnects":0},"ev":"stats","hp":121.5,"in_bytes":9349450,"late":0,"local_entity":5,"match":{"countdown_until":29399,"ctrl":-1,"final":false,"next":"","phase":3,"rot":2479,"scores":[14,24],"sd":false,"state":3,"tick":11921,"zone":"B"},"max_err":2.215,"mean_err":0.0151,"ms":719955,"out_bytes":2107383,"pending":10,"pos":[0.27,-2.97],"reconciles":13728,"server_tick":41318,"snaps":13752,"teleports":15}
[client] {"a":1,"dup":false,"ev":"game","ms":720439,"predicted":false,"t":6,"tick":41343,"type":"hit"}
[client] {"a":0,"dup":false,"ev":"game","ms":720473,"predicted":false,"t":6,"tick":41345,"type":"hit"}
[client] {"a":6,"dup":false,"ev":"game","ms":720473,"predicted":false,"t":-1,"tick":41345,"type":"ko"}
[client] {"a":0,"dup":false,"ev":"game","ms":721509,"predicted":false,"t":5,"tick":41407,"type":"hit"}
[client] {"a":1,"dup":false,"ev":"game","ms":721591,"predicted":false,"t":5,"tick":41412,"type":"hit"}
[client] {"a":3,"dup":false,"ev":"game","ms":721895,"predicted":false,"t":5,"tick":41430,"type":"hit"}
[client] {"a":1,"dup":false,"ev":"game","ms":722413,"predicted":false,"t":5,"tick":41461,"type":"hit"}
[client] {"a":0,"dup":false,"ev":"game","ms":722723,"predicted":false,"t":5,"tick":41480,"type":"hit"}
[client] {"a":5,"dup":false,"ev":"game","ms":723296,"predicted":false,"t":-1,"tick":41519,"type":"ko"}
[client] {"a":0,"dup":false,"ev":"game","ms":723378,"predicted":false,"t":5,"tick":41519,"type":"hit"}
[client] {"counts":{"blocks_on_me":18,"conf_actions":443,"confirmed_hits":1527,"dup_confirmed":40,"hits_on_me":205,"pred_actions":511,"predicted_confirmed":153,"predicted_hits":442,"reconnects":0},"ev":"stats","hp":0.0,"in_bytes":9411992,"late":0,"local_entity":5,"match":{"countdown_until":29399,"ctrl":-1,"final":false,"next":"","phase":3,"rot":2179,"scores":[14,24],"sd":false,"state":3,"tick":12221,"zone":"B"},"max_err":2.215,"mean_err":0.0152,"ms":724957,"out_bytes":2122083,"pending":10,"pos":[1.43,-2.66],"reconciles":13825,"server_tick":41618,"snaps":13849,"teleports":15}
[client] {"a":9,"dup":false,"ev":"game","ms":725579,"predicted":false,"t":3,"tick":41651,"type":"hit"}
[client] {"a":9,"dup":false,"ev":"game","ms":725814,"predicted":false,"t":3,"tick":41665,"type":"hit"}
[client] {"a":9,"dup":false,"ev":"game","ms":725862,"predicted":false,"t":1,"tick":41668,"type":"hit"}
[client] {"a":1,"dup":false,"ev":"game","ms":725863,"predicted":false,"t":-1,"tick":41668,"type":"ko"}
[client] {"a":0,"dup":false,"ev":"game","ms":726691,"predicted":false,"t":9,"tick":41718,"type":"hit"}
[client] {"a":0,"dup":false,"ev":"game","ms":727153,"predicted":false,"t":9,"tick":41746,"type":"block"}
[client] {"a":4,"dup":false,"ev":"game","ms":727222,"predicted":false,"t":9,"tick":41750,"type":"hit"}
[client] {"a":4,"dup":false,"ev":"game","ms":729009,"predicted":false,"t":7,"tick":41857,"type":"block"}
[client] {"a":4,"dup":false,"ev":"game","ms":729237,"predicted":false,"t":7,"tick":41871,"type":"block"}
[client] {"a":4,"dup":false,"ev":"game","ms":729823,"predicted":false,"t":7,"tick":41906,"type":"block"}
[client] {"counts":{"blocks_on_me":18,"conf_actions":443,"confirmed_hits":1532,"dup_confirmed":40,"hits_on_me":205,"pred_actions":511,"predicted_confirmed":153,"predicted_hits":442,"reconnects":0},"ev":"stats","hp":0.0,"in_bytes":9477361,"late":0,"local_entity":5,"match":{"countdown_until":29399,"ctrl":-1,"final":false,"next":"","phase":3,"rot":1879,"scores":[14,24],"sd":false,"state":3,"tick":12521,"zone":"B"},"max_err":2.215,"mean_err":0.0151,"ms":729953,"out_bytes":2136783,"pending":10,"pos":[1.43,-2.66],"reconciles":13922,"server_tick":41918,"snaps":13946,"teleports":15}
[client] {"a":2,"dup":false,"ev":"game","ms":730058,"predicted":false,"t":7,"tick":41920,"type":"hit"}
[client] {"a":6,"dup":false,"ev":"game","ms":730471,"predicted":false,"t":-1,"tick":41945,"type":"respawn"}
[client] {"a":7,"dup":false,"ev":"game","ms":730955,"predicted":false,"t":4,"tick":41974,"type":"hit"}
[client] {"a":8,"dup":false,"ev":"game","ms":731355,"predicted":false,"t":2,"tick":41998,"type":"hit"}
[client] {"a":7,"dup":false,"ev":"game","ms":732238,"predicted":false,"t":2,"tick":42051,"type":"block"}
[client] {"a":4,"dup":false,"ev":"game","ms":732259,"predicted":false,"t":7,"tick":42052,"type":"hit"}
[client] {"a":7,"dup":false,"ev":"game","ms":732638,"predicted":false,"t":4,"tick":42075,"type":"hit"}
[client] {"a":8,"dup":false,"ev":"game","ms":732956,"predicted":false,"t":2,"tick":42094,"type":"block"}
[client] {"a":7,"dup":false,"ev":"game","ms":733177,"predicted":false,"t":4,"tick":42107,"type":"block"}
[client] {"a":5,"dup":false,"ev":"game","ms":733294,"predicted":false,"t":-1,"tick":42119,"type":"respawn"}
[client] {"a":4,"dup":false,"ev":"game","ms":733777,"predicted":false,"t":7,"tick":42143,"type":"hit"}
[client] {"a":4,"dup":false,"ev":"game","ms":733812,"predicted":false,"t":8,"tick":42145,"type":"hit"}
[client] {"a":2,"dup":false,"ev":"game","ms":733929,"predicted":false,"t":8,"tick":42152,"type":"hit"}
[client] {"a":8,"dup":false,"ev":"game","ms":734343,"predicted":false,"t":2,"tick":42177,"type":"hit"}
[client] {"counts":{"blocks_on_me":18,"conf_actions":443,"confirmed_hits":1541,"dup_confirmed":40,"hits_on_me":205,"pred_actions":511,"predicted_confirmed":153,"predicted_hits":442,"reconnects":0},"ev":"stats","hp":260.0,"in_bytes":9539858,"late":0,"local_entity":5,"match":{"countdown_until":29399,"ctrl":-1,"final":false,"next":"","phase":3,"rot":1579,"scores":[14,24],"sd":false,"state":3,"tick":12821,"zone":"B"},"max_err":2.215,"mean_err":0.015,"ms":734956,"out_bytes":2151483,"pending":10,"pos":[3.75,37.5],"reconciles":14021,"server_tick":42218,"snaps":14046,"teleports":16}
[client] {"a":7,"dup":false,"ev":"game","ms":735495,"predicted":false,"t":2,"tick":42246,"type":"hit"}
[client] {"a":8,"dup":false,"ev":"game","ms":735710,"predicted":false,"t":2,"tick":42259,"type":"block"}
[client] {"a":1,"dup":false,"ev":"game","ms":735861,"predicted":false,"t":-1,"tick":42268,"type":"respawn"}
[client] {"a":4,"dup":false,"ev":"game","ms":736578,"predicted":false,"t":7,"tick":42311,"type":"hit"}
[client] {"a":4,"dup":false,"ev":"game","ms":737275,"predicted":false,"t":7,"tick":42353,"type":"hit"}
[client] {"a":4,"dup":false,"ev":"game","ms":737310,"predicted":false,"t":8,"tick":42355,"type":"hit"}
[client] {"a":4,"dup":false,"ev":"game","ms":737503,"predicted":false,"t":8,"tick":42367,"type":"hit"}
[client] {"a":4,"dup":false,"ev":"game","ms":737538,"predicted":false,"t":7,"tick":42369,"type":"hit"}
[client] {"a":3,"dup":false,"ev":"game","ms":737608,"predicted":false,"t":7,"tick":42373,"type":"hit"}
[client] {"a":8,"dup":false,"ev":"game","ms":738068,"predicted":false,"t":4,"tick":42401,"type":"hit"}
[client] {"a":2,"dup":false,"ev":"game","ms":738220,"predicted":false,"t":8,"tick":42410,"type":"hit"}
[client] {"a":6,"dup":false,"ev":"game","ms":738420,"predicted":false,"t":0,"tick":42422,"type":"hit"}
[client] {"a":0,"dup":false,"ev":"game","ms":738841,"predicted":false,"t":6,"tick":42447,"type":"hit"}
[client] {"a":2,"dup":false,"ev":"game","ms":738925,"predicted":false,"t":8,"tick":42452,"type":"hit"}
[client] {"a":0,"dup":false,"ev":"game","ms":739152,"predicted":false,"t":6,"tick":42466,"type":"hit"}
[client] {"a":9,"dup":false,"ev":"game","ms":739186,"predicted":false,"t":3,"tick":42468,"type":"block"}
[client] {"a":8,"dup":false,"ev":"game","ms":739421,"predicted":false,"t":2,"tick":42482,"type":"hit"}
[client] {"a":3,"dup":false,"ev":"game","ms":739621,"predicted":false,"t":8,"tick":42494,"type":"hit"}
[client] {"a":3,"dup":false,"ev":"game","ms":739856,"predicted":false,"t":9,"tick":42508,"type":"block"}
[client] {"a":3,"dup":false,"ev":"game","ms":739869,"predicted":false,"t":8,"tick":42509,"type":"hit"}
[client] {"counts":{"blocks_on_me":18,"conf_actions":443,"confirmed_hits":1557,"dup_confirmed":40,"hits_on_me":205,"pred_actions":511,"predicted_confirmed":153,"predicted_hits":442,"reconnects":0},"ev":"stats","hp":260.0,"in_bytes":9609134,"late":0,"local_entity":5,"match":{"countdown_until":29399,"ctrl":-1,"final":false,"next":"","phase":3,"rot":1279,"scores":[14,24],"sd":false,"state":3,"tick":13121,"zone":"B"},"max_err":2.215,"mean_err":0.0149,"ms":739951,"out_bytes":2166183,"pending":10,"pos":[-2.33,4.12],"reconciles":14121,"server_tick":42518,"snaps":14146,"teleports":16}
[client] {"a":0,"dup":false,"ev":"game","ms":740090,"predicted":false,"t":6,"tick":42522,"type":"hit"}
[client] {"a":9,"dup":false,"ev":"game","ms":740373,"predicted":false,"t":3,"tick":42539,"type":"hit"}
[client] {"a":4,"dup":false,"ev":"game","ms":740753,"predicted":false,"t":9,"tick":42562,"type":"hit"}
[client] {"a":5,"dup":false,"ev":"game","ms":741443,"predicted":false,"t":0,"tick":42608,"type":"hit"}
[client] {"a":4,"dup":false,"ev":"game","ms":741726,"predicted":false,"t":9,"tick":42620,"type":"hit"}
[client] {"a":0,"dup":false,"ev":"game","ms":741905,"predicted":false,"t":5,"tick":42631,"type":"hit"}
[client] {"a":4,"dup":false,"ev":"game","ms":742258,"predicted":false,"t":9,"tick":42652,"type":"block"}
[client] {"a":5,"dup":true,"ev":"game","ms":742374,"predicted":false,"t":0,"tick":42664,"type":"hit"}
[client] {"a":6,"dup":false,"ev":"game","ms":742540,"predicted":false,"t":0,"tick":42669,"type":"hit"}
[client] {"a":5,"dup":true,"ev":"game","ms":742844,"predicted":false,"t":0,"tick":42692,"type":"hit"}
[client] {"a":1,"dup":false,"ev":"game","ms":743141,"predicted":false,"t":5,"tick":42705,"type":"hit"}
[client] {"a":6,"dup":false,"ev":"game","ms":743188,"predicted":false,"t":0,"tick":42708,"type":"hit"}
[client] {"a":1,"dup":false,"ev":"game","ms":744107,"predicted":false,"t":6,"tick":42763,"type":"hit"}
[client] {"a":4,"dup":false,"ev":"game","ms":744244,"predicted":false,"t":5,"tick":42771,"type":"hit"}
[client] {"a":5,"dup":true,"ev":"game","ms":744589,"predicted":false,"t":4,"tick":42797,"type":"hit"}
[client] {"a":6,"dup":false,"ev":"game","ms":744645,"predicted":false,"t":1,"tick":42795,"type":"hit"}
[client] {"a":6,"dup":false,"ev":"game","ms":744941,"predicted":false,"t":1,"tick":42813,"type":"hit"}
[client] {"counts":{"blocks_on_me":18,"conf_actions":450,"confirmed_hits":1573,"dup_confirmed":42,"hits_on_me":208,"pred_actions":518,"predicted_confirmed":156,"predicted_hits":450,"reconnects":0},"ev":"stats","hp":186.0,"in_bytes":9681076,"late":0,"local_entity":5,"match":{"countdown_until":29399,"ctrl":-1,"final":false,"next":"","phase":3,"rot":979,"scores":[14,24],"sd":false,"state":3,"tick":13421,"zone":"B"},"max_err":2.215,"mean_err":0.015,"ms":744961,"out_bytes":2180883,"pending":10,"pos":[-3.04,-0.89],"reconciles":14221,"server_tick":42818,"snaps":14246,"teleports":16}
[client] {"a":0,"dup":false,"ev":"game","ms":744963,"predicted":false,"t":6,"tick":42814,"type":"hit"}
[client] {"a":4,"dup":false,"ev":"game","ms":745541,"predicted":false,"t":9,"tick":42849,"type":"block"}
[client] {"a":5,"dup":true,"ev":"game","ms":745776,"predicted":false,"t":4,"tick":42868,"type":"hit"}
[client] {"a":1,"dup":false,"ev":"game","ms":745811,"predicted":false,"t":6,"tick":42865,"type":"hit"}
[client] {"a":9,"dup":false,"ev":"game","ms":746453,"predicted":false,"t":4,"tick":42904,"type":"hit"}
[client] {"a":6,"dup":false,"ev":"game","ms":746666,"predicted":false,"t":1,"tick":42917,"type":"hit"}
[client] {"a":5,"dup":false,"ev":"game","ms":746923,"predicted":false,"t":4,"tick":42937,"type":"block"}
[client] {"a":0,"dup":false,"ev":"game","ms":746969,"predicted":false,"t":6,"tick":42935,"type":"hit"}
[client] {"a":1,"dup":false,"ev":"game","ms":746983,"predicted":false,"t":6,"tick":42936,"type":"hit"}
[client] {"a":6,"dup":false,"ev":"game","ms":747335,"predicted":false,"t":1,"tick":42957,"type":"hit"}
[client] {"a":1,"dup":false,"ev":"game","ms":748206,"predicted":false,"t":6,"tick":43009,"type":"hit"}
[client] {"a":3,"dup":false,"ev":"game","ms":748267,"predicted":false,"t":5,"tick":43013,"type":"hit"}
[client] {"a":1,"dup":false,"ev":"game","ms":748522,"predicted":false,"t":6,"tick":43028,"type":"hit"}
[client] {"a":9,"dup":false,"ev":"game","ms":748688,"predicted":false,"t":0,"tick":43038,"type":"hit"}
[client] {"a":0,"dup":false,"ev":"game","ms":749040,"predicted":false,"t":9,"tick":43059,"type":"block"}
[client] {"a":7,"dup":false,"ev":"game","ms":749103,"predicted":false,"t":3,"tick":43063,"type":"hit"}
[client] {"a":6,"dup":false,"ev":"game","ms":749220,"predicted":false,"t":1,"tick":43070,"type":"hit"}
[client] {"a":0,"dup":false,"ev":"game","ms":749358,"predicted":false,"t":9,"tick":43078,"type":"block"}
[client] {"a":9,"dup":false,"ev":"game","ms":749640,"predicted":false,"t":0,"tick":43095,"type":"hit"}
[client] {"counts":{"blocks_on_me":18,"conf_actions":456,"confirmed_hits":1588,"dup_confirmed":44,"hits_on_me":209,"pred_actions":525,"predicted_confirmed":157,"predicted_hits":456,"reconnects":0},"ev":"stats","hp":148.0,"in_bytes":9756291,"late":0,"local_entity":5,"match":{"countdown_until":29399,"ctrl":-1,"final":false,"next":"A","phase":3,"rot":679,"scores":[14,24],"sd":false,"state":3,"tick":13721,"zone":"B"},"max_err":2.215,"mean_err":0.015,"ms":749957,"out_bytes":2195583,"pending":10,"pos":[-3.97,-0.57],"reconciles":14321,"server_tick":43118,"snaps":14346,"teleports":16}
[client] {"a":0,"dup":false,"ev":"game","ms":749986,"predicted":false,"t":9,"tick":43116,"type":"hit"}
[client] {"a":1,"dup":false,"ev":"game","ms":750076,"predicted":false,"t":9,"tick":43121,"type":"hit"}
[client] {"a":3,"dup":false,"ev":"game","ms":750243,"predicted":false,"t":9,"tick":43131,"type":"hit"}
[client] {"a":9,"dup":false,"ev":"game","ms":750243,"predicted":false,"t":-1,"tick":43131,"type":"ko"}
[client] {"a":6,"dup":false,"ev":"game","ms":750475,"predicted":false,"t":1,"tick":43145,"type":"hit"}
[client] {"a":2,"dup":false,"ev":"game","ms":750621,"predicted":false,"t":6,"tick":43154,"type":"hit"}
[client] {"a":6,"dup":false,"ev":"game","ms":750621,"predicted":false,"t":-1,"tick":43154,"type":"ko"}
[client] {"a":3,"dup":false,"ev":"game","ms":751876,"predicted":false,"t":5,"tick":43229,"type":"hit"}
[client] {"a":3,"dup":false,"ev":"game","ms":751876,"predicted":false,"t":7,"tick":43229,"type":"hit"}
[client] {"a":3,"dup":false,"ev":"game","ms":752773,"predicted":false,"t":5,"tick":43283,"type":"hit"}
[client] {"a":3,"dup":false,"ev":"game","ms":753042,"predicted":false,"t":5,"tick":43299,"type":"hit"}
[client] {"a":8,"dup":false,"ev":"game","ms":753725,"predicted":false,"t":3,"tick":43340,"type":"hit"}
[client] {"a":8,"dup":false,"ev":"game","ms":753974,"predicted":false,"t":3,"tick":43355,"type":"hit"}
[client] {"counts":{"blocks_on_me":18,"conf_actions":463,"confirmed_hits":1599,"dup_confirmed":44,"hits_on_me":212,"pred_actions":532,"predicted_confirmed":157,"predicted_hits":456,"reconnects":0},"ev":"stats","hp":76.0,"in_bytes":9826314,"late":0,"local_entity":5,"match":{"countdown_until":29399,"ctrl":-1,"final":false,"next":"A","phase":3,"rot":379,"scores":[14,24],"sd":false,"state":3,"tick":14021,"zone":"B"},"max_err":2.215,"mean_err":0.0152,"ms":754959,"out_bytes":2210283,"pending":10,"pos":[-3.66,-0.76],"reconciles":14421,"server_tick":43418,"snaps":14446,"teleports":16}
[client] {"a":8,"dup":false,"ev":"game","ms":755291,"predicted":false,"t":2,"tick":43434,"type":"block"}
[client] {"a":8,"dup":false,"ev":"game","ms":755843,"predicted":false,"t":2,"tick":43467,"type":"block"}
[client] {"a":2,"dup":false,"ev":"game","ms":756458,"predicted":false,"t":8,"tick":43504,"type":"hit"}
[client] {"a":5,"dup":true,"ev":"game","ms":756762,"predicted":false,"t":2,"tick":43527,"type":"hit"}
[client] {"a":8,"dup":false,"ev":"game","ms":757907,"predicted":false,"t":2,"tick":43591,"type":"hit"}
[client] {"a":5,"dup":false,"ev":"game","ms":758141,"predicted":false,"t":2,"tick":43610,"type":"block"}
[client] {"a":1,"dup":false,"ev":"game","ms":758307,"predicted":false,"t":8,"tick":43615,"type":"hit"}
[client] {"a":1,"dup":false,"ev":"game","ms":758341,"predicted":false,"t":5,"tick":43617,"type":"hit"}
[client] {"a":5,"dup":false,"ev":"game","ms":759308,"predicted":false,"t":2,"tick":43680,"type":"block"}
[client] {"a":5,"dup":false,"ev":"game","ms":759625,"predicted":false,"t":2,"tick":43699,"type":"block"}
[client] {"counts":{"blocks_on_me":18,"conf_actions":471,"confirmed_hits":1604,"dup_confirmed":46,"hits_on_me":213,"pred_actions":541,"predicted_confirmed":158,"predicted_hits":464,"reconnects":0},"ev":"stats","hp":38.0,"in_bytes":9895396,"late":0,"local_entity":5,"match":{"countdown_until":29399,"ctrl":-1,"final":false,"next":"A","phase":3,"rot":79,"scores":[14,24],"sd":false,"state":3,"tick":14321,"zone":"B"},"max_err":2.215,"mean_err":0.0153,"ms":759962,"out_bytes":2224983,"pending":10,"pos":[-2.08,-2.71],"reconciles":14521,"server_tick":43719,"snaps":14546,"teleports":16}
[client] {"a":1,"dup":false,"ev":"game","ms":760143,"predicted":false,"t":5,"tick":43725,"type":"hit"}
[client] {"a":9,"dup":false,"ev":"game","ms":760246,"predicted":false,"t":-1,"tick":43731,"type":"respawn"}
[client] {"a":5,"dup":true,"ev":"game","ms":760397,"predicted":false,"t":2,"tick":43745,"type":"hit"}
[client] {"a":5,"dup":true,"ev":"game","ms":760412,"predicted":false,"t":1,"tick":43746,"type":"hit"}
[client] {"a":6,"dup":false,"ev":"game","ms":760625,"predicted":false,"t":-1,"tick":43754,"type":"respawn"}
[client] {"a":1,"dup":false,"ev":"game","ms":760812,"predicted":false,"t":5,"tick":43765,"type":"hit"}
[client] {"a":-1,"dup":false,"ev":"game","ms":761363,"predicted":false,"t":-1,"tick":43798,"type":"zone_rotated"}
[client] {"a":5,"dup":false,"ev":"game","ms":761508,"predicted":false,"t":-1,"tick":43812,"type":"ko"}
[client] {"a":1,"dup":false,"ev":"game","ms":761598,"predicted":false,"t":5,"tick":43812,"type":"hit"}
[client] {"counts":{"blocks_on_me":18,"conf_actions":473,"confirmed_hits":1609,"dup_confirmed":47,"hits_on_me":216,"pred_actions":543,"predicted_confirmed":160,"predicted_hits":468,"reconnects":0},"ev":"stats","hp":0.0,"in_bytes":9958013,"late":0,"local_entity":5,"match":{"countdown_until":29399,"ctrl":0,"final":false,"next":"","phase":3,"rot":3379,"scores":[17,24],"sd":false,"state":2,"tick":14621,"zone":"A"},"max_err":2.215,"mean_err":0.0155,"ms":764957,"out_bytes":2239683,"pending":10,"pos":[-0.18,-3.81],"reconciles":14621,"server_tick":44019,"snaps":14646,"teleports":16}
[client] {"a":7,"dup":false,"ev":"game","ms":768926,"predicted":false,"t":3,"tick":44252,"type":"hit"}
[client] {"a":3,"dup":false,"ev":"game","ms":769761,"predicted":false,"t":7,"tick":44302,"type":"hit"}
[client] {"counts":{"blocks_on_me":18,"conf_actions":473,"confirmed_hits":1611,"dup_confirmed":47,"hits_on_me":216,"pred_actions":543,"predicted_confirmed":160,"predicted_hits":468,"reconnects":0},"ev":"stats","hp":0.0,"in_bytes":10021007,"late":0,"local_entity":5,"match":{"countdown_until":29399,"ctrl":-1,"final":false,"next":"","phase":3,"rot":3079,"scores":[19,24],"sd":false,"state":3,"tick":14921,"zone":"A"},"max_err":2.215,"mean_err":0.0154,"ms":769960,"out_bytes":2254383,"pending":10,"pos":[-0.18,-3.81],"reconciles":14721,"server_tick":44319,"snaps":14746,"teleports":16}
[client] {"a":3,"dup":false,"ev":"game","ms":770264,"predicted":false,"t":7,"tick":44332,"type":"block"}
[client] {"a":0,"dup":false,"ev":"game","ms":770858,"predicted":false,"t":7,"tick":44368,"type":"hit"}
[client] {"a":5,"dup":false,"ev":"game","ms":771513,"predicted":false,"t":-1,"tick":44412,"type":"respawn"}
[client] {"a":9,"dup":false,"ev":"game","ms":771741,"predicted":false,"t":0,"tick":44421,"type":"hit"}
[client] {"a":3,"dup":false,"ev":"game","ms":772309,"predicted":false,"t":7,"tick":44455,"type":"hit"}
[client] {"a":6,"dup":false,"ev":"game","ms":772335,"predicted":false,"t":4,"tick":44457,"type":"hit"}
[client] {"a":9,"dup":false,"ev":"game","ms":772507,"predicted":false,"t":4,"tick":44467,"type":"hit"}
[client] {"a":6,"dup":false,"ev":"game","ms":772687,"predicted":false,"t":4,"tick":44478,"type":"hit"}
[client] {"a":3,"dup":false,"ev":"game","ms":772804,"predicted":false,"t":7,"tick":44485,"type":"block"}
[client] {"a":1,"dup":false,"ev":"game","ms":772828,"predicted":false,"t":6,"tick":44486,"type":"hit"}
[client] {"a":1,"dup":false,"ev":"game","ms":773135,"predicted":false,"t":6,"tick":44505,"type":"hit"}
[client] {"a":4,"dup":false,"ev":"game","ms":773156,"predicted":false,"t":9,"tick":44506,"type":"hit"}
[client] {"a":3,"dup":false,"ev":"game","ms":773357,"predicted":false,"t":7,"tick":44518,"type":"block"}
[client] {"a":1,"dup":false,"ev":"game","ms":773509,"predicted":false,"t":6,"tick":44527,"type":"hit"}
[client] {"a":8,"dup":false,"ev":"game","ms":773592,"predicted":false,"t":1,"tick":44532,"type":"hit"}
[client] {"a":3,"dup":false,"ev":"game","ms":773605,"predicted":false,"t":7,"tick":44533,"type":"hit"}
[client] {"a":3,"dup":false,"ev":"game","ms":774225,"predicted":false,"t":7,"tick":44570,"type":"hit"}
[client] {"a":8,"dup":false,"ev":"game","ms":774239,"predicted":false,"t":0,"tick":44571,"type":"hit"}
[client] {"a":9,"dup":false,"ev":"game","ms":774322,"predicted":false,"t":3,"tick":44576,"type":"hit"}
[client] {"a":8,"dup":false,"ev":"game","ms":774674,"predicted":false,"t":4,"tick":44597,"type":"hit"}
[client] {"a":0,"dup":false,"ev":"game","ms":774791,"predicted":false,"t":6,"tick":44604,"type":"hit"}
[client] {"a":3,"dup":false,"ev":"game","ms":774806,"predicted":false,"t":7,"tick":44605,"type":"block"}
[client] {"a":8,"dup":false,"ev":"game","ms":774936,"predicted":false,"t":4,"tick":44613,"type":"hit"}
[client] {"counts":{"blocks_on_me":18,"conf_actions":473,"confirmed_hits":1629,"dup_confirmed":47,"hits_on_me":216,"pred_actions":543,"predicted_confirmed":160,"predicted_hits":468,"reconnects":0},"ev":"stats","hp":260.0,"in_bytes":10091195,"late":0,"local_entity":5,"match":{"countdown_until":29399,"ctrl":-1,"final":false,"next":"","phase":3,"rot":2779,"scores":[19,24],"sd":false,"state":3,"tick":15221,"zone":"A"},"max_err":2.215,"mean_err":0.0153,"ms":774955,"out_bytes":2269083,"pending":10,"pos":[-0.2,26.39],"reconciles":14820,"server_tick":44619,"snaps":14846,"teleports":17}
[client] {"a":6,"dup":false,"ev":"game","ms":775136,"predicted":false,"t":0,"tick":44625,"type":"hit"}
[client] {"a":9,"dup":false,"ev":"game","ms":775322,"predicted":false,"t":3,"tick":44636,"type":"hit"}
[client] {"a":0,"dup":false,"ev":"game","ms":775488,"predicted":false,"t":6,"tick":44646,"type":"hit"}
[client] {"a":8,"dup":false,"ev":"game","ms":775626,"predicted":false,"t":0,"tick":44654,"type":"hit"}
[client] {"a":2,"dup":false,"ev":"game","ms":775688,"predicted":false,"t":6,"tick":44658,"type":"hit"}
[client] {"a":8,"dup":false,"ev":"game","ms":776123,"predicted":false,"t":0,"tick":44684,"type":"hit"}
[client] {"a":1,"dup":false,"ev":"game","ms":776292,"predicted":false,"t":6,"tick":44694,"type":"hit"}
[client] {"a":9,"dup":false,"ev":"game","ms":776509,"predicted":false,"t":3,"tick":44707,"type":"hit"}
[client] {"a":1,"dup":false,"ev":"game","ms":776571,"predicted":false,"t":6,"tick":44711,"type":"hit"}
[client] {"a":0,"dup":false,"ev":"game","ms":776888,"predicted":false,"t":6,"tick":44730,"type":"hit"}
[client] {"a":9,"dup":false,"ev":"game","ms":776959,"predicted":false,"t":3,"tick":44734,"type":"block"}
[client] {"a":7,"dup":false,"ev":"game","ms":777337,"predicted":false,"t":3,"tick":44757,"type":"hit"}
[client] {"a":4,"dup":false,"ev":"game","ms":777455,"predicted":false,"t":8,"tick":44764,"type":"hit"}
[client] {"a":6,"dup":false,"ev":"game","ms":778007,"predicted":false,"t":1,"tick":44797,"type":"hit"}
[client] {"a":4,"dup":false,"ev":"game","ms":778041,"predicted":false,"t":8,"tick":44799,"type":"block"}
[client] {"a":0,"dup":false,"ev":"game","ms":778089,"predicted":false,"t":8,"tick":44802,"type":"hit"}
[client] {"a":4,"dup":false,"ev":"game","ms":778524,"predicted":false,"t":8,"tick":44828,"type":"hit"}
[client] {"a":0,"dup":false,"ev":"game","ms":778545,"predicted":false,"t":6,"tick":44829,"type":"hit"}
[client] {"a":3,"dup":false,"ev":"game","ms":778545,"predicted":false,"t":9,"tick":44829,"type":"hit"}
[client] {"a":2,"dup":false,"ev":"game","ms":778746,"predicted":false,"t":8,"tick":44841,"type":"hit"}
[client] {"a":4,"dup":false,"ev":"game","ms":778758,"predicted":false,"t":8,"tick":44842,"type":"hit"}
[client] {"a":8,"dup":false,"ev":"game","ms":779324,"predicted":false,"t":4,"tick":44876,"type":"hit"}
[client] {"a":6,"dup":false,"ev":"game","ms":779372,"predicted":false,"t":1,"tick":44879,"type":"hit"}
[client] {"a":0,"dup":false,"ev":"game","ms":779525,"predicted":false,"t":6,"tick":44888,"type":"hit"}
[client] {"a":6,"dup":false,"ev":"game","ms":779525,"predicted":false,"t":-1,"tick":44888,"type":"ko"}
[client] {"a":9,"dup":false,"ev":"game","ms":779712,"predicted":false,"t":3,"tick":44899,"type":"hit"}
[client] {"counts":{"blocks_on_me":18,"conf_actions":473,"confirmed_hits":1652,"dup_confirmed":48,"hits_on_me":216,"pred_actions":543,"predicted_confirmed":160,"predicted_hits":468,"reconnects":0},"ev":"stats","hp":260.0,"in_bytes":10163270,"late":0,"local_entity":5,"match":{"countdown_until":29399,"ctrl":-1,"final":false,"next":"","phase":3,"rot":2479,"scores":[19,24],"sd":false,"state":3,"tick":15521,"zone":"A"},"max_err":2.215,"mean_err":0.0152,"ms":779958,"out_bytes":2283783,"pending":7,"pos":[-26.78,8.97],"reconciles":14921,"server_tick":44919,"snaps":14946,"teleports":17}
[client] {"a":2,"dup":false,"ev":"game","ms":780457,"predicted":false,"t":8,"tick":44944,"type":"hit"}
[client] {"a":8,"dup":false,"ev":"game","ms":781277,"predicted":false,"t":2,"tick":44993,"type":"hit"}
[client] {"a":8,"dup":false,"ev":"game","ms":781277,"predicted":false,"t":4,"tick":44993,"type":"hit"}
[client] {"a":2,"dup":false,"ev":"game","ms":781678,"predicted":false,"t":8,"tick":45017,"type":"block"}
[client] {"a":9,"dup":false,"ev":"game","ms":782174,"predicted":false,"t":0,"tick":45047,"type":"hit"}
[client] {"a":9,"dup":false,"ev":"game","ms":782209,"predicted":false,"t":1,"tick":45049,"type":"hit"}
[client] {"a":2,"dup":false,"ev":"game","ms":782491,"predicted":false,"t":8,"tick":45066,"type":"hit"}
[client] {"a":4,"dup":false,"ev":"game","ms":782513,"predicted":false,"t":8,"tick":45067,"type":"hit"}
[client] {"a":8,"dup":false,"ev":"game","ms":782513,"predicted":false,"t":-1,"tick":45067,"type":"ko"}
[client] {"a":0,"dup":false,"ev":"game","ms":782574,"predicted":false,"t":9,"tick":45071,"type":"hit"}
[client] {"a":7,"dup":false,"ev":"game","ms":782893,"predicted":false,"t":0,"tick":45090,"type":"hit"}
[client] {"a":7,"dup":false,"ev":"game","ms":782893,"predicted":false,"t":1,"tick":45090,"type":"hit"}
[client] {"a":0,"dup":false,"ev":"game","ms":783278,"predicted":false,"t":9,"tick":45114,"type":"block"}
[client] {"a":7,"dup":false,"ev":"game","ms":783362,"predicted":false,"t":1,"tick":45119,"type":"hit"}
[client] {"a":7,"dup":false,"ev":"game","ms":783396,"predicted":false,"t":0,"tick":45121,"type":"hit"}
[client] {"a":0,"dup":false,"ev":"game","ms":783797,"predicted":false,"t":7,"tick":45145,"type":"hit"}
[client] {"a":5,"dup":true,"ev":"game","ms":783878,"predicted":false,"t":1,"tick":45155,"type":"hit"}
[client] {"a":9,"dup":false,"ev":"game","ms":784375,"predicted":false,"t":4,"tick":45180,"type":"hit"}
[client] {"a":0,"dup":false,"ev":"game","ms":784630,"predicted":false,"t":5,"tick":45195,"type":"hit"}
[client] {"a":9,"dup":false,"ev":"game","ms":784893,"predicted":false,"t":4,"tick":45211,"type":"block"}
[client] {"counts":{"blocks_on_me":18,"conf_actions":478,"confirmed_hits":1668,"dup_confirmed":51,"hits_on_me":217,"pred_actions":549,"predicted_confirmed":161,"predicted_hits":469,"reconnects":0},"ev":"stats","hp":222.0,"in_bytes":10232675,"late":0,"local_entity":5,"match":{"countdown_until":29399,"ctrl":-1,"final":false,"next":"","phase":3,"rot":2179,"scores":[19,24],"sd":false,"state":3,"tick":15821,"zone":"A"},"max_err":2.215,"mean_err":0.0152,"ms":784960,"out_bytes":2298483,"pending":7,"pos":[-39.34,1.12],"reconciles":15021,"server_tick":45219,"snaps":15046,"teleports":17}
[client] {"a":5,"dup":true,"ev":"game","ms":785362,"predicted":false,"t":0,"tick":45244,"type":"hit"}
[client] {"a":0,"dup":false,"ev":"game","ms":785446,"predicted":false,"t":-1,"tick":45244,"type":"ko"}
[client] {"a":4,"dup":false,"ev":"game","ms":785797,"predicted":false,"t":9,"tick":45265,"type":"hit"}
[client] {"a":4,"dup":false,"ev":"game","ms":786266,"predicted":false,"t":9,"tick":45293,"type":"block"}
[client] {"a":5,"dup":true,"ev":"game","ms":786362,"predicted":false,"t":1,"tick":45304,"type":"hit"}
[client] {"a":1,"dup":false,"ev":"game","ms":786445,"predicted":false,"t":-1,"tick":45304,"type":"ko"}
[client] {"a":4,"dup":false,"ev":"game","ms":786494,"predicted":false,"t":9,"tick":45307,"type":"block"}
[client] {"a":9,"dup":false,"ev":"game","ms":787108,"predicted":false,"t":4,"tick":45344,"type":"hit"}
[client] {"a":2,"dup":false,"ev":"game","ms":787273,"predicted":false,"t":7,"tick":45353,"type":"hit"}
[client] {"a":9,"dup":false,"ev":"game","ms":787757,"predicted":false,"t":4,"tick":45382,"type":"block"}
[client] {"a":2,"dup":false,"ev":"game","ms":788391,"predicted":false,"t":5,"tick":45420,"type":"hit"}
[client] {"a":7,"dup":false,"ev":"game","ms":788791,"predicted":false,"t":2,"tick":45444,"type":"hit"}
[client] {"a":5,"dup":true,"ev":"game","ms":788957,"predicted":false,"t":2,"tick":45459,"type":"hit"}
[client] {"a":9,"dup":false,"ev":"game","ms":789074,"predicted":false,"t":4,"tick":45461,"type":"hit"}
[client] {"a":7,"dup":false,"ev":"game","ms":789288,"predicted":false,"t":2,"tick":45474,"type":"hit"}
[client] {"a":6,"dup":false,"ev":"game","ms":789522,"predicted":false,"t":-1,"tick":45488,"type":"respawn"}
[client] {"a":5,"dup":true,"ev":"game","ms":789591,"predicted":false,"t":2,"tick":45497,"type":"hit"}
[client] {"a":7,"dup":false,"ev":"game","ms":789861,"predicted":false,"t":2,"tick":45508,"type":"hit"}
[client] {"counts":{"blocks_on_me":18,"conf_actions":488,"confirmed_hits":1680,"dup_confirmed":53,"hits_on_me":218,"pred_actions":559,"predicted_confirmed":165,"predicted_hits":478,"reconnects":0},"ev":"stats","hp":204.0,"in_bytes":10300785,"late":0,"local_entity":5,"match":{"countdown_until":29399,"ctrl":-1,"final":false,"next":"","phase":3,"rot":1879,"scores":[19,24],"sd":false,"state":3,"tick":16121,"zone":"A"},"max_err":2.215,"mean_err":0.0152,"ms":789956,"out_bytes":2313183,"pending":10,"pos":[-41.35,0.21],"reconciles":15120,"server_tick":45519,"snaps":15146,"teleports":17}
[client] {"a":7,"dup":false,"ev":"game","ms":790489,"predicted":false,"t":2,"tick":45546,"type":"block"}
[client] {"a":3,"dup":false,"ev":"game","ms":791040,"predicted":false,"t":7,"tick":45579,"type":"hit"}
[client] {"a":5,"dup":false,"ev":"game","ms":791323,"predicted":false,"t":2,"tick":45601,"type":"block"}
[client] {"a":5,"dup":false,"ev":"game","ms":791910,"predicted":false,"t":2,"tick":45636,"type":"block"}
[client] {"a":7,"dup":false,"ev":"game","ms":792041,"predicted":false,"t":2,"tick":45639,"type":"guard_break"}
[client] {"a":3,"dup":false,"ev":"game","ms":792324,"predicted":false,"t":5,"tick":45656,"type":"hit"}
[client] {"a":8,"dup":false,"ev":"game","ms":792511,"predicted":false,"t":-1,"tick":45667,"type":"respawn"}
[client] {"a":7,"dup":false,"ev":"game","ms":792690,"predicted":false,"t":2,"tick":45678,"type":"hit"}
[client] {"a":3,"dup":false,"ev":"game","ms":792807,"predicted":false,"t":5,"tick":45685,"type":"hit"}
[client] {"a":3,"dup":false,"ev":"game","ms":793041,"predicted":false,"t":7,"tick":45699,"type":"hit"}
[client] {"a":3,"dup":false,"ev":"game","ms":793076,"predicted":false,"t":5,"tick":45701,"type":"hit"}
[client] {"counts":{"blocks_on_me":18,"conf_actions":496,"confirmed_hits":1686,"dup_confirmed":54,"hits_on_me":221,"pred_actions":569,"predicted_confirmed":165,"predicted_hits":483,"reconnects":0},"ev":"stats","hp":152.0,"in_bytes":10365752,"late":0,"local_entity":5,"match":{"countdown_until":29399,"ctrl":-1,"final":false,"next":"","phase":3,"rot":1579,"scores":[19,24],"sd":false,"state":3,"tick":16421,"zone":"A"},"max_err":2.215,"mean_err":0.0154,"ms":794958,"out_bytes":2327883,"pending":10,"pos":[-41.93,0.52],"reconciles":15220,"server_tick":45819,"snaps":15246,"teleports":17}
[client] {"a":2,"dup":false,"ev":"game","ms":795277,"predicted":false,"t":5,"tick":45833,"type":"hit"}
[client] {"a":3,"dup":false,"ev":"game","ms":795380,"predicted":false,"t":5,"tick":45839,"type":"hit"}
[client] {"a":0,"dup":false,"ev":"game","ms":795464,"predicted":false,"t":-1,"tick":45844,"type":"respawn"}
[client] {"a":5,"dup":false,"ev":"game","ms":795712,"predicted":false,"t":2,"tick":45864,"type":"block"}
[client] {"a":9,"dup":false,"ev":"game","ms":795891,"predicted":false,"t":3,"tick":45870,"type":"hit"}
[client] {"a":5,"dup":false,"ev":"game","ms":796009,"predicted":false,"t":2,"tick":45882,"type":"guard_break"}
[client] {"a":5,"dup":false,"ev":"game","ms":796029,"predicted":false,"t":3,"tick":45883,"type":"hit"}
[client] {"a":9,"dup":false,"ev":"game","ms":796126,"predicted":false,"t":2,"tick":45884,"type":"hit"}
[client] {"a":9,"dup":false,"ev":"game","ms":796126,"predicted":false,"t":3,"tick":45884,"type":"hit"}
[client] {"a":5,"dup":true,"ev":"game","ms":796361,"predicted":false,"t":2,"tick":45903,"type":"hit"}
[client] {"a":1,"dup":false,"ev":"game","ms":796464,"predicted":false,"t":-1,"tick":45904,"type":"respawn"}
[client] {"a":3,"dup":false,"ev":"game","ms":796691,"predicted":false,"t":9,"tick":45918,"type":"hit"}
[client] {"a":5,"dup":true,"ev":"game","ms":797009,"predicted":false,"t":3,"tick":45942,"type":"hit"}
[client] {"a":5,"dup":true,"ev":"game","ms":797465,"predicted":false,"t":3,"tick":45969,"type":"hit"}
[client] {"a":3,"dup":false,"ev":"game","ms":797927,"predicted":false,"t":5,"tick":45992,"type":"hit"}
[client] {"counts":{"blocks_on_me":18,"conf_actions":502,"confirmed_hits":1697,"dup_confirmed":55,"hits_on_me":224,"pred_actions":576,"predicted_confirmed":168,"predicted_hits":492,"reconnects":0},"ev":"stats","hp":98.0,"in_bytes":10433802,"late":0,"local_entity":5,"match":{"countdown_until":29399,"ctrl":-1,"final":false,"next":"","phase":3,"rot":1279,"scores":[19,24],"sd":false,"state":3,"tick":16721,"zone":"A"},"max_err":2.215,"mean_err":0.0154,"ms":799954,"out_bytes":2342583,"pending":10,"pos":[-42.32,-0.28],"reconciles":15320,"server_tick":46119,"snaps":15346,"teleports":17}
[client] {"a":4,"dup":false,"ev":"game","ms":802039,"predicted":false,"t":5,"tick":46239,"type":"hit"}
[client] {"a":4,"dup":false,"ev":"game","ms":803344,"predicted":false,"t":6,"tick":46317,"type":"hit"}
[client] {"a":4,"dup":false,"ev":"game","ms":803806,"predicted":false,"t":6,"tick":46345,"type":"hit"}
[client] {"a":4,"dup":false,"ev":"game","ms":804040,"predicted":false,"t":6,"tick":46359,"type":"hit"}
[client] {"a":7,"dup":false,"ev":"game","ms":804296,"predicted":false,"t":4,"tick":46374,"type":"hit"}
[client] {"counts":{"blocks_on_me":18,"conf_actions":506,"confirmed_hits":1702,"dup_confirmed":55,"hits_on_me":225,"pred_actions":581,"predicted_confirmed":168,"predicted_hits":492,"reconnects":0},"ev":"stats","hp":80.0,"in_bytes":10498805,"late":0,"local_entity":5,"match":{"countdown_until":29399,"ctrl":-1,"final":false,"next":"","phase":3,"rot":979,"scores":[19,24],"sd":false,"state":3,"tick":17021,"zone":"A"},"max_err":2.215,"mean_err":0.0154,"ms":804957,"out_bytes":2357283,"pending":10,"pos":[-42.36,-0.06],"reconciles":15420,"server_tick":46419,"snaps":15446,"teleports":17}
[client] {"a":6,"dup":false,"ev":"game","ms":804959,"predicted":false,"t":4,"tick":46414,"type":"hit"}
[client] {"a":6,"dup":false,"ev":"game","ms":805276,"predicted":false,"t":4,"tick":46433,"type":"hit"}
[client] {"a":6,"dup":false,"ev":"game","ms":806242,"predicted":false,"t":4,"tick":46491,"type":"block"}
[client] {"a":8,"dup":false,"ev":"game","ms":806394,"predicted":false,"t":4,"tick":46500,"type":"hit"}
[client] {"a":5,"dup":true,"ev":"game","ms":807194,"predicted":false,"t":0,"tick":46553,"type":"hit"}
[client] {"a":5,"dup":true,"ev":"game","ms":807525,"predicted":false,"t":0,"tick":46573,"type":"hit"}
[client] {"a":2,"dup":false,"ev":"game","ms":807664,"predicted":false,"t":9,"tick":46576,"type":"hit"}
[client] {"a":0,"dup":false,"ev":"game","ms":807980,"predicted":false,"t":5,"tick":46595,"type":"hit"}
[client] {"a":8,"dup":false,"ev":"game","ms":808408,"predicted":false,"t":2,"tick":46622,"type":"hit"}
[client] {"a":7,"dup":false,"ev":"game","ms":808657,"predicted":false,"t":0,"tick":46636,"type":"hit"}
[client] {"a":5,"dup":true,"ev":"game","ms":808809,"predicted":false,"t":0,"tick":46651,"type":"hit"}
[client] {"a":2,"dup":false,"ev":"game","ms":808857,"predicted":false,"t":7,"tick":46648,"type":"hit"}
[client] {"a":3,"dup":false,"ev":"game","ms":809188,"predicted":false,"t":7,"tick":46668,"type":"hit"}
[client] {"a":0,"dup":false,"ev":"game","ms":809258,"predicted":false,"t":7,"tick":46672,"type":"hit"}
[client] {"a":1,"dup":false,"ev":"game","ms":809375,"predicted":false,"t":5,"tick":46679,"type":"hit"}
[client] {"a":0,"dup":false,"ev":"game","ms":809940,"predicted":false,"t":5,"tick":46713,"type":"hit"}
[client] {"a":9,"dup":false,"ev":"game","ms":809940,"predicted":false,"t":2,"tick":46713,"type":"hit"}
[client] {"counts":{"blocks_on_me":18,"conf_actions":517,"confirmed_hits":1718,"dup_confirmed":58,"hits_on_me":228,"pred_actions":592,"predicted_confirmed":171,"predicted_hits":500,"reconnects":0},"ev":"stats","hp":6.0,"in_bytes":10575447,"late":0,"local_entity":5,"match":{"countdown_until":29399,"ctrl":-1,"final":false,"next":"C","phase":3,"rot":679,"scores":[19,24],"sd":false,"state":3,"tick":17321,"zone":"A"},"max_err":2.215,"mean_err":0.0156,"ms":809953,"out_bytes":2371983,"pending":10,"pos":[-39.8,1.79],"reconciles":15520,"server_tick":46719,"snaps":15546,"teleports":17}
[client] {"a":9,"dup":false,"ev":"game","ms":810410,"predicted":false,"t":2,"tick":46741,"type":"block"}
[client] {"a":6,"dup":false,"ev":"game","ms":810458,"predicted":false,"t":1,"tick":46744,"type":"hit"}
[client] {"a":6,"dup":false,"ev":"game","ms":810555,"predicted":false,"t":0,"tick":46750,"type":"hit"}
[client] {"a":6,"dup":false,"ev":"game","ms":810555,"predicted":false,"t":3,"tick":46750,"type":"hit"}
[client] {"a":8,"dup":false,"ev":"game","ms":810720,"predicted":false,"t":2,"tick":46760,"type":"block"}
[client] {"a":9,"dup":false,"ev":"game","ms":811010,"predicted":false,"t":0,"tick":46777,"type":"hit"}
[client] {"a":9,"dup":false,"ev":"game","ms":811023,"predicted":false,"t":2,"tick":46778,"type":"block"}
[client] {"a":8,"dup":false,"ev":"game","ms":811210,"predicted":false,"t":0,"tick":46789,"type":"hit"}
[client] {"a":3,"dup":false,"ev":"game","ms":811271,"predicted":false,"t":8,"tick":46793,"type":"hit"}
[client] {"a":9,"dup":false,"ev":"game","ms":811492,"predicted":false,"t":0,"tick":46806,"type":"hit"}
[client] {"a":9,"dup":false,"ev":"game","ms":811508,"predicted":false,"t":1,"tick":46807,"type":"hit"}
[client] {"a":6,"dup":false,"ev":"game","ms":811707,"predicted":false,"t":1,"tick":46819,"type":"hit"}
[client] {"a":3,"dup":false,"ev":"game","ms":811755,"predicted":false,"t":8,"tick":46822,"type":"hit"}
[client] {"a":6,"dup":false,"ev":"game","ms":811755,"predicted":false,"t":0,"tick":46822,"type":"hit"}
[client] {"a":7,"dup":false,"ev":"game","ms":811755,"predicted":false,"t":0,"tick":46822,"type":"hit"}
[client] {"a":7,"dup":false,"ev":"game","ms":811755,"predicted":false,"t":1,"tick":46822,"type":"hit"}
[client] {"a":0,"dup":false,"ev":"game","ms":811755,"predicted":false,"t":-1,"tick":46822,"type":"ko"}
[client] {"a":1,"dup":false,"ev":"game","ms":812224,"predicted":false,"t":6,"tick":46850,"type":"hit"}
[client] {"a":7,"dup":false,"ev":"game","ms":812321,"predicted":false,"t":2,"tick":46856,"type":"hit"}
[client] {"a":7,"dup":false,"ev":"game","ms":812341,"predicted":false,"t":1,"tick":46857,"type":"hit"}
[client] {"a":2,"dup":false,"ev":"game","ms":812741,"predicted":false,"t":7,"tick":46881,"type":"hit"}
[client] {"a":6,"dup":false,"ev":"game","ms":812812,"predicted":false,"t":1,"tick":46885,"type":"hit"}
[client] {"a":6,"dup":false,"ev":"game","ms":812812,"predicted":false,"t":2,"tick":46885,"type":"hit"}
[client] {"a":3,"dup":false,"ev":"game","ms":812838,"predicted":false,"t":8,"tick":46887,"type":"block"}
[client] {"a":3,"dup":false,"ev":"game","ms":813093,"predicted":false,"t":8,"tick":46902,"type":"hit"}
[client] {"a":9,"dup":false,"ev":"game","ms":813673,"predicted":false,"t":1,"tick":46937,"type":"hit"}
[client] {"a":8,"dup":false,"ev":"game","ms":813722,"predicted":false,"t":3,"tick":46940,"type":"hit"}
[client] {"a":9,"dup":false,"ev":"game","ms":813722,"predicted":false,"t":3,"tick":46940,"type":"hit"}
[client] {"a":9,"dup":false,"ev":"game","ms":813942,"predicted":false,"t":3,"tick":46953,"type":"hit"}
[client] {"a":1,"dup":false,"ev":"game","ms":814128,"predicted":false,"t":9,"tick":46964,"type":"hit"}
[client] {"counts":{"blocks_on_me":18,"conf_actions":521,"confirmed_hits":1743,"dup_confirmed":59,"hits_on_me":228,"pred_actions":596,"predicted_confirmed":171,"predicted_hits":500,"reconnects":0},"ev":"stats","hp":6.0,"in_bytes":10647034,"late":0,"local_entity":5,"match":{"countdown_until":29399,"ctrl":-1,"final":false,"next":"C","phase":3,"rot":379,"scores":[19,24],"sd":false,"state":3,"tick":17621,"zone":"A"},"max_err":2.215,"mean_err":0.0155,"ms":814955,"out_bytes":2386683,"pending":10,"pos":[-41.41,0.0],"reconciles":15620,"server_tick":47019,"snaps":15646,"teleports":17}
[client] {"a":1,"dup":false,"ev":"game","ms":815212,"predicted":false,"t":9,"tick":47029,"type":"hit"}
[client] {"a":9,"dup":false,"ev":"game","ms":815612,"predicted":false,"t":1,"tick":47053,"type":"hit"}
[client] {"a":6,"dup":false,"ev":"game","ms":815639,"predicted":false,"t":1,"tick":47055,"type":"hit"}
[client] {"a":5,"dup":true,"ev":"game","ms":816060,"predicted":false,"t":1,"tick":47085,"type":"hit"}
[client] {"a":1,"dup":false,"ev":"game","ms":816695,"predicted":false,"t":5,"tick":47118,"type":"parry"}
[client] {"a":8,"dup":false,"ev":"game","ms":816695,"predicted":false,"t":1,"tick":47118,"type":"hit"}
[client] {"a":1,"dup":false,"ev":"game","ms":816695,"predicted":false,"t":-1,"tick":47118,"type":"ko"}
[client] {"counts":{"blocks_on_me":18,"conf_actions":524,"confirmed_hits":1748,"dup_confirmed":61,"hits_on_me":228,"pred_actions":599,"predicted_confirmed":172,"predicted_hits":503,"reconnects":0},"ev":"stats","hp":6.0,"in_bytes":10711393,"late":0,"local_entity":5,"match":{"countdown_until":29399,"ctrl":1,"final":false,"next":"C","phase":3,"rot":79,"scores":[19,27],"sd":false,"state":2,"tick":17921,"zone":"A"},"max_err":2.215,"mean_err":0.0155,"ms":819958,"out_bytes":2401383,"pending":10,"pos":[-41.42,0.13],"reconciles":15720,"server_tick":47319,"snaps":15746,"teleports":17}
[client] {"a":-1,"dup":false,"ev":"game","ms":821353,"predicted":false,"t":-1,"tick":47398,"type":"zone_rotated"}
[client] {"a":0,"dup":false,"ev":"game","ms":821754,"predicted":false,"t":-1,"tick":47422,"type":"respawn"}
[client] {"counts":{"blocks_on_me":18,"conf_actions":524,"confirmed_hits":1748,"dup_confirmed":61,"hits_on_me":228,"pred_actions":599,"predicted_confirmed":172,"predicted_hits":503,"reconnects":0},"ev":"stats","hp":48.2999999999999,"in_bytes":10768995,"late":0,"local_entity":5,"match":{"countdown_until":29399,"ctrl":0,"final":false,"next":"","phase":3,"rot":3379,"scores":[19,28],"sd":false,"state":2,"tick":18221,"zone":"C"},"max_err":2.215,"mean_err":0.0155,"ms":824953,"out_bytes":2416083,"pending":10,"pos":[-18.07,4.77],"reconciles":15820,"server_tick":47619,"snaps":15846,"teleports":17}
[client] {"a":1,"dup":false,"ev":"game","ms":826694,"predicted":false,"t":-1,"tick":47718,"type":"respawn"}
[client] {"a":8,"dup":false,"ev":"game","ms":828840,"predicted":false,"t":4,"tick":47847,"type":"hit"}
[client] {"counts":{"blocks_on_me":18,"conf_actions":524,"confirmed_hits":1749,"dup_confirmed":61,"hits_on_me":228,"pred_actions":599,"predicted_confirmed":172,"predicted_hits":503,"reconnects":0},"ev":"stats","hp":138.3,"in_bytes":10833424,"late":0,"local_entity":5,"match":{"countdown_until":29399,"ctrl":-1,"final":false,"next":"","phase":3,"rot":3079,"scores":[22,28],"sd":false,"state":3,"tick":18521,"zone":"C"},"max_err":2.215,"mean_err":0.0154,"ms":829956,"out_bytes":2430783,"pending":10,"pos":[15.8,-1.21],"reconciles":15920,"server_tick":47919,"snaps":15946,"teleports":17}
[client] {"a":8,"dup":false,"ev":"game","ms":829984,"predicted":false,"t":4,"tick":47916,"type":"block"}
[client] {"a":9,"dup":false,"ev":"game","ms":830006,"predicted":false,"t":4,"tick":47917,"type":"hit"}
[client] {"a":9,"dup":false,"ev":"game","ms":830854,"predicted":false,"t":4,"tick":47968,"type":"hit"}
[client] {"a":8,"dup":false,"ev":"game","ms":831055,"predicted":false,"t":4,"tick":47980,"type":"hit"}
[client] {"a":3,"dup":false,"ev":"game","ms":831268,"predicted":false,"t":8,"tick":47993,"type":"hit"}
[client] {"a":3,"dup":false,"ev":"game","ms":832007,"predicted":false,"t":9,"tick":48037,"type":"hit"}
[client] {"a":9,"dup":false,"ev":"game","ms":832372,"predicted":false,"t":3,"tick":48059,"type":"hit"}
[client] {"a":8,"dup":false,"ev":"game","ms":832386,"predicted":false,"t":4,"tick":48060,"type":"hit"}
[client] {"a":9,"dup":false,"ev":"game","ms":832855,"predicted":false,"t":3,"tick":48088,"type":"block"}
[client] {"a":9,"dup":false,"ev":"game","ms":833089,"predicted":false,"t":3,"tick":48102,"type":"block"}
[client] {"a":9,"dup":false,"ev":"game","ms":833103,"predicted":false,"t":2,"tick":48103,"type":"hit"}
[client] {"a":9,"dup":false,"ev":"game","ms":833669,"predicted":false,"t":2,"tick":48137,"type":"hit"}
[client] {"a":3,"dup":false,"ev":"game","ms":833713,"predicted":false,"t":9,"tick":48139,"type":"hit"}
[client] {"a":5,"dup":true,"ev":"game","ms":834042,"predicted":false,"t":0,"tick":48164,"type":"hit"}
[client] {"a":8,"dup":false,"ev":"game","ms":834056,"predicted":false,"t":3,"tick":48160,"type":"hit"}
[client] {"a":7,"dup":false,"ev":"game","ms":834105,"predicted":false,"t":2,"tick":48163,"type":"block"}
[client] {"a":5,"dup":true,"ev":"game","ms":834360,"predicted":false,"t":0,"tick":48183,"type":"hit"}
[client] {"a":3,"dup":false,"ev":"game","ms":834442,"predicted":false,"t":7,"tick":48183,"type":"hit"}
[client] {"a":3,"dup":false,"ev":"game","ms":834670,"predicted":false,"t":7,"tick":48197,"type":"hit"}
[client] {"a":0,"dup":false,"ev":"game","ms":834809,"predicted":false,"t":5,"tick":48205,"type":"hit"}
[client] {"counts":{"blocks_on_me":18,"conf_actions":528,"confirmed_hits":1765,"dup_confirmed":62,"hits_on_me":229,"pred_actions":603,"predicted_confirmed":174,"predicted_hits":506,"reconnects":0},"ev":"stats","hp":188.100000000002,"in_bytes":10903326,"late":0,"local_entity":5,"match":{"countdown_until":29399,"ctrl":-1,"final":false,"next":"","phase":3,"rot":2779,"scores":[22,28],"sd":false,"state":3,"tick":18821,"zone":"C"},"max_err":2.215,"mean_err":0.0154,"ms":834958,"out_bytes":2445483,"pending":10,"pos":[41.23,-0.35],"reconciles":16020,"server_tick":48219,"snaps":16046,"teleports":17}
[client] {"a":0,"dup":false,"ev":"game","ms":835105,"predicted":false,"t":5,"tick":48223,"type":"hit"}
[client] {"a":3,"dup":false,"ev":"game","ms":835305,"predicted":false,"t":9,"tick":48235,"type":"hit"}
[client] {"a":3,"dup":false,"ev":"game","ms":835339,"predicted":false,"t":7,"tick":48237,"type":"hit"}
[client] {"a":6,"dup":false,"ev":"game","ms":835409,"predicted":false,"t":0,"tick":48241,"type":"hit"}
[client] {"a":6,"dup":false,"ev":"game","ms":835725,"predicted":false,"t":0,"tick":48260,"type":"hit"}
[client] {"a":3,"dup":false,"ev":"game","ms":835822,"predicted":false,"t":7,"tick":48266,"type":"hit"}
[client] {"a":3,"dup":false,"ev":"game","ms":835822,"predicted":false,"t":9,"tick":48266,"type":"block"}
[client] {"a":4,"dup":false,"ev":"game","ms":836008,"predicted":false,"t":7,"tick":48277,"type":"hit"}
[client] {"a":6,"dup":false,"ev":"game","ms":836174,"predicted":false,"t":0,"tick":48287,"type":"hit"}
[client] {"a":4,"dup":false,"ev":"game","ms":836222,"predicted":false,"t":7,"tick":48290,"type":"hit"}
[client] {"a":4,"dup":false,"ev":"game","ms":836222,"predicted":false,"t":9,"tick":48290,"type":"block"}
[client] {"a":3,"dup":false,"ev":"game","ms":836658,"predicted":false,"t":7,"tick":48316,"type":"hit"}
[client] {"a":3,"dup":false,"ev":"game","ms":836658,"predicted":false,"t":9,"tick":48316,"type":"guard_break"}
[client] {"a":0,"dup":false,"ev":"game","ms":836761,"predicted":false,"t":6,"tick":48322,"type":"hit"}
[client] {"a":6,"dup":false,"ev":"game","ms":837161,"predicted":false,"t":0,"tick":48346,"type":"hit"}
[client] {"a":2,"dup":false,"ev":"game","ms":837243,"predicted":false,"t":8,"tick":48351,"type":"hit"}
[client] {"a":6,"dup":false,"ev":"game","ms":837526,"predicted":false,"t":0,"tick":48368,"type":"hit"}
[client] {"a":4,"dup":false,"ev":"game","ms":837761,"predicted":false,"t":9,"tick":48382,"type":"hit"}
[client] {"a":6,"dup":false,"ev":"game","ms":837844,"predicted":false,"t":0,"tick":48387,"type":"hit"}
[client] {"a":3,"dup":false,"ev":"game","ms":837892,"predicted":false,"t":8,"tick":48390,"type":"hit"}
[client] {"a":3,"dup":false,"ev":"game","ms":838376,"predicted":false,"t":8,"tick":48419,"type":"block"}
[client] {"a":0,"dup":false,"ev":"game","ms":838411,"predicted":false,"t":6,"tick":48421,"type":"hit"}
[client] {"a":5,"dup":true,"ev":"game","ms":838411,"predicted":false,"t":0,"tick":48426,"type":"hit"}
[client] {"a":4,"dup":false,"ev":"game","ms":838423,"predicted":false,"t":7,"tick":48422,"type":"block"}
[client] {"a":2,"dup":false,"ev":"game","ms":838444,"predicted":false,"t":8,"tick":48423,"type":"hit"}
[client] {"a":9,"dup":false,"ev":"game","ms":838692,"predicted":false,"t":4,"tick":48438,"type":"hit"}
[client] {"a":2,"dup":false,"ev":"game","ms":838941,"predicted":false,"t":8,"tick":48453,"type":"hit"}
[client] {"a":3,"dup":false,"ev":"game","ms":838975,"predicted":false,"t":8,"tick":48455,"type":"hit"}
[client] {"a":4,"dup":false,"ev":"game","ms":839107,"predicted":false,"t":7,"tick":48463,"type":"hit"}
[client] {"a":9,"dup":false,"ev":"game","ms":839410,"predicted":false,"t":4,"tick":48481,"type":"hit"}
[client] {"a":8,"dup":false,"ev":"game","ms":839424,"predicted":false,"t":2,"tick":48482,"type":"hit"}
[client] {"a":1,"dup":false,"ev":"game","ms":839623,"predicted":false,"t":7,"tick":48494,"type":"hit"}
[client] {"a":1,"dup":false,"ev":"game","ms":839942,"predicted":false,"t":7,"tick":48513,"type":"hit"}
[client] {"counts":{"blocks_on_me":18,"conf_actions":537,"confirmed_hits":1793,"dup_confirmed":64,"hits_on_me":230,"pred_actions":612,"predicted_confirmed":175,"predicted_hits":510,"reconnects":0},"ev":"stats","hp":170.100000000002,"in_bytes":10984629,"late":0,"local_entity":5,"match":{"countdown_until":29399,"ctrl":-1,"final":false,"next":"","phase":3,"rot":2479,"scores":[22,28],"sd":false,"state":3,"tick":19121,"zone":"C"},"max_err":2.215,"mean_err":0.0154,"ms":839961,"out_bytes":2460183,"pending":10,"pos":[43.22,-0.06],"reconciles":16120,"server_tick":48519,"snaps":16146,"teleports":17}
[client] {"a":0,"dup":false,"ev":"game","ms":840011,"predicted":false,"t":5,"tick":48517,"type":"hit"}
[client] {"a":3,"dup":false,"ev":"game","ms":840162,"predicted":false,"t":8,"tick":48526,"type":"hit"}
[client] {"a":1,"dup":false,"ev":"game","ms":840293,"predicted":false,"t":7,"tick":48534,"type":"block"}
[client] {"a":8,"dup":false,"ev":"game","ms":840507,"predicted":false,"t":2,"tick":48547,"type":"hit"}
[client] {"a":8,"dup":false,"ev":"game","ms":840763,"predicted":false,"t":2,"tick":48563,"type":"hit"}
[client] {"a":3,"dup":false,"ev":"game","ms":840776,"predicted":false,"t":8,"tick":48564,"type":"hit"}
[client] {"a":0,"dup":false,"ev":"game","ms":840894,"predicted":false,"t":5,"tick":48571,"type":"hit"}
[client] {"a":6,"dup":false,"ev":"game","ms":841224,"predicted":false,"t":0,"tick":48591,"type":"hit"}
[client] {"a":8,"dup":false,"ev":"game","ms":841224,"predicted":false,"t":2,"tick":48591,"type":"hit"}
[client] {"a":6,"dup":false,"ev":"game","ms":841543,"predicted":false,"t":0,"tick":48610,"type":"hit"}
[client] {"a":9,"dup":false,"ev":"game","ms":841735,"predicted":false,"t":3,"tick":48622,"type":"hit"}
[client] {"a":6,"dup":false,"ev":"game","ms":841887,"predicted":false,"t":0,"tick":48631,"type":"hit"}
[client] {"a":0,"dup":false,"ev":"game","ms":841887,"predicted":false,"t":-1,"tick":48631,"type":"ko"}
[client] {"a":9,"dup":false,"ev":"game","ms":841970,"predicted":false,"t":3,"tick":48635,"type":"hit"}
[client] {"a":8,"dup":false,"ev":"game","ms":842887,"predicted":false,"t":3,"tick":48690,"type":"hit"}
[client] {"a":9,"dup":false,"ev":"game","ms":843039,"predicted":false,"t":2,"tick":48699,"type":"block"}
[client] {"a":5,"dup":true,"ev":"game","ms":843322,"predicted":false,"t":1,"tick":48721,"type":"hit"}
[client] {"a":5,"dup":true,"ev":"game","ms":843688,"predicted":false,"t":1,"tick":48743,"type":"hit"}
[client] {"a":8,"dup":false,"ev":"game","ms":843957,"predicted":false,"t":2,"tick":48754,"type":"hit"}
[client] {"a":1,"dup":false,"ev":"game","ms":844137,"predicted":false,"t":5,"tick":48765,"type":"hit"}
[client] {"a":9,"dup":false,"ev":"game","ms":844303,"predicted":false,"t":3,"tick":48775,"type":"hit"}
[client] {"a":5,"dup":true,"ev":"game","ms":844420,"predicted":false,"t":1,"tick":48787,"type":"hit"}
[client] {"a":9,"dup":false,"ev":"game","ms":844771,"predicted":false,"t":3,"tick":48803,"type":"block"}
[client] {"a":1,"dup":false,"ev":"game","ms":844888,"predicted":false,"t":5,"tick":48810,"type":"hit"}
[client] {"counts":{"blocks_on_me":18,"conf_actions":546,"confirmed_hits":1813,"dup_confirmed":67,"hits_on_me":234,"pred_actions":622,"predicted_confirmed":178,"predicted_hits":514,"reconnects":0},"ev":"stats","hp":58.1000000000021,"in_bytes":11058657,"late":0,"local_entity":5,"match":{"countdown_until":29399,"ctrl":-1,"final":false,"next":"","phase":3,"rot":2179,"scores":[22,28],"sd":false,"state":3,"tick":19421,"zone":"C"},"max_err":2.215,"mean_err":0.0157,"ms":844956,"out_bytes":2474883,"pending":10,"pos":[41.54,-0.12],"reconciles":16220,"server_tick":48819,"snaps":16246,"teleports":17}
[client] {"a":8,"dup":false,"ev":"game","ms":845055,"predicted":false,"t":2,"tick":48820,"type":"hit"}
[client] {"a":1,"dup":false,"ev":"game","ms":845337,"predicted":false,"t":6,"tick":48837,"type":"hit"}
[client] {"a":8,"dup":false,"ev":"game","ms":845559,"predicted":false,"t":2,"tick":48850,"type":"hit"}
[client] {"a":8,"dup":false,"ev":"game","ms":846055,"predicted":false,"t":2,"tick":48880,"type":"hit"}
[client] {"a":9,"dup":false,"ev":"game","ms":846372,"predicted":false,"t":2,"tick":48899,"type":"hit"}
[client] {"a":3,"dup":false,"ev":"game","ms":846420,"predicted":false,"t":9,"tick":48902,"type":"hit"}
[client] {"a":1,"dup":false,"ev":"game","ms":846724,"predicted":false,"t":6,"tick":48920,"type":"hit"}
[client] {"a":5,"dup":true,"ev":"game","ms":847289,"predicted":false,"t":1,"tick":48959,"type":"hit"}
[client] {"a":8,"dup":false,"ev":"game","ms":847842,"predicted":false,"t":3,"tick":48987,"type":"block"}
[client] {"a":9,"dup":false,"ev":"game","ms":847973,"predicted":false,"t":3,"tick":48995,"type":"guard_break"}
[client] {"a":9,"dup":false,"ev":"game","ms":848705,"predicted":false,"t":3,"tick":49039,"type":"hit"}
[client] {"a":1,"dup":false,"ev":"game","ms":849091,"predicted":false,"t":6,"tick":49062,"type":"hit"}
[client] {"a":1,"dup":false,"ev":"game","ms":849139,"predicted":false,"t":5,"tick":49065,"type":"hit"}
[client] {"a":9,"dup":false,"ev":"game","ms":849195,"predicted":false,"t":3,"tick":49068,"type":"guard_break"}
[client] {"a":1,"dup":false,"ev":"game","ms":849409,"predicted":false,"t":6,"tick":49081,"type":"hit"}
[client] {"a":9,"dup":false,"ev":"game","ms":849422,"predicted":false,"t":3,"tick":49082,"type":"hit"}
[client] {"a":5,"dup":true,"ev":"game","ms":849477,"predicted":false,"t":1,"tick":49090,"type":"hit"}
[client] {"a":6,"dup":false,"ev":"game","ms":849808,"predicted":false,"t":1,"tick":49105,"type":"hit"}
[client] {"counts":{"blocks_on_me":18,"conf_actions":550,"confirmed_hits":1828,"dup_confirmed":68,"hits_on_me":235,"pred_actions":628,"predicted_confirmed":180,"predicted_hits":520,"reconnects":0},"ev":"stats","hp":40.1000000000021,"in_bytes":11129119,"late":0,"local_entity":5,"match":{"countdown_until":29399,"ctrl":-1,"final":false,"next":"","phase":3,"rot":1879,"scores":[22,28],"sd":false,"state":3,"tick":19721,"zone":"C"},"max_err":2.215,"mean_err":0.0157,"ms":849959,"out_bytes":2489583,"pending":10,"pos":[42.07,0.12],"reconciles":16320,"server_tick":49119,"snaps":16346,"teleports":17}
[client] {"a":3,"dup":false,"ev":"game","ms":849974,"predicted":false,"t":9,"tick":49115,"type":"hit"}
[client] {"a":6,"dup":false,"ev":"game","ms":850129,"predicted":false,"t":1,"tick":49124,"type":"hit"}
[client] {"a":1,"dup":false,"ev":"game","ms":850694,"predicted":false,"t":6,"tick":49158,"type":"hit"}
[client] {"a":8,"dup":false,"ev":"game","ms":850819,"predicted":false,"t":3,"tick":49166,"type":"hit"}
[client] {"a":1,"dup":false,"ev":"game","ms":851039,"predicted":false,"t":6,"tick":49179,"type":"hit"}
[client] {"a":4,"dup":false,"ev":"game","ms":851322,"predicted":false,"t":7,"tick":49196,"type":"hit"}
[client] {"a":6,"dup":false,"ev":"game","ms":851723,"predicted":false,"t":1,"tick":49220,"type":"hit"}
[client] {"a":0,"dup":false,"ev":"game","ms":851910,"predicted":false,"t":-1,"tick":49231,"type":"respawn"}
[client] {"a":8,"dup":false,"ev":"game","ms":851923,"predicted":false,"t":4,"tick":49232,"type":"hit"}
[client] {"a":7,"dup":false,"ev":"game","ms":852275,"predicted":false,"t":4,"tick":49253,"type":"block"}
[client] {"a":1,"dup":false,"ev":"game","ms":853276,"predicted":false,"t":7,"tick":49313,"type":"hit"}
[client] {"a":1,"dup":false,"ev":"game","ms":853910,"predicted":false,"t":7,"tick":49351,"type":"block"}
[client] {"a":1,"dup":false,"ev":"game","ms":854572,"predicted":false,"t":7,"tick":49391,"type":"block"}
[client] {"counts":{"blocks_on_me":18,"conf_actions":554,"confirmed_hits":1837,"dup_confirmed":68,"hits_on_me":235,"pred_actions":631,"predicted_confirmed":180,"predicted_hits":523,"reconnects":0},"ev":"stats","hp":40.1000000000021,"in_bytes":11195001,"late":0,"local_entity":5,"match":{"countdown_until":29399,"ctrl":-1,"final":false,"next":"","phase":3,"rot":1579,"scores":[22,28],"sd":false,"state":3,"tick":20021,"zone":"C"},"max_err":2.215,"mean_err":0.0156,"ms":854958,"out_bytes":2504283,"pending":10,"pos":[41.42,-0.09],"reconciles":16420,"server_tick":49419,"snaps":16446,"teleports":17}
[client] {"a":4,"dup":false,"ev":"game","ms":855173,"predicted":false,"t":7,"tick":49427,"type":"hit"}
[client] {"a":1,"dup":false,"ev":"game","ms":855290,"predicted":false,"t":7,"tick":49434,"type":"hit"}
[client] {"a":1,"dup":false,"ev":"game","ms":855608,"predicted":false,"t":7,"tick":49453,"type":"block"}
[client] {"a":4,"dup":false,"ev":"game","ms":855656,"predicted":false,"t":7,"tick":49456,"type":"hit"}
[client] {"a":4,"dup":false,"ev":"game","ms":855893,"predicted":false,"t":7,"tick":49470,"type":"hit"}
[client] {"a":1,"dup":false,"ev":"game","ms":855925,"predicted":false,"t":7,"tick":49472,"type":"hit"}
[client] {"a":8,"dup":false,"ev":"game","ms":856221,"predicted":false,"t":1,"tick":49490,"type":"hit"}
[client] {"a":8,"dup":false,"ev":"game","ms":858629,"predicted":false,"t":4,"tick":49635,"type":"hit"}
[client] {"a":4,"dup":false,"ev":"game","ms":859009,"predicted":false,"t":8,"tick":49658,"type":"hit"}
[client] {"a":1,"dup":false,"ev":"game","ms":859492,"predicted":false,"t":8,"tick":49686,"type":"hit"}
[client] {"a":4,"dup":false,"ev":"game","ms":859561,"predicted":false,"t":8,"tick":49691,"type":"hit"}
[client] {"a":2,"dup":false,"ev":"game","ms":859741,"predicted":false,"t":8,"tick":49701,"type":"hit"}
[client] {"a":1,"dup":false,"ev":"game","ms":859775,"predicted":false,"t":8,"tick":49703,"type":"hit"}
[client] {"a":8,"dup":false,"ev":"game","ms":859775,"predicted":false,"t":-1,"tick":49703,"type":"ko"}
[client] {"counts":{"blocks_on_me":18,"conf_actions":554,"confirmed_hits":1849,"dup_confirmed":69,"hits_on_me":235,"pred_actions":631,"predicted_confirmed":180,"predicted_hits":523,"reconnects":0},"ev":"stats","hp":83.9000000000017,"in_bytes":11261676,"late":0,"local_entity":5,"match":{"countdown_until":29399,"ctrl":-1,"final":false,"next":"","phase":3,"rot":1279,"scores":[22,28],"sd":false,"state":3,"tick":20321,"zone":"C"},"max_err":2.215,"mean_err":0.0156,"ms":859960,"out_bytes":2518983,"pending":7,"pos":[42.31,0.51],"reconciles":16521,"server_tick":49719,"snaps":16546,"teleports":17}
[client] {"a":6,"dup":false,"ev":"game","ms":861328,"predicted":false,"t":1,"tick":49797,"type":"hit"}
[client] {"a":4,"dup":false,"ev":"game","ms":861541,"predicted":false,"t":6,"tick":49810,"type":"hit"}
[client] {"a":9,"dup":false,"ev":"game","ms":861576,"predicted":false,"t":1,"tick":49812,"type":"hit"}
[client] {"a":1,"dup":false,"ev":"game","ms":861576,"predicted":false,"t":-1,"tick":49812,"type":"ko"}
[client] {"a":4,"dup":false,"ev":"game","ms":862480,"predicted":false,"t":6,"tick":49866,"type":"hit"}
[client] {"a":4,"dup":false,"ev":"game","ms":862963,"predicted":false,"t":5,"tick":49895,"type":"hit"}
[client] {"a":4,"dup":false,"ev":"game","ms":862963,"predicted":false,"t":6,"tick":49895,"type":"hit"}
[client] {"a":0,"dup":false,"ev":"game","ms":863059,"predicted":false,"t":5,"tick":49901,"type":"hit"}
[client] {"a":0,"dup":false,"ev":"game","ms":863080,"predicted":false,"t":6,"tick":49902,"type":"hit"}
[client] {"a":9,"dup":false,"ev":"game","ms":863563,"predicted":false,"t":2,"tick":49930,"type":"hit"}
[client] {"a":5,"dup":true,"ev":"game","ms":863763,"predicted":false,"t":0,"tick":49948,"type":"hit"}
[client] {"a":2,"dup":false,"ev":"game","ms":863957,"predicted":false,"t":9,"tick":49954,"type":"hit"}
[client] {"counts":{"blocks_on_me":18,"conf_actions":558,"confirmed_hits":1860,"dup_confirmed":69,"hits_on_me":237,"pred_actions":637,"predicted_confirmed":181,"predicted_hits":526,"reconnects":0},"ev":"stats","hp":80.8000000000013,"in_bytes":11329872,"late":0,"local_entity":5,"match":{"countdown_until":29399,"ctrl":-1,"final":false,"next":"","phase":3,"rot":979,"scores":[22,28],"sd":false,"state":3,"tick":20621,"zone":"C"},"max_err":2.215,"mean_err":0.0156,"ms":864956,"out_bytes":2533683,"pending":7,"pos":[41.92,0.19],"reconciles":16621,"server_tick":50019,"snaps":16646,"teleports":17}
[client] {"a":0,"dup":false,"ev":"game","ms":865075,"predicted":false,"t":6,"tick":50021,"type":"hit"}
[client] {"a":5,"dup":true,"ev":"game","ms":865157,"predicted":false,"t":0,"tick":50031,"type":"hit"}
[client] {"a":6,"dup":false,"ev":"game","ms":865440,"predicted":false,"t":0,"tick":50043,"type":"hit"}
[client] {"a":3,"dup":false,"ev":"game","ms":865474,"predicted":false,"t":6,"tick":50045,"type":"hit"}
[client] {"a":4,"dup":false,"ev":"game","ms":865758,"predicted":false,"t":9,"tick":50062,"type":"hit"}
[client] {"a":9,"dup":false,"ev":"game","ms":866145,"predicted":false,"t":0,"tick":50085,"type":"hit"}
[client] {"a":6,"dup":false,"ev":"game","ms":866157,"predicted":false,"t":0,"tick":50086,"type":"hit"}
[client] {"a":5,"dup":true,"ev":"game","ms":866310,"predicted":false,"t":3,"tick":50100,"type":"hit"}
[client] {"a":4,"dup":false,"ev":"game","ms":866344,"predicted":false,"t":9,"tick":50097,"type":"hit"}
[client] {"a":4,"dup":false,"ev":"game","ms":866572,"predicted":false,"t":9,"tick":50111,"type":"hit"}
[client] {"a":4,"dup":false,"ev":"game","ms":867123,"predicted":false,"t":6,"tick":50144,"type":"hit"}
[client] {"a":6,"dup":false,"ev":"game","ms":867123,"predicted":false,"t":-1,"tick":50144,"type":"ko"}
[client] {"a":9,"dup":false,"ev":"game","ms":867746,"predicted":false,"t":2,"tick":50181,"type":"block"}
[client] {"a":7,"dup":false,"ev":"game","ms":868027,"predicted":false,"t":2,"tick":50198,"type":"hit"}
[client] {"a":0,"dup":false,"ev":"game","ms":868158,"predicted":false,"t":9,"tick":50206,"type":"hit"}
[client] {"a":7,"dup":false,"ev":"game","ms":868490,"predicted":false,"t":0,"tick":50226,"type":"hit"}
[client] {"a":0,"dup":false,"ev":"game","ms":868841,"predicted":false,"t":7,"tick":50247,"type":"hit"}
[client] {"a":0,"dup":false,"ev":"game","ms":869159,"predicted":false,"t":7,"tick":50266,"type":"hit"}
[client] {"a":3,"dup":false,"ev":"game","ms":869325,"predicted":false,"t":7,"tick":50276,"type":"hit"}
[client] {"a":8,"dup":false,"ev":"game","ms":869773,"predicted":false,"t":-1,"tick":50303,"type":"respawn"}
[client] {"counts":{"blocks_on_me":18,"conf_actions":561,"confirmed_hits":1877,"dup_confirmed":69,"hits_on_me":237,"pred_actions":640,"predicted_confirmed":183,"predicted_hits":532,"reconnects":0},"ev":"stats","hp":80.8000000000013,"in_bytes":11399969,"late":0,"local_entity":5,"match":{"countdown_until":29399,"ctrl":-1,"final":false,"next":"B","phase":3,"rot":679,"scores":[22,28],"sd":false,"state":3,"tick":20921,"zone":"C"},"max_err":2.215,"mean_err":0.0155,"ms":869958,"out_bytes":2548383,"pending":7,"pos":[41.85,-0.29],"reconciles":16721,"server_tick":50319,"snaps":16746,"teleports":17}
[client] {"a":5,"dup":true,"ev":"game","ms":870547,"predicted":false,"t":4,"tick":50355,"type":"hit"}
[client] {"a":5,"dup":true,"ev":"game","ms":871525,"predicted":false,"t":0,"tick":50414,"type":"hit"}
[client] {"a":1,"dup":false,"ev":"game","ms":871574,"predicted":false,"t":-1,"tick":50412,"type":"respawn"}
[client] {"a":2,"dup":false,"ev":"game","ms":871692,"predicted":false,"t":5,"tick":50419,"type":"hit"}
[client] {"a":2,"dup":false,"ev":"game","ms":872209,"predicted":false,"t":5,"tick":50450,"type":"hit"}
[client] {"a":5,"dup":true,"ev":"game","ms":872664,"predicted":false,"t":3,"tick":50482,"type":"hit"}
[client] {"a":2,"dup":false,"ev":"game","ms":872774,"predicted":false,"t":5,"tick":50484,"type":"hit"}
[client] {"a":2,"dup":false,"ev":"game","ms":873320,"predicted":false,"t":5,"tick":50517,"type":"hit"}
[client] {"a":5,"dup":false,"ev":"game","ms":874058,"predicted":false,"t":-1,"tick":50565,"type":"ko"}
[client] {"a":0,"dup":false,"ev":"game","ms":874141,"predicted":false,"t":5,"tick":50565,"type":"hit"}
[client] {"counts":{"blocks_on_me":18,"conf_actions":568,"confirmed_hits":1885,"dup_confirmed":70,"hits_on_me":242,"pred_actions":646,"predicted_confirmed":186,"predicted_hits":541,"reconnects":0},"ev":"stats","hp":0.0,"in_bytes":11468232,"late":0,"local_entity":5,"match":{"countdown_until":29399,"ctrl":0,"final":false,"next":"B","phase":3,"rot":379,"scores":[22,28],"sd":false,"state":2,"tick":21221,"zone":"C"},"max_err":2.215,"mean_err":0.0157,"ms":874954,"out_bytes":2563083,"pending":10,"pos":[44.55,1.26],"reconciles":16820,"server_tick":50619,"snaps":16846,"teleports":17}
[client] {"a":6,"dup":false,"ev":"game","ms":877121,"predicted":false,"t":-1,"tick":50744,"type":"respawn"}
[client] {"a":2,"dup":false,"ev":"game","ms":879627,"predicted":false,"t":7,"tick":50894,"type":"hit"}
[client] {"counts":{"blocks_on_me":18,"conf_actions":568,"confirmed_hits":1886,"dup_confirmed":70,"hits_on_me":242,"pred_actions":646,"predicted_confirmed":186,"predicted_hits":541,"reconnects":0},"ev":"stats","hp":0.0,"in_bytes":11529794,"late":0,"local_entity":5,"match":{"countdown_until":29399,"ctrl":0,"final":false,"next":"B","phase":3,"rot":79,"scores":[27,28],"sd":false,"state":2,"tick":21521,"zone":"C"},"max_err":2.215,"mean_err":0.0156,"ms":879956,"out_bytes":2577783,"pending":10,"pos":[44.55,1.26],"reconciles":16920,"server_tick":50919,"snaps":16946,"teleports":17}
[client] {"a":3,"dup":false,"ev":"game","ms":881089,"predicted":false,"t":9,"tick":50982,"type":"hit"}
[client] {"a":3,"dup":false,"ev":"game","ms":881344,"predicted":false,"t":9,"tick":50997,"type":"hit"}
[client] {"a":-1,"dup":false,"ev":"game","ms":881359,"predicted":false,"t":-1,"tick":50998,"type":"zone_rotated"}
[client] {"a":9,"dup":false,"ev":"game","ms":882179,"predicted":false,"t":3,"tick":51048,"type":"hit"}
[client] {"a":8,"dup":false,"ev":"game","ms":882393,"predicted":false,"t":3,"tick":51061,"type":"hit"}
[client] {"a":5,"dup":false,"ev":"game","ms":884043,"predicted":false,"t":-1,"tick":51165,"type":"respawn"}
[client] {"counts":{"blocks_on_me":18,"conf_actions":568,"confirmed_hits":1890,"dup_confirmed":70,"hits_on_me":242,"pred_actions":646,"predicted_confirmed":186,"predicted_hits":541,"reconnects":0},"ev":"stats","hp":260.0,"in_bytes":11591822,"late":0,"local_entity":5,"match":{"countdown_until":29399,"ctrl":-1,"final":false,"next":"","phase":3,"rot":3379,"scores":[29,28],"sd":false,"state":3,"tick":21821,"zone":"B"},"max_err":2.215,"mean_err":0.0155,"ms":884959,"out_bytes":2592483,"pending":7,"pos":[-4.6,43.05],"reconciles":17020,"server_tick":51219,"snaps":17046,"teleports":18}
[client] {"a":2,"dup":false,"ev":"game","ms":887196,"predicted":false,"t":8,"tick":51349,"type":"hit"}
[client] {"a":1,"dup":false,"ev":"game","ms":887210,"predicted":false,"t":6,"tick":51350,"type":"hit"}
[client] {"a":4,"dup":false,"ev":"game","ms":887244,"predicted":false,"t":8,"tick":51352,"type":"hit"}
[client] {"a":1,"dup":false,"ev":"game","ms":887631,"predicted":false,"t":6,"tick":51375,"type":"hit"}
[client] {"a":2,"dup":false,"ev":"game","ms":887714,"predicted":false,"t":8,"tick":51380,"type":"hit"}
[client] {"a":4,"dup":false,"ev":"game","ms":888175,"predicted":false,"t":8,"tick":51408,"type":"block"}
[client] {"a":6,"dup":false,"ev":"game","ms":888224,"predicted":false,"t":1,"tick":51411,"type":"hit"}
[client] {"a":4,"dup":false,"ev":"game","ms":888376,"predicted":false,"t":8,"tick":51420,"type":"block"}
[client] {"a":8,"dup":false,"ev":"game","ms":888720,"predicted":false,"t":2,"tick":51440,"type":"hit"}
[client] {"a":8,"dup":false,"ev":"game","ms":888721,"predicted":false,"t":4,"tick":51440,"type":"hit"}
[client] {"a":4,"dup":false,"ev":"game","ms":889141,"predicted":false,"t":8,"tick":51465,"type":"hit"}
[client] {"a":6,"dup":false,"ev":"game","ms":889176,"predicted":false,"t":0,"tick":51467,"type":"hit"}
[client] {"a":6,"dup":false,"ev":"game","ms":889224,"predicted":false,"t":1,"tick":51470,"type":"hit"}
[client] {"a":6,"dup":false,"ev":"game","ms":889494,"predicted":false,"t":0,"tick":51486,"type":"hit"}
[client] {"a":6,"dup":false,"ev":"game","ms":889542,"predicted":false,"t":1,"tick":51489,"type":"hit"}
[client] {"a":0,"dup":false,"ev":"game","ms":889895,"predicted":false,"t":6,"tick":51510,"type":"hit"}
[client] {"counts":{"blocks_on_me":18,"conf_actions":568,"confirmed_hits":1904,"dup_confirmed":71,"hits_on_me":242,"pred_actions":646,"predicted_confirmed":186,"predicted_hits":541,"reconnects":0},"ev":"stats","hp":260.0,"in_bytes":11660646,"late":0,"local_entity":5,"match":{"countdown_until":29399,"ctrl":-1,"final":false,"next":"","phase":3,"rot":3079,"scores":[29,28],"sd":false,"state":3,"tick":22121,"zone":"B"},"max_err":2.215,"mean_err":0.0155,"ms":889954,"out_bytes":2607183,"pending":10,"pos":[-2.55,9.45],"reconciles":17119,"server_tick":51519,"snaps":17146,"teleports":18}
[client] {"a":8,"dup":false,"ev":"game","ms":890321,"predicted":false,"t":4,"tick":51536,"type":"hit"}
[client] {"a":6,"dup":false,"ev":"game","ms":890473,"predicted":false,"t":0,"tick":51545,"type":"hit"}
[client] {"a":6,"dup":false,"ev":"game","ms":890894,"predicted":false,"t":0,"tick":51570,"type":"hit"}
[client] {"a":6,"dup":false,"ev":"game","ms":890942,"predicted":false,"t":1,"tick":51573,"type":"hit"}
[client] {"a":4,"dup":false,"ev":"game","ms":891073,"predicted":false,"t":8,"tick":51581,"type":"hit"}
[client] {"a":6,"dup":false,"ev":"game","ms":891205,"predicted":false,"t":0,"tick":51589,"type":"hit"}
[client] {"a":1,"dup":false,"ev":"game","ms":891308,"predicted":false,"t":6,"tick":51595,"type":"hit"}
[client] {"a":4,"dup":false,"ev":"game","ms":891543,"predicted":false,"t":8,"tick":51609,"type":"block"}
[client] {"a":6,"dup":false,"ev":"game","ms":891695,"predicted":false,"t":1,"tick":51618,"type":"hit"}
[client] {"a":0,"dup":false,"ev":"game","ms":891908,"predicted":false,"t":6,"tick":51631,"type":"hit"}
[client] {"a":0,"dup":false,"ev":"game","ms":892274,"predicted":false,"t":6,"tick":51653,"type":"hit"}
[client] {"a":8,"dup":false,"ev":"game","ms":892426,"predicted":false,"t":4,"tick":51662,"type":"hit"}
[client] {"a":0,"dup":false,"ev":"game","ms":893074,"predicted":false,"t":5,"tick":51701,"type":"hit"}
[client] {"a":8,"dup":false,"ev":"game","ms":893429,"predicted":false,"t":1,"tick":51722,"type":"hit"}
[client] {"a":0,"dup":false,"ev":"game","ms":893475,"predicted":false,"t":5,"tick":51725,"type":"parry"}
[client] {"a":6,"dup":false,"ev":"game","ms":893792,"predicted":false,"t":0,"tick":51744,"type":"hit"}
[client] {"a":1,"dup":false,"ev":"game","ms":893875,"predicted":false,"t":5,"tick":51749,"type":"hit"}
[client] {"a":6,"dup":false,"ev":"game","ms":894125,"predicted":false,"t":1,"tick":51764,"type":"hit"}
[client] {"a":8,"dup":false,"ev":"game","ms":894711,"predicted":false,"t":4,"tick":51799,"type":"hit"}
[client] {"a":6,"dup":false,"ev":"game","ms":894744,"predicted":false,"t":1,"tick":51801,"type":"hit"}
[client] {"counts":{"blocks_on_me":18,"conf_actions":576,"confirmed_hits":1922,"dup_confirmed":72,"hits_on_me":244,"pred_actions":654,"predicted_confirmed":186,"predicted_hits":544,"reconnects":0},"ev":"stats","hp":224.0,"in_bytes":11734268,"late":0,"local_entity":5,"match":{"countdown_until":29399,"ctrl":-1,"final":false,"next":"","phase":3,"rot":2779,"scores":[29,28],"sd":false,"state":3,"tick":22421,"zone":"B"},"max_err":2.215,"mean_err":0.0155,"ms":894957,"out_bytes":2621883,"pending":10,"pos":[0.97,-2.86],"reconciles":17219,"server_tick":51819,"snaps":17246,"teleports":18}
[client] {"a":8,"dup":false,"ev":"game","ms":895615,"predicted":false,"t":1,"tick":51853,"type":"hit"}
[client] {"a":9,"dup":false,"ev":"game","ms":896063,"predicted":false,"t":0,"tick":51880,"type":"hit"}
[client] {"a":8,"dup":false,"ev":"game","ms":896097,"predicted":false,"t":1,"tick":51882,"type":"hit"}
[client] {"a":4,"dup":false,"ev":"game","ms":896241,"predicted":false,"t":5,"tick":51891,"type":"hit"}
[client] {"a":8,"dup":false,"ev":"game","ms":896560,"predicted":false,"t":1,"tick":51910,"type":"hit"}
[client] {"a":4,"dup":false,"ev":"game","ms":896697,"predicted":false,"t":5,"tick":51918,"type":"hit"}
[client] {"a":8,"dup":false,"ev":"game","ms":896816,"predicted":false,"t":1,"tick":51925,"type":"hit"}
[client] {"a":4,"dup":false,"ev":"game","ms":897298,"predicted":false,"t":5,"tick":51954,"type":"hit"}
[client] {"a":6,"dup":false,"ev":"game","ms":897429,"predicted":false,"t":4,"tick":51962,"type":"hit"}
[client] {"a":7,"dup":false,"ev":"game","ms":897546,"predicted":false,"t":1,"tick":51969,"type":"hit"}
[client] {"a":8,"dup":false,"ev":"game","ms":897628,"predicted":false,"t":1,"tick":51974,"type":"hit"}
[client] {"a":0,"dup":false,"ev":"game","ms":897864,"predicted":false,"t":6,"tick":51988,"type":"hit"}
[client] {"a":8,"dup":false,"ev":"game","ms":898125,"predicted":false,"t":1,"tick":52004,"type":"hit"}
[client] {"a":1,"dup":false,"ev":"game","ms":898125,"predicted":false,"t":-1,"tick":52004,"type":"ko"}
[client] {"a":0,"dup":false,"ev":"game","ms":898216,"predicted":false,"t":6,"tick":52009,"type":"hit"}
[client] {"a":0,"dup":false,"ev":"game","ms":898498,"predicted":false,"t":5,"tick":52026,"type":"hit"}
[client] {"a":5,"dup":true,"ev":"game","ms":899098,"predicted":false,"t":0,"tick":52067,"type":"hit"}
[client] {"a":0,"dup":false,"ev":"game","ms":899181,"predicted":false,"t":-1,"tick":52067,"type":"ko"}
[client] {"a":3,"dup":false,"ev":"game","ms":899195,"predicted":false,"t":9,"tick":52068,"type":"hit"}
[client] {"a":4,"dup":false,"ev":"game","ms":899616,"predicted":false,"t":8,"tick":52093,"type":"hit"}
[client] {"counts":{"blocks_on_me":18,"conf_actions":584,"confirmed_hits":1940,"dup_confirmed":73,"hits_on_me":248,"pred_actions":662,"predicted_confirmed":187,"predicted_hits":551,"reconnects":0},"ev":"stats","hp":152.0,"in_bytes":11808216,"late":0,"local_entity":5,"match":{"countdown_until":29399,"ctrl":-1,"final":false,"next":"","phase":3,"rot":2479,"scores":[29,28],"sd":false,"state":3,"tick":22721,"zone":"B"},"max_err":2.215,"mean_err":0.0157,"ms":899953,"out_bytes":2636583,"pending":10,"pos":[0.53,-2.92],"reconciles":17319,"server_tick":52119,"snaps":17346,"teleports":18}
[client] {"a":8,"dup":false,"ev":"game","ms":899988,"predicted":false,"t":4,"tick":52116,"type":"hit"}
[client] {"a":8,"dup":false,"ev":"game","ms":900506,"predicted":false,"t":4,"tick":52147,"type":"block"}
[client] {"a":2,"dup":false,"ev":"game","ms":900789,"predicted":false,"t":8,"tick":52164,"type":"hit"}
[client] {"a":9,"dup":false,"ev":"game","ms":900940,"predicted":false,"t":3,"tick":52173,"type":"hit"}
[client] {"a":3,"dup":false,"ev":"game","ms":901737,"predicted":false,"t":9,"tick":52221,"type":"hit"}
[client] {"a":7,"dup":false,"ev":"game","ms":902020,"predicted":false,"t":3,"tick":52238,"type":"hit"}
[client] {"a":7,"dup":false,"ev":"game","ms":902903,"predicted":false,"t":3,"tick":52291,"type":"hit"}
[client] {"a":8,"dup":false,"ev":"game","ms":902954,"predicted":false,"t":2,"tick":52294,"type":"hit"}
[client] {"a":9,"dup":false,"ev":"game","ms":904020,"predicted":false,"t":2,"tick":52358,"type":"block"}
[client] {"a":9,"dup":false,"ev":"game","ms":904621,"predicted":false,"t":2,"tick":52394,"type":"block"}
[client] {"a":8,"dup":false,"ev":"game","ms":904890,"predicted":false,"t":2,"tick":52410,"type":"hit"}
[client] {"counts":{"blocks_on_me":18,"conf_actions":584,"confirmed_hits":1948,"dup_confirmed":73,"hits_on_me":248,"pred_actions":662,"predicted_confirmed":187,"predicted_hits":551,"reconnects":0},"ev":"stats","hp":152.0,"in_bytes":11868692,"late":0,"local_entity":5,"match":{"countdown_until":29399,"ctrl":-1,"final":false,"next":"","phase":3,"rot":2179,"scores":[29,28],"sd":false,"state":3,"tick":23021,"zone":"B"},"max_err":2.215,"mean_err":0.0157,"ms":904951,"out_bytes":2651283,"pending":10,"pos":[0.57,-2.94],"reconciles":17419,"server_tick":52418,"snaps":17446,"teleports":18}
[client] {"a":9,"dup":false,"ev":"game","ms":905256,"predicted":false,"t":2,"tick":52432,"type":"hit"}
[client] {"a":8,"dup":false,"ev":"game","ms":905386,"predicted":false,"t":2,"tick":52440,"type":"hit"}
[client] {"a":8,"dup":false,"ev":"game","ms":905835,"predicted":false,"t":2,"tick":52467,"type":"hit"}
[client] {"a":8,"dup":false,"ev":"game","ms":906070,"predicted":false,"t":2,"tick":52481,"type":"hit"}
[client] {"a":9,"dup":false,"ev":"game","ms":906457,"predicted":false,"t":2,"tick":52504,"type":"hit"}
[client] {"a":1,"dup":false,"ev":"game","ms":908126,"predicted":false,"t":-1,"tick":52604,"type":"respawn"}
[client] {"a":0,"dup":false,"ev":"game","ms":909175,"predicted":false,"t":-1,"tick":52667,"type":"respawn"}
[client] {"counts":{"blocks_on_me":18,"conf_actions":584,"confirmed_hits":1953,"dup_confirmed":73,"hits_on_me":248,"pred_actions":662,"predicted_confirmed":187,"predicted_hits":551,"reconnects":0},"ev":"stats","hp":239.000000000003,"in_bytes":11929943,"late":0,"local_entity":5,"match":{"countdown_until":29399,"ctrl":1,"final":false,"next":"","phase":3,"rot":1879,"scores":[29,30],"sd":false,"state":2,"tick":23321,"zone":"B"},"max_err":2.215,"mean_err":0.0156,"ms":909953,"out_bytes":2665983,"pending":10,"pos":[0.57,-2.94],"reconciles":17519,"server_tick":52718,"snaps":17546,"teleports":18}
[client] {"a":4,"dup":false,"ev":"game","ms":911376,"predicted":false,"t":7,"tick":52799,"type":"hit"}
[client] {"a":4,"dup":false,"ev":"game","ms":911845,"predicted":false,"t":7,"tick":52828,"type":"block"}
[client] {"a":9,"dup":false,"ev":"game","ms":913529,"predicted":false,"t":4,"tick":52929,"type":"hit"}
[client] {"a":1,"dup":false,"ev":"game","ms":913861,"predicted":false,"t":8,"tick":52949,"type":"hit"}
[client] {"a":4,"dup":false,"ev":"game","ms":914308,"predicted":false,"t":7,"tick":52976,"type":"block"}
[client] {"a":3,"dup":false,"ev":"game","ms":914495,"predicted":false,"t":7,"tick":52987,"type":"block"}
[client] {"a":3,"dup":false,"ev":"game","ms":914744,"predicted":false,"t":7,"tick":53002,"type":"hit"}
[client] {"a":4,"dup":false,"ev":"game","ms":914847,"predicted":false,"t":7,"tick":53008,"type":"hit"}
[client] {"counts":{"blocks_on_me":18,"conf_actions":584,"confirmed_hits":1958,"dup_confirmed":73,"hits_on_me":248,"pred_actions":662,"predicted_confirmed":187,"predicted_hits":551,"reconnects":0},"ev":"stats","hp":260.0,"in_bytes":11996356,"late":0,"local_entity":5,"match":{"countdown_until":29399,"ctrl":1,"final":false,"next":"","phase":3,"rot":1579,"scores":[29,35],"sd":false,"state":2,"tick":23621,"zone":"B"},"max_err":2.215,"mean_err":0.0155,"ms":914956,"out_bytes":2680683,"pending":7,"pos":[0.57,-2.94],"reconciles":17620,"server_tick":53019,"snaps":17646,"teleports":18}
[client] {"a":4,"dup":false,"ev":"game","ms":915026,"predicted":false,"t":7,"tick":53019,"type":"hit"}
[client] {"a":1,"dup":false,"ev":"game","ms":915344,"predicted":false,"t":9,"tick":53038,"type":"hit"}
[client] {"a":4,"dup":false,"ev":"game","ms":915647,"predicted":false,"t":7,"tick":53056,"type":"hit"}
[client] {"a":0,"dup":false,"ev":"game","ms":916504,"predicted":false,"t":5,"tick":53107,"type":"parry"}
[client] {"a":6,"dup":false,"ev":"game","ms":916523,"predicted":false,"t":0,"tick":53108,"type":"hit"}
[client] {"a":0,"dup":false,"ev":"game","ms":917089,"predicted":false,"t":5,"tick":53142,"type":"hit"}
[client] {"a":5,"dup":true,"ev":"game","ms":917704,"predicted":false,"t":1,"tick":53184,"type":"hit"}
[client] {"a":6,"dup":false,"ev":"game","ms":917904,"predicted":false,"t":0,"tick":53191,"type":"hit"}
[client] {"a":6,"dup":false,"ev":"game","ms":917938,"predicted":false,"t":1,"tick":53193,"type":"hit"}
[client] {"a":0,"dup":false,"ev":"game","ms":918504,"predicted":false,"t":9,"tick":53227,"type":"hit"}
[client] {"a":0,"dup":false,"ev":"game","ms":919905,"predicted":false,"t":6,"tick":53311,"type":"hit"}
[client] {"counts":{"blocks_on_me":18,"conf_actions":589,"confirmed_hits":1968,"dup_confirmed":74,"hits_on_me":249,"pred_actions":669,"predicted_confirmed":188,"predicted_hits":554,"reconnects":0},"ev":"stats","hp":222.0,"in_bytes":12069678,"late":0,"local_entity":5,"match":{"countdown_until":29399,"ctrl":-1,"final":false,"next":"","phase":3,"rot":1279,"scores":[29,36],"sd":false,"state":3,"tick":23921,"zone":"B"},"max_err":2.215,"mean_err":0.0156,"ms":919958,"out_bytes":2695383,"pending":10,"pos":[0.27,-2.98],"reconciles":17719,"server_tick":53319,"snaps":17746,"teleports":18}
[client] {"a":3,"dup":false,"ev":"game","ms":919973,"predicted":false,"t":5,"tick":53315,"type":"hit"}
[client] {"a":9,"dup":false,"ev":"game","ms":920173,"predicted":false,"t":0,"tick":53327,"type":"hit"}
[client] {"a":6,"dup":false,"ev":"game","ms":920325,"predicted":false,"t":0,"tick":53336,"type":"hit"}
[client] {"a":6,"dup":false,"ev":"game","ms":920361,"predicted":false,"t":4,"tick":53338,"type":"hit"}
[client] {"a":3,"dup":false,"ev":"game","ms":920422,"predicted":false,"t":5,"tick":53342,"type":"hit"}
[client] {"a":2,"dup":false,"ev":"game","ms":920609,"predicted":false,"t":5,"tick":53353,"type":"hit"}
[client] {"a":3,"dup":false,"ev":"game","ms":920925,"predicted":false,"t":5,"tick":53372,"type":"hit"}
[client] {"a":1,"dup":false,"ev":"game","ms":921270,"predicted":false,"t":6,"tick":53393,"type":"hit"}
[client] {"a":1,"dup":false,"ev":"game","ms":921305,"predicted":false,"t":9,"tick":53395,"type":"hit"}
[client] {"a":5,"dup":false,"ev":"game","ms":921389,"predicted":false,"t":2,"tick":53405,"type":"block"}
[client] {"a":3,"dup":false,"ev":"game","ms":921774,"predicted":false,"t":5,"tick":53423,"type":"hit"}
[client] {"a":6,"dup":false,"ev":"game","ms":921906,"predicted":false,"t":2,"tick":53431,"type":"hit"}
[client] {"a":9,"dup":false,"ev":"game","ms":922044,"predicted":false,"t":2,"tick":53439,"type":"hit"}
[client] {"a":5,"dup":true,"ev":"game","ms":922244,"predicted":false,"t":2,"tick":53457,"type":"hit"}
[client] {"a":6,"dup":false,"ev":"game","ms":922306,"predicted":false,"t":2,"tick":53455,"type":"hit"}
[client] {"a":9,"dup":false,"ev":"game","ms":922506,"predicted":false,"t":2,"tick":53467,"type":"hit"}
[client] {"a":3,"dup":false,"ev":"game","ms":922575,"predicted":false,"t":5,"tick":53471,"type":"hit"}
[client] {"a":1,"dup":false,"ev":"game","ms":922609,"predicted":false,"t":6,"tick":53473,"type":"hit"}
[client] {"a":9,"dup":false,"ev":"game","ms":922975,"predicted":false,"t":2,"tick":53495,"type":"hit"}
[client] {"a":2,"dup":false,"ev":"game","ms":922975,"predicted":false,"t":-1,"tick":53495,"type":"ko"}
[client] {"a":9,"dup":false,"ev":"game","ms":923010,"predicted":false,"t":0,"tick":53497,"type":"hit"}
[client] {"a":5,"dup":true,"ev":"game","ms":923161,"predicted":false,"t":1,"tick":53511,"type":"hit"}
[client] {"a":0,"dup":false,"ev":"game","ms":923362,"predicted":false,"t":5,"tick":53518,"type":"hit"}
[client] {"a":5,"dup":true,"ev":"game","ms":923589,"predicted":false,"t":0,"tick":53537,"type":"hit"}
[client] {"a":0,"dup":false,"ev":"game","ms":924023,"predicted":false,"t":5,"tick":53558,"type":"hit"}
[client] {"a":5,"dup":true,"ev":"game","ms":924246,"predicted":false,"t":0,"tick":53577,"type":"hit"}
[client] {"a":1,"dup":false,"ev":"game","ms":924845,"predicted":false,"t":5,"tick":53607,"type":"hit"}
[client] {"counts":{"blocks_on_me":18,"conf_actions":599,"confirmed_hits":1993,"dup_confirmed":76,"hits_on_me":258,"pred_actions":680,"predicted_confirmed":192,"predicted_hits":572,"reconnects":0},"ev":"stats","hp":57.0,"in_bytes":12146698,"late":0,"local_entity":5,"match":{"countdown_until":29399,"ctrl":-1,"final":false,"next":"","phase":3,"rot":979,"scores":[29,36],"sd":false,"state":3,"tick":24221,"zone":"B"},"max_err":2.215,"mean_err":0.0159,"ms":924961,"out_bytes":2710083,"pending":10,"pos":[-3.0,-1.65],"reconciles":17819,"server_tick":53619,"snaps":17846,"teleports":18}
[client] {"a":3,"dup":false,"ev":"game","ms":925045,"predicted":false,"t":8,"tick":53619,"type":"hit"}
[client] {"a":6,"dup":false,"ev":"game","ms":925411,"predicted":false,"t":1,"tick":53641,"type":"hit"}
[client] {"a":1,"dup":false,"ev":"game","ms":925728,"predicted":false,"t":5,"tick":53660,"type":"hit"}
[client] {"a":6,"dup":false,"ev":"game","ms":926011,"predicted":false,"t":0,"tick":53677,"type":"hit"}
[client] {"a":3,"dup":false,"ev":"game","ms":926445,"predicted":false,"t":8,"tick":53703,"type":"hit"}
[client] {"a":6,"dup":false,"ev":"game","ms":926590,"predicted":false,"t":1,"tick":53712,"type":"block"}
[client] {"a":0,"dup":false,"ev":"game","ms":926742,"predicted":false,"t":9,"tick":53721,"type":"block"}
[client] {"a":5,"dup":true,"ev":"game","ms":926963,"predicted":false,"t":1,"tick":53739,"type":"hit"}
[client] {"a":3,"dup":false,"ev":"game","ms":926977,"predicted":false,"t":8,"tick":53735,"type":"hit"}
[client] {"a":0,"dup":false,"ev":"game","ms":927046,"predicted":false,"t":9,"tick":53739,"type":"hit"}
[client] {"a":5,"dup":true,"ev":"game","ms":927280,"predicted":false,"t":1,"tick":53758,"type":"hit"}
[client] {"a":7,"dup":false,"ev":"game","ms":927309,"predicted":false,"t":3,"tick":53755,"type":"hit"}
[client] {"a":6,"dup":false,"ev":"game","ms":927446,"predicted":false,"t":1,"tick":53763,"type":"hit"}
[client] {"a":1,"dup":false,"ev":"game","ms":928180,"predicted":false,"t":6,"tick":53807,"type":"block"}
[client] {"a":6,"dup":false,"ev":"game","ms":928426,"predicted":false,"t":1,"tick":53822,"type":"hit"}
[client] {"a":1,"dup":false,"ev":"game","ms":928765,"predicted":false,"t":6,"tick":53842,"type":"hit"}
[client] {"a":5,"dup":false,"ev":"game","ms":928765,"predicted":false,"t":1,"tick":53848,"type":"hit"}
[client] {"a":5,"dup":true,"ev":"game","ms":929082,"predicted":false,"t":1,"tick":53867,"type":"hit"}
[client] {"a":6,"dup":false,"ev":"game","ms":929143,"predicted":false,"t":0,"tick":53865,"type":"hit"}
[client] {"a":7,"dup":false,"ev":"game","ms":929143,"predicted":false,"t":3,"tick":53865,"type":"hit"}
[client] {"counts":{"blocks_on_me":18,"conf_actions":609,"confirmed_hits":2010,"dup_confirmed":78,"hits_on_me":259,"pred_actions":690,"predicted_confirmed":195,"predicted_hits":581,"reconnects":0},"ev":"stats","hp":39.0,"in_bytes":12219365,"late":0,"local_entity":5,"match":{"countdown_until":29399,"ctrl":-1,"final":false,"next":"A","phase":3,"rot":679,"scores":[29,36],"sd":false,"state":3,"tick":24521,"zone":"B"},"max_err":2.215,"mean_err":0.0158,"ms":929963,"out_bytes":2724783,"pending":7,"pos":[0.41,-2.92],"reconciles":17920,"server_tick":53919,"snaps":17946,"teleports":18}
[client] {"a":6,"dup":false,"ev":"game","ms":930001,"predicted":false,"t":0,"tick":53917,"type":"hit"}
[client] {"a":0,"dup":false,"ev":"game","ms":930001,"predicted":false,"t":-1,"tick":53917,"type":"ko"}
[client] {"a":3,"dup":false,"ev":"game","ms":930070,"predicted":false,"t":7,"tick":53922,"type":"hit"}
[client] {"a":3,"dup":false,"ev":"game","ms":930332,"predicted":false,"t":7,"tick":53937,"type":"hit"}
[client] {"a":1,"dup":false,"ev":"game","ms":930450,"predicted":false,"t":5,"tick":53944,"type":"hit"}
[client] {"a":1,"dup":false,"ev":"game","ms":930471,"predicted":false,"t":6,"tick":53945,"type":"hit"}
[client] {"a":5,"dup":true,"ev":"game","ms":930698,"predicted":false,"t":1,"tick":53964,"type":"hit"}
[client] {"a":5,"dup":true,"ev":"game","ms":931017,"predicted":false,"t":1,"tick":53983,"type":"hit"}
[client] {"a":1,"dup":false,"ev":"game","ms":931098,"predicted":false,"t":-1,"tick":53983,"type":"ko"}
[client] {"a":4,"dup":false,"ev":"game","ms":932498,"predicted":false,"t":6,"tick":54067,"type":"hit"}
[client] {"a":5,"dup":true,"ev":"game","ms":932920,"predicted":false,"t":4,"tick":54097,"type":"hit"}
[client] {"a":2,"dup":false,"ev":"game","ms":932967,"predicted":false,"t":-1,"tick":54095,"type":"respawn"}
[client] {"a":6,"dup":false,"ev":"game","ms":934271,"predicted":false,"t":4,"tick":54173,"type":"hit"}
[client] {"a":9,"dup":false,"ev":"game","ms":934700,"predicted":false,"t":3,"tick":54199,"type":"hit"}
[client] {"counts":{"blocks_on_me":18,"conf_actions":616,"confirmed_hits":2021,"dup_confirmed":78,"hits_on_me":260,"pred_actions":697,"predicted_confirmed":198,"predicted_hits":591,"reconnects":0},"ev":"stats","hp":21.0,"in_bytes":12281792,"late":0,"local_entity":5,"match":{"countdown_until":29399,"ctrl":-1,"final":false,"next":"A","phase":3,"rot":379,"scores":[29,36],"sd":false,"state":3,"tick":24821,"zone":"B"},"max_err":2.215,"mean_err":0.0158,"ms":934953,"out_bytes":2739483,"pending":10,"pos":[-0.09,-2.76],"reconciles":18019,"server_tick":54218,"snaps":18046,"teleports":18}
[client] {"a":6,"dup":false,"ev":"game","ms":935320,"predicted":false,"t":4,"tick":54236,"type":"hit"}
[client] {"a":4,"dup":false,"ev":"game","ms":935720,"predicted":false,"t":6,"tick":54260,"type":"hit"}
[client] {"a":4,"dup":false,"ev":"game","ms":936190,"predicted":false,"t":6,"tick":54288,"type":"hit"}
[client] {"a":4,"dup":false,"ev":"game","ms":936204,"predicted":false,"t":5,"tick":54289,"type":"hit"}
[client] {"a":5,"dup":false,"ev":"game","ms":936356,"predicted":false,"t":-1,"tick":54303,"type":"ko"}
[client] {"a":4,"dup":false,"ev":"game","ms":936404,"predicted":false,"t":6,"tick":54301,"type":"hit"}
[client] {"a":4,"dup":false,"ev":"game","ms":936438,"predicted":false,"t":5,"tick":54303,"type":"hit"}
[client] {"a":4,"dup":false,"ev":"game","ms":936990,"predicted":false,"t":6,"tick":54336,"type":"hit"}
[client] {"a":6,"dup":false,"ev":"game","ms":937404,"predicted":false,"t":4,"tick":54361,"type":"hit"}
[client] {"a":4,"dup":false,"ev":"game","ms":939557,"predicted":false,"t":6,"tick":54490,"type":"hit"}
[client] {"a":6,"dup":false,"ev":"game","ms":939557,"predicted":false,"t":-1,"tick":54490,"type":"ko"}
[client] {"a":8,"dup":false,"ev":"game","ms":939902,"predicted":false,"t":4,"tick":54511,"type":"hit"}
[client] {"counts":{"blocks_on_me":18,"conf_actions":619,"confirmed_hits":2031,"dup_confirmed":78,"hits_on_me":262,"pred_actions":700,"predicted_confirmed":198,"predicted_hits":591,"reconnects":0},"ev":"stats","hp":0.0,"in_bytes":12342868,"late":0,"local_entity":5,"match":{"countdown_until":29399,"ctrl":-1,"final":false,"next":"A","phase":3,"rot":79,"scores":[29,36],"sd":false,"state":3,"tick":25121,"zone":"B"},"max_err":2.215,"mean_err":0.0158,"ms":939956,"out_bytes":2754183,"pending":10,"pos":[-0.23,-2.75],"reconciles":18119,"server_tick":54518,"snaps":18146,"teleports":18}
[client] {"a":0,"dup":false,"ev":"game","ms":940007,"predicted":false,"t":-1,"tick":54517,"type":"respawn"}
[client] {"a":1,"dup":false,"ev":"game","ms":941110,"predicted":false,"t":-1,"tick":54583,"type":"respawn"}
[client] {"a":-1,"dup":false,"ev":"game","ms":941358,"predicted":false,"t":-1,"tick":54598,"type":"zone_rotated"}
[client] {"a":0,"dup":false,"ev":"game","ms":944642,"predicted":false,"t":8,"tick":54795,"type":"hit"}
[client] {"a":9,"dup":false,"ev":"game","ms":944760,"predicted":false,"t":3,"tick":54802,"type":"hit"}
[client] {"counts":{"blocks_on_me":18,"conf_actions":619,"confirmed_hits":2033,"dup_confirmed":78,"hits_on_me":262,"pred_actions":700,"predicted_confirmed":198,"predicted_hits":591,"reconnects":0},"ev":"stats","hp":0.0,"in_bytes":12407228,"late":0,"local_entity":5,"match":{"countdown_until":29399,"ctrl":-1,"final":true,"next":"","phase":3,"rot":3379,"scores":[31,37],"sd":false,"state":1,"tick":25421,"zone":"A"},"max_err":2.215,"mean_err":0.0157,"ms":944958,"out_bytes":2768883,"pending":10,"pos":[-0.23,-2.75],"reconciles":18219,"server_tick":54819,"snaps":18246,"teleports":18}
[client] {"a":9,"dup":false,"ev":"game","ms":945022,"predicted":false,"t":3,"tick":54818,"type":"hit"}
[client] {"a":0,"dup":false,"ev":"game","ms":945077,"predicted":false,"t":8,"tick":54821,"type":"block"}
[client] {"a":0,"dup":false,"ev":"game","ms":945374,"predicted":false,"t":8,"tick":54839,"type":"block"}
[client] {"a":1,"dup":false,"ev":"game","ms":945395,"predicted":false,"t":8,"tick":54840,"type":"block"}
[client] {"a":3,"dup":false,"ev":"game","ms":945573,"predicted":false,"t":9,"tick":54851,"type":"hit"}
[client] {"a":3,"dup":false,"ev":"game","ms":946091,"predicted":false,"t":9,"tick":54882,"type":"block"}
[client] {"a":3,"dup":false,"ev":"game","ms":946326,"predicted":false,"t":9,"tick":54896,"type":"block"}
[client] {"a":5,"dup":false,"ev":"game","ms":946361,"predicted":false,"t":-1,"tick":54903,"type":"respawn"}
[client] {"a":8,"dup":false,"ev":"game","ms":946713,"predicted":false,"t":3,"tick":54919,"type":"hit"}
[client] {"a":8,"dup":false,"ev":"game","ms":946974,"predicted":false,"t":3,"tick":54935,"type":"hit"}
[client] {"a":0,"dup":false,"ev":"game","ms":946995,"predicted":false,"t":9,"tick":54936,"type":"hit"}
[client] {"a":0,"dup":false,"ev":"game","ms":947879,"predicted":false,"t":9,"tick":54989,"type":"hit"}
[client] {"a":9,"dup":false,"ev":"game","ms":947879,"predicted":false,"t":-1,"tick":54989,"type":"ko"}
[client] {"a":2,"dup":false,"ev":"game","ms":948444,"predicted":false,"t":7,"tick":55023,"type":"hit"}
[client] {"a":8,"dup":false,"ev":"game","ms":949079,"predicted":false,"t":0,"tick":55061,"type":"hit"}
[client] {"a":8,"dup":false,"ev":"game","ms":949079,"predicted":false,"t":1,"tick":55061,"type":"hit"}
[client] {"a":7,"dup":false,"ev":"game","ms":949175,"predicted":false,"t":2,"tick":55067,"type":"hit"}
[client] {"a":6,"dup":false,"ev":"game","ms":949562,"predicted":false,"t":-1,"tick":55090,"type":"respawn"}
[client] {"a":8,"dup":false,"ev":"game","ms":949831,"predicted":false,"t":0,"tick":55106,"type":"hit"}
[client] {"a":8,"dup":false,"ev":"game","ms":949879,"predicted":false,"t":1,"tick":55109,"type":"hit"}
[client] {"counts":{"blocks_on_me":18,"conf_actions":619,"confirmed_hits":2045,"dup_confirmed":78,"hits_on_me":262,"pred_actions":700,"predicted_confirmed":198,"predicted_hits":591,"reconnects":0},"ev":"stats","hp":260.0,"in_bytes":12474334,"late":0,"local_entity":5,"match":{"countdown_until":29399,"ctrl":-1,"final":true,"next":"","phase":3,"rot":3079,"scores":[31,37],"sd":false,"state":3,"tick":25721,"zone":"A"},"max_err":2.215,"mean_err":0.0156,"ms":949961,"out_bytes":2783583,"pending":10,"pos":[-0.64,25.07],"reconciles":18318,"server_tick":55119,"snaps":18346,"teleports":19}
[client] {"a":0,"dup":false,"ev":"game","ms":950245,"predicted":false,"t":8,"tick":55131,"type":"hit"}
[client] {"a":0,"dup":false,"ev":"game","ms":950563,"predicted":false,"t":8,"tick":55150,"type":"hit"}
[client] {"a":7,"dup":false,"ev":"game","ms":952060,"predicted":false,"t":2,"tick":55240,"type":"hit"}
[client] {"a":8,"dup":false,"ev":"game","ms":952115,"predicted":false,"t":1,"tick":55243,"type":"hit"}
[client] {"a":0,"dup":false,"ev":"game","ms":952260,"predicted":false,"t":8,"tick":55252,"type":"hit"}
[client] {"a":1,"dup":false,"ev":"game","ms":952453,"predicted":false,"t":8,"tick":55264,"type":"hit"}
[client] {"a":0,"dup":false,"ev":"game","ms":952654,"predicted":false,"t":8,"tick":55276,"type":"hit"}
[client] {"a":2,"dup":false,"ev":"game","ms":952840,"predicted":false,"t":7,"tick":55287,"type":"hit"}
[client] {"a":0,"dup":false,"ev":"game","ms":952991,"predicted":false,"t":8,"tick":55296,"type":"hit"}
[client] {"a":2,"dup":false,"ev":"game","ms":953440,"predicted":false,"t":7,"tick":55323,"type":"block"}
[client] {"counts":{"blocks_on_me":18,"conf_actions":619,"confirmed_hits":2054,"dup_confirmed":79,"hits_on_me":262,"pred_actions":700,"predicted_confirmed":198,"predicted_hits":591,"reconnects":0},"ev":"stats","hp":260.0,"in_bytes":12535559,"late":0,"local_entity":5,"match":{"countdown_until":29399,"ctrl":-1,"final":true,"next":"","phase":3,"rot":2779,"scores":[31,37],"sd":false,"state":3,"tick":26021,"zone":"A"},"max_err":2.215,"mean_err":0.0155,"ms":954957,"out_bytes":2798283,"pending":10,"pos":[-27.96,8.26],"reconciles":18418,"server_tick":55419,"snaps":18446,"teleports":19}
[client] {"a":2,"dup":false,"ev":"game","ms":955841,"predicted":false,"t":7,"tick":55467,"type":"hit"}
[client] {"a":4,"dup":false,"ev":"game","ms":956228,"predicted":false,"t":7,"tick":55490,"type":"hit"}
[client] {"a":2,"dup":false,"ev":"game","ms":956324,"predicted":false,"t":7,"tick":55496,"type":"hit"}
[client] {"a":4,"dup":false,"ev":"game","ms":956876,"predicted":false,"t":7,"tick":55529,"type":"hit"}
[client] {"a":2,"dup":false,"ev":"game","ms":956972,"predicted":false,"t":7,"tick":55535,"type":"hit"}
[client] {"a":4,"dup":false,"ev":"game","ms":957373,"predicted":false,"t":7,"tick":55560,"type":"hit"}
[client] {"a":2,"dup":false,"ev":"game","ms":957456,"predicted":false,"t":7,"tick":55565,"type":"hit"}
[client] {"a":4,"dup":false,"ev":"game","ms":957828,"predicted":false,"t":7,"tick":55587,"type":"hit"}
[client] {"a":9,"dup":false,"ev":"game","ms":957856,"predicted":false,"t":-1,"tick":55589,"type":"respawn"}
[client] {"a":2,"dup":false,"ev":"game","ms":958076,"predicted":false,"t":7,"tick":55601,"type":"hit"}
[client] {"counts":{"blocks_on_me":18,"conf_actions":619,"confirmed_hits":2063,"dup_confirmed":79,"hits_on_me":262,"pred_actions":700,"predicted_confirmed":198,"predicted_hits":591,"reconnects":0},"ev":"stats","hp":260.0,"in_bytes":12601429,"late":0,"local_entity":5,"match":{"countdown_until":29399,"ctrl":-1,"final":true,"next":"","phase":3,"rot":2479,"scores":[31,37],"sd":false,"state":3,"tick":26321,"zone":"A"},"max_err":2.215,"mean_err":0.0154,"ms":959952,"out_bytes":2812983,"pending":10,"pos":[-41.85,0.09],"reconciles":18518,"server_tick":55719,"snaps":18546,"teleports":19}
[client] {"a":6,"dup":false,"ev":"game","ms":960971,"predicted":false,"t":1,"tick":55775,"type":"hit"}
[client] {"a":5,"dup":true,"ev":"game","ms":961226,"predicted":false,"t":1,"tick":55795,"type":"hit"}
[client] {"a":6,"dup":false,"ev":"game","ms":961275,"predicted":false,"t":1,"tick":55793,"type":"hit"}
[client] {"a":6,"dup":false,"ev":"game","ms":961323,"predicted":false,"t":0,"tick":55796,"type":"hit"}
[client] {"a":6,"dup":false,"ev":"game","ms":961640,"predicted":false,"t":0,"tick":55815,"type":"hit"}
[client] {"a":3,"dup":false,"ev":"game","ms":962226,"predicted":false,"t":6,"tick":55850,"type":"hit"}
[client] {"a":5,"dup":true,"ev":"game","ms":962807,"predicted":false,"t":0,"tick":55890,"type":"hit"}
[client] {"a":5,"dup":false,"ev":"game","ms":962807,"predicted":false,"t":3,"tick":55890,"type":"hit"}
[client] {"a":0,"dup":false,"ev":"game","ms":963311,"predicted":false,"t":5,"tick":55915,"type":"hit"}
[client] {"a":1,"dup":false,"ev":"game","ms":963924,"predicted":false,"t":5,"tick":55952,"type":"hit"}
[client] {"a":0,"dup":false,"ev":"game","ms":963945,"predicted":false,"t":5,"tick":55953,"type":"hit"}
[client] {"a":5,"dup":true,"ev":"game","ms":964863,"predicted":false,"t":0,"tick":56014,"type":"hit"}
[client] {"counts":{"blocks_on_me":18,"conf_actions":627,"confirmed_hits":2075,"dup_confirmed":79,"hits_on_me":265,"pred_actions":709,"predicted_confirmed":201,"predicted_hits":596,"reconnects":0},"ev":"stats","hp":186.0,"in_bytes":12671919,"late":0,"local_entity":5,"match":{"countdown_until":29399,"ctrl":-1,"final":true,"next":"","phase":3,"rot":2179,"scores":[31,37],"sd":false,"state":3,"tick":26621,"zone":"A"},"max_err":2.215,"mean_err":0.0155,"ms":964959,"out_bytes":2827683,"pending":7,"pos":[-42.25,-0.48],"reconciles":18619,"server_tick":56019,"snaps":18646,"teleports":19}
[client] {"a":5,"dup":true,"ev":"game","ms":965193,"predicted":false,"t":0,"tick":56033,"type":"hit"}
[client] {"a":6,"dup":false,"ev":"game","ms":965525,"predicted":false,"t":1,"tick":56048,"type":"hit"}
[client] {"a":0,"dup":false,"ev":"game","ms":966325,"predicted":false,"t":5,"tick":56096,"type":"hit"}
[client] {"a":8,"dup":false,"ev":"game","ms":966394,"predicted":false,"t":1,"tick":56100,"type":"hit"}
[client] {"a":6,"dup":false,"ev":"game","ms":966428,"predicted":false,"t":3,"tick":56102,"type":"hit"}
[client] {"a":0,"dup":false,"ev":"game","ms":966761,"predicted":false,"t":5,"tick":56122,"type":"hit"}
[client] {"a":2,"dup":false,"ev":"game","ms":966877,"predicted":false,"t":7,"tick":56129,"type":"hit"}
[client] {"a":8,"dup":false,"ev":"game","ms":966877,"predicted":false,"t":1,"tick":56129,"type":"hit"}
[client] {"a":0,"dup":false,"ev":"game","ms":967077,"predicted":false,"t":5,"tick":56141,"type":"hit"}
[client] {"a":3,"dup":false,"ev":"game","ms":967077,"predicted":false,"t":8,"tick":56141,"type":"hit"}
[client] {"a":1,"dup":false,"ev":"game","ms":967244,"predicted":false,"t":8,"tick":56151,"type":"hit"}
[client] {"a":5,"dup":true,"ev":"game","ms":967464,"predicted":false,"t":3,"tick":56169,"type":"hit"}
[client] {"a":1,"dup":false,"ev":"game","ms":967560,"predicted":false,"t":8,"tick":56170,"type":"hit"}
[client] {"a":0,"dup":false,"ev":"game","ms":967760,"predicted":false,"t":6,"tick":56182,"type":"hit"}
[client] {"a":8,"dup":false,"ev":"game","ms":967974,"predicted":false,"t":3,"tick":56195,"type":"hit"}
[client] {"a":5,"dup":true,"ev":"game","ms":967974,"predicted":false,"t":3,"tick":56200,"type":"hit"}
[client] {"a":8,"dup":false,"ev":"game","ms":968443,"predicted":false,"t":3,"tick":56223,"type":"hit"}
[client] {"a":0,"dup":false,"ev":"game","ms":968478,"predicted":false,"t":5,"tick":56225,"type":"hit"}
[client] {"a":8,"dup":false,"ev":"game","ms":968713,"predicted":false,"t":3,"tick":56239,"type":"hit"}
[client] {"a":0,"dup":false,"ev":"game","ms":968809,"predicted":false,"t":5,"tick":56245,"type":"parry"}
[client] {"a":1,"dup":false,"ev":"game","ms":969230,"predicted":false,"t":5,"tick":56270,"type":"hit"}
[client] {"a":6,"dup":false,"ev":"game","ms":969576,"predicted":false,"t":0,"tick":56292,"type":"hit"}
[client] {"counts":{"blocks_on_me":18,"conf_actions":636,"confirmed_hits":2096,"dup_confirmed":80,"hits_on_me":270,"pred_actions":719,"predicted_confirmed":204,"predicted_hits":603,"reconnects":0},"ev":"stats","hp":76.0,"in_bytes":12749487,"late":0,"local_entity":5,"match":{"countdown_until":29399,"ctrl":-1,"final":true,"next":"","phase":3,"rot":1879,"scores":[31,37],"sd":false,"state":3,"tick":26921,"zone":"A"},"max_err":2.215,"mean_err":0.0157,"ms":969960,"out_bytes":2842383,"pending":7,"pos":[-40.06,0.8],"reconciles":18719,"server_tick":56319,"snaps":18746,"teleports":19}
[client] {"a":1,"dup":false,"ev":"game","ms":970327,"predicted":false,"t":6,"tick":56337,"type":"hit"}
[client] {"a":6,"dup":false,"ev":"game","ms":970693,"predicted":false,"t":1,"tick":56359,"type":"hit"}
[client] {"a":5,"dup":true,"ev":"game","ms":970727,"predicted":false,"t":1,"tick":56366,"type":"hit"}
[client] {"a":9,"dup":false,"ev":"game","ms":970831,"predicted":false,"t":1,"tick":56367,"type":"hit"}
[client] {"a":1,"dup":false,"ev":"game","ms":970831,"predicted":false,"t":-1,"tick":56367,"type":"ko"}
[client] {"a":0,"dup":false,"ev":"game","ms":971466,"predicted":false,"t":6,"tick":56405,"type":"hit"}
[client] {"a":5,"dup":true,"ev":"game","ms":971832,"predicted":false,"t":0,"tick":56432,"type":"hit"}
[client] {"a":6,"dup":false,"ev":"game","ms":972129,"predicted":false,"t":0,"tick":56445,"type":"hit"}
[client] {"a":4,"dup":false,"ev":"game","ms":972909,"predicted":false,"t":9,"tick":56491,"type":"hit"}
[client] {"a":4,"dup":false,"ev":"game","ms":973122,"predicted":false,"t":8,"tick":56504,"type":"hit"}
[client] {"a":4,"dup":false,"ev":"game","ms":973143,"predicted":false,"t":9,"tick":56505,"type":"hit"}
[client] {"a":0,"dup":false,"ev":"game","ms":973321,"predicted":false,"t":5,"tick":56516,"type":"hit"}
[client] {"a":0,"dup":false,"ev":"game","ms":973322,"predicted":false,"t":6,"tick":56516,"type":"hit"}
[client] {"a":8,"dup":false,"ev":"game","ms":973674,"predicted":false,"t":4,"tick":56537,"type":"hit"}
[client] {"a":9,"dup":false,"ev":"game","ms":973687,"predicted":false,"t":4,"tick":56538,"type":"hit"}
[client] {"a":9,"dup":false,"ev":"game","ms":974191,"predicted":false,"t":4,"tick":56568,"type":"block"}
[client] {"a":6,"dup":false,"ev":"game","ms":974288,"predicted":false,"t":0,"tick":56574,"type":"hit"}
[client] {"a":0,"dup":false,"ev":"game","ms":974288,"predicted":false,"t":-1,"tick":56574,"type":"ko"}
[client] {"a":9,"dup":false,"ev":"game","ms":974391,"predicted":false,"t":4,"tick":56580,"type":"hit"}
[client] {"counts":{"blocks_on_me":18,"conf_actions":642,"confirmed_hits":2112,"dup_confirmed":80,"hits_on_me":271,"pred_actions":727,"predicted_confirmed":206,"predicted_hits":607,"reconnects":0},"ev":"stats","hp":38.0,"in_bytes":12817456,"late":0,"local_entity":5,"match":{"countdown_until":29399,"ctrl":-1,"final":true,"next":"","phase":3,"rot":1579,"scores":[31,37],"sd":false,"state":3,"tick":27221,"zone":"A"},"max_err":2.215,"mean_err":0.0157,"ms":974956,"out_bytes":2857083,"pending":10,"pos":[-39.09,-0.47],"reconciles":18818,"server_tick":56619,"snaps":18846,"teleports":19}
[client] {"a":9,"dup":false,"ev":"game","ms":975475,"predicted":false,"t":4,"tick":56645,"type":"hit"}
[client] {"a":5,"dup":false,"ev":"game","ms":976040,"predicted":false,"t":4,"tick":56684,"type":"block"}
[client] {"a":4,"dup":false,"ev":"game","ms":976959,"predicted":false,"t":5,"tick":56734,"type":"hit"}
[client] {"a":4,"dup":false,"ev":"game","ms":976959,"predicted":false,"t":9,"tick":56734,"type":"hit"}
[client] {"a":9,"dup":false,"ev":"game","ms":977344,"predicted":false,"t":4,"tick":56757,"type":"block"}
[client] {"a":5,"dup":false,"ev":"game","ms":977379,"predicted":false,"t":4,"tick":56764,"type":"block"}
[client] {"a":5,"dup":false,"ev":"game","ms":977698,"predicted":false,"t":4,"tick":56783,"type":"block"}
[client] {"a":5,"dup":true,"ev":"game","ms":978464,"predicted":false,"t":4,"tick":56830,"type":"hit"}
[client] {"a":4,"dup":false,"ev":"game","ms":979098,"predicted":false,"t":5,"tick":56862,"type":"hit"}
[client] {"a":7,"dup":false,"ev":"game","ms":979228,"predicted":false,"t":2,"tick":56870,"type":"hit"}
[client] {"a":5,"dup":true,"ev":"game","ms":979345,"predicted":false,"t":4,"tick":56882,"type":"hit"}
[client] {"a":3,"dup":false,"ev":"game","ms":979525,"predicted":false,"t":9,"tick":56888,"type":"hit"}
[client] {"a":7,"dup":false,"ev":"game","ms":979761,"predicted":false,"t":2,"tick":56902,"type":"block"}
[client] {"counts":{"blocks_on_me":18,"conf_actions":652,"confirmed_hits":2120,"dup_confirmed":81,"hits_on_me":273,"pred_actions":736,"predicted_confirmed":208,"predicted_hits":620,"reconnects":0},"ev":"stats","hp":2.0,"in_bytes":12887168,"late":0,"local_entity":5,"match":{"countdown_until":29399,"ctrl":-1,"final":true,"next":"","phase":3,"rot":1279,"scores":[31,37],"sd":false,"state":3,"tick":27521,"zone":"A"},"max_err":2.215,"mean_err":0.0158,"ms":979958,"out_bytes":2871783,"pending":10,"pos":[-38.9,0.48],"reconciles":18918,"server_tick":56919,"snaps":18946,"teleports":19}
[client] {"a":4,"dup":false,"ev":"game","ms":980028,"predicted":false,"t":9,"tick":56918,"type":"hit"}
[client] {"a":5,"dup":false,"ev":"game","ms":980677,"predicted":false,"t":-1,"tick":56962,"type":"ko"}
[client] {"a":3,"dup":false,"ev":"game","ms":980760,"predicted":false,"t":5,"tick":56962,"type":"hit"}
[client] {"a":1,"dup":false,"ev":"game","ms":980843,"predicted":false,"t":-1,"tick":56967,"type":"respawn"}
[client] {"a":9,"dup":false,"ev":"game","ms":980877,"predicted":false,"t":4,"tick":56969,"type":"hit"}
[client] {"a":2,"dup":false,"ev":"game","ms":981409,"predicted":false,"t":7,"tick":57001,"type":"hit"}
[client] {"a":4,"dup":false,"ev":"game","ms":981512,"predicted":false,"t":6,"tick":57007,"type":"hit"}
[client] {"a":8,"dup":false,"ev":"game","ms":981698,"predicted":false,"t":2,"tick":57018,"type":"hit"}
[client] {"a":6,"dup":false,"ev":"game","ms":981877,"predicted":false,"t":4,"tick":57029,"type":"hit"}
[client] {"a":9,"dup":false,"ev":"game","ms":982258,"predicted":false,"t":4,"tick":57052,"type":"hit"}
[client] {"a":6,"dup":false,"ev":"game","ms":982623,"predicted":false,"t":4,"tick":57074,"type":"hit"}
[client] {"a":2,"dup":false,"ev":"game","ms":983403,"predicted":false,"t":8,"tick":57121,"type":"hit"}
[client] {"a":2,"dup":false,"ev":"game","ms":983437,"predicted":false,"t":7,"tick":57123,"type":"hit"}
[client] {"a":2,"dup":false,"ev":"game","ms":983920,"predicted":false,"t":8,"tick":57152,"type":"block"}
[client] {"a":2,"dup":false,"ev":"game","ms":983975,"predicted":false,"t":7,"tick":57155,"type":"hit"}
[client] {"a":0,"dup":false,"ev":"game","ms":984292,"predicted":false,"t":-1,"tick":57174,"type":"respawn"}
[client] {"a":8,"dup":false,"ev":"game","ms":984858,"predicted":false,"t":2,"tick":57208,"type":"hit"}
[client] {"a":7,"dup":false,"ev":"game","ms":984893,"predicted":false,"t":2,"tick":57210,"type":"hit"}
[client] {"counts":{"blocks_on_me":18,"conf_actions":652,"confirmed_hits":2134,"dup_confirmed":81,"hits_on_me":274,"pred_actions":737,"predicted_confirmed":208,"predicted_hits":620,"reconnects":0},"ev":"stats","hp":0.0,"in_bytes":12950710,"late":0,"local_entity":5,"match":{"countdown_until":29399,"ctrl":-1,"final":true,"next":"","phase":3,"rot":979,"scores":[31,37],"sd":false,"state":3,"tick":27821,"zone":"A"},"max_err":2.215,"mean_err":0.0157,"ms":984954,"out_bytes":2886483,"pending":10,"pos":[-38.32,0.11],"reconciles":19018,"server_tick":57219,"snaps":19046,"teleports":19}
[client] {"a":8,"dup":false,"ev":"game","ms":985121,"predicted":false,"t":2,"tick":57224,"type":"block"}
[client] {"a":9,"dup":false,"ev":"game","ms":985411,"predicted":false,"t":3,"tick":57241,"type":"hit"}
[client] {"a":7,"dup":false,"ev":"game","ms":985459,"predicted":false,"t":2,"tick":57244,"type":"block"}
[client] {"a":2,"dup":false,"ev":"game","ms":986038,"predicted":false,"t":8,"tick":57279,"type":"hit"}
[client] {"a":2,"dup":false,"ev":"game","ms":986073,"predicted":false,"t":7,"tick":57281,"type":"hit"}
[client] {"a":7,"dup":false,"ev":"game","ms":986946,"predicted":false,"t":2,"tick":57333,"type":"hit"}
[client] {"a":9,"dup":false,"ev":"game","ms":987025,"predicted":false,"t":3,"tick":57338,"type":"hit"}
[client] {"a":7,"dup":false,"ev":"game","ms":987473,"predicted":false,"t":2,"tick":57365,"type":"block"}
[client] {"a":9,"dup":false,"ev":"game","ms":987577,"predicted":false,"t":3,"tick":57371,"type":"block"}
[client] {"a":7,"dup":false,"ev":"game","ms":987978,"predicted":false,"t":2,"tick":57395,"type":"block"}
[client] {"a":7,"dup":false,"ev":"game","ms":988591,"predicted":false,"t":2,"tick":57432,"type":"block"}
[client] {"a":7,"dup":false,"ev":"game","ms":989095,"predicted":false,"t":2,"tick":57462,"type":"hit"}
[client] {"a":3,"dup":false,"ev":"game","ms":989123,"predicted":false,"t":9,"tick":57464,"type":"hit"}
[client] {"a":9,"dup":false,"ev":"game","ms":989509,"predicted":false,"t":3,"tick":57487,"type":"hit"}
[client] {"a":7,"dup":false,"ev":"game","ms":989778,"predicted":false,"t":2,"tick":57503,"type":"hit"}
[client] {"counts":{"blocks_on_me":18,"conf_actions":652,"confirmed_hits":2143,"dup_confirmed":82,"hits_on_me":274,"pred_actions":737,"predicted_confirmed":208,"predicted_hits":620,"reconnects":0},"ev":"stats","hp":0.0,"in_bytes":13018064,"late":0,"local_entity":5,"match":{"countdown_until":29399,"ctrl":-1,"final":true,"next":"","phase":3,"rot":679,"scores":[31,37],"sd":false,"state":3,"tick":28121,"zone":"A"},"max_err":2.215,"mean_err":0.0156,"ms":989958,"out_bytes":2901183,"pending":10,"pos":[-38.32,0.11],"reconciles":19118,"server_tick":57519,"snaps":19146,"teleports":19}
[client] {"a":2,"dup":false,"ev":"game","ms":990179,"predicted":false,"t":7,"tick":57527,"type":"hit"}
[client] {"a":2,"dup":false,"ev":"game","ms":990676,"predicted":false,"t":7,"tick":57557,"type":"hit"}
[client] {"a":5,"dup":false,"ev":"game","ms":990676,"predicted":false,"t":-1,"tick":57562,"type":"respawn"}
[client] {"a":2,"dup":false,"ev":"game","ms":991234,"predicted":false,"t":7,"tick":57591,"type":"hit"}
[client] {"a":1,"dup":false,"ev":"game","ms":991738,"predicted":false,"t":9,"tick":57621,"type":"hit"}
[client] {"a":1,"dup":false,"ev":"game","ms":992056,"predicted":false,"t":9,"tick":57640,"type":"block"}
[client] {"a":0,"dup":false,"ev":"game","ms":994291,"predicted":false,"t":9,"tick":57774,"type":"hit"}
[client] {"a":1,"dup":false,"ev":"game","ms":994470,"predicted":false,"t":9,"tick":57785,"type":"hit"}
[client] {"counts":{"blocks_on_me":18,"conf_actions":652,"confirmed_hits":2149,"dup_confirmed":84,"hits_on_me":274,"pred_actions":737,"predicted_confirmed":208,"predicted_hits":620,"reconnects":0},"ev":"stats","hp":260.0,"in_bytes":13082168,"late":0,"local_entity":5,"match":{"countdown_until":29399,"ctrl":-1,"final":true,"next":"","phase":3,"rot":379,"scores":[31,39],"sd":false,"state":3,"tick":28421,"zone":"A"},"max_err":2.215,"mean_err":0.0155,"ms":994952,"out_bytes":2915883,"pending":10,"pos":[-2.09,20.74],"reconciles":19215,"server_tick":57819,"snaps":19244,"teleports":20}
[client] {"a":2,"dup":false,"ev":"game","ms":996022,"predicted":false,"t":8,"tick":57878,"type":"hit"}
[client] {"a":8,"dup":false,"ev":"game","ms":996375,"predicted":false,"t":2,"tick":57899,"type":"hit"}
[client] {"a":6,"dup":false,"ev":"game","ms":996507,"predicted":false,"t":0,"tick":57907,"type":"hit"}
[client] {"a":8,"dup":false,"ev":"game","ms":996637,"predicted":false,"t":2,"tick":57915,"type":"hit"}
[client] {"a":6,"dup":false,"ev":"game","ms":996811,"predicted":false,"t":0,"tick":57925,"type":"hit"}
[client] {"a":6,"dup":false,"ev":"game","ms":996858,"predicted":false,"t":1,"tick":57928,"type":"hit"}
[client] {"a":6,"dup":false,"ev":"game","ms":997141,"predicted":false,"t":0,"tick":57945,"type":"hit"}
[client] {"a":2,"dup":false,"ev":"game","ms":997213,"predicted":false,"t":8,"tick":57949,"type":"hit"}
[client] {"a":1,"dup":false,"ev":"game","ms":997294,"predicted":false,"t":6,"tick":57954,"type":"hit"}
[client] {"a":1,"dup":false,"ev":"game","ms":997638,"predicted":false,"t":6,"tick":57975,"type":"hit"}
[client] {"a":2,"dup":false,"ev":"game","ms":997775,"predicted":false,"t":8,"tick":57983,"type":"block"}
[client] {"a":6,"dup":false,"ev":"game","ms":998024,"predicted":false,"t":1,"tick":57998,"type":"hit"}
[client] {"a":0,"dup":false,"ev":"game","ms":998327,"predicted":false,"t":6,"tick":58016,"type":"hit"}
[client] {"a":1,"dup":false,"ev":"game","ms":998708,"predicted":false,"t":6,"tick":58039,"type":"hit"}
[client] {"a":6,"dup":false,"ev":"game","ms":999576,"predicted":false,"t":1,"tick":58091,"type":"hit"}
[client] {"a":1,"dup":false,"ev":"game","ms":999894,"predicted":false,"t":6,"tick":58110,"type":"hit"}
[client] {"a":0,"dup":false,"ev":"game","ms":999928,"predicted":false,"t":6,"tick":58112,"type":"hit"}
[client] {"a":6,"dup":false,"ev":"game","ms":999928,"predicted":false,"t":-1,"tick":58112,"type":"ko"}
[client] {"counts":{"blocks_on_me":18,"conf_actions":652,"confirmed_hits":2165,"dup_confirmed":84,"hits_on_me":274,"pred_actions":737,"predicted_confirmed":208,"predicted_hits":620,"reconnects":0},"ev":"stats","hp":260.0,"in_bytes":13151292,"late":0,"local_entity":5,"match":{"countdown_until":29399,"ctrl":0,"final":true,"next":"","phase":3,"rot":79,"scores":[31,39],"sd":false,"state":2,"tick":28721,"zone":"A"},"max_err":2.215,"mean_err":0.0154,"ms":999955,"out_bytes":2930583,"pending":10,"pos":[-31.9,5.99],"reconciles":19315,"server_tick":58119,"snaps":19344,"teleports":20}
[client] {"duration_s":480.0,"ev":"results","ms":1001467,"reason":"time","score":[31,39],"winner":1}
[client] {"counts":{"blocks_on_me":18,"conf_actions":652,"confirmed_hits":2165,"dup_confirmed":84,"hits_on_me":274,"pred_actions":738,"predicted_confirmed":208,"predicted_hits":620,"reconnects":0},"ev":"stats","hp":260.0,"in_bytes":13169864,"late":0,"local_entity":5,"match":{"countdown_until":29399,"ctrl":-1,"final":true,"next":"","phase":3,"rot":1,"scores":[31,39],"sd":false,"state":3,"tick":28799,"zone":"A"},"max_err":2.215,"mean_err":0.0154,"ms":1001467,"out_bytes":2935091,"pending":21,"pos":[-39.98,1.21],"reconciles":19342,"server_tick":58210,"snaps":19370,"teleports":20}
[client] {"a":-1,"dup":false,"ev":"game","ms":1001488,"predicted":false,"t":-1,"tick":58198,"type":"match_end"}
[client] {"counts":{"blocks_on_me":18,"conf_actions":652,"confirmed_hits":2165,"dup_confirmed":84,"hits_on_me":274,"pred_actions":745,"predicted_confirmed":208,"predicted_hits":627,"reconnects":0},"ev":"stats","hp":260.0,"in_bytes":13170068,"late":0,"local_entity":5,"match":{"countdown_until":29399,"ctrl":-1,"final":true,"next":"","phase":3,"rot":1,"scores":[31,39],"sd":false,"state":3,"tick":28799,"zone":"A"},"max_err":2.215,"mean_err":0.0154,"ms":1004950,"out_bytes":2945283,"pending":229,"pos":[-41.71,0.27],"reconciles":19342,"server_tick":58418,"snaps":19370,"teleports":20}
[client] {"counts":{"blocks_on_me":18,"conf_actions":652,"confirmed_hits":2165,"dup_confirmed":84,"hits_on_me":274,"pred_actions":754,"predicted_confirmed":208,"predicted_hits":633,"reconnects":0},"ev":"stats","hp":260.0,"in_bytes":13170068,"late":0,"local_entity":5,"match":{"countdown_until":29399,"ctrl":-1,"final":true,"next":"","phase":3,"rot":1,"scores":[31,39],"sd":false,"state":3,"tick":28799,"zone":"A"},"max_err":2.215,"mean_err":0.0154,"ms":1009960,"out_bytes":2959983,"pending":529,"pos":[-41.65,0.3],"reconciles":19342,"server_tick":58718,"snaps":19370,"teleports":20}
[client] {"counts":{"blocks_on_me":18,"conf_actions":652,"confirmed_hits":2165,"dup_confirmed":84,"hits_on_me":274,"pred_actions":761,"predicted_confirmed":208,"predicted_hits":639,"reconnects":0},"ev":"stats","hp":260.0,"in_bytes":13170068,"late":0,"local_entity":5,"match":{"countdown_until":29399,"ctrl":-1,"final":true,"next":"","phase":3,"rot":1,"scores":[31,39],"sd":false,"state":3,"tick":28799,"zone":"A"},"max_err":2.215,"mean_err":0.0154,"ms":1014962,"out_bytes":2974683,"pending":829,"pos":[-42.14,-0.41],"reconciles":19342,"server_tick":59018,"snaps":19370,"teleports":20}
[client] {"counts":{"blocks_on_me":18,"conf_actions":652,"confirmed_hits":2165,"dup_confirmed":84,"hits_on_me":274,"pred_actions":767,"predicted_confirmed":208,"predicted_hits":645,"reconnects":0},"ev":"stats","hp":260.0,"in_bytes":13170068,"late":0,"local_entity":5,"match":{"countdown_until":29399,"ctrl":-1,"final":true,"next":"","phase":3,"rot":1,"scores":[31,39],"sd":false,"state":3,"tick":28799,"zone":"A"},"max_err":2.215,"mean_err":0.0154,"ms":1019958,"out_bytes":2989383,"pending":1129,"pos":[-42.1,-0.07],"reconciles":19342,"server_tick":59318,"snaps":19370,"teleports":20}
[client] {"counts":{"blocks_on_me":18,"conf_actions":652,"confirmed_hits":2165,"dup_confirmed":84,"hits_on_me":274,"pred_actions":778,"predicted_confirmed":208,"predicted_hits":657,"reconnects":0},"ev":"stats","hp":260.0,"in_bytes":13170068,"late":0,"local_entity":5,"match":{"countdown_until":29399,"ctrl":-1,"final":true,"next":"","phase":3,"rot":1,"scores":[31,39],"sd":false,"state":3,"tick":28799,"zone":"A"},"max_err":2.215,"mean_err":0.0154,"ms":1024960,"out_bytes":3004083,"pending":1429,"pos":[-42.22,-0.09],"reconciles":19342,"server_tick":59618,"snaps":19370,"teleports":20}
[client] {"ev":"pick","f":"scrap","ms":1026342}
[client] {"ev":"lock","f":"scrap","ms":1027327}
[client] {"ev":"match_setup","fighters":10,"ms":1029499,"you":5}
[client] {"counts":{"blocks_on_me":18,"conf_actions":652,"confirmed_hits":2165,"dup_confirmed":84,"hits_on_me":274,"pred_actions":785,"predicted_confirmed":208,"predicted_hits":662,"reconnects":0},"ev":"stats","hp":260.0,"in_bytes":13214515,"late":0,"local_entity":5,"match":{"countdown_until":58498,"ctrl":-1,"final":false,"next":"","phase":2,"rot":3600,"scores":[0,0],"sd":false,"state":1,"tick":0,"zone":""},"max_err":2.215,"mean_err":0.0155,"ms":1029951,"out_bytes":3018803,"pending":5,"pos":[-5.97,47.83],"reconciles":19349,"server_tick":58232,"snaps":19381,"teleports":21}
[client] {"counts":{"blocks_on_me":18,"conf_actions":652,"confirmed_hits":2165,"dup_confirmed":84,"hits_on_me":274,"pred_actions":785,"predicted_confirmed":208,"predicted_hits":662,"reconnects":0},"ev":"stats","hp":260.0,"in_bytes":13256646,"late":0,"local_entity":5,"match":{"countdown_until":58498,"ctrl":-1,"final":false,"next":"","phase":3,"rot":3564,"scores":[0,0],"sd":false,"state":1,"tick":36,"zone":"B"},"max_err":2.215,"mean_err":0.0162,"ms":1034954,"out_bytes":3033503,"pending":5,"pos":[-5.26,43.92],"reconciles":19449,"server_tick":58535,"snaps":19481,"teleports":21}
[client] {"counts":{"blocks_on_me":18,"conf_actions":652,"confirmed_hits":2165,"dup_confirmed":84,"hits_on_me":274,"pred_actions":785,"predicted_confirmed":208,"predicted_hits":662,"reconnects":0},"ev":"stats","hp":260.0,"in_bytes":13311142,"late":0,"local_entity":5,"match":{"countdown_until":58498,"ctrl":0,"final":false,"next":"","phase":3,"rot":3264,"scores":[0,0],"sd":false,"state":2,"tick":336,"zone":"B"},"max_err":2.215,"mean_err":0.0161,"ms":1039956,"out_bytes":3048203,"pending":5,"pos":[-2.52,10.6],"reconciles":19549,"server_tick":58835,"snaps":19581,"teleports":21}
[client] {"a":7,"dup":false,"ev":"game","ms":1041711,"predicted":false,"t":3,"tick":58935,"type":"hit"}
[client] {"a":6,"dup":false,"ev":"game","ms":1041924,"predicted":false,"t":2,"tick":58948,"type":"hit"}
[client] {"a":6,"dup":false,"ev":"game","ms":1041924,"predicted":false,"t":3,"tick":58948,"type":"hit"}
[client] {"a":6,"dup":false,"ev":"game","ms":1042876,"predicted":false,"t":2,"tick":59005,"type":"block"}
[client] {"a":7,"dup":false,"ev":"game","ms":1042959,"predicted":false,"t":2,"tick":59010,"type":"block"}
[client] {"a":6,"dup":false,"ev":"game","ms":1043194,"predicted":false,"t":2,"tick":59024,"type":"block"}
[client] {"a":6,"dup":false,"ev":"game","ms":1043229,"predicted":false,"t":3,"tick":59026,"type":"block"}
[client] {"a":7,"dup":false,"ev":"game","ms":1043794,"predicted":false,"t":3,"tick":59060,"type":"hit"}
[client] {"a":6,"dup":false,"ev":"game","ms":1043842,"predicted":false,"t":3,"tick":59063,"type":"hit"}
[client] {"a":2,"dup":false,"ev":"game","ms":1044608,"predicted":false,"t":7,"tick":59109,"type":"hit"}
[client] {"counts":{"blocks_on_me":18,"conf_actions":657,"confirmed_hits":2171,"dup_confirmed":85,"hits_on_me":274,"pred_actions":790,"predicted_confirmed":208,"predicted_hits":662,"reconnects":0},"ev":"stats","hp":260.0,"in_bytes":13379796,"late":0,"local_entity":5,"match":{"countdown_until":58498,"ctrl":-1,"final":false,"next":"","phase":3,"rot":2964,"scores":[0,0],"sd":false,"state":3,"tick":636,"zone":"B"},"max_err":2.215,"mean_err":0.0161,"ms":1044959,"out_bytes":3062903,"pending":5,"pos":[-0.54,-2.84],"reconciles":19649,"server_tick":59135,"snaps":19681,"teleports":21}
[client] {"a":7,"dup":false,"ev":"game","ms":1045008,"predicted":false,"t":2,"tick":59133,"type":"hit"}
[client] {"a":8,"dup":false,"ev":"game","ms":1045126,"predicted":false,"t":2,"tick":59140,"type":"hit"}
[client] {"a":5,"dup":true,"ev":"game","ms":1045326,"predicted":false,"t":1,"tick":59157,"type":"hit"}
[client] {"a":5,"dup":true,"ev":"game","ms":1045347,"predicted":false,"t":0,"tick":59159,"type":"hit"}
[client] {"a":7,"dup":false,"ev":"game","ms":1045491,"predicted":false,"t":2,"tick":59162,"type":"hit"}
[client] {"a":3,"dup":false,"ev":"game","ms":1045547,"predicted":false,"t":7,"tick":59165,"type":"hit"}
[client] {"a":8,"dup":false,"ev":"game","ms":1045561,"predicted":false,"t":2,"tick":59166,"type":"hit"}
[client] {"a":3,"dup":false,"ev":"game","ms":1045760,"predicted":false,"t":7,"tick":59178,"type":"hit"}
[client] {"a":5,"dup":true,"ev":"game","ms":1045944,"predicted":false,"t":4,"tick":59195,"type":"hit"}
[client] {"a":5,"dup":true,"ev":"game","ms":1046250,"predicted":false,"t":4,"tick":59213,"type":"hit"}
[client] {"a":9,"dup":false,"ev":"game","ms":1046568,"predicted":false,"t":4,"tick":59227,"type":"hit"}
[client] {"a":1,"dup":false,"ev":"game","ms":1046588,"predicted":false,"t":5,"tick":59228,"type":"hit"}
[client] {"a":9,"dup":false,"ev":"game","ms":1046603,"predicted":false,"t":1,"tick":59229,"type":"hit"}
[client] {"a":0,"dup":false,"ev":"game","ms":1046637,"predicted":false,"t":5,"tick":59231,"type":"hit"}
[client] {"a":5,"dup":false,"ev":"game","ms":1046940,"predicted":false,"t":0,"tick":59254,"type":"hit"}
[client] {"a":0,"dup":false,"ev":"game","ms":1046969,"predicted":false,"t":9,"tick":59251,"type":"hit"}
[client] {"a":2,"dup":false,"ev":"game","ms":1047037,"predicted":false,"t":8,"tick":59255,"type":"hit"}
[client] {"a":3,"dup":false,"ev":"game","ms":1047051,"predicted":false,"t":8,"tick":59256,"type":"hit"}
[client] {"a":7,"dup":false,"ev":"game","ms":1047203,"predicted":false,"t":3,"tick":59265,"type":"hit"}
[client] {"a":7,"dup":false,"ev":"game","ms":1047237,"predicted":false,"t":2,"tick":59267,"type":"hit"}
[client] {"a":5,"dup":true,"ev":"game","ms":1047251,"predicted":false,"t":0,"tick":59273,"type":"hit"}
[client] {"a":5,"dup":true,"ev":"game","ms":1047569,"predicted":false,"t":0,"tick":59292,"type":"hit"}
[client] {"a":0,"dup":false,"ev":"game","ms":1048003,"predicted":false,"t":9,"tick":59313,"type":"hit"}
[client] {"a":1,"dup":false,"ev":"game","ms":1048072,"predicted":false,"t":9,"tick":59317,"type":"hit"}
[client] {"a":8,"dup":false,"ev":"game","ms":1048169,"predicted":false,"t":3,"tick":59323,"type":"hit"}
[client] {"a":7,"dup":false,"ev":"game","ms":1048190,"predicted":false,"t":3,"tick":59324,"type":"hit"}
[client] {"a":0,"dup":false,"ev":"game","ms":1048273,"predicted":false,"t":9,"tick":59329,"type":"hit"}
[client] {"a":1,"dup":false,"ev":"game","ms":1048486,"predicted":false,"t":5,"tick":59342,"type":"hit"}
[client] {"a":6,"dup":false,"ev":"game","ms":1048741,"predicted":false,"t":1,"tick":59357,"type":"block"}
[client] {"a":8,"dup":false,"ev":"game","ms":1048741,"predicted":false,"t":3,"tick":59357,"type":"block"}
[client] {"a":5,"dup":true,"ev":"game","ms":1049025,"predicted":false,"t":1,"tick":59379,"type":"hit"}
[client] {"a":1,"dup":false,"ev":"game","ms":1049107,"predicted":false,"t":6,"tick":59379,"type":"hit"}
[client] {"a":0,"dup":false,"ev":"game","ms":1049507,"predicted":false,"t":5,"tick":59403,"type":"hit"}
[client] {"a":0,"dup":false,"ev":"game","ms":1049555,"predicted":false,"t":6,"tick":59406,"type":"hit"}
[client] {"a":4,"dup":false,"ev":"game","ms":1049638,"predicted":false,"t":5,"tick":59411,"type":"hit"}
[client] {"a":4,"dup":false,"ev":"game","ms":1049652,"predicted":false,"t":6,"tick":59412,"type":"hit"}
[client] {"counts":{"blocks_on_me":18,"conf_actions":665,"confirmed_hits":2205,"dup_confirmed":89,"hits_on_me":279,"pred_actions":799,"predicted_confirmed":215,"predicted_hits":677,"reconnects":0},"ev":"stats","hp":130.0,"in_bytes":13460556,"late":0,"local_entity":5,"match":{"countdown_until":58498,"ctrl":-1,"final":false,"next":"","phase":3,"rot":2664,"scores":[0,0],"sd":false,"state":3,"tick":936,"zone":"B"},"max_err":2.215,"mean_err":0.0163,"ms":1049954,"out_bytes":3077603,"pending":5,"pos":[-0.47,-3.12],"reconciles":19749,"server_tick":59435,"snaps":19781,"teleports":21}
[client] {"a":9,"dup":false,"ev":"game","ms":1050142,"predicted":false,"t":0,"tick":59441,"type":"hit"}
[client] {"a":1,"dup":false,"ev":"game","ms":1050204,"predicted":false,"t":9,"tick":59445,"type":"hit"}
[client] {"a":4,"dup":false,"ev":"game","ms":1050225,"predicted":false,"t":6,"tick":59446,"type":"hit"}
[client] {"a":4,"dup":false,"ev":"game","ms":1050252,"predicted":false,"t":5,"tick":59448,"type":"hit"}
[client] {"a":7,"dup":false,"ev":"game","ms":1050522,"predicted":false,"t":2,"tick":59464,"type":"hit"}
[client] {"a":5,"dup":true,"ev":"game","ms":1050605,"predicted":false,"t":4,"tick":59474,"type":"hit"}
[client] {"a":0,"dup":false,"ev":"game","ms":1051026,"predicted":false,"t":5,"tick":59494,"type":"hit"}
[client] {"a":6,"dup":false,"ev":"game","ms":1051026,"predicted":false,"t":4,"tick":59494,"type":"hit"}
[client] {"a":5,"dup":false,"ev":"game","ms":1051253,"predicted":false,"t":4,"tick":59513,"type":"block"}
[client] {"a":8,"dup":false,"ev":"game","ms":1051308,"predicted":false,"t":2,"tick":59511,"type":"hit"}
[client] {"a":1,"dup":false,"ev":"game","ms":1051826,"predicted":false,"t":9,"tick":59542,"type":"hit"}
[client] {"a":5,"dup":false,"ev":"game","ms":1051853,"predicted":false,"t":4,"tick":59549,"type":"block"}
[client] {"a":6,"dup":false,"ev":"game","ms":1052357,"predicted":false,"t":4,"tick":59574,"type":"block"}
[client] {"a":0,"dup":false,"ev":"game","ms":1052440,"predicted":false,"t":5,"tick":59579,"type":"hit"}
[client] {"a":0,"dup":false,"ev":"game","ms":1053371,"predicted":false,"t":6,"tick":59635,"type":"hit"}
[client] {"a":0,"dup":false,"ev":"game","ms":1053405,"predicted":false,"t":5,"tick":59637,"type":"hit"}
[client] {"a":4,"dup":false,"ev":"game","ms":1053476,"predicted":false,"t":5,"tick":59641,"type":"hit"}
[client] {"a":1,"dup":false,"ev":"game","ms":1053806,"predicted":false,"t":9,"tick":59661,"type":"hit"}
[client] {"a":6,"dup":false,"ev":"game","ms":1053827,"predicted":false,"t":0,"tick":59662,"type":"hit"}
[client] {"a":5,"dup":false,"ev":"game","ms":1054544,"predicted":false,"t":-1,"tick":59710,"type":"ko"}
[client] {"a":1,"dup":false,"ev":"game","ms":1054627,"predicted":false,"t":5,"tick":59710,"type":"hit"}
[client] {"a":6,"dup":false,"ev":"game","ms":1054627,"predicted":false,"t":1,"tick":59710,"type":"hit"}
[client] {"counts":{"blocks_on_me":18,"conf_actions":674,"confirmed_hits":2223,"dup_confirmed":94,"hits_on_me":285,"pred_actions":808,"predicted_confirmed":216,"predicted_hits":685,"reconnects":0},"ev":"stats","hp":0.0,"in_bytes":13535285,"late":0,"local_entity":5,"match":{"countdown_until":58498,"ctrl":-1,"final":false,"next":"","phase":3,"rot":2364,"scores":[0,0],"sd":false,"state":3,"tick":1236,"zone":"B"},"max_err":2.215,"mean_err":0.0164,"ms":1054957,"out_bytes":3092303,"pending":5,"pos":[0.37,-3.6],"reconciles":19849,"server_tick":59735,"snaps":19881,"teleports":21}
[client] {"a":0,"dup":false,"ev":"game","ms":1055275,"predicted":false,"t":6,"tick":59749,"type":"hit"}
[client] {"a":4,"dup":false,"ev":"game","ms":1055275,"predicted":false,"t":6,"tick":59749,"type":"hit"}
[client] {"a":0,"dup":false,"ev":"game","ms":1055544,"predicted":false,"t":6,"tick":59765,"type":"hit"}
[client] {"a":1,"dup":false,"ev":"game","ms":1055572,"predicted":false,"t":6,"tick":59767,"type":"hit"}
[client] {"a":7,"dup":false,"ev":"game","ms":1055662,"predicted":false,"t":4,"tick":59772,"type":"hit"}
[client] {"a":7,"dup":false,"ev":"game","ms":1055889,"predicted":false,"t":4,"tick":59786,"type":"hit"}
[client] {"a":6,"dup":false,"ev":"game","ms":1055945,"predicted":false,"t":0,"tick":59789,"type":"hit"}
[client] {"a":1,"dup":false,"ev":"game","ms":1056076,"predicted":false,"t":6,"tick":59797,"type":"hit"}
[client] {"a":1,"dup":false,"ev":"game","ms":1056393,"predicted":false,"t":6,"tick":59816,"type":"hit"}
[client] {"a":0,"dup":false,"ev":"game","ms":1056428,"predicted":false,"t":6,"tick":59818,"type":"hit"}
[client] {"a":7,"dup":false,"ev":"game","ms":1056645,"predicted":false,"t":4,"tick":59831,"type":"hit"}
[client] {"a":6,"dup":false,"ev":"game","ms":1056975,"predicted":false,"t":1,"tick":59851,"type":"hit"}
[client] {"a":4,"dup":false,"ev":"game","ms":1057060,"predicted":false,"t":6,"tick":59856,"type":"hit"}
[client] {"a":0,"dup":false,"ev":"game","ms":1057086,"predicted":false,"t":6,"tick":59858,"type":"hit"}
[client] {"a":6,"dup":false,"ev":"game","ms":1057086,"predicted":false,"t":-1,"tick":59858,"type":"ko"}
[client] {"a":7,"dup":false,"ev":"game","ms":1057120,"predicted":false,"t":4,"tick":59860,"type":"hit"}
[client] {"a":7,"dup":false,"ev":"game","ms":1057569,"predicted":false,"t":4,"tick":59887,"type":"hit"}
[client] {"a":3,"dup":false,"ev":"game","ms":1058059,"predicted":false,"t":8,"tick":59916,"type":"hit"}
[client] {"a":7,"dup":false,"ev":"game","ms":1058190,"predicted":false,"t":4,"tick":59924,"type":"hit"}
[client] {"a":3,"dup":false,"ev":"game","ms":1058286,"predicted":false,"t":8,"tick":59930,"type":"hit"}
[client] {"a":0,"dup":false,"ev":"game","ms":1058459,"predicted":false,"t":7,"tick":59940,"type":"hit"}
[client] {"a":3,"dup":false,"ev":"game","ms":1058880,"predicted":false,"t":8,"tick":59966,"type":"hit"}
[client] {"a":3,"dup":false,"ev":"game","ms":1059364,"predicted":false,"t":8,"tick":59995,"type":"block"}
[client] {"a":0,"dup":false,"ev":"game","ms":1059467,"predicted":false,"t":7,"tick":60001,"type":"hit"}
[client] {"a":7,"dup":false,"ev":"game","ms":1059902,"predicted":false,"t":0,"tick":60027,"type":"hit"}
[client] {"a":7,"dup":false,"ev":"game","ms":1059902,"predicted":false,"t":1,"tick":60027,"type":"hit"}
[client] {"counts":{"blocks_on_me":18,"conf_actions":674,"confirmed_hits":2247,"dup_confirmed":96,"hits_on_me":285,"pred_actions":808,"predicted_confirmed":216,"predicted_hits":685,"reconnects":0},"ev":"stats","hp":0.0,"in_bytes":13607641,"late":0,"local_entity":5,"match":{"countdown_until":58498,"ctrl":-1,"final":false,"next":"","phase":3,"rot":2064,"scores":[0,0],"sd":false,"state":3,"tick":1536,"zone":"B"},"max_err":2.215,"mean_err":0.0163,"ms":1059949,"out_bytes":3107003,"pending":5,"pos":[0.37,-3.6],"reconciles":19949,"server_tick":60034,"snaps":19981,"teleports":21}
[client] {"a":3,"dup":false,"ev":"game","ms":1060253,"predicted":false,"t":8,"tick":60048,"type":"hit"}
[client] {"a":0,"dup":false,"ev":"game","ms":1060654,"predicted":false,"t":7,"tick":60072,"type":"hit"}
[client] {"a":1,"dup":false,"ev":"game","ms":1060736,"predicted":false,"t":7,"tick":60077,"type":"hit"}
[client] {"a":3,"dup":false,"ev":"game","ms":1061151,"predicted":false,"t":8,"tick":60102,"type":"hit"}
[client] {"a":7,"dup":false,"ev":"game","ms":1061703,"predicted":false,"t":0,"tick":60135,"type":"hit"}
[client] {"a":7,"dup":false,"ev":"game","ms":1062151,"predicted":false,"t":0,"tick":60162,"type":"hit"}
[client] {"a":7,"dup":false,"ev":"game","ms":1062189,"predicted":false,"t":1,"tick":60164,"type":"hit"}
[client] {"a":2,"dup":false,"ev":"game","ms":1062372,"predicted":false,"t":8,"tick":60175,"type":"hit"}
[client] {"a":7,"dup":false,"ev":"game","ms":1062655,"predicted":false,"t":0,"tick":60192,"type":"hit"}
[client] {"a":2,"dup":false,"ev":"game","ms":1062882,"predicted":false,"t":8,"tick":60206,"type":"hit"}
[client] {"a":1,"dup":false,"ev":"game","ms":1063021,"predicted":false,"t":7,"tick":60214,"type":"hit"}
[client] {"a":5,"dup":false,"ev":"game","ms":1064539,"predicted":false,"t":-1,"tick":60310,"type":"respawn"}
[client] {"counts":{"blocks_on_me":18,"conf_actions":675,"confirmed_hits":2258,"dup_confirmed":97,"hits_on_me":285,"pred_actions":808,"predicted_confirmed":216,"predicted_hits":685,"reconnects":0},"ev":"stats","hp":260.0,"in_bytes":13673702,"late":0,"local_entity":5,"match":{"countdown_until":58498,"ctrl":-1,"final":false,"next":"","phase":3,"rot":1764,"scores":[0,0],"sd":false,"state":3,"tick":1836,"zone":"B"},"max_err":2.215,"mean_err":0.0162,"ms":1064951,"out_bytes":3121703,"pending":5,"pos":[5.91,47.74],"reconciles":20048,"server_tick":60334,"snaps":20081,"teleports":22}
[client] {"a":1,"dup":false,"ev":"game","ms":1066119,"predicted":false,"t":9,"tick":60400,"type":"hit"}
[client] {"a":0,"dup":false,"ev":"game","ms":1066775,"predicted":false,"t":9,"tick":60439,"type":"block"}
[client] {"a":6,"dup":false,"ev":"game","ms":1067084,"predicted":false,"t":-1,"tick":60458,"type":"respawn"}
[client] {"a":1,"dup":false,"ev":"game","ms":1067354,"predicted":false,"t":9,"tick":60474,"type":"hit"}
[client] {"a":3,"dup":false,"ev":"game","ms":1068472,"predicted":false,"t":9,"tick":60541,"type":"hit"}
[client] {"counts":{"blocks_on_me":18,"conf_actions":675,"confirmed_hits":2261,"dup_confirmed":97,"hits_on_me":285,"pred_actions":808,"predicted_confirmed":216,"predicted_hits":685,"reconnects":0},"ev":"stats","hp":260.0,"in_bytes":13738972,"late":0,"local_entity":5,"match":{"countdown_until":58498,"ctrl":-1,"final":false,"next":"","phase":3,"rot":1464,"scores":[0,0],"sd":false,"state":3,"tick":2136,"zone":"B"},"max_err":2.215,"mean_err":0.0162,"ms":1069956,"out_bytes":3136403,"pending":5,"pos":[-0.57,15.03],"reconciles":20148,"server_tick":60635,"snaps":20181,"teleports":22}
[client] {"a":3,"dup":false,"ev":"game","ms":1071108,"predicted":false,"t":5,"tick":60699,"type":"hit"}
[client] {"a":5,"dup":true,"ev":"game","ms":1071459,"predicted":false,"t":2,"tick":60725,"type":"hit"}
[client] {"a":5,"dup":false,"ev":"game","ms":1071777,"predicted":false,"t":2,"tick":60744,"type":"block"}
[client] {"a":3,"dup":false,"ev":"game","ms":1071839,"predicted":false,"t":8,"tick":60743,"type":"hit"}
[client] {"a":2,"dup":false,"ev":"game","ms":1072791,"predicted":false,"t":5,"tick":60800,"type":"hit"}
[client] {"a":5,"dup":true,"ev":"game","ms":1073027,"predicted":false,"t":2,"tick":60819,"type":"hit"}
[client] {"a":5,"dup":true,"ev":"game","ms":1073357,"predicted":false,"t":2,"tick":60839,"type":"hit"}
[client] {"a":7,"dup":false,"ev":"game","ms":1073461,"predicted":false,"t":2,"tick":60840,"type":"hit"}
[client] {"a":2,"dup":false,"ev":"game","ms":1073461,"predicted":false,"t":-1,"tick":60840,"type":"ko"}
[client] {"a":5,"dup":true,"ev":"game","ms":1073923,"predicted":false,"t":3,"tick":60873,"type":"hit"}
[client] {"counts":{"blocks_on_me":18,"conf_actions":682,"confirmed_hits":2269,"dup_confirmed":97,"hits_on_me":287,"pred_actions":816,"predicted_confirmed":220,"predicted_hits":695,"reconnects":0},"ev":"stats","hp":224.0,"in_bytes":13808317,"late":0,"local_entity":5,"match":{"countdown_until":58498,"ctrl":-1,"final":false,"next":"","phase":3,"rot":1164,"scores":[0,0],"sd":false,"state":3,"tick":2436,"zone":"B"},"max_err":2.215,"mean_err":0.0161,"ms":1074956,"out_bytes":3151103,"pending":5,"pos":[-0.7,7.62],"reconciles":20248,"server_tick":60935,"snaps":20281,"teleports":22}
[client] {"a":4,"dup":false,"ev":"game","ms":1075213,"predicted":false,"t":5,"tick":60945,"type":"hit"}
[client] {"a":5,"dup":true,"ev":"game","ms":1075441,"predicted":false,"t":4,"tick":60964,"type":"hit"}
[client] {"a":6,"dup":false,"ev":"game","ms":1075877,"predicted":false,"t":4,"tick":60985,"type":"block"}
[client] {"a":6,"dup":false,"ev":"game","ms":1076947,"predicted":false,"t":4,"tick":61049,"type":"hit"}
[client] {"a":7,"dup":false,"ev":"game","ms":1077195,"predicted":false,"t":4,"tick":61065,"type":"hit"}
[client] {"a":6,"dup":false,"ev":"game","ms":1077265,"predicted":false,"t":4,"tick":61069,"type":"hit"}
[client] {"a":6,"dup":false,"ev":"game","ms":1077596,"predicted":false,"t":4,"tick":61089,"type":"hit"}
[client] {"a":7,"dup":false,"ev":"game","ms":1077678,"predicted":false,"t":4,"tick":61094,"type":"hit"}
[client] {"a":5,"dup":true,"ev":"game","ms":1077678,"predicted":false,"t":4,"tick":61099,"type":"hit"}
[client] {"counts":{"blocks_on_me":18,"conf_actions":687,"confirmed_hits":2277,"dup_confirmed":99,"hits_on_me":288,"pred_actions":820,"predicted_confirmed":222,"predicted_hits":700,"reconnects":0},"ev":"stats","hp":206.0,"in_bytes":13875041,"late":0,"local_entity":5,"match":{"countdown_until":58498,"ctrl":-1,"final":false,"next":"A","phase":3,"rot":864,"scores":[0,0],"sd":false,"state":3,"tick":2736,"zone":"B"},"max_err":2.215,"mean_err":0.0162,"ms":1079954,"out_bytes":3165803,"pending":5,"pos":[-2.8,0.27],"reconciles":20348,"server_tick":61235,"snaps":20381,"teleports":22}
[client] {"a":0,"dup":false,"ev":"game","ms":1080415,"predicted":false,"t":6,"tick":61256,"type":"hit"}
[client] {"a":7,"dup":false,"ev":"game","ms":1080587,"predicted":false,"t":0,"tick":61268,"type":"hit"}
[client] {"a":6,"dup":false,"ev":"game","ms":1080753,"predicted":false,"t":0,"tick":61278,"type":"hit"}
[client] {"a":6,"dup":false,"ev":"game","ms":1080808,"predicted":false,"t":1,"tick":61281,"type":"hit"}
[client] {"a":6,"dup":false,"ev":"game","ms":1081090,"predicted":false,"t":0,"tick":61298,"type":"hit"}
[client] {"a":0,"dup":false,"ev":"game","ms":1081470,"predicted":false,"t":6,"tick":61321,"type":"hit"}
[client] {"a":1,"dup":false,"ev":"game","ms":1081470,"predicted":false,"t":6,"tick":61321,"type":"hit"}
[client] {"a":0,"dup":false,"ev":"game","ms":1081719,"predicted":false,"t":5,"tick":61336,"type":"parry"}
[client] {"a":5,"dup":false,"ev":"game","ms":1081891,"predicted":false,"t":1,"tick":61352,"type":"block"}
[client] {"a":7,"dup":false,"ev":"game","ms":1082105,"predicted":false,"t":1,"tick":61359,"type":"hit"}
[client] {"a":5,"dup":true,"ev":"game","ms":1082436,"predicted":false,"t":1,"tick":61384,"type":"hit"}
[client] {"a":1,"dup":false,"ev":"game","ms":1082872,"predicted":false,"t":5,"tick":61405,"type":"hit"}
[client] {"a":5,"dup":true,"ev":"game","ms":1083340,"predicted":false,"t":1,"tick":61438,"type":"hit"}
[client] {"a":2,"dup":false,"ev":"game","ms":1083457,"predicted":false,"t":-1,"tick":61440,"type":"respawn"}
[client] {"a":5,"dup":true,"ev":"game","ms":1083988,"predicted":false,"t":1,"tick":61477,"type":"hit"}
[client] {"a":1,"dup":false,"ev":"game","ms":1084037,"predicted":false,"t":9,"tick":61475,"type":"hit"}
[client] {"a":3,"dup":false,"ev":"game","ms":1084340,"predicted":false,"t":9,"tick":61493,"type":"hit"}
[client] {"a":5,"dup":true,"ev":"game","ms":1084610,"predicted":false,"t":1,"tick":61515,"type":"hit"}
[client] {"a":6,"dup":false,"ev":"game","ms":1084720,"predicted":false,"t":0,"tick":61516,"type":"hit"}
[client] {"counts":{"blocks_on_me":18,"conf_actions":695,"confirmed_hits":2293,"dup_confirmed":103,"hits_on_me":289,"pred_actions":828,"predicted_confirmed":226,"predicted_hits":709,"reconnects":0},"ev":"stats","hp":188.0,"in_bytes":13946393,"late":0,"local_entity":5,"match":{"countdown_until":58498,"ctrl":-1,"final":false,"next":"A","phase":3,"rot":564,"scores":[0,0],"sd":false,"state":3,"tick":3036,"zone":"B"},"max_err":2.215,"mean_err":0.0162,"ms":1084953,"out_bytes":3180503,"pending":5,"pos":[0.97,-3.1],"reconciles":20448,"server_tick":61535,"snaps":20481,"teleports":22}
[client] {"a":0,"dup":false,"ev":"game","ms":1085106,"predicted":false,"t":6,"tick":61539,"type":"hit"}
[client] {"a":7,"dup":false,"ev":"game","ms":1085375,"predicted":false,"t":0,"tick":61555,"type":"hit"}
[client] {"a":6,"dup":false,"ev":"game","ms":1085493,"predicted":false,"t":0,"tick":61562,"type":"hit"}
[client] {"a":0,"dup":false,"ev":"game","ms":1085907,"predicted":false,"t":8,"tick":61587,"type":"hit"}
[client] {"a":3,"dup":false,"ev":"game","ms":1086038,"predicted":false,"t":9,"tick":61595,"type":"hit"}
[client] {"a":5,"dup":true,"ev":"game","ms":1086355,"predicted":false,"t":1,"tick":61619,"type":"hit"}
[client] {"a":8,"dup":false,"ev":"game","ms":1086528,"predicted":false,"t":0,"tick":61624,"type":"hit"}
[client] {"a":6,"dup":false,"ev":"game","ms":1086776,"predicted":false,"t":1,"tick":61639,"type":"hit"}
[client] {"a":1,"dup":false,"ev":"game","ms":1086776,"predicted":false,"t":-1,"tick":61639,"type":"ko"}
[client] {"a":0,"dup":false,"ev":"game","ms":1087038,"predicted":false,"t":7,"tick":61655,"type":"hit"}
[client] {"a":0,"dup":false,"ev":"game","ms":1087390,"predicted":false,"t":7,"tick":61676,"type":"block"}
[client] {"a":0,"dup":false,"ev":"game","ms":1087894,"predicted":false,"t":7,"tick":61706,"type":"block"}
[client] {"a":3,"dup":false,"ev":"game","ms":1088074,"predicted":false,"t":7,"tick":61717,"type":"block"}
[client] {"a":3,"dup":false,"ev":"game","ms":1088294,"predicted":false,"t":7,"tick":61730,"type":"block"}
[client] {"a":0,"dup":false,"ev":"game","ms":1088612,"predicted":false,"t":7,"tick":61749,"type":"hit"}
[client] {"a":8,"dup":false,"ev":"game","ms":1088860,"predicted":false,"t":0,"tick":61764,"type":"hit"}
[client] {"a":0,"dup":false,"ev":"game","ms":1088860,"predicted":false,"t":-1,"tick":61764,"type":"ko"}
[client] {"a":3,"dup":false,"ev":"game","ms":1089219,"predicted":false,"t":7,"tick":61786,"type":"block"}
[client] {"a":8,"dup":false,"ev":"game","ms":1089336,"predicted":false,"t":3,"tick":61793,"type":"hit"}
[client] {"a":4,"dup":false,"ev":"game","ms":1089467,"predicted":false,"t":6,"tick":61801,"type":"hit"}
[client] {"a":2,"dup":false,"ev":"game","ms":1089902,"predicted":false,"t":7,"tick":61827,"type":"block"}
[client] {"counts":{"blocks_on_me":18,"conf_actions":697,"confirmed_hits":2306,"dup_confirmed":105,"hits_on_me":289,"pred_actions":830,"predicted_confirmed":227,"predicted_hits":711,"reconnects":0},"ev":"stats","hp":188.0,"in_bytes":14017971,"late":0,"local_entity":5,"match":{"countdown_until":58498,"ctrl":-1,"final":false,"next":"A","phase":3,"rot":264,"scores":[0,0],"sd":false,"state":3,"tick":3336,"zone":"B"},"max_err":2.215,"mean_err":0.0161,"ms":1089949,"out_bytes":3195203,"pending":5,"pos":[0.17,-2.76],"reconciles":20548,"server_tick":61835,"snaps":20581,"teleports":22}
[client] {"a":2,"dup":false,"ev":"game","ms":1089951,"predicted":false,"t":6,"tick":61830,"type":"hit"}
[client] {"a":4,"dup":false,"ev":"game","ms":1089985,"predicted":false,"t":7,"tick":61832,"type":"hit"}
[client] {"a":3,"dup":false,"ev":"game","ms":1090053,"predicted":false,"t":7,"tick":61836,"type":"hit"}
[client] {"a":4,"dup":false,"ev":"game","ms":1090502,"predicted":false,"t":5,"tick":61863,"type":"hit"}
[client] {"a":2,"dup":false,"ev":"game","ms":1090571,"predicted":false,"t":5,"tick":61867,"type":"hit"}
[client] {"a":3,"dup":false,"ev":"game","ms":1090888,"predicted":false,"t":5,"tick":61886,"type":"hit"}
[client] {"a":4,"dup":false,"ev":"game","ms":1091034,"predicted":false,"t":5,"tick":61895,"type":"hit"}
[client] {"a":6,"dup":false,"ev":"game","ms":1091123,"predicted":false,"t":3,"tick":61900,"type":"hit"}
[client] {"a":5,"dup":true,"ev":"game","ms":1091607,"predicted":false,"t":4,"tick":61934,"type":"hit"}
[client] {"a":2,"dup":false,"ev":"game","ms":1091751,"predicted":false,"t":5,"tick":61938,"type":"hit"}
[client] {"a":2,"dup":false,"ev":"game","ms":1091806,"predicted":false,"t":6,"tick":61941,"type":"block"}
[client] {"a":2,"dup":false,"ev":"game","ms":1091834,"predicted":false,"t":8,"tick":61943,"type":"hit"}
[client] {"a":3,"dup":false,"ev":"game","ms":1092489,"predicted":false,"t":6,"tick":61982,"type":"block"}
[client] {"a":2,"dup":false,"ev":"game","ms":1092537,"predicted":false,"t":6,"tick":61985,"type":"block"}
[client] {"a":8,"dup":false,"ev":"game","ms":1092938,"predicted":false,"t":2,"tick":62009,"type":"hit"}
[client] {"a":8,"dup":false,"ev":"game","ms":1092986,"predicted":false,"t":3,"tick":62012,"type":"hit"}
[client] {"a":5,"dup":true,"ev":"game","ms":1093269,"predicted":false,"t":3,"tick":62034,"type":"hit"}
[client] {"a":2,"dup":false,"ev":"game","ms":1093621,"predicted":false,"t":5,"tick":62050,"type":"hit"}
[client] {"a":2,"dup":false,"ev":"game","ms":1094290,"predicted":false,"t":6,"tick":62090,"type":"block"}
[client] {"a":2,"dup":false,"ev":"game","ms":1094304,"predicted":false,"t":8,"tick":62091,"type":"hit"}
[client] {"a":-1,"dup":false,"ev":"game","ms":1094408,"predicted":false,"t":-1,"tick":62097,"type":"zone_rotated"}
[client] {"a":5,"dup":true,"ev":"game","ms":1094587,"predicted":false,"t":2,"tick":62113,"type":"hit"}
[client] {"a":5,"dup":true,"ev":"game","ms":1094939,"predicted":false,"t":2,"tick":62134,"type":"hit"}
[client] {"counts":{"blocks_on_me":18,"conf_actions":705,"confirmed_hits":2324,"dup_confirmed":107,"hits_on_me":295,"pred_actions":838,"predicted_confirmed":231,"predicted_hits":721,"reconnects":0},"ev":"stats","hp":78.0,"in_bytes":14085669,"late":0,"local_entity":5,"match":{"countdown_until":58498,"ctrl":-1,"final":false,"next":"","phase":3,"rot":3564,"scores":[0,0],"sd":false,"state":1,"tick":3636,"zone":"A"},"max_err":2.215,"mean_err":0.0163,"ms":1094951,"out_bytes":3209903,"pending":5,"pos":[1.09,-3.15],"reconciles":20648,"server_tick":62135,"snaps":20681,"teleports":22}
[client] {"a":5,"dup":true,"ev":"game","ms":1095304,"predicted":false,"t":2,"tick":62156,"type":"hit"}
[client] {"a":6,"dup":false,"ev":"game","ms":1095408,"predicted":false,"t":2,"tick":62157,"type":"hit"}
[client] {"a":6,"dup":false,"ev":"game","ms":1095842,"predicted":false,"t":2,"tick":62183,"type":"block"}
[client] {"a":5,"dup":false,"ev":"game","ms":1095987,"predicted":false,"t":2,"tick":62197,"type":"block"}
[client] {"a":6,"dup":false,"ev":"game","ms":1096222,"predicted":false,"t":2,"tick":62206,"type":"block"}
[client] {"a":1,"dup":false,"ev":"game","ms":1096776,"predicted":false,"t":-1,"tick":62239,"type":"respawn"}
[client] {"a":6,"dup":false,"ev":"game","ms":1096905,"predicted":false,"t":2,"tick":62247,"type":"hit"}
[client] {"a":6,"dup":false,"ev":"game","ms":1097609,"predicted":false,"t":2,"tick":62289,"type":"hit"}
[client] {"a":2,"dup":false,"ev":"game","ms":1098072,"predicted":false,"t":6,"tick":62317,"type":"hit"}
[client] {"a":8,"dup":false,"ev":"game","ms":1098388,"predicted":false,"t":2,"tick":62336,"type":"hit"}
[client] {"a":2,"dup":false,"ev":"game","ms":1098775,"predicted":false,"t":6,"tick":62359,"type":"hit"}
[client] {"a":2,"dup":false,"ev":"game","ms":1098789,"predicted":false,"t":8,"tick":62360,"type":"hit"}
[client] {"a":0,"dup":false,"ev":"game","ms":1098858,"predicted":false,"t":-1,"tick":62364,"type":"respawn"}
[client] {"a":6,"dup":false,"ev":"game","ms":1099141,"predicted":false,"t":2,"tick":62381,"type":"hit"}
[client] {"counts":{"blocks_on_me":18,"conf_actions":708,"confirmed_hits":2333,"dup_confirmed":110,"hits_on_me":295,"pred_actions":841,"predicted_confirmed":232,"predicted_hits":724,"reconnects":0},"ev":"stats","hp":78.0,"in_bytes":14148834,"late":0,"local_entity":5,"match":{"countdown_until":58498,"ctrl":1,"final":false,"next":"","phase":3,"rot":3264,"scores":[0,0],"sd":false,"state":2,"tick":3936,"zone":"A"},"max_err":2.215,"mean_err":0.0162,"ms":1099954,"out_bytes":3224603,"pending":5,"pos":[-14.96,-8.33],"reconciles":20748,"server_tick":62435,"snaps":20781,"teleports":22}
[client] {"a":8,"dup":false,"ev":"game","ms":1102674,"predicted":false,"t":0,"tick":62593,"type":"hit"}
[client] {"a":0,"dup":false,"ev":"game","ms":1103047,"predicted":false,"t":8,"tick":62615,"type":"hit"}
[client] {"a":0,"dup":false,"ev":"game","ms":1103475,"predicted":false,"t":8,"tick":62641,"type":"block"}
[client] {"counts":{"blocks_on_me":18,"conf_actions":708,"confirmed_hits":2335,"dup_confirmed":110,"hits_on_me":295,"pred_actions":841,"predicted_confirmed":232,"predicted_hits":724,"reconnects":0},"ev":"stats","hp":123.9,"in_bytes":14210091,"late":0,"local_entity":5,"match":{"countdown_until":58498,"ctrl":1,"final":false,"next":"","phase":3,"rot":2961,"scores":[0,5],"sd":false,"state":2,"tick":4239,"zone":"A"},"max_err":2.215,"mean_err":0.0161,"ms":1104963,"out_bytes":3239303,"pending":5,"pos":[-41.89,-0.06],"reconciles":20848,"server_tick":62735,"snaps":20882,"teleports":22}
[client] {"a":3,"dup":false,"ev":"game","ms":1107207,"predicted":false,"t":9,"tick":62865,"type":"hit"}
[client] {"a":3,"dup":false,"ev":"game","ms":1107456,"predicted":false,"t":9,"tick":62880,"type":"hit"}
[client] {"a":1,"dup":false,"ev":"game","ms":1107973,"predicted":false,"t":6,"tick":62911,"type":"hit"}
[client] {"a":3,"dup":false,"ev":"game","ms":1108056,"predicted":false,"t":9,"tick":62916,"type":"hit"}
[client] {"a":4,"dup":false,"ev":"game","ms":1108187,"predicted":false,"t":9,"tick":62924,"type":"hit"}
[client] {"a":7,"dup":false,"ev":"game","ms":1108608,"predicted":false,"t":1,"tick":62949,"type":"hit"}
[client] {"a":4,"dup":false,"ev":"game","ms":1108677,"predicted":false,"t":9,"tick":62953,"type":"block"}
[client] {"a":3,"dup":false,"ev":"game","ms":1108822,"predicted":false,"t":9,"tick":62962,"type":"hit"}
[client] {"a":9,"dup":false,"ev":"game","ms":1109657,"predicted":false,"t":3,"tick":63012,"type":"hit"}
[client] {"counts":{"blocks_on_me":18,"conf_actions":709,"confirmed_hits":2343,"dup_confirmed":110,"hits_on_me":295,"pred_actions":842,"predicted_confirmed":232,"predicted_hits":724,"reconnects":0},"ev":"stats","hp":186.600000000002,"in_bytes":14276403,"late":0,"local_entity":5,"match":{"countdown_until":58498,"ctrl":-1,"final":false,"next":"","phase":3,"rot":2661,"scores":[0,6],"sd":false,"state":3,"tick":4539,"zone":"A"},"max_err":2.215,"mean_err":0.0161,"ms":1109959,"out_bytes":3254003,"pending":5,"pos":[-41.74,0.13],"reconciles":20948,"server_tick":63035,"snaps":20982,"teleports":22}
[client] {"a":1,"dup":false,"ev":"game","ms":1109988,"predicted":false,"t":7,"tick":63032,"type":"hit"}
[client] {"a":9,"dup":false,"ev":"game","ms":1110188,"predicted":false,"t":3,"tick":63044,"type":"block"}
[client] {"a":9,"dup":false,"ev":"game","ms":1110188,"predicted":false,"t":4,"tick":63044,"type":"block"}
[client] {"a":9,"dup":false,"ev":"game","ms":1110423,"predicted":false,"t":3,"tick":63058,"type":"block"}
[client] {"a":0,"dup":false,"ev":"game","ms":1110492,"predicted":false,"t":9,"tick":63062,"type":"hit"}
[client] {"a":1,"dup":false,"ev":"game","ms":1110492,"predicted":false,"t":7,"tick":63062,"type":"hit"}
[client] {"a":1,"dup":false,"ev":"game","ms":1110805,"predicted":false,"t":7,"tick":63081,"type":"hit"}
[client] {"a":3,"dup":false,"ev":"game","ms":1111074,"predicted":false,"t":9,"tick":63097,"type":"hit"}
[client] {"a":0,"dup":false,"ev":"game","ms":1111102,"predicted":false,"t":9,"tick":63099,"type":"hit"}
[client] {"a":4,"dup":false,"ev":"game","ms":1111157,"predicted":false,"t":9,"tick":63102,"type":"hit"}
[client] {"a":7,"dup":false,"ev":"game","ms":1111219,"predicted":false,"t":1,"tick":63106,"type":"hit"}
[client] {"a":0,"dup":false,"ev":"game","ms":1111453,"predicted":false,"t":9,"tick":63120,"type":"block"}
[client] {"a":4,"dup":false,"ev":"game","ms":1111674,"predicted":false,"t":9,"tick":63133,"type":"hit"}
[client] {"a":9,"dup":false,"ev":"game","ms":1111674,"predicted":false,"t":-1,"tick":63133,"type":"ko"}
[client] {"a":7,"dup":false,"ev":"game","ms":1111723,"predicted":false,"t":1,"tick":63136,"type":"hit"}
[client] {"a":5,"dup":true,"ev":"game","ms":1112606,"predicted":false,"t":1,"tick":63194,"type":"hit"}
[client] {"a":5,"dup":true,"ev":"game","ms":1113040,"predicted":false,"t":1,"tick":63220,"type":"hit"}
[client] {"a":7,"dup":false,"ev":"game","ms":1113054,"predicted":false,"t":1,"tick":63216,"type":"hit"}
[client] {"a":7,"dup":false,"ev":"game","ms":1113573,"predicted":false,"t":1,"tick":63247,"type":"hit"}
[client] {"a":0,"dup":false,"ev":"game","ms":1113820,"predicted":false,"t":7,"tick":63262,"type":"hit"}
[client] {"a":5,"dup":true,"ev":"game","ms":1113958,"predicted":false,"t":1,"tick":63275,"type":"hit"}
[client] {"a":0,"dup":false,"ev":"game","ms":1114089,"predicted":false,"t":7,"tick":63278,"type":"hit"}
[client] {"a":5,"dup":true,"ev":"game","ms":1114276,"predicted":false,"t":1,"tick":63294,"type":"hit"}
[client] {"a":6,"dup":false,"ev":"game","ms":1114572,"predicted":false,"t":1,"tick":63307,"type":"hit"}
[client] {"a":3,"dup":false,"ev":"game","ms":1114689,"predicted":false,"t":7,"tick":63314,"type":"hit"}
[client] {"counts":{"blocks_on_me":18,"conf_actions":716,"confirmed_hits":2363,"dup_confirmed":111,"hits_on_me":295,"pred_actions":849,"predicted_confirmed":236,"predicted_hits":732,"reconnects":0},"ev":"stats","hp":186.600000000002,"in_bytes":14351937,"late":0,"local_entity":5,"match":{"countdown_until":58498,"ctrl":-1,"final":false,"next":"","phase":3,"rot":2361,"scores":[0,6],"sd":false,"state":3,"tick":4839,"zone":"A"},"max_err":2.215,"mean_err":0.016,"ms":1114957,"out_bytes":3268703,"pending":9,"pos":[-40.57,-0.72],"reconciles":21045,"server_tick":63335,"snaps":21081,"teleports":22}
[client] {"a":1,"dup":false,"ev":"game","ms":1114972,"predicted":false,"t":6,"tick":63331,"type":"hit"}
[client] {"a":4,"dup":false,"ev":"game","ms":1115056,"predicted":false,"t":5,"tick":63336,"type":"hit"}
[client] {"a":0,"dup":false,"ev":"game","ms":1115125,"predicted":false,"t":5,"tick":63340,"type":"hit"}
[client] {"a":0,"dup":false,"ev":"game","ms":1115125,"predicted":false,"t":6,"tick":63340,"type":"hit"}
[client] {"a":1,"dup":false,"ev":"game","ms":1115290,"predicted":false,"t":6,"tick":63350,"type":"hit"}
[client] {"a":7,"dup":false,"ev":"game","ms":1115441,"predicted":false,"t":3,"tick":63359,"type":"hit"}
[client] {"a":7,"dup":false,"ev":"game","ms":1115441,"predicted":false,"t":4,"tick":63359,"type":"hit"}
[client] {"a":0,"dup":false,"ev":"game","ms":1115455,"predicted":false,"t":6,"tick":63360,"type":"hit"}
[client] {"a":7,"dup":false,"ev":"game","ms":1115489,"predicted":false,"t":2,"tick":63362,"type":"hit"}
[client] {"a":5,"dup":false,"ev":"game","ms":1115676,"predicted":false,"t":4,"tick":63378,"type":"block"}
[client] {"a":0,"dup":false,"ev":"game","ms":1115807,"predicted":false,"t":6,"tick":63381,"type":"hit"}
[client] {"a":1,"dup":false,"ev":"game","ms":1115903,"predicted":false,"t":6,"tick":63387,"type":"hit"}
[client] {"a":7,"dup":false,"ev":"game","ms":1115959,"predicted":false,"t":4,"tick":63390,"type":"block"}
[client] {"a":1,"dup":false,"ev":"game","ms":1116222,"predicted":false,"t":6,"tick":63406,"type":"hit"}
[client] {"a":6,"dup":false,"ev":"game","ms":1116222,"predicted":false,"t":-1,"tick":63406,"type":"ko"}
[client] {"a":0,"dup":false,"ev":"game","ms":1116525,"predicted":false,"t":5,"tick":63424,"type":"hit"}
[client] {"a":1,"dup":false,"ev":"game","ms":1116725,"predicted":false,"t":5,"tick":63436,"type":"hit"}
[client] {"a":0,"dup":false,"ev":"game","ms":1116877,"predicted":false,"t":5,"tick":63445,"type":"hit"}
[client] {"a":0,"dup":false,"ev":"game","ms":1117256,"predicted":false,"t":7,"tick":63468,"type":"hit"}
[client] {"a":5,"dup":true,"ev":"game","ms":1117394,"predicted":false,"t":0,"tick":63482,"type":"hit"}
[client] {"a":8,"dup":false,"ev":"game","ms":1117422,"predicted":false,"t":4,"tick":63478,"type":"hit"}
[client] {"a":2,"dup":false,"ev":"game","ms":1117456,"predicted":false,"t":8,"tick":63480,"type":"hit"}
[client] {"a":1,"dup":false,"ev":"game","ms":1117939,"predicted":false,"t":5,"tick":63509,"type":"hit"}
[client] {"a":2,"dup":false,"ev":"game","ms":1118043,"predicted":false,"t":8,"tick":63515,"type":"block"}
[client] {"a":0,"dup":false,"ev":"game","ms":1118256,"predicted":false,"t":8,"tick":63528,"type":"hit"}
[client] {"a":7,"dup":false,"ev":"game","ms":1118374,"predicted":false,"t":3,"tick":63535,"type":"hit"}
[client] {"a":0,"dup":false,"ev":"game","ms":1118595,"predicted":false,"t":8,"tick":63548,"type":"hit"}
[client] {"a":4,"dup":false,"ev":"game","ms":1118623,"predicted":false,"t":8,"tick":63550,"type":"hit"}
[client] {"a":1,"dup":false,"ev":"game","ms":1118657,"predicted":false,"t":7,"tick":63552,"type":"hit"}
[client] {"counts":{"blocks_on_me":18,"conf_actions":723,"confirmed_hits":2388,"dup_confirmed":113,"hits_on_me":301,"pred_actions":858,"predicted_confirmed":237,"predicted_hits":740,"reconnects":0},"ev":"stats","hp":74.6000000000018,"in_bytes":14430500,"late":0,"local_entity":5,"match":{"countdown_until":58498,"ctrl":-1,"final":false,"next":"","phase":3,"rot":2061,"scores":[0,6],"sd":false,"state":3,"tick":5139,"zone":"A"},"max_err":2.215,"mean_err":0.0162,"ms":1119960,"out_bytes":3283403,"pending":9,"pos":[-41.18,0.75],"reconciles":21145,"server_tick":63635,"snaps":21181,"teleports":22}
[client] {"a":5,"dup":true,"ev":"game","ms":1120106,"predicted":false,"t":1,"tick":63644,"type":"hit"}
[client] {"a":3,"dup":false,"ev":"game","ms":1120492,"predicted":false,"t":5,"tick":63662,"type":"hit"}
[client] {"a":3,"dup":false,"ev":"game","ms":1120975,"predicted":false,"t":5,"tick":63691,"type":"hit"}
[client] {"a":0,"dup":false,"ev":"game","ms":1121106,"predicted":false,"t":5,"tick":63699,"type":"hit"}
[client] {"a":3,"dup":false,"ev":"game","ms":1121210,"predicted":false,"t":5,"tick":63705,"type":"hit"}
[client] {"a":5,"dup":true,"ev":"game","ms":1121596,"predicted":false,"t":3,"tick":63734,"type":"hit"}
[client] {"a":9,"dup":false,"ev":"game","ms":1121679,"predicted":false,"t":-1,"tick":63733,"type":"respawn"}
[client] {"a":5,"dup":false,"ev":"game","ms":1121679,"predicted":false,"t":-1,"tick":63738,"type":"ko"}
[client] {"a":1,"dup":false,"ev":"game","ms":1121762,"predicted":false,"t":5,"tick":63738,"type":"hit"}
[client] {"counts":{"blocks_on_me":18,"conf_actions":725,"confirmed_hits":2395,"dup_confirmed":116,"hits_on_me":306,"pred_actions":863,"predicted_confirmed":239,"predicted_hits":746,"reconnects":0},"ev":"stats","hp":0.0,"in_bytes":14493880,"late":0,"local_entity":5,"match":{"countdown_until":58498,"ctrl":0,"final":false,"next":"","phase":3,"rot":1764,"scores":[3,6],"sd":false,"state":2,"tick":5436,"zone":"A"},"max_err":2.215,"mean_err":0.0162,"ms":1124962,"out_bytes":3298103,"pending":9,"pos":[-41.93,1.25],"reconciles":21245,"server_tick":63935,"snaps":21280,"teleports":22}
[client] {"a":6,"dup":false,"ev":"game","ms":1126226,"predicted":false,"t":-1,"tick":64006,"type":"respawn"}
[client] {"counts":{"blocks_on_me":18,"conf_actions":725,"confirmed_hits":2395,"dup_confirmed":116,"hits_on_me":306,"pred_actions":863,"predicted_confirmed":239,"predicted_hits":746,"reconnects":0},"ev":"stats","hp":0.0,"in_bytes":14554826,"late":0,"local_entity":5,"match":{"countdown_until":58498,"ctrl":-1,"final":false,"next":"","phase":3,"rot":1464,"scores":[8,6],"sd":false,"state":3,"tick":5736,"zone":"A"},"max_err":2.215,"mean_err":0.0162,"ms":1129958,"out_bytes":3312803,"pending":9,"pos":[-41.93,1.25],"reconciles":21345,"server_tick":64235,"snaps":21380,"teleports":22}
[client] {"a":7,"dup":false,"ev":"game","ms":1130138,"predicted":false,"t":2,"tick":64241,"type":"hit"}
[client] {"a":8,"dup":false,"ev":"game","ms":1130842,"predicted":false,"t":2,"tick":64283,"type":"hit"}
[client] {"a":7,"dup":false,"ev":"game","ms":1131139,"predicted":false,"t":2,"tick":64301,"type":"hit"}
[client] {"a":7,"dup":false,"ev":"game","ms":1131408,"predicted":false,"t":2,"tick":64317,"type":"hit"}
[client] {"a":5,"dup":false,"ev":"game","ms":1131677,"predicted":false,"t":-1,"tick":64338,"type":"respawn"}
[client] {"a":3,"dup":false,"ev":"game","ms":1132043,"predicted":false,"t":8,"tick":64355,"type":"hit"}
[client] {"a":4,"dup":false,"ev":"game","ms":1132429,"predicted":false,"t":7,"tick":64378,"type":"hit"}
[client] {"a":2,"dup":false,"ev":"game","ms":1132443,"predicted":false,"t":9,"tick":64379,"type":"hit"}
[client] {"a":2,"dup":false,"ev":"game","ms":1132457,"predicted":false,"t":7,"tick":64380,"type":"hit"}
[client] {"a":9,"dup":false,"ev":"game","ms":1132843,"predicted":false,"t":2,"tick":64403,"type":"hit"}
[client] {"a":3,"dup":false,"ev":"game","ms":1132975,"predicted":false,"t":7,"tick":64411,"type":"block"}
[client] {"a":9,"dup":false,"ev":"game","ms":1133078,"predicted":false,"t":2,"tick":64417,"type":"hit"}
[client] {"a":2,"dup":false,"ev":"game","ms":1133644,"predicted":false,"t":9,"tick":64451,"type":"hit"}
[client] {"a":3,"dup":false,"ev":"game","ms":1133843,"predicted":false,"t":9,"tick":64463,"type":"hit"}
[client] {"a":8,"dup":false,"ev":"game","ms":1134009,"predicted":false,"t":4,"tick":64473,"type":"hit"}
[client] {"a":7,"dup":false,"ev":"game","ms":1134057,"predicted":false,"t":4,"tick":64476,"type":"hit"}
[client] {"a":7,"dup":false,"ev":"game","ms":1134541,"predicted":false,"t":4,"tick":64505,"type":"block"}
[client] {"a":3,"dup":false,"ev":"game","ms":1134644,"predicted":false,"t":8,"tick":64511,"type":"hit"}
[client] {"a":2,"dup":false,"ev":"game","ms":1134658,"predicted":false,"t":9,"tick":64512,"type":"hit"}
[client] {"counts":{"blocks_on_me":18,"conf_actions":726,"confirmed_hits":2411,"dup_confirmed":117,"hits_on_me":306,"pred_actions":863,"predicted_confirmed":239,"predicted_hits":746,"reconnects":0},"ev":"stats","hp":260.0,"in_bytes":14625333,"late":0,"local_entity":5,"match":{"countdown_until":58498,"ctrl":-1,"final":false,"next":"","phase":3,"rot":1164,"scores":[8,6],"sd":false,"state":3,"tick":6036,"zone":"A"},"max_err":2.215,"mean_err":0.0161,"ms":1134960,"out_bytes":3327503,"pending":9,"pos":[1.83,32.42],"reconciles":21444,"server_tick":64535,"snaps":21480,"teleports":23}
[client] {"a":7,"dup":false,"ev":"game","ms":1135033,"predicted":false,"t":3,"tick":64534,"type":"hit"}
[client] {"a":7,"dup":false,"ev":"game","ms":1135044,"predicted":false,"t":4,"tick":64535,"type":"block"}
[client] {"a":9,"dup":false,"ev":"game","ms":1135314,"predicted":false,"t":4,"tick":64551,"type":"block"}
[client] {"a":7,"dup":false,"ev":"game","ms":1135679,"predicted":false,"t":4,"tick":64573,"type":"block"}
[client] {"a":9,"dup":false,"ev":"game","ms":1135832,"predicted":false,"t":4,"tick":64582,"type":"block"}
[client] {"a":8,"dup":false,"ev":"game","ms":1136031,"predicted":false,"t":4,"tick":64594,"type":"hit"}
[client] {"a":9,"dup":false,"ev":"game","ms":1136327,"predicted":false,"t":4,"tick":64612,"type":"hit"}
[client] {"a":2,"dup":false,"ev":"game","ms":1136527,"predicted":false,"t":8,"tick":64624,"type":"hit"}
[client] {"a":2,"dup":false,"ev":"game","ms":1136597,"predicted":false,"t":7,"tick":64628,"type":"hit"}
[client] {"a":3,"dup":false,"ev":"game","ms":1136659,"predicted":false,"t":9,"tick":64632,"type":"hit"}
[client] {"a":2,"dup":false,"ev":"game","ms":1137355,"predicted":false,"t":9,"tick":64674,"type":"hit"}
[client] {"a":3,"dup":false,"ev":"game","ms":1137390,"predicted":false,"t":9,"tick":64676,"type":"hit"}
[client] {"a":7,"dup":false,"ev":"game","ms":1137722,"predicted":false,"t":2,"tick":64696,"type":"hit"}
[client] {"a":7,"dup":false,"ev":"game","ms":1137756,"predicted":false,"t":3,"tick":64698,"type":"hit"}
[client] {"a":1,"dup":false,"ev":"game","ms":1137804,"predicted":false,"t":6,"tick":64701,"type":"hit"}
[client] {"a":1,"dup":false,"ev":"game","ms":1138107,"predicted":false,"t":6,"tick":64719,"type":"hit"}
[client] {"a":7,"dup":false,"ev":"game","ms":1138522,"predicted":false,"t":4,"tick":64744,"type":"hit"}
[client] {"a":1,"dup":false,"ev":"game","ms":1138591,"predicted":false,"t":6,"tick":64748,"type":"hit"}
[client] {"a":0,"dup":false,"ev":"game","ms":1138805,"predicted":false,"t":6,"tick":64761,"type":"hit"}
[client] {"a":6,"dup":false,"ev":"game","ms":1139876,"predicted":false,"t":1,"tick":64825,"type":"hit"}
[client] {"counts":{"blocks_on_me":18,"conf_actions":726,"confirmed_hits":2427,"dup_confirmed":119,"hits_on_me":306,"pred_actions":863,"predicted_confirmed":239,"predicted_hits":746,"reconnects":0},"ev":"stats","hp":260.0,"in_bytes":14694037,"late":0,"local_entity":5,"match":{"countdown_until":58498,"ctrl":-1,"final":false,"next":"C","phase":3,"rot":864,"scores":[8,6],"sd":false,"state":3,"tick":6336,"zone":"A"},"max_err":2.215,"mean_err":0.016,"ms":1139956,"out_bytes":3342203,"pending":9,"pos":[-21.48,12.46],"reconciles":21544,"server_tick":64835,"snaps":21580,"teleports":23}
[client] {"a":4,"dup":false,"ev":"game","ms":1140357,"predicted":false,"t":9,"tick":64854,"type":"hit"}
[client] {"a":3,"dup":false,"ev":"game","ms":1140440,"predicted":false,"t":9,"tick":64859,"type":"hit"}
[client] {"a":6,"dup":false,"ev":"game","ms":1140553,"predicted":false,"t":1,"tick":64865,"type":"hit"}
[client] {"a":0,"dup":false,"ev":"game","ms":1140835,"predicted":false,"t":6,"tick":64883,"type":"hit"}
[client] {"a":0,"dup":false,"ev":"game","ms":1141070,"predicted":false,"t":6,"tick":64897,"type":"hit"}
[client] {"a":0,"dup":false,"ev":"game","ms":1141939,"predicted":false,"t":6,"tick":64949,"type":"hit"}
[client] {"a":5,"dup":true,"ev":"game","ms":1143834,"predicted":false,"t":0,"tick":65068,"type":"hit"}
[client] {"a":1,"dup":false,"ev":"game","ms":1144248,"predicted":false,"t":6,"tick":65088,"type":"block"}
[client] {"a":7,"dup":false,"ev":"game","ms":1144338,"predicted":false,"t":3,"tick":65093,"type":"hit"}
[client] {"a":5,"dup":true,"ev":"game","ms":1144786,"predicted":false,"t":1,"tick":65125,"type":"hit"}
[client] {"a":4,"dup":false,"ev":"game","ms":1144800,"predicted":false,"t":7,"tick":65121,"type":"hit"}
[client] {"a":0,"dup":false,"ev":"game","ms":1144917,"predicted":false,"t":6,"tick":65128,"type":"block"}
[client] {"counts":{"blocks_on_me":18,"conf_actions":728,"confirmed_hits":2437,"dup_confirmed":122,"hits_on_me":306,"pred_actions":865,"predicted_confirmed":241,"predicted_hits":751,"reconnects":0},"ev":"stats","hp":260.0,"in_bytes":14761213,"late":0,"local_entity":5,"match":{"countdown_until":58498,"ctrl":-1,"final":false,"next":"C","phase":3,"rot":564,"scores":[8,6],"sd":false,"state":3,"tick":6636,"zone":"A"},"max_err":2.215,"mean_err":0.016,"ms":1144951,"out_bytes":3356903,"pending":9,"pos":[-41.01,0.67],"reconciles":21643,"server_tick":65134,"snaps":21680,"teleports":23}
[client] {"a":0,"dup":false,"ev":"game","ms":1145235,"predicted":false,"t":6,"tick":65147,"type":"block"}
[client] {"a":5,"dup":true,"ev":"game","ms":1145483,"predicted":false,"t":0,"tick":65167,"type":"hit"}
[client] {"a":1,"dup":false,"ev":"game","ms":1146352,"predicted":false,"t":5,"tick":65214,"type":"hit"}
[client] {"a":1,"dup":false,"ev":"game","ms":1146352,"predicted":false,"t":6,"tick":65214,"type":"block"}
[client] {"a":1,"dup":false,"ev":"game","ms":1146953,"predicted":false,"t":6,"tick":65250,"type":"hit"}
[client] {"a":0,"dup":false,"ev":"game","ms":1147022,"predicted":false,"t":6,"tick":65254,"type":"hit"}
[client] {"a":1,"dup":false,"ev":"game","ms":1147305,"predicted":false,"t":6,"tick":65271,"type":"hit"}
[client] {"a":1,"dup":false,"ev":"game","ms":1147353,"predicted":false,"t":5,"tick":65274,"type":"hit"}
[client] {"a":6,"dup":false,"ev":"game","ms":1147671,"predicted":false,"t":1,"tick":65293,"type":"hit"}
[client] {"a":0,"dup":false,"ev":"game","ms":1147905,"predicted":false,"t":5,"tick":65307,"type":"hit"}
[client] {"a":0,"dup":false,"ev":"game","ms":1147905,"predicted":false,"t":6,"tick":65307,"type":"hit"}
[client] {"a":1,"dup":false,"ev":"game","ms":1147988,"predicted":false,"t":6,"tick":65312,"type":"hit"}
[client] {"a":6,"dup":false,"ev":"game","ms":1148650,"predicted":false,"t":1,"tick":65352,"type":"hit"}
[client] {"a":6,"dup":false,"ev":"game","ms":1148705,"predicted":false,"t":0,"tick":65355,"type":"hit"}
[client] {"a":1,"dup":false,"ev":"game","ms":1149789,"predicted":false,"t":5,"tick":65420,"type":"hit"}
[client] {"a":1,"dup":false,"ev":"game","ms":1149803,"predicted":false,"t":6,"tick":65421,"type":"hit"}
[client] {"a":6,"dup":false,"ev":"game","ms":1149804,"predicted":false,"t":-1,"tick":65421,"type":"ko"}
[client] {"a":0,"dup":false,"ev":"game","ms":1149824,"predicted":false,"t":5,"tick":65422,"type":"hit"}
[client] {"counts":{"blocks_on_me":18,"conf_actions":734,"confirmed_hits":2452,"dup_confirmed":125,"hits_on_me":311,"pred_actions":873,"predicted_confirmed":242,"predicted_hits":754,"reconnects":0},"ev":"stats","hp":134.0,"in_bytes":14834979,"late":0,"local_entity":5,"match":{"countdown_until":58498,"ctrl":-1,"final":false,"next":"C","phase":3,"rot":264,"scores":[8,6],"sd":false,"state":3,"tick":6936,"zone":"A"},"max_err":2.215,"mean_err":0.0162,"ms":1149953,"out_bytes":3371603,"pending":9,"pos":[-41.1,-0.04],"reconciles":21743,"server_tick":65434,"snaps":21780,"teleports":23}
[client] {"a":0,"dup":false,"ev":"game","ms":1150189,"predicted":false,"t":5,"tick":65444,"type":"hit"}
[client] {"a":1,"dup":false,"ev":"game","ms":1150438,"predicted":false,"t":5,"tick":65459,"type":"hit"}
[client] {"a":5,"dup":true,"ev":"game","ms":1150741,"predicted":false,"t":1,"tick":65482,"type":"hit"}
[client] {"a":0,"dup":false,"ev":"game","ms":1150851,"predicted":false,"t":5,"tick":65484,"type":"hit"}
[client] {"a":5,"dup":false,"ev":"game","ms":1151355,"predicted":false,"t":4,"tick":65519,"type":"block"}
[client] {"a":5,"dup":false,"ev":"game","ms":1152004,"predicted":false,"t":4,"tick":65558,"type":"block"}
[client] {"a":5,"dup":true,"ev":"game","ms":1152371,"predicted":false,"t":4,"tick":65580,"type":"hit"}
[client] {"a":5,"dup":true,"ev":"game","ms":1152687,"predicted":false,"t":4,"tick":65599,"type":"hit"}
[client] {"a":-1,"dup":false,"ev":"game","ms":1154405,"predicted":false,"t":-1,"tick":65697,"type":"zone_rotated"}
[client] {"a":5,"dup":true,"ev":"game","ms":1154640,"predicted":false,"t":0,"tick":65716,"type":"hit"}
[client] {"counts":{"blocks_on_me":18,"conf_actions":744,"confirmed_hits":2459,"dup_confirmed":126,"hits_on_me":314,"pred_actions":882,"predicted_confirmed":246,"predicted_hits":768,"reconnects":0},"ev":"stats","hp":60.0,"in_bytes":14905949,"late":0,"local_entity":5,"match":{"countdown_until":58498,"ctrl":0,"final":false,"next":"","phase":3,"rot":3564,"scores":[8,6],"sd":false,"state":2,"tick":7236,"zone":"C"},"max_err":2.215,"mean_err":0.0163,"ms":1154956,"out_bytes":3386303,"pending":9,"pos":[-40.41,0.96],"reconciles":21843,"server_tick":65734,"snaps":21880,"teleports":23}
[client] {"a":0,"dup":false,"ev":"game","ms":1155109,"predicted":false,"t":5,"tick":65739,"type":"hit"}
[client] {"a":1,"dup":false,"ev":"game","ms":1155227,"predicted":false,"t":5,"tick":65746,"type":"hit"}
[client] {"a":0,"dup":false,"ev":"game","ms":1155475,"predicted":false,"t":5,"tick":65761,"type":"hit"}
[client] {"a":5,"dup":false,"ev":"game","ms":1155640,"predicted":false,"t":-1,"tick":65776,"type":"ko"}
[client] {"a":2,"dup":false,"ev":"game","ms":1155675,"predicted":false,"t":8,"tick":65773,"type":"hit"}
[client] {"a":0,"dup":false,"ev":"game","ms":1155723,"predicted":false,"t":5,"tick":65776,"type":"hit"}
[client] {"a":2,"dup":false,"ev":"game","ms":1156157,"predicted":false,"t":8,"tick":65802,"type":"hit"}
[client] {"a":9,"dup":false,"ev":"game","ms":1156309,"predicted":false,"t":2,"tick":65811,"type":"hit"}
[client] {"a":9,"dup":false,"ev":"game","ms":1157075,"predicted":false,"t":2,"tick":65857,"type":"block"}
[client] {"a":3,"dup":false,"ev":"game","ms":1157427,"predicted":false,"t":8,"tick":65878,"type":"hit"}
[client] {"a":9,"dup":false,"ev":"game","ms":1157572,"predicted":false,"t":2,"tick":65887,"type":"block"}
[client] {"a":3,"dup":false,"ev":"game","ms":1157641,"predicted":false,"t":9,"tick":65891,"type":"hit"}
[client] {"a":3,"dup":false,"ev":"game","ms":1157663,"predicted":false,"t":8,"tick":65892,"type":"hit"}
[client] {"a":8,"dup":false,"ev":"game","ms":1158207,"predicted":false,"t":3,"tick":65925,"type":"hit"}
[client] {"a":3,"dup":false,"ev":"game","ms":1159207,"predicted":false,"t":8,"tick":65985,"type":"hit"}
[client] {"a":3,"dup":false,"ev":"game","ms":1159228,"predicted":false,"t":9,"tick":65986,"type":"hit"}
[client] {"a":2,"dup":false,"ev":"game","ms":1159442,"predicted":false,"t":8,"tick":65999,"type":"hit"}
[client] {"a":3,"dup":false,"ev":"game","ms":1159746,"predicted":false,"t":8,"tick":66017,"type":"hit"}
[client] {"a":6,"dup":false,"ev":"game","ms":1159808,"predicted":false,"t":-1,"tick":66021,"type":"respawn"}
[client] {"counts":{"blocks_on_me":18,"conf_actions":746,"confirmed_hits":2474,"dup_confirmed":128,"hits_on_me":318,"pred_actions":886,"predicted_confirmed":246,"predicted_hits":768,"reconnects":0},"ev":"stats","hp":0.0,"in_bytes":14975690,"late":0,"local_entity":5,"match":{"countdown_until":58498,"ctrl":-1,"final":false,"next":"","phase":3,"rot":3264,"scores":[9,6],"sd":false,"state":3,"tick":7536,"zone":"C"},"max_err":2.215,"mean_err":0.0163,"ms":1159958,"out_bytes":3401003,"pending":9,"pos":[-39.47,1.63],"reconciles":21943,"server_tick":66035,"snaps":21980,"teleports":23}
[client] {"a":2,"dup":false,"ev":"game","ms":1160145,"predicted":false,"t":8,"tick":66041,"type":"block"}
[client] {"a":3,"dup":false,"ev":"game","ms":1160242,"predicted":false,"t":8,"tick":66047,"type":"block"}
[client] {"a":2,"dup":false,"ev":"game","ms":1161712,"predicted":false,"t":9,"tick":66135,"type":"block"}
[client] {"a":7,"dup":false,"ev":"game","ms":1163044,"predicted":false,"t":3,"tick":66215,"type":"hit"}
[client] {"a":7,"dup":false,"ev":"game","ms":1163741,"predicted":false,"t":2,"tick":66257,"type":"hit"}
[client] {"a":7,"dup":false,"ev":"game","ms":1164003,"predicted":false,"t":2,"tick":66273,"type":"hit"}
[client] {"a":7,"dup":false,"ev":"game","ms":1164799,"predicted":false,"t":2,"tick":66321,"type":"hit"}
[client] {"a":9,"dup":false,"ev":"game","ms":1164902,"predicted":false,"t":2,"tick":66327,"type":"hit"}
[client] {"counts":{"blocks_on_me":18,"conf_actions":746,"confirmed_hits":2479,"dup_confirmed":130,"hits_on_me":318,"pred_actions":886,"predicted_confirmed":246,"predicted_hits":768,"reconnects":0},"ev":"stats","hp":0.0,"in_bytes":15037280,"late":0,"local_entity":5,"match":{"countdown_until":58498,"ctrl":-1,"final":false,"next":"","phase":3,"rot":2964,"scores":[9,6],"sd":false,"state":3,"tick":7836,"zone":"C"},"max_err":2.215,"mean_err":0.0162,"ms":1164949,"out_bytes":3415703,"pending":9,"pos":[-39.47,1.63],"reconciles":22043,"server_tick":66335,"snaps":22080,"teleports":23}
[client] {"a":7,"dup":false,"ev":"game","ms":1165303,"predicted":false,"t":2,"tick":66351,"type":"hit"}
[client] {"a":4,"dup":false,"ev":"game","ms":1165516,"predicted":false,"t":7,"tick":66364,"type":"hit"}
[client] {"a":8,"dup":false,"ev":"game","ms":1165516,"predicted":false,"t":2,"tick":66364,"type":"hit"}
[client] {"a":5,"dup":false,"ev":"game","ms":1165634,"predicted":false,"t":-1,"tick":66376,"type":"respawn"}
[client] {"a":2,"dup":false,"ev":"game","ms":1166151,"predicted":false,"t":8,"tick":66402,"type":"hit"}
[client] {"a":0,"dup":false,"ev":"game","ms":1166600,"predicted":false,"t":8,"tick":66429,"type":"hit"}
[client] {"a":4,"dup":false,"ev":"game","ms":1166787,"predicted":false,"t":8,"tick":66440,"type":"hit"}
[client] {"a":9,"dup":false,"ev":"game","ms":1167573,"predicted":false,"t":4,"tick":66487,"type":"hit"}
[client] {"a":0,"dup":false,"ev":"game","ms":1167939,"predicted":false,"t":9,"tick":66509,"type":"hit"}
[client] {"a":2,"dup":false,"ev":"game","ms":1169071,"predicted":false,"t":7,"tick":66577,"type":"hit"}
[client] {"a":2,"dup":false,"ev":"game","ms":1169587,"predicted":false,"t":7,"tick":66608,"type":"block"}
[client] {"counts":{"blocks_on_me":18,"conf_actions":746,"confirmed_hits":2488,"dup_confirmed":132,"hits_on_me":318,"pred_actions":886,"predicted_confirmed":246,"predicted_hits":768,"reconnects":0},"ev":"stats","hp":260.0,"in_bytes":15103080,"late":0,"local_entity":5,"match":{"countdown_until":58498,"ctrl":-1,"final":false,"next":"","phase":3,"rot":2664,"scores":[9,6],"sd":false,"state":3,"tick":8136,"zone":"C"},"max_err":2.215,"mean_err":0.0161,"ms":1169952,"out_bytes":3430403,"pending":9,"pos":[1.98,21.78],"reconciles":22142,"server_tick":66635,"snaps":22180,"teleports":24}
[client] {"a":9,"dup":false,"ev":"game","ms":1170067,"predicted":false,"t":0,"tick":66637,"type":"hit"}
[client] {"a":9,"dup":false,"ev":"game","ms":1170302,"predicted":false,"t":0,"tick":66651,"type":"hit"}
[client] {"a":2,"dup":false,"ev":"game","ms":1170467,"predicted":false,"t":7,"tick":66661,"type":"hit"}
[client] {"a":9,"dup":false,"ev":"game","ms":1170980,"predicted":false,"t":0,"tick":66691,"type":"hit"}
[client] {"a":2,"dup":false,"ev":"game","ms":1171393,"predicted":false,"t":7,"tick":66716,"type":"hit"}
[client] {"a":6,"dup":false,"ev":"game","ms":1172297,"predicted":false,"t":1,"tick":66771,"type":"hit"}
[client] {"a":7,"dup":false,"ev":"game","ms":1172297,"predicted":false,"t":4,"tick":66771,"type":"hit"}
[client] {"a":0,"dup":false,"ev":"game","ms":1172498,"predicted":false,"t":6,"tick":66783,"type":"hit"}
[client] {"a":2,"dup":false,"ev":"game","ms":1172677,"predicted":false,"t":7,"tick":66794,"type":"hit"}
[client] {"a":0,"dup":false,"ev":"game","ms":1172842,"predicted":false,"t":6,"tick":66804,"type":"hit"}
[client] {"a":1,"dup":false,"ev":"game","ms":1172912,"predicted":false,"t":6,"tick":66808,"type":"hit"}
[client] {"a":9,"dup":false,"ev":"game","ms":1173726,"predicted":false,"t":0,"tick":66856,"type":"hit"}
[client] {"a":2,"dup":false,"ev":"game","ms":1173960,"predicted":false,"t":7,"tick":66870,"type":"hit"}
[client] {"a":1,"dup":false,"ev":"game","ms":1174043,"predicted":false,"t":9,"tick":66875,"type":"hit"}
[client] {"a":2,"dup":false,"ev":"game","ms":1174429,"predicted":false,"t":7,"tick":66899,"type":"block"}
[client] {"a":4,"dup":false,"ev":"game","ms":1174526,"predicted":false,"t":7,"tick":66905,"type":"hit"}
[client] {"a":3,"dup":false,"ev":"game","ms":1174898,"predicted":false,"t":7,"tick":66927,"type":"hit"}
[client] {"counts":{"blocks_on_me":18,"conf_actions":746,"confirmed_hits":2504,"dup_confirmed":133,"hits_on_me":318,"pred_actions":886,"predicted_confirmed":246,"predicted_hits":768,"reconnects":0},"ev":"stats","hp":260.0,"in_bytes":15170964,"late":0,"local_entity":5,"match":{"countdown_until":58498,"ctrl":-1,"final":false,"next":"","phase":3,"rot":2361,"scores":[9,6],"sd":false,"state":3,"tick":8439,"zone":"C"},"max_err":2.215,"mean_err":0.0161,"ms":1174959,"out_bytes":3445103,"pending":9,"pos":[31.24,6.62],"reconciles":22242,"server_tick":66935,"snaps":22281,"teleports":24}
[client] {"a":0,"dup":false,"ev":"game","ms":1175479,"predicted":false,"t":6,"tick":66962,"type":"hit"}
[client] {"a":9,"dup":false,"ev":"game","ms":1175796,"predicted":false,"t":1,"tick":66981,"type":"hit"}
[client] {"a":1,"dup":false,"ev":"game","ms":1176195,"predicted":false,"t":9,"tick":67005,"type":"hit"}
[client] {"a":6,"dup":false,"ev":"game","ms":1176548,"predicted":false,"t":0,"tick":67026,"type":"hit"}
[client] {"a":1,"dup":false,"ev":"game","ms":1176665,"predicted":false,"t":9,"tick":67033,"type":"block"}
[client] {"a":1,"dup":false,"ev":"game","ms":1176975,"predicted":false,"t":9,"tick":67052,"type":"block"}
[client] {"a":6,"dup":false,"ev":"game","ms":1177058,"predicted":false,"t":0,"tick":67057,"type":"hit"}
[client] {"a":0,"dup":false,"ev":"game","ms":1177437,"predicted":false,"t":9,"tick":67079,"type":"block"}
[client] {"a":1,"dup":false,"ev":"game","ms":1177658,"predicted":false,"t":9,"tick":67092,"type":"guard_break"}
[client] {"a":0,"dup":false,"ev":"game","ms":1177777,"predicted":false,"t":9,"tick":67099,"type":"hit"}
[client] {"a":6,"dup":false,"ev":"game","ms":1177791,"predicted":false,"t":1,"tick":67100,"type":"hit"}
[client] {"a":6,"dup":false,"ev":"game","ms":1177810,"predicted":false,"t":0,"tick":67101,"type":"hit"}
[client] {"a":5,"dup":true,"ev":"game","ms":1178693,"predicted":false,"t":1,"tick":67160,"type":"hit"}
[client] {"a":9,"dup":false,"ev":"game","ms":1178722,"predicted":false,"t":3,"tick":67156,"type":"hit"}
[client] {"a":0,"dup":false,"ev":"game","ms":1178941,"predicted":false,"t":9,"tick":67169,"type":"hit"}
[client] {"a":1,"dup":false,"ev":"game","ms":1179225,"predicted":false,"t":8,"tick":67186,"type":"hit"}
[client] {"a":5,"dup":true,"ev":"game","ms":1179273,"predicted":false,"t":1,"tick":67194,"type":"hit"}
[client] {"a":5,"dup":true,"ev":"game","ms":1179590,"predicted":false,"t":1,"tick":67213,"type":"hit"}
[client] {"counts":{"blocks_on_me":18,"conf_actions":752,"confirmed_hits":2518,"dup_confirmed":137,"hits_on_me":318,"pred_actions":893,"predicted_confirmed":249,"predicted_hits":773,"reconnects":0},"ev":"stats","hp":260.0,"in_bytes":15244887,"late":0,"local_entity":5,"match":{"countdown_until":58498,"ctrl":-1,"final":false,"next":"","phase":3,"rot":2064,"scores":[9,6],"sd":false,"state":3,"tick":8736,"zone":"C"},"max_err":2.215,"mean_err":0.016,"ms":1179955,"out_bytes":3459803,"pending":9,"pos":[38.63,-0.16],"reconciles":22342,"server_tick":67235,"snaps":22380,"teleports":24}
[client] {"a":1,"dup":false,"ev":"game","ms":1180039,"predicted":false,"t":5,"tick":67235,"type":"hit"}
[client] {"a":1,"dup":false,"ev":"game","ms":1180356,"predicted":false,"t":5,"tick":67254,"type":"hit"}
[client] {"a":1,"dup":false,"ev":"game","ms":1181426,"predicted":false,"t":5,"tick":67318,"type":"hit"}
[client] {"a":0,"dup":false,"ev":"game","ms":1181439,"predicted":false,"t":8,"tick":67319,"type":"hit"}
[client] {"a":1,"dup":false,"ev":"game","ms":1181495,"predicted":false,"t":8,"tick":67322,"type":"hit"}
[client] {"a":0,"dup":false,"ev":"game","ms":1181812,"predicted":false,"t":8,"tick":67341,"type":"hit"}
[client] {"a":4,"dup":false,"ev":"game","ms":1182785,"predicted":false,"t":6,"tick":67400,"type":"hit"}
[client] {"a":3,"dup":false,"ev":"game","ms":1182869,"predicted":false,"t":5,"tick":67405,"type":"hit"}
[client] {"a":0,"dup":false,"ev":"game","ms":1182987,"predicted":false,"t":6,"tick":67412,"type":"hit"}
[client] {"a":5,"dup":false,"ev":"game","ms":1183151,"predicted":false,"t":1,"tick":67427,"type":"hit"}
[client] {"a":5,"dup":false,"ev":"game","ms":1183489,"predicted":false,"t":1,"tick":67447,"type":"hit"}
[client] {"a":1,"dup":false,"ev":"game","ms":1183574,"predicted":false,"t":-1,"tick":67447,"type":"ko"}
[client] {"a":6,"dup":false,"ev":"game","ms":1183870,"predicted":false,"t":0,"tick":67465,"type":"hit"}
[client] {"a":3,"dup":false,"ev":"game","ms":1184055,"predicted":false,"t":5,"tick":67476,"type":"hit"}
[client] {"a":6,"dup":false,"ev":"game","ms":1184207,"predicted":false,"t":0,"tick":67485,"type":"hit"}
[client] {"a":5,"dup":false,"ev":"game","ms":1184352,"predicted":false,"t":3,"tick":67499,"type":"block"}
[client] {"a":0,"dup":false,"ev":"game","ms":1184607,"predicted":false,"t":6,"tick":67509,"type":"hit"}
[client] {"a":0,"dup":false,"ev":"game","ms":1184938,"predicted":false,"t":6,"tick":67529,"type":"block"}
[client] {"counts":{"blocks_on_me":18,"conf_actions":760,"confirmed_hits":2533,"dup_confirmed":141,"hits_on_me":323,"pred_actions":904,"predicted_confirmed":249,"predicted_hits":776,"reconnects":0},"ev":"stats","hp":174.0,"in_bytes":15317476,"late":0,"local_entity":5,"match":{"countdown_until":58498,"ctrl":-1,"final":false,"next":"","phase":3,"rot":1764,"scores":[9,6],"sd":false,"state":3,"tick":9036,"zone":"C"},"max_err":2.215,"mean_err":0.0161,"ms":1184951,"out_bytes":3474503,"pending":9,"pos":[39.12,1.59],"reconciles":22442,"server_tick":67535,"snaps":22480,"teleports":24}
[client] {"a":6,"dup":false,"ev":"game","ms":1185222,"predicted":false,"t":0,"tick":67546,"type":"hit"}
[client] {"a":0,"dup":false,"ev":"game","ms":1185222,"predicted":false,"t":-1,"tick":67546,"type":"ko"}
[client] {"a":5,"dup":true,"ev":"game","ms":1185926,"predicted":false,"t":3,"tick":67594,"type":"hit"}
[client] {"a":4,"dup":false,"ev":"game","ms":1186022,"predicted":false,"t":5,"tick":67594,"type":"hit"}
[client] {"a":3,"dup":false,"ev":"game","ms":1186836,"predicted":false,"t":5,"tick":67643,"type":"hit"}
[client] {"a":6,"dup":false,"ev":"game","ms":1187105,"predicted":false,"t":4,"tick":67659,"type":"hit"}
[client] {"a":3,"dup":false,"ev":"game","ms":1187443,"predicted":false,"t":5,"tick":67679,"type":"hit"}
[client] {"a":6,"dup":false,"ev":"game","ms":1187443,"predicted":false,"t":4,"tick":67679,"type":"block"}
[client] {"a":2,"dup":false,"ev":"game","ms":1187609,"predicted":false,"t":5,"tick":67689,"type":"hit"}
[client] {"a":6,"dup":false,"ev":"game","ms":1187788,"predicted":false,"t":4,"tick":67700,"type":"block"}
[client] {"a":2,"dup":false,"ev":"game","ms":1188388,"predicted":false,"t":5,"tick":67736,"type":"hit"}
[client] {"a":2,"dup":false,"ev":"game","ms":1188409,"predicted":false,"t":7,"tick":67737,"type":"hit"}
[client] {"a":6,"dup":false,"ev":"game","ms":1188409,"predicted":false,"t":4,"tick":67737,"type":"block"}
[client] {"a":9,"dup":false,"ev":"game","ms":1189892,"predicted":false,"t":4,"tick":67826,"type":"hit"}
[client] {"a":3,"dup":false,"ev":"game","ms":1189941,"predicted":false,"t":7,"tick":67829,"type":"hit"}
[client] {"counts":{"blocks_on_me":18,"conf_actions":768,"confirmed_hits":2544,"dup_confirmed":143,"hits_on_me":328,"pred_actions":912,"predicted_confirmed":250,"predicted_hits":780,"reconnects":0},"ev":"stats","hp":60.0,"in_bytes":15386786,"late":0,"local_entity":5,"match":{"countdown_until":58498,"ctrl":-1,"final":false,"next":"","phase":3,"rot":1464,"scores":[9,6],"sd":false,"state":3,"tick":9336,"zone":"C"},"max_err":2.215,"mean_err":0.0163,"ms":1189953,"out_bytes":3489203,"pending":9,"pos":[36.78,4.37],"reconciles":22542,"server_tick":67835,"snaps":22580,"teleports":24}
[client] {"a":7,"dup":false,"ev":"game","ms":1190644,"predicted":false,"t":4,"tick":67871,"type":"hit"}
[client] {"a":3,"dup":false,"ev":"game","ms":1190741,"predicted":false,"t":5,"tick":67877,"type":"hit"}
[client] {"a":7,"dup":false,"ev":"game","ms":1190907,"predicted":false,"t":4,"tick":67887,"type":"hit"}
[client] {"a":9,"dup":false,"ev":"game","ms":1190989,"predicted":false,"t":3,"tick":67892,"type":"hit"}
[client] {"a":5,"dup":true,"ev":"game","ms":1190989,"predicted":false,"t":4,"tick":67897,"type":"hit"}
[client] {"a":2,"dup":false,"ev":"game","ms":1191355,"predicted":false,"t":6,"tick":67914,"type":"hit"}
[client] {"a":5,"dup":true,"ev":"game","ms":1191473,"predicted":false,"t":4,"tick":67926,"type":"hit"}
[client] {"a":2,"dup":false,"ev":"game","ms":1192591,"predicted":false,"t":5,"tick":67988,"type":"hit"}
[client] {"a":5,"dup":false,"ev":"game","ms":1192846,"predicted":false,"t":2,"tick":68008,"type":"block"}
[client] {"a":5,"dup":false,"ev":"game","ms":1193129,"predicted":false,"t":2,"tick":68026,"type":"block"}
[client] {"a":1,"dup":false,"ev":"game","ms":1193577,"predicted":false,"t":-1,"tick":68047,"type":"respawn"}
[client] {"a":5,"dup":false,"ev":"game","ms":1193729,"predicted":false,"t":2,"tick":68062,"type":"block"}
[client] {"a":5,"dup":false,"ev":"game","ms":1194275,"predicted":false,"t":2,"tick":68094,"type":"guard_break"}
[client] {"a":7,"dup":false,"ev":"game","ms":1194412,"predicted":false,"t":2,"tick":68097,"type":"hit"}
[client] {"a":7,"dup":false,"ev":"game","ms":1194909,"predicted":false,"t":2,"tick":68127,"type":"hit"}
[client] {"counts":{"blocks_on_me":18,"conf_actions":777,"confirmed_hits":2554,"dup_confirmed":144,"hits_on_me":330,"pred_actions":921,"predicted_confirmed":252,"predicted_hits":799,"reconnects":0},"ev":"stats","hp":24.0,"in_bytes":15454524,"late":0,"local_entity":5,"match":{"countdown_until":58498,"ctrl":-1,"final":false,"next":"","phase":3,"rot":1161,"scores":[9,6],"sd":false,"state":3,"tick":9639,"zone":"C"},"max_err":2.215,"mean_err":0.0164,"ms":1194964,"out_bytes":3503903,"pending":9,"pos":[38.28,3.98],"reconciles":22642,"server_tick":68135,"snaps":22681,"teleports":24}
[client] {"a":5,"dup":true,"ev":"game","ms":1195047,"predicted":false,"t":2,"tick":68140,"type":"hit"}
[client] {"a":0,"dup":false,"ev":"game","ms":1195227,"predicted":false,"t":-1,"tick":68146,"type":"respawn"}
[client] {"a":7,"dup":false,"ev":"game","ms":1195413,"predicted":false,"t":2,"tick":68157,"type":"hit"}
[client] {"a":2,"dup":false,"ev":"game","ms":1195413,"predicted":false,"t":-1,"tick":68157,"type":"ko"}
[client] {"a":8,"dup":false,"ev":"game","ms":1199270,"predicted":false,"t":3,"tick":68389,"type":"hit"}
[client] {"counts":{"blocks_on_me":18,"conf_actions":778,"confirmed_hits":2557,"dup_confirmed":144,"hits_on_me":330,"pred_actions":922,"predicted_confirmed":253,"predicted_hits":801,"reconnects":0},"ev":"stats","hp":24.0,"in_bytes":15513599,"late":0,"local_entity":5,"match":{"countdown_until":58498,"ctrl":1,"final":false,"next":"B","phase":3,"rot":861,"scores":[9,10],"sd":false,"state":2,"tick":9939,"zone":"C"},"max_err":2.215,"mean_err":0.0163,"ms":1199958,"out_bytes":3518603,"pending":9,"pos":[41.62,0.45],"reconciles":22742,"server_tick":68435,"snaps":22781,"teleports":24}
[client] {"a":7,"dup":false,"ev":"game","ms":1204107,"predicted":false,"t":0,"tick":68679,"type":"hit"}
[client] {"counts":{"blocks_on_me":18,"conf_actions":778,"confirmed_hits":2558,"dup_confirmed":144,"hits_on_me":330,"pred_actions":923,"predicted_confirmed":253,"predicted_hits":801,"reconnects":0},"ev":"stats","hp":90.5999999999995,"in_bytes":15572898,"late":0,"local_entity":5,"match":{"countdown_until":58498,"ctrl":-1,"final":false,"next":"B","phase":3,"rot":561,"scores":[9,14],"sd":false,"state":3,"tick":10239,"zone":"C"},"max_err":2.215,"mean_err":0.0163,"ms":1204961,"out_bytes":3533303,"pending":9,"pos":[41.47,0.28],"reconciles":22842,"server_tick":68735,"snaps":22881,"teleports":24}
[client] {"a":2,"dup":false,"ev":"game","ms":1205410,"predicted":false,"t":-1,"tick":68757,"type":"respawn"}
[client] {"a":6,"dup":false,"ev":"game","ms":1205494,"predicted":false,"t":1,"tick":68762,"type":"hit"}
[client] {"a":0,"dup":false,"ev":"game","ms":1205776,"predicted":false,"t":7,"tick":68779,"type":"hit"}
[client] {"a":1,"dup":false,"ev":"game","ms":1205811,"predicted":false,"t":6,"tick":68781,"type":"hit"}
[client] {"a":1,"dup":false,"ev":"game","ms":1206129,"predicted":false,"t":6,"tick":68800,"type":"hit"}
[client] {"a":6,"dup":false,"ev":"game","ms":1206660,"predicted":false,"t":1,"tick":68832,"type":"hit"}
[client] {"a":9,"dup":false,"ev":"game","ms":1206964,"predicted":false,"t":0,"tick":68850,"type":"hit"}
[client] {"a":1,"dup":false,"ev":"game","ms":1206977,"predicted":false,"t":6,"tick":68851,"type":"hit"}
[client] {"a":8,"dup":false,"ev":"game","ms":1206990,"predicted":false,"t":0,"tick":68852,"type":"hit"}
[client] {"a":1,"dup":false,"ev":"game","ms":1207026,"predicted":false,"t":5,"tick":68854,"type":"hit"}
[client] {"a":1,"dup":false,"ev":"game","ms":1207295,"predicted":false,"t":6,"tick":68870,"type":"hit"}
[client] {"a":5,"dup":true,"ev":"game","ms":1207309,"predicted":false,"t":1,"tick":68876,"type":"hit"}
[client] {"a":0,"dup":false,"ev":"game","ms":1207660,"predicted":false,"t":7,"tick":68892,"type":"hit"}
[client] {"a":6,"dup":false,"ev":"game","ms":1207743,"predicted":false,"t":1,"tick":68897,"type":"hit"}
[client] {"a":1,"dup":false,"ev":"game","ms":1208168,"predicted":false,"t":6,"tick":68923,"type":"hit"}
[client] {"a":0,"dup":false,"ev":"game","ms":1208333,"predicted":false,"t":8,"tick":68933,"type":"block"}
[client] {"a":9,"dup":false,"ev":"game","ms":1208520,"predicted":false,"t":0,"tick":68944,"type":"hit"}
[client] {"a":6,"dup":false,"ev":"game","ms":1208554,"predicted":false,"t":1,"tick":68946,"type":"hit"}
[client] {"a":1,"dup":false,"ev":"game","ms":1208885,"predicted":false,"t":6,"tick":68966,"type":"hit"}
[client] {"a":1,"dup":false,"ev":"game","ms":1208920,"predicted":false,"t":5,"tick":68968,"type":"hit"}
[client] {"a":5,"dup":true,"ev":"game","ms":1209189,"predicted":false,"t":1,"tick":68989,"type":"hit"}
[client] {"a":1,"dup":false,"ev":"game","ms":1209202,"predicted":false,"t":6,"tick":68985,"type":"hit"}
[client] {"a":9,"dup":false,"ev":"game","ms":1209472,"predicted":false,"t":0,"tick":69001,"type":"hit"}
[client] {"a":8,"dup":false,"ev":"game","ms":1209520,"predicted":false,"t":0,"tick":69004,"type":"hit"}
[client] {"a":6,"dup":false,"ev":"game","ms":1209589,"predicted":false,"t":1,"tick":69008,"type":"hit"}
[client] {"a":0,"dup":false,"ev":"game","ms":1209886,"predicted":false,"t":9,"tick":69026,"type":"hit"}
[client] {"a":0,"dup":false,"ev":"game","ms":1209900,"predicted":false,"t":8,"tick":69027,"type":"hit"}
[client] {"counts":{"blocks_on_me":18,"conf_actions":786,"confirmed_hits":2583,"dup_confirmed":147,"hits_on_me":332,"pred_actions":932,"predicted_confirmed":255,"predicted_hits":808,"reconnects":0},"ev":"stats","hp":40.5999999999995,"in_bytes":15647205,"late":0,"local_entity":5,"match":{"countdown_until":58498,"ctrl":-1,"final":false,"next":"B","phase":3,"rot":264,"scores":[9,14],"sd":false,"state":3,"tick":10536,"zone":"C"},"max_err":2.215,"mean_err":0.0163,"ms":1209954,"out_bytes":3548003,"pending":9,"pos":[42.38,-1.22],"reconciles":22942,"server_tick":69034,"snaps":22980,"teleports":24}
[client] {"a":1,"dup":false,"ev":"game","ms":1209969,"predicted":false,"t":5,"tick":69031,"type":"hit"}
[client] {"a":1,"dup":false,"ev":"game","ms":1210003,"predicted":false,"t":6,"tick":69033,"type":"hit"}
[client] {"a":1,"dup":false,"ev":"game","ms":1211300,"predicted":false,"t":5,"tick":69111,"type":"hit"}
[client] {"a":6,"dup":false,"ev":"game","ms":1211452,"predicted":false,"t":1,"tick":69120,"type":"hit"}
[client] {"a":0,"dup":false,"ev":"game","ms":1211590,"predicted":false,"t":8,"tick":69128,"type":"hit"}
[client] {"a":1,"dup":false,"ev":"game","ms":1211770,"predicted":false,"t":5,"tick":69139,"type":"hit"}
[client] {"a":1,"dup":false,"ev":"game","ms":1211790,"predicted":false,"t":6,"tick":69140,"type":"hit"}
[client] {"a":0,"dup":false,"ev":"game","ms":1211886,"predicted":false,"t":8,"tick":69146,"type":"block"}
[client] {"a":6,"dup":false,"ev":"game","ms":1212171,"predicted":false,"t":1,"tick":69163,"type":"hit"}
[client] {"a":0,"dup":false,"ev":"game","ms":1212218,"predicted":false,"t":8,"tick":69166,"type":"block"}
[client] {"a":1,"dup":false,"ev":"game","ms":1212971,"predicted":false,"t":6,"tick":69211,"type":"hit"}
[client] {"a":5,"dup":false,"ev":"game","ms":1213135,"predicted":false,"t":1,"tick":69226,"type":"block"}
[client] {"a":6,"dup":false,"ev":"game","ms":1213619,"predicted":false,"t":1,"tick":69250,"type":"hit"}
[client] {"a":0,"dup":false,"ev":"game","ms":1213853,"predicted":false,"t":9,"tick":69264,"type":"hit"}
[client] {"a":-1,"dup":false,"ev":"game","ms":1214405,"predicted":false,"t":-1,"tick":69297,"type":"zone_rotated"}
[client] {"a":8,"dup":false,"ev":"game","ms":1214737,"predicted":false,"t":3,"tick":69317,"type":"hit"}
[client] {"counts":{"blocks_on_me":18,"conf_actions":792,"confirmed_hits":2595,"dup_confirmed":148,"hits_on_me":335,"pred_actions":938,"predicted_confirmed":255,"predicted_hits":813,"reconnects":0},"ev":"stats","hp":4.59999999999947,"in_bytes":15719507,"late":0,"local_entity":5,"match":{"countdown_until":58498,"ctrl":0,"final":false,"next":"","phase":3,"rot":3564,"scores":[9,14],"sd":false,"state":2,"tick":10836,"zone":"B"},"max_err":2.215,"mean_err":0.0164,"ms":1214956,"out_bytes":3562703,"pending":9,"pos":[38.02,-1.49],"reconciles":23042,"server_tick":69334,"snaps":23080,"teleports":24}
[client] {"a":3,"dup":false,"ev":"game","ms":1215537,"predicted":false,"t":8,"tick":69365,"type":"hit"}
[client] {"a":3,"dup":false,"ev":"game","ms":1216006,"predicted":false,"t":8,"tick":69393,"type":"block"}
[client] {"a":3,"dup":false,"ev":"game","ms":1216807,"predicted":false,"t":8,"tick":69441,"type":"guard_break"}
[client] {"a":9,"dup":false,"ev":"game","ms":1216876,"predicted":false,"t":3,"tick":69445,"type":"hit"}
[client] {"a":9,"dup":false,"ev":"game","ms":1217138,"predicted":false,"t":3,"tick":69461,"type":"hit"}
[client] {"a":3,"dup":false,"ev":"game","ms":1217689,"predicted":false,"t":8,"tick":69494,"type":"hit"}
[client] {"a":3,"dup":false,"ev":"game","ms":1218173,"predicted":false,"t":8,"tick":69523,"type":"guard_break"}
[client] {"a":9,"dup":false,"ev":"game","ms":1218241,"predicted":false,"t":3,"tick":69527,"type":"hit"}
[client] {"a":2,"dup":false,"ev":"game","ms":1218595,"predicted":false,"t":7,"tick":69548,"type":"hit"}
[client] {"a":3,"dup":false,"ev":"game","ms":1218725,"predicted":false,"t":8,"tick":69556,"type":"hit"}
[client] {"a":7,"dup":false,"ev":"game","ms":1219090,"predicted":false,"t":2,"tick":69578,"type":"hit"}
[client] {"a":9,"dup":false,"ev":"game","ms":1219311,"predicted":false,"t":3,"tick":69591,"type":"hit"}
[client] {"a":7,"dup":false,"ev":"game","ms":1219539,"predicted":false,"t":2,"tick":69605,"type":"block"}
[client] {"a":4,"dup":false,"ev":"game","ms":1219691,"predicted":false,"t":6,"tick":69614,"type":"hit"}
[client] {"a":7,"dup":false,"ev":"game","ms":1219775,"predicted":false,"t":2,"tick":69619,"type":"block"}
[client] {"counts":{"blocks_on_me":18,"conf_actions":793,"confirmed_hits":2605,"dup_confirmed":148,"hits_on_me":335,"pred_actions":939,"predicted_confirmed":255,"predicted_hits":813,"reconnects":0},"ev":"stats","hp":10.8999999999995,"in_bytes":15790726,"late":0,"local_entity":5,"match":{"countdown_until":58498,"ctrl":-1,"final":false,"next":"","phase":3,"rot":3264,"scores":[9,14],"sd":false,"state":3,"tick":11136,"zone":"B"},"max_err":2.215,"mean_err":0.0163,"ms":1219959,"out_bytes":3577403,"pending":9,"pos":[8.37,-3.78],"reconciles":23142,"server_tick":69634,"snaps":23180,"teleports":24}
[client] {"a":9,"dup":false,"ev":"game","ms":1220043,"predicted":false,"t":3,"tick":69635,"type":"hit"}
[client] {"a":5,"dup":true,"ev":"game","ms":1220112,"predicted":false,"t":4,"tick":69644,"type":"hit"}
[client] {"a":2,"dup":false,"ev":"game","ms":1220423,"predicted":false,"t":7,"tick":69658,"type":"hit"}
[client] {"a":5,"dup":true,"ev":"game","ms":1220478,"predicted":false,"t":4,"tick":69666,"type":"hit"}
[client] {"a":6,"dup":false,"ev":"game","ms":1220691,"predicted":false,"t":4,"tick":69674,"type":"hit"}
[client] {"a":1,"dup":false,"ev":"game","ms":1221195,"predicted":false,"t":6,"tick":69704,"type":"block"}
[client] {"a":3,"dup":false,"ev":"game","ms":1221326,"predicted":false,"t":9,"tick":69712,"type":"hit"}
[client] {"a":5,"dup":false,"ev":"game","ms":1221623,"predicted":false,"t":-1,"tick":69735,"type":"ko"}
[client] {"a":1,"dup":false,"ev":"game","ms":1221691,"predicted":false,"t":6,"tick":69734,"type":"block"}
[client] {"a":1,"dup":false,"ev":"game","ms":1221712,"predicted":false,"t":5,"tick":69735,"type":"hit"}
[client] {"a":9,"dup":false,"ev":"game","ms":1221740,"predicted":false,"t":3,"tick":69737,"type":"hit"}
[client] {"a":1,"dup":false,"ev":"game","ms":1222526,"predicted":false,"t":6,"tick":69784,"type":"block"}
[client] {"a":1,"dup":false,"ev":"game","ms":1223431,"predicted":false,"t":6,"tick":69838,"type":"hit"}
[client] {"a":6,"dup":false,"ev":"game","ms":1223431,"predicted":false,"t":-1,"tick":69838,"type":"ko"}
[client] {"a":9,"dup":false,"ev":"game","ms":1224762,"predicted":false,"t":4,"tick":69918,"type":"hit"}
[client] {"counts":{"blocks_on_me":18,"conf_actions":796,"confirmed_hits":2615,"dup_confirmed":149,"hits_on_me":336,"pred_actions":942,"predicted_confirmed":257,"predicted_hits":817,"reconnects":0},"ev":"stats","hp":0.0,"in_bytes":15860622,"late":0,"local_entity":5,"match":{"countdown_until":58498,"ctrl":0,"final":false,"next":"","phase":3,"rot":2964,"scores":[12,14],"sd":false,"state":2,"tick":11436,"zone":"B"},"max_err":2.215,"mean_err":0.0162,"ms":1224961,"out_bytes":3592103,"pending":9,"pos":[9.39,-3.7],"reconciles":23242,"server_tick":69935,"snaps":23280,"teleports":24}
[client] {"a":9,"dup":false,"ev":"game","ms":1225576,"predicted":false,"t":4,"tick":69967,"type":"hit"}
[client] {"a":9,"dup":false,"ev":"game","ms":1226059,"predicted":false,"t":4,"tick":69996,"type":"block"}
[client] {"a":8,"dup":false,"ev":"game","ms":1227080,"predicted":false,"t":2,"tick":70057,"type":"block"}
[client] {"a":9,"dup":false,"ev":"game","ms":1227881,"predicted":false,"t":4,"tick":70105,"type":"hit"}
[client] {"a":9,"dup":false,"ev":"game","ms":1228357,"predicted":false,"t":4,"tick":70134,"type":"guard_break"}
[client] {"a":9,"dup":false,"ev":"game","ms":1228840,"predicted":false,"t":4,"tick":70163,"type":"hit"}
[client] {"a":9,"dup":false,"ev":"game","ms":1229075,"predicted":false,"t":4,"tick":70177,"type":"hit"}
[client] {"a":4,"dup":false,"ev":"game","ms":1229629,"predicted":false,"t":9,"tick":70210,"type":"hit"}
[client] {"counts":{"blocks_on_me":18,"conf_actions":796,"confirmed_hits":2620,"dup_confirmed":150,"hits_on_me":336,"pred_actions":942,"predicted_confirmed":257,"predicted_hits":817,"reconnects":0},"ev":"stats","hp":0.0,"in_bytes":15925954,"late":0,"local_entity":5,"match":{"countdown_until":58498,"ctrl":-1,"final":false,"next":"","phase":3,"rot":2664,"scores":[15,14],"sd":false,"state":3,"tick":11736,"zone":"B"},"max_err":2.215,"mean_err":0.0161,"ms":1229957,"out_bytes":3606803,"pending":9,"pos":[9.39,-3.7],"reconciles":23342,"server_tick":70235,"snaps":23380,"teleports":24}
[client] {"a":5,"dup":false,"ev":"game","ms":1231628,"predicted":false,"t":-1,"tick":70335,"type":"respawn"}
[client] {"a":4,"dup":false,"ev":"game","ms":1232476,"predicted":false,"t":9,"tick":70381,"type":"hit"}
[client] {"a":4,"dup":false,"ev":"game","ms":1233027,"predicted":false,"t":9,"tick":70414,"type":"block"}
[client] {"a":8,"dup":false,"ev":"game","ms":1233090,"predicted":false,"t":2,"tick":70418,"type":"hit"}
[client] {"a":3,"dup":false,"ev":"game","ms":1233241,"predicted":false,"t":9,"tick":70427,"type":"block"}
[client] {"a":6,"dup":false,"ev":"game","ms":1233428,"predicted":false,"t":-1,"tick":70438,"type":"respawn"}
[client] {"a":7,"dup":false,"ev":"game","ms":1233711,"predicted":false,"t":2,"tick":70455,"type":"block"}
[client] {"a":8,"dup":false,"ev":"game","ms":1233773,"predicted":false,"t":2,"tick":70459,"type":"hit"}
[client] {"a":2,"dup":false,"ev":"game","ms":1234504,"predicted":false,"t":8,"tick":70503,"type":"hit"}
[client] {"a":7,"dup":false,"ev":"game","ms":1234504,"predicted":false,"t":2,"tick":70503,"type":"hit"}
[client] {"a":4,"dup":false,"ev":"game","ms":1234670,"predicted":false,"t":9,"tick":70513,"type":"hit"}
[client] {"counts":{"blocks_on_me":18,"conf_actions":796,"confirmed_hits":2626,"dup_confirmed":151,"hits_on_me":336,"pred_actions":942,"predicted_confirmed":257,"predicted_hits":817,"reconnects":0},"ev":"stats","hp":260.0,"in_bytes":15992208,"late":0,"local_entity":5,"match":{"countdown_until":58498,"ctrl":-1,"final":false,"next":"","phase":3,"rot":2364,"scores":[15,14],"sd":false,"state":3,"tick":12036,"zone":"B"},"max_err":2.215,"mean_err":0.0161,"ms":1234951,"out_bytes":3621503,"pending":9,"pos":[1.26,26.62],"reconciles":23441,"server_tick":70535,"snaps":23480,"teleports":25}
[client] {"a":9,"dup":false,"ev":"game","ms":1235353,"predicted":false,"t":4,"tick":70554,"type":"guard_break"}
[client] {"a":9,"dup":false,"ev":"game","ms":1235835,"predicted":false,"t":4,"tick":70583,"type":"hit"}
[client] {"a":9,"dup":false,"ev":"game","ms":1236070,"predicted":false,"t":4,"tick":70597,"type":"hit"}
[client] {"a":2,"dup":false,"ev":"game","ms":1236739,"predicted":false,"t":7,"tick":70637,"type":"hit"}
[client] {"a":2,"dup":false,"ev":"game","ms":1237401,"predicted":false,"t":7,"tick":70677,"type":"block"}
[client] {"a":9,"dup":false,"ev":"game","ms":1238002,"predicted":false,"t":3,"tick":70713,"type":"hit"}
[client] {"a":3,"dup":false,"ev":"game","ms":1238388,"predicted":false,"t":9,"tick":70736,"type":"hit"}
[client] {"a":7,"dup":false,"ev":"game","ms":1239458,"predicted":false,"t":2,"tick":70800,"type":"hit"}
[client] {"a":0,"dup":false,"ev":"game","ms":1239837,"predicted":false,"t":5,"tick":70823,"type":"hit"}
[client] {"counts":{"blocks_on_me":18,"conf_actions":799,"confirmed_hits":2633,"dup_confirmed":154,"hits_on_me":337,"pred_actions":945,"predicted_confirmed":257,"predicted_hits":817,"reconnects":0},"ev":"stats","hp":242.0,"in_bytes":16059373,"late":0,"local_entity":5,"match":{"countdown_until":58498,"ctrl":-1,"final":false,"next":"","phase":3,"rot":2064,"scores":[15,14],"sd":false,"state":3,"tick":12336,"zone":"B"},"max_err":2.215,"mean_err":0.016,"ms":1239953,"out_bytes":3636203,"pending":9,"pos":[-2.11,-2.05],"reconciles":23541,"server_tick":70835,"snaps":23580,"teleports":25}
[client] {"a":7,"dup":false,"ev":"game","ms":1239955,"predicted":false,"t":2,"tick":70830,"type":"block"}
[client] {"a":7,"dup":false,"ev":"game","ms":1240203,"predicted":false,"t":2,"tick":70845,"type":"block"}
[client] {"a":2,"dup":false,"ev":"game","ms":1241121,"predicted":false,"t":7,"tick":70900,"type":"hit"}
[client] {"a":1,"dup":false,"ev":"game","ms":1241638,"predicted":false,"t":5,"tick":70931,"type":"hit"}
[client] {"a":7,"dup":false,"ev":"game","ms":1241859,"predicted":false,"t":2,"tick":70944,"type":"hit"}
[client] {"a":0,"dup":false,"ev":"game","ms":1242473,"predicted":false,"t":6,"tick":70981,"type":"block"}
[client] {"a":0,"dup":false,"ev":"game","ms":1242826,"predicted":false,"t":6,"tick":71002,"type":"block"}
[client] {"a":5,"dup":true,"ev":"game","ms":1242991,"predicted":false,"t":1,"tick":71017,"type":"hit"}
[client] {"a":5,"dup":false,"ev":"game","ms":1243308,"predicted":false,"t":1,"tick":71036,"type":"parry"}
[client] {"a":8,"dup":false,"ev":"game","ms":1243661,"predicted":false,"t":3,"tick":71052,"type":"hit"}
[client] {"a":0,"dup":false,"ev":"game","ms":1243743,"predicted":false,"t":6,"tick":71057,"type":"block"}
[client] {"a":1,"dup":false,"ev":"game","ms":1243887,"predicted":false,"t":5,"tick":71066,"type":"hit"}
[client] {"a":7,"dup":false,"ev":"game","ms":1243888,"predicted":false,"t":2,"tick":71066,"type":"hit"}
[client] {"a":3,"dup":false,"ev":"game","ms":1244240,"predicted":false,"t":8,"tick":71087,"type":"hit"}
[client] {"a":1,"dup":false,"ev":"game","ms":1244323,"predicted":false,"t":5,"tick":71092,"type":"block"}
[client] {"a":0,"dup":false,"ev":"game","ms":1244357,"predicted":false,"t":6,"tick":71094,"type":"block"}
[client] {"a":3,"dup":false,"ev":"game","ms":1244488,"predicted":false,"t":8,"tick":71102,"type":"hit"}
[client] {"a":1,"dup":false,"ev":"game","ms":1244629,"predicted":false,"t":5,"tick":71110,"type":"hit"}
[client] {"counts":{"blocks_on_me":19,"conf_actions":806,"confirmed_hits":2643,"dup_confirmed":156,"hits_on_me":340,"pred_actions":953,"predicted_confirmed":258,"predicted_hits":821,"reconnects":0},"ev":"stats","hp":192.0,"in_bytes":16132271,"late":0,"local_entity":5,"match":{"countdown_until":58498,"ctrl":-1,"final":false,"next":"","phase":3,"rot":1764,"scores":[15,14],"sd":false,"state":3,"tick":12636,"zone":"B"},"max_err":2.215,"mean_err":0.0161,"ms":1244956,"out_bytes":3650903,"pending":9,"pos":[-1.5,-4.83],"reconciles":23641,"server_tick":71135,"snaps":23680,"teleports":25}
[client] {"a":8,"dup":false,"ev":"game","ms":1245062,"predicted":false,"t":3,"tick":71136,"type":"hit"}
[client] {"a":1,"dup":false,"ev":"game","ms":1245227,"predicted":false,"t":5,"tick":71146,"type":"hit"}
[client] {"a":0,"dup":false,"ev":"game","ms":1245357,"predicted":false,"t":6,"tick":71154,"type":"block"}
[client] {"a":6,"dup":false,"ev":"game","ms":1245792,"predicted":false,"t":0,"tick":71180,"type":"hit"}
[client] {"a":5,"dup":true,"ev":"game","ms":1246006,"predicted":false,"t":1,"tick":71198,"type":"hit"}
[client] {"a":6,"dup":false,"ev":"game","ms":1246124,"predicted":false,"t":2,"tick":71200,"type":"hit"}
[client] {"a":6,"dup":false,"ev":"game","ms":1246144,"predicted":false,"t":0,"tick":71201,"type":"hit"}
[client] {"a":9,"dup":false,"ev":"game","ms":1246309,"predicted":false,"t":3,"tick":71211,"type":"hit"}
[client] {"a":5,"dup":true,"ev":"game","ms":1246379,"predicted":false,"t":1,"tick":71221,"type":"hit"}
[client] {"a":0,"dup":false,"ev":"game","ms":1246592,"predicted":false,"t":6,"tick":71228,"type":"hit"}
[client] {"a":5,"dup":true,"ev":"game","ms":1246745,"predicted":false,"t":1,"tick":71242,"type":"hit"}
[client] {"a":7,"dup":false,"ev":"game","ms":1246841,"predicted":false,"t":0,"tick":71243,"type":"hit"}
[client] {"a":6,"dup":false,"ev":"game","ms":1246992,"predicted":false,"t":1,"tick":71252,"type":"hit"}
[client] {"a":4,"dup":false,"ev":"game","ms":1247310,"predicted":false,"t":5,"tick":71271,"type":"hit"}
[client] {"a":7,"dup":false,"ev":"game","ms":1247358,"predicted":false,"t":0,"tick":71274,"type":"hit"}
[client] {"a":6,"dup":false,"ev":"game","ms":1247607,"predicted":false,"t":1,"tick":71289,"type":"hit"}
[client] {"a":0,"dup":false,"ev":"game","ms":1247745,"predicted":false,"t":6,"tick":71297,"type":"hit"}
[client] {"a":1,"dup":false,"ev":"game","ms":1247924,"predicted":false,"t":6,"tick":71308,"type":"hit"}
[client] {"a":0,"dup":false,"ev":"game","ms":1248076,"predicted":false,"t":6,"tick":71317,"type":"hit"}
[client] {"a":0,"dup":false,"ev":"game","ms":1248394,"predicted":false,"t":6,"tick":71336,"type":"hit"}
[client] {"a":0,"dup":false,"ev":"game","ms":1248442,"predicted":false,"t":5,"tick":71339,"type":"hit"}
[client] {"a":5,"dup":true,"ev":"game","ms":1248663,"predicted":false,"t":1,"tick":71358,"type":"hit"}
[client] {"a":0,"dup":false,"ev":"game","ms":1248793,"predicted":false,"t":6,"tick":71360,"type":"hit"}
[client] {"a":0,"dup":false,"ev":"game","ms":1248863,"predicted":false,"t":5,"tick":71364,"type":"hit"}
[client] {"a":0,"dup":false,"ev":"game","ms":1249063,"predicted":false,"t":6,"tick":71376,"type":"hit"}
[client] {"a":0,"dup":false,"ev":"game","ms":1249125,"predicted":false,"t":5,"tick":71380,"type":"hit"}
[client] {"a":1,"dup":false,"ev":"game","ms":1249345,"predicted":false,"t":6,"tick":71393,"type":"hit"}
[client] {"a":0,"dup":false,"ev":"game","ms":1249629,"predicted":false,"t":6,"tick":71410,"type":"hit"}
[client] {"a":1,"dup":false,"ev":"game","ms":1249663,"predicted":false,"t":6,"tick":71412,"type":"hit"}
[client] {"counts":{"blocks_on_me":19,"conf_actions":814,"confirmed_hits":2671,"dup_confirmed":161,"hits_on_me":345,"pred_actions":962,"predicted_confirmed":262,"predicted_hits":827,"reconnects":0},"ev":"stats","hp":96.0,"in_bytes":16213493,"late":0,"local_entity":5,"match":{"countdown_until":58498,"ctrl":-1,"final":false,"next":"","phase":3,"rot":1464,"scores":[15,14],"sd":false,"state":3,"tick":12936,"zone":"B"},"max_err":2.215,"mean_err":0.0164,"ms":1249958,"out_bytes":3665603,"pending":9,"pos":[0.28,-2.8],"reconciles":23741,"server_tick":71435,"snaps":23780,"teleports":25}
[client] {"a":6,"dup":false,"ev":"game","ms":1250032,"predicted":false,"t":1,"tick":71434,"type":"hit"}
[client] {"a":0,"dup":false,"ev":"game","ms":1250146,"predicted":false,"t":6,"tick":71441,"type":"hit"}
[client] {"a":5,"dup":true,"ev":"game","ms":1250381,"predicted":false,"t":1,"tick":71461,"type":"hit"}
[client] {"a":0,"dup":false,"ev":"game","ms":1250477,"predicted":false,"t":6,"tick":71461,"type":"hit"}
[client] {"a":4,"dup":false,"ev":"game","ms":1250713,"predicted":false,"t":6,"tick":71475,"type":"hit"}
[client] {"a":0,"dup":false,"ev":"game","ms":1250926,"predicted":false,"t":6,"tick":71488,"type":"hit"}
[client] {"a":7,"dup":false,"ev":"game","ms":1251029,"predicted":false,"t":0,"tick":71494,"type":"hit"}
[client] {"a":0,"dup":false,"ev":"game","ms":1251492,"predicted":false,"t":5,"tick":71522,"type":"hit"}
[client] {"a":7,"dup":false,"ev":"game","ms":1251712,"predicted":false,"t":1,"tick":71535,"type":"hit"}
[client] {"a":5,"dup":false,"ev":"game","ms":1251747,"predicted":false,"t":0,"tick":71542,"type":"block"}
[client] {"a":0,"dup":false,"ev":"game","ms":1252099,"predicted":false,"t":5,"tick":71558,"type":"hit"}
[client] {"a":9,"dup":false,"ev":"game","ms":1252127,"predicted":false,"t":4,"tick":71560,"type":"hit"}
[client] {"a":7,"dup":false,"ev":"game","ms":1252195,"predicted":false,"t":1,"tick":71564,"type":"hit"}
[client] {"a":9,"dup":false,"ev":"game","ms":1252395,"predicted":false,"t":4,"tick":71577,"type":"hit"}
[client] {"a":0,"dup":false,"ev":"game","ms":1252410,"predicted":false,"t":5,"tick":71578,"type":"hit"}
[client] {"a":1,"dup":false,"ev":"game","ms":1252527,"predicted":false,"t":7,"tick":71585,"type":"block"}
[client] {"a":1,"dup":false,"ev":"game","ms":1252844,"predicted":false,"t":7,"tick":71604,"type":"block"}
[client] {"a":9,"dup":false,"ev":"game","ms":1252914,"predicted":false,"t":4,"tick":71608,"type":"hit"}
[client] {"a":0,"dup":false,"ev":"game","ms":1253099,"predicted":false,"t":5,"tick":71619,"type":"hit"}
[client] {"a":8,"dup":false,"ev":"game","ms":1253126,"predicted":false,"t":4,"tick":71621,"type":"block"}
[client] {"a":9,"dup":false,"ev":"game","ms":1253411,"predicted":false,"t":4,"tick":71638,"type":"block"}
[client] {"a":1,"dup":false,"ev":"game","ms":1253430,"predicted":false,"t":7,"tick":71639,"type":"block"}
[client] {"a":6,"dup":false,"ev":"game","ms":1253527,"predicted":false,"t":4,"tick":71645,"type":"hit"}
[client] {"a":3,"dup":false,"ev":"game","ms":1254660,"predicted":false,"t":6,"tick":71712,"type":"hit"}
[client] {"a":6,"dup":false,"ev":"game","ms":1254660,"predicted":false,"t":-1,"tick":71712,"type":"ko"}
[client] {"a":5,"dup":true,"ev":"game","ms":1254825,"predicted":false,"t":0,"tick":71727,"type":"hit"}
[client] {"counts":{"blocks_on_me":19,"conf_actions":823,"confirmed_hits":2690,"dup_confirmed":165,"hits_on_me":349,"pred_actions":973,"predicted_confirmed":264,"predicted_hits":839,"reconnects":0},"ev":"stats","hp":4.0,"in_bytes":16289108,"late":0,"local_entity":5,"match":{"countdown_until":58498,"ctrl":-1,"final":false,"next":"","phase":3,"rot":1164,"scores":[15,14],"sd":false,"state":3,"tick":13236,"zone":"B"},"max_err":2.215,"mean_err":0.0165,"ms":1254954,"out_bytes":3680303,"pending":9,"pos":[1.26,-2.7],"reconciles":23841,"server_tick":71735,"snaps":23880,"teleports":25}
[client] {"a":5,"dup":true,"ev":"game","ms":1255141,"predicted":false,"t":0,"tick":71746,"type":"hit"}
[client] {"a":5,"dup":false,"ev":"game","ms":1255259,"predicted":false,"t":-1,"tick":71753,"type":"ko"}
[client] {"a":1,"dup":false,"ev":"game","ms":1255341,"predicted":false,"t":5,"tick":71753,"type":"hit"}
[client] {"a":8,"dup":false,"ev":"game","ms":1256156,"predicted":false,"t":3,"tick":71802,"type":"hit"}
[client] {"a":0,"dup":false,"ev":"game","ms":1256356,"predicted":false,"t":7,"tick":71814,"type":"hit"}
[client] {"a":0,"dup":false,"ev":"game","ms":1256694,"predicted":false,"t":7,"tick":71834,"type":"block"}
[client] {"a":9,"dup":false,"ev":"game","ms":1257177,"predicted":false,"t":1,"tick":71863,"type":"hit"}
[client] {"a":0,"dup":false,"ev":"game","ms":1257260,"predicted":false,"t":7,"tick":71868,"type":"block"}
[client] {"a":1,"dup":false,"ev":"game","ms":1257557,"predicted":false,"t":9,"tick":71886,"type":"block"}
[client] {"a":0,"dup":false,"ev":"game","ms":1257860,"predicted":false,"t":7,"tick":71904,"type":"block"}
[client] {"a":2,"dup":false,"ev":"game","ms":1257860,"predicted":false,"t":7,"tick":71904,"type":"hit"}
[client] {"a":1,"dup":false,"ev":"game","ms":1257943,"predicted":false,"t":9,"tick":71909,"type":"block"}
[client] {"a":8,"dup":false,"ev":"game","ms":1258508,"predicted":false,"t":1,"tick":71943,"type":"hit"}
[client] {"a":8,"dup":false,"ev":"game","ms":1259275,"predicted":false,"t":1,"tick":71989,"type":"hit"}
[client] {"a":1,"dup":false,"ev":"game","ms":1259275,"predicted":false,"t":-1,"tick":71989,"type":"ko"}
[client] {"counts":{"blocks_on_me":19,"conf_actions":824,"confirmed_hits":2698,"dup_confirmed":166,"hits_on_me":350,"pred_actions":973,"predicted_confirmed":265,"predicted_hits":842,"reconnects":0},"ev":"stats","hp":0.0,"in_bytes":16362005,"late":0,"local_entity":5,"match":{"countdown_until":58498,"ctrl":-1,"final":false,"next":"A","phase":3,"rot":864,"scores":[15,14],"sd":false,"state":3,"tick":13536,"zone":"B"},"max_err":2.215,"mean_err":0.0164,"ms":1259957,"out_bytes":3695003,"pending":9,"pos":[1.1,-2.74],"reconciles":23941,"server_tick":72035,"snaps":23980,"teleports":25}
[client] {"counts":{"blocks_on_me":19,"conf_actions":824,"confirmed_hits":2698,"dup_confirmed":166,"hits_on_me":350,"pred_actions":973,"predicted_confirmed":265,"predicted_hits":842,"reconnects":0},"ev":"stats","hp":0.0,"in_bytes":16363067,"late":0,"local_entity":5,"match":{"countdown_until":58498,"ctrl":-1,"final":false,"next":"A","phase":3,"rot":858,"scores":[15,14],"sd":false,"state":3,"tick":13542,"zone":"B"},"max_err":2.215,"mean_err":0.0164,"ms":1260012,"out_bytes":3695150,"pending":9,"pos":[1.1,-2.74],"reconciles":23942,"server_tick":72038,"snaps":23982,"teleports":25}
