Godot Engine v4.7.2.stable.official.ed1daf0bf - https://godotengine.org

[client] {"detail":"127.0.0.1:24610","ev":"status","ms":0,"status":"connecting"}
[client] {"detail":"","ev":"status","ms":63,"status":"connected"}
[client] {"ev":"welcome","ms":72,"observer":false,"pid":2}
[client] {"ev":"pick","f":"vex","ms":739}
[client] {"ev":"lock","f":"vex","ms":1540}
[client] {"ev":"match_setup","fighters":10,"ms":2575,"you":0}
[client] {"counts":{"blocks_on_me":0,"conf_actions":0,"confirmed_hits":0,"dup_confirmed":0,"hits_on_me":0,"pred_actions":0,"predicted_confirmed":0,"predicted_hits":0,"reconnects":0},"ev":"stats","hp":220.0,"in_bytes":96826,"late":0,"local_entity":0,"match":{"countdown_until":300,"ctrl":-1,"final":false,"next":"","phase":2,"rot":3600,"scores":[0,0],"sd":false,"state":1,"tick":0,"zone":""},"max_err":0.315,"mean_err":0.1104,"ms":4970,"out_bytes":7072,"pending":5,"pos":[-5.97,-47.83],"reconciles":45,"server_tick":144,"snaps":47,"teleports":1}
[client] {"counts":{"blocks_on_me":0,"conf_actions":0,"confirmed_hits":0,"dup_confirmed":0,"hits_on_me":0,"pred_actions":0,"predicted_confirmed":0,"predicted_hits":0,"reconnects":0},"ev":"stats","hp":220.0,"in_bytes":140387,"late":0,"local_entity":0,"match":{"countdown_until":300,"ctrl":-1,"final":false,"next":"","phase":3,"rot":3455,"scores":[0,0],"sd":false,"state":1,"tick":145,"zone":"B"},"max_err":0.315,"mean_err":0.087,"ms":9973,"out_bytes":21772,"pending":5,"pos":[-2.11,-31.68],"reconciles":145,"server_tick":444,"snaps":147,"teleports":1}
[client] {"counts":{"blocks_on_me":0,"conf_actions":2,"confirmed_hits":0,"dup_confirmed":0,"hits_on_me":0,"pred_actions":2,"predicted_confirmed":0,"predicted_hits":0,"reconnects":0},"ev":"stats","hp":220.0,"in_bytes":202379,"late":0,"local_entity":0,"match":{"countdown_until":300,"ctrl":-1,"final":false,"next":"","phase":3,"rot":3155,"scores":[0,0],"sd":false,"state":3,"tick":445,"zone":"B"},"max_err":0.315,"mean_err":0.0603,"ms":14975,"out_bytes":36472,"pending":5,"pos":[1.0,-3.21],"reconciles":245,"server_tick":744,"snaps":247,"teleports":1}
[client] {"a":6,"dup":false,"ev":"game","ms":15128,"predicted":false,"t":1,"tick":749,"type":"hit"}
[client] {"a":6,"dup":false,"ev":"game","ms":16129,"predicted":false,"t":3,"tick":809,"type":"hit"}
[client] {"a":0,"dup":true,"ev":"game","ms":16177,"predicted":false,"t":8,"tick":817,"type":"hit"}
[client] {"a":2,"dup":false,"ev":"game","ms":16460,"predicted":false,"t":9,"tick":829,"type":"hit"}
[client] {"a":7,"dup":false,"ev":"game","ms":16660,"predicted":false,"t":2,"tick":841,"type":"hit"}
[client] {"a":1,"dup":false,"ev":"game","ms":16729,"predicted":false,"t":6,"tick":845,"type":"hit"}
[client] {"a":9,"dup":false,"ev":"game","ms":16991,"predicted":false,"t":4,"tick":861,"type":"hit"}
[client] {"a":9,"dup":false,"ev":"game","ms":17025,"predicted":false,"t":3,"tick":863,"type":"hit"}
[client] {"a":7,"dup":false,"ev":"game","ms":17046,"predicted":false,"t":2,"tick":864,"type":"hit"}
[client] {"a":0,"dup":true,"ev":"game","ms":17095,"predicted":false,"t":8,"tick":872,"type":"hit"}
[client] {"a":5,"dup":false,"ev":"game","ms":17329,"predicted":false,"t":4,"tick":881,"type":"hit"}
[client] {"a":5,"dup":false,"ev":"game","ms":17377,"predicted":false,"t":3,"tick":884,"type":"hit"}
[client] {"a":1,"dup":false,"ev":"game","ms":17612,"predicted":false,"t":7,"tick":898,"type":"hit"}
[client] {"a":8,"dup":false,"ev":"game","ms":17978,"predicted":false,"t":3,"tick":920,"type":"hit"}
[client] {"a":1,"dup":false,"ev":"game","ms":18509,"predicted":false,"t":6,"tick":952,"type":"hit"}
[client] {"a":2,"dup":false,"ev":"game","ms":18695,"predicted":false,"t":6,"tick":963,"type":"hit"}
[client] {"a":3,"dup":false,"ev":"game","ms":18695,"predicted":false,"t":8,"tick":963,"type":"hit"}
[client] {"a":3,"dup":false,"ev":"game","ms":19047,"predicted":false,"t":8,"tick":984,"type":"hit"}
[client] {"a":1,"dup":false,"ev":"game","ms":19247,"predicted":false,"t":5,"tick":996,"type":"hit"}
[client] {"a":1,"dup":false,"ev":"game","ms":19247,"predicted":false,"t":6,"tick":996,"type":"hit"}
[client] {"a":1,"dup":false,"ev":"game","ms":19282,"predicted":false,"t":9,"tick":998,"type":"hit"}
[client] {"a":3,"dup":false,"ev":"game","ms":19365,"predicted":false,"t":8,"tick":1003,"type":"hit"}
[client] {"a":4,"dup":false,"ev":"game","ms":19447,"predicted":false,"t":5,"tick":1008,"type":"hit"}
[client] {"a":0,"dup":true,"ev":"game","ms":19848,"predicted":false,"t":5,"tick":1037,"type":"hit"}
[client] {"a":7,"dup":false,"ev":"game","ms":19861,"predicted":false,"t":1,"tick":1033,"type":"hit"}
[client] {"a":4,"dup":false,"ev":"game","ms":19910,"predicted":false,"t":5,"tick":1036,"type":"hit"}
[client] {"a":4,"dup":false,"ev":"game","ms":19965,"predicted":false,"t":6,"tick":1039,"type":"hit"}
[client] {"counts":{"blocks_on_me":0,"conf_actions":8,"confirmed_hits":27,"dup_confirmed":0,"hits_on_me":0,"pred_actions":9,"predicted_confirmed":3,"predicted_hits":4,"reconnects":0},"ev":"stats","hp":220.0,"in_bytes":279312,"late":0,"local_entity":0,"match":{"countdown_until":300,"ctrl":-1,"final":false,"next":"","phase":3,"rot":2855,"scores":[0,0],"sd":false,"state":3,"tick":745,"zone":"B"},"max_err":0.315,"mean_err":0.0484,"ms":19978,"out_bytes":51172,"pending":2,"pos":[1.95,-2.38],"reconciles":346,"server_tick":1044,"snaps":347,"teleports":1}
[client] {"a":2,"dup":false,"ev":"game","ms":20000,"predicted":false,"t":7,"tick":1041,"type":"hit"}
[client] {"a":3,"dup":false,"ev":"game","ms":20048,"predicted":false,"t":8,"tick":1044,"type":"hit"}
[client] {"a":9,"dup":false,"ev":"game","ms":20124,"predicted":false,"t":4,"tick":1049,"type":"hit"}
[client] {"a":0,"dup":true,"ev":"game","ms":20172,"predicted":false,"t":9,"tick":1056,"type":"hit"}
[client] {"a":2,"dup":false,"ev":"game","ms":20241,"predicted":false,"t":7,"tick":1056,"type":"hit"}
[client] {"a":5,"dup":false,"ev":"game","ms":20337,"predicted":false,"t":4,"tick":1061,"type":"hit"}
[client] {"a":1,"dup":false,"ev":"game","ms":20476,"predicted":false,"t":6,"tick":1069,"type":"block"}
[client] {"a":5,"dup":false,"ev":"game","ms":20572,"predicted":false,"t":0,"tick":1075,"type":"hit"}
[client] {"a":5,"dup":false,"ev":"game","ms":20572,"predicted":false,"t":4,"tick":1075,"type":"hit"}
[client] {"a":9,"dup":false,"ev":"game","ms":20593,"predicted":false,"t":1,"tick":1076,"type":"hit"}
[client] {"a":5,"dup":false,"ev":"game","ms":21042,"predicted":false,"t":4,"tick":1103,"type":"hit"}
[client] {"a":2,"dup":false,"ev":"game","ms":21125,"predicted":false,"t":7,"tick":1108,"type":"hit"}
[client] {"a":1,"dup":false,"ev":"game","ms":21256,"predicted":false,"t":7,"tick":1116,"type":"hit"}
[client] {"a":5,"dup":false,"ev":"game","ms":21359,"predicted":false,"t":4,"tick":1122,"type":"hit"}
[client] {"a":5,"dup":false,"ev":"game","ms":21407,"predicted":false,"t":0,"tick":1125,"type":"hit"}
[client] {"a":8,"dup":false,"ev":"game","ms":21407,"predicted":false,"t":3,"tick":1125,"type":"hit"}
[client] {"a":5,"dup":false,"ev":"game","ms":21690,"predicted":false,"t":4,"tick":1142,"type":"hit"}
[client] {"a":5,"dup":false,"ev":"game","ms":21725,"predicted":false,"t":0,"tick":1144,"type":"hit"}
[client] {"a":1,"dup":false,"ev":"game","ms":21938,"predicted":false,"t":7,"tick":1157,"type":"hit"}
[client] {"a":2,"dup":false,"ev":"game","ms":22055,"predicted":false,"t":7,"tick":1164,"type":"hit"}
[client] {"a":8,"dup":false,"ev":"game","ms":22138,"predicted":false,"t":0,"tick":1169,"type":"hit"}
[client] {"a":4,"dup":false,"ev":"game","ms":22221,"predicted":false,"t":5,"tick":1174,"type":"hit"}
[client] {"a":9,"dup":false,"ev":"game","ms":22622,"predicted":false,"t":3,"tick":1198,"type":"hit"}
[client] {"a":1,"dup":false,"ev":"game","ms":22704,"predicted":false,"t":7,"tick":1203,"type":"hit"}
[client] {"a":8,"dup":false,"ev":"game","ms":22739,"predicted":false,"t":0,"tick":1205,"type":"hit"}
[client] {"a":5,"dup":false,"ev":"game","ms":22877,"predicted":false,"t":3,"tick":1213,"type":"hit"}
[client] {"a":2,"dup":false,"ev":"game","ms":22905,"predicted":false,"t":5,"tick":1215,"type":"hit"}
[client] {"a":0,"dup":true,"ev":"game","ms":23008,"predicted":false,"t":8,"tick":1226,"type":"hit"}
[client] {"a":9,"dup":false,"ev":"game","ms":23256,"predicted":false,"t":4,"tick":1236,"type":"hit"}
[client] {"a":7,"dup":false,"ev":"game","ms":23408,"predicted":false,"t":1,"tick":1245,"type":"hit"}
[client] {"a":8,"dup":false,"ev":"game","ms":23456,"predicted":false,"t":0,"tick":1248,"type":"hit"}
[client] {"a":3,"dup":false,"ev":"game","ms":23691,"predicted":false,"t":6,"tick":1262,"type":"hit"}
[client] {"a":0,"dup":true,"ev":"game","ms":23726,"predicted":false,"t":8,"tick":1269,"type":"hit"}
[client] {"a":3,"dup":false,"ev":"game","ms":23995,"predicted":false,"t":6,"tick":1280,"type":"hit"}
[client] {"a":1,"dup":false,"ev":"game","ms":24105,"predicted":false,"t":7,"tick":1287,"type":"hit"}
[client] {"a":9,"dup":false,"ev":"game","ms":24126,"predicted":false,"t":2,"tick":1288,"type":"hit"}
[client] {"a":8,"dup":false,"ev":"game","ms":24326,"predicted":false,"t":0,"tick":1300,"type":"hit"}
[client] {"a":5,"dup":false,"ev":"game","ms":24374,"predicted":false,"t":2,"tick":1303,"type":"hit"}
[client] {"a":5,"dup":false,"ev":"game","ms":24374,"predicted":false,"t":4,"tick":1303,"type":"hit"}
[client] {"a":7,"dup":false,"ev":"game","ms":24457,"predicted":false,"t":1,"tick":1308,"type":"hit"}
[client] {"a":9,"dup":false,"ev":"game","ms":24609,"predicted":false,"t":2,"tick":1318,"type":"hit"}
[client] {"a":0,"dup":true,"ev":"game","ms":24609,"predicted":false,"t":8,"tick":1323,"type":"hit"}
[client] {"a":3,"dup":false,"ev":"game","ms":24622,"predicted":false,"t":6,"tick":1319,"type":"hit"}
[client] {"a":3,"dup":false,"ev":"game","ms":24658,"predicted":false,"t":9,"tick":1321,"type":"hit"}
[client] {"a":7,"dup":false,"ev":"game","ms":24761,"predicted":false,"t":1,"tick":1327,"type":"hit"}
[client] {"a":5,"dup":false,"ev":"game","ms":24858,"predicted":false,"t":4,"tick":1333,"type":"hit"}
[client] {"counts":{"blocks_on_me":0,"conf_actions":19,"confirmed_hits":72,"dup_confirmed":0,"hits_on_me":7,"pred_actions":19,"predicted_confirmed":7,"predicted_hits":11,"reconnects":0},"ev":"stats","hp":92.0,"in_bytes":365395,"late":0,"local_entity":0,"match":{"countdown_until":300,"ctrl":-1,"final":false,"next":"","phase":3,"rot":2555,"scores":[0,0],"sd":false,"state":3,"tick":1045,"zone":"B"},"max_err":0.867,"mean_err":0.0468,"ms":24973,"out_bytes":65872,"pending":2,"pos":[3.44,-1.45],"reconciles":446,"server_tick":1344,"snaps":447,"teleports":1}
[client] {"a":2,"dup":false,"ev":"game","ms":24974,"predicted":false,"t":5,"tick":1340,"type":"hit"}
[client] {"a":8,"dup":false,"ev":"game","ms":25092,"predicted":false,"t":0,"tick":1347,"type":"hit"}
[client] {"a":2,"dup":false,"ev":"game","ms":25306,"predicted":false,"t":5,"tick":1360,"type":"hit"}
[client] {"a":2,"dup":false,"ev":"game","ms":25340,"predicted":false,"t":6,"tick":1362,"type":"hit"}
[client] {"a":4,"dup":false,"ev":"game","ms":25340,"predicted":false,"t":5,"tick":1362,"type":"hit"}
[client] {"a":4,"dup":false,"ev":"game","ms":25340,"predicted":false,"t":6,"tick":1362,"type":"hit"}
[client] {"a":7,"dup":false,"ev":"game","ms":25423,"predicted":false,"t":1,"tick":1367,"type":"hit"}
[client] {"a":3,"dup":false,"ev":"game","ms":25678,"predicted":false,"t":5,"tick":1382,"type":"hit"}
[client] {"a":5,"dup":false,"ev":"game","ms":25678,"predicted":false,"t":-1,"tick":1382,"type":"ko"}
[client] {"a":0,"dup":true,"ev":"game","ms":25879,"predicted":false,"t":6,"tick":1399,"type":"hit"}
[client] {"a":4,"dup":false,"ev":"game","ms":26024,"predicted":false,"t":6,"tick":1403,"type":"hit"}
[client] {"a":6,"dup":false,"ev":"game","ms":26024,"predicted":false,"t":-1,"tick":1403,"type":"ko"}
[client] {"a":0,"dup":true,"ev":"game","ms":26196,"predicted":false,"t":9,"tick":1418,"type":"hit"}
[client] {"a":0,"dup":true,"ev":"game","ms":26596,"predicted":false,"t":9,"tick":1442,"type":"hit"}
[client] {"a":4,"dup":false,"ev":"game","ms":26692,"predicted":false,"t":9,"tick":1443,"type":"hit"}
[client] {"a":1,"dup":false,"ev":"game","ms":26796,"predicted":false,"t":8,"tick":1449,"type":"hit"}
[client] {"a":8,"dup":false,"ev":"game","ms":26796,"predicted":false,"t":-1,"tick":1449,"type":"ko"}
[client] {"a":9,"dup":false,"ev":"game","ms":27023,"predicted":false,"t":0,"tick":1463,"type":"hit"}
[client] {"a":9,"dup":false,"ev":"game","ms":27327,"predicted":false,"t":0,"tick":1481,"type":"hit"}
[client] {"a":9,"dup":false,"ev":"game","ms":27362,"predicted":false,"t":4,"tick":1483,"type":"hit"}
[client] {"a":7,"dup":false,"ev":"game","ms":27410,"predicted":false,"t":1,"tick":1486,"type":"hit"}
[client] {"a":0,"dup":true,"ev":"game","ms":27598,"predicted":false,"t":9,"tick":1502,"type":"hit"}
[client] {"a":4,"dup":false,"ev":"game","ms":27914,"predicted":false,"t":9,"tick":1516,"type":"hit"}
[client] {"a":2,"dup":false,"ev":"game","ms":28176,"predicted":false,"t":9,"tick":1532,"type":"hit"}
[client] {"a":7,"dup":false,"ev":"game","ms":28524,"predicted":false,"t":3,"tick":1553,"type":"hit"}
[client] {"a":3,"dup":false,"ev":"game","ms":29019,"predicted":false,"t":7,"tick":1582,"type":"hit"}
[client] {"a":4,"dup":false,"ev":"game","ms":29370,"predicted":false,"t":7,"tick":1603,"type":"hit"}
[client] {"a":7,"dup":false,"ev":"game","ms":29370,"predicted":false,"t":-1,"tick":1603,"type":"ko"}
[client] {"counts":{"blocks_on_me":0,"conf_actions":26,"confirmed_hits":96,"dup_confirmed":0,"hits_on_me":10,"pred_actions":26,"predicted_confirmed":11,"predicted_hits":16,"reconnects":0},"ev":"stats","hp":38.0,"in_bytes":435214,"late":0,"local_entity":0,"match":{"countdown_until":300,"ctrl":-1,"final":false,"next":"","phase":3,"rot":2255,"scores":[0,0],"sd":false,"state":3,"tick":1345,"zone":"B"},"max_err":0.867,"mean_err":0.0413,"ms":29969,"out_bytes":80572,"pending":5,"pos":[0.94,-2.62],"reconciles":545,"server_tick":1644,"snaps":547,"teleports":1}
[client] {"a":0,"dup":true,"ev":"game","ms":30191,"predicted":false,"t":9,"tick":1657,"type":"hit"}
[client] {"a":9,"dup":false,"ev":"game","ms":30274,"predicted":false,"t":-1,"tick":1657,"type":"ko"}
[client] {"counts":{"blocks_on_me":0,"conf_actions":27,"confirmed_hits":97,"dup_confirmed":0,"hits_on_me":10,"pred_actions":27,"predicted_confirmed":12,"predicted_hits":18,"reconnects":0},"ev":"stats","hp":38.0,"in_bytes":485470,"late":0,"local_entity":0,"match":{"countdown_until":300,"ctrl":0,"final":false,"next":"","phase":3,"rot":1955,"scores":[4,0],"sd":false,"state":2,"tick":1645,"zone":"B"},"max_err":0.867,"mean_err":0.0442,"ms":34972,"out_bytes":95272,"pending":5,"pos":[0.6,-2.67],"reconciles":645,"server_tick":1944,"snaps":647,"teleports":1}
[client] {"a":5,"dup":false,"ev":"game","ms":35690,"predicted":false,"t":-1,"tick":1982,"type":"respawn"}
[client] {"a":6,"dup":false,"ev":"game","ms":36044,"predicted":false,"t":-1,"tick":2003,"type":"respawn"}
[client] {"a":8,"dup":false,"ev":"game","ms":36808,"predicted":false,"t":-1,"tick":2049,"type":"respawn"}
[client] {"a":7,"dup":false,"ev":"game","ms":39368,"predicted":false,"t":-1,"tick":2203,"type":"respawn"}
[client] {"counts":{"blocks_on_me":0,"conf_actions":27,"confirmed_hits":97,"dup_confirmed":0,"hits_on_me":10,"pred_actions":27,"predicted_confirmed":12,"predicted_hits":18,"reconnects":0},"ev":"stats","hp":106.999999999999,"in_bytes":536905,"late":0,"local_entity":0,"match":{"countdown_until":300,"ctrl":0,"final":false,"next":"","phase":3,"rot":1655,"scores":[9,0],"sd":false,"state":2,"tick":1945,"zone":"B"},"max_err":0.867,"mean_err":0.0474,"ms":39967,"out_bytes":109972,"pending":5,"pos":[0.59,-2.67],"reconciles":745,"server_tick":2244,"snaps":747,"teleports":1}
[client] {"a":9,"dup":false,"ev":"game","ms":40272,"predicted":false,"t":-1,"tick":2257,"type":"respawn"}
[client] {"a":1,"dup":false,"ev":"game","ms":43754,"predicted":false,"t":5,"tick":2466,"type":"hit"}
[client] {"a":8,"dup":false,"ev":"game","ms":43823,"predicted":false,"t":3,"tick":2470,"type":"hit"}
[client] {"a":1,"dup":false,"ev":"game","ms":44354,"predicted":false,"t":8,"tick":2502,"type":"hit"}
[client] {"a":8,"dup":false,"ev":"game","ms":44733,"predicted":false,"t":3,"tick":2525,"type":"hit"}
[client] {"a":6,"dup":false,"ev":"game","ms":44837,"predicted":false,"t":3,"tick":2531,"type":"hit"}
[client] {"counts":{"blocks_on_me":0,"conf_actions":30,"confirmed_hits":102,"dup_confirmed":0,"hits_on_me":10,"pred_actions":30,"predicted_confirmed":12,"predicted_hits":18,"reconnects":0},"ev":"stats","hp":173.900000000001,"in_bytes":603226,"late":0,"local_entity":0,"match":{"countdown_until":300,"ctrl":-1,"final":false,"next":"","phase":3,"rot":1355,"scores":[11,0],"sd":false,"state":3,"tick":2245,"zone":"B"},"max_err":0.867,"mean_err":0.0475,"ms":44967,"out_bytes":124672,"pending":5,"pos":[1.2,-3.47],"reconciles":845,"server_tick":2544,"snaps":847,"teleports":1}
[client] {"a":1,"dup":false,"ev":"game","ms":45251,"predicted":false,"t":8,"tick":2556,"type":"hit"}
[client] {"a":2,"dup":false,"ev":"game","ms":45803,"predicted":false,"t":5,"tick":2589,"type":"hit"}
[client] {"a":6,"dup":false,"ev":"game","ms":45824,"predicted":false,"t":1,"tick":2590,"type":"hit"}
[client] {"a":2,"dup":false,"ev":"game","ms":46134,"predicted":false,"t":5,"tick":2609,"type":"hit"}
[client] {"a":6,"dup":false,"ev":"game","ms":46155,"predicted":false,"t":1,"tick":2610,"type":"hit"}
[client] {"a":8,"dup":false,"ev":"game","ms":46473,"predicted":false,"t":1,"tick":2629,"type":"hit"}
[client] {"a":4,"dup":false,"ev":"game","ms":46486,"predicted":false,"t":6,"tick":2630,"type":"hit"}
[client] {"a":5,"dup":false,"ev":"game","ms":46486,"predicted":false,"t":2,"tick":2630,"type":"hit"}
[client] {"a":4,"dup":false,"ev":"game","ms":46804,"predicted":false,"t":6,"tick":2649,"type":"hit"}
[client] {"a":2,"dup":false,"ev":"game","ms":46873,"predicted":false,"t":5,"tick":2653,"type":"hit"}
[client] {"a":2,"dup":false,"ev":"game","ms":47107,"predicted":false,"t":5,"tick":2667,"type":"hit"}
[client] {"a":6,"dup":false,"ev":"game","ms":48535,"predicted":false,"t":4,"tick":2753,"type":"hit"}
[client] {"a":3,"dup":false,"ev":"game","ms":48556,"predicted":false,"t":9,"tick":2754,"type":"hit"}
[client] {"a":0,"dup":true,"ev":"game","ms":48770,"predicted":false,"t":6,"tick":2772,"type":"hit"}
[client] {"a":1,"dup":false,"ev":"game","ms":48991,"predicted":false,"t":7,"tick":2780,"type":"hit"}
[client] {"a":6,"dup":false,"ev":"game","ms":49225,"predicted":false,"t":4,"tick":2794,"type":"hit"}
[client] {"a":7,"dup":false,"ev":"game","ms":49391,"predicted":false,"t":4,"tick":2804,"type":"hit"}
[client] {"a":0,"dup":true,"ev":"game","ms":49426,"predicted":false,"t":6,"tick":2811,"type":"hit"}
[client] {"a":0,"dup":true,"ev":"game","ms":49474,"predicted":false,"t":7,"tick":2814,"type":"hit"}
[client] {"a":2,"dup":false,"ev":"game","ms":49508,"predicted":false,"t":5,"tick":2811,"type":"hit"}
[client] {"a":1,"dup":false,"ev":"game","ms":49628,"predicted":false,"t":7,"tick":2818,"type":"hit"}
[client] {"a":1,"dup":false,"ev":"game","ms":49653,"predicted":false,"t":6,"tick":2820,"type":"hit"}
[client] {"a":8,"dup":false,"ev":"game","ms":49888,"predicted":false,"t":2,"tick":2834,"type":"hit"}
[client] {"a":9,"dup":false,"ev":"game","ms":49957,"predicted":false,"t":4,"tick":2838,"type":"block"}
[client] {"counts":{"blocks_on_me":0,"conf_actions":35,"confirmed_hits":125,"dup_confirmed":0,"hits_on_me":10,"pred_actions":35,"predicted_confirmed":15,"predicted_hits":21,"reconnects":0},"ev":"stats","hp":173.900000000001,"in_bytes":679308,"late":0,"local_entity":0,"match":{"countdown_until":300,"ctrl":-1,"final":false,"next":"","phase":3,"rot":1055,"scores":[11,0],"sd":false,"state":3,"tick":2545,"zone":"B"},"max_err":0.867,"mean_err":0.0458,"ms":49970,"out_bytes":139372,"pending":5,"pos":[-1.46,-3.28],"reconciles":945,"server_tick":2844,"snaps":947,"teleports":1}
[client] {"a":0,"dup":true,"ev":"game","ms":50205,"predicted":false,"t":7,"tick":2858,"type":"hit"}
[client] {"a":0,"dup":true,"ev":"game","ms":50239,"predicted":false,"t":6,"tick":2860,"type":"hit"}
[client] {"a":6,"dup":false,"ev":"game","ms":50275,"predicted":false,"t":2,"tick":2857,"type":"hit"}
[client] {"a":1,"dup":false,"ev":"game","ms":50474,"predicted":false,"t":9,"tick":2869,"type":"hit"}
[client] {"a":7,"dup":false,"ev":"game","ms":50606,"predicted":false,"t":0,"tick":2877,"type":"hit"}
[client] {"a":7,"dup":false,"ev":"game","ms":50626,"predicted":false,"t":4,"tick":2878,"type":"hit"}
[client] {"a":7,"dup":false,"ev":"game","ms":50688,"predicted":false,"t":3,"tick":2882,"type":"hit"}
[client] {"a":2,"dup":false,"ev":"game","ms":50757,"predicted":false,"t":6,"tick":2886,"type":"hit"}
[client] {"a":2,"dup":false,"ev":"game","ms":50757,"predicted":false,"t":7,"tick":2886,"type":"hit"}
[client] {"a":1,"dup":false,"ev":"game","ms":50805,"predicted":false,"t":9,"tick":2889,"type":"hit"}
[client] {"a":5,"dup":false,"ev":"game","ms":51026,"predicted":false,"t":0,"tick":2902,"type":"hit"}
[client] {"a":5,"dup":false,"ev":"game","ms":51026,"predicted":false,"t":4,"tick":2902,"type":"hit"}
[client] {"a":8,"dup":false,"ev":"game","ms":51054,"predicted":false,"t":3,"tick":2904,"type":"hit"}
[client] {"a":2,"dup":false,"ev":"game","ms":51088,"predicted":false,"t":7,"tick":2906,"type":"hit"}
[client] {"a":1,"dup":false,"ev":"game","ms":51123,"predicted":false,"t":9,"tick":2908,"type":"hit"}
[client] {"a":6,"dup":false,"ev":"game","ms":51144,"predicted":false,"t":2,"tick":2909,"type":"hit"}
[client] {"a":3,"dup":false,"ev":"game","ms":51371,"predicted":false,"t":5,"tick":2923,"type":"hit"}
[client] {"a":3,"dup":false,"ev":"game","ms":51371,"predicted":false,"t":9,"tick":2923,"type":"hit"}
[client] {"a":8,"dup":false,"ev":"game","ms":51392,"predicted":false,"t":3,"tick":2924,"type":"hit"}
[client] {"a":7,"dup":false,"ev":"game","ms":51489,"predicted":false,"t":1,"tick":2930,"type":"hit"}
[client] {"a":7,"dup":false,"ev":"game","ms":51489,"predicted":false,"t":4,"tick":2930,"type":"hit"}
[client] {"a":2,"dup":false,"ev":"game","ms":51509,"predicted":false,"t":9,"tick":2931,"type":"hit"}
[client] {"a":0,"dup":true,"ev":"game","ms":51509,"predicted":false,"t":7,"tick":2936,"type":"hit"}
[client] {"a":5,"dup":false,"ev":"game","ms":51757,"predicted":false,"t":2,"tick":2946,"type":"hit"}
[client] {"a":1,"dup":false,"ev":"game","ms":51875,"predicted":false,"t":7,"tick":2953,"type":"hit"}
[client] {"a":6,"dup":false,"ev":"game","ms":51875,"predicted":false,"t":2,"tick":2953,"type":"hit"}
[client] {"a":8,"dup":false,"ev":"game","ms":52075,"predicted":false,"t":2,"tick":2965,"type":"hit"}
[client] {"a":1,"dup":false,"ev":"game","ms":52109,"predicted":false,"t":7,"tick":2967,"type":"hit"}
[client] {"a":5,"dup":false,"ev":"game","ms":52124,"predicted":false,"t":2,"tick":2968,"type":"hit"}
[client] {"a":1,"dup":false,"ev":"game","ms":52144,"predicted":false,"t":6,"tick":2969,"type":"hit"}
[client] {"a":8,"dup":false,"ev":"game","ms":52158,"predicted":false,"t":3,"tick":2970,"type":"hit"}
[client] {"a":2,"dup":false,"ev":"game","ms":52544,"predicted":false,"t":5,"tick":2993,"type":"hit"}
[client] {"a":2,"dup":false,"ev":"game","ms":52544,"predicted":false,"t":9,"tick":2993,"type":"hit"}
[client] {"a":1,"dup":false,"ev":"game","ms":52572,"predicted":false,"t":6,"tick":2995,"type":"hit"}
[client] {"a":1,"dup":false,"ev":"game","ms":52993,"predicted":false,"t":6,"tick":3020,"type":"block"}
[client] {"a":4,"dup":false,"ev":"game","ms":53227,"predicted":false,"t":6,"tick":3034,"type":"block"}
[client] {"a":1,"dup":false,"ev":"game","ms":53310,"predicted":false,"t":6,"tick":3039,"type":"block"}
[client] {"a":3,"dup":false,"ev":"game","ms":53393,"predicted":false,"t":6,"tick":3044,"type":"block"}
[client] {"a":8,"dup":false,"ev":"game","ms":53393,"predicted":false,"t":2,"tick":3044,"type":"hit"}
[client] {"a":3,"dup":false,"ev":"game","ms":53690,"predicted":false,"t":6,"tick":3062,"type":"hit"}
[client] {"a":8,"dup":false,"ev":"game","ms":53793,"predicted":false,"t":4,"tick":3068,"type":"hit"}
[client] {"a":7,"dup":false,"ev":"game","ms":53960,"predicted":false,"t":3,"tick":3078,"type":"hit"}
[client] {"a":3,"dup":false,"ev":"game","ms":53960,"predicted":false,"t":-1,"tick":3078,"type":"ko"}
[client] {"a":7,"dup":false,"ev":"game","ms":54007,"predicted":false,"t":0,"tick":3081,"type":"hit"}
[client] {"a":8,"dup":false,"ev":"game","ms":54028,"predicted":false,"t":4,"tick":3082,"type":"hit"}
[client] {"a":6,"dup":false,"ev":"game","ms":54055,"predicted":false,"t":1,"tick":3084,"type":"hit"}
[client] {"a":8,"dup":false,"ev":"game","ms":54090,"predicted":false,"t":0,"tick":3086,"type":"hit"}
[client] {"a":6,"dup":false,"ev":"game","ms":54393,"predicted":false,"t":1,"tick":3104,"type":"hit"}
[client] {"a":6,"dup":false,"ev":"game","ms":54443,"predicted":false,"t":4,"tick":3107,"type":"hit"}
[client] {"a":4,"dup":false,"ev":"game","ms":54443,"predicted":false,"t":-1,"tick":3107,"type":"ko"}
[client] {"a":8,"dup":false,"ev":"game","ms":54545,"predicted":false,"t":2,"tick":3113,"type":"hit"}
[client] {"a":7,"dup":false,"ev":"game","ms":54629,"predicted":false,"t":1,"tick":3118,"type":"hit"}
[client] {"a":6,"dup":false,"ev":"game","ms":54829,"predicted":false,"t":1,"tick":3130,"type":"hit"}
[client] {"a":1,"dup":false,"ev":"game","ms":54830,"predicted":false,"t":-1,"tick":3130,"type":"ko"}
[client] {"a":8,"dup":false,"ev":"game","ms":54877,"predicted":false,"t":2,"tick":3133,"type":"hit"}
[client] {"a":2,"dup":false,"ev":"game","ms":54877,"predicted":false,"t":-1,"tick":3133,"type":"ko"}
[client] {"counts":{"blocks_on_me":0,"conf_actions":42,"confirmed_hits":173,"dup_confirmed":0,"hits_on_me":14,"pred_actions":42,"predicted_confirmed":18,"predicted_hits":27,"reconnects":0},"ev":"stats","hp":50.9000000000009,"in_bytes":767942,"late":0,"local_entity":0,"match":{"countdown_until":300,"ctrl":-1,"final":false,"next":"A","phase":3,"rot":755,"scores":[11,0],"sd":false,"state":3,"tick":2845,"zone":"B"},"max_err":0.942,"mean_err":0.0458,"ms":54972,"out_bytes":154072,"pending":2,"pos":[-2.58,-2.36],"reconciles":1046,"server_tick":3144,"snaps":1047,"teleports":1}
[client] {"a":8,"dup":false,"ev":"game","ms":55359,"predicted":false,"t":0,"tick":3163,"type":"hit"}
[client] {"a":0,"dup":true,"ev":"game","ms":56077,"predicted":false,"t":7,"tick":3210,"type":"hit"}
[client] {"a":0,"dup":true,"ev":"game","ms":56078,"predicted":false,"t":6,"tick":3211,"type":"hit"}
[client] {"a":7,"dup":false,"ev":"game","ms":56160,"predicted":false,"t":-1,"tick":3210,"type":"ko"}
[client] {"a":0,"dup":true,"ev":"game","ms":57078,"predicted":false,"t":8,"tick":3270,"type":"hit"}
[client] {"a":9,"dup":false,"ev":"game","ms":57478,"predicted":false,"t":0,"tick":3290,"type":"hit"}
[client] {"a":0,"dup":false,"ev":"game","ms":57795,"predicted":false,"t":-1,"tick":3313,"type":"ko"}
[client] {"a":9,"dup":false,"ev":"game","ms":57864,"predicted":false,"t":0,"tick":3313,"type":"hit"}
[client] {"counts":{"blocks_on_me":0,"conf_actions":47,"confirmed_hits":179,"dup_confirmed":0,"hits_on_me":17,"pred_actions":47,"predicted_confirmed":21,"predicted_hits":33,"reconnects":0},"ev":"stats","hp":0.0,"in_bytes":829064,"late":0,"local_entity":0,"match":{"countdown_until":300,"ctrl":1,"final":false,"next":"A","phase":3,"rot":455,"scores":[11,2],"sd":false,"state":2,"tick":3145,"zone":"B"},"max_err":0.942,"mean_err":0.0428,"ms":59968,"out_bytes":168772,"pending":5,"pos":[-2.03,-2.61],"reconciles":1145,"server_tick":3444,"snaps":1147,"teleports":1}
[client] {"a":3,"dup":false,"ev":"game","ms":63956,"predicted":false,"t":-1,"tick":3678,"type":"respawn"}
[client] {"a":4,"dup":false,"ev":"game","ms":64439,"predicted":false,"t":-1,"tick":3707,"type":"respawn"}
[client] {"a":1,"dup":false,"ev":"game","ms":64826,"predicted":false,"t":-1,"tick":3730,"type":"respawn"}
[client] {"a":2,"dup":false,"ev":"game","ms":64874,"predicted":false,"t":-1,"tick":3733,"type":"respawn"}
[client] {"counts":{"blocks_on_me":0,"conf_actions":47,"confirmed_hits":179,"dup_confirmed":0,"hits_on_me":17,"pred_actions":47,"predicted_confirmed":21,"predicted_hits":33,"reconnects":0},"ev":"stats","hp":0.0,"in_bytes":879124,"late":0,"local_entity":0,"match":{"countdown_until":300,"ctrl":1,"final":false,"next":"A","phase":3,"rot":155,"scores":[11,7],"sd":false,"state":2,"tick":3445,"zone":"B"},"max_err":0.942,"mean_err":0.0394,"ms":64977,"out_bytes":183472,"pending":5,"pos":[-2.03,-2.61],"reconciles":1245,"server_tick":3744,"snaps":1247,"teleports":1}
[client] {"a":7,"dup":false,"ev":"game","ms":66158,"predicted":false,"t":-1,"tick":3810,"type":"respawn"}
[client] {"a":-1,"dup":false,"ev":"game","ms":67641,"predicted":false,"t":-1,"tick":3899,"type":"zone_rotated"}
[client] {"a":0,"dup":false,"ev":"game","ms":67793,"predicted":false,"t":-1,"tick":3913,"type":"respawn"}
[client] {"counts":{"blocks_on_me":0,"conf_actions":47,"confirmed_hits":179,"dup_confirmed":0,"hits_on_me":17,"pred_actions":47,"predicted_confirmed":21,"predicted_hits":33,"reconnects":0},"ev":"stats","hp":220.0,"in_bytes":938363,"late":0,"local_entity":0,"match":{"countdown_until":300,"ctrl":-1,"final":false,"next":"","phase":3,"rot":3455,"scores":[11,9],"sd":false,"state":1,"tick":3745,"zone":"A"},"max_err":0.942,"mean_err":0.0364,"ms":69980,"out_bytes":198172,"pending":2,"pos":[2.46,-34.06],"reconciles":1345,"server_tick":4044,"snaps":1347,"teleports":2}
[client] {"counts":{"blocks_on_me":0,"conf_actions":47,"confirmed_hits":179,"dup_confirmed":0,"hits_on_me":17,"pred_actions":47,"predicted_confirmed":21,"predicted_hits":33,"reconnects":0},"ev":"stats","hp":220.0,"in_bytes":1000438,"late":0,"local_entity":0,"match":{"countdown_until":300,"ctrl":-1,"final":false,"next":"","phase":3,"rot":3155,"scores":[11,10],"sd":false,"state":3,"tick":4045,"zone":"A"},"max_err":0.942,"mean_err":0.034,"ms":74974,"out_bytes":212872,"pending":6,"pos":[-21.78,-17.15],"reconciles":1444,"server_tick":4343,"snaps":1447,"teleports":2}
[client] {"a":3,"dup":false,"ev":"game","ms":75989,"predicted":false,"t":6,"tick":4400,"type":"hit"}
[client] {"a":9,"dup":false,"ev":"game","ms":76106,"predicted":false,"t":3,"tick":4407,"type":"hit"}
[client] {"a":9,"dup":false,"ev":"game","ms":76141,"predicted":false,"t":4,"tick":4409,"type":"hit"}
[client] {"a":9,"dup":false,"ev":"game","ms":76154,"predicted":false,"t":1,"tick":4410,"type":"hit"}
[client] {"a":3,"dup":false,"ev":"game","ms":76424,"predicted":false,"t":6,"tick":4426,"type":"hit"}
[client] {"a":1,"dup":false,"ev":"game","ms":76576,"predicted":false,"t":9,"tick":4435,"type":"hit"}
[client] {"a":6,"dup":false,"ev":"game","ms":76789,"predicted":false,"t":3,"tick":4448,"type":"hit"}
[client] {"a":1,"dup":false,"ev":"game","ms":76803,"predicted":false,"t":9,"tick":4449,"type":"hit"}
[client] {"a":1,"dup":false,"ev":"game","ms":76824,"predicted":false,"t":6,"tick":4450,"type":"hit"}
[client] {"a":4,"dup":false,"ev":"game","ms":76893,"predicted":false,"t":6,"tick":4454,"type":"hit"}
[client] {"a":4,"dup":false,"ev":"game","ms":76893,"predicted":false,"t":9,"tick":4454,"type":"hit"}
[client] {"a":8,"dup":false,"ev":"game","ms":76893,"predicted":false,"t":3,"tick":4454,"type":"hit"}
[client] {"a":4,"dup":false,"ev":"game","ms":77224,"predicted":false,"t":6,"tick":4474,"type":"hit"}
[client] {"a":9,"dup":false,"ev":"game","ms":77238,"predicted":false,"t":4,"tick":4475,"type":"hit"}
[client] {"a":8,"dup":false,"ev":"game","ms":77307,"predicted":false,"t":4,"tick":4479,"type":"hit"}
[client] {"a":3,"dup":false,"ev":"game","ms":77341,"predicted":false,"t":6,"tick":4481,"type":"hit"}
[client] {"a":1,"dup":false,"ev":"game","ms":77604,"predicted":false,"t":6,"tick":4497,"type":"hit"}
[client] {"a":1,"dup":false,"ev":"game","ms":77693,"predicted":false,"t":8,"tick":4502,"type":"hit"}
[client] {"a":9,"dup":false,"ev":"game","ms":77824,"predicted":false,"t":1,"tick":4510,"type":"hit"}
[client] {"a":3,"dup":false,"ev":"game","ms":78093,"predicted":false,"t":6,"tick":4526,"type":"hit"}
[client] {"a":1,"dup":false,"ev":"game","ms":78190,"predicted":false,"t":9,"tick":4532,"type":"hit"}
[client] {"a":2,"dup":false,"ev":"game","ms":78273,"predicted":false,"t":9,"tick":4537,"type":"hit"}
[client] {"a":7,"dup":false,"ev":"game","ms":78273,"predicted":false,"t":1,"tick":4537,"type":"hit"}
[client] {"a":4,"dup":false,"ev":"game","ms":78473,"predicted":false,"t":7,"tick":4549,"type":"hit"}
[client] {"a":6,"dup":false,"ev":"game","ms":78611,"predicted":false,"t":1,"tick":4557,"type":"hit"}
[client] {"a":6,"dup":false,"ev":"game","ms":79025,"predicted":false,"t":1,"tick":4582,"type":"hit"}
[client] {"a":6,"dup":false,"ev":"game","ms":79073,"predicted":false,"t":3,"tick":4585,"type":"hit"}
[client] {"a":4,"dup":false,"ev":"game","ms":79094,"predicted":false,"t":7,"tick":4586,"type":"hit"}
[client] {"a":2,"dup":false,"ev":"game","ms":79239,"predicted":false,"t":9,"tick":4595,"type":"hit"}
[client] {"a":2,"dup":false,"ev":"game","ms":79342,"predicted":false,"t":7,"tick":4601,"type":"hit"}
[client] {"a":1,"dup":false,"ev":"game","ms":79377,"predicted":false,"t":6,"tick":4603,"type":"block"}
[client] {"a":4,"dup":false,"ev":"game","ms":79425,"predicted":false,"t":7,"tick":4606,"type":"hit"}
[client] {"a":1,"dup":false,"ev":"game","ms":79791,"predicted":false,"t":6,"tick":4628,"type":"block"}
[client] {"a":0,"dup":true,"ev":"game","ms":79826,"predicted":false,"t":6,"tick":4635,"type":"hit"}
[client] {"a":8,"dup":false,"ev":"game","ms":79957,"predicted":false,"t":4,"tick":4638,"type":"hit"}
[client] {"a":9,"dup":false,"ev":"game","ms":79957,"predicted":false,"t":4,"tick":4638,"type":"hit"}
[client] {"counts":{"blocks_on_me":0,"conf_actions":50,"confirmed_hits":213,"dup_confirmed":0,"hits_on_me":17,"pred_actions":50,"predicted_confirmed":22,"predicted_hits":35,"reconnects":0},"ev":"stats","hp":220.0,"in_bytes":1080079,"late":0,"local_entity":0,"match":{"countdown_until":300,"ctrl":-1,"final":false,"next":"","phase":3,"rot":2855,"scores":[11,10],"sd":false,"state":3,"tick":4345,"zone":"A"},"max_err":0.942,"mean_err":0.0319,"ms":79976,"out_bytes":227572,"pending":6,"pos":[-41.15,-3.53],"reconciles":1544,"server_tick":4643,"snaps":1547,"teleports":2}
[client] {"a":5,"dup":false,"ev":"game","ms":80274,"predicted":false,"t":4,"tick":4657,"type":"hit"}
[client] {"a":6,"dup":false,"ev":"game","ms":80274,"predicted":false,"t":1,"tick":4657,"type":"hit"}
[client] {"a":3,"dup":false,"ev":"game","ms":80391,"predicted":false,"t":6,"tick":4664,"type":"hit"}
[client] {"a":0,"dup":true,"ev":"game","ms":80426,"predicted":false,"t":6,"tick":4671,"type":"hit"}
[client] {"a":9,"dup":false,"ev":"game","ms":80440,"predicted":false,"t":4,"tick":4667,"type":"hit"}
[client] {"a":2,"dup":false,"ev":"game","ms":80460,"predicted":false,"t":9,"tick":4668,"type":"hit"}
[client] {"a":5,"dup":false,"ev":"game","ms":80509,"predicted":false,"t":4,"tick":4671,"type":"hit"}
[client] {"a":0,"dup":true,"ev":"game","ms":80757,"predicted":false,"t":6,"tick":4691,"type":"hit"}
[client] {"a":2,"dup":false,"ev":"game","ms":80840,"predicted":false,"t":5,"tick":4691,"type":"hit"}
[client] {"a":8,"dup":false,"ev":"game","ms":80840,"predicted":false,"t":4,"tick":4691,"type":"hit"}
[client] {"a":6,"dup":false,"ev":"game","ms":80840,"predicted":false,"t":-1,"tick":4691,"type":"ko"}
[client] {"a":9,"dup":false,"ev":"game","ms":80923,"predicted":false,"t":4,"tick":4696,"type":"hit"}
[client] {"a":2,"dup":false,"ev":"game","ms":81040,"predicted":false,"t":9,"tick":4703,"type":"hit"}
[client] {"a":2,"dup":false,"ev":"game","ms":81109,"predicted":false,"t":8,"tick":4707,"type":"hit"}
[client] {"a":5,"dup":false,"ev":"game","ms":81343,"predicted":false,"t":3,"tick":4721,"type":"hit"}
[client] {"a":5,"dup":false,"ev":"game","ms":81675,"predicted":false,"t":1,"tick":4741,"type":"hit"}
[client] {"a":5,"dup":false,"ev":"game","ms":81675,"predicted":false,"t":3,"tick":4741,"type":"hit"}
[client] {"a":5,"dup":false,"ev":"game","ms":81723,"predicted":false,"t":0,"tick":4744,"type":"hit"}
[client] {"a":2,"dup":false,"ev":"game","ms":81895,"predicted":false,"t":5,"tick":4754,"type":"hit"}
[client] {"a":2,"dup":false,"ev":"game","ms":81909,"predicted":false,"t":8,"tick":4755,"type":"hit"}
[client] {"a":7,"dup":false,"ev":"game","ms":81958,"predicted":false,"t":3,"tick":4758,"type":"hit"}
[client] {"a":9,"dup":false,"ev":"game","ms":82028,"predicted":false,"t":2,"tick":4762,"type":"hit"}
[client] {"a":1,"dup":false,"ev":"game","ms":82220,"predicted":false,"t":7,"tick":4774,"type":"hit"}
[client] {"a":2,"dup":false,"ev":"game","ms":82420,"predicted":false,"t":9,"tick":4786,"type":"hit"}
[client] {"a":3,"dup":false,"ev":"game","ms":82606,"predicted":false,"t":7,"tick":4797,"type":"hit"}
[client] {"a":1,"dup":false,"ev":"game","ms":82634,"predicted":false,"t":7,"tick":4799,"type":"hit"}
[client] {"a":5,"dup":false,"ev":"game","ms":82634,"predicted":false,"t":3,"tick":4799,"type":"hit"}
[client] {"a":0,"dup":true,"ev":"game","ms":82751,"predicted":false,"t":8,"tick":4811,"type":"hit"}
[client] {"a":2,"dup":false,"ev":"game","ms":82854,"predicted":false,"t":9,"tick":4812,"type":"hit"}
[client] {"a":3,"dup":false,"ev":"game","ms":83006,"predicted":false,"t":7,"tick":4821,"type":"hit"}
[client] {"a":5,"dup":false,"ev":"game","ms":83007,"predicted":false,"t":3,"tick":4821,"type":"hit"}
[client] {"a":5,"dup":false,"ev":"game","ms":83034,"predicted":false,"t":0,"tick":4823,"type":"hit"}
[client] {"a":2,"dup":false,"ev":"game","ms":83185,"predicted":false,"t":9,"tick":4832,"type":"hit"}
[client] {"a":7,"dup":false,"ev":"game","ms":83490,"predicted":false,"t":3,"tick":4850,"type":"hit"}
[client] {"a":4,"dup":false,"ev":"game","ms":83786,"predicted":false,"t":9,"tick":4868,"type":"hit"}
[client] {"a":3,"dup":false,"ev":"game","ms":83917,"predicted":false,"t":5,"tick":4876,"type":"hit"}
[client] {"a":2,"dup":false,"ev":"game","ms":84021,"predicted":false,"t":9,"tick":4882,"type":"hit"}
[client] {"a":9,"dup":false,"ev":"game","ms":84021,"predicted":false,"t":-1,"tick":4882,"type":"ko"}
[client] {"a":0,"dup":true,"ev":"game","ms":84070,"predicted":false,"t":5,"tick":4890,"type":"hit"}
[client] {"a":7,"dup":false,"ev":"game","ms":84773,"predicted":false,"t":2,"tick":4927,"type":"hit"}
[client] {"a":7,"dup":false,"ev":"game","ms":84773,"predicted":false,"t":4,"tick":4927,"type":"hit"}
[client] {"a":7,"dup":false,"ev":"game","ms":84835,"predicted":false,"t":3,"tick":4931,"type":"hit"}
[client] {"counts":{"blocks_on_me":0,"conf_actions":56,"confirmed_hits":253,"dup_confirmed":0,"hits_on_me":19,"pred_actions":57,"predicted_confirmed":26,"predicted_hits":42,"reconnects":0},"ev":"stats","hp":184.0,"in_bytes":1159866,"late":0,"local_entity":0,"match":{"countdown_until":300,"ctrl":-1,"final":false,"next":"","phase":3,"rot":2555,"scores":[11,10],"sd":false,"state":3,"tick":4645,"zone":"A"},"max_err":0.942,"mean_err":0.0312,"ms":84972,"out_bytes":242272,"pending":6,"pos":[-42.16,-0.42],"reconciles":1644,"server_tick":4943,"snaps":1647,"teleports":2}
[client] {"a":0,"dup":true,"ev":"game","ms":85504,"predicted":false,"t":8,"tick":4976,"type":"hit"}
[client] {"a":1,"dup":false,"ev":"game","ms":85587,"predicted":false,"t":8,"tick":4976,"type":"hit"}
[client] {"a":3,"dup":false,"ev":"game","ms":85587,"predicted":false,"t":5,"tick":4976,"type":"hit"}
[client] {"a":7,"dup":false,"ev":"game","ms":85752,"predicted":false,"t":0,"tick":4986,"type":"hit"}
[client] {"a":4,"dup":false,"ev":"game","ms":85892,"predicted":false,"t":7,"tick":4994,"type":"hit"}
[client] {"a":7,"dup":false,"ev":"game","ms":85892,"predicted":false,"t":-1,"tick":4994,"type":"ko"}
[client] {"a":5,"dup":false,"ev":"game","ms":86257,"predicted":false,"t":3,"tick":5016,"type":"hit"}
[client] {"a":0,"dup":true,"ev":"game","ms":86270,"predicted":false,"t":8,"tick":5022,"type":"hit"}
[client] {"a":5,"dup":false,"ev":"game","ms":86625,"predicted":false,"t":3,"tick":5038,"type":"hit"}
[client] {"a":3,"dup":false,"ev":"game","ms":87091,"predicted":false,"t":8,"tick":5066,"type":"hit"}
[client] {"a":3,"dup":false,"ev":"game","ms":87636,"predicted":false,"t":5,"tick":5099,"type":"hit"}
[client] {"a":8,"dup":false,"ev":"game","ms":88554,"predicted":false,"t":3,"tick":5154,"type":"hit"}
[client] {"a":5,"dup":false,"ev":"game","ms":88623,"predicted":false,"t":4,"tick":5158,"type":"block"}
[client] {"a":4,"dup":false,"ev":"game","ms":88989,"predicted":false,"t":5,"tick":5180,"type":"hit"}
[client] {"a":8,"dup":false,"ev":"game","ms":89237,"predicted":false,"t":3,"tick":5195,"type":"hit"}
[client] {"a":3,"dup":false,"ev":"game","ms":89237,"predicted":false,"t":-1,"tick":5195,"type":"ko"}
[client] {"a":5,"dup":false,"ev":"game","ms":89341,"predicted":false,"t":4,"tick":5201,"type":"hit"}
[client] {"a":4,"dup":false,"ev":"game","ms":89789,"predicted":false,"t":5,"tick":5228,"type":"hit"}
[client] {"a":0,"dup":true,"ev":"game","ms":89789,"predicted":false,"t":5,"tick":5233,"type":"hit"}
[client] {"counts":{"blocks_on_me":0,"conf_actions":63,"confirmed_hits":269,"dup_confirmed":0,"hits_on_me":20,"pred_actions":64,"predicted_confirmed":29,"predicted_hits":45,"reconnects":0},"ev":"stats","hp":166.0,"in_bytes":1224279,"late":0,"local_entity":0,"match":{"countdown_until":300,"ctrl":-1,"final":false,"next":"","phase":3,"rot":2255,"scores":[11,10],"sd":false,"state":3,"tick":4945,"zone":"A"},"max_err":0.942,"mean_err":0.0302,"ms":89975,"out_bytes":256972,"pending":6,"pos":[-41.41,-0.98],"reconciles":1744,"server_tick":5243,"snaps":1747,"teleports":2}
[client] {"a":8,"dup":false,"ev":"game","ms":90328,"predicted":false,"t":0,"tick":5260,"type":"hit"}
[client] {"a":5,"dup":false,"ev":"game","ms":90755,"predicted":false,"t":4,"tick":5286,"type":"hit"}
[client] {"a":4,"dup":false,"ev":"game","ms":90755,"predicted":false,"t":-1,"tick":5286,"type":"ko"}
[client] {"a":6,"dup":false,"ev":"game","ms":90838,"predicted":false,"t":-1,"tick":5291,"type":"respawn"}
[client] {"a":8,"dup":false,"ev":"game","ms":91611,"predicted":false,"t":2,"tick":5337,"type":"hit"}
[client] {"a":1,"dup":false,"ev":"game","ms":91728,"predicted":false,"t":8,"tick":5344,"type":"hit"}
[client] {"a":8,"dup":false,"ev":"game","ms":91728,"predicted":false,"t":-1,"tick":5344,"type":"ko"}
[client] {"a":5,"dup":false,"ev":"game","ms":92142,"predicted":false,"t":1,"tick":5369,"type":"hit"}
[client] {"a":2,"dup":false,"ev":"game","ms":92647,"predicted":false,"t":5,"tick":5399,"type":"hit"}
[client] {"a":5,"dup":false,"ev":"game","ms":92647,"predicted":false,"t":-1,"tick":5399,"type":"ko"}
[client] {"a":9,"dup":false,"ev":"game","ms":94026,"predicted":false,"t":-1,"tick":5482,"type":"respawn"}
[client] {"counts":{"blocks_on_me":0,"conf_actions":66,"confirmed_hits":275,"dup_confirmed":0,"hits_on_me":21,"pred_actions":67,"predicted_confirmed":29,"predicted_hits":45,"reconnects":0},"ev":"stats","hp":136.0,"in_bytes":1282681,"late":0,"local_entity":0,"match":{"countdown_until":300,"ctrl":0,"final":false,"next":"","phase":3,"rot":1955,"scores":[13,10],"sd":false,"state":2,"tick":5245,"zone":"A"},"max_err":1.432,"mean_err":0.03,"ms":94977,"out_bytes":271672,"pending":6,"pos":[-41.65,-0.25],"reconciles":1844,"server_tick":5544,"snaps":1847,"teleports":2}
[client] {"a":7,"dup":false,"ev":"game","ms":95868,"predicted":false,"t":-1,"tick":5594,"type":"respawn"}
[client] {"a":3,"dup":false,"ev":"game","ms":99237,"predicted":false,"t":-1,"tick":5795,"type":"respawn"}
[client] {"counts":{"blocks_on_me":0,"conf_actions":66,"confirmed_hits":275,"dup_confirmed":0,"hits_on_me":21,"pred_actions":67,"predicted_confirmed":29,"predicted_hits":45,"reconnects":0},"ev":"stats","hp":169.000000000001,"in_bytes":1331756,"late":0,"local_entity":0,"match":{"countdown_until":300,"ctrl":0,"final":false,"next":"","phase":3,"rot":1655,"scores":[18,10],"sd":false,"state":2,"tick":5545,"zone":"A"},"max_err":1.432,"mean_err":0.0285,"ms":99968,"out_bytes":286372,"pending":6,"pos":[-41.65,-0.25],"reconciles":1944,"server_tick":5844,"snaps":1947,"teleports":2}
[client] {"a":4,"dup":false,"ev":"game","ms":100758,"predicted":false,"t":-1,"tick":5886,"type":"respawn"}
[client] {"a":8,"dup":false,"ev":"game","ms":101722,"predicted":false,"t":-1,"tick":5944,"type":"respawn"}
[client] {"a":5,"dup":false,"ev":"game","ms":102636,"predicted":false,"t":-1,"tick":5999,"type":"respawn"}
[client] {"a":6,"dup":false,"ev":"game","ms":102663,"predicted":false,"t":2,"tick":6001,"type":"hit"}
[client] {"a":6,"dup":false,"ev":"game","ms":102683,"predicted":false,"t":0,"tick":6002,"type":"hit"}
[client] {"a":0,"dup":true,"ev":"game","ms":103554,"predicted":false,"t":6,"tick":6059,"type":"hit"}
[client] {"a":6,"dup":false,"ev":"game","ms":104049,"predicted":false,"t":0,"tick":6084,"type":"hit"}
[client] {"a":1,"dup":false,"ev":"game","ms":104615,"predicted":false,"t":9,"tick":6118,"type":"hit"}
[client] {"counts":{"blocks_on_me":0,"conf_actions":70,"confirmed_hits":280,"dup_confirmed":0,"hits_on_me":23,"pred_actions":71,"predicted_confirmed":30,"predicted_hits":46,"reconnects":0},"ev":"stats","hp":158.900000000003,"in_bytes":1396497,"late":0,"local_entity":0,"match":{"countdown_until":300,"ctrl":-1,"final":false,"next":"","phase":3,"rot":1355,"scores":[19,10],"sd":false,"state":3,"tick":5845,"zone":"A"},"max_err":1.432,"mean_err":0.028,"ms":104966,"out_bytes":301072,"pending":6,"pos":[-43.09,-1.14],"reconciles":2044,"server_tick":6143,"snaps":2047,"teleports":2}
[client] {"a":2,"dup":false,"ev":"game","ms":105484,"predicted":false,"t":6,"tick":6170,"type":"hit"}
[client] {"a":2,"dup":false,"ev":"game","ms":105884,"predicted":false,"t":6,"tick":6194,"type":"hit"}
[client] {"a":0,"dup":true,"ev":"game","ms":106085,"predicted":false,"t":6,"tick":6211,"type":"hit"}
[client] {"a":1,"dup":false,"ev":"game","ms":106368,"predicted":false,"t":6,"tick":6223,"type":"hit"}
[client] {"a":2,"dup":false,"ev":"game","ms":106616,"predicted":false,"t":6,"tick":6238,"type":"hit"}
[client] {"a":7,"dup":false,"ev":"game","ms":106816,"predicted":false,"t":1,"tick":6250,"type":"hit"}
[client] {"a":0,"dup":true,"ev":"game","ms":107286,"predicted":false,"t":6,"tick":6283,"type":"hit"}
[client] {"a":7,"dup":false,"ev":"game","ms":107402,"predicted":false,"t":2,"tick":6285,"type":"hit"}
[client] {"a":9,"dup":false,"ev":"game","ms":108452,"predicted":false,"t":2,"tick":6348,"type":"hit"}
[client] {"a":9,"dup":false,"ev":"game","ms":108755,"predicted":false,"t":2,"tick":6366,"type":"hit"}
[client] {"a":1,"dup":false,"ev":"game","ms":108782,"predicted":false,"t":6,"tick":6368,"type":"block"}
[client] {"a":1,"dup":false,"ev":"game","ms":109086,"predicted":false,"t":6,"tick":6386,"type":"block"}
[client] {"a":2,"dup":false,"ev":"game","ms":109252,"predicted":false,"t":9,"tick":6396,"type":"hit"}
[client] {"a":1,"dup":false,"ev":"game","ms":109403,"predicted":false,"t":6,"tick":6405,"type":"hit"}
[client] {"a":7,"dup":false,"ev":"game","ms":109452,"predicted":false,"t":2,"tick":6408,"type":"hit"}
[client] {"a":6,"dup":false,"ev":"game","ms":109783,"predicted":false,"t":1,"tick":6428,"type":"hit"}
[client] {"counts":{"blocks_on_me":0,"conf_actions":74,"confirmed_hits":294,"dup_confirmed":0,"hits_on_me":23,"pred_actions":75,"predicted_confirmed":32,"predicted_hits":49,"reconnects":0},"ev":"stats","hp":158.900000000003,"in_bytes":1468161,"late":0,"local_entity":0,"match":{"countdown_until":300,"ctrl":-1,"final":false,"next":"","phase":3,"rot":1055,"scores":[19,10],"sd":false,"state":3,"tick":6145,"zone":"A"},"max_err":1.432,"mean_err":0.027,"ms":109968,"out_bytes":315772,"pending":6,"pos":[-42.01,0.17],"reconciles":2144,"server_tick":6443,"snaps":2147,"teleports":2}
[client] {"a":9,"dup":false,"ev":"game","ms":109969,"predicted":false,"t":2,"tick":6439,"type":"hit"}
[client] {"a":6,"dup":false,"ev":"game","ms":110121,"predicted":false,"t":1,"tick":6448,"type":"hit"}
[client] {"a":6,"dup":false,"ev":"game","ms":110473,"predicted":false,"t":1,"tick":6469,"type":"hit"}
[client] {"a":1,"dup":false,"ev":"game","ms":110956,"predicted":false,"t":6,"tick":6498,"type":"hit"}
[client] {"a":3,"dup":false,"ev":"game","ms":111074,"predicted":false,"t":7,"tick":6505,"type":"hit"}
[client] {"a":2,"dup":false,"ev":"game","ms":111087,"predicted":false,"t":7,"tick":6506,"type":"hit"}
[client] {"a":3,"dup":false,"ev":"game","ms":111122,"predicted":false,"t":9,"tick":6508,"type":"hit"}
[client] {"a":6,"dup":false,"ev":"game","ms":111356,"predicted":false,"t":1,"tick":6522,"type":"hit"}
[client] {"a":7,"dup":false,"ev":"game","ms":111439,"predicted":false,"t":3,"tick":6527,"type":"hit"}
[client] {"a":0,"dup":true,"ev":"game","ms":111522,"predicted":false,"t":6,"tick":6537,"type":"hit"}
[client] {"a":1,"dup":false,"ev":"game","ms":111701,"predicted":false,"t":6,"tick":6543,"type":"hit"}
[client] {"a":3,"dup":false,"ev":"game","ms":111756,"predicted":false,"t":7,"tick":6546,"type":"hit"}
[client] {"a":2,"dup":false,"ev":"game","ms":111901,"predicted":false,"t":7,"tick":6555,"type":"hit"}
[client] {"a":6,"dup":false,"ev":"game","ms":112171,"predicted":false,"t":1,"tick":6571,"type":"hit"}
[client] {"a":0,"dup":true,"ev":"game","ms":112171,"predicted":false,"t":6,"tick":6576,"type":"hit"}
[client] {"a":2,"dup":false,"ev":"game","ms":112571,"predicted":false,"t":8,"tick":6595,"type":"hit"}
[client] {"a":9,"dup":false,"ev":"game","ms":112619,"predicted":false,"t":1,"tick":6598,"type":"hit"}
[client] {"a":1,"dup":false,"ev":"game","ms":112619,"predicted":false,"t":-1,"tick":6598,"type":"ko"}
[client] {"a":4,"dup":false,"ev":"game","ms":112902,"predicted":false,"t":9,"tick":6615,"type":"hit"}
[client] {"a":5,"dup":false,"ev":"game","ms":113302,"predicted":false,"t":3,"tick":6639,"type":"hit"}
[client] {"a":7,"dup":false,"ev":"game","ms":113302,"predicted":false,"t":3,"tick":6639,"type":"hit"}
[client] {"a":8,"dup":false,"ev":"game","ms":113385,"predicted":false,"t":3,"tick":6644,"type":"hit"}
[client] {"a":6,"dup":false,"ev":"game","ms":113475,"predicted":false,"t":0,"tick":6649,"type":"block"}
[client] {"a":3,"dup":false,"ev":"game","ms":113806,"predicted":false,"t":8,"tick":6669,"type":"hit"}
[client] {"a":3,"dup":false,"ev":"game","ms":113819,"predicted":false,"t":5,"tick":6670,"type":"hit"}
[client] {"a":3,"dup":false,"ev":"game","ms":113840,"predicted":false,"t":7,"tick":6671,"type":"hit"}
[client] {"a":9,"dup":false,"ev":"game","ms":113840,"predicted":false,"t":0,"tick":6671,"type":"hit"}
[client] {"a":4,"dup":false,"ev":"game","ms":114123,"predicted":false,"t":9,"tick":6688,"type":"hit"}
[client] {"a":6,"dup":false,"ev":"game","ms":114372,"predicted":false,"t":0,"tick":6703,"type":"hit"}
[client] {"a":3,"dup":false,"ev":"game","ms":114585,"predicted":false,"t":8,"tick":6716,"type":"hit"}
[client] {"a":6,"dup":false,"ev":"game","ms":114702,"predicted":false,"t":0,"tick":6723,"type":"hit"}
[client] {"a":3,"dup":false,"ev":"game","ms":114903,"predicted":false,"t":8,"tick":6735,"type":"hit"}
[client] {"counts":{"blocks_on_me":1,"conf_actions":84,"confirmed_hits":324,"dup_confirmed":0,"hits_on_me":26,"pred_actions":85,"predicted_confirmed":34,"predicted_hits":57,"reconnects":0},"ev":"stats","hp":104.900000000003,"in_bytes":1550476,"late":0,"local_entity":0,"match":{"countdown_until":300,"ctrl":-1,"final":false,"next":"C","phase":3,"rot":755,"scores":[19,10],"sd":false,"state":3,"tick":6445,"zone":"A"},"max_err":1.432,"mean_err":0.0269,"ms":114971,"out_bytes":330472,"pending":3,"pos":[-43.43,0.88],"reconciles":2245,"server_tick":6744,"snaps":2247,"teleports":2}
[client] {"a":0,"dup":true,"ev":"game","ms":114972,"predicted":false,"t":6,"tick":6744,"type":"hit"}
[client] {"a":6,"dup":false,"ev":"game","ms":115055,"predicted":false,"t":-1,"tick":6744,"type":"ko"}
[client] {"a":2,"dup":false,"ev":"game","ms":115089,"predicted":false,"t":7,"tick":6746,"type":"hit"}
[client] {"a":3,"dup":false,"ev":"game","ms":115220,"predicted":false,"t":7,"tick":6754,"type":"hit"}
[client] {"a":3,"dup":false,"ev":"game","ms":115220,"predicted":false,"t":8,"tick":6754,"type":"hit"}
[client] {"a":3,"dup":false,"ev":"game","ms":115241,"predicted":false,"t":5,"tick":6755,"type":"hit"}
[client] {"a":9,"dup":false,"ev":"game","ms":115337,"predicted":false,"t":4,"tick":6761,"type":"hit"}
[client] {"a":9,"dup":false,"ev":"game","ms":115620,"predicted":false,"t":4,"tick":6779,"type":"hit"}
[client] {"a":7,"dup":false,"ev":"game","ms":115703,"predicted":false,"t":2,"tick":6784,"type":"hit"}
[client] {"a":5,"dup":false,"ev":"game","ms":115724,"predicted":false,"t":2,"tick":6785,"type":"hit"}
[client] {"a":7,"dup":false,"ev":"game","ms":115807,"predicted":false,"t":3,"tick":6789,"type":"hit"}
[client] {"a":5,"dup":false,"ev":"game","ms":116055,"predicted":false,"t":2,"tick":6804,"type":"hit"}
[client] {"a":9,"dup":false,"ev":"game","ms":116276,"predicted":false,"t":4,"tick":6818,"type":"block"}
[client] {"a":9,"dup":false,"ev":"game","ms":116587,"predicted":false,"t":4,"tick":6836,"type":"block"}
[client] {"a":5,"dup":false,"ev":"game","ms":116621,"predicted":false,"t":2,"tick":6839,"type":"hit"}
[client] {"a":2,"dup":false,"ev":"game","ms":117042,"predicted":false,"t":5,"tick":6864,"type":"hit"}
[client] {"a":8,"dup":false,"ev":"game","ms":117194,"predicted":false,"t":2,"tick":6873,"type":"hit"}
[client] {"a":2,"dup":false,"ev":"game","ms":117194,"predicted":false,"t":-1,"tick":6873,"type":"ko"}
[client] {"a":9,"dup":false,"ev":"game","ms":117457,"predicted":false,"t":4,"tick":6889,"type":"block"}
[client] {"a":9,"dup":false,"ev":"game","ms":118056,"predicted":false,"t":4,"tick":6925,"type":"block"}
[client] {"a":8,"dup":false,"ev":"game","ms":118160,"predicted":false,"t":3,"tick":6931,"type":"hit"}
[client] {"a":8,"dup":false,"ev":"game","ms":118477,"predicted":false,"t":3,"tick":6950,"type":"hit"}
[client] {"a":8,"dup":false,"ev":"game","ms":118504,"predicted":false,"t":0,"tick":6952,"type":"hit"}
[client] {"a":5,"dup":false,"ev":"game","ms":118573,"predicted":false,"t":3,"tick":6956,"type":"hit"}
[client] {"a":0,"dup":true,"ev":"game","ms":118974,"predicted":false,"t":8,"tick":6984,"type":"hit"}
[client] {"a":4,"dup":false,"ev":"game","ms":119160,"predicted":false,"t":9,"tick":6990,"type":"hit"}
[client] {"a":0,"dup":true,"ev":"game","ms":119374,"predicted":false,"t":7,"tick":7009,"type":"hit"}
[client] {"a":4,"dup":false,"ev":"game","ms":119574,"predicted":false,"t":9,"tick":7015,"type":"hit"}
[client] {"a":5,"dup":false,"ev":"game","ms":119774,"predicted":false,"t":0,"tick":7027,"type":"hit"}
[client] {"a":8,"dup":false,"ev":"game","ms":119857,"predicted":false,"t":0,"tick":7032,"type":"hit"}
[client] {"a":7,"dup":false,"ev":"game","ms":119878,"predicted":false,"t":0,"tick":7033,"type":"hit"}
[client] {"counts":{"blocks_on_me":1,"conf_actions":89,"confirmed_hits":349,"dup_confirmed":0,"hits_on_me":30,"pred_actions":92,"predicted_confirmed":37,"predicted_hits":61,"reconnects":0},"ev":"stats","hp":12.900000000003,"in_bytes":1625402,"late":0,"local_entity":0,"match":{"countdown_until":300,"ctrl":-1,"final":false,"next":"C","phase":3,"rot":455,"scores":[19,10],"sd":false,"state":3,"tick":6745,"zone":"A"},"max_err":1.432,"mean_err":0.0268,"ms":119973,"out_bytes":345172,"pending":6,"pos":[-41.39,-1.72],"reconciles":2344,"server_tick":7044,"snaps":2347,"teleports":2}
[client] {"a":3,"dup":false,"ev":"game","ms":120043,"predicted":false,"t":5,"tick":7043,"type":"hit"}
[client] {"a":4,"dup":false,"ev":"game","ms":120043,"predicted":false,"t":9,"tick":7043,"type":"hit"}
[client] {"a":3,"dup":false,"ev":"game","ms":120057,"predicted":false,"t":8,"tick":7044,"type":"hit"}
[client] {"a":0,"dup":true,"ev":"game","ms":120126,"predicted":false,"t":5,"tick":7054,"type":"hit"}
[client] {"a":8,"dup":false,"ev":"game","ms":120574,"predicted":false,"t":3,"tick":7075,"type":"hit"}
[client] {"a":9,"dup":false,"ev":"game","ms":120623,"predicted":false,"t":4,"tick":7078,"type":"hit"}
[client] {"a":0,"dup":false,"ev":"game","ms":120678,"predicted":false,"t":-1,"tick":7086,"type":"ko"}
[client] {"a":7,"dup":false,"ev":"game","ms":120761,"predicted":false,"t":0,"tick":7086,"type":"hit"}
[client] {"a":5,"dup":false,"ev":"game","ms":120878,"predicted":false,"t":3,"tick":7094,"type":"hit"}
[client] {"a":4,"dup":false,"ev":"game","ms":121279,"predicted":false,"t":9,"tick":7117,"type":"hit"}
[client] {"a":5,"dup":false,"ev":"game","ms":121775,"predicted":false,"t":3,"tick":7148,"type":"hit"}
[client] {"a":5,"dup":false,"ev":"game","ms":122010,"predicted":false,"t":3,"tick":7162,"type":"hit"}
[client] {"a":7,"dup":false,"ev":"game","ms":122176,"predicted":false,"t":3,"tick":7172,"type":"hit"}
[client] {"a":3,"dup":false,"ev":"game","ms":122176,"predicted":false,"t":-1,"tick":7172,"type":"ko"}
[client] {"a":4,"dup":false,"ev":"game","ms":122596,"predicted":false,"t":5,"tick":7197,"type":"hit"}
[client] {"a":1,"dup":false,"ev":"game","ms":122610,"predicted":false,"t":-1,"tick":7198,"type":"respawn"}
[client] {"a":4,"dup":false,"ev":"game","ms":122679,"predicted":false,"t":8,"tick":7201,"type":"hit"}
[client] {"a":7,"dup":false,"ev":"game","ms":123162,"predicted":false,"t":4,"tick":7230,"type":"hit"}
[client] {"a":4,"dup":false,"ev":"game","ms":123528,"predicted":false,"t":7,"tick":7252,"type":"hit"}
[client] {"a":4,"dup":false,"ev":"game","ms":123894,"predicted":false,"t":7,"tick":7274,"type":"hit"}
[client] {"a":8,"dup":false,"ev":"game","ms":123963,"predicted":false,"t":4,"tick":7278,"type":"hit"}
[client] {"a":9,"dup":false,"ev":"game","ms":124129,"predicted":false,"t":4,"tick":7288,"type":"hit"}
[client] {"a":8,"dup":false,"ev":"game","ms":124694,"predicted":false,"t":4,"tick":7322,"type":"hit"}
[client] {"counts":{"blocks_on_me":1,"conf_actions":91,"confirmed_hits":369,"dup_confirmed":0,"hits_on_me":31,"pred_actions":93,"predicted_confirmed":38,"predicted_hits":64,"reconnects":0},"ev":"stats","hp":0.0,"in_bytes":1694898,"late":0,"local_entity":0,"match":{"countdown_until":300,"ctrl":-1,"final":false,"next":"C","phase":3,"rot":155,"scores":[19,10],"sd":false,"state":3,"tick":7045,"zone":"A"},"max_err":1.432,"mean_err":0.0259,"ms":124976,"out_bytes":359872,"pending":3,"pos":[-41.47,-1.5],"reconciles":2445,"server_tick":7344,"snaps":2447,"teleports":2}
[client] {"a":6,"dup":false,"ev":"game","ms":125046,"predicted":false,"t":-1,"tick":7344,"type":"respawn"}
[client] {"a":4,"dup":false,"ev":"game","ms":125363,"predicted":false,"t":9,"tick":7362,"type":"hit"}
[client] {"a":9,"dup":false,"ev":"game","ms":125363,"predicted":false,"t":-1,"tick":7362,"type":"ko"}
[client] {"a":4,"dup":false,"ev":"game","ms":126046,"predicted":false,"t":8,"tick":7403,"type":"hit"}
[client] {"a":4,"dup":false,"ev":"game","ms":126639,"predicted":false,"t":5,"tick":7439,"type":"hit"}
[client] {"a":4,"dup":false,"ev":"game","ms":126971,"predicted":false,"t":5,"tick":7459,"type":"hit"}
[client] {"a":7,"dup":false,"ev":"game","ms":127006,"predicted":false,"t":4,"tick":7461,"type":"hit"}
[client] {"a":2,"dup":false,"ev":"game","ms":127205,"predicted":false,"t":-1,"tick":7473,"type":"respawn"}
[client] {"a":5,"dup":false,"ev":"game","ms":127323,"predicted":false,"t":4,"tick":7480,"type":"hit"}
[client] {"a":8,"dup":false,"ev":"game","ms":127373,"predicted":false,"t":4,"tick":7483,"type":"hit"}
[client] {"a":7,"dup":false,"ev":"game","ms":127576,"predicted":false,"t":4,"tick":7495,"type":"hit"}
[client] {"a":-1,"dup":false,"ev":"game","ms":127645,"predicted":false,"t":-1,"tick":7499,"type":"zone_rotated"}
[client] {"a":5,"dup":false,"ev":"game","ms":128108,"predicted":false,"t":4,"tick":7527,"type":"hit"}
[client] {"counts":{"blocks_on_me":1,"conf_actions":91,"confirmed_hits":378,"dup_confirmed":0,"hits_on_me":31,"pred_actions":93,"predicted_confirmed":38,"predicted_hits":64,"reconnects":0},"ev":"stats","hp":0.0,"in_bytes":1756878,"late":0,"local_entity":0,"match":{"countdown_until":300,"ctrl":-1,"final":false,"next":"","phase":3,"rot":3455,"scores":[19,10],"sd":false,"state":1,"tick":7345,"zone":"C"},"max_err":1.432,"mean_err":0.0249,"ms":129970,"out_bytes":374572,"pending":6,"pos":[-41.47,-1.5],"reconciles":2544,"server_tick":7644,"snaps":2547,"teleports":2}
[client] {"a":0,"dup":false,"ev":"game","ms":130674,"predicted":false,"t":-1,"tick":7686,"type":"respawn"}
[client] {"a":3,"dup":false,"ev":"game","ms":132193,"predicted":false,"t":-1,"tick":7772,"type":"respawn"}
[client] {"counts":{"blocks_on_me":1,"conf_actions":91,"confirmed_hits":378,"dup_confirmed":0,"hits_on_me":31,"pred_actions":93,"predicted_confirmed":38,"predicted_hits":64,"reconnects":0},"ev":"stats","hp":220.0,"in_bytes":1816493,"late":0,"local_entity":0,"match":{"countdown_until":300,"ctrl":-1,"final":false,"next":"","phase":3,"rot":3155,"scores":[19,10],"sd":false,"state":1,"tick":7645,"zone":"C"},"max_err":1.432,"mean_err":0.024,"ms":134972,"out_bytes":389272,"pending":7,"pos":[24.37,-30.03],"reconciles":2642,"server_tick":7943,"snaps":2647,"teleports":3}
[client] {"a":9,"dup":false,"ev":"game","ms":135360,"predicted":false,"t":-1,"tick":7962,"type":"respawn"}
[client] {"a":6,"dup":false,"ev":"game","ms":137195,"predicted":false,"t":2,"tick":8072,"type":"hit"}
[client] {"a":1,"dup":false,"ev":"game","ms":137478,"predicted":false,"t":6,"tick":8089,"type":"hit"}
[client] {"a":1,"dup":false,"ev":"game","ms":137810,"predicted":false,"t":6,"tick":8109,"type":"hit"}
[client] {"a":6,"dup":false,"ev":"game","ms":138195,"predicted":false,"t":1,"tick":8132,"type":"hit"}
[client] {"a":2,"dup":false,"ev":"game","ms":138362,"predicted":false,"t":6,"tick":8142,"type":"hit"}
[client] {"a":8,"dup":false,"ev":"game","ms":139569,"predicted":false,"t":1,"tick":8215,"type":"hit"}
[client] {"a":8,"dup":false,"ev":"game","ms":139824,"predicted":false,"t":1,"tick":8230,"type":"hit"}
[client] {"counts":{"blocks_on_me":1,"conf_actions":91,"confirmed_hits":385,"dup_confirmed":0,"hits_on_me":31,"pred_actions":94,"predicted_confirmed":38,"predicted_hits":64,"reconnects":0},"ev":"stats","hp":220.0,"in_bytes":1878196,"late":0,"local_entity":0,"match":{"countdown_until":300,"ctrl":-1,"final":false,"next":"","phase":3,"rot":2855,"scores":[19,10],"sd":false,"state":3,"tick":7945,"zone":"C"},"max_err":1.432,"mean_err":0.0231,"ms":139968,"out_bytes":403972,"pending":7,"pos":[39.07,-1.9],"reconciles":2742,"server_tick":8243,"snaps":2747,"teleports":3}
[client] {"a":2,"dup":false,"ev":"game","ms":140107,"predicted":false,"t":8,"tick":8247,"type":"hit"}
[client] {"a":0,"dup":true,"ev":"game","ms":140452,"predicted":false,"t":8,"tick":8273,"type":"hit"}
[client] {"a":2,"dup":false,"ev":"game","ms":140522,"predicted":false,"t":6,"tick":8272,"type":"hit"}
[client] {"a":2,"dup":false,"ev":"game","ms":141108,"predicted":false,"t":8,"tick":8307,"type":"hit"}
[client] {"a":6,"dup":false,"ev":"game","ms":141570,"predicted":false,"t":0,"tick":8335,"type":"hit"}
[client] {"a":7,"dup":false,"ev":"game","ms":141653,"predicted":false,"t":0,"tick":8340,"type":"hit"}
[client] {"a":2,"dup":false,"ev":"game","ms":141770,"predicted":false,"t":6,"tick":8347,"type":"hit"}
[client] {"a":8,"dup":false,"ev":"game","ms":141839,"predicted":false,"t":2,"tick":8351,"type":"hit"}
[client] {"a":6,"dup":false,"ev":"game","ms":142336,"predicted":false,"t":0,"tick":8381,"type":"hit"}
[client] {"a":1,"dup":false,"ev":"game","ms":142523,"predicted":false,"t":8,"tick":8392,"type":"hit"}
[client] {"a":6,"dup":false,"ev":"game","ms":142687,"predicted":false,"t":0,"tick":8402,"type":"hit"}
[client] {"a":2,"dup":false,"ev":"game","ms":142826,"predicted":false,"t":6,"tick":8410,"type":"hit"}
[client] {"a":3,"dup":false,"ev":"game","ms":143109,"predicted":false,"t":5,"tick":8427,"type":"hit"}
[client] {"a":1,"dup":false,"ev":"game","ms":143157,"predicted":false,"t":7,"tick":8430,"type":"hit"}
[client] {"a":0,"dup":false,"ev":"game","ms":143171,"predicted":false,"t":6,"tick":8436,"type":"block"}
[client] {"a":8,"dup":false,"ev":"game","ms":143405,"predicted":false,"t":1,"tick":8445,"type":"hit"}
[client] {"a":3,"dup":false,"ev":"game","ms":143475,"predicted":false,"t":5,"tick":8449,"type":"hit"}
[client] {"a":2,"dup":false,"ev":"game","ms":143543,"predicted":false,"t":6,"tick":8453,"type":"hit"}
[client] {"a":0,"dup":true,"ev":"game","ms":143543,"predicted":false,"t":6,"tick":8458,"type":"hit"}
[client] {"a":1,"dup":false,"ev":"game","ms":143771,"predicted":false,"t":6,"tick":8467,"type":"hit"}
[client] {"a":5,"dup":false,"ev":"game","ms":143840,"predicted":false,"t":2,"tick":8471,"type":"hit"}
[client] {"a":0,"dup":true,"ev":"game","ms":143854,"predicted":false,"t":6,"tick":8477,"type":"hit"}
[client] {"a":8,"dup":false,"ev":"game","ms":143957,"predicted":false,"t":1,"tick":8478,"type":"hit"}
[client] {"a":5,"dup":false,"ev":"game","ms":144143,"predicted":false,"t":1,"tick":8489,"type":"hit"}
[client] {"a":5,"dup":false,"ev":"game","ms":144157,"predicted":false,"t":2,"tick":8490,"type":"hit"}
[client] {"a":3,"dup":false,"ev":"game","ms":144171,"predicted":false,"t":5,"tick":8491,"type":"hit"}
[client] {"a":6,"dup":false,"ev":"game","ms":144454,"predicted":false,"t":1,"tick":8508,"type":"hit"}
[client] {"a":6,"dup":false,"ev":"game","ms":144475,"predicted":false,"t":0,"tick":8509,"type":"hit"}
[client] {"a":2,"dup":false,"ev":"game","ms":144627,"predicted":false,"t":6,"tick":8518,"type":"hit"}
[client] {"a":0,"dup":true,"ev":"game","ms":144785,"predicted":false,"t":6,"tick":8532,"type":"hit"}
[client] {"a":5,"dup":false,"ev":"game","ms":144868,"predicted":false,"t":0,"tick":8533,"type":"hit"}
[client] {"counts":{"blocks_on_me":1,"conf_actions":101,"confirmed_hits":415,"dup_confirmed":0,"hits_on_me":37,"pred_actions":104,"predicted_confirmed":42,"predicted_hits":75,"reconnects":0},"ev":"stats","hp":72.0,"in_bytes":1956886,"late":0,"local_entity":0,"match":{"countdown_until":300,"ctrl":-1,"final":false,"next":"","phase":3,"rot":2555,"scores":[19,10],"sd":false,"state":3,"tick":8245,"zone":"C"},"max_err":1.546,"mean_err":0.0243,"ms":144964,"out_bytes":418672,"pending":7,"pos":[40.96,-0.55],"reconciles":2842,"server_tick":8543,"snaps":2847,"teleports":3}
[client] {"a":1,"dup":false,"ev":"game","ms":144966,"predicted":false,"t":6,"tick":8539,"type":"hit"}
[client] {"a":5,"dup":false,"ev":"game","ms":145185,"predicted":false,"t":0,"tick":8552,"type":"hit"}
[client] {"a":6,"dup":false,"ev":"game","ms":145366,"predicted":false,"t":1,"tick":8563,"type":"hit"}
[client] {"a":6,"dup":false,"ev":"game","ms":145421,"predicted":false,"t":0,"tick":8566,"type":"hit"}
[client] {"a":0,"dup":false,"ev":"game","ms":145435,"predicted":false,"t":-1,"tick":8572,"type":"ko"}
[client] {"a":5,"dup":false,"ev":"game","ms":145482,"predicted":false,"t":0,"tick":8570,"type":"hit"}
[client] {"a":5,"dup":false,"ev":"game","ms":145517,"predicted":false,"t":1,"tick":8572,"type":"hit"}
[client] {"a":7,"dup":false,"ev":"game","ms":145517,"predicted":false,"t":0,"tick":8572,"type":"hit"}
[client] {"a":5,"dup":false,"ev":"game","ms":145537,"predicted":false,"t":2,"tick":8573,"type":"hit"}
[client] {"a":7,"dup":false,"ev":"game","ms":145538,"predicted":false,"t":1,"tick":8573,"type":"hit"}
[client] {"a":4,"dup":false,"ev":"game","ms":145634,"predicted":false,"t":6,"tick":8579,"type":"hit"}
[client] {"a":3,"dup":false,"ev":"game","ms":145937,"predicted":false,"t":6,"tick":8597,"type":"hit"}
[client] {"a":6,"dup":false,"ev":"game","ms":145937,"predicted":false,"t":-1,"tick":8597,"type":"ko"}
[client] {"a":3,"dup":false,"ev":"game","ms":145986,"predicted":false,"t":7,"tick":8600,"type":"hit"}
[client] {"a":2,"dup":false,"ev":"game","ms":146199,"predicted":false,"t":5,"tick":8613,"type":"hit"}
[client] {"a":2,"dup":false,"ev":"game","ms":146538,"predicted":false,"t":5,"tick":8633,"type":"hit"}
[client] {"a":9,"dup":false,"ev":"game","ms":146600,"predicted":false,"t":4,"tick":8637,"type":"hit"}
[client] {"a":3,"dup":false,"ev":"game","ms":146648,"predicted":false,"t":5,"tick":8640,"type":"hit"}
[client] {"a":2,"dup":false,"ev":"game","ms":146903,"predicted":false,"t":5,"tick":8655,"type":"hit"}
[client] {"a":3,"dup":false,"ev":"game","ms":147021,"predicted":false,"t":9,"tick":8662,"type":"hit"}
[client] {"a":7,"dup":false,"ev":"game","ms":147034,"predicted":false,"t":2,"tick":8663,"type":"hit"}
[client] {"a":4,"dup":false,"ev":"game","ms":147269,"predicted":false,"t":9,"tick":8677,"type":"hit"}
[client] {"a":5,"dup":false,"ev":"game","ms":147303,"predicted":false,"t":3,"tick":8679,"type":"hit"}
[client] {"a":7,"dup":false,"ev":"game","ms":147338,"predicted":false,"t":2,"tick":8681,"type":"hit"}
[client] {"a":5,"dup":false,"ev":"game","ms":147504,"predicted":false,"t":4,"tick":8691,"type":"hit"}
[client] {"a":5,"dup":false,"ev":"game","ms":147518,"predicted":false,"t":3,"tick":8692,"type":"hit"}
[client] {"a":7,"dup":false,"ev":"game","ms":147669,"predicted":false,"t":2,"tick":8701,"type":"hit"}
[client] {"a":1,"dup":false,"ev":"game","ms":147801,"predicted":false,"t":7,"tick":8709,"type":"hit"}
[client] {"a":5,"dup":false,"ev":"game","ms":147986,"predicted":false,"t":4,"tick":8720,"type":"hit"}
[client] {"a":1,"dup":false,"ev":"game","ms":148118,"predicted":false,"t":7,"tick":8728,"type":"hit"}
[client] {"a":7,"dup":false,"ev":"game","ms":148118,"predicted":false,"t":-1,"tick":8728,"type":"ko"}
[client] {"a":5,"dup":false,"ev":"game","ms":148283,"predicted":false,"t":4,"tick":8738,"type":"hit"}
[client] {"a":9,"dup":false,"ev":"game","ms":148366,"predicted":false,"t":1,"tick":8743,"type":"hit"}
[client] {"a":5,"dup":false,"ev":"game","ms":148622,"predicted":false,"t":4,"tick":8758,"type":"hit"}
[client] {"a":3,"dup":false,"ev":"game","ms":148649,"predicted":false,"t":5,"tick":8760,"type":"hit"}
[client] {"a":5,"dup":false,"ev":"game","ms":148650,"predicted":false,"t":-1,"tick":8760,"type":"ko"}
[client] {"a":9,"dup":false,"ev":"game","ms":148705,"predicted":false,"t":1,"tick":8763,"type":"hit"}
[client] {"a":1,"dup":false,"ev":"game","ms":148705,"predicted":false,"t":-1,"tick":8763,"type":"ko"}
[client] {"a":2,"dup":false,"ev":"game","ms":148766,"predicted":false,"t":9,"tick":8767,"type":"hit"}
[client] {"a":2,"dup":false,"ev":"game","ms":149422,"predicted":false,"t":9,"tick":8806,"type":"hit"}
[client] {"a":4,"dup":false,"ev":"game","ms":149567,"predicted":false,"t":8,"tick":8815,"type":"hit"}
[client] {"counts":{"blocks_on_me":1,"conf_actions":103,"confirmed_hits":451,"dup_confirmed":0,"hits_on_me":41,"pred_actions":105,"predicted_confirmed":42,"predicted_hits":76,"reconnects":0},"ev":"stats","hp":0.0,"in_bytes":2029963,"late":0,"local_entity":0,"match":{"countdown_until":300,"ctrl":-1,"final":false,"next":"","phase":3,"rot":2255,"scores":[19,10],"sd":false,"state":3,"tick":8545,"zone":"C"},"max_err":1.546,"mean_err":0.0245,"ms":149966,"out_bytes":433372,"pending":7,"pos":[41.33,-1.4],"reconciles":2942,"server_tick":8843,"snaps":2947,"teleports":3}
[client] {"a":9,"dup":false,"ev":"game","ms":150250,"predicted":false,"t":2,"tick":8856,"type":"hit"}
[client] {"a":8,"dup":false,"ev":"game","ms":150271,"predicted":false,"t":4,"tick":8857,"type":"hit"}
[client] {"a":9,"dup":false,"ev":"game","ms":150623,"predicted":false,"t":2,"tick":8878,"type":"hit"}
[client] {"a":3,"dup":false,"ev":"game","ms":150885,"predicted":false,"t":9,"tick":8894,"type":"hit"}
[client] {"a":8,"dup":false,"ev":"game","ms":151057,"predicted":false,"t":2,"tick":8904,"type":"hit"}
[client] {"a":2,"dup":false,"ev":"game","ms":151457,"predicted":false,"t":9,"tick":8928,"type":"hit"}
[client] {"a":8,"dup":false,"ev":"game","ms":151672,"predicted":false,"t":4,"tick":8941,"type":"hit"}
[client] {"a":2,"dup":false,"ev":"game","ms":151920,"predicted":false,"t":9,"tick":8956,"type":"hit"}
[client] {"a":8,"dup":false,"ev":"game","ms":152921,"predicted":false,"t":4,"tick":9016,"type":"hit"}
[client] {"a":8,"dup":false,"ev":"game","ms":153238,"predicted":false,"t":4,"tick":9035,"type":"hit"}
[client] {"a":9,"dup":false,"ev":"game","ms":153307,"predicted":false,"t":2,"tick":9039,"type":"hit"}
[client] {"a":2,"dup":false,"ev":"game","ms":153307,"predicted":false,"t":-1,"tick":9039,"type":"ko"}
[client] {"a":3,"dup":false,"ev":"game","ms":153486,"predicted":false,"t":8,"tick":9050,"type":"hit"}
[client] {"a":4,"dup":false,"ev":"game","ms":153769,"predicted":false,"t":8,"tick":9067,"type":"hit"}
[client] {"a":8,"dup":false,"ev":"game","ms":153769,"predicted":false,"t":-1,"tick":9067,"type":"ko"}
[client] {"a":3,"dup":false,"ev":"game","ms":154341,"predicted":false,"t":9,"tick":9101,"type":"hit"}
[client] {"a":3,"dup":false,"ev":"game","ms":154686,"predicted":false,"t":9,"tick":9122,"type":"hit"}
[client] {"counts":{"blocks_on_me":1,"conf_actions":103,"confirmed_hits":466,"dup_confirmed":0,"hits_on_me":41,"pred_actions":105,"predicted_confirmed":42,"predicted_hits":76,"reconnects":0},"ev":"stats","hp":0.0,"in_bytes":2091355,"late":0,"local_entity":0,"match":{"countdown_until":300,"ctrl":-1,"final":false,"next":"","phase":3,"rot":1955,"scores":[19,10],"sd":false,"state":3,"tick":8845,"zone":"C"},"max_err":1.546,"mean_err":0.0237,"ms":154969,"out_bytes":448072,"pending":7,"pos":[41.33,-1.4],"reconciles":3042,"server_tick":9143,"snaps":3047,"teleports":3}
[client] {"a":3,"dup":false,"ev":"game","ms":155025,"predicted":false,"t":9,"tick":9142,"type":"hit"}
[client] {"a":0,"dup":false,"ev":"game","ms":155438,"predicted":false,"t":-1,"tick":9172,"type":"respawn"}
[client] {"a":3,"dup":false,"ev":"game","ms":155722,"predicted":false,"t":9,"tick":9184,"type":"hit"}
[client] {"a":9,"dup":false,"ev":"game","ms":155722,"predicted":false,"t":-1,"tick":9184,"type":"ko"}
[client] {"a":6,"dup":false,"ev":"game","ms":155942,"predicted":false,"t":-1,"tick":9197,"type":"respawn"}
[client] {"a":7,"dup":false,"ev":"game","ms":158123,"predicted":false,"t":-1,"tick":9328,"type":"respawn"}
[client] {"a":5,"dup":false,"ev":"game","ms":158661,"predicted":false,"t":-1,"tick":9360,"type":"respawn"}
[client] {"a":1,"dup":false,"ev":"game","ms":158709,"predicted":false,"t":-1,"tick":9363,"type":"respawn"}
[client] {"counts":{"blocks_on_me":1,"conf_actions":103,"confirmed_hits":468,"dup_confirmed":0,"hits_on_me":41,"pred_actions":105,"predicted_confirmed":42,"predicted_hits":76,"reconnects":0},"ev":"stats","hp":220.0,"in_bytes":2140840,"late":0,"local_entity":0,"match":{"countdown_until":300,"ctrl":0,"final":false,"next":"","phase":3,"rot":1655,"scores":[23,10],"sd":false,"state":2,"tick":9145,"zone":"C"},"max_err":1.546,"mean_err":0.023,"ms":159978,"out_bytes":462772,"pending":7,"pos":[3.93,-19.22],"reconciles":3141,"server_tick":9443,"snaps":3147,"teleports":4}
[client] {"a":2,"dup":false,"ev":"game","ms":163306,"predicted":false,"t":-1,"tick":9639,"type":"respawn"}
[client] {"a":8,"dup":false,"ev":"game","ms":163775,"predicted":false,"t":-1,"tick":9667,"type":"respawn"}
[client] {"counts":{"blocks_on_me":1,"conf_actions":103,"confirmed_hits":468,"dup_confirmed":0,"hits_on_me":41,"pred_actions":105,"predicted_confirmed":42,"predicted_hits":76,"reconnects":0},"ev":"stats","hp":220.0,"in_bytes":2195660,"late":0,"local_entity":0,"match":{"countdown_until":300,"ctrl":0,"final":false,"next":"","phase":3,"rot":1355,"scores":[28,10],"sd":false,"state":2,"tick":9445,"zone":"C"},"max_err":1.546,"mean_err":0.0223,"ms":164975,"out_bytes":477472,"pending":7,"pos":[33.48,-5.55],"reconciles":3241,"server_tick":9744,"snaps":3247,"teleports":4}
[client] {"a":9,"dup":false,"ev":"game","ms":165721,"predicted":false,"t":-1,"tick":9784,"type":"respawn"}
[client] {"a":0,"dup":true,"ev":"game","ms":167309,"predicted":false,"t":6,"tick":9884,"type":"hit"}
[client] {"a":6,"dup":false,"ev":"game","ms":167957,"predicted":false,"t":0,"tick":9918,"type":"hit"}
[client] {"a":1,"dup":false,"ev":"game","ms":168239,"predicted":false,"t":6,"tick":9935,"type":"hit"}
[client] {"a":3,"dup":false,"ev":"game","ms":168495,"predicted":false,"t":6,"tick":9950,"type":"hit"}
[client] {"a":0,"dup":true,"ev":"game","ms":168524,"predicted":false,"t":6,"tick":9957,"type":"hit"}
[client] {"a":1,"dup":false,"ev":"game","ms":168543,"predicted":false,"t":6,"tick":9953,"type":"hit"}
[client] {"a":0,"dup":true,"ev":"game","ms":168543,"predicted":false,"t":5,"tick":9958,"type":"hit"}
[client] {"a":7,"dup":false,"ev":"game","ms":169296,"predicted":false,"t":0,"tick":9998,"type":"hit"}
[client] {"a":1,"dup":false,"ev":"game","ms":169709,"predicted":false,"t":7,"tick":10023,"type":"hit"}
[client] {"a":6,"dup":false,"ev":"game","ms":169709,"predicted":false,"t":1,"tick":10023,"type":"hit"}
[client] {"counts":{"blocks_on_me":1,"conf_actions":107,"confirmed_hits":478,"dup_confirmed":0,"hits_on_me":43,"pred_actions":109,"predicted_confirmed":45,"predicted_hits":83,"reconnects":0},"ev":"stats","hp":164.0,"in_bytes":2260010,"late":0,"local_entity":0,"match":{"countdown_until":300,"ctrl":-1,"final":false,"next":"","phase":3,"rot":1055,"scores":[29,10],"sd":false,"state":3,"tick":9745,"zone":"C"},"max_err":1.546,"mean_err":0.0223,"ms":169977,"out_bytes":492172,"pending":7,"pos":[41.68,0.2],"reconciles":3339,"server_tick":10044,"snaps":3345,"teleports":4}
[client] {"a":6,"dup":false,"ev":"game","ms":170876,"predicted":false,"t":0,"tick":10093,"type":"hit"}
[client] {"a":6,"dup":false,"ev":"game","ms":170924,"predicted":false,"t":3,"tick":10096,"type":"hit"}
[client] {"a":1,"dup":false,"ev":"game","ms":170958,"predicted":false,"t":7,"tick":10098,"type":"hit"}
[client] {"a":4,"dup":false,"ev":"game","ms":171241,"predicted":false,"t":5,"tick":10115,"type":"hit"}
[client] {"a":6,"dup":false,"ev":"game","ms":171544,"predicted":false,"t":4,"tick":10133,"type":"hit"}
[client] {"a":0,"dup":true,"ev":"game","ms":171779,"predicted":false,"t":6,"tick":10152,"type":"hit"}
[client] {"a":7,"dup":false,"ev":"game","ms":172041,"predicted":false,"t":4,"tick":10163,"type":"hit"}
[client] {"a":3,"dup":false,"ev":"game","ms":172297,"predicted":false,"t":6,"tick":10178,"type":"hit"}
[client] {"a":1,"dup":false,"ev":"game","ms":172311,"predicted":false,"t":7,"tick":10179,"type":"hit"}
[client] {"a":0,"dup":true,"ev":"game","ms":172345,"predicted":false,"t":5,"tick":10186,"type":"hit"}
[client] {"a":0,"dup":true,"ev":"game","ms":172359,"predicted":false,"t":6,"tick":10187,"type":"hit"}
[client] {"a":0,"dup":true,"ev":"game","ms":172359,"predicted":false,"t":7,"tick":10187,"type":"hit"}
[client] {"a":4,"dup":false,"ev":"game","ms":172407,"predicted":false,"t":6,"tick":10185,"type":"hit"}
[client] {"a":4,"dup":false,"ev":"game","ms":173028,"predicted":false,"t":5,"tick":10222,"type":"hit"}
[client] {"a":1,"dup":false,"ev":"game","ms":173194,"predicted":false,"t":6,"tick":10232,"type":"hit"}
[client] {"a":7,"dup":false,"ev":"game","ms":173229,"predicted":false,"t":4,"tick":10234,"type":"hit"}
[client] {"a":7,"dup":false,"ev":"game","ms":173546,"predicted":false,"t":4,"tick":10253,"type":"hit"}
[client] {"a":8,"dup":false,"ev":"game","ms":173809,"predicted":false,"t":1,"tick":10269,"type":"hit"}
[client] {"a":7,"dup":false,"ev":"game","ms":173912,"predicted":false,"t":4,"tick":10275,"type":"hit"}
[client] {"a":6,"dup":false,"ev":"game","ms":174360,"predicted":false,"t":4,"tick":10302,"type":"block"}
[client] {"a":3,"dup":false,"ev":"game","ms":174430,"predicted":false,"t":7,"tick":10306,"type":"hit"}
[client] {"a":5,"dup":false,"ev":"game","ms":174727,"predicted":false,"t":3,"tick":10324,"type":"hit"}
[client] {"a":1,"dup":false,"ev":"game","ms":174913,"predicted":false,"t":7,"tick":10335,"type":"hit"}
[client] {"counts":{"blocks_on_me":1,"conf_actions":114,"confirmed_hits":500,"dup_confirmed":0,"hits_on_me":44,"pred_actions":116,"predicted_confirmed":49,"predicted_hits":91,"reconnects":0},"ev":"stats","hp":126.0,"in_bytes":2335742,"late":0,"local_entity":0,"match":{"countdown_until":300,"ctrl":-1,"final":false,"next":"B","phase":3,"rot":755,"scores":[29,10],"sd":false,"state":3,"tick":10045,"zone":"C"},"max_err":1.546,"mean_err":0.0226,"ms":174980,"out_bytes":506872,"pending":7,"pos":[41.81,0.64],"reconciles":3438,"server_tick":10344,"snaps":3444,"teleports":4}
[client] {"a":6,"dup":false,"ev":"game","ms":175127,"predicted":false,"t":4,"tick":10348,"type":"hit"}
[client] {"a":5,"dup":false,"ev":"game","ms":175388,"predicted":false,"t":4,"tick":10364,"type":"hit"}
[client] {"a":4,"dup":false,"ev":"game","ms":175388,"predicted":false,"t":-1,"tick":10364,"type":"ko"}
[client] {"a":5,"dup":false,"ev":"game","ms":175754,"predicted":false,"t":0,"tick":10386,"type":"hit"}
[client] {"a":8,"dup":false,"ev":"game","ms":175837,"predicted":false,"t":1,"tick":10391,"type":"hit"}
[client] {"a":7,"dup":false,"ev":"game","ms":176023,"predicted":false,"t":3,"tick":10402,"type":"hit"}
[client] {"a":8,"dup":false,"ev":"game","ms":176106,"predicted":false,"t":1,"tick":10407,"type":"hit"}
[client] {"a":0,"dup":true,"ev":"game","ms":176320,"predicted":false,"t":5,"tick":10425,"type":"hit"}
[client] {"a":7,"dup":false,"ev":"game","ms":176354,"predicted":false,"t":3,"tick":10422,"type":"hit"}
[client] {"a":2,"dup":false,"ev":"game","ms":176637,"predicted":false,"t":7,"tick":10439,"type":"hit"}
[client] {"a":8,"dup":false,"ev":"game","ms":176824,"predicted":false,"t":0,"tick":10450,"type":"hit"}
[client] {"a":2,"dup":false,"ev":"game","ms":176885,"predicted":false,"t":7,"tick":10454,"type":"hit"}
[client] {"a":5,"dup":false,"ev":"game","ms":177424,"predicted":false,"t":3,"tick":10486,"type":"hit"}
[client] {"a":8,"dup":false,"ev":"game","ms":177438,"predicted":false,"t":3,"tick":10487,"type":"hit"}
[client] {"a":2,"dup":false,"ev":"game","ms":177741,"predicted":false,"t":7,"tick":10505,"type":"hit"}
[client] {"a":0,"dup":true,"ev":"game","ms":177838,"predicted":false,"t":5,"tick":10516,"type":"hit"}
[client] {"a":8,"dup":false,"ev":"game","ms":177873,"predicted":false,"t":3,"tick":10513,"type":"parry"}
[client] {"a":6,"dup":false,"ev":"game","ms":177955,"predicted":false,"t":3,"tick":10518,"type":"hit"}
[client] {"a":2,"dup":false,"ev":"game","ms":178073,"predicted":false,"t":7,"tick":10525,"type":"hit"}
[client] {"a":7,"dup":false,"ev":"game","ms":178073,"predicted":false,"t":-1,"tick":10525,"type":"ko"}
[client] {"a":6,"dup":false,"ev":"game","ms":178721,"predicted":false,"t":0,"tick":10564,"type":"hit"}
[client] {"a":8,"dup":false,"ev":"game","ms":178956,"predicted":false,"t":2,"tick":10578,"type":"hit"}
[client] {"a":0,"dup":false,"ev":"game","ms":178977,"predicted":false,"t":-1,"tick":10584,"type":"ko"}
[client] {"a":1,"dup":false,"ev":"game","ms":179004,"predicted":false,"t":8,"tick":10581,"type":"hit"}
[client] {"a":5,"dup":false,"ev":"game","ms":179038,"predicted":false,"t":0,"tick":10583,"type":"hit"}
[client] {"a":6,"dup":false,"ev":"game","ms":179059,"predicted":false,"t":0,"tick":10584,"type":"hit"}
[client] {"a":3,"dup":false,"ev":"game","ms":179121,"predicted":false,"t":6,"tick":10588,"type":"hit"}
[client] {"a":1,"dup":false,"ev":"game","ms":179377,"predicted":false,"t":8,"tick":10603,"type":"hit"}
[client] {"a":9,"dup":false,"ev":"game","ms":179494,"predicted":false,"t":1,"tick":10610,"type":"hit"}
[client] {"a":9,"dup":false,"ev":"game","ms":179804,"predicted":false,"t":1,"tick":10629,"type":"hit"}
[client] {"a":8,"dup":false,"ev":"game","ms":179908,"predicted":false,"t":1,"tick":10635,"type":"hit"}
[client] {"counts":{"blocks_on_me":1,"conf_actions":119,"confirmed_hits":527,"dup_confirmed":0,"hits_on_me":49,"pred_actions":122,"predicted_confirmed":51,"predicted_hits":97,"reconnects":0},"ev":"stats","hp":0.0,"in_bytes":2411515,"late":0,"local_entity":0,"match":{"countdown_until":300,"ctrl":-1,"final":false,"next":"B","phase":3,"rot":455,"scores":[29,10],"sd":false,"state":3,"tick":10345,"zone":"C"},"max_err":1.546,"mean_err":0.023,"ms":179976,"out_bytes":521572,"pending":7,"pos":[43.38,1.98],"reconciles":3538,"server_tick":10644,"snaps":3544,"teleports":4}
[client] {"a":3,"dup":false,"ev":"game","ms":180094,"predicted":false,"t":9,"tick":10646,"type":"hit"}
[client] {"a":5,"dup":false,"ev":"game","ms":180142,"predicted":false,"t":3,"tick":10649,"type":"hit"}
[client] {"a":2,"dup":false,"ev":"game","ms":180177,"predicted":false,"t":9,"tick":10651,"type":"hit"}
[client] {"a":2,"dup":false,"ev":"game","ms":180204,"predicted":false,"t":8,"tick":10653,"type":"hit"}
[client] {"a":5,"dup":false,"ev":"game","ms":180439,"predicted":false,"t":3,"tick":10667,"type":"hit"}
[client] {"a":2,"dup":false,"ev":"game","ms":180542,"predicted":false,"t":8,"tick":10673,"type":"hit"}
[client] {"a":1,"dup":false,"ev":"game","ms":180805,"predicted":false,"t":8,"tick":10689,"type":"hit"}
[client] {"a":6,"dup":false,"ev":"game","ms":181005,"predicted":false,"t":2,"tick":10701,"type":"hit"}
[client] {"a":9,"dup":false,"ev":"game","ms":181495,"predicted":false,"t":1,"tick":10730,"type":"hit"}
[client] {"a":6,"dup":false,"ev":"game","ms":181695,"predicted":false,"t":3,"tick":10742,"type":"hit"}
[client] {"a":5,"dup":false,"ev":"game","ms":181840,"predicted":false,"t":3,"tick":10751,"type":"hit"}
[client] {"a":9,"dup":false,"ev":"game","ms":182143,"predicted":false,"t":3,"tick":10769,"type":"hit"}
[client] {"a":3,"dup":false,"ev":"game","ms":182143,"predicted":false,"t":-1,"tick":10769,"type":"ko"}
[client] {"a":1,"dup":false,"ev":"game","ms":182178,"predicted":false,"t":9,"tick":10771,"type":"hit"}
[client] {"a":8,"dup":false,"ev":"game","ms":182592,"predicted":false,"t":1,"tick":10796,"type":"hit"}
[client] {"a":2,"dup":false,"ev":"game","ms":182723,"predicted":false,"t":8,"tick":10804,"type":"hit"}
[client] {"a":1,"dup":false,"ev":"game","ms":183261,"predicted":false,"t":5,"tick":10836,"type":"hit"}
[client] {"a":1,"dup":false,"ev":"game","ms":183696,"predicted":false,"t":6,"tick":10862,"type":"hit"}
[client] {"a":6,"dup":false,"ev":"game","ms":183696,"predicted":false,"t":-1,"tick":10862,"type":"ko"}
[client] {"a":9,"dup":false,"ev":"game","ms":184179,"predicted":false,"t":1,"tick":10891,"type":"hit"}
[client] {"a":5,"dup":false,"ev":"game","ms":184676,"predicted":false,"t":1,"tick":10921,"type":"hit"}
[client] {"a":2,"dup":false,"ev":"game","ms":184745,"predicted":false,"t":8,"tick":10925,"type":"hit"}
[client] {"counts":{"blocks_on_me":1,"conf_actions":119,"confirmed_hits":547,"dup_confirmed":0,"hits_on_me":49,"pred_actions":122,"predicted_confirmed":51,"predicted_hits":97,"reconnects":0},"ev":"stats","hp":0.0,"in_bytes":2480879,"late":0,"local_entity":0,"match":{"countdown_until":300,"ctrl":-1,"final":false,"next":"B","phase":3,"rot":155,"scores":[29,10],"sd":false,"state":3,"tick":10645,"zone":"C"},"max_err":1.546,"mean_err":0.0224,"ms":184979,"out_bytes":536272,"pending":7,"pos":[43.38,1.98],"reconciles":3638,"server_tick":10944,"snaps":3644,"teleports":4}
[client] {"a":5,"dup":false,"ev":"game","ms":184993,"predicted":false,"t":1,"tick":10940,"type":"hit"}
[client] {"a":1,"dup":false,"ev":"game","ms":184993,"predicted":false,"t":-1,"tick":10940,"type":"ko"}
[client] {"a":2,"dup":false,"ev":"game","ms":185159,"predicted":false,"t":8,"tick":10950,"type":"hit"}
[client] {"a":4,"dup":false,"ev":"game","ms":185393,"predicted":false,"t":-1,"tick":10964,"type":"respawn"}
[client] {"a":2,"dup":false,"ev":"game","ms":185545,"predicted":false,"t":8,"tick":10973,"type":"hit"}
[client] {"a":2,"dup":false,"ev":"game","ms":186242,"predicted":false,"t":9,"tick":11015,"type":"hit"}
[client] {"a":2,"dup":false,"ev":"game","ms":186594,"predicted":false,"t":5,"tick":11036,"type":"hit"}
[client] {"a":2,"dup":false,"ev":"game","ms":186815,"predicted":false,"t":5,"tick":11049,"type":"hit"}
[client] {"a":5,"dup":false,"ev":"game","ms":186815,"predicted":false,"t":-1,"tick":11049,"type":"ko"}
[client] {"a":2,"dup":false,"ev":"game","ms":186863,"predicted":false,"t":8,"tick":11052,"type":"hit"}
[client] {"a":2,"dup":false,"ev":"game","ms":187587,"predicted":false,"t":9,"tick":11096,"type":"hit"}
[client] {"a":-1,"dup":false,"ev":"game","ms":187636,"predicted":false,"t":-1,"tick":11099,"type":"zone_rotated"}
[client] {"a":7,"dup":false,"ev":"game","ms":188076,"predicted":false,"t":-1,"tick":11125,"type":"respawn"}
[client] {"a":0,"dup":false,"ev":"game","ms":188975,"predicted":false,"t":-1,"tick":11184,"type":"respawn"}
[client] {"counts":{"blocks_on_me":1,"conf_actions":120,"confirmed_hits":555,"dup_confirmed":0,"hits_on_me":49,"pred_actions":122,"predicted_confirmed":51,"predicted_hits":97,"reconnects":0},"ev":"stats","hp":220.0,"in_bytes":2539887,"late":0,"local_entity":0,"match":{"countdown_until":300,"ctrl":-1,"final":false,"next":"","phase":3,"rot":3455,"scores":[29,10],"sd":false,"state":1,"tick":10945,"zone":"B"},"max_err":1.546,"mean_err":0.0218,"ms":189974,"out_bytes":550972,"pending":7,"pos":[-5.37,-44.11],"reconciles":3737,"server_tick":11244,"snaps":3744,"teleports":5}
[client] {"a":3,"dup":false,"ev":"game","ms":192142,"predicted":false,"t":-1,"tick":11369,"type":"respawn"}
[client] {"a":6,"dup":false,"ev":"game","ms":193694,"predicted":false,"t":-1,"tick":11462,"type":"respawn"}
[client] {"a":4,"dup":false,"ev":"game","ms":193978,"predicted":false,"t":8,"tick":11479,"type":"hit"}
[client] {"a":2,"dup":false,"ev":"game","ms":194274,"predicted":false,"t":8,"tick":11497,"type":"hit"}
[client] {"a":8,"dup":false,"ev":"game","ms":194274,"predicted":false,"t":-1,"tick":11497,"type":"ko"}
[client] {"counts":{"blocks_on_me":1,"conf_actions":120,"confirmed_hits":557,"dup_confirmed":0,"hits_on_me":49,"pred_actions":122,"predicted_confirmed":51,"predicted_hits":97,"reconnects":0},"ev":"stats","hp":220.0,"in_bytes":2597580,"late":0,"local_entity":0,"match":{"countdown_until":300,"ctrl":-1,"final":false,"next":"","phase":3,"rot":3155,"scores":[29,10],"sd":false,"state":3,"tick":11245,"zone":"B"},"max_err":1.546,"mean_err":0.0212,"ms":194977,"out_bytes":565672,"pending":7,"pos":[-0.51,-9.69],"reconciles":3837,"server_tick":11544,"snaps":3844,"teleports":5}
[client] {"a":1,"dup":false,"ev":"game","ms":194991,"predicted":false,"t":-1,"tick":11540,"type":"respawn"}
[client] {"a":9,"dup":false,"ev":"game","ms":195640,"predicted":false,"t":2,"tick":11579,"type":"hit"}
[client] {"a":4,"dup":false,"ev":"game","ms":196461,"predicted":false,"t":7,"tick":11628,"type":"hit"}
[client] {"a":0,"dup":true,"ev":"game","ms":196509,"predicted":false,"t":7,"tick":11636,"type":"hit"}
[client] {"a":5,"dup":false,"ev":"game","ms":196813,"predicted":false,"t":-1,"tick":11649,"type":"respawn"}
[client] {"a":7,"dup":false,"ev":"game","ms":197413,"predicted":false,"t":4,"tick":11685,"type":"hit"}
[client] {"a":7,"dup":false,"ev":"game","ms":197676,"predicted":false,"t":4,"tick":11701,"type":"hit"}
[client] {"a":2,"dup":false,"ev":"game","ms":197793,"predicted":false,"t":9,"tick":11708,"type":"hit"}
[client] {"a":7,"dup":false,"ev":"game","ms":198043,"predicted":false,"t":4,"tick":11723,"type":"hit"}
[client] {"a":0,"dup":true,"ev":"game","ms":198043,"predicted":false,"t":7,"tick":11728,"type":"hit"}
[client] {"a":2,"dup":false,"ev":"game","ms":198138,"predicted":false,"t":9,"tick":11729,"type":"hit"}
[client] {"a":7,"dup":false,"ev":"game","ms":198489,"predicted":false,"t":4,"tick":11750,"type":"hit"}
[client] {"a":0,"dup":true,"ev":"game","ms":198503,"predicted":false,"t":7,"tick":11756,"type":"hit"}
[client] {"a":2,"dup":false,"ev":"game","ms":198538,"predicted":false,"t":9,"tick":11753,"type":"hit"}
[client] {"a":0,"dup":true,"ev":"game","ms":199174,"predicted":false,"t":7,"tick":11796,"type":"hit"}
[client] {"a":4,"dup":false,"ev":"game","ms":199325,"predicted":false,"t":7,"tick":11800,"type":"hit"}
[client] {"a":2,"dup":false,"ev":"game","ms":199338,"predicted":false,"t":7,"tick":11801,"type":"hit"}
[client] {"a":2,"dup":false,"ev":"game","ms":199607,"predicted":false,"t":7,"tick":11817,"type":"hit"}
[client] {"a":4,"dup":false,"ev":"game","ms":199670,"predicted":false,"t":7,"tick":11821,"type":"hit"}
[client] {"counts":{"blocks_on_me":1,"conf_actions":126,"confirmed_hits":574,"dup_confirmed":0,"hits_on_me":49,"pred_actions":129,"predicted_confirmed":55,"predicted_hits":105,"reconnects":0},"ev":"stats","hp":220.0,"in_bytes":2663759,"late":0,"local_entity":0,"match":{"countdown_until":300,"ctrl":-1,"final":false,"next":"","phase":3,"rot":2855,"scores":[29,10],"sd":false,"state":3,"tick":11545,"zone":"B"},"max_err":1.546,"mean_err":0.0213,"ms":199972,"out_bytes":580372,"pending":7,"pos":[-1.67,-2.16],"reconciles":3937,"server_tick":11844,"snaps":3944,"teleports":5}
[client] {"a":9,"dup":false,"ev":"game","ms":200021,"predicted":false,"t":2,"tick":11842,"type":"hit"}
[client] {"a":7,"dup":false,"ev":"game","ms":200104,"predicted":false,"t":0,"tick":11847,"type":"hit"}
[client] {"a":7,"dup":false,"ev":"game","ms":200374,"predicted":false,"t":2,"tick":11863,"type":"hit"}
[client] {"a":7,"dup":false,"ev":"game","ms":200408,"predicted":false,"t":0,"tick":11865,"type":"hit"}
[client] {"a":4,"dup":false,"ev":"game","ms":200505,"predicted":false,"t":7,"tick":11871,"type":"hit"}
[client] {"a":7,"dup":false,"ev":"game","ms":200505,"predicted":false,"t":-1,"tick":11871,"type":"ko"}
[client] {"a":9,"dup":false,"ev":"game","ms":201208,"predicted":false,"t":4,"tick":11913,"type":"hit"}
[client] {"a":9,"dup":false,"ev":"game","ms":201470,"predicted":false,"t":4,"tick":11929,"type":"hit"}
[client] {"a":9,"dup":false,"ev":"game","ms":201505,"predicted":false,"t":0,"tick":11931,"type":"hit"}
[client] {"a":0,"dup":true,"ev":"game","ms":201788,"predicted":false,"t":6,"tick":11953,"type":"hit"}
[client] {"a":4,"dup":false,"ev":"game","ms":201857,"predicted":false,"t":9,"tick":11952,"type":"hit"}
[client] {"a":2,"dup":false,"ev":"game","ms":201871,"predicted":false,"t":9,"tick":11953,"type":"hit"}
[client] {"a":6,"dup":false,"ev":"game","ms":202292,"predicted":false,"t":0,"tick":11978,"type":"hit"}
[client] {"a":0,"dup":true,"ev":"game","ms":202609,"predicted":false,"t":6,"tick":12002,"type":"hit"}
[client] {"a":0,"dup":true,"ev":"game","ms":202905,"predicted":false,"t":6,"tick":12020,"type":"hit"}
[client] {"a":0,"dup":true,"ev":"game","ms":203210,"predicted":false,"t":6,"tick":12038,"type":"hit"}
[client] {"a":9,"dup":false,"ev":"game","ms":203375,"predicted":false,"t":4,"tick":12043,"type":"block"}
[client] {"a":3,"dup":false,"ev":"game","ms":203389,"predicted":false,"t":9,"tick":12044,"type":"hit"}
[client] {"a":9,"dup":false,"ev":"game","ms":203389,"predicted":false,"t":-1,"tick":12044,"type":"ko"}
[client] {"a":6,"dup":false,"ev":"game","ms":203692,"predicted":false,"t":0,"tick":12062,"type":"hit"}
[client] {"a":8,"dup":false,"ev":"game","ms":204272,"predicted":false,"t":-1,"tick":12097,"type":"respawn"}
[client] {"a":6,"dup":false,"ev":"game","ms":204375,"predicted":false,"t":2,"tick":12103,"type":"hit"}
[client] {"a":5,"dup":false,"ev":"game","ms":204472,"predicted":false,"t":2,"tick":12109,"type":"hit"}
[client] {"counts":{"blocks_on_me":1,"conf_actions":134,"confirmed_hits":593,"dup_confirmed":0,"hits_on_me":54,"pred_actions":138,"predicted_confirmed":59,"predicted_hits":110,"reconnects":0},"ev":"stats","hp":130.0,"in_bytes":2735140,"late":0,"local_entity":0,"match":{"countdown_until":300,"ctrl":-1,"final":false,"next":"","phase":3,"rot":2555,"scores":[29,10],"sd":false,"state":3,"tick":11845,"zone":"B"},"max_err":1.546,"mean_err":0.022,"ms":204975,"out_bytes":595072,"pending":7,"pos":[-1.15,-2.48],"reconciles":4037,"server_tick":12144,"snaps":4044,"teleports":5}
[client] {"a":2,"dup":false,"ev":"game","ms":205224,"predicted":false,"t":6,"tick":12154,"type":"hit"}
[client] {"a":0,"dup":true,"ev":"game","ms":205493,"predicted":false,"t":6,"tick":12175,"type":"hit"}
[client] {"a":2,"dup":false,"ev":"game","ms":205618,"predicted":false,"t":6,"tick":12178,"type":"hit"}
[client] {"a":0,"dup":true,"ev":"game","ms":205804,"predicted":false,"t":6,"tick":12194,"type":"hit"}
[client] {"a":3,"dup":false,"ev":"game","ms":205921,"predicted":false,"t":6,"tick":12196,"type":"hit"}
[client] {"a":2,"dup":false,"ev":"game","ms":205949,"predicted":false,"t":6,"tick":12198,"type":"hit"}
[client] {"a":0,"dup":true,"ev":"game","ms":206136,"predicted":false,"t":6,"tick":12214,"type":"hit"}
[client] {"a":3,"dup":false,"ev":"game","ms":206266,"predicted":false,"t":6,"tick":12217,"type":"hit"}
[client] {"a":2,"dup":false,"ev":"game","ms":206666,"predicted":false,"t":6,"tick":12241,"type":"hit"}
[client] {"a":5,"dup":false,"ev":"game","ms":207019,"predicted":false,"t":3,"tick":12262,"type":"hit"}
[client] {"a":1,"dup":false,"ev":"game","ms":207239,"predicted":false,"t":5,"tick":12275,"type":"hit"}
[client] {"a":1,"dup":false,"ev":"game","ms":207267,"predicted":false,"t":6,"tick":12277,"type":"hit"}
[client] {"a":6,"dup":false,"ev":"game","ms":207267,"predicted":false,"t":-1,"tick":12277,"type":"ko"}
[client] {"counts":{"blocks_on_me":1,"conf_actions":141,"confirmed_hits":605,"dup_confirmed":0,"hits_on_me":54,"pred_actions":145,"predicted_confirmed":62,"predicted_hits":118,"reconnects":0},"ev":"stats","hp":130.0,"in_bytes":2796864,"late":0,"local_entity":0,"match":{"countdown_until":300,"ctrl":-1,"final":false,"next":"","phase":3,"rot":2255,"scores":[29,10],"sd":false,"state":3,"tick":12145,"zone":"B"},"max_err":1.546,"mean_err":0.0225,"ms":209970,"out_bytes":609772,"pending":7,"pos":[-0.9,-3.39],"reconciles":4137,"server_tick":12444,"snaps":4144,"teleports":5}
[client] {"a":0,"dup":true,"ev":"game","ms":210123,"predicted":false,"t":5,"tick":12453,"type":"hit"}
[client] {"a":7,"dup":false,"ev":"game","ms":210502,"predicted":false,"t":-1,"tick":12471,"type":"respawn"}
[client] {"a":3,"dup":false,"ev":"game","ms":210537,"predicted":false,"t":5,"tick":12473,"type":"hit"}
[client] {"a":0,"dup":true,"ev":"game","ms":210606,"predicted":false,"t":5,"tick":12482,"type":"hit"}
[client] {"a":0,"dup":true,"ev":"game","ms":211041,"predicted":false,"t":5,"tick":12508,"type":"hit"}
[client] {"a":3,"dup":false,"ev":"game","ms":211172,"predicted":false,"t":5,"tick":12511,"type":"hit"}
[client] {"a":3,"dup":false,"ev":"game","ms":211524,"predicted":false,"t":5,"tick":12532,"type":"hit"}
[client] {"a":3,"dup":false,"ev":"game","ms":211869,"predicted":false,"t":5,"tick":12553,"type":"hit"}
[client] {"a":8,"dup":false,"ev":"game","ms":211937,"predicted":false,"t":1,"tick":12557,"type":"hit"}
[client] {"a":8,"dup":false,"ev":"game","ms":212324,"predicted":false,"t":3,"tick":12580,"type":"hit"}
[client] {"a":1,"dup":false,"ev":"game","ms":212421,"predicted":false,"t":8,"tick":12586,"type":"hit"}
[client] {"a":0,"dup":true,"ev":"game","ms":212455,"predicted":false,"t":5,"tick":12593,"type":"hit"}
[client] {"a":3,"dup":false,"ev":"game","ms":212724,"predicted":false,"t":5,"tick":12604,"type":"hit"}
[client] {"a":1,"dup":false,"ev":"game","ms":212738,"predicted":false,"t":8,"tick":12605,"type":"hit"}
[client] {"a":1,"dup":false,"ev":"game","ms":213090,"predicted":false,"t":8,"tick":12626,"type":"hit"}
[client] {"a":5,"dup":false,"ev":"game","ms":213090,"predicted":false,"t":0,"tick":12626,"type":"hit"}
[client] {"a":5,"dup":false,"ev":"game","ms":213125,"predicted":false,"t":3,"tick":12628,"type":"hit"}
[client] {"a":9,"dup":false,"ev":"game","ms":213386,"predicted":false,"t":-1,"tick":12644,"type":"respawn"}
[client] {"a":5,"dup":false,"ev":"game","ms":213407,"predicted":false,"t":0,"tick":12645,"type":"hit"}
[client] {"a":5,"dup":false,"ev":"game","ms":213442,"predicted":false,"t":3,"tick":12647,"type":"hit"}
[client] {"a":0,"dup":true,"ev":"game","ms":213677,"predicted":false,"t":5,"tick":12666,"type":"hit"}
[client] {"a":1,"dup":false,"ev":"game","ms":213704,"predicted":false,"t":8,"tick":12663,"type":"hit"}
[client] {"a":3,"dup":false,"ev":"game","ms":213890,"predicted":false,"t":5,"tick":12674,"type":"hit"}
[client] {"a":5,"dup":false,"ev":"game","ms":213890,"predicted":false,"t":-1,"tick":12674,"type":"ko"}
[client] {"a":8,"dup":false,"ev":"game","ms":214291,"predicted":false,"t":1,"tick":12698,"type":"hit"}
[client] {"a":8,"dup":false,"ev":"game","ms":214539,"predicted":false,"t":1,"tick":12713,"type":"hit"}
[client] {"counts":{"blocks_on_me":1,"conf_actions":148,"confirmed_hits":628,"dup_confirmed":0,"hits_on_me":56,"pred_actions":152,"predicted_confirmed":67,"predicted_hits":127,"reconnects":0},"ev":"stats","hp":94.0,"in_bytes":2865367,"late":0,"local_entity":0,"match":{"countdown_until":300,"ctrl":-1,"final":false,"next":"","phase":3,"rot":1955,"scores":[29,10],"sd":false,"state":3,"tick":12445,"zone":"B"},"max_err":1.546,"mean_err":0.0225,"ms":214973,"out_bytes":624472,"pending":7,"pos":[-0.1,-2.73],"reconciles":4237,"server_tick":12744,"snaps":4244,"teleports":5}
[client] {"a":8,"dup":false,"ev":"game","ms":216105,"predicted":false,"t":1,"tick":12807,"type":"hit"}
[client] {"a":1,"dup":false,"ev":"game","ms":216478,"predicted":false,"t":8,"tick":12829,"type":"hit"}
[client] {"a":1,"dup":false,"ev":"game","ms":216788,"predicted":false,"t":8,"tick":12848,"type":"hit"}
[client] {"a":6,"dup":false,"ev":"game","ms":217279,"predicted":false,"t":-1,"tick":12877,"type":"respawn"}
[client] {"a":8,"dup":false,"ev":"game","ms":217444,"predicted":false,"t":1,"tick":12887,"type":"hit"}
[client] {"a":8,"dup":false,"ev":"game","ms":217479,"predicted":false,"t":0,"tick":12889,"type":"hit"}
[client] {"a":8,"dup":false,"ev":"game","ms":217541,"predicted":false,"t":3,"tick":12893,"type":"hit"}
[client] {"a":8,"dup":false,"ev":"game","ms":218106,"predicted":false,"t":1,"tick":12927,"type":"hit"}
[client] {"a":4,"dup":false,"ev":"game","ms":218458,"predicted":false,"t":8,"tick":12948,"type":"hit"}
[client] {"a":1,"dup":false,"ev":"game","ms":218762,"predicted":false,"t":7,"tick":12966,"type":"hit"}
[client] {"a":8,"dup":false,"ev":"game","ms":219424,"predicted":false,"t":4,"tick":13006,"type":"hit"}
[client] {"a":1,"dup":false,"ev":"game","ms":219576,"predicted":false,"t":8,"tick":13015,"type":"hit"}
[client] {"a":7,"dup":false,"ev":"game","ms":219576,"predicted":false,"t":4,"tick":13015,"type":"hit"}
[client] {"counts":{"blocks_on_me":1,"conf_actions":152,"confirmed_hits":640,"dup_confirmed":0,"hits_on_me":57,"pred_actions":156,"predicted_confirmed":67,"predicted_hits":127,"reconnects":0},"ev":"stats","hp":56.0,"in_bytes":2927723,"late":0,"local_entity":0,"match":{"countdown_until":300,"ctrl":-1,"final":false,"next":"","phase":3,"rot":1655,"scores":[29,10],"sd":false,"state":3,"tick":12745,"zone":"B"},"max_err":1.546,"mean_err":0.0227,"ms":219975,"out_bytes":639172,"pending":7,"pos":[-0.58,-2.67],"reconciles":4337,"server_tick":13044,"snaps":4344,"teleports":5}
[client] {"a":1,"dup":false,"ev":"game","ms":219990,"predicted":false,"t":8,"tick":13040,"type":"hit"}
[client] {"a":4,"dup":false,"ev":"game","ms":220142,"predicted":false,"t":7,"tick":13049,"type":"hit"}
[client] {"a":4,"dup":false,"ev":"game","ms":220480,"predicted":false,"t":7,"tick":13069,"type":"hit"}
[client] {"a":8,"dup":false,"ev":"game","ms":220777,"predicted":false,"t":1,"tick":13087,"type":"hit"}
[client] {"a":4,"dup":false,"ev":"game","ms":220825,"predicted":false,"t":7,"tick":13090,"type":"hit"}
[client] {"a":8,"dup":false,"ev":"game","ms":221108,"predicted":false,"t":1,"tick":13107,"type":"hit"}
[client] {"a":8,"dup":false,"ev":"game","ms":221446,"predicted":false,"t":1,"tick":13127,"type":"hit"}
[client] {"a":4,"dup":false,"ev":"game","ms":221744,"predicted":false,"t":8,"tick":13145,"type":"hit"}
[client] {"a":7,"dup":false,"ev":"game","ms":222675,"predicted":false,"t":4,"tick":13201,"type":"hit"}
[client] {"a":9,"dup":false,"ev":"game","ms":222736,"predicted":false,"t":4,"tick":13205,"type":"hit"}
[client] {"a":8,"dup":false,"ev":"game","ms":222874,"predicted":false,"t":4,"tick":13213,"type":"hit"}
[client] {"a":8,"dup":false,"ev":"game","ms":223102,"predicted":false,"t":4,"tick":13227,"type":"hit"}
[client] {"a":7,"dup":false,"ev":"game","ms":223702,"predicted":false,"t":4,"tick":13263,"type":"hit"}
[client] {"a":5,"dup":false,"ev":"game","ms":223888,"predicted":false,"t":-1,"tick":13274,"type":"respawn"}
[client] {"a":7,"dup":false,"ev":"game","ms":224006,"predicted":false,"t":4,"tick":13281,"type":"hit"}
[client] {"a":8,"dup":false,"ev":"game","ms":224088,"predicted":false,"t":4,"tick":13286,"type":"hit"}
[client] {"a":9,"dup":false,"ev":"game","ms":224157,"predicted":false,"t":4,"tick":13290,"type":"hit"}
[client] {"a":4,"dup":false,"ev":"game","ms":224157,"predicted":false,"t":-1,"tick":13290,"type":"ko"}
[client] {"a":8,"dup":false,"ev":"game","ms":224924,"predicted":false,"t":1,"tick":13336,"type":"hit"}
[client] {"counts":{"blocks_on_me":1,"conf_actions":153,"confirmed_hits":657,"dup_confirmed":0,"hits_on_me":57,"pred_actions":157,"predicted_confirmed":67,"predicted_hits":127,"reconnects":0},"ev":"stats","hp":56.0,"in_bytes":2994711,"late":0,"local_entity":0,"match":{"countdown_until":300,"ctrl":-1,"final":false,"next":"","phase":3,"rot":1355,"scores":[29,10],"sd":false,"state":3,"tick":13045,"zone":"B"},"max_err":1.546,"mean_err":0.0223,"ms":224971,"out_bytes":653872,"pending":7,"pos":[-0.27,-2.77],"reconciles":4437,"server_tick":13344,"snaps":4444,"teleports":5}
[client] {"a":8,"dup":false,"ev":"game","ms":225338,"predicted":false,"t":1,"tick":13361,"type":"hit"}
[client] {"a":8,"dup":false,"ev":"game","ms":225641,"predicted":false,"t":0,"tick":13379,"type":"hit"}
[client] {"a":0,"dup":false,"ev":"game","ms":225724,"predicted":false,"t":-1,"tick":13389,"type":"ko"}
[client] {"a":1,"dup":false,"ev":"game","ms":225737,"predicted":false,"t":8,"tick":13385,"type":"hit"}
[client] {"a":7,"dup":false,"ev":"game","ms":225807,"predicted":false,"t":0,"tick":13389,"type":"hit"}
[client] {"a":7,"dup":false,"ev":"game","ms":225855,"predicted":false,"t":3,"tick":13392,"type":"hit"}
[client] {"a":9,"dup":false,"ev":"game","ms":226021,"predicted":false,"t":1,"tick":13402,"type":"hit"}
[client] {"a":1,"dup":false,"ev":"game","ms":226021,"predicted":false,"t":-1,"tick":13402,"type":"ko"}
[client] {"a":7,"dup":false,"ev":"game","ms":226407,"predicted":false,"t":2,"tick":13425,"type":"hit"}
[client] {"a":7,"dup":false,"ev":"game","ms":226725,"predicted":false,"t":2,"tick":13444,"type":"hit"}
[client] {"a":7,"dup":false,"ev":"game","ms":226725,"predicted":false,"t":3,"tick":13444,"type":"hit"}
[client] {"a":7,"dup":false,"ev":"game","ms":227021,"predicted":false,"t":3,"tick":13462,"type":"hit"}
[client] {"a":2,"dup":false,"ev":"game","ms":227125,"predicted":false,"t":7,"tick":13468,"type":"hit"}
[client] {"a":9,"dup":false,"ev":"game","ms":227490,"predicted":false,"t":2,"tick":13490,"type":"hit"}
[client] {"a":7,"dup":false,"ev":"game","ms":227573,"predicted":false,"t":2,"tick":13495,"type":"hit"}
[client] {"a":3,"dup":false,"ev":"game","ms":227890,"predicted":false,"t":7,"tick":13514,"type":"hit"}
[client] {"a":8,"dup":false,"ev":"game","ms":227960,"predicted":false,"t":3,"tick":13518,"type":"hit"}
[client] {"a":6,"dup":false,"ev":"game","ms":228008,"predicted":false,"t":3,"tick":13521,"type":"hit"}
[client] {"a":2,"dup":false,"ev":"game","ms":228221,"predicted":false,"t":9,"tick":13534,"type":"hit"}
[client] {"a":9,"dup":false,"ev":"game","ms":228594,"predicted":false,"t":2,"tick":13556,"type":"hit"}
[client] {"a":9,"dup":false,"ev":"game","ms":229091,"predicted":false,"t":2,"tick":13586,"type":"hit"}
[client] {"a":9,"dup":false,"ev":"game","ms":229139,"predicted":false,"t":3,"tick":13589,"type":"hit"}
[client] {"a":3,"dup":false,"ev":"game","ms":229139,"predicted":false,"t":-1,"tick":13589,"type":"ko"}
[client] {"counts":{"blocks_on_me":1,"conf_actions":154,"confirmed_hits":677,"dup_confirmed":0,"hits_on_me":59,"pred_actions":159,"predicted_confirmed":67,"predicted_hits":129,"reconnects":0},"ev":"stats","hp":0.0,"in_bytes":3065449,"late":0,"local_entity":0,"match":{"countdown_until":300,"ctrl":-1,"final":false,"next":"","phase":3,"rot":1055,"scores":[29,10],"sd":false,"state":3,"tick":13345,"zone":"B"},"max_err":1.546,"mean_err":0.0221,"ms":229974,"out_bytes":668572,"pending":7,"pos":[-0.02,-2.73],"reconciles":4537,"server_tick":13644,"snaps":4544,"teleports":5}
[client] {"a":6,"dup":false,"ev":"game","ms":230361,"predicted":false,"t":2,"tick":13662,"type":"hit"}
[client] {"a":6,"dup":false,"ev":"game","ms":230843,"predicted":false,"t":2,"tick":13691,"type":"hit"}
[client] {"a":7,"dup":false,"ev":"game","ms":230940,"predicted":false,"t":2,"tick":13697,"type":"hit"}
[client] {"a":2,"dup":false,"ev":"game","ms":231809,"predicted":false,"t":6,"tick":13749,"type":"hit"}
[client] {"a":2,"dup":false,"ev":"game","ms":232044,"predicted":false,"t":6,"tick":13763,"type":"hit"}
[client] {"a":6,"dup":false,"ev":"game","ms":232845,"predicted":false,"t":2,"tick":13811,"type":"hit"}
[client] {"a":4,"dup":false,"ev":"game","ms":234162,"predicted":false,"t":-1,"tick":13890,"type":"respawn"}
[client] {"counts":{"blocks_on_me":1,"conf_actions":154,"confirmed_hits":683,"dup_confirmed":0,"hits_on_me":59,"pred_actions":159,"predicted_confirmed":67,"predicted_hits":129,"reconnects":0},"ev":"stats","hp":0.0,"in_bytes":3132321,"late":0,"local_entity":0,"match":{"countdown_until":300,"ctrl":-1,"final":false,"next":"A","phase":3,"rot":755,"scores":[29,10],"sd":false,"state":3,"tick":13645,"zone":"B"},"max_err":1.546,"mean_err":0.0216,"ms":234969,"out_bytes":683272,"pending":7,"pos":[-0.02,-2.73],"reconciles":4637,"server_tick":13944,"snaps":4644,"teleports":5}
[client] {"a":2,"dup":false,"ev":"game","ms":235135,"predicted":false,"t":5,"tick":13949,"type":"hit"}
[client] {"a":8,"dup":false,"ev":"game","ms":235356,"predicted":false,"t":2,"tick":13962,"type":"hit"}
[client] {"a":9,"dup":false,"ev":"game","ms":235356,"predicted":false,"t":2,"tick":13962,"type":"hit"}
[client] {"a":2,"dup":false,"ev":"game","ms":235356,"predicted":false,"t":-1,"tick":13962,"type":"ko"}
[client] {"a":0,"dup":false,"ev":"game","ms":235723,"predicted":false,"t":-1,"tick":13989,"type":"respawn"}
[client] {"a":1,"dup":false,"ev":"game","ms":236026,"predicted":false,"t":-1,"tick":14002,"type":"respawn"}
[client] {"a":3,"dup":false,"ev":"game","ms":239137,"predicted":false,"t":-1,"tick":14189,"type":"respawn"}
[client] {"counts":{"blocks_on_me":1,"conf_actions":155,"confirmed_hits":686,"dup_confirmed":0,"hits_on_me":59,"pred_actions":159,"predicted_confirmed":67,"predicted_hits":129,"reconnects":0},"ev":"stats","hp":220.0,"in_bytes":3195122,"late":0,"local_entity":0,"match":{"countdown_until":300,"ctrl":1,"final":false,"next":"A","phase":3,"rot":455,"scores":[29,14],"sd":false,"state":2,"tick":13945,"zone":"B"},"max_err":1.546,"mean_err":0.0212,"ms":239971,"out_bytes":697972,"pending":7,"pos":[1.54,-21.94],"reconciles":4736,"server_tick":14244,"snaps":4744,"teleports":6}
[client] {"a":4,"dup":false,"ev":"game","ms":241338,"predicted":false,"t":5,"tick":14321,"type":"hit"}
[client] {"a":4,"dup":false,"ev":"game","ms":241629,"predicted":false,"t":8,"tick":14338,"type":"hit"}
[client] {"a":8,"dup":false,"ev":"game","ms":241629,"predicted":false,"t":-1,"tick":14338,"type":"ko"}
[client] {"a":4,"dup":false,"ev":"game","ms":241677,"predicted":false,"t":5,"tick":14341,"type":"hit"}
[client] {"a":4,"dup":false,"ev":"game","ms":241974,"predicted":false,"t":5,"tick":14359,"type":"hit"}
[client] {"a":7,"dup":false,"ev":"game","ms":242174,"predicted":false,"t":4,"tick":14371,"type":"hit"}
[client] {"a":9,"dup":false,"ev":"game","ms":242242,"predicted":false,"t":4,"tick":14375,"type":"hit"}
[client] {"a":9,"dup":false,"ev":"game","ms":243257,"predicted":false,"t":1,"tick":14436,"type":"hit"}
[client] {"a":4,"dup":false,"ev":"game","ms":243291,"predicted":false,"t":7,"tick":14438,"type":"hit"}
[client] {"a":9,"dup":false,"ev":"game","ms":243595,"predicted":false,"t":4,"tick":14456,"type":"hit"}
[client] {"a":9,"dup":false,"ev":"game","ms":243609,"predicted":false,"t":1,"tick":14457,"type":"hit"}
[client] {"a":4,"dup":false,"ev":"game","ms":243961,"predicted":false,"t":7,"tick":14478,"type":"hit"}
[client] {"a":0,"dup":true,"ev":"game","ms":243995,"predicted":false,"t":7,"tick":14485,"type":"hit"}
[client] {"a":0,"dup":true,"ev":"game","ms":243996,"predicted":false,"t":9,"tick":14486,"type":"hit"}
[client] {"a":4,"dup":false,"ev":"game","ms":244009,"predicted":false,"t":6,"tick":14481,"type":"hit"}
[client] {"a":0,"dup":true,"ev":"game","ms":244043,"predicted":false,"t":5,"tick":14489,"type":"hit"}
[client] {"a":6,"dup":false,"ev":"game","ms":244361,"predicted":false,"t":4,"tick":14503,"type":"hit"}
[client] {"a":1,"dup":false,"ev":"game","ms":244679,"predicted":false,"t":6,"tick":14522,"type":"hit"}
[client] {"a":0,"dup":true,"ev":"game","ms":244844,"predicted":false,"t":7,"tick":14537,"type":"hit"}
[client] {"a":0,"dup":true,"ev":"game","ms":244844,"predicted":false,"t":9,"tick":14537,"type":"hit"}
[client] {"a":0,"dup":false,"ev":"game","ms":244878,"predicted":false,"t":5,"tick":14538,"type":"hit"}
[client] {"a":7,"dup":false,"ev":"game","ms":244926,"predicted":false,"t":-1,"tick":14537,"type":"ko"}
[client] {"counts":{"blocks_on_me":1,"conf_actions":158,"confirmed_hits":706,"dup_confirmed":0,"hits_on_me":59,"pred_actions":162,"predicted_confirmed":72,"predicted_hits":138,"reconnects":0},"ev":"stats","hp":220.0,"in_bytes":3266268,"late":0,"local_entity":0,"match":{"countdown_until":300,"ctrl":-1,"final":false,"next":"A","phase":3,"rot":155,"scores":[29,15],"sd":false,"state":3,"tick":14245,"zone":"B"},"max_err":1.546,"mean_err":0.0209,"ms":244974,"out_bytes":712672,"pending":4,"pos":[0.04,-4.68],"reconciles":4837,"server_tick":14544,"snaps":4844,"teleports":6}
[client] {"a":2,"dup":false,"ev":"game","ms":245347,"predicted":false,"t":-1,"tick":14562,"type":"respawn"}
[client] {"a":9,"dup":false,"ev":"game","ms":245658,"predicted":false,"t":0,"tick":14581,"type":"hit"}
[client] {"a":9,"dup":false,"ev":"game","ms":245658,"predicted":false,"t":1,"tick":14581,"type":"hit"}
[client] {"a":4,"dup":false,"ev":"game","ms":245727,"predicted":false,"t":6,"tick":14585,"type":"hit"}
[client] {"a":6,"dup":false,"ev":"game","ms":246293,"predicted":false,"t":4,"tick":14619,"type":"hit"}
[client] {"a":3,"dup":false,"ev":"game","ms":246638,"predicted":false,"t":9,"tick":14640,"type":"hit"}
[client] {"a":3,"dup":false,"ev":"game","ms":246686,"predicted":false,"t":5,"tick":14642,"type":"hit"}
[client] {"a":1,"dup":false,"ev":"game","ms":246803,"predicted":false,"t":6,"tick":14649,"type":"hit"}
[client] {"a":0,"dup":true,"ev":"game","ms":246941,"predicted":false,"t":6,"tick":14662,"type":"hit"}
[client] {"a":0,"dup":true,"ev":"game","ms":247238,"predicted":false,"t":6,"tick":14680,"type":"hit"}
[client] {"a":3,"dup":false,"ev":"game","ms":247252,"predicted":false,"t":9,"tick":14676,"type":"hit"}
[client] {"a":3,"dup":false,"ev":"game","ms":247273,"predicted":false,"t":6,"tick":14677,"type":"hit"}
[client] {"a":5,"dup":false,"ev":"game","ms":247286,"predicted":false,"t":3,"tick":14678,"type":"hit"}
[client] {"a":3,"dup":false,"ev":"game","ms":247604,"predicted":false,"t":6,"tick":14697,"type":"hit"}
[client] {"a":3,"dup":false,"ev":"game","ms":247604,"predicted":false,"t":9,"tick":14697,"type":"hit"}
[client] {"a":5,"dup":false,"ev":"game","ms":247604,"predicted":false,"t":3,"tick":14697,"type":"hit"}
[client] {"a":-1,"dup":false,"ev":"game","ms":247638,"predicted":false,"t":-1,"tick":14699,"type":"zone_rotated"}
[client] {"a":9,"dup":false,"ev":"game","ms":247956,"predicted":false,"t":3,"tick":14718,"type":"hit"}
[client] {"a":6,"dup":false,"ev":"game","ms":247969,"predicted":false,"t":3,"tick":14719,"type":"hit"}
[client] {"a":6,"dup":false,"ev":"game","ms":248025,"predicted":false,"t":0,"tick":14722,"type":"hit"}
[client] {"a":5,"dup":false,"ev":"game","ms":248039,"predicted":false,"t":3,"tick":14723,"type":"hit"}
[client] {"a":1,"dup":false,"ev":"game","ms":248108,"predicted":false,"t":5,"tick":14727,"type":"hit"}
[client] {"a":0,"dup":false,"ev":"game","ms":248321,"predicted":false,"t":9,"tick":14745,"type":"parry"}
[client] {"a":6,"dup":false,"ev":"game","ms":248342,"predicted":false,"t":3,"tick":14741,"type":"hit"}
[client] {"a":1,"dup":false,"ev":"game","ms":248770,"predicted":false,"t":9,"tick":14767,"type":"hit"}
[client] {"a":4,"dup":false,"ev":"game","ms":248874,"predicted":false,"t":6,"tick":14773,"type":"hit"}
[client] {"a":9,"dup":false,"ev":"game","ms":249122,"predicted":false,"t":1,"tick":14788,"type":"hit"}
[client] {"a":4,"dup":false,"ev":"game","ms":249204,"predicted":false,"t":6,"tick":14793,"type":"hit"}
[client] {"a":3,"dup":false,"ev":"game","ms":249356,"predicted":false,"t":6,"tick":14802,"type":"hit"}
[client] {"a":0,"dup":true,"ev":"game","ms":249405,"predicted":false,"t":9,"tick":14810,"type":"hit"}
[client] {"a":1,"dup":false,"ev":"game","ms":249509,"predicted":false,"t":9,"tick":14811,"type":"hit"}
[client] {"a":5,"dup":false,"ev":"game","ms":249687,"predicted":false,"t":4,"tick":14822,"type":"hit"}
[client] {"a":0,"dup":true,"ev":"game","ms":249743,"predicted":false,"t":9,"tick":14830,"type":"hit"}
[client] {"a":0,"dup":true,"ev":"game","ms":249791,"predicted":false,"t":5,"tick":14833,"type":"hit"}
[client] {"a":5,"dup":false,"ev":"game","ms":249874,"predicted":false,"t":-1,"tick":14833,"type":"ko"}
[client] {"counts":{"blocks_on_me":1,"conf_actions":166,"confirmed_hits":737,"dup_confirmed":0,"hits_on_me":61,"pred_actions":170,"predicted_confirmed":77,"predicted_hits":150,"reconnects":0},"ev":"stats","hp":164.0,"in_bytes":3339334,"late":0,"local_entity":0,"match":{"countdown_until":300,"ctrl":-1,"final":false,"next":"","phase":3,"rot":3455,"scores":[29,15],"sd":false,"state":1,"tick":14545,"zone":"A"},"max_err":1.546,"mean_err":0.0214,"ms":249970,"out_bytes":727372,"pending":7,"pos":[-0.29,-2.76],"reconciles":4936,"server_tick":14844,"snaps":4944,"teleports":6}
[client] {"a":3,"dup":false,"ev":"game","ms":250074,"predicted":false,"t":9,"tick":14845,"type":"hit"}
[client] {"a":1,"dup":false,"ev":"game","ms":250172,"predicted":false,"t":6,"tick":14851,"type":"hit"}
[client] {"a":6,"dup":false,"ev":"game","ms":250173,"predicted":false,"t":-1,"tick":14851,"type":"ko"}
[client] {"a":1,"dup":false,"ev":"game","ms":250192,"predicted":false,"t":9,"tick":14852,"type":"hit"}
[client] {"a":9,"dup":false,"ev":"game","ms":250192,"predicted":false,"t":-1,"tick":14852,"type":"ko"}
[client] {"a":8,"dup":false,"ev":"game","ms":251627,"predicted":false,"t":-1,"tick":14938,"type":"respawn"}
[client] {"a":7,"dup":false,"ev":"game","ms":254945,"predicted":false,"t":-1,"tick":15137,"type":"respawn"}
[client] {"counts":{"blocks_on_me":1,"conf_actions":167,"confirmed_hits":740,"dup_confirmed":0,"hits_on_me":61,"pred_actions":171,"predicted_confirmed":77,"predicted_hits":150,"reconnects":0},"ev":"stats","hp":164.0,"in_bytes":3392800,"late":0,"local_entity":0,"match":{"countdown_until":300,"ctrl":0,"final":false,"next":"","phase":3,"rot":3155,"scores":[29,15],"sd":false,"state":2,"tick":14845,"zone":"A"},"max_err":1.546,"mean_err":0.021,"ms":254972,"out_bytes":742072,"pending":7,"pos":[-26.94,-8.35],"reconciles":5036,"server_tick":15144,"snaps":5044,"teleports":6}
[client] {"a":5,"dup":false,"ev":"game","ms":259872,"predicted":false,"t":-1,"tick":15433,"type":"respawn"}
[client] {"counts":{"blocks_on_me":1,"conf_actions":167,"confirmed_hits":740,"dup_confirmed":0,"hits_on_me":61,"pred_actions":171,"predicted_confirmed":77,"predicted_hits":150,"reconnects":0},"ev":"stats","hp":220.0,"in_bytes":3442897,"late":0,"local_entity":0,"match":{"countdown_until":300,"ctrl":0,"final":false,"next":"","phase":3,"rot":2855,"scores":[34,15],"sd":false,"state":2,"tick":15145,"zone":"A"},"max_err":1.546,"mean_err":0.021,"ms":259975,"out_bytes":756772,"pending":7,"pos":[-41.89,-0.58],"reconciles":5136,"server_tick":15444,"snaps":5144,"teleports":6}
[client] {"a":6,"dup":false,"ev":"game","ms":260176,"predicted":false,"t":-1,"tick":15451,"type":"respawn"}
[client] {"a":9,"dup":false,"ev":"game","ms":260190,"predicted":false,"t":-1,"tick":15452,"type":"respawn"}
[client] {"a":1,"dup":false,"ev":"game","ms":261686,"predicted":false,"t":8,"tick":15542,"type":"hit"}
[client] {"a":4,"dup":false,"ev":"game","ms":261873,"predicted":false,"t":8,"tick":15553,"type":"hit"}
[client] {"a":4,"dup":false,"ev":"game","ms":263122,"predicted":false,"t":8,"tick":15628,"type":"hit"}
[client] {"a":4,"dup":false,"ev":"game","ms":263460,"predicted":false,"t":8,"tick":15648,"type":"hit"}
[client] {"a":8,"dup":false,"ev":"game","ms":264108,"predicted":false,"t":4,"tick":15687,"type":"hit"}
[client] {"counts":{"blocks_on_me":1,"conf_actions":168,"confirmed_hits":745,"dup_confirmed":0,"hits_on_me":61,"pred_actions":172,"predicted_confirmed":77,"predicted_hits":150,"reconnects":0},"ev":"stats","hp":220.0,"in_bytes":3499109,"late":0,"local_entity":0,"match":{"countdown_until":300,"ctrl":-1,"final":false,"next":"","phase":3,"rot":2555,"scores":[34,15],"sd":false,"state":3,"tick":15445,"zone":"A"},"max_err":1.546,"mean_err":0.0207,"ms":264977,"out_bytes":771472,"pending":7,"pos":[-41.61,-0.44],"reconciles":5234,"server_tick":15744,"snaps":5242,"teleports":6}
[client] {"a":3,"dup":false,"ev":"game","ms":266896,"predicted":false,"t":8,"tick":15854,"type":"hit"}
[client] {"a":0,"dup":true,"ev":"game","ms":267062,"predicted":false,"t":8,"tick":15869,"type":"hit"}
[client] {"a":7,"dup":false,"ev":"game","ms":267124,"predicted":false,"t":4,"tick":15868,"type":"hit"}
[client] {"a":4,"dup":false,"ev":"game","ms":267559,"predicted":false,"t":7,"tick":15894,"type":"hit"}
[client] {"a":3,"dup":false,"ev":"game","ms":267579,"predicted":false,"t":8,"tick":15895,"type":"hit"}
[client] {"a":4,"dup":false,"ev":"game","ms":267897,"predicted":false,"t":7,"tick":15914,"type":"hit"}
[client] {"a":7,"dup":false,"ev":"game","ms":268241,"predicted":false,"t":4,"tick":15935,"type":"hit"}
[client] {"a":7,"dup":false,"ev":"game","ms":268545,"predicted":false,"t":4,"tick":15954,"type":"hit"}
[client] {"a":2,"dup":false,"ev":"game","ms":268677,"predicted":false,"t":7,"tick":15962,"type":"hit"}
[client] {"a":2,"dup":false,"ev":"game","ms":268994,"predicted":false,"t":7,"tick":15981,"type":"hit"}
[client] {"a":8,"dup":false,"ev":"game","ms":268994,"predicted":false,"t":1,"tick":15981,"type":"hit"}
[client] {"a":8,"dup":false,"ev":"game","ms":269263,"predicted":false,"t":1,"tick":15997,"type":"hit"}
[client] {"a":4,"dup":false,"ev":"game","ms":269277,"predicted":false,"t":7,"tick":15998,"type":"hit"}
[client] {"a":4,"dup":false,"ev":"game","ms":269911,"predicted":false,"t":7,"tick":16036,"type":"hit"}
[client] {"counts":{"blocks_on_me":1,"conf_actions":171,"confirmed_hits":759,"dup_confirmed":0,"hits_on_me":61,"pred_actions":175,"predicted_confirmed":78,"predicted_hits":152,"reconnects":0},"ev":"stats","hp":220.0,"in_bytes":3568051,"late":0,"local_entity":0,"match":{"countdown_until":300,"ctrl":-1,"final":false,"next":"","phase":3,"rot":2255,"scores":[34,15],"sd":false,"state":3,"tick":15745,"zone":"A"},"max_err":1.546,"mean_err":0.0206,"ms":269980,"out_bytes":786172,"pending":7,"pos":[-42.06,-0.52],"reconciles":5334,"server_tick":16044,"snaps":5342,"teleports":6}
[client] {"a":4,"dup":false,"ev":"game","ms":270008,"predicted":false,"t":5,"tick":16041,"type":"hit"}
[client] {"a":1,"dup":false,"ev":"game","ms":270112,"predicted":false,"t":8,"tick":16048,"type":"hit"}
[client] {"a":1,"dup":false,"ev":"game","ms":270326,"predicted":false,"t":8,"tick":16061,"type":"hit"}
[client] {"a":8,"dup":false,"ev":"game","ms":271029,"predicted":false,"t":1,"tick":16103,"type":"hit"}
[client] {"a":9,"dup":false,"ev":"game","ms":271547,"predicted":false,"t":4,"tick":16134,"type":"hit"}
[client] {"a":2,"dup":false,"ev":"game","ms":271954,"predicted":false,"t":9,"tick":16159,"type":"hit"}
[client] {"a":6,"dup":false,"ev":"game","ms":272154,"predicted":false,"t":4,"tick":16170,"type":"hit"}
[client] {"a":7,"dup":false,"ev":"game","ms":272175,"predicted":false,"t":2,"tick":16171,"type":"hit"}
[client] {"a":9,"dup":false,"ev":"game","ms":272292,"predicted":false,"t":4,"tick":16178,"type":"hit"}
[client] {"a":1,"dup":false,"ev":"game","ms":272472,"predicted":false,"t":8,"tick":16189,"type":"hit"}
[client] {"a":3,"dup":false,"ev":"game","ms":272492,"predicted":false,"t":9,"tick":16190,"type":"hit"}
[client] {"a":4,"dup":false,"ev":"game","ms":272741,"predicted":false,"t":7,"tick":16205,"type":"hit"}
[client] {"a":2,"dup":false,"ev":"game","ms":272754,"predicted":false,"t":7,"tick":16206,"type":"hit"}
[client] {"a":1,"dup":false,"ev":"game","ms":272809,"predicted":false,"t":8,"tick":16209,"type":"hit"}
[client] {"a":9,"dup":false,"ev":"game","ms":272906,"predicted":false,"t":4,"tick":16215,"type":"hit"}
[client] {"a":5,"dup":false,"ev":"game","ms":273058,"predicted":false,"t":2,"tick":16224,"type":"hit"}
[client] {"a":5,"dup":false,"ev":"game","ms":273107,"predicted":false,"t":0,"tick":16227,"type":"hit"}
[client] {"a":7,"dup":false,"ev":"game","ms":273107,"predicted":false,"t":4,"tick":16227,"type":"hit"}
[client] {"a":1,"dup":false,"ev":"game","ms":273154,"predicted":false,"t":8,"tick":16230,"type":"hit"}
[client] {"a":8,"dup":false,"ev":"game","ms":273154,"predicted":false,"t":-1,"tick":16230,"type":"ko"}
[client] {"a":5,"dup":false,"ev":"game","ms":273375,"predicted":false,"t":2,"tick":16243,"type":"hit"}
[client] {"a":7,"dup":false,"ev":"game","ms":273423,"predicted":false,"t":4,"tick":16246,"type":"hit"}
[client] {"a":7,"dup":false,"ev":"game","ms":273459,"predicted":false,"t":2,"tick":16249,"type":"hit"}
[client] {"a":4,"dup":false,"ev":"game","ms":273776,"predicted":false,"t":5,"tick":16268,"type":"hit"}
[client] {"a":7,"dup":false,"ev":"game","ms":274010,"predicted":false,"t":3,"tick":16282,"type":"hit"}
[client] {"a":7,"dup":false,"ev":"game","ms":274038,"predicted":false,"t":0,"tick":16284,"type":"hit"}
[client] {"a":7,"dup":false,"ev":"game","ms":274038,"predicted":false,"t":4,"tick":16284,"type":"hit"}
[client] {"a":5,"dup":false,"ev":"game","ms":274189,"predicted":false,"t":4,"tick":16293,"type":"hit"}
[client] {"a":5,"dup":false,"ev":"game","ms":274555,"predicted":false,"t":1,"tick":16315,"type":"hit"}
[client] {"a":5,"dup":false,"ev":"game","ms":274590,"predicted":false,"t":4,"tick":16317,"type":"hit"}
[client] {"a":4,"dup":false,"ev":"game","ms":274590,"predicted":false,"t":-1,"tick":16317,"type":"ko"}
[client] {"a":3,"dup":false,"ev":"game","ms":274824,"predicted":false,"t":6,"tick":16331,"type":"block"}
[client] {"a":1,"dup":false,"ev":"game","ms":274921,"predicted":false,"t":5,"tick":16337,"type":"hit"}
[client] {"counts":{"blocks_on_me":1,"conf_actions":176,"confirmed_hits":789,"dup_confirmed":0,"hits_on_me":63,"pred_actions":181,"predicted_confirmed":78,"predicted_hits":153,"reconnects":0},"ev":"stats","hp":182.0,"in_bytes":3646569,"late":0,"local_entity":0,"match":{"countdown_until":300,"ctrl":-1,"final":false,"next":"","phase":3,"rot":1955,"scores":[34,15],"sd":false,"state":3,"tick":16045,"zone":"A"},"max_err":1.546,"mean_err":0.0207,"ms":274975,"out_bytes":800872,"pending":7,"pos":[-41.86,-0.65],"reconciles":5434,"server_tick":16344,"snaps":5442,"teleports":6}
[client] {"a":3,"dup":false,"ev":"game","ms":275121,"predicted":false,"t":6,"tick":16349,"type":"block"}
[client] {"a":0,"dup":true,"ev":"game","ms":275142,"predicted":false,"t":5,"tick":16354,"type":"hit"}
[client] {"a":0,"dup":true,"ev":"game","ms":275142,"predicted":false,"t":7,"tick":16355,"type":"hit"}
[client] {"a":1,"dup":false,"ev":"game","ms":275224,"predicted":false,"t":5,"tick":16355,"type":"hit"}
[client] {"a":1,"dup":false,"ev":"game","ms":275273,"predicted":false,"t":7,"tick":16358,"type":"hit"}
[client] {"a":9,"dup":false,"ev":"game","ms":275556,"predicted":false,"t":3,"tick":16375,"type":"hit"}
[client] {"a":2,"dup":false,"ev":"game","ms":275708,"predicted":false,"t":5,"tick":16384,"type":"hit"}
[client] {"a":0,"dup":true,"ev":"game","ms":275790,"predicted":false,"t":5,"tick":16394,"type":"hit"}
[client] {"a":1,"dup":false,"ev":"game","ms":275838,"predicted":false,"t":5,"tick":16392,"type":"hit"}
[client] {"a":9,"dup":false,"ev":"game","ms":276411,"predicted":false,"t":0,"tick":16426,"type":"hit"}
[client] {"a":0,"dup":true,"ev":"game","ms":276742,"predicted":false,"t":9,"tick":16451,"type":"hit"}
[client] {"a":5,"dup":false,"ev":"game","ms":276777,"predicted":false,"t":2,"tick":16448,"type":"hit"}
[client] {"a":0,"dup":false,"ev":"game","ms":276791,"predicted":false,"t":7,"tick":16454,"type":"hit"}
[client] {"a":5,"dup":false,"ev":"game","ms":276873,"predicted":false,"t":0,"tick":16454,"type":"hit"}
[client] {"a":7,"dup":false,"ev":"game","ms":276874,"predicted":false,"t":-1,"tick":16454,"type":"ko"}
[client] {"a":3,"dup":false,"ev":"game","ms":277274,"predicted":false,"t":6,"tick":16478,"type":"hit"}
[client] {"a":3,"dup":false,"ev":"game","ms":277308,"predicted":false,"t":9,"tick":16480,"type":"hit"}
[client] {"a":1,"dup":false,"ev":"game","ms":277639,"predicted":false,"t":6,"tick":16500,"type":"hit"}
[client] {"a":0,"dup":true,"ev":"game","ms":277743,"predicted":false,"t":6,"tick":16510,"type":"hit"}
[client] {"a":3,"dup":false,"ev":"game","ms":277839,"predicted":false,"t":6,"tick":16512,"type":"hit"}
[client] {"a":5,"dup":false,"ev":"game","ms":277978,"predicted":false,"t":1,"tick":16520,"type":"hit"}
[client] {"a":5,"dup":false,"ev":"game","ms":278014,"predicted":false,"t":2,"tick":16522,"type":"hit"}
[client] {"a":5,"dup":false,"ev":"game","ms":278074,"predicted":false,"t":0,"tick":16526,"type":"hit"}
[client] {"a":3,"dup":false,"ev":"game","ms":278157,"predicted":false,"t":6,"tick":16531,"type":"hit"}
[client] {"a":3,"dup":false,"ev":"game","ms":278592,"predicted":false,"t":6,"tick":16557,"type":"hit"}
[client] {"a":6,"dup":false,"ev":"game","ms":278950,"predicted":false,"t":3,"tick":16579,"type":"hit"}
[client] {"a":5,"dup":false,"ev":"game","ms":279054,"predicted":false,"t":3,"tick":16585,"type":"hit"}
[client] {"a":1,"dup":false,"ev":"game","ms":279088,"predicted":false,"t":6,"tick":16587,"type":"hit"}
[client] {"a":2,"dup":false,"ev":"game","ms":279351,"predicted":false,"t":5,"tick":16602,"type":"hit"}
[client] {"a":1,"dup":false,"ev":"game","ms":279420,"predicted":false,"t":6,"tick":16606,"type":"hit"}
[client] {"a":0,"dup":true,"ev":"game","ms":279420,"predicted":false,"t":6,"tick":16611,"type":"hit"}
[client] {"a":1,"dup":false,"ev":"game","ms":279469,"predicted":false,"t":9,"tick":16609,"type":"hit"}
[client] {"a":5,"dup":false,"ev":"game","ms":279703,"predicted":false,"t":1,"tick":16623,"type":"hit"}
[client] {"a":6,"dup":false,"ev":"game","ms":279904,"predicted":false,"t":1,"tick":16635,"type":"hit"}
[client] {"counts":{"blocks_on_me":1,"conf_actions":184,"confirmed_hits":821,"dup_confirmed":0,"hits_on_me":66,"pred_actions":189,"predicted_confirmed":84,"predicted_hits":164,"reconnects":0},"ev":"stats","hp":88.0,"in_bytes":3721704,"late":0,"local_entity":0,"match":{"countdown_until":300,"ctrl":-1,"final":false,"next":"","phase":3,"rot":1655,"scores":[34,15],"sd":false,"state":3,"tick":16345,"zone":"A"},"max_err":1.546,"mean_err":0.0211,"ms":279971,"out_bytes":815572,"pending":7,"pos":[-42.09,0.1],"reconciles":5534,"server_tick":16644,"snaps":5542,"teleports":6}
[client] {"a":0,"dup":true,"ev":"game","ms":280151,"predicted":false,"t":5,"tick":16655,"type":"hit"}
[client] {"a":0,"dup":true,"ev":"game","ms":280185,"predicted":false,"t":6,"tick":16657,"type":"hit"}
[client] {"a":5,"dup":false,"ev":"game","ms":280234,"predicted":false,"t":-1,"tick":16655,"type":"ko"}
[client] {"a":6,"dup":false,"ev":"game","ms":280254,"predicted":false,"t":1,"tick":16656,"type":"hit"}
[client] {"a":9,"dup":false,"ev":"game","ms":280337,"predicted":false,"t":3,"tick":16661,"type":"hit"}
[client] {"a":2,"dup":false,"ev":"game","ms":280434,"predicted":false,"t":6,"tick":16667,"type":"hit"}
[client] {"a":0,"dup":true,"ev":"game","ms":280572,"predicted":false,"t":9,"tick":16680,"type":"hit"}
[client] {"a":0,"dup":true,"ev":"game","ms":280889,"predicted":false,"t":9,"tick":16699,"type":"hit"}
[client] {"a":0,"dup":true,"ev":"game","ms":281538,"predicted":false,"t":6,"tick":16738,"type":"hit"}
[client] {"a":1,"dup":false,"ev":"game","ms":281669,"predicted":false,"t":6,"tick":16741,"type":"hit"}
[client] {"a":0,"dup":true,"ev":"game","ms":281855,"predicted":false,"t":6,"tick":16757,"type":"hit"}
[client] {"a":0,"dup":true,"ev":"game","ms":282173,"predicted":false,"t":6,"tick":16776,"type":"hit"}
[client] {"a":6,"dup":false,"ev":"game","ms":282256,"predicted":false,"t":-1,"tick":16776,"type":"ko"}
[client] {"a":1,"dup":false,"ev":"game","ms":282422,"predicted":false,"t":9,"tick":16786,"type":"hit"}
[client] {"a":1,"dup":false,"ev":"game","ms":282753,"predicted":false,"t":9,"tick":16806,"type":"hit"}
[client] {"a":0,"dup":true,"ev":"game","ms":282753,"predicted":false,"t":9,"tick":16811,"type":"hit"}
[client] {"a":8,"dup":false,"ev":"game","ms":283152,"predicted":false,"t":-1,"tick":16830,"type":"respawn"}
[client] {"a":0,"dup":true,"ev":"game","ms":283373,"predicted":false,"t":9,"tick":16848,"type":"hit"}
[client] {"a":1,"dup":false,"ev":"game","ms":283987,"predicted":false,"t":9,"tick":16880,"type":"hit"}
[client] {"a":9,"dup":false,"ev":"game","ms":284539,"predicted":false,"t":1,"tick":16913,"type":"hit"}
[client] {"a":4,"dup":false,"ev":"game","ms":284609,"predicted":false,"t":-1,"tick":16917,"type":"respawn"}
[client] {"counts":{"blocks_on_me":1,"conf_actions":192,"confirmed_hits":838,"dup_confirmed":0,"hits_on_me":66,"pred_actions":196,"predicted_confirmed":93,"predicted_hits":181,"reconnects":0},"ev":"stats","hp":88.0,"in_bytes":3786868,"late":0,"local_entity":0,"match":{"countdown_until":300,"ctrl":-1,"final":false,"next":"","phase":3,"rot":1355,"scores":[34,15],"sd":false,"state":3,"tick":16645,"zone":"A"},"max_err":1.546,"mean_err":0.021,"ms":284973,"out_bytes":830272,"pending":7,"pos":[-41.55,0.05],"reconciles":5634,"server_tick":16944,"snaps":5642,"teleports":6}
[client] {"a":7,"dup":false,"ev":"game","ms":286892,"predicted":false,"t":-1,"tick":17054,"type":"respawn"}
[client] {"a":3,"dup":false,"ev":"game","ms":287244,"predicted":false,"t":9,"tick":17075,"type":"hit"}
[client] {"a":3,"dup":false,"ev":"game","ms":287928,"predicted":false,"t":9,"tick":17116,"type":"hit"}
[client] {"a":9,"dup":false,"ev":"game","ms":287928,"predicted":false,"t":-1,"tick":17116,"type":"ko"}
[client] {"counts":{"blocks_on_me":1,"conf_actions":193,"confirmed_hits":840,"dup_confirmed":0,"hits_on_me":66,"pred_actions":197,"predicted_confirmed":93,"predicted_hits":181,"reconnects":0},"ev":"stats","hp":88.0,"in_bytes":3840652,"late":0,"local_entity":0,"match":{"countdown_until":300,"ctrl":0,"final":false,"next":"","phase":3,"rot":1055,"scores":[36,15],"sd":false,"state":2,"tick":16945,"zone":"A"},"max_err":1.546,"mean_err":0.0208,"ms":289976,"out_bytes":844972,"pending":7,"pos":[-41.43,0.16],"reconciles":5734,"server_tick":17244,"snaps":5742,"teleports":6}
[client] {"a":5,"dup":false,"ev":"game","ms":290246,"predicted":false,"t":-1,"tick":17255,"type":"respawn"}
[client] {"a":6,"dup":false,"ev":"game","ms":292261,"predicted":false,"t":-1,"tick":17376,"type":"respawn"}
[client] {"a":8,"dup":false,"ev":"game","ms":293447,"predicted":false,"t":0,"tick":17447,"type":"hit"}
[client] {"a":8,"dup":false,"ev":"game","ms":293779,"predicted":false,"t":0,"tick":17467,"type":"hit"}
[client] {"counts":{"blocks_on_me":1,"conf_actions":196,"confirmed_hits":842,"dup_confirmed":0,"hits_on_me":68,"pred_actions":200,"predicted_confirmed":93,"predicted_hits":181,"reconnects":0},"ev":"stats","hp":52.0,"in_bytes":3899931,"late":0,"local_entity":0,"match":{"countdown_until":300,"ctrl":-1,"final":false,"next":"C","phase":3,"rot":755,"scores":[38,15],"sd":false,"state":3,"tick":17245,"zone":"A"},"max_err":1.546,"mean_err":0.0209,"ms":294978,"out_bytes":859672,"pending":7,"pos":[-41.63,0.25],"reconciles":5834,"server_tick":17544,"snaps":5842,"teleports":6}
[client] {"a":8,"dup":false,"ev":"game","ms":295841,"predicted":false,"t":2,"tick":17591,"type":"hit"}
[client] {"a":8,"dup":false,"ev":"game","ms":296138,"predicted":false,"t":1,"tick":17609,"type":"hit"}
[client] {"a":2,"dup":false,"ev":"game","ms":296359,"predicted":false,"t":8,"tick":17622,"type":"hit"}
[client] {"a":8,"dup":false,"ev":"game","ms":297491,"predicted":false,"t":1,"tick":17690,"type":"hit"}
[client] {"a":8,"dup":false,"ev":"game","ms":297822,"predicted":false,"t":1,"tick":17710,"type":"hit"}
[client] {"a":9,"dup":false,"ev":"game","ms":297925,"predicted":false,"t":-1,"tick":17716,"type":"respawn"}
[client] {"a":1,"dup":false,"ev":"game","ms":298339,"predicted":false,"t":8,"tick":17741,"type":"hit"}
[client] {"a":2,"dup":false,"ev":"game","ms":298409,"predicted":false,"t":8,"tick":17745,"type":"hit"}
[client] {"a":3,"dup":false,"ev":"game","ms":298622,"predicted":false,"t":7,"tick":17758,"type":"hit"}
[client] {"a":0,"dup":true,"ev":"game","ms":299126,"predicted":false,"t":7,"tick":17793,"type":"hit"}
[client] {"a":3,"dup":false,"ev":"game","ms":299271,"predicted":false,"t":7,"tick":17797,"type":"hit"}
[client] {"counts":{"blocks_on_me":1,"conf_actions":199,"confirmed_hits":852,"dup_confirmed":0,"hits_on_me":68,"pred_actions":203,"predicted_confirmed":94,"predicted_hits":183,"reconnects":0},"ev":"stats","hp":52.0,"in_bytes":3961984,"late":0,"local_entity":0,"match":{"countdown_until":300,"ctrl":-1,"final":false,"next":"C","phase":3,"rot":455,"scores":[38,15],"sd":false,"state":3,"tick":17545,"zone":"A"},"max_err":1.546,"mean_err":0.0209,"ms":299974,"out_bytes":874372,"pending":7,"pos":[-41.74,0.08],"reconciles":5934,"server_tick":17843,"snaps":5942,"teleports":6}
[client] {"a":8,"dup":false,"ev":"game","ms":300575,"predicted":false,"t":1,"tick":17875,"type":"hit"}
[client] {"a":1,"dup":false,"ev":"game","ms":300575,"predicted":false,"t":-1,"tick":17875,"type":"ko"}
[client] {"a":2,"dup":false,"ev":"game","ms":300961,"predicted":false,"t":8,"tick":17898,"type":"hit"}
[client] {"a":5,"dup":false,"ev":"game","ms":301306,"predicted":false,"t":0,"tick":17919,"type":"hit"}
[client] {"a":0,"dup":false,"ev":"game","ms":301493,"predicted":false,"t":-1,"tick":17935,"type":"ko"}
[client] {"a":7,"dup":false,"ev":"game","ms":301575,"predicted":false,"t":0,"tick":17935,"type":"hit"}
[client] {"a":3,"dup":false,"ev":"game","ms":302058,"predicted":false,"t":8,"tick":17964,"type":"hit"}
[client] {"a":4,"dup":false,"ev":"game","ms":302258,"predicted":false,"t":5,"tick":17976,"type":"hit"}
[client] {"a":3,"dup":false,"ev":"game","ms":302376,"predicted":false,"t":8,"tick":17983,"type":"hit"}
[client] {"a":7,"dup":false,"ev":"game","ms":302590,"predicted":false,"t":4,"tick":17996,"type":"hit"}
[client] {"a":5,"dup":false,"ev":"game","ms":302645,"predicted":false,"t":4,"tick":17999,"type":"hit"}
[client] {"a":8,"dup":false,"ev":"game","ms":302741,"predicted":false,"t":3,"tick":18005,"type":"hit"}
[client] {"a":5,"dup":false,"ev":"game","ms":303059,"predicted":false,"t":4,"tick":18025,"type":"hit"}
[client] {"a":8,"dup":false,"ev":"game","ms":303059,"predicted":false,"t":3,"tick":18025,"type":"hit"}
[client] {"a":7,"dup":false,"ev":"game","ms":303176,"predicted":false,"t":4,"tick":18032,"type":"hit"}
[client] {"a":7,"dup":false,"ev":"game","ms":303211,"predicted":false,"t":3,"tick":18034,"type":"hit"}
[client] {"a":7,"dup":false,"ev":"game","ms":303590,"predicted":false,"t":4,"tick":18057,"type":"hit"}
[client] {"a":8,"dup":false,"ev":"game","ms":303659,"predicted":false,"t":3,"tick":18061,"type":"hit"}
[client] {"a":8,"dup":false,"ev":"game","ms":303894,"predicted":false,"t":4,"tick":18075,"type":"hit"}
[client] {"a":8,"dup":false,"ev":"game","ms":303928,"predicted":false,"t":3,"tick":18077,"type":"hit"}
[client] {"a":6,"dup":false,"ev":"game","ms":304390,"predicted":false,"t":2,"tick":18105,"type":"hit"}
[client] {"a":8,"dup":false,"ev":"game","ms":304681,"predicted":false,"t":4,"tick":18122,"type":"hit"}
[client] {"a":2,"dup":false,"ev":"game","ms":304964,"predicted":false,"t":8,"tick":18139,"type":"hit"}
[client] {"counts":{"blocks_on_me":1,"conf_actions":200,"confirmed_hits":873,"dup_confirmed":0,"hits_on_me":70,"pred_actions":204,"predicted_confirmed":94,"predicted_hits":185,"reconnects":0},"ev":"stats","hp":0.0,"in_bytes":4033140,"late":0,"local_entity":0,"match":{"countdown_until":300,"ctrl":-1,"final":false,"next":"C","phase":3,"rot":155,"scores":[38,15],"sd":false,"state":3,"tick":17845,"zone":"A"},"max_err":1.546,"mean_err":0.0208,"ms":304976,"out_bytes":889072,"pending":4,"pos":[-41.23,0.43],"reconciles":6035,"server_tick":18144,"snaps":6042,"teleports":6}
[client] {"a":8,"dup":false,"ev":"game","ms":305392,"predicted":false,"t":2,"tick":18165,"type":"hit"}
[client] {"a":4,"dup":false,"ev":"game","ms":305792,"predicted":false,"t":6,"tick":18189,"type":"block"}
[client] {"a":4,"dup":false,"ev":"game","ms":306482,"predicted":false,"t":6,"tick":18230,"type":"block"}
[client] {"a":2,"dup":false,"ev":"game","ms":306495,"predicted":false,"t":6,"tick":18231,"type":"block"}
[client] {"a":3,"dup":false,"ev":"game","ms":306578,"predicted":false,"t":6,"tick":18236,"type":"block"}
[client] {"a":2,"dup":false,"ev":"game","ms":306812,"predicted":false,"t":6,"tick":18250,"type":"block"}
[client] {"a":5,"dup":false,"ev":"game","ms":306972,"predicted":false,"t":4,"tick":18260,"type":"hit"}
[client] {"a":2,"dup":false,"ev":"game","ms":307088,"predicted":false,"t":6,"tick":18266,"type":"hit"}
[client] {"a":7,"dup":false,"ev":"game","ms":307158,"predicted":false,"t":3,"tick":18270,"type":"hit"}
[client] {"a":4,"dup":false,"ev":"game","ms":307640,"predicted":false,"t":6,"tick":18299,"type":"hit"}
[client] {"a":-1,"dup":false,"ev":"game","ms":307640,"predicted":false,"t":-1,"tick":18299,"type":"zone_rotated"}
[client] {"a":5,"dup":false,"ev":"game","ms":307959,"predicted":false,"t":4,"tick":18318,"type":"hit"}
[client] {"a":6,"dup":false,"ev":"game","ms":308006,"predicted":false,"t":4,"tick":18321,"type":"hit"}
[client] {"a":2,"dup":false,"ev":"game","ms":308054,"predicted":false,"t":5,"tick":18324,"type":"hit"}
[client] {"a":7,"dup":false,"ev":"game","ms":308075,"predicted":false,"t":4,"tick":18325,"type":"hit"}
[client] {"a":6,"dup":false,"ev":"game","ms":308372,"predicted":false,"t":3,"tick":18343,"type":"hit"}
[client] {"a":3,"dup":false,"ev":"game","ms":308372,"predicted":false,"t":-1,"tick":18343,"type":"ko"}
[client] {"a":9,"dup":false,"ev":"game","ms":308441,"predicted":false,"t":4,"tick":18347,"type":"hit"}
[client] {"a":2,"dup":false,"ev":"game","ms":309076,"predicted":false,"t":6,"tick":18385,"type":"hit"}
[client] {"a":7,"dup":false,"ev":"game","ms":309255,"predicted":false,"t":2,"tick":18396,"type":"hit"}
[client] {"a":9,"dup":false,"ev":"game","ms":309676,"predicted":false,"t":4,"tick":18421,"type":"hit"}
[client] {"a":4,"dup":false,"ev":"game","ms":309676,"predicted":false,"t":-1,"tick":18421,"type":"ko"}
[client] {"counts":{"blocks_on_me":1,"conf_actions":200,"confirmed_hits":887,"dup_confirmed":0,"hits_on_me":70,"pred_actions":204,"predicted_confirmed":94,"predicted_hits":185,"reconnects":0},"ev":"stats","hp":0.0,"in_bytes":4103168,"late":0,"local_entity":0,"match":{"countdown_until":300,"ctrl":-1,"final":false,"next":"","phase":3,"rot":3455,"scores":[38,15],"sd":false,"state":1,"tick":18145,"zone":"C"},"max_err":1.546,"mean_err":0.0205,"ms":309972,"out_bytes":903772,"pending":7,"pos":[-41.23,0.43],"reconciles":6134,"server_tick":18444,"snaps":6142,"teleports":6}
[client] {"a":2,"dup":false,"ev":"game","ms":310104,"predicted":false,"t":8,"tick":18447,"type":"hit"}
[client] {"a":6,"dup":false,"ev":"game","ms":310421,"predicted":false,"t":2,"tick":18466,"type":"hit"}
[client] {"a":1,"dup":false,"ev":"game","ms":310573,"predicted":false,"t":-1,"tick":18475,"type":"respawn"}
[client] {"a":6,"dup":false,"ev":"game","ms":310808,"predicted":false,"t":2,"tick":18489,"type":"hit"}
[client] {"a":6,"dup":false,"ev":"game","ms":311305,"predicted":false,"t":2,"tick":18519,"type":"hit"}
[client] {"a":0,"dup":false,"ev":"game","ms":311491,"predicted":false,"t":-1,"tick":18535,"type":"respawn"}
[client] {"a":2,"dup":false,"ev":"game","ms":311726,"predicted":false,"t":6,"tick":18544,"type":"hit"}
[client] {"a":2,"dup":false,"ev":"game","ms":312471,"predicted":false,"t":6,"tick":18589,"type":"hit"}
[client] {"counts":{"blocks_on_me":1,"conf_actions":200,"confirmed_hits":893,"dup_confirmed":0,"hits_on_me":70,"pred_actions":204,"predicted_confirmed":94,"predicted_hits":185,"reconnects":0},"ev":"stats","hp":220.0,"in_bytes":4168701,"late":0,"local_entity":0,"match":{"countdown_until":300,"ctrl":-1,"final":false,"next":"","phase":3,"rot":3155,"scores":[38,15],"sd":false,"state":1,"tick":18445,"zone":"C"},"max_err":1.546,"mean_err":0.0201,"ms":314968,"out_bytes":918472,"pending":7,"pos":[22.42,-34.71],"reconciles":6233,"server_tick":18743,"snaps":6242,"teleports":7}
[client] {"a":3,"dup":false,"ev":"game","ms":318371,"predicted":false,"t":-1,"tick":18943,"type":"respawn"}
[client] {"a":4,"dup":false,"ev":"game","ms":319675,"predicted":false,"t":-1,"tick":19021,"type":"respawn"}
[client] {"a":2,"dup":false,"ev":"game","ms":319771,"predicted":false,"t":6,"tick":19027,"type":"hit"}
[client] {"counts":{"blocks_on_me":1,"conf_actions":200,"confirmed_hits":894,"dup_confirmed":0,"hits_on_me":70,"pred_actions":204,"predicted_confirmed":94,"predicted_hits":185,"reconnects":0},"ev":"stats","hp":220.0,"in_bytes":4229893,"late":0,"local_entity":0,"match":{"countdown_until":300,"ctrl":0,"final":false,"next":"","phase":3,"rot":2855,"scores":[39,15],"sd":false,"state":2,"tick":18745,"zone":"C"},"max_err":1.546,"mean_err":0.0198,"ms":319970,"out_bytes":933172,"pending":7,"pos":[34.8,-4.68],"reconciles":6333,"server_tick":19044,"snaps":6342,"teleports":7}
[client] {"a":5,"dup":false,"ev":"game","ms":322172,"predicted":false,"t":1,"tick":19172,"type":"hit"}
[client] {"a":7,"dup":false,"ev":"game","ms":322241,"predicted":false,"t":0,"tick":19176,"type":"hit"}
[client] {"a":9,"dup":false,"ev":"game","ms":322338,"predicted":false,"t":0,"tick":19182,"type":"hit"}
[client] {"a":5,"dup":false,"ev":"game","ms":322959,"predicted":false,"t":1,"tick":19219,"type":"hit"}
[client] {"a":0,"dup":true,"ev":"game","ms":323193,"predicted":false,"t":5,"tick":19237,"type":"hit"}
[client] {"a":0,"dup":true,"ev":"game","ms":323241,"predicted":false,"t":9,"tick":19241,"type":"hit"}
[client] {"a":8,"dup":false,"ev":"game","ms":323538,"predicted":false,"t":0,"tick":19254,"type":"hit"}
[client] {"a":1,"dup":false,"ev":"game","ms":323773,"predicted":false,"t":7,"tick":19268,"type":"hit"}
[client] {"a":1,"dup":false,"ev":"game","ms":323773,"predicted":false,"t":8,"tick":19268,"type":"hit"}
[client] {"a":0,"dup":true,"ev":"game","ms":324090,"predicted":false,"t":5,"tick":19292,"type":"hit"}
[client] {"a":1,"dup":false,"ev":"game","ms":324360,"predicted":false,"t":5,"tick":19303,"type":"hit"}
[client] {"a":9,"dup":false,"ev":"game","ms":324394,"predicted":false,"t":1,"tick":19305,"type":"hit"}
[client] {"a":5,"dup":false,"ev":"game","ms":324760,"predicted":false,"t":0,"tick":19327,"type":"hit"}
[client] {"a":7,"dup":false,"ev":"game","ms":324891,"predicted":false,"t":0,"tick":19335,"type":"hit"}
[client] {"counts":{"blocks_on_me":1,"conf_actions":205,"confirmed_hits":908,"dup_confirmed":0,"hits_on_me":75,"pred_actions":210,"predicted_confirmed":97,"predicted_hits":190,"reconnects":0},"ev":"stats","hp":111.0,"in_bytes":4301230,"late":0,"local_entity":0,"match":{"countdown_until":300,"ctrl":-1,"final":false,"next":"","phase":3,"rot":2555,"scores":[39,15],"sd":false,"state":3,"tick":19045,"zone":"C"},"max_err":1.546,"mean_err":0.0201,"ms":324973,"out_bytes":947872,"pending":4,"pos":[44.1,1.62],"reconciles":6434,"server_tick":19344,"snaps":6442,"teleports":7}
[client] {"a":9,"dup":false,"ev":"game","ms":325339,"predicted":false,"t":1,"tick":19362,"type":"hit"}
[client] {"a":5,"dup":false,"ev":"game","ms":325361,"predicted":false,"t":1,"tick":19363,"type":"hit"}
[client] {"a":5,"dup":false,"ev":"game","ms":325926,"predicted":false,"t":0,"tick":19397,"type":"hit"}
[client] {"a":0,"dup":true,"ev":"game","ms":326526,"predicted":false,"t":9,"tick":19438,"type":"hit"}
[client] {"a":8,"dup":false,"ev":"game","ms":326630,"predicted":false,"t":1,"tick":19439,"type":"hit"}
[client] {"a":8,"dup":false,"ev":"game","ms":326643,"predicted":false,"t":0,"tick":19440,"type":"hit"}
[client] {"a":2,"dup":false,"ev":"game","ms":327396,"predicted":false,"t":9,"tick":19485,"type":"hit"}
[client] {"a":8,"dup":false,"ev":"game","ms":327596,"predicted":false,"t":1,"tick":19497,"type":"hit"}
[client] {"a":8,"dup":false,"ev":"game","ms":327644,"predicted":false,"t":0,"tick":19500,"type":"hit"}
[client] {"a":2,"dup":false,"ev":"game","ms":328058,"predicted":false,"t":5,"tick":19525,"type":"hit"}
[client] {"a":2,"dup":false,"ev":"game","ms":328058,"predicted":false,"t":9,"tick":19525,"type":"hit"}
[client] {"a":1,"dup":false,"ev":"game","ms":328196,"predicted":false,"t":9,"tick":19533,"type":"hit"}
[client] {"a":0,"dup":false,"ev":"game","ms":328197,"predicted":false,"t":-1,"tick":19538,"type":"ko"}
[client] {"a":8,"dup":false,"ev":"game","ms":328279,"predicted":false,"t":0,"tick":19538,"type":"hit"}
[client] {"a":9,"dup":false,"ev":"game","ms":328630,"predicted":false,"t":2,"tick":19559,"type":"hit"}
[client] {"a":1,"dup":false,"ev":"game","ms":328644,"predicted":false,"t":9,"tick":19560,"type":"hit"}
[client] {"a":7,"dup":false,"ev":"game","ms":328693,"predicted":false,"t":1,"tick":19563,"type":"hit"}
[client] {"a":5,"dup":false,"ev":"game","ms":329058,"predicted":false,"t":1,"tick":19585,"type":"hit"}
[client] {"a":2,"dup":false,"ev":"game","ms":329231,"predicted":false,"t":6,"tick":19595,"type":"block"}
[client] {"a":9,"dup":false,"ev":"game","ms":329231,"predicted":false,"t":2,"tick":19595,"type":"hit"}
[client] {"a":5,"dup":false,"ev":"game","ms":329279,"predicted":false,"t":1,"tick":19598,"type":"hit"}
[client] {"a":1,"dup":false,"ev":"game","ms":329279,"predicted":false,"t":-1,"tick":19598,"type":"ko"}
[client] {"a":3,"dup":false,"ev":"game","ms":329548,"predicted":false,"t":6,"tick":19614,"type":"hit"}
[client] {"a":2,"dup":false,"ev":"game","ms":329597,"predicted":false,"t":6,"tick":19617,"type":"hit"}
[client] {"a":9,"dup":false,"ev":"game","ms":329680,"predicted":false,"t":2,"tick":19622,"type":"hit"}
[client] {"a":2,"dup":false,"ev":"game","ms":329680,"predicted":false,"t":-1,"tick":19622,"type":"ko"}
[client] {"counts":{"blocks_on_me":1,"conf_actions":209,"confirmed_hits":930,"dup_confirmed":0,"hits_on_me":79,"pred_actions":214,"predicted_confirmed":98,"predicted_hits":195,"reconnects":0},"ev":"stats","hp":0.0,"in_bytes":4374378,"late":0,"local_entity":0,"match":{"countdown_until":300,"ctrl":-1,"final":false,"next":"","phase":3,"rot":2255,"scores":[39,15],"sd":false,"state":3,"tick":19345,"zone":"C"},"max_err":1.546,"mean_err":0.0203,"ms":329968,"out_bytes":962572,"pending":7,"pos":[44.05,0.33],"reconciles":6533,"server_tick":19644,"snaps":6542,"teleports":7}
[client] {"a":3,"dup":false,"ev":"game","ms":329970,"predicted":false,"t":6,"tick":19639,"type":"hit"}
[client] {"a":6,"dup":false,"ev":"game","ms":330369,"predicted":false,"t":3,"tick":19663,"type":"hit"}
[client] {"a":6,"dup":false,"ev":"game","ms":330756,"predicted":false,"t":3,"tick":19686,"type":"hit"}
[client] {"a":3,"dup":false,"ev":"game","ms":331073,"predicted":false,"t":6,"tick":19705,"type":"hit"}
[client] {"a":4,"dup":false,"ev":"game","ms":332839,"predicted":false,"t":6,"tick":19811,"type":"hit"}
[client] {"a":3,"dup":false,"ev":"game","ms":332874,"predicted":false,"t":6,"tick":19813,"type":"hit"}
[client] {"a":4,"dup":false,"ev":"game","ms":332888,"predicted":false,"t":9,"tick":19814,"type":"hit"}
[client] {"a":7,"dup":false,"ev":"game","ms":333074,"predicted":false,"t":3,"tick":19825,"type":"hit"}
[client] {"a":6,"dup":false,"ev":"game","ms":333274,"predicted":false,"t":4,"tick":19837,"type":"hit"}
[client] {"a":7,"dup":false,"ev":"game","ms":333391,"predicted":false,"t":3,"tick":19844,"type":"hit"}
[client] {"a":4,"dup":false,"ev":"game","ms":333675,"predicted":false,"t":6,"tick":19861,"type":"hit"}
[client] {"a":4,"dup":false,"ev":"game","ms":333675,"predicted":false,"t":7,"tick":19861,"type":"hit"}
[client] {"a":3,"dup":false,"ev":"game","ms":334006,"predicted":false,"t":7,"tick":19881,"type":"hit"}
[client] {"a":5,"dup":false,"ev":"game","ms":334040,"predicted":false,"t":4,"tick":19883,"type":"hit"}
[client] {"a":9,"dup":false,"ev":"game","ms":334054,"predicted":false,"t":4,"tick":19884,"type":"hit"}
[client] {"a":3,"dup":false,"ev":"game","ms":334075,"predicted":false,"t":5,"tick":19885,"type":"hit"}
[client] {"a":6,"dup":false,"ev":"game","ms":334226,"predicted":false,"t":3,"tick":19894,"type":"hit"}
[client] {"a":8,"dup":false,"ev":"game","ms":334475,"predicted":false,"t":4,"tick":19909,"type":"hit"}
[client] {"a":3,"dup":false,"ev":"game","ms":334551,"predicted":false,"t":6,"tick":19914,"type":"hit"}
[client] {"a":6,"dup":false,"ev":"game","ms":334551,"predicted":false,"t":-1,"tick":19914,"type":"ko"}
[client] {"a":4,"dup":false,"ev":"game","ms":334847,"predicted":false,"t":8,"tick":19932,"type":"hit"}
[client] {"counts":{"blocks_on_me":1,"conf_actions":209,"confirmed_hits":950,"dup_confirmed":0,"hits_on_me":79,"pred_actions":214,"predicted_confirmed":98,"predicted_hits":195,"reconnects":0},"ev":"stats","hp":0.0,"in_bytes":4447188,"late":0,"local_entity":0,"match":{"countdown_until":300,"ctrl":-1,"final":false,"next":"","phase":3,"rot":1955,"scores":[39,15],"sd":false,"state":3,"tick":19645,"zone":"C"},"max_err":1.546,"mean_err":0.02,"ms":334964,"out_bytes":977272,"pending":7,"pos":[44.05,0.33],"reconciles":6633,"server_tick":19944,"snaps":6642,"teleports":7}
[client] {"a":9,"dup":false,"ev":"game","ms":334987,"predicted":false,"t":3,"tick":19940,"type":"parry"}
[client] {"a":7,"dup":false,"ev":"game","ms":335137,"predicted":false,"t":3,"tick":19949,"type":"hit"}
[client] {"a":8,"dup":false,"ev":"game","ms":335282,"predicted":false,"t":4,"tick":19958,"type":"hit"}
[client] {"a":3,"dup":false,"ev":"game","ms":335503,"predicted":false,"t":7,"tick":19971,"type":"hit"}
[client] {"a":8,"dup":false,"ev":"game","ms":335551,"predicted":false,"t":4,"tick":19974,"type":"hit"}
[client] {"a":3,"dup":false,"ev":"game","ms":335786,"predicted":false,"t":7,"tick":19988,"type":"hit"}
[client] {"a":9,"dup":false,"ev":"game","ms":336034,"predicted":false,"t":3,"tick":20003,"type":"hit"}
[client] {"a":8,"dup":false,"ev":"game","ms":336069,"predicted":false,"t":4,"tick":20005,"type":"hit"}
[client] {"a":8,"dup":false,"ev":"game","ms":336386,"predicted":false,"t":4,"tick":20024,"type":"hit"}
[client] {"a":8,"dup":false,"ev":"game","ms":336718,"predicted":false,"t":4,"tick":20044,"type":"hit"}
[client] {"a":3,"dup":false,"ev":"game","ms":336883,"predicted":false,"t":7,"tick":20054,"type":"hit"}
[client] {"a":9,"dup":false,"ev":"game","ms":337042,"predicted":false,"t":4,"tick":20063,"type":"hit"}
[client] {"a":5,"dup":false,"ev":"game","ms":337642,"predicted":false,"t":3,"tick":20099,"type":"hit"}
[client] {"a":4,"dup":false,"ev":"game","ms":338042,"predicted":false,"t":8,"tick":20123,"type":"hit"}
[client] {"a":0,"dup":false,"ev":"game","ms":338208,"predicted":false,"t":-1,"tick":20138,"type":"respawn"}
[client] {"a":8,"dup":false,"ev":"game","ms":338442,"predicted":false,"t":4,"tick":20147,"type":"hit"}
[client] {"a":3,"dup":false,"ev":"game","ms":338491,"predicted":false,"t":5,"tick":20150,"type":"hit"}
[client] {"a":8,"dup":false,"ev":"game","ms":338829,"predicted":false,"t":4,"tick":20170,"type":"hit"}
[client] {"a":4,"dup":false,"ev":"game","ms":339233,"predicted":false,"t":8,"tick":20194,"type":"hit"}
[client] {"a":1,"dup":false,"ev":"game","ms":339287,"predicted":false,"t":-1,"tick":20198,"type":"respawn"}
[client] {"a":3,"dup":false,"ev":"game","ms":339653,"predicted":false,"t":5,"tick":20220,"type":"hit"}
[client] {"a":2,"dup":false,"ev":"game","ms":339687,"predicted":false,"t":-1,"tick":20222,"type":"respawn"}
[client] {"a":8,"dup":false,"ev":"game","ms":339936,"predicted":false,"t":4,"tick":20237,"type":"block"}
[client] {"counts":{"blocks_on_me":1,"conf_actions":209,"confirmed_hits":968,"dup_confirmed":0,"hits_on_me":79,"pred_actions":214,"predicted_confirmed":98,"predicted_hits":195,"reconnects":0},"ev":"stats","hp":220.0,"in_bytes":4513662,"late":0,"local_entity":0,"match":{"countdown_until":300,"ctrl":-1,"final":false,"next":"","phase":3,"rot":1655,"scores":[39,15],"sd":false,"state":3,"tick":19945,"zone":"C"},"max_err":1.546,"mean_err":0.0197,"ms":339969,"out_bytes":991972,"pending":7,"pos":[-3.35,-36.87],"reconciles":6732,"server_tick":20244,"snaps":6742,"teleports":8}
[client] {"a":8,"dup":false,"ev":"game","ms":340557,"predicted":false,"t":4,"tick":20274,"type":"block"}
[client] {"a":8,"dup":false,"ev":"game","ms":341108,"predicted":false,"t":4,"tick":20307,"type":"hit"}
[client] {"a":8,"dup":false,"ev":"game","ms":341433,"predicted":false,"t":4,"tick":20327,"type":"hit"}
[client] {"a":4,"dup":false,"ev":"game","ms":341433,"predicted":false,"t":-1,"tick":20327,"type":"ko"}
[client] {"a":3,"dup":false,"ev":"game","ms":341681,"predicted":false,"t":5,"tick":20342,"type":"hit"}
[client] {"a":7,"dup":false,"ev":"game","ms":341799,"predicted":false,"t":3,"tick":20349,"type":"hit"}
[client] {"a":7,"dup":false,"ev":"game","ms":342303,"predicted":false,"t":3,"tick":20379,"type":"hit"}
[client] {"a":3,"dup":false,"ev":"game","ms":342648,"predicted":false,"t":7,"tick":20400,"type":"hit"}
[client] {"a":5,"dup":false,"ev":"game","ms":342765,"predicted":false,"t":3,"tick":20407,"type":"hit"}
[client] {"a":9,"dup":false,"ev":"game","ms":342868,"predicted":false,"t":3,"tick":20413,"type":"hit"}
[client] {"a":3,"dup":false,"ev":"game","ms":342868,"predicted":false,"t":-1,"tick":20413,"type":"ko"}
[client] {"a":6,"dup":false,"ev":"game","ms":344553,"predicted":false,"t":-1,"tick":20514,"type":"respawn"}
[client] {"counts":{"blocks_on_me":1,"conf_actions":209,"confirmed_hits":976,"dup_confirmed":0,"hits_on_me":79,"pred_actions":214,"predicted_confirmed":98,"predicted_hits":195,"reconnects":0},"ev":"stats","hp":220.0,"in_bytes":4576361,"late":0,"local_entity":0,"match":{"countdown_until":300,"ctrl":1,"final":false,"next":"","phase":3,"rot":1355,"scores":[39,17],"sd":false,"state":2,"tick":20245,"zone":"C"},"max_err":1.546,"mean_err":0.0194,"ms":344966,"out_bytes":1006672,"pending":7,"pos":[19.04,-18.58],"reconciles":6832,"server_tick":20543,"snaps":6842,"teleports":8}
[client] {"a":0,"dup":false,"ev":"game","ms":349286,"predicted":false,"t":9,"tick":20803,"type":"hit"}
[client] {"a":8,"dup":false,"ev":"game","ms":349652,"predicted":false,"t":0,"tick":20820,"type":"hit"}
[client] {"counts":{"blocks_on_me":1,"conf_actions":210,"confirmed_hits":978,"dup_confirmed":0,"hits_on_me":80,"pred_actions":215,"predicted_confirmed":98,"predicted_hits":195,"reconnects":0},"ev":"stats","hp":182.0,"in_bytes":4634739,"late":0,"local_entity":0,"match":{"countdown_until":300,"ctrl":-1,"final":false,"next":"","phase":3,"rot":1055,"scores":[39,20],"sd":false,"state":3,"tick":20545,"zone":"C"},"max_err":1.546,"mean_err":0.0193,"ms":349968,"out_bytes":1021372,"pending":7,"pos":[38.5,1.13],"reconciles":6932,"server_tick":20843,"snaps":6942,"teleports":8}
[client] {"a":5,"dup":false,"ev":"game","ms":350521,"predicted":false,"t":2,"tick":20872,"type":"hit"}
[client] {"a":8,"dup":false,"ev":"game","ms":350535,"predicted":false,"t":2,"tick":20873,"type":"hit"}
[client] {"a":1,"dup":false,"ev":"game","ms":350673,"predicted":false,"t":8,"tick":20882,"type":"hit"}
[client] {"a":8,"dup":false,"ev":"game","ms":350674,"predicted":false,"t":-1,"tick":20882,"type":"ko"}
[client] {"a":2,"dup":false,"ev":"game","ms":350970,"predicted":false,"t":5,"tick":20900,"type":"hit"}
[client] {"a":0,"dup":true,"ev":"game","ms":351074,"predicted":false,"t":9,"tick":20911,"type":"hit"}
[client] {"a":2,"dup":false,"ev":"game","ms":351239,"predicted":false,"t":5,"tick":20916,"type":"hit"}
[client] {"a":4,"dup":false,"ev":"game","ms":351425,"predicted":false,"t":-1,"tick":20927,"type":"respawn"}
[client] {"a":0,"dup":true,"ev":"game","ms":351908,"predicted":false,"t":7,"tick":20960,"type":"hit"}
[client] {"a":1,"dup":false,"ev":"game","ms":351970,"predicted":false,"t":7,"tick":20960,"type":"hit"}
[client] {"a":9,"dup":false,"ev":"game","ms":352005,"predicted":false,"t":0,"tick":20962,"type":"hit"}
[client] {"a":9,"dup":false,"ev":"game","ms":352039,"predicted":false,"t":1,"tick":20963,"type":"hit"}
[client] {"a":2,"dup":false,"ev":"game","ms":352122,"predicted":false,"t":5,"tick":20968,"type":"hit"}
[client] {"a":5,"dup":false,"ev":"game","ms":352122,"predicted":false,"t":-1,"tick":20968,"type":"ko"}
[client] {"a":3,"dup":false,"ev":"game","ms":352874,"predicted":false,"t":-1,"tick":21013,"type":"respawn"}
[client] {"a":0,"dup":true,"ev":"game","ms":353026,"predicted":false,"t":9,"tick":21028,"type":"hit"}
[client] {"a":9,"dup":false,"ev":"game","ms":353109,"predicted":false,"t":-1,"tick":21028,"type":"ko"}
[client] {"a":7,"dup":false,"ev":"game","ms":353405,"predicted":false,"t":2,"tick":21046,"type":"hit"}
[client] {"a":2,"dup":false,"ev":"game","ms":353806,"predicted":false,"t":7,"tick":21070,"type":"hit"}
[client] {"a":7,"dup":false,"ev":"game","ms":353806,"predicted":false,"t":-1,"tick":21070,"type":"ko"}
[client] {"counts":{"blocks_on_me":1,"conf_actions":216,"confirmed_hits":992,"dup_confirmed":0,"hits_on_me":81,"pred_actions":222,"predicted_confirmed":101,"predicted_hits":198,"reconnects":0},"ev":"stats","hp":144.0,"in_bytes":4701928,"late":0,"local_entity":0,"match":{"countdown_until":300,"ctrl":-1,"final":false,"next":"B","phase":3,"rot":755,"scores":[39,20],"sd":false,"state":3,"tick":20845,"zone":"C"},"max_err":1.546,"mean_err":0.0194,"ms":354971,"out_bytes":1036072,"pending":4,"pos":[42.02,0.29],"reconciles":7033,"server_tick":21144,"snaps":7042,"teleports":8}
[client] {"a":6,"dup":false,"ev":"game","ms":356007,"predicted":false,"t":1,"tick":21202,"type":"hit"}
[client] {"a":0,"dup":true,"ev":"game","ms":356172,"predicted":false,"t":6,"tick":21216,"type":"hit"}
[client] {"a":1,"dup":false,"ev":"game","ms":356407,"predicted":false,"t":6,"tick":21226,"type":"hit"}
[client] {"a":1,"dup":false,"ev":"game","ms":356725,"predicted":false,"t":6,"tick":21245,"type":"hit"}
[client] {"a":2,"dup":false,"ev":"game","ms":356745,"predicted":false,"t":6,"tick":21246,"type":"hit"}
[client] {"a":6,"dup":false,"ev":"game","ms":358456,"predicted":false,"t":1,"tick":21348,"type":"hit"}
[client] {"a":2,"dup":false,"ev":"game","ms":358877,"predicted":false,"t":6,"tick":21373,"type":"hit"}
[client] {"a":0,"dup":true,"ev":"game","ms":359194,"predicted":false,"t":6,"tick":21398,"type":"hit"}
[client] {"a":0,"dup":true,"ev":"game","ms":359526,"predicted":false,"t":6,"tick":21417,"type":"hit"}
[client] {"a":2,"dup":false,"ev":"game","ms":359774,"predicted":false,"t":6,"tick":21428,"type":"hit"}
[client] {"counts":{"blocks_on_me":1,"conf_actions":221,"confirmed_hits":1002,"dup_confirmed":0,"hits_on_me":81,"pred_actions":227,"predicted_confirmed":104,"predicted_hits":203,"reconnects":0},"ev":"stats","hp":144.0,"in_bytes":4758871,"late":0,"local_entity":0,"match":{"countdown_until":300,"ctrl":-1,"final":false,"next":"B","phase":3,"rot":455,"scores":[39,20],"sd":false,"state":3,"tick":21145,"zone":"C"},"max_err":1.546,"mean_err":0.0193,"ms":359973,"out_bytes":1050772,"pending":4,"pos":[41.39,0.72],"reconciles":7133,"server_tick":21444,"snaps":7142,"teleports":8}
[client] {"a":8,"dup":false,"ev":"game","ms":360692,"predicted":false,"t":-1,"tick":21482,"type":"respawn"}
[client] {"a":1,"dup":false,"ev":"game","ms":361748,"predicted":false,"t":6,"tick":21545,"type":"hit"}
[client] {"a":1,"dup":false,"ev":"game","ms":362058,"predicted":false,"t":6,"tick":21564,"type":"hit"}
[client] {"a":5,"dup":false,"ev":"game","ms":362127,"predicted":false,"t":-1,"tick":21568,"type":"respawn"}
[client] {"a":6,"dup":false,"ev":"game","ms":362453,"predicted":false,"t":1,"tick":21588,"type":"hit"}
[client] {"a":1,"dup":false,"ev":"game","ms":362838,"predicted":false,"t":6,"tick":21611,"type":"hit"}
[client] {"a":9,"dup":false,"ev":"game","ms":363121,"predicted":false,"t":-1,"tick":21628,"type":"respawn"}
[client] {"a":1,"dup":false,"ev":"game","ms":363141,"predicted":false,"t":6,"tick":21629,"type":"hit"}
[client] {"a":1,"dup":false,"ev":"game","ms":363459,"predicted":false,"t":6,"tick":21648,"type":"hit"}
[client] {"a":7,"dup":false,"ev":"game","ms":363825,"predicted":false,"t":-1,"tick":21670,"type":"respawn"}
[client] {"a":6,"dup":false,"ev":"game","ms":363838,"predicted":false,"t":1,"tick":21671,"type":"hit"}
[client] {"a":6,"dup":false,"ev":"game","ms":364604,"predicted":false,"t":1,"tick":21717,"type":"hit"}
[client] {"counts":{"blocks_on_me":1,"conf_actions":222,"confirmed_hits":1010,"dup_confirmed":0,"hits_on_me":81,"pred_actions":228,"predicted_confirmed":104,"predicted_hits":204,"reconnects":0},"ev":"stats","hp":144.0,"in_bytes":4815254,"late":0,"local_entity":0,"match":{"countdown_until":300,"ctrl":-1,"final":false,"next":"B","phase":3,"rot":155,"scores":[39,20],"sd":false,"state":3,"tick":21445,"zone":"C"},"max_err":1.546,"mean_err":0.0191,"ms":364969,"out_bytes":1065472,"pending":7,"pos":[42.02,0.66],"reconciles":7232,"server_tick":21744,"snaps":7242,"teleports":8}
[client] {"a":4,"dup":false,"ev":"game","ms":365073,"predicted":false,"t":6,"tick":21745,"type":"hit"}
[client] {"a":6,"dup":false,"ev":"game","ms":365074,"predicted":false,"t":-1,"tick":21745,"type":"ko"}
[client] {"a":-1,"dup":false,"ev":"game","ms":367640,"predicted":false,"t":-1,"tick":21899,"type":"zone_rotated"}
[client] {"counts":{"blocks_on_me":1,"conf_actions":223,"confirmed_hits":1011,"dup_confirmed":0,"hits_on_me":81,"pred_actions":229,"predicted_confirmed":104,"predicted_hits":204,"reconnects":0},"ev":"stats","hp":144.0,"in_bytes":4866967,"late":0,"local_entity":0,"match":{"countdown_until":300,"ctrl":1,"final":false,"next":"","phase":3,"rot":3455,"scores":[41,20],"sd":false,"state":2,"tick":21745,"zone":"B"},"max_err":1.546,"mean_err":0.0193,"ms":369972,"out_bytes":1080172,"pending":4,"pos":[27.48,-4.45],"reconciles":7333,"server_tick":22044,"snaps":7342,"teleports":8}
[client] {"a":1,"dup":false,"ev":"game","ms":373834,"predicted":false,"t":5,"tick":22271,"type":"hit"}
[client] {"a":8,"dup":false,"ev":"game","ms":373937,"predicted":false,"t":1,"tick":22277,"type":"hit"}
[client] {"a":4,"dup":false,"ev":"game","ms":374151,"predicted":false,"t":5,"tick":22290,"type":"hit"}
[client] {"a":4,"dup":false,"ev":"game","ms":374151,"predicted":false,"t":8,"tick":22290,"type":"hit"}
[client] {"a":1,"dup":false,"ev":"game","ms":374469,"predicted":false,"t":5,"tick":22309,"type":"hit"}
[client] {"a":1,"dup":false,"ev":"game","ms":374503,"predicted":false,"t":8,"tick":22311,"type":"hit"}
[client] {"a":1,"dup":false,"ev":"game","ms":374786,"predicted":false,"t":5,"tick":22328,"type":"hit"}
[client] {"a":1,"dup":false,"ev":"game","ms":374821,"predicted":false,"t":8,"tick":22330,"type":"hit"}
[client] {"a":1,"dup":false,"ev":"game","ms":374834,"predicted":false,"t":7,"tick":22331,"type":"hit"}
[client] {"a":4,"dup":false,"ev":"game","ms":374855,"predicted":false,"t":5,"tick":22332,"type":"hit"}
[client] {"a":4,"dup":false,"ev":"game","ms":374855,"predicted":false,"t":8,"tick":22332,"type":"hit"}
[client] {"a":4,"dup":false,"ev":"game","ms":374883,"predicted":false,"t":7,"tick":22334,"type":"hit"}
[client] {"a":4,"dup":false,"ev":"game","ms":374883,"predicted":false,"t":9,"tick":22334,"type":"hit"}
[client] {"counts":{"blocks_on_me":1,"conf_actions":227,"confirmed_hits":1024,"dup_confirmed":0,"hits_on_me":81,"pred_actions":233,"predicted_confirmed":104,"predicted_hits":204,"reconnects":0},"ev":"stats","hp":189.300000000002,"in_bytes":4935066,"late":0,"local_entity":0,"match":{"countdown_until":300,"ctrl":-1,"final":false,"next":"","phase":3,"rot":3155,"scores":[41,22],"sd":false,"state":3,"tick":22045,"zone":"B"},"max_err":1.546,"mean_err":0.0191,"ms":374971,"out_bytes":1094872,"pending":7,"pos":[1.82,-2.76],"reconciles":7432,"server_tick":22343,"snaps":7442,"teleports":8}
[client] {"a":6,"dup":false,"ev":"game","ms":375070,"predicted":false,"t":-1,"tick":22345,"type":"respawn"}
[client] {"a":2,"dup":false,"ev":"game","ms":375317,"predicted":false,"t":9,"tick":22360,"type":"hit"}
[client] {"a":2,"dup":false,"ev":"game","ms":375635,"predicted":false,"t":9,"tick":22379,"type":"hit"}
[client] {"a":5,"dup":false,"ev":"game","ms":375800,"predicted":false,"t":3,"tick":22389,"type":"hit"}
[client] {"a":8,"dup":false,"ev":"game","ms":375855,"predicted":false,"t":2,"tick":22392,"type":"hit"}
[client] {"a":8,"dup":false,"ev":"game","ms":376187,"predicted":false,"t":2,"tick":22412,"type":"hit"}
[client] {"a":7,"dup":false,"ev":"game","ms":376222,"predicted":false,"t":2,"tick":22414,"type":"hit"}
[client] {"a":2,"dup":false,"ev":"game","ms":377153,"predicted":false,"t":8,"tick":22470,"type":"hit"}
[client] {"a":2,"dup":false,"ev":"game","ms":377504,"predicted":false,"t":8,"tick":22491,"type":"hit"}
[client] {"a":2,"dup":false,"ev":"game","ms":377553,"predicted":false,"t":9,"tick":22494,"type":"hit"}
[client] {"a":3,"dup":false,"ev":"game","ms":377622,"predicted":false,"t":5,"tick":22498,"type":"hit"}
[client] {"a":0,"dup":true,"ev":"game","ms":377636,"predicted":false,"t":5,"tick":22504,"type":"hit"}
[client] {"a":7,"dup":false,"ev":"game","ms":377705,"predicted":false,"t":1,"tick":22503,"type":"hit"}
[client] {"a":7,"dup":false,"ev":"game","ms":377774,"predicted":false,"t":3,"tick":22507,"type":"hit"}
[client] {"a":4,"dup":false,"ev":"game","ms":377836,"predicted":false,"t":5,"tick":22511,"type":"hit"}
[client] {"a":2,"dup":false,"ev":"game","ms":377953,"predicted":false,"t":8,"tick":22518,"type":"hit"}
[client] {"a":2,"dup":false,"ev":"game","ms":377987,"predicted":false,"t":9,"tick":22520,"type":"hit"}
[client] {"a":4,"dup":false,"ev":"game","ms":378174,"predicted":false,"t":7,"tick":22531,"type":"hit"}
[client] {"a":5,"dup":false,"ev":"game","ms":378236,"predicted":false,"t":0,"tick":22535,"type":"hit"}
[client] {"a":2,"dup":false,"ev":"game","ms":378339,"predicted":false,"t":8,"tick":22541,"type":"block"}
[client] {"a":0,"dup":true,"ev":"game","ms":378519,"predicted":false,"t":5,"tick":22557,"type":"hit"}
[client] {"a":5,"dup":false,"ev":"game","ms":378553,"predicted":false,"t":4,"tick":22554,"type":"hit"}
[client] {"a":2,"dup":false,"ev":"game","ms":378574,"predicted":false,"t":8,"tick":22555,"type":"hit"}
[client] {"a":2,"dup":false,"ev":"game","ms":378602,"predicted":false,"t":9,"tick":22557,"type":"hit"}
[client] {"a":7,"dup":false,"ev":"game","ms":378940,"predicted":false,"t":4,"tick":22577,"type":"hit"}
[client] {"a":2,"dup":false,"ev":"game","ms":379119,"predicted":false,"t":8,"tick":22588,"type":"hit"}
[client] {"a":2,"dup":false,"ev":"game","ms":379505,"predicted":false,"t":8,"tick":22611,"type":"hit"}
[client] {"a":5,"dup":false,"ev":"game","ms":379658,"predicted":false,"t":1,"tick":22620,"type":"hit"}
[client] {"a":8,"dup":false,"ev":"game","ms":379920,"predicted":false,"t":2,"tick":22636,"type":"hit"}
[client] {"counts":{"blocks_on_me":1,"conf_actions":232,"confirmed_hits":1051,"dup_confirmed":0,"hits_on_me":82,"pred_actions":238,"predicted_confirmed":106,"predicted_hits":207,"reconnects":0},"ev":"stats","hp":171.300000000002,"in_bytes":5011442,"late":0,"local_entity":0,"match":{"countdown_until":300,"ctrl":-1,"final":false,"next":"","phase":3,"rot":2855,"scores":[41,22],"sd":false,"state":3,"tick":22345,"zone":"B"},"max_err":1.546,"mean_err":0.0192,"ms":379974,"out_bytes":1109572,"pending":7,"pos":[-0.02,-3.05],"reconciles":7532,"server_tick":22643,"snaps":7542,"teleports":8}
[client] {"a":5,"dup":false,"ev":"game","ms":379988,"predicted":false,"t":1,"tick":22640,"type":"hit"}
[client] {"a":4,"dup":false,"ev":"game","ms":380306,"predicted":false,"t":5,"tick":22659,"type":"hit"}
[client] {"a":3,"dup":false,"ev":"game","ms":380320,"predicted":false,"t":5,"tick":22660,"type":"hit"}
[client] {"a":5,"dup":false,"ev":"game","ms":380320,"predicted":false,"t":-1,"tick":22660,"type":"ko"}
[client] {"a":9,"dup":false,"ev":"game","ms":380389,"predicted":false,"t":1,"tick":22664,"type":"hit"}
[client] {"a":1,"dup":false,"ev":"game","ms":380389,"predicted":false,"t":-1,"tick":22664,"type":"ko"}
[client] {"a":9,"dup":false,"ev":"game","ms":380437,"predicted":false,"t":4,"tick":22667,"type":"hit"}
[client] {"a":3,"dup":false,"ev":"game","ms":380954,"predicted":false,"t":9,"tick":22698,"type":"hit"}
[client] {"a":8,"dup":false,"ev":"game","ms":380989,"predicted":false,"t":0,"tick":22700,"type":"hit"}
[client] {"a":9,"dup":false,"ev":"game","ms":381306,"predicted":false,"t":0,"tick":22719,"type":"hit"}
[client] {"a":8,"dup":false,"ev":"game","ms":381341,"predicted":false,"t":0,"tick":22721,"type":"hit"}
[client] {"a":2,"dup":false,"ev":"game","ms":381458,"predicted":false,"t":8,"tick":22728,"type":"hit"}
[client] {"a":8,"dup":false,"ev":"game","ms":381459,"predicted":false,"t":-1,"tick":22728,"type":"ko"}
[client] {"a":3,"dup":false,"ev":"game","ms":381493,"predicted":false,"t":9,"tick":22730,"type":"hit"}
[client] {"a":0,"dup":true,"ev":"game","ms":381638,"predicted":false,"t":9,"tick":22744,"type":"hit"}
[client] {"a":3,"dup":false,"ev":"game","ms":381803,"predicted":false,"t":9,"tick":22749,"type":"hit"}
[client] {"a":7,"dup":false,"ev":"game","ms":382258,"predicted":false,"t":3,"tick":22776,"type":"hit"}
[client] {"a":7,"dup":false,"ev":"game","ms":382307,"predicted":false,"t":4,"tick":22779,"type":"hit"}
[client] {"a":2,"dup":false,"ev":"game","ms":382521,"predicted":false,"t":9,"tick":22792,"type":"hit"}
[client] {"a":3,"dup":false,"ev":"game","ms":382576,"predicted":false,"t":7,"tick":22795,"type":"hit"}
[client] {"a":0,"dup":true,"ev":"game","ms":382673,"predicted":false,"t":7,"tick":22806,"type":"hit"}
[client] {"a":0,"dup":true,"ev":"game","ms":382693,"predicted":false,"t":9,"tick":22807,"type":"hit"}
[client] {"a":2,"dup":false,"ev":"game","ms":382859,"predicted":false,"t":7,"tick":22812,"type":"hit"}
[client] {"a":0,"dup":true,"ev":"game","ms":383273,"predicted":false,"t":6,"tick":22842,"type":"hit"}
[client] {"a":9,"dup":false,"ev":"game","ms":383590,"predicted":false,"t":0,"tick":22856,"type":"hit"}
[client] {"a":6,"dup":false,"ev":"game","ms":384004,"predicted":false,"t":0,"tick":22881,"type":"hit"}
[client] {"a":2,"dup":false,"ev":"game","ms":384039,"predicted":false,"t":6,"tick":22883,"type":"hit"}
[client] {"a":7,"dup":false,"ev":"game","ms":384094,"predicted":false,"t":3,"tick":22886,"type":"hit"}
[client] {"a":3,"dup":false,"ev":"game","ms":384405,"predicted":false,"t":6,"tick":22905,"type":"hit"}
[client] {"a":7,"dup":false,"ev":"game","ms":384626,"predicted":false,"t":3,"tick":22918,"type":"hit"}
[client] {"a":2,"dup":false,"ev":"game","ms":384674,"predicted":false,"t":6,"tick":22921,"type":"hit"}
[client] {"a":7,"dup":false,"ev":"game","ms":384674,"predicted":false,"t":4,"tick":22921,"type":"hit"}
[client] {"counts":{"blocks_on_me":1,"conf_actions":241,"confirmed_hits":1080,"dup_confirmed":0,"hits_on_me":87,"pred_actions":247,"predicted_confirmed":110,"predicted_hits":217,"reconnects":0},"ev":"stats","hp":65.3000000000017,"in_bytes":5086315,"late":0,"local_entity":0,"match":{"countdown_until":300,"ctrl":-1,"final":false,"next":"","phase":3,"rot":2555,"scores":[41,22],"sd":false,"state":3,"tick":22645,"zone":"B"},"max_err":1.546,"mean_err":0.0195,"ms":384976,"out_bytes":1124272,"pending":7,"pos":[-0.15,-2.73],"reconciles":7632,"server_tick":22943,"snaps":7642,"teleports":8}
[client] {"a":9,"dup":false,"ev":"game","ms":385060,"predicted":false,"t":3,"tick":22944,"type":"hit"}
[client] {"a":4,"dup":false,"ev":"game","ms":385094,"predicted":false,"t":7,"tick":22946,"type":"hit"}
[client] {"a":6,"dup":false,"ev":"game","ms":385323,"predicted":false,"t":4,"tick":22960,"type":"hit"}
[client] {"a":0,"dup":true,"ev":"game","ms":385323,"predicted":false,"t":6,"tick":22965,"type":"hit"}
[client] {"a":2,"dup":false,"ev":"game","ms":385426,"predicted":false,"t":6,"tick":22966,"type":"hit"}
[client] {"a":3,"dup":false,"ev":"game","ms":385426,"predicted":false,"t":6,"tick":22966,"type":"hit"}
[client] {"a":2,"dup":false,"ev":"game","ms":385460,"predicted":false,"t":9,"tick":22968,"type":"hit"}
[client] {"a":9,"dup":false,"ev":"game","ms":385460,"predicted":false,"t":-1,"tick":22968,"type":"ko"}
[client] {"a":2,"dup":false,"ev":"game","ms":385496,"predicted":false,"t":7,"tick":22970,"type":"hit"}
[client] {"a":4,"dup":false,"ev":"game","ms":385743,"predicted":false,"t":6,"tick":22985,"type":"block"}
[client] {"a":2,"dup":false,"ev":"game","ms":386040,"predicted":false,"t":6,"tick":23003,"type":"block"}
[client] {"a":3,"dup":false,"ev":"game","ms":386040,"predicted":false,"t":6,"tick":23003,"type":"block"}
[client] {"a":0,"dup":false,"ev":"game","ms":386205,"predicted":false,"t":6,"tick":23018,"type":"block"}
[client] {"a":2,"dup":false,"ev":"game","ms":386378,"predicted":false,"t":6,"tick":23023,"type":"block"}
[client] {"a":2,"dup":false,"ev":"game","ms":386723,"predicted":false,"t":6,"tick":23044,"type":"hit"}
[client] {"a":0,"dup":true,"ev":"game","ms":387061,"predicted":false,"t":6,"tick":23069,"type":"hit"}
[client] {"a":3,"dup":false,"ev":"game","ms":387109,"predicted":false,"t":6,"tick":23067,"type":"hit"}
[client] {"a":2,"dup":false,"ev":"game","ms":387379,"predicted":false,"t":6,"tick":23083,"type":"hit"}
[client] {"a":7,"dup":false,"ev":"game","ms":387627,"predicted":false,"t":4,"tick":23098,"type":"block"}
[client] {"a":7,"dup":false,"ev":"game","ms":387640,"predicted":false,"t":0,"tick":23099,"type":"hit"}
[client] {"a":7,"dup":false,"ev":"game","ms":387696,"predicted":false,"t":3,"tick":23102,"type":"hit"}
[client] {"a":2,"dup":false,"ev":"game","ms":387758,"predicted":false,"t":7,"tick":23106,"type":"hit"}
[client] {"a":7,"dup":false,"ev":"game","ms":387758,"predicted":false,"t":-1,"tick":23106,"type":"ko"}
[client] {"a":6,"dup":false,"ev":"game","ms":388379,"predicted":false,"t":4,"tick":23143,"type":"block"}
[client] {"a":6,"dup":false,"ev":"game","ms":388828,"predicted":false,"t":4,"tick":23170,"type":"block"}
[client] {"a":6,"dup":false,"ev":"game","ms":389634,"predicted":false,"t":4,"tick":23219,"type":"hit"}
[client] {"counts":{"blocks_on_me":1,"conf_actions":244,"confirmed_hits":1096,"dup_confirmed":0,"hits_on_me":88,"pred_actions":250,"predicted_confirmed":112,"predicted_hits":224,"reconnects":0},"ev":"stats","hp":27.3000000000017,"in_bytes":5149884,"late":0,"local_entity":0,"match":{"countdown_until":300,"ctrl":-1,"final":false,"next":"","phase":3,"rot":2255,"scores":[41,22],"sd":false,"state":3,"tick":22945,"zone":"B"},"max_err":1.546,"mean_err":0.0196,"ms":389972,"out_bytes":1138972,"pending":7,"pos":[0.23,-2.72],"reconciles":7732,"server_tick":23244,"snaps":7742,"teleports":8}
[client] {"a":5,"dup":false,"ev":"game","ms":390318,"predicted":false,"t":-1,"tick":23260,"type":"respawn"}
[client] {"a":1,"dup":false,"ev":"game","ms":390387,"predicted":false,"t":-1,"tick":23264,"type":"respawn"}
[client] {"a":2,"dup":false,"ev":"game","ms":391187,"predicted":false,"t":6,"tick":23312,"type":"hit"}
[client] {"a":6,"dup":false,"ev":"game","ms":391187,"predicted":false,"t":-1,"tick":23312,"type":"ko"}
[client] {"a":8,"dup":false,"ev":"game","ms":391456,"predicted":false,"t":-1,"tick":23328,"type":"respawn"}
[client] {"counts":{"blocks_on_me":1,"conf_actions":244,"confirmed_hits":1097,"dup_confirmed":0,"hits_on_me":88,"pred_actions":250,"predicted_confirmed":112,"predicted_hits":224,"reconnects":0},"ev":"stats","hp":54.3000000000015,"in_bytes":5204477,"late":0,"local_entity":0,"match":{"countdown_until":300,"ctrl":0,"final":false,"next":"","phase":3,"rot":1955,"scores":[44,22],"sd":false,"state":2,"tick":23245,"zone":"B"},"max_err":1.546,"mean_err":0.0193,"ms":394974,"out_bytes":1153672,"pending":7,"pos":[0.33,-2.71],"reconciles":7832,"server_tick":23544,"snaps":7842,"teleports":8}
[client] {"a":9,"dup":false,"ev":"game","ms":395458,"predicted":false,"t":-1,"tick":23568,"type":"respawn"}
[client] {"a":7,"dup":false,"ev":"game","ms":397742,"predicted":false,"t":-1,"tick":23706,"type":"respawn"}
[client] {"a":2,"dup":false,"ev":"game","ms":397894,"predicted":false,"t":5,"tick":23715,"type":"hit"}
[client] {"a":2,"dup":false,"ev":"game","ms":398225,"predicted":false,"t":5,"tick":23735,"type":"hit"}
[client] {"a":4,"dup":false,"ev":"game","ms":398239,"predicted":false,"t":5,"tick":23736,"type":"hit"}
[client] {"a":8,"dup":false,"ev":"game","ms":398530,"predicted":false,"t":2,"tick":23753,"type":"hit"}
[client] {"a":4,"dup":false,"ev":"game","ms":398729,"predicted":false,"t":5,"tick":23765,"type":"hit"}
[client] {"a":8,"dup":false,"ev":"game","ms":398756,"predicted":false,"t":2,"tick":23767,"type":"hit"}
[client] {"a":8,"dup":false,"ev":"game","ms":398812,"predicted":false,"t":4,"tick":23769,"type":"hit"}
[client] {"a":1,"dup":false,"ev":"game","ms":399212,"predicted":false,"t":5,"tick":23794,"type":"hit"}
[client] {"a":8,"dup":false,"ev":"game","ms":399730,"predicted":false,"t":1,"tick":23825,"type":"hit"}
[client] {"a":8,"dup":false,"ev":"game","ms":399791,"predicted":false,"t":0,"tick":23828,"type":"hit"}
[client] {"a":4,"dup":false,"ev":"game","ms":399841,"predicted":false,"t":8,"tick":23832,"type":"hit"}
[client] {"counts":{"blocks_on_me":1,"conf_actions":247,"confirmed_hits":1108,"dup_confirmed":0,"hits_on_me":89,"pred_actions":253,"predicted_confirmed":112,"predicted_hits":224,"reconnects":0},"ev":"stats","hp":68.200000000001,"in_bytes":5265972,"late":0,"local_entity":0,"match":{"countdown_until":300,"ctrl":-1,"final":false,"next":"","phase":3,"rot":1655,"scores":[45,22],"sd":false,"state":3,"tick":23545,"zone":"B"},"max_err":1.546,"mean_err":0.0193,"ms":399978,"out_bytes":1168372,"pending":7,"pos":[1.65,-2.93],"reconciles":7932,"server_tick":23844,"snaps":7942,"teleports":8}
[client] {"a":5,"dup":false,"ev":"game","ms":400240,"predicted":false,"t":4,"tick":23856,"type":"hit"}
[client] {"a":5,"dup":false,"ev":"game","ms":400585,"predicted":false,"t":4,"tick":23876,"type":"hit"}
[client] {"a":2,"dup":false,"ev":"game","ms":400785,"predicted":false,"t":5,"tick":23888,"type":"hit"}
[client] {"a":2,"dup":false,"ev":"game","ms":401034,"predicted":false,"t":5,"tick":23903,"type":"hit"}
[client] {"a":8,"dup":false,"ev":"game","ms":401034,"predicted":false,"t":4,"tick":23903,"type":"hit"}
[client] {"a":6,"dup":false,"ev":"game","ms":401186,"predicted":false,"t":-1,"tick":23912,"type":"respawn"}
[client] {"a":8,"dup":false,"ev":"game","ms":402089,"predicted":false,"t":2,"tick":23966,"type":"hit"}
[client] {"a":4,"dup":false,"ev":"game","ms":402369,"predicted":false,"t":5,"tick":23983,"type":"hit"}
[client] {"a":4,"dup":false,"ev":"game","ms":402700,"predicted":false,"t":5,"tick":24003,"type":"hit"}
[client] {"a":1,"dup":false,"ev":"game","ms":402748,"predicted":false,"t":5,"tick":24006,"type":"hit"}
[client] {"a":4,"dup":false,"ev":"game","ms":403069,"predicted":false,"t":8,"tick":24025,"type":"hit"}
[client] {"a":9,"dup":false,"ev":"game","ms":403470,"predicted":false,"t":4,"tick":24049,"type":"hit"}
[client] {"a":4,"dup":false,"ev":"game","ms":403470,"predicted":false,"t":-1,"tick":24049,"type":"ko"}
[client] {"a":9,"dup":false,"ev":"game","ms":403504,"predicted":false,"t":1,"tick":24051,"type":"hit"}
[client] {"a":5,"dup":false,"ev":"game","ms":404021,"predicted":false,"t":1,"tick":24082,"type":"hit"}
[client] {"a":3,"dup":false,"ev":"game","ms":404325,"predicted":false,"t":9,"tick":24100,"type":"hit"}
[client] {"a":5,"dup":false,"ev":"game","ms":404338,"predicted":false,"t":1,"tick":24101,"type":"hit"}
[client] {"a":3,"dup":false,"ev":"game","ms":404870,"predicted":false,"t":5,"tick":24133,"type":"hit"}
[client] {"a":5,"dup":false,"ev":"game","ms":404870,"predicted":false,"t":-1,"tick":24133,"type":"ko"}
[client] {"counts":{"blocks_on_me":1,"conf_actions":248,"confirmed_hits":1124,"dup_confirmed":0,"hits_on_me":89,"pred_actions":254,"predicted_confirmed":112,"predicted_hits":224,"reconnects":0},"ev":"stats","hp":68.200000000001,"in_bytes":5334737,"late":0,"local_entity":0,"match":{"countdown_until":300,"ctrl":-1,"final":false,"next":"","phase":3,"rot":1355,"scores":[45,22],"sd":false,"state":3,"tick":23845,"zone":"B"},"max_err":1.546,"mean_err":0.0192,"ms":404972,"out_bytes":1183072,"pending":7,"pos":[0.57,-2.98],"reconciles":8032,"server_tick":24144,"snaps":8042,"teleports":8}
[client] {"a":0,"dup":true,"ev":"game","ms":405339,"predicted":false,"t":8,"tick":24166,"type":"hit"}
[client] {"a":3,"dup":false,"ev":"game","ms":405353,"predicted":false,"t":9,"tick":24162,"type":"hit"}
[client] {"a":3,"dup":false,"ev":"game","ms":405373,"predicted":false,"t":7,"tick":24163,"type":"hit"}
[client] {"a":0,"dup":true,"ev":"game","ms":405643,"predicted":false,"t":8,"tick":24184,"type":"hit"}
[client] {"a":1,"dup":false,"ev":"game","ms":406153,"predicted":false,"t":8,"tick":24210,"type":"hit"}
[client] {"a":1,"dup":false,"ev":"game","ms":406553,"predicted":false,"t":8,"tick":24234,"type":"hit"}
[client] {"a":0,"dup":true,"ev":"game","ms":406623,"predicted":false,"t":8,"tick":24243,"type":"hit"}
[client] {"a":3,"dup":false,"ev":"game","ms":406726,"predicted":false,"t":9,"tick":24244,"type":"hit"}
[client] {"a":7,"dup":false,"ev":"game","ms":407009,"predicted":false,"t":3,"tick":24261,"type":"hit"}
[client] {"a":8,"dup":false,"ev":"game","ms":407643,"predicted":false,"t":1,"tick":24299,"type":"hit"}
[client] {"a":9,"dup":false,"ev":"game","ms":408375,"predicted":false,"t":2,"tick":24343,"type":"hit"}
[client] {"a":1,"dup":false,"ev":"game","ms":408423,"predicted":false,"t":7,"tick":24346,"type":"hit"}
[client] {"a":1,"dup":false,"ev":"game","ms":408444,"predicted":false,"t":9,"tick":24347,"type":"hit"}
[client] {"a":8,"dup":false,"ev":"game","ms":408727,"predicted":false,"t":3,"tick":24364,"type":"hit"}
[client] {"a":9,"dup":false,"ev":"game","ms":408941,"predicted":false,"t":1,"tick":24377,"type":"hit"}
[client] {"a":7,"dup":false,"ev":"game","ms":409058,"predicted":false,"t":3,"tick":24384,"type":"hit"}
[client] {"a":8,"dup":false,"ev":"game","ms":409258,"predicted":false,"t":1,"tick":24396,"type":"hit"}
[client] {"a":3,"dup":false,"ev":"game","ms":409527,"predicted":false,"t":8,"tick":24412,"type":"hit"}
[client] {"a":9,"dup":false,"ev":"game","ms":409589,"predicted":false,"t":1,"tick":24416,"type":"hit"}
[client] {"a":9,"dup":false,"ev":"game","ms":409589,"predicted":false,"t":2,"tick":24416,"type":"hit"}
[client] {"counts":{"blocks_on_me":1,"conf_actions":255,"confirmed_hits":1144,"dup_confirmed":0,"hits_on_me":89,"pred_actions":261,"predicted_confirmed":115,"predicted_hits":228,"reconnects":0},"ev":"stats","hp":68.200000000001,"in_bytes":5407270,"late":0,"local_entity":0,"match":{"countdown_until":300,"ctrl":-1,"final":false,"next":"","phase":3,"rot":1055,"scores":[45,22],"sd":false,"state":3,"tick":24145,"zone":"B"},"max_err":1.546,"mean_err":0.0191,"ms":409975,"out_bytes":1197772,"pending":7,"pos":[0.56,-2.87],"reconciles":8132,"server_tick":24444,"snaps":8142,"teleports":8}
[client] {"a":3,"dup":false,"ev":"game","ms":410210,"predicted":false,"t":7,"tick":24453,"type":"hit"}
[client] {"a":2,"dup":false,"ev":"game","ms":410225,"predicted":false,"t":7,"tick":24454,"type":"hit"}
[client] {"a":3,"dup":false,"ev":"game","ms":410258,"predicted":false,"t":9,"tick":24456,"type":"hit"}
[client] {"a":3,"dup":false,"ev":"game","ms":410307,"predicted":false,"t":6,"tick":24459,"type":"hit"}
[client] {"a":8,"dup":false,"ev":"game","ms":410307,"predicted":false,"t":2,"tick":24459,"type":"hit"}
[client] {"a":2,"dup":false,"ev":"game","ms":410307,"predicted":false,"t":-1,"tick":24459,"type":"ko"}
[client] {"a":7,"dup":false,"ev":"game","ms":410577,"predicted":false,"t":3,"tick":24475,"type":"hit"}
[client] {"a":1,"dup":false,"ev":"game","ms":410777,"predicted":false,"t":8,"tick":24487,"type":"hit"}
[client] {"a":0,"dup":true,"ev":"game","ms":410825,"predicted":false,"t":7,"tick":24495,"type":"hit"}
[client] {"a":3,"dup":false,"ev":"game","ms":410893,"predicted":false,"t":7,"tick":24494,"type":"hit"}
[client] {"a":3,"dup":false,"ev":"game","ms":410928,"predicted":false,"t":8,"tick":24496,"type":"hit"}
[client] {"a":1,"dup":false,"ev":"game","ms":411093,"predicted":false,"t":8,"tick":24506,"type":"hit"}
[client] {"a":1,"dup":false,"ev":"game","ms":411107,"predicted":false,"t":7,"tick":24507,"type":"hit"}
[client] {"a":3,"dup":false,"ev":"game","ms":411211,"predicted":false,"t":7,"tick":24513,"type":"hit"}
[client] {"a":8,"dup":false,"ev":"game","ms":411625,"predicted":false,"t":1,"tick":24538,"type":"hit"}
[client] {"a":1,"dup":false,"ev":"game","ms":411625,"predicted":false,"t":-1,"tick":24538,"type":"ko"}
[client] {"a":0,"dup":true,"ev":"game","ms":411625,"predicted":false,"t":9,"tick":24543,"type":"hit"}
[client] {"a":3,"dup":false,"ev":"game","ms":411860,"predicted":false,"t":9,"tick":24552,"type":"hit"}
[client] {"a":7,"dup":false,"ev":"game","ms":411860,"predicted":false,"t":3,"tick":24552,"type":"hit"}
[client] {"a":0,"dup":true,"ev":"game","ms":412259,"predicted":false,"t":7,"tick":24581,"type":"hit"}
[client] {"a":8,"dup":false,"ev":"game","ms":412391,"predicted":false,"t":0,"tick":24584,"type":"hit"}
[client] {"a":7,"dup":false,"ev":"game","ms":412742,"predicted":false,"t":3,"tick":24605,"type":"hit"}
[client] {"a":9,"dup":false,"ev":"game","ms":412909,"predicted":false,"t":0,"tick":24615,"type":"hit"}
[client] {"a":7,"dup":false,"ev":"game","ms":413108,"predicted":false,"t":3,"tick":24627,"type":"hit"}
[client] {"a":4,"dup":false,"ev":"game","ms":413475,"predicted":false,"t":-1,"tick":24649,"type":"respawn"}
[client] {"a":0,"dup":false,"ev":"game","ms":413792,"predicted":false,"t":-1,"tick":24673,"type":"ko"}
[client] {"a":3,"dup":false,"ev":"game","ms":413860,"predicted":false,"t":7,"tick":24672,"type":"hit"}
[client] {"a":8,"dup":false,"ev":"game","ms":413874,"predicted":false,"t":0,"tick":24673,"type":"hit"}
[client] {"a":6,"dup":false,"ev":"game","ms":414827,"predicted":false,"t":3,"tick":24730,"type":"hit"}
[client] {"a":5,"dup":false,"ev":"game","ms":414875,"predicted":false,"t":-1,"tick":24733,"type":"respawn"}
[client] {"counts":{"blocks_on_me":1,"conf_actions":261,"confirmed_hits":1169,"dup_confirmed":0,"hits_on_me":92,"pred_actions":267,"predicted_confirmed":118,"predicted_hits":236,"reconnects":0},"ev":"stats","hp":0.0,"in_bytes":5481654,"late":0,"local_entity":0,"match":{"countdown_until":300,"ctrl":-1,"final":false,"next":"A","phase":3,"rot":755,"scores":[45,22],"sd":false,"state":3,"tick":24445,"zone":"B"},"max_err":1.546,"mean_err":0.0192,"ms":414970,"out_bytes":1212472,"pending":7,"pos":[1.26,-3.16],"reconciles":8232,"server_tick":24744,"snaps":8242,"teleports":8}
[client] {"a":8,"dup":false,"ev":"game","ms":415123,"predicted":false,"t":3,"tick":24748,"type":"hit"}
[client] {"a":6,"dup":false,"ev":"game","ms":415289,"predicted":false,"t":3,"tick":24758,"type":"hit"}
[client] {"a":3,"dup":false,"ev":"game","ms":415289,"predicted":false,"t":-1,"tick":24758,"type":"ko"}
[client] {"counts":{"blocks_on_me":1,"conf_actions":261,"confirmed_hits":1171,"dup_confirmed":0,"hits_on_me":92,"pred_actions":267,"predicted_confirmed":118,"predicted_hits":236,"reconnects":0},"ev":"stats","hp":0.0,"in_bytes":5542760,"late":0,"local_entity":0,"match":{"countdown_until":300,"ctrl":-1,"final":false,"next":"A","phase":3,"rot":455,"scores":[45,26],"sd":false,"state":3,"tick":24745,"zone":"B"},"max_err":1.546,"mean_err":0.019,"ms":419973,"out_bytes":1227172,"pending":7,"pos":[1.26,-3.16],"reconciles":8332,"server_tick":25044,"snaps":8342,"teleports":8}
[client] {"a":2,"dup":false,"ev":"game","ms":420305,"predicted":false,"t":-1,"tick":25059,"type":"respawn"}
[client] {"a":7,"dup":false,"ev":"game","ms":421140,"predicted":false,"t":4,"tick":25109,"type":"hit"}
[client] {"a":8,"dup":false,"ev":"game","ms":421210,"predicted":false,"t":4,"tick":25113,"type":"hit"}
[client] {"a":6,"dup":false,"ev":"game","ms":421457,"predicted":false,"t":4,"tick":25128,"type":"hit"}
[client] {"a":7,"dup":false,"ev":"game","ms":421457,"predicted":false,"t":4,"tick":25128,"type":"hit"}
[client] {"a":9,"dup":false,"ev":"game","ms":421457,"predicted":false,"t":4,"tick":25128,"type":"hit"}
[client] {"a":1,"dup":false,"ev":"game","ms":421623,"predicted":false,"t":-1,"tick":25138,"type":"respawn"}
[client] {"a":4,"dup":false,"ev":"game","ms":423293,"predicted":false,"t":7,"tick":25238,"type":"hit"}
[client] {"a":7,"dup":false,"ev":"game","ms":423293,"predicted":false,"t":-1,"tick":25238,"type":"ko"}
[client] {"a":6,"dup":false,"ev":"game","ms":423796,"predicted":false,"t":4,"tick":25268,"type":"hit"}
[client] {"a":0,"dup":false,"ev":"game","ms":423796,"predicted":false,"t":-1,"tick":25273,"type":"respawn"}
[client] {"counts":{"blocks_on_me":1,"conf_actions":262,"confirmed_hits":1178,"dup_confirmed":0,"hits_on_me":92,"pred_actions":267,"predicted_confirmed":118,"predicted_hits":236,"reconnects":0},"ev":"stats","hp":220.0,"in_bytes":5609069,"late":0,"local_entity":0,"match":{"countdown_until":300,"ctrl":-1,"final":false,"next":"A","phase":3,"rot":155,"scores":[45,26],"sd":false,"state":3,"tick":25045,"zone":"B"},"max_err":1.546,"mean_err":0.0187,"ms":424975,"out_bytes":1241872,"pending":7,"pos":[5.67,-45.8],"reconciles":8431,"server_tick":25344,"snaps":8442,"teleports":9}
[client] {"a":3,"dup":false,"ev":"game","ms":425294,"predicted":false,"t":-1,"tick":25358,"type":"respawn"}
[client] {"a":4,"dup":false,"ev":"game","ms":425397,"predicted":false,"t":6,"tick":25364,"type":"hit"}
[client] {"a":4,"dup":false,"ev":"game","ms":425860,"predicted":false,"t":9,"tick":25392,"type":"hit"}
[client] {"a":9,"dup":false,"ev":"game","ms":426178,"predicted":false,"t":4,"tick":25411,"type":"hit"}
[client] {"a":2,"dup":false,"ev":"game","ms":426460,"predicted":false,"t":5,"tick":25428,"type":"hit"}
[client] {"a":9,"dup":false,"ev":"game","ms":426564,"predicted":false,"t":4,"tick":25434,"type":"hit"}
[client] {"a":2,"dup":false,"ev":"game","ms":426708,"predicted":false,"t":5,"tick":25443,"type":"hit"}
[client] {"a":8,"dup":false,"ev":"game","ms":427132,"predicted":false,"t":2,"tick":25468,"type":"hit"}
[client] {"a":4,"dup":false,"ev":"game","ms":427198,"predicted":false,"t":9,"tick":25472,"type":"hit"}
[client] {"a":5,"dup":false,"ev":"game","ms":427530,"predicted":false,"t":2,"tick":25492,"type":"hit"}
[client] {"a":-1,"dup":false,"ev":"game","ms":427640,"predicted":false,"t":-1,"tick":25499,"type":"zone_rotated"}
[client] {"a":8,"dup":false,"ev":"game","ms":427820,"predicted":false,"t":2,"tick":25510,"type":"hit"}
[client] {"a":9,"dup":false,"ev":"game","ms":427902,"predicted":false,"t":4,"tick":25515,"type":"hit"}
[client] {"a":5,"dup":false,"ev":"game","ms":427923,"predicted":false,"t":2,"tick":25516,"type":"hit"}
[client] {"a":6,"dup":false,"ev":"game","ms":428006,"predicted":false,"t":4,"tick":25521,"type":"hit"}
[client] {"a":6,"dup":false,"ev":"game","ms":428357,"predicted":false,"t":4,"tick":25542,"type":"hit"}
[client] {"a":9,"dup":false,"ev":"game","ms":428454,"predicted":false,"t":2,"tick":25548,"type":"hit"}
[client] {"a":4,"dup":false,"ev":"game","ms":428737,"predicted":false,"t":6,"tick":25565,"type":"hit"}
[client] {"a":5,"dup":false,"ev":"game","ms":428758,"predicted":false,"t":2,"tick":25566,"type":"hit"}
[client] {"a":9,"dup":false,"ev":"game","ms":428772,"predicted":false,"t":2,"tick":25567,"type":"hit"}
[client] {"a":2,"dup":false,"ev":"game","ms":429137,"predicted":false,"t":9,"tick":25589,"type":"hit"}
[client] {"a":4,"dup":false,"ev":"game","ms":429206,"predicted":false,"t":6,"tick":25593,"type":"block"}
[client] {"a":9,"dup":false,"ev":"game","ms":429475,"predicted":false,"t":2,"tick":25609,"type":"hit"}
[client] {"a":4,"dup":false,"ev":"game","ms":429889,"predicted":false,"t":6,"tick":25634,"type":"hit"}
[client] {"a":4,"dup":false,"ev":"game","ms":429924,"predicted":false,"t":9,"tick":25636,"type":"hit"}
[client] {"counts":{"blocks_on_me":1,"conf_actions":262,"confirmed_hits":1200,"dup_confirmed":0,"hits_on_me":92,"pred_actions":267,"predicted_confirmed":118,"predicted_hits":236,"reconnects":0},"ev":"stats","hp":220.0,"in_bytes":5677568,"late":0,"local_entity":0,"match":{"countdown_until":300,"ctrl":-1,"final":true,"next":"","phase":3,"rot":3455,"scores":[45,26],"sd":false,"state":1,"tick":25345,"zone":"A"},"max_err":1.546,"mean_err":0.0185,"ms":429971,"out_bytes":1256572,"pending":7,"pos":[-9.35,-19.16],"reconciles":8531,"server_tick":25644,"snaps":8542,"teleports":9}
[client] {"a":2,"dup":false,"ev":"game","ms":430006,"predicted":false,"t":6,"tick":25641,"type":"hit"}
[client] {"a":6,"dup":false,"ev":"game","ms":431124,"predicted":false,"t":4,"tick":25708,"type":"hit"}
[client] {"a":4,"dup":false,"ev":"game","ms":431125,"predicted":false,"t":-1,"tick":25708,"type":"ko"}
[client] {"a":7,"dup":false,"ev":"game","ms":433277,"predicted":false,"t":-1,"tick":25838,"type":"respawn"}
[client] {"a":1,"dup":false,"ev":"game","ms":434926,"predicted":false,"t":8,"tick":25937,"type":"hit"}
[client] {"counts":{"blocks_on_me":1,"conf_actions":262,"confirmed_hits":1203,"dup_confirmed":0,"hits_on_me":92,"pred_actions":267,"predicted_confirmed":118,"predicted_hits":236,"reconnects":0},"ev":"stats","hp":220.0,"in_bytes":5737411,"late":0,"local_entity":0,"match":{"countdown_until":300,"ctrl":-1,"final":true,"next":"","phase":3,"rot":3155,"scores":[45,26],"sd":false,"state":3,"tick":25645,"zone":"A"},"max_err":1.546,"mean_err":0.0183,"ms":434974,"out_bytes":1271272,"pending":4,"pos":[-37.55,-2.53],"reconciles":8632,"server_tick":25944,"snaps":8642,"teleports":9}
[client] {"a":1,"dup":false,"ev":"game","ms":435243,"predicted":false,"t":8,"tick":25956,"type":"hit"}
[client] {"a":8,"dup":false,"ev":"game","ms":435244,"predicted":false,"t":-1,"tick":25956,"type":"ko"}
[client] {"a":9,"dup":false,"ev":"game","ms":437396,"predicted":false,"t":2,"tick":26085,"type":"hit"}
[client] {"a":9,"dup":false,"ev":"game","ms":437728,"predicted":false,"t":2,"tick":26104,"type":"hit"}
[client] {"a":2,"dup":false,"ev":"game","ms":437728,"predicted":false,"t":-1,"tick":26104,"type":"ko"}
[client] {"a":0,"dup":true,"ev":"game","ms":437776,"predicted":false,"t":9,"tick":26112,"type":"hit"}
[client] {"a":9,"dup":false,"ev":"game","ms":438199,"predicted":false,"t":0,"tick":26132,"type":"hit"}
[client] {"a":3,"dup":false,"ev":"game","ms":438307,"predicted":false,"t":9,"tick":26139,"type":"hit"}
[client] {"a":9,"dup":false,"ev":"game","ms":438307,"predicted":false,"t":-1,"tick":26139,"type":"ko"}
[client] {"a":5,"dup":false,"ev":"game","ms":438907,"predicted":false,"t":3,"tick":26175,"type":"hit"}
[client] {"a":0,"dup":true,"ev":"game","ms":438935,"predicted":false,"t":5,"tick":26181,"type":"hit"}
[client] {"a":0,"dup":true,"ev":"game","ms":439252,"predicted":false,"t":5,"tick":26201,"type":"hit"}
[client] {"a":1,"dup":false,"ev":"game","ms":439308,"predicted":false,"t":5,"tick":26199,"type":"hit"}
[client] {"a":1,"dup":false,"ev":"game","ms":439356,"predicted":false,"t":6,"tick":26202,"type":"hit"}
[client] {"a":5,"dup":false,"ev":"game","ms":439736,"predicted":false,"t":3,"tick":26225,"type":"hit"}
[client] {"counts":{"blocks_on_me":1,"conf_actions":268,"confirmed_hits":1215,"dup_confirmed":0,"hits_on_me":93,"pred_actions":274,"predicted_confirmed":121,"predicted_hits":241,"reconnects":0},"ev":"stats","hp":202.0,"in_bytes":5800421,"late":0,"local_entity":0,"match":{"countdown_until":300,"ctrl":-1,"final":true,"next":"","phase":3,"rot":2855,"scores":[45,26],"sd":false,"state":3,"tick":25945,"zone":"A"},"max_err":1.546,"mean_err":0.0184,"ms":439969,"out_bytes":1285972,"pending":7,"pos":[-40.88,-0.09],"reconciles":8731,"server_tick":26244,"snaps":8742,"teleports":9}
[client] {"a":0,"dup":true,"ev":"game","ms":440171,"predicted":false,"t":6,"tick":26256,"type":"hit"}
[client] {"a":1,"dup":false,"ev":"game","ms":440191,"predicted":false,"t":5,"tick":26252,"type":"hit"}
[client] {"a":1,"dup":false,"ev":"game","ms":440226,"predicted":false,"t":6,"tick":26254,"type":"hit"}
[client] {"a":6,"dup":false,"ev":"game","ms":440875,"predicted":false,"t":0,"tick":26293,"type":"hit"}
[client] {"a":4,"dup":false,"ev":"game","ms":441123,"predicted":false,"t":-1,"tick":26308,"type":"respawn"}
[client] {"a":6,"dup":false,"ev":"game","ms":441171,"predicted":false,"t":1,"tick":26311,"type":"hit"}
[client] {"a":0,"dup":true,"ev":"game","ms":441357,"predicted":false,"t":5,"tick":26327,"type":"hit"}
[client] {"a":0,"dup":true,"ev":"game","ms":441371,"predicted":false,"t":6,"tick":26328,"type":"hit"}
[client] {"a":5,"dup":false,"ev":"game","ms":441426,"predicted":false,"t":1,"tick":26326,"type":"hit"}
[client] {"a":5,"dup":false,"ev":"game","ms":442509,"predicted":false,"t":0,"tick":26391,"type":"hit"}
[client] {"a":6,"dup":false,"ev":"game","ms":442608,"predicted":false,"t":1,"tick":26397,"type":"hit"}
[client] {"a":3,"dup":false,"ev":"game","ms":443040,"predicted":false,"t":5,"tick":26423,"type":"hit"}
[client] {"a":5,"dup":false,"ev":"game","ms":443427,"predicted":false,"t":3,"tick":26446,"type":"hit"}
[client] {"a":3,"dup":false,"ev":"game","ms":443973,"predicted":false,"t":5,"tick":26479,"type":"block"}
[client] {"a":5,"dup":false,"ev":"game","ms":444229,"predicted":false,"t":3,"tick":26494,"type":"hit"}
[client] {"a":1,"dup":false,"ev":"game","ms":444538,"predicted":false,"t":5,"tick":26513,"type":"hit"}
[client] {"a":3,"dup":false,"ev":"game","ms":444538,"predicted":false,"t":5,"tick":26513,"type":"hit"}
[client] {"counts":{"blocks_on_me":1,"conf_actions":275,"confirmed_hits":1230,"dup_confirmed":0,"hits_on_me":95,"pred_actions":280,"predicted_confirmed":124,"predicted_hits":248,"reconnects":0},"ev":"stats","hp":146.0,"in_bytes":5869770,"late":0,"local_entity":0,"match":{"countdown_until":300,"ctrl":-1,"final":true,"next":"","phase":3,"rot":2555,"scores":[45,26],"sd":false,"state":3,"tick":26245,"zone":"A"},"max_err":1.546,"mean_err":0.0186,"ms":444972,"out_bytes":1300672,"pending":7,"pos":[-41.94,-0.05],"reconciles":8831,"server_tick":26544,"snaps":8842,"teleports":9}
[client] {"a":3,"dup":false,"ev":"game","ms":445028,"predicted":false,"t":5,"tick":26542,"type":"hit"}
[client] {"a":5,"dup":false,"ev":"game","ms":445028,"predicted":false,"t":-1,"tick":26542,"type":"ko"}
[client] {"a":6,"dup":false,"ev":"game","ms":445242,"predicted":false,"t":1,"tick":26555,"type":"hit"}
[client] {"a":8,"dup":false,"ev":"game","ms":445255,"predicted":false,"t":-1,"tick":26556,"type":"respawn"}
[client] {"a":7,"dup":false,"ev":"game","ms":445345,"predicted":false,"t":1,"tick":26561,"type":"hit"}
[client] {"a":0,"dup":true,"ev":"game","ms":445511,"predicted":false,"t":7,"tick":26576,"type":"hit"}
[client] {"a":7,"dup":false,"ev":"game","ms":445973,"predicted":false,"t":0,"tick":26599,"type":"hit"}
[client] {"a":3,"dup":false,"ev":"game","ms":446091,"predicted":false,"t":6,"tick":26606,"type":"hit"}
[client] {"a":0,"dup":true,"ev":"game","ms":446278,"predicted":false,"t":7,"tick":26622,"type":"hit"}
[client] {"a":1,"dup":false,"ev":"game","ms":446456,"predicted":false,"t":6,"tick":26628,"type":"hit"}
[client] {"a":3,"dup":false,"ev":"game","ms":446946,"predicted":false,"t":6,"tick":26657,"type":"hit"}
[client] {"a":6,"dup":false,"ev":"game","ms":446946,"predicted":false,"t":-1,"tick":26657,"type":"ko"}
[client] {"a":7,"dup":false,"ev":"game","ms":447512,"predicted":false,"t":0,"tick":26691,"type":"hit"}
[client] {"a":2,"dup":false,"ev":"game","ms":447725,"predicted":false,"t":-1,"tick":26704,"type":"respawn"}
[client] {"a":7,"dup":false,"ev":"game","ms":447808,"predicted":false,"t":0,"tick":26710,"type":"hit"}
[client] {"a":7,"dup":false,"ev":"game","ms":448292,"predicted":false,"t":0,"tick":26739,"type":"hit"}
[client] {"a":9,"dup":false,"ev":"game","ms":448292,"predicted":false,"t":-1,"tick":26739,"type":"respawn"}
[client] {"a":7,"dup":false,"ev":"game","ms":448327,"predicted":false,"t":3,"tick":26741,"type":"hit"}
[client] {"a":1,"dup":false,"ev":"game","ms":448574,"predicted":false,"t":7,"tick":26756,"type":"hit"}
[client] {"a":7,"dup":false,"ev":"game","ms":449596,"predicted":false,"t":0,"tick":26817,"type":"hit"}
[client] {"a":7,"dup":false,"ev":"game","ms":449913,"predicted":false,"t":0,"tick":26836,"type":"hit"}
[client] {"a":1,"dup":false,"ev":"game","ms":449927,"predicted":false,"t":7,"tick":26837,"type":"hit"}
[client] {"counts":{"blocks_on_me":1,"conf_actions":285,"confirmed_hits":1247,"dup_confirmed":0,"hits_on_me":101,"pred_actions":290,"predicted_confirmed":126,"predicted_hits":254,"reconnects":0},"ev":"stats","hp":38.0,"in_bytes":5934118,"late":0,"local_entity":0,"match":{"countdown_until":300,"ctrl":-1,"final":true,"next":"","phase":3,"rot":2255,"scores":[45,26],"sd":false,"state":3,"tick":26545,"zone":"A"},"max_err":1.546,"mean_err":0.0188,"ms":449974,"out_bytes":1315372,"pending":4,"pos":[-41.95,0.61],"reconciles":8932,"server_tick":26844,"snaps":8942,"teleports":9}
[client] {"a":7,"dup":false,"ev":"game","ms":451680,"predicted":false,"t":1,"tick":26942,"type":"hit"}
[client] {"a":0,"dup":false,"ev":"game","ms":451680,"predicted":false,"t":-1,"tick":26946,"type":"ko"}
[client] {"a":7,"dup":false,"ev":"game","ms":451749,"predicted":false,"t":0,"tick":26946,"type":"hit"}
[client] {"a":7,"dup":false,"ev":"game","ms":452348,"predicted":false,"t":3,"tick":26982,"type":"hit"}
[client] {"a":3,"dup":false,"ev":"game","ms":452707,"predicted":false,"t":7,"tick":27003,"type":"hit"}
[client] {"a":1,"dup":false,"ev":"game","ms":452770,"predicted":false,"t":7,"tick":27007,"type":"hit"}
[client] {"a":4,"dup":false,"ev":"game","ms":453107,"predicted":false,"t":7,"tick":27027,"type":"hit"}
[client] {"a":1,"dup":false,"ev":"game","ms":453473,"predicted":false,"t":7,"tick":27049,"type":"hit"}
[client] {"counts":{"blocks_on_me":1,"conf_actions":285,"confirmed_hits":1254,"dup_confirmed":0,"hits_on_me":102,"pred_actions":290,"predicted_confirmed":126,"predicted_hits":254,"reconnects":0},"ev":"stats","hp":0.0,"in_bytes":5994852,"late":0,"local_entity":0,"match":{"countdown_until":300,"ctrl":-1,"final":true,"next":"","phase":3,"rot":1955,"scores":[45,26],"sd":false,"state":3,"tick":26845,"zone":"A"},"max_err":1.546,"mean_err":0.0186,"ms":454970,"out_bytes":1330072,"pending":7,"pos":[-41.94,0.67],"reconciles":9031,"server_tick":27144,"snaps":9042,"teleports":9}
[client] {"a":5,"dup":false,"ev":"game","ms":455026,"predicted":false,"t":-1,"tick":27142,"type":"respawn"}
[client] {"a":8,"dup":false,"ev":"game","ms":455191,"predicted":false,"t":4,"tick":27152,"type":"hit"}
[client] {"a":8,"dup":false,"ev":"game","ms":455509,"predicted":false,"t":4,"tick":27171,"type":"hit"}
[client] {"a":4,"dup":false,"ev":"game","ms":455875,"predicted":false,"t":8,"tick":27193,"type":"hit"}
[client] {"a":3,"dup":false,"ev":"game","ms":456261,"predicted":false,"t":7,"tick":27217,"type":"hit"}
[client] {"a":4,"dup":false,"ev":"game","ms":456261,"predicted":false,"t":7,"tick":27217,"type":"hit"}
[client] {"a":7,"dup":false,"ev":"game","ms":456261,"predicted":false,"t":-1,"tick":27217,"type":"ko"}
[client] {"a":6,"dup":false,"ev":"game","ms":456923,"predicted":false,"t":-1,"tick":27257,"type":"respawn"}
[client] {"a":3,"dup":false,"ev":"game","ms":457406,"predicted":false,"t":8,"tick":27286,"type":"hit"}
[client] {"a":1,"dup":false,"ev":"game","ms":457510,"predicted":false,"t":8,"tick":27292,"type":"hit"}
[client] {"a":3,"dup":false,"ev":"game","ms":457723,"predicted":false,"t":8,"tick":27305,"type":"hit"}
[client] {"a":1,"dup":false,"ev":"game","ms":457827,"predicted":false,"t":8,"tick":27311,"type":"hit"}
[client] {"a":4,"dup":false,"ev":"game","ms":457924,"predicted":false,"t":8,"tick":27317,"type":"hit"}
[client] {"a":1,"dup":false,"ev":"game","ms":458946,"predicted":false,"t":8,"tick":27378,"type":"hit"}
[client] {"a":1,"dup":false,"ev":"game","ms":459263,"predicted":false,"t":8,"tick":27397,"type":"hit"}
[client] {"a":2,"dup":false,"ev":"game","ms":459476,"predicted":false,"t":9,"tick":27410,"type":"hit"}
[client] {"a":1,"dup":false,"ev":"game","ms":459594,"predicted":false,"t":8,"tick":27417,"type":"hit"}
[client] {"counts":{"blocks_on_me":1,"conf_actions":285,"confirmed_hits":1268,"dup_confirmed":0,"hits_on_me":102,"pred_actions":290,"predicted_confirmed":126,"predicted_hits":254,"reconnects":0},"ev":"stats","hp":0.0,"in_bytes":6055380,"late":0,"local_entity":0,"match":{"countdown_until":300,"ctrl":-1,"final":true,"next":"","phase":3,"rot":1655,"scores":[45,26],"sd":false,"state":3,"tick":27145,"zone":"A"},"max_err":1.546,"mean_err":0.0184,"ms":459979,"out_bytes":1344772,"pending":7,"pos":[-41.94,0.67],"reconciles":9131,"server_tick":27444,"snaps":9142,"teleports":9}
[client] {"a":2,"dup":false,"ev":"game","ms":460557,"predicted":false,"t":9,"tick":27474,"type":"hit"}
[client] {"a":3,"dup":false,"ev":"game","ms":461323,"predicted":false,"t":8,"tick":27520,"type":"hit"}
[client] {"a":0,"dup":false,"ev":"game","ms":461663,"predicted":false,"t":-1,"tick":27546,"type":"respawn"}
[client] {"a":1,"dup":false,"ev":"game","ms":461676,"predicted":false,"t":8,"tick":27541,"type":"hit"}
[client] {"a":4,"dup":false,"ev":"game","ms":461744,"predicted":false,"t":8,"tick":27546,"type":"hit"}
[client] {"a":8,"dup":false,"ev":"game","ms":461745,"predicted":false,"t":-1,"tick":27546,"type":"ko"}
[client] {"a":2,"dup":false,"ev":"game","ms":462290,"predicted":false,"t":9,"tick":27579,"type":"hit"}
[client] {"a":2,"dup":false,"ev":"game","ms":463353,"predicted":false,"t":9,"tick":27642,"type":"hit"}
[client] {"a":1,"dup":false,"ev":"game","ms":463952,"predicted":false,"t":9,"tick":27678,"type":"hit"}
[client] {"a":9,"dup":false,"ev":"game","ms":464671,"predicted":false,"t":1,"tick":27721,"type":"hit"}
[client] {"counts":{"blocks_on_me":1,"conf_actions":285,"confirmed_hits":1276,"dup_confirmed":0,"hits_on_me":102,"pred_actions":290,"predicted_confirmed":126,"predicted_hits":254,"reconnects":0},"ev":"stats","hp":220.0,"in_bytes":6115089,"late":0,"local_entity":0,"match":{"countdown_until":300,"ctrl":-1,"final":true,"next":"","phase":3,"rot":1355,"scores":[45,26],"sd":false,"state":3,"tick":27445,"zone":"A"},"max_err":1.546,"mean_err":0.0182,"ms":464973,"out_bytes":1359472,"pending":7,"pos":[-0.07,-26.39],"reconciles":9230,"server_tick":27744,"snaps":9242,"teleports":10}
[client] {"a":9,"dup":false,"ev":"game","ms":464974,"predicted":false,"t":1,"tick":27739,"type":"hit"}
[client] {"a":9,"dup":false,"ev":"game","ms":465305,"predicted":false,"t":1,"tick":27759,"type":"hit"}
[client] {"a":1,"dup":false,"ev":"game","ms":465305,"predicted":false,"t":-1,"tick":27759,"type":"ko"}
[client] {"a":7,"dup":false,"ev":"game","ms":466271,"predicted":false,"t":-1,"tick":27817,"type":"respawn"}
[client] {"a":5,"dup":false,"ev":"game","ms":466471,"predicted":false,"t":2,"tick":27829,"type":"hit"}
[client] {"a":9,"dup":false,"ev":"game","ms":466719,"predicted":false,"t":2,"tick":27844,"type":"hit"}
[client] {"a":5,"dup":false,"ev":"game","ms":467623,"predicted":false,"t":3,"tick":27898,"type":"hit"}
[client] {"a":5,"dup":false,"ev":"game","ms":467637,"predicted":false,"t":2,"tick":27899,"type":"hit"}
[client] {"a":5,"dup":false,"ev":"game","ms":467906,"predicted":false,"t":3,"tick":27915,"type":"hit"}
[client] {"a":2,"dup":false,"ev":"game","ms":468024,"predicted":false,"t":5,"tick":27922,"type":"hit"}
[client] {"a":9,"dup":false,"ev":"game","ms":468258,"predicted":false,"t":3,"tick":27936,"type":"hit"}
[client] {"a":9,"dup":false,"ev":"game","ms":468273,"predicted":false,"t":4,"tick":27937,"type":"hit"}
[client] {"a":5,"dup":false,"ev":"game","ms":468458,"predicted":false,"t":2,"tick":27948,"type":"hit"}
[client] {"a":5,"dup":false,"ev":"game","ms":468686,"predicted":false,"t":2,"tick":27962,"type":"hit"}
[client] {"a":2,"dup":false,"ev":"game","ms":469203,"predicted":false,"t":5,"tick":27993,"type":"hit"}
[client] {"a":2,"dup":false,"ev":"game","ms":469555,"predicted":false,"t":5,"tick":28014,"type":"hit"}
[client] {"a":2,"dup":false,"ev":"game","ms":469921,"predicted":false,"t":5,"tick":28036,"type":"hit"}
[client] {"a":2,"dup":false,"ev":"game","ms":469942,"predicted":false,"t":6,"tick":28037,"type":"hit"}
[client] {"counts":{"blocks_on_me":1,"conf_actions":285,"confirmed_hits":1292,"dup_confirmed":0,"hits_on_me":102,"pred_actions":290,"predicted_confirmed":126,"predicted_hits":254,"reconnects":0},"ev":"stats","hp":220.0,"in_bytes":6177527,"late":0,"local_entity":0,"match":{"countdown_until":300,"ctrl":-1,"final":true,"next":"","phase":3,"rot":1055,"scores":[45,26],"sd":false,"state":3,"tick":27745,"zone":"A"},"max_err":1.546,"mean_err":0.0181,"ms":469975,"out_bytes":1374172,"pending":7,"pos":[-26.13,-10.56],"reconciles":9330,"server_tick":28044,"snaps":9342,"teleports":10}
[client] {"a":3,"dup":false,"ev":"game","ms":470004,"predicted":false,"t":5,"tick":28041,"type":"hit"}
[client] {"a":9,"dup":false,"ev":"game","ms":470274,"predicted":false,"t":2,"tick":28057,"type":"hit"}
[client] {"a":4,"dup":false,"ev":"game","ms":470356,"predicted":false,"t":9,"tick":28062,"type":"hit"}
[client] {"a":6,"dup":false,"ev":"game","ms":470356,"predicted":false,"t":2,"tick":28062,"type":"hit"}
[client] {"a":6,"dup":false,"ev":"game","ms":470687,"predicted":false,"t":2,"tick":28082,"type":"hit"}
[client] {"a":3,"dup":false,"ev":"game","ms":470908,"predicted":false,"t":6,"tick":28095,"type":"hit"}
[client] {"a":5,"dup":false,"ev":"game","ms":471239,"predicted":false,"t":3,"tick":28115,"type":"hit"}
[client] {"a":4,"dup":false,"ev":"game","ms":471460,"predicted":false,"t":9,"tick":28128,"type":"hit"}
[client] {"a":8,"dup":false,"ev":"game","ms":471756,"predicted":false,"t":-1,"tick":28146,"type":"respawn"}
[client] {"a":4,"dup":false,"ev":"game","ms":471791,"predicted":false,"t":9,"tick":28148,"type":"hit"}
[client] {"a":5,"dup":false,"ev":"game","ms":471805,"predicted":false,"t":4,"tick":28149,"type":"hit"}
[client] {"a":3,"dup":false,"ev":"game","ms":471874,"predicted":false,"t":5,"tick":28153,"type":"hit"}
[client] {"a":6,"dup":false,"ev":"game","ms":472039,"predicted":false,"t":4,"tick":28163,"type":"hit"}
[client] {"a":3,"dup":false,"ev":"game","ms":472226,"predicted":false,"t":5,"tick":28174,"type":"hit"}
[client] {"a":2,"dup":false,"ev":"game","ms":472239,"predicted":false,"t":5,"tick":28175,"type":"hit"}
[client] {"a":4,"dup":false,"ev":"game","ms":472405,"predicted":false,"t":5,"tick":28185,"type":"hit"}
[client] {"a":6,"dup":false,"ev":"game","ms":472405,"predicted":false,"t":3,"tick":28185,"type":"hit"}
[client] {"a":4,"dup":false,"ev":"game","ms":472461,"predicted":false,"t":6,"tick":28188,"type":"hit"}
[client] {"a":0,"dup":true,"ev":"game","ms":472757,"predicted":false,"t":6,"tick":28211,"type":"hit"}
[client] {"a":9,"dup":false,"ev":"game","ms":472874,"predicted":false,"t":4,"tick":28213,"type":"hit"}
[client] {"a":2,"dup":false,"ev":"game","ms":473005,"predicted":false,"t":9,"tick":28221,"type":"hit"}
[client] {"a":0,"dup":true,"ev":"game","ms":473075,"predicted":false,"t":6,"tick":28230,"type":"hit"}
[client] {"a":3,"dup":false,"ev":"game","ms":473261,"predicted":false,"t":6,"tick":28236,"type":"hit"}
[client] {"a":0,"dup":true,"ev":"game","ms":473405,"predicted":false,"t":6,"tick":28250,"type":"hit"}
[client] {"a":4,"dup":false,"ev":"game","ms":473579,"predicted":false,"t":5,"tick":28255,"type":"hit"}
[client] {"a":5,"dup":false,"ev":"game","ms":473579,"predicted":false,"t":-1,"tick":28255,"type":"ko"}
[client] {"a":0,"dup":true,"ev":"game","ms":473989,"predicted":false,"t":6,"tick":28285,"type":"hit"}
[client] {"a":9,"dup":false,"ev":"game","ms":474037,"predicted":false,"t":4,"tick":28283,"type":"hit"}
[client] {"a":9,"dup":false,"ev":"game","ms":474072,"predicted":false,"t":2,"tick":28285,"type":"hit"}
[client] {"a":9,"dup":false,"ev":"game","ms":474092,"predicted":false,"t":3,"tick":28286,"type":"hit"}
[client] {"a":6,"dup":false,"ev":"game","ms":474472,"predicted":false,"t":0,"tick":28309,"type":"hit"}
[client] {"a":6,"dup":false,"ev":"game","ms":474803,"predicted":false,"t":0,"tick":28329,"type":"hit"}
[client] {"a":4,"dup":false,"ev":"game","ms":474873,"predicted":false,"t":9,"tick":28333,"type":"hit"}
[client] {"a":9,"dup":false,"ev":"game","ms":474873,"predicted":false,"t":-1,"tick":28333,"type":"ko"}
[client] {"counts":{"blocks_on_me":1,"conf_actions":291,"confirmed_hits":1323,"dup_confirmed":0,"hits_on_me":104,"pred_actions":297,"predicted_confirmed":130,"predicted_hits":264,"reconnects":0},"ev":"stats","hp":184.0,"in_bytes":6248773,"late":0,"local_entity":0,"match":{"countdown_until":300,"ctrl":-1,"final":true,"next":"","phase":3,"rot":755,"scores":[45,26],"sd":false,"state":3,"tick":28045,"zone":"A"},"max_err":1.546,"mean_err":0.018,"ms":474975,"out_bytes":1388872,"pending":7,"pos":[-40.33,-0.03],"reconciles":9430,"server_tick":28344,"snaps":9442,"teleports":10}
[client] {"a":6,"dup":false,"ev":"game","ms":475176,"predicted":false,"t":0,"tick":28351,"type":"hit"}
[client] {"a":1,"dup":false,"ev":"game","ms":475307,"predicted":false,"t":-1,"tick":28359,"type":"respawn"}
[client] {"a":3,"dup":false,"ev":"game","ms":475424,"predicted":false,"t":6,"tick":28366,"type":"hit"}
[client] {"a":3,"dup":false,"ev":"game","ms":475776,"predicted":false,"t":6,"tick":28387,"type":"hit"}
[client] {"a":0,"dup":true,"ev":"game","ms":475922,"predicted":false,"t":6,"tick":28401,"type":"hit"}
[client] {"a":0,"dup":true,"ev":"game","ms":476224,"predicted":false,"t":6,"tick":28419,"type":"hit"}
[client] {"a":3,"dup":false,"ev":"game","ms":476673,"predicted":false,"t":6,"tick":28441,"type":"hit"}
[client] {"a":0,"dup":true,"ev":"game","ms":476694,"predicted":false,"t":6,"tick":28447,"type":"hit"}
[client] {"a":6,"dup":false,"ev":"game","ms":476777,"predicted":false,"t":-1,"tick":28447,"type":"ko"}
[client] {"a":7,"dup":false,"ev":"game","ms":478439,"predicted":false,"t":0,"tick":28547,"type":"hit"}
[client] {"a":7,"dup":false,"ev":"game","ms":478460,"predicted":false,"t":3,"tick":28548,"type":"hit"}
[client] {"a":3,"dup":false,"ev":"game","ms":478460,"predicted":false,"t":-1,"tick":28548,"type":"ko"}
[client] {"counts":{"blocks_on_me":1,"conf_actions":296,"confirmed_hits":1332,"dup_confirmed":0,"hits_on_me":106,"pred_actions":302,"predicted_confirmed":133,"predicted_hits":269,"reconnects":0},"ev":"stats","hp":146.0,"in_bytes":6308789,"late":0,"local_entity":0,"match":{"countdown_until":300,"ctrl":-1,"final":true,"next":"","phase":3,"rot":455,"scores":[45,26],"sd":false,"state":3,"tick":28345,"zone":"A"},"max_err":1.546,"mean_err":0.0181,"ms":479977,"out_bytes":1403572,"pending":7,"pos":[-42.51,0.0],"reconciles":9530,"server_tick":28644,"snaps":9542,"teleports":10}
[client] {"a":7,"dup":false,"ev":"game","ms":480613,"predicted":false,"t":4,"tick":28677,"type":"hit"}
[client] {"a":7,"dup":false,"ev":"game","ms":481124,"predicted":false,"t":4,"tick":28708,"type":"hit"}
[client] {"a":7,"dup":false,"ev":"game","ms":481524,"predicted":false,"t":4,"tick":28732,"type":"hit"}
[client] {"a":7,"dup":false,"ev":"game","ms":481579,"predicted":false,"t":0,"tick":28735,"type":"hit"}
[client] {"a":2,"dup":false,"ev":"game","ms":481642,"predicted":false,"t":7,"tick":28739,"type":"hit"}
[client] {"a":8,"dup":false,"ev":"game","ms":481896,"predicted":false,"t":4,"tick":28754,"type":"hit"}
[client] {"a":8,"dup":false,"ev":"game","ms":482213,"predicted":false,"t":4,"tick":28773,"type":"hit"}
[client] {"a":2,"dup":false,"ev":"game","ms":482262,"predicted":false,"t":8,"tick":28776,"type":"hit"}
[client] {"a":7,"dup":false,"ev":"game","ms":482511,"predicted":false,"t":2,"tick":28791,"type":"hit"}
[client] {"a":2,"dup":false,"ev":"game","ms":482511,"predicted":false,"t":-1,"tick":28791,"type":"ko"}
[client] {"a":4,"dup":false,"ev":"game","ms":482876,"predicted":false,"t":7,"tick":28813,"type":"hit"}
[client] {"a":4,"dup":false,"ev":"game","ms":482910,"predicted":false,"t":8,"tick":28815,"type":"hit"}
[client] {"a":5,"dup":false,"ev":"game","ms":483580,"predicted":false,"t":-1,"tick":28855,"type":"respawn"}
[client] {"a":7,"dup":false,"ev":"game","ms":483842,"predicted":false,"t":0,"tick":28871,"type":"hit"}
[client] {"a":7,"dup":false,"ev":"game","ms":484181,"predicted":false,"t":0,"tick":28891,"type":"hit"}
[client] {"a":4,"dup":false,"ev":"game","ms":484781,"predicted":false,"t":7,"tick":28927,"type":"hit"}
[client] {"a":9,"dup":false,"ev":"game","ms":484877,"predicted":false,"t":-1,"tick":28933,"type":"respawn"}
[client] {"counts":{"blocks_on_me":1,"conf_actions":305,"confirmed_hits":1346,"dup_confirmed":0,"hits_on_me":109,"pred_actions":311,"predicted_confirmed":133,"predicted_hits":276,"reconnects":0},"ev":"stats","hp":92.0,"in_bytes":6372723,"late":0,"local_entity":0,"match":{"countdown_until":300,"ctrl":-1,"final":true,"next":"","phase":3,"rot":155,"scores":[45,26],"sd":false,"state":3,"tick":28645,"zone":"A"},"max_err":1.546,"mean_err":0.0183,"ms":484980,"out_bytes":1418272,"pending":7,"pos":[-41.42,0.34],"reconciles":9630,"server_tick":28944,"snaps":9642,"teleports":10}
[client] {"a":0,"dup":false,"ev":"game","ms":485063,"predicted":false,"t":8,"tick":28949,"type":"hit"}
[client] {"a":7,"dup":false,"ev":"game","ms":485642,"predicted":false,"t":4,"tick":28979,"type":"hit"}
[client] {"a":4,"dup":false,"ev":"game","ms":486058,"predicted":false,"t":7,"tick":29004,"type":"hit"}
[client] {"a":8,"dup":false,"ev":"game","ms":486271,"predicted":false,"t":4,"tick":29017,"type":"hit"}
[client] {"a":4,"dup":false,"ev":"game","ms":486271,"predicted":false,"t":-1,"tick":29017,"type":"ko"}
[client] {"a":0,"dup":true,"ev":"game","ms":486588,"predicted":false,"t":8,"tick":29041,"type":"hit"}
[client] {"a":7,"dup":false,"ev":"game","ms":486706,"predicted":false,"t":1,"tick":29043,"type":"hit"}
[client] {"a":6,"dup":false,"ev":"game","ms":486774,"predicted":false,"t":-1,"tick":29047,"type":"respawn"}
[client] {"duration_s":480.0,"ev":"results","ms":487694,"reason":"time","score":[45,26],"winner":0}
[client] {"counts":{"blocks_on_me":1,"conf_actiERROR: Attempt to disconnect a nonexistent connection from 'Net:<Node#47596963389>'. Signal: 'tree_exited', callable: ''.
   at: _disconnect (core/object/object.cpp:1644)
ons":307,"confirmed_hits":1352,"dup_confirmed":0,"hits_on_me":109,"pred_actions":313,"predicted_confirmed":134,"predicted_hits":278,"reconnects":0},"ev":"stats","hp":92.0,"in_bytes":6409167,"late":0,"local_entity":0,"match":{"countdown_until":300,"ctrl":-1,"final":true,"next":"","phase":3,"rot":2,"scores":[45,26],"sd":false,"state":3,"tick":28798,"zone":"A"},"max_err":1.546,"mean_err":0.0182,"ms":487694,"out_bytes":1426308,"pending":15,"pos":[-42.06,-0.38],"reconciles":9682,"server_tick":29108,"snaps":9693,"teleports":10}
[client] {"a":-1,"dup":false,"ev":"game","ms":487706,"predicted":false,"t":-1,"tick":29099,"type":"match_end"}
