Godot Engine v4.7.2.stable.official.ed1daf0bf - https://godotengine.org

[client] {"detail":"127.0.0.1:24610","ev":"status","ms":0,"status":"connecting"}
[client] {"detail":"","ev":"status","ms":56,"status":"connected"}
[client] {"ev":"welcome","ms":63,"observer":false,"pid":7}
[client] {"ev":"pick","f":"hops","ms":215}
[client] {"ev":"lock","f":"hops","ms":1029}
[client] {"ev":"match_setup","fighters":10,"ms":2057,"you":8}
[client] {"counts":{"blocks_on_me":0,"conf_actions":0,"confirmed_hits":0,"dup_confirmed":0,"hits_on_me":0,"pred_actions":0,"predicted_confirmed":0,"predicted_hits":0,"reconnects":0},"ev":"stats","hp":230.0,"in_bytes":93820,"late":0,"local_entity":8,"match":{"countdown_until":300,"ctrl":-1,"final":false,"next":"","phase":2,"rot":3600,"scores":[0,0],"sd":false,"state":1,"tick":0,"zone":""},"max_err":0.525,"mean_err":0.2228,"ms":4935,"out_bytes":8542,"pending":7,"pos":[3.12,46.2],"reconciles":56,"server_tick":173,"snaps":58,"teleports":1}
[client] {"counts":{"blocks_on_me":0,"conf_actions":0,"confirmed_hits":0,"dup_confirmed":0,"hits_on_me":0,"pred_actions":0,"predicted_confirmed":0,"predicted_hits":0,"reconnects":0},"ev":"stats","hp":230.0,"in_bytes":139041,"late":0,"local_entity":8,"match":{"countdown_until":300,"ctrl":-1,"final":false,"next":"","phase":3,"rot":3425,"scores":[0,0],"sd":false,"state":1,"tick":175,"zone":"B"},"max_err":0.525,"mean_err":0.1408,"ms":9938,"out_bytes":23242,"pending":7,"pos":[1.05,25.31],"reconciles":156,"server_tick":473,"snaps":158,"teleports":1}
[client] {"a":3,"dup":false,"ev":"game","ms":14189,"predicted":false,"t":6,"tick":724,"type":"hit"}
[client] {"a":5,"dup":false,"ev":"game","ms":14776,"predicted":false,"t":3,"tick":759,"type":"hit"}
[client] {"counts":{"blocks_on_me":0,"conf_actions":1,"confirmed_hits":2,"dup_confirmed":0,"hits_on_me":0,"pred_actions":2,"predicted_confirmed":0,"predicted_hits":0,"reconnects":0},"ev":"stats","hp":230.0,"in_bytes":204184,"late":0,"local_entity":8,"match":{"countdown_until":300,"ctrl":-1,"final":false,"next":"","phase":3,"rot":3125,"scores":[0,0],"sd":false,"state":3,"tick":475,"zone":"B"},"max_err":0.525,"mean_err":0.0903,"ms":14940,"out_bytes":37942,"pending":7,"pos":[3.61,-3.86],"reconciles":256,"server_tick":773,"snaps":258,"teleports":1}
[client] {"a":3,"dup":false,"ev":"game","ms":15707,"predicted":false,"t":5,"tick":815,"type":"hit"}
[client] {"a":2,"dup":false,"ev":"game","ms":16038,"predicted":false,"t":5,"tick":835,"type":"hit"}
[client] {"a":2,"dup":false,"ev":"game","ms":16039,"predicted":false,"t":9,"tick":835,"type":"hit"}
[client] {"a":2,"dup":false,"ev":"game","ms":16121,"predicted":false,"t":6,"tick":840,"type":"hit"}
[client] {"a":1,"dup":false,"ev":"game","ms":16156,"predicted":false,"t":6,"tick":842,"type":"hit"}
[client] {"a":1,"dup":false,"ev":"game","ms":16191,"predicted":false,"t":5,"tick":844,"type":"hit"}
[client] {"a":1,"dup":false,"ev":"game","ms":16191,"predicted":false,"t":9,"tick":844,"type":"hit"}
[client] {"a":3,"dup":false,"ev":"game","ms":16439,"predicted":false,"t":7,"tick":859,"type":"hit"}
[client] {"a":8,"dup":true,"ev":"game","ms":16756,"predicted":false,"t":4,"tick":883,"type":"hit"}
[client] {"a":2,"dup":false,"ev":"game","ms":17073,"predicted":false,"t":6,"tick":897,"type":"hit"}
[client] {"a":1,"dup":false,"ev":"game","ms":17192,"predicted":false,"t":5,"tick":904,"type":"hit"}
[client] {"a":1,"dup":false,"ev":"game","ms":17192,"predicted":false,"t":6,"tick":904,"type":"hit"}
[client] {"a":1,"dup":false,"ev":"game","ms":17227,"predicted":false,"t":9,"tick":906,"type":"hit"}
[client] {"a":1,"dup":false,"ev":"game","ms":17239,"predicted":false,"t":7,"tick":907,"type":"hit"}
[client] {"a":8,"dup":true,"ev":"game","ms":17370,"predicted":false,"t":4,"tick":920,"type":"hit"}
[client] {"a":8,"dup":true,"ev":"game","ms":18081,"predicted":false,"t":2,"tick":962,"type":"hit"}
[client] {"a":7,"dup":false,"ev":"game","ms":18115,"predicted":false,"t":3,"tick":959,"type":"hit"}
[client] {"a":7,"dup":false,"ev":"game","ms":18419,"predicted":false,"t":3,"tick":977,"type":"hit"}
[client] {"a":4,"dup":false,"ev":"game","ms":18454,"predicted":false,"t":8,"tick":979,"type":"hit"}
[client] {"a":7,"dup":false,"ev":"game","ms":18771,"predicted":false,"t":3,"tick":998,"type":"hit"}
[client] {"a":2,"dup":false,"ev":"game","ms":18799,"predicted":false,"t":8,"tick":1000,"type":"hit"}
[client] {"a":4,"dup":false,"ev":"game","ms":18833,"predicted":false,"t":8,"tick":1002,"type":"hit"}
[client] {"a":9,"dup":false,"ev":"game","ms":19019,"predicted":false,"t":3,"tick":1013,"type":"hit"}
[client] {"a":8,"dup":true,"ev":"game","ms":19137,"predicted":false,"t":0,"tick":1026,"type":"hit"}
[client] {"a":2,"dup":false,"ev":"game","ms":19537,"predicted":false,"t":8,"tick":1044,"type":"hit"}
[client] {"a":7,"dup":false,"ev":"game","ms":19537,"predicted":false,"t":3,"tick":1044,"type":"hit"}
[client] {"a":2,"dup":false,"ev":"game","ms":19855,"predicted":false,"t":8,"tick":1063,"type":"hit"}
[client] {"counts":{"blocks_on_me":0,"conf_actions":11,"confirmed_hits":29,"dup_confirmed":0,"hits_on_me":5,"pred_actions":12,"predicted_confirmed":4,"predicted_hits":12,"reconnects":0},"ev":"stats","hp":120.0,"in_bytes":279720,"late":0,"local_entity":8,"match":{"countdown_until":300,"ctrl":-1,"final":false,"next":"","phase":3,"rot":2825,"scores":[0,0],"sd":false,"state":3,"tick":775,"zone":"B"},"max_err":1.002,"mean_err":0.0715,"ms":19937,"out_bytes":52642,"pending":7,"pos":[2.29,-3.55],"reconciles":356,"server_tick":1073,"snaps":358,"teleports":1}
[client] {"a":9,"dup":false,"ev":"game","ms":19951,"predicted":false,"t":4,"tick":1070,"type":"hit"}
[client] {"a":9,"dup":false,"ev":"game","ms":19971,"predicted":false,"t":1,"tick":1071,"type":"hit"}
[client] {"a":2,"dup":false,"ev":"game","ms":20151,"predicted":false,"t":8,"tick":1082,"type":"hit"}
[client] {"a":8,"dup":true,"ev":"game","ms":20504,"predicted":false,"t":1,"tick":1108,"type":"hit"}
[client] {"a":7,"dup":false,"ev":"game","ms":20655,"predicted":false,"t":3,"tick":1111,"type":"block"}
[client] {"a":9,"dup":false,"ev":"game","ms":20689,"predicted":false,"t":3,"tick":1113,"type":"block"}
[client] {"a":6,"dup":false,"ev":"game","ms":20903,"predicted":false,"t":3,"tick":1126,"type":"block"}
[client] {"a":0,"dup":false,"ev":"game","ms":20937,"predicted":false,"t":8,"tick":1128,"type":"hit"}
[client] {"a":7,"dup":false,"ev":"game","ms":20938,"predicted":false,"t":3,"tick":1128,"type":"block"}
[client] {"a":9,"dup":false,"ev":"game","ms":20986,"predicted":false,"t":3,"tick":1132,"type":"block"}
[client] {"a":0,"dup":false,"ev":"game","ms":21034,"predicted":false,"t":6,"tick":1134,"type":"hit"}
[client] {"a":0,"dup":false,"ev":"game","ms":21034,"predicted":false,"t":9,"tick":1134,"type":"hit"}
[client] {"a":4,"dup":false,"ev":"game","ms":21828,"predicted":false,"t":7,"tick":1182,"type":"hit"}
[client] {"a":1,"dup":false,"ev":"game","ms":21862,"predicted":false,"t":6,"tick":1184,"type":"hit"}
[client] {"a":5,"dup":false,"ev":"game","ms":22028,"predicted":false,"t":3,"tick":1194,"type":"hit"}
[client] {"a":2,"dup":false,"ev":"game","ms":22166,"predicted":false,"t":5,"tick":1203,"type":"hit"}
[client] {"a":2,"dup":false,"ev":"game","ms":22166,"predicted":false,"t":6,"tick":1203,"type":"hit"}
[client] {"a":6,"dup":false,"ev":"game","ms":22166,"predicted":false,"t":-1,"tick":1203,"type":"ko"}
[client] {"a":9,"dup":false,"ev":"game","ms":22732,"predicted":false,"t":0,"tick":1236,"type":"hit"}
[client] {"a":3,"dup":false,"ev":"game","ms":22780,"predicted":false,"t":5,"tick":1240,"type":"hit"}
[client] {"a":3,"dup":false,"ev":"game","ms":22849,"predicted":false,"t":7,"tick":1243,"type":"hit"}
[client] {"a":2,"dup":false,"ev":"game","ms":23111,"predicted":false,"t":8,"tick":1260,"type":"hit"}
[client] {"a":4,"dup":false,"ev":"game","ms":23111,"predicted":false,"t":8,"tick":1260,"type":"hit"}
[client] {"a":5,"dup":false,"ev":"game","ms":23146,"predicted":false,"t":3,"tick":1262,"type":"hit"}
[client] {"a":1,"dup":false,"ev":"game","ms":23180,"predicted":false,"t":8,"tick":1264,"type":"hit"}
[client] {"a":0,"dup":false,"ev":"game","ms":23228,"predicted":false,"t":8,"tick":1266,"type":"hit"}
[client] {"a":8,"dup":false,"ev":"game","ms":23311,"predicted":false,"t":-1,"tick":1276,"type":"ko"}
[client] {"a":4,"dup":false,"ev":"game","ms":23380,"predicted":false,"t":8,"tick":1276,"type":"hit"}
[client] {"a":7,"dup":false,"ev":"game","ms":23484,"predicted":false,"t":3,"tick":1282,"type":"hit"}
[client] {"a":5,"dup":false,"ev":"game","ms":24084,"predicted":false,"t":1,"tick":1317,"type":"hit"}
[client] {"a":0,"dup":false,"ev":"game","ms":24084,"predicted":false,"t":9,"tick":1318,"type":"hit"}
[client] {"a":3,"dup":false,"ev":"game","ms":24312,"predicted":false,"t":5,"tick":1332,"type":"hit"}
[client] {"a":4,"dup":false,"ev":"game","ms":24595,"predicted":false,"t":9,"tick":1349,"type":"hit"}
[client] {"a":1,"dup":false,"ev":"game","ms":24629,"predicted":false,"t":9,"tick":1351,"type":"hit"}
[client] {"a":5,"dup":false,"ev":"game","ms":24781,"predicted":false,"t":3,"tick":1360,"type":"hit"}
[client] {"counts":{"blocks_on_me":0,"conf_actions":15,"confirmed_hits":57,"dup_confirmed":0,"hits_on_me":12,"pred_actions":16,"predicted_confirmed":5,"predicted_hits":14,"reconnects":0},"ev":"stats","hp":0.0,"in_bytes":360599,"late":0,"local_entity":8,"match":{"countdown_until":300,"ctrl":-1,"final":false,"next":"","phase":3,"rot":2525,"scores":[0,0],"sd":false,"state":3,"tick":1075,"zone":"B"},"max_err":1.134,"mean_err":0.064,"ms":24932,"out_bytes":67342,"pending":7,"pos":[2.13,-4.03],"reconciles":456,"server_tick":1373,"snaps":458,"teleports":1}
[client] {"a":7,"dup":false,"ev":"game","ms":24967,"predicted":false,"t":3,"tick":1371,"type":"hit"}
[client] {"a":1,"dup":false,"ev":"game","ms":25015,"predicted":false,"t":7,"tick":1374,"type":"hit"}
[client] {"a":9,"dup":false,"ev":"game","ms":25029,"predicted":false,"t":3,"tick":1375,"type":"hit"}
[client] {"a":4,"dup":false,"ev":"game","ms":25084,"predicted":false,"t":9,"tick":1378,"type":"hit"}
[client] {"a":5,"dup":false,"ev":"game","ms":25333,"predicted":false,"t":3,"tick":1393,"type":"hit"}
[client] {"a":3,"dup":false,"ev":"game","ms":25333,"predicted":false,"t":-1,"tick":1393,"type":"ko"}
[client] {"a":4,"dup":false,"ev":"game","ms":25450,"predicted":false,"t":9,"tick":1399,"type":"hit"}
[client] {"a":9,"dup":false,"ev":"game","ms":25450,"predicted":false,"t":-1,"tick":1399,"type":"ko"}
[client] {"a":4,"dup":false,"ev":"game","ms":25464,"predicted":false,"t":5,"tick":1400,"type":"hit"}
[client] {"a":2,"dup":false,"ev":"game","ms":25498,"predicted":false,"t":5,"tick":1403,"type":"hit"}
[client] {"a":5,"dup":false,"ev":"game","ms":25885,"predicted":false,"t":2,"tick":1425,"type":"hit"}
[client] {"a":2,"dup":false,"ev":"game","ms":26651,"predicted":false,"t":5,"tick":1471,"type":"block"}
[client] {"a":0,"dup":false,"ev":"game","ms":26885,"predicted":false,"t":5,"tick":1486,"type":"block"}
[client] {"a":0,"dup":false,"ev":"game","ms":26933,"predicted":false,"t":7,"tick":1489,"type":"hit"}
[client] {"a":2,"dup":false,"ev":"game","ms":26947,"predicted":false,"t":5,"tick":1490,"type":"block"}
[client] {"a":0,"dup":false,"ev":"game","ms":27216,"predicted":false,"t":5,"tick":1505,"type":"block"}
[client] {"a":4,"dup":false,"ev":"game","ms":27333,"predicted":false,"t":7,"tick":1512,"type":"hit"}
[client] {"a":2,"dup":false,"ev":"game","ms":27368,"predicted":false,"t":5,"tick":1514,"type":"block"}
[client] {"a":1,"dup":false,"ev":"game","ms":27486,"predicted":false,"t":7,"tick":1521,"type":"hit"}
[client] {"a":0,"dup":false,"ev":"game","ms":27617,"predicted":false,"t":5,"tick":1529,"type":"block"}
[client] {"a":0,"dup":false,"ev":"game","ms":27651,"predicted":false,"t":7,"tick":1531,"type":"hit"}
[client] {"a":2,"dup":false,"ev":"game","ms":27913,"predicted":false,"t":5,"tick":1547,"type":"block"}
[client] {"a":7,"dup":false,"ev":"game","ms":27948,"predicted":false,"t":1,"tick":1550,"type":"hit"}
[client] {"a":0,"dup":false,"ev":"game","ms":28148,"predicted":false,"t":5,"tick":1562,"type":"block"}
[client] {"a":7,"dup":false,"ev":"game","ms":28286,"predicted":false,"t":1,"tick":1569,"type":"hit"}
[client] {"a":4,"dup":false,"ev":"game","ms":28486,"predicted":false,"t":7,"tick":1581,"type":"hit"}
[client] {"a":7,"dup":false,"ev":"game","ms":28783,"predicted":false,"t":1,"tick":1600,"type":"hit"}
[client] {"a":4,"dup":false,"ev":"game","ms":28817,"predicted":false,"t":7,"tick":1601,"type":"hit"}
[client] {"a":7,"dup":false,"ev":"game","ms":28817,"predicted":false,"t":-1,"tick":1601,"type":"ko"}
[client] {"a":2,"dup":false,"ev":"game","ms":28948,"predicted":false,"t":5,"tick":1610,"type":"block"}
[client] {"a":0,"dup":false,"ev":"game","ms":29218,"predicted":false,"t":5,"tick":1625,"type":"hit"}
[client] {"a":2,"dup":false,"ev":"game","ms":29287,"predicted":false,"t":5,"tick":1630,"type":"hit"}
[client] {"a":0,"dup":false,"ev":"game","ms":29535,"predicted":false,"t":5,"tick":1645,"type":"hit"}
[client] {"a":1,"dup":false,"ev":"game","ms":29535,"predicted":false,"t":5,"tick":1645,"type":"hit"}
[client] {"a":5,"dup":false,"ev":"game","ms":29535,"predicted":false,"t":-1,"tick":1645,"type":"ko"}
[client] {"counts":{"blocks_on_me":0,"conf_actions":15,"confirmed_hits":79,"dup_confirmed":0,"hits_on_me":12,"pred_actions":16,"predicted_confirmed":5,"predicted_hits":14,"reconnects":0},"ev":"stats","hp":0.0,"in_bytes":432011,"late":0,"local_entity":8,"match":{"countdown_until":300,"ctrl":0,"final":false,"next":"","phase":3,"rot":2225,"scores":[0,0],"sd":false,"state":2,"tick":1375,"zone":"B"},"max_err":1.134,"mean_err":0.0525,"ms":29934,"out_bytes":82042,"pending":7,"pos":[2.13,-4.03],"reconciles":556,"server_tick":1673,"snaps":558,"teleports":1}
[client] {"a":6,"dup":false,"ev":"game","ms":32170,"predicted":false,"t":-1,"tick":1803,"type":"respawn"}
[client] {"a":8,"dup":false,"ev":"game","ms":33316,"predicted":false,"t":-1,"tick":1876,"type":"respawn"}
[client] {"counts":{"blocks_on_me":0,"conf_actions":15,"confirmed_hits":79,"dup_confirmed":0,"hits_on_me":12,"pred_actions":16,"predicted_confirmed":5,"predicted_hits":14,"reconnects":0},"ev":"stats","hp":230.0,"in_bytes":481873,"late":0,"local_entity":8,"match":{"countdown_until":300,"ctrl":0,"final":false,"next":"","phase":3,"rot":1925,"scores":[5,0],"sd":false,"state":2,"tick":1675,"zone":"B"},"max_err":1.134,"mean_err":0.0445,"ms":34936,"out_bytes":96742,"pending":7,"pos":[3.66,37.31],"reconciles":655,"server_tick":1973,"snaps":658,"teleports":2}
[client] {"a":3,"dup":false,"ev":"game","ms":35338,"predicted":false,"t":-1,"tick":1993,"type":"respawn"}
[client] {"a":9,"dup":false,"ev":"game","ms":35434,"predicted":false,"t":-1,"tick":1999,"type":"respawn"}
[client] {"a":7,"dup":false,"ev":"game","ms":38809,"predicted":false,"t":-1,"tick":2201,"type":"respawn"}
[client] {"a":5,"dup":false,"ev":"game","ms":39540,"predicted":false,"t":-1,"tick":2245,"type":"respawn"}
[client] {"a":6,"dup":false,"ev":"game","ms":39705,"predicted":false,"t":0,"tick":2255,"type":"hit"}
[client] {"a":6,"dup":false,"ev":"game","ms":39926,"predicted":false,"t":0,"tick":2268,"type":"hit"}
[client] {"counts":{"blocks_on_me":0,"conf_actions":15,"confirmed_hits":81,"dup_confirmed":0,"hits_on_me":12,"pred_actions":16,"predicted_confirmed":5,"predicted_hits":14,"reconnects":0},"ev":"stats","hp":230.0,"in_bytes":539043,"late":0,"local_entity":8,"match":{"countdown_until":300,"ctrl":-1,"final":false,"next":"","phase":3,"rot":1625,"scores":[8,0],"sd":false,"state":3,"tick":1975,"zone":"B"},"max_err":1.134,"mean_err":0.0386,"ms":39939,"out_bytes":111442,"pending":7,"pos":[-2.73,-0.06],"reconciles":755,"server_tick":2273,"snaps":758,"teleports":2}
[client] {"a":6,"dup":false,"ev":"game","ms":39940,"predicted":false,"t":4,"tick":2269,"type":"hit"}
[client] {"a":6,"dup":false,"ev":"game","ms":40409,"predicted":false,"t":0,"tick":2297,"type":"hit"}
[client] {"a":6,"dup":false,"ev":"game","ms":40423,"predicted":false,"t":1,"tick":2298,"type":"hit"}
[client] {"a":6,"dup":false,"ev":"game","ms":40754,"predicted":false,"t":0,"tick":2318,"type":"hit"}
[client] {"a":1,"dup":false,"ev":"game","ms":40790,"predicted":false,"t":6,"tick":2320,"type":"hit"}
[client] {"a":4,"dup":false,"ev":"game","ms":40871,"predicted":false,"t":6,"tick":2325,"type":"hit"}
[client] {"a":0,"dup":false,"ev":"game","ms":41106,"predicted":false,"t":8,"tick":2339,"type":"hit"}
[client] {"a":1,"dup":false,"ev":"game","ms":41127,"predicted":false,"t":6,"tick":2340,"type":"hit"}
[client] {"a":4,"dup":false,"ev":"game","ms":41245,"predicted":false,"t":6,"tick":2347,"type":"hit"}
[client] {"a":0,"dup":false,"ev":"game","ms":41444,"predicted":false,"t":8,"tick":2359,"type":"hit"}
[client] {"a":0,"dup":false,"ev":"game","ms":41472,"predicted":false,"t":6,"tick":2361,"type":"hit"}
[client] {"a":0,"dup":false,"ev":"game","ms":41846,"predicted":false,"t":8,"tick":2383,"type":"hit"}
[client] {"a":1,"dup":false,"ev":"game","ms":42127,"predicted":false,"t":6,"tick":2400,"type":"hit"}
[client] {"a":8,"dup":true,"ev":"game","ms":42189,"predicted":false,"t":0,"tick":2409,"type":"hit"}
[client] {"a":8,"dup":false,"ev":"game","ms":42527,"predicted":false,"t":1,"tick":2429,"type":"hit"}
[client] {"a":3,"dup":false,"ev":"game","ms":42866,"predicted":false,"t":6,"tick":2445,"type":"hit"}
[client] {"a":6,"dup":false,"ev":"game","ms":43383,"predicted":false,"t":0,"tick":2476,"type":"hit"}
[client] {"a":3,"dup":false,"ev":"game","ms":43466,"predicted":false,"t":6,"tick":2481,"type":"hit"}
[client] {"a":1,"dup":false,"ev":"game","ms":43550,"predicted":false,"t":8,"tick":2486,"type":"hit"}
[client] {"a":9,"dup":false,"ev":"game","ms":43839,"predicted":false,"t":1,"tick":2502,"type":"hit"}
[client] {"a":8,"dup":true,"ev":"game","ms":44121,"predicted":false,"t":1,"tick":2525,"type":"hit"}
[client] {"a":9,"dup":false,"ev":"game","ms":44521,"predicted":false,"t":1,"tick":2544,"type":"hit"}
[client] {"a":9,"dup":false,"ev":"game","ms":44550,"predicted":false,"t":0,"tick":2546,"type":"hit"}
[client] {"counts":{"blocks_on_me":0,"conf_actions":23,"confirmed_hits":104,"dup_confirmed":0,"hits_on_me":16,"pred_actions":24,"predicted_confirmed":7,"predicted_hits":20,"reconnects":0},"ev":"stats","hp":158.0,"in_bytes":615338,"late":0,"local_entity":8,"match":{"countdown_until":300,"ctrl":-1,"final":false,"next":"","phase":3,"rot":1328,"scores":[8,0],"sd":false,"state":3,"tick":2272,"zone":"B"},"max_err":1.781,"mean_err":0.0402,"ms":44935,"out_bytes":126142,"pending":7,"pos":[-1.75,-2.71],"reconciles":855,"server_tick":2573,"snaps":857,"teleports":2}
[client] {"a":8,"dup":true,"ev":"game","ms":45266,"predicted":false,"t":2,"tick":2593,"type":"hit"}
[client] {"a":9,"dup":false,"ev":"game","ms":45322,"predicted":false,"t":2,"tick":2592,"type":"block"}
[client] {"a":9,"dup":false,"ev":"game","ms":45384,"predicted":false,"t":4,"tick":2595,"type":"hit"}
[client] {"a":8,"dup":true,"ev":"game","ms":45570,"predicted":false,"t":2,"tick":2612,"type":"hit"}
[client] {"a":8,"dup":false,"ev":"game","ms":45640,"predicted":false,"t":4,"tick":2615,"type":"hit"}
[client] {"a":9,"dup":false,"ev":"game","ms":45653,"predicted":false,"t":2,"tick":2612,"type":"hit"}
[client] {"a":9,"dup":false,"ev":"game","ms":45688,"predicted":false,"t":4,"tick":2614,"type":"hit"}
[client] {"a":3,"dup":false,"ev":"game","ms":45819,"predicted":false,"t":9,"tick":2622,"type":"hit"}
[client] {"a":1,"dup":false,"ev":"game","ms":45853,"predicted":false,"t":6,"tick":2624,"type":"hit"}
[client] {"a":0,"dup":false,"ev":"game","ms":46205,"predicted":false,"t":8,"tick":2645,"type":"hit"}
[client] {"a":2,"dup":false,"ev":"game","ms":46267,"predicted":false,"t":8,"tick":2649,"type":"hit"}
[client] {"a":3,"dup":false,"ev":"game","ms":46288,"predicted":false,"t":8,"tick":2650,"type":"hit"}
[client] {"a":1,"dup":false,"ev":"game","ms":46771,"predicted":false,"t":6,"tick":2679,"type":"hit"}
[client] {"a":6,"dup":false,"ev":"game","ms":46771,"predicted":false,"t":-1,"tick":2679,"type":"ko"}
[client] {"a":8,"dup":true,"ev":"game","ms":46923,"predicted":false,"t":1,"tick":2693,"type":"hit"}
[client] {"a":9,"dup":false,"ev":"game","ms":47006,"predicted":false,"t":2,"tick":2693,"type":"hit"}
[client] {"a":8,"dup":true,"ev":"game","ms":47254,"predicted":false,"t":1,"tick":2713,"type":"hit"}
[client] {"a":3,"dup":false,"ev":"game","ms":47304,"predicted":false,"t":9,"tick":2711,"type":"hit"}
[client] {"a":2,"dup":false,"ev":"game","ms":47325,"predicted":false,"t":9,"tick":2712,"type":"hit"}
[client] {"a":7,"dup":false,"ev":"game","ms":47386,"predicted":false,"t":2,"tick":2716,"type":"hit"}
[client] {"a":3,"dup":false,"ev":"game","ms":47406,"predicted":false,"t":7,"tick":2717,"type":"hit"}
[client] {"a":9,"dup":false,"ev":"game","ms":47737,"predicted":false,"t":3,"tick":2737,"type":"hit"}
[client] {"a":9,"dup":false,"ev":"game","ms":47750,"predicted":false,"t":2,"tick":2738,"type":"hit"}
[client] {"a":4,"dup":false,"ev":"game","ms":47854,"predicted":false,"t":9,"tick":2744,"type":"hit"}
[client] {"a":8,"dup":true,"ev":"game","ms":47986,"predicted":false,"t":4,"tick":2757,"type":"hit"}
[client] {"a":3,"dup":false,"ev":"game","ms":48137,"predicted":false,"t":8,"tick":2761,"type":"hit"}
[client] {"a":3,"dup":false,"ev":"game","ms":48468,"predicted":false,"t":8,"tick":2781,"type":"hit"}
[client] {"a":7,"dup":false,"ev":"game","ms":48620,"predicted":false,"t":3,"tick":2790,"type":"hit"}
[client] {"a":8,"dup":true,"ev":"game","ms":48787,"predicted":false,"t":3,"tick":2805,"type":"hit"}
[client] {"a":8,"dup":true,"ev":"game","ms":48842,"predicted":false,"t":2,"tick":2808,"type":"hit"}
[client] {"a":1,"dup":false,"ev":"game","ms":48988,"predicted":false,"t":8,"tick":2812,"type":"hit"}
[client] {"a":1,"dup":false,"ev":"game","ms":49056,"predicted":false,"t":9,"tick":2816,"type":"hit"}
[client] {"a":2,"dup":false,"ev":"game","ms":49269,"predicted":false,"t":7,"tick":2829,"type":"hit"}
[client] {"a":3,"dup":false,"ev":"game","ms":49579,"predicted":false,"t":5,"tick":2845,"type":"block"}
[client] {"a":3,"dup":false,"ev":"game","ms":49586,"predicted":false,"t":7,"tick":2847,"type":"hit"}
[client] {"a":1,"dup":false,"ev":"game","ms":49615,"predicted":false,"t":7,"tick":2850,"type":"hit"}
[client] {"a":0,"dup":false,"ev":"game","ms":49697,"predicted":false,"t":5,"tick":2855,"type":"block"}
[client] {"a":8,"dup":true,"ev":"game","ms":49836,"predicted":false,"t":3,"tick":2867,"type":"hit"}
[client] {"a":8,"dup":false,"ev":"game","ms":49849,"predicted":false,"t":-1,"tick":2869,"type":"ko"}
[client] {"counts":{"blocks_on_me":0,"conf_actions":31,"confirmed_hits":138,"dup_confirmed":0,"hits_on_me":22,"pred_actions":33,"predicted_confirmed":15,"predicted_hits":33,"reconnects":0},"ev":"stats","hp":0.0,"in_bytes":696633,"late":0,"local_entity":8,"match":{"countdown_until":300,"ctrl":-1,"final":false,"next":"","phase":3,"rot":1025,"scores":[8,0],"sd":false,"state":3,"tick":2575,"zone":"B"},"max_err":1.781,"mean_err":0.0428,"ms":49931,"out_bytes":140842,"pending":7,"pos":[-3.06,-2.39],"reconciles":955,"server_tick":2873,"snaps":958,"teleports":2}
[client] {"a":1,"dup":false,"ev":"game","ms":49932,"predicted":false,"t":8,"tick":2869,"type":"hit"}
[client] {"a":0,"dup":false,"ev":"game","ms":49980,"predicted":false,"t":5,"tick":2872,"type":"block"}
[client] {"a":1,"dup":false,"ev":"game","ms":50235,"predicted":false,"t":5,"tick":2887,"type":"block"}
[client] {"a":7,"dup":false,"ev":"game","ms":50235,"predicted":false,"t":3,"tick":2887,"type":"block"}
[client] {"a":1,"dup":false,"ev":"game","ms":50263,"predicted":false,"t":7,"tick":2889,"type":"hit"}
[client] {"a":2,"dup":false,"ev":"game","ms":50401,"predicted":false,"t":5,"tick":2897,"type":"block"}
[client] {"a":2,"dup":false,"ev":"game","ms":50697,"predicted":false,"t":5,"tick":2915,"type":"block"}
[client] {"a":1,"dup":false,"ev":"game","ms":50718,"predicted":false,"t":5,"tick":2916,"type":"block"}
[client] {"a":1,"dup":false,"ev":"game","ms":50932,"predicted":false,"t":5,"tick":2929,"type":"block"}
[client] {"a":7,"dup":false,"ev":"game","ms":50932,"predicted":false,"t":1,"tick":2929,"type":"hit"}
[client] {"a":2,"dup":false,"ev":"game","ms":51001,"predicted":false,"t":5,"tick":2933,"type":"block"}
[client] {"a":1,"dup":false,"ev":"game","ms":51581,"predicted":false,"t":5,"tick":2968,"type":"hit"}
[client] {"a":7,"dup":false,"ev":"game","ms":51581,"predicted":false,"t":3,"tick":2968,"type":"block"}
[client] {"a":1,"dup":false,"ev":"game","ms":51601,"predicted":false,"t":7,"tick":2969,"type":"hit"}
[client] {"a":0,"dup":false,"ev":"game","ms":51615,"predicted":false,"t":5,"tick":2970,"type":"hit"}
[client] {"a":9,"dup":false,"ev":"game","ms":51780,"predicted":false,"t":1,"tick":2980,"type":"hit"}
[client] {"a":1,"dup":false,"ev":"game","ms":51780,"predicted":false,"t":-1,"tick":2980,"type":"ko"}
[client] {"a":9,"dup":false,"ev":"game","ms":51815,"predicted":false,"t":3,"tick":2982,"type":"block"}
[client] {"a":2,"dup":false,"ev":"game","ms":51884,"predicted":false,"t":5,"tick":2986,"type":"hit"}
[client] {"a":2,"dup":false,"ev":"game","ms":51884,"predicted":false,"t":9,"tick":2986,"type":"hit"}
[client] {"a":2,"dup":false,"ev":"game","ms":52636,"predicted":false,"t":7,"tick":3031,"type":"hit"}
[client] {"a":2,"dup":false,"ev":"game","ms":52954,"predicted":false,"t":5,"tick":3050,"type":"hit"}
[client] {"a":9,"dup":false,"ev":"game","ms":53085,"predicted":false,"t":2,"tick":3058,"type":"hit"}
[client] {"a":5,"dup":false,"ev":"game","ms":53333,"predicted":false,"t":2,"tick":3073,"type":"hit"}
[client] {"a":2,"dup":false,"ev":"game","ms":53651,"predicted":false,"t":5,"tick":3092,"type":"hit"}
[client] {"a":2,"dup":false,"ev":"game","ms":53651,"predicted":false,"t":9,"tick":3092,"type":"hit"}
[client] {"a":2,"dup":false,"ev":"game","ms":54016,"predicted":false,"t":5,"tick":3114,"type":"hit"}
[client] {"a":2,"dup":false,"ev":"game","ms":54016,"predicted":false,"t":7,"tick":3114,"type":"hit"}
[client] {"a":9,"dup":false,"ev":"game","ms":54237,"predicted":false,"t":2,"tick":3127,"type":"hit"}
[client] {"a":7,"dup":false,"ev":"game","ms":54334,"predicted":false,"t":2,"tick":3133,"type":"hit"}
[client] {"a":5,"dup":false,"ev":"game","ms":54499,"predicted":false,"t":2,"tick":3143,"type":"hit"}
[client] {"counts":{"blocks_on_me":0,"conf_actions":31,"confirmed_hits":158,"dup_confirmed":0,"hits_on_me":23,"pred_actions":33,"predicted_confirmed":15,"predicted_hits":33,"reconnects":0},"ev":"stats","hp":0.0,"in_bytes":770247,"late":0,"local_entity":8,"match":{"countdown_until":300,"ctrl":-1,"final":false,"next":"A","phase":3,"rot":725,"scores":[8,0],"sd":false,"state":3,"tick":2875,"zone":"B"},"max_err":1.781,"mean_err":0.0387,"ms":54933,"out_bytes":155542,"pending":7,"pos":[-3.06,-2.39],"reconciles":1055,"server_tick":3173,"snaps":1058,"teleports":2}
[client] {"a":2,"dup":false,"ev":"game","ms":54934,"predicted":false,"t":7,"tick":3169,"type":"hit"}
[client] {"a":9,"dup":false,"ev":"game","ms":55368,"predicted":false,"t":2,"tick":3195,"type":"hit"}
[client] {"a":3,"dup":false,"ev":"game","ms":55769,"predicted":false,"t":9,"tick":3219,"type":"hit"}
[client] {"a":9,"dup":false,"ev":"game","ms":55769,"predicted":false,"t":-1,"tick":3219,"type":"ko"}
[client] {"a":3,"dup":false,"ev":"game","ms":56100,"predicted":false,"t":5,"tick":3239,"type":"hit"}
[client] {"a":3,"dup":false,"ev":"game","ms":56417,"predicted":false,"t":5,"tick":3258,"type":"hit"}
[client] {"a":7,"dup":false,"ev":"game","ms":56666,"predicted":false,"t":3,"tick":3273,"type":"hit"}
[client] {"a":6,"dup":false,"ev":"game","ms":56770,"predicted":false,"t":-1,"tick":3279,"type":"respawn"}
[client] {"a":7,"dup":false,"ev":"game","ms":56985,"predicted":false,"t":0,"tick":3292,"type":"hit"}
[client] {"a":7,"dup":false,"ev":"game","ms":56985,"predicted":false,"t":3,"tick":3292,"type":"hit"}
[client] {"a":5,"dup":false,"ev":"game","ms":57218,"predicted":false,"t":3,"tick":3306,"type":"hit"}
[client] {"a":5,"dup":false,"ev":"game","ms":57266,"predicted":false,"t":0,"tick":3309,"type":"hit"}
[client] {"a":7,"dup":false,"ev":"game","ms":58053,"predicted":false,"t":2,"tick":3356,"type":"hit"}
[client] {"a":2,"dup":false,"ev":"game","ms":58053,"predicted":false,"t":-1,"tick":3356,"type":"ko"}
[client] {"a":7,"dup":false,"ev":"game","ms":58756,"predicted":false,"t":4,"tick":3398,"type":"hit"}
[client] {"a":7,"dup":false,"ev":"game","ms":58771,"predicted":false,"t":0,"tick":3399,"type":"hit"}
[client] {"a":7,"dup":false,"ev":"game","ms":58784,"predicted":false,"t":3,"tick":3400,"type":"hit"}
[client] {"a":5,"dup":false,"ev":"game","ms":59185,"predicted":false,"t":4,"tick":3424,"type":"hit"}
[client] {"a":5,"dup":false,"ev":"game","ms":59206,"predicted":false,"t":3,"tick":3425,"type":"hit"}
[client] {"a":8,"dup":false,"ev":"game","ms":59854,"predicted":false,"t":-1,"tick":3469,"type":"respawn"}
[client] {"counts":{"blocks_on_me":0,"conf_actions":31,"confirmed_hits":174,"dup_confirmed":0,"hits_on_me":23,"pred_actions":33,"predicted_confirmed":15,"predicted_hits":33,"reconnects":0},"ev":"stats","hp":230.0,"in_bytes":836022,"late":0,"local_entity":8,"match":{"countdown_until":300,"ctrl":-1,"final":false,"next":"A","phase":3,"rot":425,"scores":[8,0],"sd":false,"state":3,"tick":3175,"zone":"B"},"max_err":1.781,"mean_err":0.0354,"ms":59936,"out_bytes":170242,"pending":7,"pos":[-5.59,47.84],"reconciles":1154,"server_tick":3473,"snaps":1158,"teleports":3}
[client] {"a":5,"dup":false,"ev":"game","ms":60088,"predicted":false,"t":0,"tick":3478,"type":"hit"}
[client] {"a":0,"dup":false,"ev":"game","ms":60089,"predicted":false,"t":-1,"tick":3478,"type":"ko"}
[client] {"a":5,"dup":false,"ev":"game","ms":60123,"predicted":false,"t":4,"tick":3480,"type":"hit"}
[client] {"a":3,"dup":false,"ev":"game","ms":60385,"predicted":false,"t":5,"tick":3496,"type":"hit"}
[client] {"a":7,"dup":false,"ev":"game","ms":61054,"predicted":false,"t":3,"tick":3536,"type":"hit"}
[client] {"a":7,"dup":false,"ev":"game","ms":61090,"predicted":false,"t":4,"tick":3538,"type":"hit"}
[client] {"a":1,"dup":false,"ev":"game","ms":61786,"predicted":false,"t":-1,"tick":3580,"type":"respawn"}
[client] {"a":3,"dup":false,"ev":"game","ms":61986,"predicted":false,"t":7,"tick":3592,"type":"hit"}
[client] {"a":4,"dup":false,"ev":"game","ms":62021,"predicted":false,"t":7,"tick":3594,"type":"hit"}
[client] {"a":3,"dup":false,"ev":"game","ms":62338,"predicted":false,"t":7,"tick":3613,"type":"hit"}
[client] {"a":7,"dup":false,"ev":"game","ms":62338,"predicted":false,"t":-1,"tick":3613,"type":"ko"}
[client] {"a":3,"dup":false,"ev":"game","ms":62676,"predicted":false,"t":5,"tick":3633,"type":"hit"}
[client] {"a":5,"dup":false,"ev":"game","ms":63076,"predicted":false,"t":3,"tick":3657,"type":"hit"}
[client] {"a":5,"dup":false,"ev":"game","ms":63386,"predicted":false,"t":3,"tick":3676,"type":"hit"}
[client] {"a":4,"dup":false,"ev":"game","ms":63407,"predicted":false,"t":5,"tick":3677,"type":"hit"}
[client] {"a":5,"dup":false,"ev":"game","ms":63821,"predicted":false,"t":4,"tick":3702,"type":"hit"}
[client] {"a":3,"dup":false,"ev":"game","ms":64139,"predicted":false,"t":5,"tick":3721,"type":"hit"}
[client] {"a":5,"dup":false,"ev":"game","ms":64139,"predicted":false,"t":-1,"tick":3721,"type":"ko"}
[client] {"a":6,"dup":false,"ev":"game","ms":64808,"predicted":false,"t":3,"tick":3761,"type":"hit"}
[client] {"a":3,"dup":false,"ev":"game","ms":64808,"predicted":false,"t":-1,"tick":3761,"type":"ko"}
[client] {"counts":{"blocks_on_me":0,"conf_actions":31,"confirmed_hits":189,"dup_confirmed":0,"hits_on_me":23,"pred_actions":33,"predicted_confirmed":15,"predicted_hits":33,"reconnects":0},"ev":"stats","hp":230.0,"in_bytes":896630,"late":0,"local_entity":8,"match":{"countdown_until":300,"ctrl":-1,"final":false,"next":"A","phase":3,"rot":125,"scores":[8,0],"sd":false,"state":3,"tick":3475,"zone":"B"},"max_err":1.781,"mean_err":0.0326,"ms":64938,"out_bytes":184942,"pending":7,"pos":[-2.52,10.57],"reconciles":1254,"server_tick":3773,"snaps":1258,"teleports":3}
[client] {"a":4,"dup":false,"ev":"game","ms":65388,"predicted":false,"t":6,"tick":3796,"type":"hit"}
[client] {"a":9,"dup":false,"ev":"game","ms":65774,"predicted":false,"t":-1,"tick":3819,"type":"respawn"}
[client] {"a":4,"dup":false,"ev":"game","ms":66471,"predicted":false,"t":6,"tick":3861,"type":"hit"}
[client] {"a":4,"dup":false,"ev":"game","ms":66802,"predicted":false,"t":6,"tick":3881,"type":"hit"}
[client] {"a":-1,"dup":false,"ev":"game","ms":67099,"predicted":false,"t":-1,"tick":3899,"type":"zone_rotated"}
[client] {"a":4,"dup":false,"ev":"game","ms":67154,"predicted":false,"t":6,"tick":3902,"type":"hit"}
[client] {"a":6,"dup":false,"ev":"game","ms":67851,"predicted":false,"t":4,"tick":3944,"type":"hit"}
[client] {"a":2,"dup":false,"ev":"game","ms":68051,"predicted":false,"t":-1,"tick":3956,"type":"respawn"}
[client] {"a":6,"dup":false,"ev":"game","ms":68134,"predicted":false,"t":4,"tick":3961,"type":"hit"}
[client] {"a":4,"dup":false,"ev":"game","ms":68568,"predicted":false,"t":6,"tick":3987,"type":"hit"}
[client] {"a":4,"dup":false,"ev":"game","ms":69203,"predicted":false,"t":6,"tick":4025,"type":"hit"}
[client] {"counts":{"blocks_on_me":0,"conf_actions":32,"confirmed_hits":197,"dup_confirmed":0,"hits_on_me":23,"pred_actions":34,"predicted_confirmed":15,"predicted_hits":33,"reconnects":0},"ev":"stats","hp":230.0,"in_bytes":954313,"late":0,"local_entity":8,"match":{"countdown_until":300,"ctrl":-1,"final":false,"next":"","phase":3,"rot":3425,"scores":[8,0],"sd":false,"state":1,"tick":3775,"zone":"A"},"max_err":1.781,"mean_err":0.0315,"ms":69934,"out_bytes":199642,"pending":7,"pos":[-11.71,-8.91],"reconciles":1354,"server_tick":4073,"snaps":1358,"teleports":3}
[client] {"a":0,"dup":false,"ev":"game","ms":70087,"predicted":false,"t":-1,"tick":4078,"type":"respawn"}
[client] {"a":7,"dup":false,"ev":"game","ms":72336,"predicted":false,"t":-1,"tick":4213,"type":"respawn"}
[client] {"a":5,"dup":false,"ev":"game","ms":74137,"predicted":false,"t":-1,"tick":4321,"type":"respawn"}
[client] {"a":8,"dup":true,"ev":"game","ms":74525,"predicted":false,"t":1,"tick":4349,"type":"hit"}
[client] {"a":3,"dup":false,"ev":"game","ms":74806,"predicted":false,"t":-1,"tick":4361,"type":"respawn"}
[client] {"a":8,"dup":true,"ev":"game","ms":74875,"predicted":false,"t":1,"tick":4370,"type":"hit"}
[client] {"counts":{"blocks_on_me":0,"conf_actions":34,"confirmed_hits":199,"dup_confirmed":0,"hits_on_me":23,"pred_actions":36,"predicted_confirmed":17,"predicted_hits":35,"reconnects":0},"ev":"stats","hp":230.0,"in_bytes":1013077,"late":0,"local_entity":8,"match":{"countdown_until":300,"ctrl":-1,"final":false,"next":"","phase":3,"rot":3125,"scores":[8,0],"sd":false,"state":3,"tick":4075,"zone":"A"},"max_err":1.781,"mean_err":0.0293,"ms":74936,"out_bytes":214342,"pending":7,"pos":[-41.06,-0.53],"reconciles":1454,"server_tick":4373,"snaps":1458,"teleports":3}
[client] {"a":8,"dup":true,"ev":"game","ms":75526,"predicted":false,"t":1,"tick":4409,"type":"hit"}
[client] {"a":1,"dup":false,"ev":"game","ms":76582,"predicted":false,"t":8,"tick":4467,"type":"hit"}
[client] {"a":1,"dup":false,"ev":"game","ms":76582,"predicted":false,"t":9,"tick":4467,"type":"hit"}
[client] {"a":9,"dup":false,"ev":"game","ms":77183,"predicted":false,"t":4,"tick":4503,"type":"hit"}
[client] {"a":4,"dup":false,"ev":"game","ms":77183,"predicted":false,"t":-1,"tick":4503,"type":"ko"}
[client] {"a":1,"dup":false,"ev":"game","ms":77465,"predicted":false,"t":6,"tick":4520,"type":"hit"}
[client] {"a":1,"dup":false,"ev":"game","ms":77797,"predicted":false,"t":6,"tick":4540,"type":"hit"}
[client] {"a":8,"dup":true,"ev":"game","ms":77914,"predicted":false,"t":1,"tick":4552,"type":"hit"}
[client] {"a":6,"dup":false,"ev":"game","ms":78231,"predicted":false,"t":1,"tick":4566,"type":"hit"}
[client] {"a":1,"dup":false,"ev":"game","ms":78951,"predicted":false,"t":6,"tick":4609,"type":"hit"}
[client] {"a":8,"dup":true,"ev":"game","ms":79101,"predicted":false,"t":2,"tick":4623,"type":"hit"}
[client] {"a":9,"dup":false,"ev":"game","ms":79198,"predicted":false,"t":2,"tick":4624,"type":"hit"}
[client] {"a":1,"dup":false,"ev":"game","ms":79280,"predicted":false,"t":6,"tick":4629,"type":"hit"}
[client] {"a":8,"dup":false,"ev":"game","ms":79446,"predicted":false,"t":2,"tick":4644,"type":"parry"}
[client] {"a":9,"dup":false,"ev":"game","ms":79902,"predicted":false,"t":2,"tick":4666,"type":"hit"}
[client] {"counts":{"blocks_on_me":0,"conf_actions":41,"confirmed_hits":212,"dup_confirmed":0,"hits_on_me":24,"pred_actions":43,"predicted_confirmed":20,"predicted_hits":41,"reconnects":0},"ev":"stats","hp":192.0,"in_bytes":1080393,"late":0,"local_entity":8,"match":{"countdown_until":300,"ctrl":-1,"final":false,"next":"","phase":3,"rot":2828,"scores":[8,0],"sd":false,"state":3,"tick":4372,"zone":"A"},"max_err":1.781,"mean_err":0.0296,"ms":79928,"out_bytes":229042,"pending":7,"pos":[-39.71,0.06],"reconciles":1553,"server_tick":4673,"snaps":1556,"teleports":3}
[client] {"a":6,"dup":false,"ev":"game","ms":80033,"predicted":false,"t":1,"tick":4674,"type":"hit"}
[client] {"a":8,"dup":true,"ev":"game","ms":80598,"predicted":false,"t":1,"tick":4713,"type":"hit"}
[client] {"a":9,"dup":false,"ev":"game","ms":81481,"predicted":false,"t":0,"tick":4761,"type":"hit"}
[client] {"a":2,"dup":false,"ev":"game","ms":81633,"predicted":false,"t":9,"tick":4770,"type":"hit"}
[client] {"a":0,"dup":false,"ev":"game","ms":81833,"predicted":false,"t":9,"tick":4782,"type":"hit"}
[client] {"a":8,"dup":true,"ev":"game","ms":81903,"predicted":false,"t":1,"tick":4792,"type":"hit"}
[client] {"a":2,"dup":false,"ev":"game","ms":82564,"predicted":false,"t":9,"tick":4826,"type":"hit"}
[client] {"a":1,"dup":false,"ev":"game","ms":83130,"predicted":false,"t":8,"tick":4860,"type":"hit"}
[client] {"a":6,"dup":false,"ev":"game","ms":83200,"predicted":false,"t":1,"tick":4864,"type":"hit"}
[client] {"a":9,"dup":false,"ev":"game","ms":83248,"predicted":false,"t":0,"tick":4867,"type":"hit"}
[client] {"a":9,"dup":false,"ev":"game","ms":83565,"predicted":false,"t":0,"tick":4886,"type":"hit"}
[client] {"a":7,"dup":false,"ev":"game","ms":83621,"predicted":false,"t":1,"tick":4889,"type":"hit"}
[client] {"a":8,"dup":true,"ev":"game","ms":83752,"predicted":false,"t":2,"tick":4902,"type":"hit"}
[client] {"a":9,"dup":false,"ev":"game","ms":83952,"predicted":false,"t":2,"tick":4909,"type":"hit"}
[client] {"a":1,"dup":false,"ev":"game","ms":83966,"predicted":false,"t":7,"tick":4910,"type":"hit"}
[client] {"a":0,"dup":false,"ev":"game","ms":84283,"predicted":false,"t":8,"tick":4929,"type":"hit"}
[client] {"a":0,"dup":false,"ev":"game","ms":84303,"predicted":false,"t":9,"tick":4930,"type":"hit"}
[client] {"a":1,"dup":false,"ev":"game","ms":84435,"predicted":false,"t":7,"tick":4938,"type":"hit"}
[client] {"a":1,"dup":false,"ev":"game","ms":84765,"predicted":false,"t":7,"tick":4958,"type":"hit"}
[client] {"counts":{"blocks_on_me":0,"conf_actions":48,"confirmed_hits":231,"dup_confirmed":0,"hits_on_me":26,"pred_actions":51,"predicted_confirmed":23,"predicted_hits":47,"reconnects":0},"ev":"stats","hp":134.0,"in_bytes":1151528,"late":0,"local_entity":8,"match":{"countdown_until":300,"ctrl":-1,"final":false,"next":"","phase":3,"rot":2528,"scores":[8,0],"sd":false,"state":3,"tick":4672,"zone":"A"},"max_err":1.781,"mean_err":0.0296,"ms":84930,"out_bytes":243742,"pending":7,"pos":[-42.01,0.13],"reconciles":1652,"server_tick":4973,"snaps":1655,"teleports":3}
[client] {"a":8,"dup":true,"ev":"game","ms":85352,"predicted":false,"t":2,"tick":4998,"type":"hit"}
[client] {"a":9,"dup":false,"ev":"game","ms":85401,"predicted":false,"t":0,"tick":4996,"type":"hit"}
[client] {"a":7,"dup":false,"ev":"game","ms":85649,"predicted":false,"t":1,"tick":5011,"type":"hit"}
[client] {"a":2,"dup":false,"ev":"game","ms":86001,"predicted":false,"t":5,"tick":5032,"type":"hit"}
[client] {"a":7,"dup":false,"ev":"game","ms":86167,"predicted":false,"t":1,"tick":5042,"type":"hit"}
[client] {"a":1,"dup":false,"ev":"game","ms":86167,"predicted":false,"t":-1,"tick":5042,"type":"ko"}
[client] {"a":2,"dup":false,"ev":"game","ms":86504,"predicted":false,"t":5,"tick":5062,"type":"hit"}
[client] {"a":9,"dup":false,"ev":"game","ms":86567,"predicted":false,"t":0,"tick":5066,"type":"hit"}
[client] {"a":9,"dup":false,"ev":"game","ms":86588,"predicted":false,"t":3,"tick":5067,"type":"hit"}
[client] {"a":6,"dup":false,"ev":"game","ms":86766,"predicted":false,"t":2,"tick":5078,"type":"hit"}
[client] {"a":3,"dup":false,"ev":"game","ms":86953,"predicted":false,"t":9,"tick":5089,"type":"hit"}
[client] {"a":4,"dup":false,"ev":"game","ms":87187,"predicted":false,"t":-1,"tick":5103,"type":"respawn"}
[client] {"a":3,"dup":false,"ev":"game","ms":87305,"predicted":false,"t":9,"tick":5110,"type":"hit"}
[client] {"a":3,"dup":false,"ev":"game","ms":87719,"predicted":false,"t":9,"tick":5135,"type":"hit"}
[client] {"a":5,"dup":false,"ev":"game","ms":88023,"predicted":false,"t":2,"tick":5153,"type":"hit"}
[client] {"a":8,"dup":true,"ev":"game","ms":88023,"predicted":false,"t":3,"tick":5159,"type":"hit"}
[client] {"a":6,"dup":false,"ev":"game","ms":88236,"predicted":false,"t":3,"tick":5166,"type":"hit"}
[client] {"a":6,"dup":false,"ev":"game","ms":88651,"predicted":false,"t":3,"tick":5191,"type":"hit"}
[client] {"a":9,"dup":false,"ev":"game","ms":88651,"predicted":false,"t":0,"tick":5191,"type":"hit"}
[client] {"a":8,"dup":true,"ev":"game","ms":88803,"predicted":false,"t":3,"tick":5205,"type":"hit"}
[client] {"a":0,"dup":false,"ev":"game","ms":89003,"predicted":false,"t":9,"tick":5212,"type":"hit"}
[client] {"a":8,"dup":true,"ev":"game","ms":89389,"predicted":false,"t":0,"tick":5240,"type":"hit"}
[client] {"a":9,"dup":false,"ev":"game","ms":89651,"predicted":false,"t":0,"tick":5251,"type":"hit"}
[client] {"a":8,"dup":true,"ev":"game","ms":89652,"predicted":false,"t":0,"tick":5256,"type":"hit"}
[client] {"counts":{"blocks_on_me":0,"conf_actions":52,"confirmed_hits":253,"dup_confirmed":0,"hits_on_me":26,"pred_actions":56,"predicted_confirmed":28,"predicted_hits":57,"reconnects":0},"ev":"stats","hp":134.0,"in_bytes":1220529,"late":0,"local_entity":8,"match":{"countdown_until":300,"ctrl":-1,"final":false,"next":"","phase":3,"rot":2228,"scores":[8,0],"sd":false,"state":3,"tick":4972,"zone":"A"},"max_err":1.781,"mean_err":0.0282,"ms":89940,"out_bytes":258442,"pending":7,"pos":[-41.33,-1.43],"reconciles":1752,"server_tick":5273,"snaps":1755,"teleports":3}
[client] {"a":2,"dup":false,"ev":"game","ms":90072,"predicted":false,"t":5,"tick":5276,"type":"hit"}
[client] {"a":3,"dup":false,"ev":"game","ms":90154,"predicted":false,"t":9,"tick":5281,"type":"hit"}
[client] {"a":9,"dup":false,"ev":"game","ms":90154,"predicted":false,"t":-1,"tick":5281,"type":"ko"}
[client] {"a":8,"dup":true,"ev":"game","ms":90189,"predicted":false,"t":3,"tick":5289,"type":"hit"}
[client] {"a":5,"dup":false,"ev":"game","ms":90424,"predicted":false,"t":2,"tick":5298,"type":"hit"}
[client] {"a":3,"dup":false,"ev":"game","ms":90686,"predicted":false,"t":8,"tick":5314,"type":"hit"}
[client] {"a":2,"dup":false,"ev":"game","ms":90742,"predicted":false,"t":5,"tick":5317,"type":"hit"}
[client] {"a":2,"dup":false,"ev":"game","ms":91052,"predicted":false,"t":5,"tick":5336,"type":"hit"}
[client] {"a":2,"dup":false,"ev":"game","ms":91569,"predicted":false,"t":5,"tick":5367,"type":"hit"}
[client] {"a":0,"dup":false,"ev":"game","ms":92204,"predicted":false,"t":6,"tick":5405,"type":"hit"}
[client] {"a":6,"dup":false,"ev":"game","ms":92204,"predicted":false,"t":-1,"tick":5405,"type":"ko"}
[client] {"a":5,"dup":false,"ev":"game","ms":92308,"predicted":false,"t":2,"tick":5411,"type":"hit"}
[client] {"a":5,"dup":false,"ev":"game","ms":92639,"predicted":false,"t":2,"tick":5431,"type":"hit"}
[client] {"a":5,"dup":false,"ev":"game","ms":93025,"predicted":false,"t":2,"tick":5454,"type":"hit"}
[client] {"a":2,"dup":false,"ev":"game","ms":93025,"predicted":false,"t":-1,"tick":5454,"type":"ko"}
[client] {"a":0,"dup":false,"ev":"game","ms":93087,"predicted":false,"t":7,"tick":5458,"type":"hit"}
[client] {"a":3,"dup":false,"ev":"game","ms":93425,"predicted":false,"t":8,"tick":5478,"type":"hit"}
[client] {"a":8,"dup":true,"ev":"game","ms":93744,"predicted":false,"t":3,"tick":5502,"type":"hit"}
[client] {"a":0,"dup":false,"ev":"game","ms":93970,"predicted":false,"t":7,"tick":5511,"type":"hit"}
[client] {"a":3,"dup":false,"ev":"game","ms":94288,"predicted":false,"t":8,"tick":5530,"type":"hit"}
[client] {"a":3,"dup":false,"ev":"game","ms":94681,"predicted":false,"t":8,"tick":5554,"type":"hit"}
[client] {"counts":{"blocks_on_me":0,"conf_actions":61,"confirmed_hits":271,"dup_confirmed":0,"hits_on_me":30,"pred_actions":65,"predicted_confirmed":30,"predicted_hits":64,"reconnects":0},"ev":"stats","hp":62.0,"in_bytes":1293858,"late":0,"local_entity":8,"match":{"countdown_until":300,"ctrl":-1,"final":false,"next":"","phase":3,"rot":1925,"scores":[8,0],"sd":false,"state":3,"tick":5275,"zone":"A"},"max_err":1.781,"mean_err":0.0288,"ms":94935,"out_bytes":273142,"pending":7,"pos":[-41.18,-4.1],"reconciles":1852,"server_tick":5573,"snaps":1856,"teleports":3}
[client] {"a":5,"dup":false,"ev":"game","ms":94950,"predicted":false,"t":0,"tick":5570,"type":"hit"}
[client] {"a":3,"dup":false,"ev":"game","ms":95019,"predicted":false,"t":8,"tick":5574,"type":"hit"}
[client] {"a":0,"dup":false,"ev":"game","ms":95537,"predicted":false,"t":5,"tick":5605,"type":"hit"}
[client] {"a":8,"dup":true,"ev":"game","ms":95599,"predicted":false,"t":3,"tick":5614,"type":"hit"}
[client] {"a":8,"dup":true,"ev":"game","ms":95937,"predicted":false,"t":3,"tick":5634,"type":"hit"}
[client] {"a":1,"dup":false,"ev":"game","ms":96150,"predicted":false,"t":-1,"tick":5642,"type":"respawn"}
[client] {"a":8,"dup":true,"ev":"game","ms":96317,"predicted":false,"t":3,"tick":5657,"type":"hit"}
[client] {"a":3,"dup":false,"ev":"game","ms":96868,"predicted":false,"t":8,"tick":5685,"type":"hit"}
[client] {"a":0,"dup":false,"ev":"game","ms":96965,"predicted":false,"t":5,"tick":5691,"type":"hit"}
[client] {"a":0,"dup":false,"ev":"game","ms":97000,"predicted":false,"t":7,"tick":5693,"type":"hit"}
[client] {"a":3,"dup":false,"ev":"game","ms":97199,"predicted":false,"t":8,"tick":5705,"type":"hit"}
[client] {"a":5,"dup":false,"ev":"game","ms":97338,"predicted":false,"t":0,"tick":5713,"type":"hit"}
[client] {"a":0,"dup":false,"ev":"game","ms":97339,"predicted":false,"t":-1,"tick":5713,"type":"ko"}
[client] {"a":4,"dup":false,"ev":"game","ms":97400,"predicted":false,"t":5,"tick":5717,"type":"hit"}
[client] {"a":8,"dup":true,"ev":"game","ms":97738,"predicted":false,"t":3,"tick":5742,"type":"hit"}
[client] {"a":5,"dup":false,"ev":"game","ms":97917,"predicted":false,"t":4,"tick":5748,"type":"hit"}
[client] {"a":3,"dup":false,"ev":"game","ms":98186,"predicted":false,"t":8,"tick":5764,"type":"block"}
[client] {"a":5,"dup":false,"ev":"game","ms":98365,"predicted":false,"t":4,"tick":5775,"type":"hit"}
[client] {"a":8,"dup":false,"ev":"game","ms":98434,"predicted":false,"t":-1,"tick":5784,"type":"ko"}
[client] {"a":3,"dup":false,"ev":"game","ms":98517,"predicted":false,"t":8,"tick":5784,"type":"hit"}
[client] {"a":4,"dup":false,"ev":"game","ms":98800,"predicted":false,"t":5,"tick":5801,"type":"block"}
[client] {"a":4,"dup":false,"ev":"game","ms":99021,"predicted":false,"t":5,"tick":5814,"type":"block"}
[client] {"a":4,"dup":false,"ev":"game","ms":99669,"predicted":false,"t":5,"tick":5853,"type":"block"}
[client] {"counts":{"blocks_on_me":1,"conf_actions":66,"confirmed_hits":287,"dup_confirmed":0,"hits_on_me":34,"pred_actions":70,"predicted_confirmed":34,"predicted_hits":73,"reconnects":0},"ev":"stats","hp":0.0,"in_bytes":1358684,"late":0,"local_entity":8,"match":{"countdown_until":300,"ctrl":-1,"final":false,"next":"","phase":3,"rot":1625,"scores":[8,0],"sd":false,"state":3,"tick":5575,"zone":"A"},"max_err":1.781,"mean_err":0.0289,"ms":99938,"out_bytes":287842,"pending":7,"pos":[-41.17,-4.25],"reconciles":1952,"server_tick":5873,"snaps":1956,"teleports":3}
[client] {"a":9,"dup":false,"ev":"game","ms":100139,"predicted":false,"t":-1,"tick":5881,"type":"respawn"}
[client] {"a":4,"dup":false,"ev":"game","ms":100366,"predicted":false,"t":5,"tick":5895,"type":"hit"}
[client] {"a":3,"dup":false,"ev":"game","ms":100484,"predicted":false,"t":5,"tick":5902,"type":"hit"}
[client] {"a":5,"dup":false,"ev":"game","ms":100905,"predicted":false,"t":3,"tick":5927,"type":"hit"}
[client] {"a":7,"dup":false,"ev":"game","ms":101001,"predicted":false,"t":3,"tick":5933,"type":"hit"}
[client] {"a":4,"dup":false,"ev":"game","ms":101036,"predicted":false,"t":5,"tick":5935,"type":"hit"}
[client] {"a":5,"dup":false,"ev":"game","ms":101457,"predicted":false,"t":4,"tick":5960,"type":"hit"}
[client] {"a":3,"dup":false,"ev":"game","ms":101940,"predicted":false,"t":7,"tick":5989,"type":"hit"}
[client] {"a":5,"dup":false,"ev":"game","ms":101940,"predicted":false,"t":3,"tick":5989,"type":"hit"}
[client] {"a":3,"dup":false,"ev":"game","ms":101940,"predicted":false,"t":-1,"tick":5989,"type":"ko"}
[client] {"a":4,"dup":false,"ev":"game","ms":102188,"predicted":false,"t":5,"tick":6004,"type":"hit"}
[client] {"a":6,"dup":false,"ev":"game","ms":102202,"predicted":false,"t":-1,"tick":6005,"type":"respawn"}
[client] {"a":7,"dup":false,"ev":"game","ms":102588,"predicted":false,"t":4,"tick":6028,"type":"hit"}
[client] {"a":2,"dup":false,"ev":"game","ms":103023,"predicted":false,"t":-1,"tick":6054,"type":"respawn"}
[client] {"a":4,"dup":false,"ev":"game","ms":103119,"predicted":false,"t":7,"tick":6060,"type":"hit"}
[client] {"a":4,"dup":false,"ev":"game","ms":103457,"predicted":false,"t":5,"tick":6080,"type":"hit"}
[client] {"a":4,"dup":false,"ev":"game","ms":104072,"predicted":false,"t":5,"tick":6117,"type":"hit"}
[client] {"a":5,"dup":false,"ev":"game","ms":104072,"predicted":false,"t":-1,"tick":6117,"type":"ko"}
[client] {"a":7,"dup":false,"ev":"game","ms":104189,"predicted":false,"t":4,"tick":6124,"type":"hit"}
[client] {"a":4,"dup":false,"ev":"game","ms":104575,"predicted":false,"t":7,"tick":6147,"type":"parry"}
[client] {"counts":{"blocks_on_me":1,"conf_actions":66,"confirmed_hits":301,"dup_confirmed":0,"hits_on_me":34,"pred_actions":70,"predicted_confirmed":34,"predicted_hits":73,"reconnects":0},"ev":"stats","hp":0.0,"in_bytes":1421042,"late":0,"local_entity":8,"match":{"countdown_until":300,"ctrl":-1,"final":false,"next":"","phase":3,"rot":1325,"scores":[8,0],"sd":false,"state":3,"tick":5875,"zone":"A"},"max_err":1.781,"mean_err":0.0275,"ms":104940,"out_bytes":302542,"pending":7,"pos":[-41.17,-4.25],"reconciles":2052,"server_tick":6173,"snaps":2056,"teleports":3}
[client] {"a":7,"dup":false,"ev":"game","ms":105086,"predicted":false,"t":4,"tick":6178,"type":"hit"}
[client] {"a":7,"dup":false,"ev":"game","ms":105403,"predicted":false,"t":4,"tick":6197,"type":"hit"}
[client] {"a":7,"dup":false,"ev":"game","ms":105790,"predicted":false,"t":4,"tick":6220,"type":"hit"}
[client] {"a":7,"dup":false,"ev":"game","ms":106784,"predicted":false,"t":4,"tick":6279,"type":"hit"}
[client] {"a":1,"dup":false,"ev":"game","ms":107266,"predicted":false,"t":7,"tick":6308,"type":"hit"}
[client] {"a":0,"dup":false,"ev":"game","ms":107349,"predicted":false,"t":-1,"tick":6313,"type":"respawn"}
[client] {"a":7,"dup":false,"ev":"game","ms":107653,"predicted":false,"t":1,"tick":6331,"type":"block"}
[client] {"a":7,"dup":false,"ev":"game","ms":107736,"predicted":false,"t":4,"tick":6336,"type":"hit"}
[client] {"a":1,"dup":false,"ev":"game","ms":108032,"predicted":false,"t":7,"tick":6354,"type":"hit"}
[client] {"a":4,"dup":false,"ev":"game","ms":108115,"predicted":false,"t":7,"tick":6359,"type":"hit"}
[client] {"a":7,"dup":false,"ev":"game","ms":108419,"predicted":false,"t":1,"tick":6378,"type":"hit"}
[client] {"a":8,"dup":false,"ev":"game","ms":108433,"predicted":false,"t":-1,"tick":6384,"type":"respawn"}
[client] {"a":4,"dup":false,"ev":"game","ms":108468,"predicted":false,"t":7,"tick":6381,"type":"hit"}
[client] {"a":1,"dup":false,"ev":"game","ms":108784,"predicted":false,"t":7,"tick":6400,"type":"hit"}
[client] {"a":4,"dup":false,"ev":"game","ms":108985,"predicted":false,"t":7,"tick":6412,"type":"hit"}
[client] {"a":7,"dup":false,"ev":"game","ms":108985,"predicted":false,"t":-1,"tick":6412,"type":"ko"}
[client] {"counts":{"blocks_on_me":1,"conf_actions":66,"confirmed_hits":313,"dup_confirmed":0,"hits_on_me":34,"pred_actions":70,"predicted_confirmed":34,"predicted_hits":73,"reconnects":0},"ev":"stats","hp":230.0,"in_bytes":1482200,"late":0,"local_entity":8,"match":{"countdown_until":300,"ctrl":-1,"final":false,"next":"","phase":3,"rot":1025,"scores":[8,0],"sd":false,"state":3,"tick":6175,"zone":"A"},"max_err":1.781,"mean_err":0.0262,"ms":109936,"out_bytes":317242,"pending":7,"pos":[3.89,37.79],"reconciles":2151,"server_tick":6473,"snaps":2156,"teleports":4}
[client] {"a":1,"dup":false,"ev":"game","ms":111089,"predicted":false,"t":9,"tick":6538,"type":"hit"}
[client] {"a":3,"dup":false,"ev":"game","ms":111938,"predicted":false,"t":-1,"tick":6589,"type":"respawn"}
[client] {"a":4,"dup":false,"ev":"game","ms":112234,"predicted":false,"t":6,"tick":6607,"type":"hit"}
[client] {"a":6,"dup":false,"ev":"game","ms":114001,"predicted":false,"t":4,"tick":6713,"type":"hit"}
[client] {"a":5,"dup":false,"ev":"game","ms":114070,"predicted":false,"t":-1,"tick":6717,"type":"respawn"}
[client] {"a":9,"dup":false,"ev":"game","ms":114118,"predicted":false,"t":4,"tick":6720,"type":"hit"}
[client] {"a":4,"dup":false,"ev":"game","ms":114119,"predicted":false,"t":-1,"tick":6720,"type":"ko"}
[client] {"a":1,"dup":false,"ev":"game","ms":114739,"predicted":false,"t":9,"tick":6757,"type":"hit"}
[client] {"counts":{"blocks_on_me":1,"conf_actions":66,"confirmed_hits":318,"dup_confirmed":0,"hits_on_me":34,"pred_actions":70,"predicted_confirmed":34,"predicted_hits":73,"reconnects":0},"ev":"stats","hp":230.0,"in_bytes":1544591,"late":0,"local_entity":8,"match":{"countdown_until":300,"ctrl":-1,"final":false,"next":"C","phase":3,"rot":725,"scores":[8,0],"sd":false,"state":3,"tick":6475,"zone":"A"},"max_err":1.781,"mean_err":0.0251,"ms":114938,"out_bytes":331942,"pending":7,"pos":[-19.9,13.49],"reconciles":2250,"server_tick":6773,"snaps":2255,"teleports":4}
[client] {"a":6,"dup":false,"ev":"game","ms":115022,"predicted":false,"t":2,"tick":6774,"type":"hit"}
[client] {"a":1,"dup":false,"ev":"game","ms":115140,"predicted":false,"t":9,"tick":6781,"type":"hit"}
[client] {"a":9,"dup":false,"ev":"game","ms":115492,"predicted":false,"t":1,"tick":6802,"type":"hit"}
[client] {"a":2,"dup":false,"ev":"game","ms":115540,"predicted":false,"t":6,"tick":6805,"type":"hit"}
[client] {"a":2,"dup":false,"ev":"game","ms":115857,"predicted":false,"t":6,"tick":6824,"type":"hit"}
[client] {"a":1,"dup":false,"ev":"game","ms":116133,"predicted":false,"t":9,"tick":6841,"type":"hit"}
[client] {"a":6,"dup":false,"ev":"game","ms":116202,"predicted":false,"t":2,"tick":6845,"type":"hit"}
[client] {"a":6,"dup":false,"ev":"game","ms":116512,"predicted":false,"t":2,"tick":6864,"type":"hit"}
[client] {"a":1,"dup":false,"ev":"game","ms":116886,"predicted":false,"t":6,"tick":6886,"type":"hit"}
[client] {"a":2,"dup":false,"ev":"game","ms":116982,"predicted":false,"t":6,"tick":6892,"type":"hit"}
[client] {"a":2,"dup":false,"ev":"game","ms":117314,"predicted":false,"t":6,"tick":6912,"type":"hit"}
[client] {"a":2,"dup":false,"ev":"game","ms":117348,"predicted":false,"t":9,"tick":6914,"type":"hit"}
[client] {"a":1,"dup":false,"ev":"game","ms":117383,"predicted":false,"t":9,"tick":6916,"type":"hit"}
[client] {"a":9,"dup":false,"ev":"game","ms":117865,"predicted":false,"t":2,"tick":6945,"type":"hit"}
[client] {"a":1,"dup":false,"ev":"game","ms":118086,"predicted":false,"t":9,"tick":6958,"type":"hit"}
[client] {"a":2,"dup":false,"ev":"game","ms":118286,"predicted":false,"t":9,"tick":6970,"type":"hit"}
[client] {"a":1,"dup":false,"ev":"game","ms":118313,"predicted":false,"t":9,"tick":6972,"type":"hit"}
[client] {"a":8,"dup":true,"ev":"game","ms":118535,"predicted":false,"t":1,"tick":6989,"type":"hit"}
[client] {"a":8,"dup":true,"ev":"game","ms":118865,"predicted":false,"t":2,"tick":7010,"type":"hit"}
[client] {"a":7,"dup":false,"ev":"game","ms":118983,"predicted":false,"t":-1,"tick":7012,"type":"respawn"}
[client] {"a":1,"dup":false,"ev":"game","ms":119003,"predicted":false,"t":8,"tick":7013,"type":"hit"}
[client] {"a":9,"dup":false,"ev":"game","ms":119114,"predicted":false,"t":1,"tick":7020,"type":"hit"}
[client] {"a":8,"dup":true,"ev":"game","ms":119900,"predicted":false,"t":0,"tick":7072,"type":"hit"}
[client] {"counts":{"blocks_on_me":1,"conf_actions":71,"confirmed_hits":340,"dup_confirmed":0,"hits_on_me":35,"pred_actions":75,"predicted_confirmed":37,"predicted_hits":77,"reconnects":0},"ev":"stats","hp":212.0,"in_bytes":1612358,"late":0,"local_entity":8,"match":{"countdown_until":300,"ctrl":-1,"final":false,"next":"C","phase":3,"rot":425,"scores":[8,0],"sd":false,"state":3,"tick":6775,"zone":"A"},"max_err":1.781,"mean_err":0.0243,"ms":119934,"out_bytes":346642,"pending":7,"pos":[-40.07,0.98],"reconciles":2350,"server_tick":7073,"snaps":2355,"teleports":4}
[client] {"a":8,"dup":false,"ev":"game","ms":119948,"predicted":false,"t":1,"tick":7075,"type":"hit"}
[client] {"a":9,"dup":false,"ev":"game","ms":119983,"predicted":false,"t":0,"tick":7072,"type":"hit"}
[client] {"a":9,"dup":false,"ev":"game","ms":120384,"predicted":false,"t":0,"tick":7096,"type":"hit"}
[client] {"a":6,"dup":false,"ev":"game","ms":120405,"predicted":false,"t":2,"tick":7097,"type":"hit"}
[client] {"a":1,"dup":false,"ev":"game","ms":120604,"predicted":false,"t":8,"tick":7109,"type":"hit"}
[client] {"a":2,"dup":false,"ev":"game","ms":120770,"predicted":false,"t":6,"tick":7119,"type":"hit"}
[client] {"a":0,"dup":false,"ev":"game","ms":120887,"predicted":false,"t":8,"tick":7126,"type":"hit"}
[client] {"a":0,"dup":false,"ev":"game","ms":120887,"predicted":false,"t":9,"tick":7126,"type":"hit"}
[client] {"a":2,"dup":false,"ev":"game","ms":121088,"predicted":false,"t":6,"tick":7138,"type":"hit"}
[client] {"a":9,"dup":false,"ev":"game","ms":121256,"predicted":false,"t":0,"tick":7148,"type":"hit"}
[client] {"a":8,"dup":true,"ev":"game","ms":121256,"predicted":false,"t":0,"tick":7152,"type":"hit"}
[client] {"a":8,"dup":true,"ev":"game","ms":121267,"predicted":false,"t":1,"tick":7154,"type":"hit"}
[client] {"a":8,"dup":true,"ev":"game","ms":121501,"predicted":false,"t":0,"tick":7168,"type":"hit"}
[client] {"a":6,"dup":false,"ev":"game","ms":121819,"predicted":false,"t":2,"tick":7182,"type":"hit"}
[client] {"a":1,"dup":false,"ev":"game","ms":121854,"predicted":false,"t":8,"tick":7184,"type":"hit"}
[client] {"a":8,"dup":true,"ev":"game","ms":122301,"predicted":false,"t":2,"tick":7215,"type":"hit"}
[client] {"a":9,"dup":false,"ev":"game","ms":122467,"predicted":false,"t":2,"tick":7221,"type":"hit"}
[client] {"a":1,"dup":false,"ev":"game","ms":122516,"predicted":false,"t":9,"tick":7224,"type":"hit"}
[client] {"a":9,"dup":false,"ev":"game","ms":122516,"predicted":false,"t":-1,"tick":7224,"type":"ko"}
[client] {"a":2,"dup":false,"ev":"game","ms":122854,"predicted":false,"t":8,"tick":7244,"type":"hit"}
[client] {"a":0,"dup":false,"ev":"game","ms":122888,"predicted":false,"t":6,"tick":7246,"type":"hit"}
[client] {"a":1,"dup":false,"ev":"game","ms":123136,"predicted":false,"t":8,"tick":7261,"type":"hit"}
[client] {"a":2,"dup":false,"ev":"game","ms":123267,"predicted":false,"t":8,"tick":7269,"type":"hit"}
[client] {"a":8,"dup":false,"ev":"game","ms":123606,"predicted":false,"t":1,"tick":7294,"type":"hit"}
[client] {"a":0,"dup":false,"ev":"game","ms":123937,"predicted":false,"t":6,"tick":7309,"type":"hit"}
[client] {"a":8,"dup":true,"ev":"game","ms":124006,"predicted":false,"t":3,"tick":7318,"type":"hit"}
[client] {"a":4,"dup":false,"ev":"game","ms":124123,"predicted":false,"t":-1,"tick":7320,"type":"respawn"}
[client] {"a":1,"dup":false,"ev":"game","ms":124455,"predicted":false,"t":8,"tick":7340,"type":"hit"}
[client] {"a":0,"dup":false,"ev":"game","ms":124468,"predicted":false,"t":6,"tick":7341,"type":"hit"}
[client] {"a":6,"dup":false,"ev":"game","ms":124468,"predicted":false,"t":-1,"tick":7341,"type":"ko"}
[client] {"counts":{"blocks_on_me":1,"conf_actions":79,"confirmed_hits":367,"dup_confirmed":0,"hits_on_me":42,"pred_actions":87,"predicted_confirmed":42,"predicted_hits":88,"reconnects":0},"ev":"stats","hp":66.0,"in_bytes":1686631,"late":0,"local_entity":8,"match":{"countdown_until":300,"ctrl":-1,"final":false,"next":"C","phase":3,"rot":125,"scores":[8,0],"sd":false,"state":3,"tick":7075,"zone":"A"},"max_err":1.781,"mean_err":0.0255,"ms":124936,"out_bytes":361342,"pending":7,"pos":[-36.38,0.23],"reconciles":2450,"server_tick":7373,"snaps":2455,"teleports":4}
[client] {"a":1,"dup":false,"ev":"game","ms":125551,"predicted":false,"t":5,"tick":7406,"type":"hit"}
[client] {"a":1,"dup":false,"ev":"game","ms":125835,"predicted":false,"t":5,"tick":7423,"type":"hit"}
[client] {"a":-1,"dup":false,"ev":"game","ms":127104,"predicted":false,"t":-1,"tick":7499,"type":"zone_rotated"}
[client] {"a":8,"dup":false,"ev":"game","ms":127138,"predicted":false,"t":3,"tick":7506,"type":"hit"}
[client] {"a":5,"dup":false,"ev":"game","ms":127256,"predicted":false,"t":1,"tick":7508,"type":"hit"}
[client] {"a":5,"dup":false,"ev":"game","ms":127256,"predicted":false,"t":3,"tick":7508,"type":"hit"}
[client] {"a":8,"dup":true,"ev":"game","ms":127857,"predicted":false,"t":2,"tick":7549,"type":"hit"}
[client] {"a":3,"dup":false,"ev":"game","ms":128284,"predicted":false,"t":5,"tick":7570,"type":"hit"}
[client] {"a":2,"dup":false,"ev":"game","ms":128298,"predicted":false,"t":5,"tick":7571,"type":"hit"}
[client] {"a":1,"dup":false,"ev":"game","ms":128402,"predicted":false,"t":5,"tick":7577,"type":"hit"}
[client] {"a":1,"dup":false,"ev":"game","ms":129167,"predicted":false,"t":5,"tick":7623,"type":"hit"}
[client] {"a":1,"dup":false,"ev":"game","ms":129519,"predicted":false,"t":5,"tick":7644,"type":"hit"}
[client] {"a":0,"dup":false,"ev":"game","ms":129533,"predicted":false,"t":5,"tick":7645,"type":"hit"}
[client] {"a":2,"dup":false,"ev":"game","ms":129816,"predicted":false,"t":5,"tick":7662,"type":"hit"}
[client] {"a":1,"dup":false,"ev":"game","ms":129830,"predicted":false,"t":5,"tick":7663,"type":"hit"}
[client] {"a":3,"dup":false,"ev":"game","ms":129864,"predicted":false,"t":5,"tick":7665,"type":"hit"}
[client] {"a":0,"dup":false,"ev":"game","ms":129899,"predicted":false,"t":5,"tick":7667,"type":"hit"}
[client] {"counts":{"blocks_on_me":1,"conf_actions":84,"confirmed_hits":383,"dup_confirmed":0,"hits_on_me":42,"pred_actions":91,"predicted_confirmed":43,"predicted_hits":89,"reconnects":0},"ev":"stats","hp":66.0,"in_bytes":1755193,"late":0,"local_entity":8,"match":{"countdown_until":300,"ctrl":-1,"final":false,"next":"","phase":3,"rot":3425,"scores":[8,0],"sd":false,"state":1,"tick":7375,"zone":"C"},"max_err":1.781,"mean_err":0.0245,"ms":129932,"out_bytes":376042,"pending":7,"pos":[-29.08,5.71],"reconciles":2550,"server_tick":7673,"snaps":2555,"teleports":4}
[client] {"a":0,"dup":false,"ev":"game","ms":130230,"predicted":false,"t":5,"tick":7687,"type":"hit"}
[client] {"a":1,"dup":false,"ev":"game","ms":130485,"predicted":false,"t":5,"tick":7702,"type":"hit"}
[client] {"a":5,"dup":false,"ev":"game","ms":130851,"predicted":false,"t":1,"tick":7724,"type":"hit"}
[client] {"a":1,"dup":false,"ev":"game","ms":131238,"predicted":false,"t":5,"tick":7747,"type":"hit"}
[client] {"a":5,"dup":false,"ev":"game","ms":131238,"predicted":false,"t":-1,"tick":7747,"type":"ko"}
[client] {"a":9,"dup":false,"ev":"game","ms":132521,"predicted":false,"t":-1,"tick":7824,"type":"respawn"}
[client] {"a":6,"dup":false,"ev":"game","ms":134466,"predicted":false,"t":-1,"tick":7941,"type":"respawn"}
[client] {"counts":{"blocks_on_me":1,"conf_actions":84,"confirmed_hits":387,"dup_confirmed":0,"hits_on_me":42,"pred_actions":91,"predicted_confirmed":43,"predicted_hits":89,"reconnects":0},"ev":"stats","hp":86.9999999999998,"in_bytes":1820386,"late":0,"local_entity":8,"match":{"countdown_until":300,"ctrl":-1,"final":false,"next":"","phase":3,"rot":3125,"scores":[8,0],"sd":false,"state":1,"tick":7675,"zone":"C"},"max_err":1.781,"mean_err":0.0235,"ms":134935,"out_bytes":390742,"pending":7,"pos":[8.5,0.77],"reconciles":2650,"server_tick":7973,"snaps":2655,"teleports":4}
[client] {"a":4,"dup":false,"ev":"game","ms":139455,"predicted":false,"t":7,"tick":8240,"type":"hit"}
[client] {"counts":{"blocks_on_me":1,"conf_actions":85,"confirmed_hits":388,"dup_confirmed":0,"hits_on_me":42,"pred_actions":92,"predicted_confirmed":43,"predicted_hits":89,"reconnects":0},"ev":"stats","hp":177.000000000001,"in_bytes":1884551,"late":0,"local_entity":8,"match":{"countdown_until":300,"ctrl":-1,"final":false,"next":"","phase":3,"rot":2825,"scores":[8,1],"sd":false,"state":3,"tick":7975,"zone":"C"},"max_err":1.781,"mean_err":0.0233,"ms":139937,"out_bytes":405442,"pending":7,"pos":[45.1,1.0],"reconciles":2750,"server_tick":8273,"snaps":2755,"teleports":4}
[client] {"a":4,"dup":false,"ev":"game","ms":140608,"predicted":false,"t":7,"tick":8309,"type":"hit"}
[client] {"a":7,"dup":false,"ev":"game","ms":140925,"predicted":false,"t":4,"tick":8328,"type":"hit"}
[client] {"a":8,"dup":true,"ev":"game","ms":141057,"predicted":false,"t":4,"tick":8341,"type":"hit"}
[client] {"a":5,"dup":false,"ev":"game","ms":141235,"predicted":false,"t":-1,"tick":8347,"type":"respawn"}
[client] {"a":4,"dup":false,"ev":"game","ms":143615,"predicted":false,"t":8,"tick":8489,"type":"hit"}
[client] {"a":1,"dup":false,"ev":"game","ms":143816,"predicted":false,"t":7,"tick":8501,"type":"hit"}
[client] {"a":9,"dup":false,"ev":"game","ms":143933,"predicted":false,"t":4,"tick":8508,"type":"hit"}
[client] {"a":8,"dup":true,"ev":"game","ms":144147,"predicted":false,"t":1,"tick":8526,"type":"hit"}
[client] {"a":6,"dup":false,"ev":"game","ms":144348,"predicted":false,"t":1,"tick":8533,"type":"hit"}
[client] {"a":8,"dup":true,"ev":"game","ms":144499,"predicted":false,"t":1,"tick":8547,"type":"hit"}
[client] {"a":4,"dup":false,"ev":"game","ms":144616,"predicted":false,"t":9,"tick":8549,"type":"hit"}
[client] {"a":7,"dup":false,"ev":"game","ms":144616,"predicted":false,"t":1,"tick":8549,"type":"hit"}
[client] {"a":6,"dup":false,"ev":"game","ms":144651,"predicted":false,"t":3,"tick":8551,"type":"block"}
[client] {"a":0,"dup":false,"ev":"game","ms":144734,"predicted":false,"t":6,"tick":8556,"type":"hit"}
[client] {"a":0,"dup":false,"ev":"game","ms":144734,"predicted":false,"t":8,"tick":8556,"type":"hit"}
[client] {"counts":{"blocks_on_me":1,"conf_actions":90,"confirmed_hits":401,"dup_confirmed":0,"hits_on_me":44,"pred_actions":99,"predicted_confirmed":46,"predicted_hits":95,"reconnects":0},"ev":"stats","hp":110.900000000002,"in_bytes":1957680,"late":0,"local_entity":8,"match":{"countdown_until":300,"ctrl":-1,"final":false,"next":"","phase":3,"rot":2528,"scores":[8,1],"sd":false,"state":3,"tick":8272,"zone":"C"},"max_err":1.781,"mean_err":0.0237,"ms":144933,"out_bytes":420142,"pending":7,"pos":[42.45,0.87],"reconciles":2850,"server_tick":8573,"snaps":2854,"teleports":4}
[client] {"a":4,"dup":false,"ev":"game","ms":144968,"predicted":false,"t":9,"tick":8570,"type":"hit"}
[client] {"a":4,"dup":false,"ev":"game","ms":145300,"predicted":false,"t":9,"tick":8590,"type":"hit"}
[client] {"a":7,"dup":false,"ev":"game","ms":145465,"predicted":false,"t":3,"tick":8600,"type":"hit"}
[client] {"a":7,"dup":false,"ev":"game","ms":145486,"predicted":false,"t":0,"tick":8601,"type":"hit"}
[client] {"a":8,"dup":true,"ev":"game","ms":145568,"predicted":false,"t":4,"tick":8611,"type":"hit"}
[client] {"a":1,"dup":false,"ev":"game","ms":145700,"predicted":false,"t":7,"tick":8615,"type":"hit"}
[client] {"a":1,"dup":false,"ev":"game","ms":146017,"predicted":false,"t":7,"tick":8634,"type":"hit"}
[client] {"a":2,"dup":false,"ev":"game","ms":146148,"predicted":false,"t":7,"tick":8642,"type":"hit"}
[client] {"a":3,"dup":false,"ev":"game","ms":146393,"predicted":false,"t":7,"tick":8656,"type":"hit"}
[client] {"a":6,"dup":false,"ev":"game","ms":146404,"predicted":false,"t":1,"tick":8657,"type":"hit"}
[client] {"a":9,"dup":false,"ev":"game","ms":146466,"predicted":false,"t":2,"tick":8661,"type":"hit"}
[client] {"a":9,"dup":false,"ev":"game","ms":146487,"predicted":false,"t":1,"tick":8662,"type":"hit"}
[client] {"a":9,"dup":false,"ev":"game","ms":146487,"predicted":false,"t":3,"tick":8662,"type":"hit"}
[client] {"a":4,"dup":false,"ev":"game","ms":146901,"predicted":false,"t":7,"tick":8687,"type":"hit"}
[client] {"a":6,"dup":false,"ev":"game","ms":147135,"predicted":false,"t":0,"tick":8701,"type":"hit"}
[client] {"a":6,"dup":false,"ev":"game","ms":147183,"predicted":false,"t":2,"tick":8704,"type":"hit"}
[client] {"a":4,"dup":false,"ev":"game","ms":147252,"predicted":false,"t":7,"tick":8708,"type":"hit"}
[client] {"a":3,"dup":false,"ev":"game","ms":147335,"predicted":false,"t":6,"tick":8713,"type":"hit"}
[client] {"a":1,"dup":false,"ev":"game","ms":147404,"predicted":false,"t":6,"tick":8717,"type":"hit"}
[client] {"a":9,"dup":false,"ev":"game","ms":147452,"predicted":false,"t":1,"tick":8720,"type":"hit"}
[client] {"a":4,"dup":false,"ev":"game","ms":147501,"predicted":false,"t":7,"tick":8723,"type":"hit"}
[client] {"a":3,"dup":false,"ev":"game","ms":147618,"predicted":false,"t":6,"tick":8730,"type":"hit"}
[client] {"a":6,"dup":false,"ev":"game","ms":147970,"predicted":false,"t":3,"tick":8751,"type":"hit"}
[client] {"a":8,"dup":true,"ev":"game","ms":148041,"predicted":false,"t":3,"tick":8760,"type":"hit"}
[client] {"a":2,"dup":false,"ev":"game","ms":148121,"predicted":false,"t":9,"tick":8760,"type":"hit"}
[client] {"a":0,"dup":false,"ev":"game","ms":148218,"predicted":false,"t":6,"tick":8766,"type":"hit"}
[client] {"a":6,"dup":false,"ev":"game","ms":148584,"predicted":false,"t":3,"tick":8788,"type":"hit"}
[client] {"a":6,"dup":false,"ev":"game","ms":148640,"predicted":false,"t":0,"tick":8791,"type":"hit"}
[client] {"a":3,"dup":false,"ev":"game","ms":148984,"predicted":false,"t":6,"tick":8812,"type":"hit"}
[client] {"a":8,"dup":true,"ev":"game","ms":149101,"predicted":false,"t":3,"tick":8824,"type":"hit"}
[client] {"a":7,"dup":false,"ev":"game","ms":149239,"predicted":false,"t":3,"tick":8827,"type":"hit"}
[client] {"a":1,"dup":false,"ev":"game","ms":149501,"predicted":false,"t":9,"tick":8843,"type":"hit"}
[client] {"a":2,"dup":false,"ev":"game","ms":149501,"predicted":false,"t":6,"tick":8843,"type":"hit"}
[client] {"a":0,"dup":false,"ev":"game","ms":149653,"predicted":false,"t":6,"tick":8852,"type":"hit"}
[client] {"a":0,"dup":false,"ev":"game","ms":149701,"predicted":false,"t":8,"tick":8855,"type":"hit"}
[client] {"counts":{"blocks_on_me":1,"conf_actions":97,"confirmed_hits":436,"dup_confirmed":0,"hits_on_me":45,"pred_actions":106,"predicted_confirmed":49,"predicted_hits":101,"reconnects":0},"ev":"stats","hp":72.9000000000017,"in_bytes":2037856,"late":0,"local_entity":8,"match":{"countdown_until":300,"ctrl":-1,"final":false,"next":"","phase":3,"rot":2225,"scores":[8,1],"sd":false,"state":3,"tick":8575,"zone":"C"},"max_err":2.08,"mean_err":0.0239,"ms":149935,"out_bytes":434842,"pending":7,"pos":[43.18,-0.92],"reconciles":2950,"server_tick":8873,"snaps":2955,"teleports":4}
[client] {"a":4,"dup":false,"ev":"game","ms":149936,"predicted":false,"t":7,"tick":8869,"type":"hit"}
[client] {"a":1,"dup":false,"ev":"game","ms":150184,"predicted":false,"t":9,"tick":8884,"type":"hit"}
[client] {"a":2,"dup":false,"ev":"game","ms":150206,"predicted":false,"t":6,"tick":8885,"type":"hit"}
[client] {"a":6,"dup":false,"ev":"game","ms":150206,"predicted":false,"t":-1,"tick":8885,"type":"ko"}
[client] {"a":0,"dup":false,"ev":"game","ms":150371,"predicted":false,"t":7,"tick":8895,"type":"hit"}
[client] {"a":1,"dup":false,"ev":"game","ms":150502,"predicted":false,"t":9,"tick":8903,"type":"hit"}
[client] {"a":8,"dup":true,"ev":"game","ms":150523,"predicted":false,"t":4,"tick":8909,"type":"hit"}
[client] {"a":0,"dup":false,"ev":"game","ms":150702,"predicted":false,"t":7,"tick":8915,"type":"hit"}
[client] {"a":7,"dup":false,"ev":"game","ms":150702,"predicted":false,"t":-1,"tick":8915,"type":"ko"}
[client] {"a":1,"dup":false,"ev":"game","ms":150867,"predicted":false,"t":9,"tick":8925,"type":"hit"}
[client] {"a":1,"dup":false,"ev":"game","ms":151419,"predicted":false,"t":8,"tick":8958,"type":"hit"}
[client] {"a":9,"dup":false,"ev":"game","ms":151586,"predicted":false,"t":4,"tick":8968,"type":"hit"}
[client] {"a":1,"dup":false,"ev":"game","ms":152123,"predicted":false,"t":8,"tick":9000,"type":"hit"}
[client] {"a":3,"dup":false,"ev":"game","ms":152658,"predicted":false,"t":9,"tick":9032,"type":"hit"}
[client] {"a":8,"dup":true,"ev":"game","ms":152987,"predicted":false,"t":2,"tick":9057,"type":"hit"}
[client] {"a":8,"dup":false,"ev":"game","ms":153787,"predicted":false,"t":-1,"tick":9105,"type":"ko"}
[client] {"a":0,"dup":false,"ev":"game","ms":153869,"predicted":false,"t":8,"tick":9105,"type":"hit"}
[client] {"a":5,"dup":false,"ev":"game","ms":153927,"predicted":false,"t":3,"tick":9108,"type":"hit"}
[client] {"a":4,"dup":false,"ev":"game","ms":153959,"predicted":false,"t":5,"tick":9110,"type":"hit"}
[client] {"a":2,"dup":false,"ev":"game","ms":154022,"predicted":false,"t":5,"tick":9114,"type":"hit"}
[client] {"a":4,"dup":false,"ev":"game","ms":154263,"predicted":false,"t":5,"tick":9129,"type":"hit"}
[client] {"a":2,"dup":false,"ev":"game","ms":154353,"predicted":false,"t":5,"tick":9134,"type":"hit"}
[client] {"a":0,"dup":false,"ev":"game","ms":154486,"predicted":false,"t":9,"tick":9141,"type":"hit"}
[client] {"a":3,"dup":false,"ev":"game","ms":154499,"predicted":false,"t":5,"tick":9142,"type":"hit"}
[client] {"a":3,"dup":false,"ev":"game","ms":154838,"predicted":false,"t":5,"tick":9162,"type":"hit"}
[client] {"counts":{"blocks_on_me":1,"conf_actions":102,"confirmed_hits":458,"dup_confirmed":0,"hits_on_me":48,"pred_actions":111,"predicted_confirmed":51,"predicted_hits":110,"reconnects":0},"ev":"stats","hp":0.0,"in_bytes":2114625,"late":0,"local_entity":8,"match":{"countdown_until":300,"ctrl":-1,"final":false,"next":"","phase":3,"rot":1928,"scores":[8,1],"sd":false,"state":3,"tick":8872,"zone":"C"},"max_err":2.08,"mean_err":0.0242,"ms":154931,"out_bytes":449542,"pending":7,"pos":[43.26,0.43],"reconciles":3050,"server_tick":9173,"snaps":3054,"teleports":4}
[client] {"a":4,"dup":false,"ev":"game","ms":154933,"predicted":false,"t":5,"tick":9168,"type":"hit"}
[client] {"a":9,"dup":false,"ev":"game","ms":155354,"predicted":false,"t":0,"tick":9193,"type":"hit"}
[client] {"a":9,"dup":false,"ev":"game","ms":155664,"predicted":false,"t":0,"tick":9212,"type":"hit"}
[client] {"a":1,"dup":false,"ev":"game","ms":155850,"predicted":false,"t":9,"tick":9223,"type":"hit"}
[client] {"a":1,"dup":false,"ev":"game","ms":156065,"predicted":false,"t":9,"tick":9236,"type":"hit"}
[client] {"a":0,"dup":false,"ev":"game","ms":156382,"predicted":false,"t":9,"tick":9255,"type":"hit"}
[client] {"a":9,"dup":false,"ev":"game","ms":156382,"predicted":false,"t":-1,"tick":9255,"type":"ko"}
[client] {"a":2,"dup":false,"ev":"game","ms":156581,"predicted":false,"t":5,"tick":9267,"type":"block"}
[client] {"a":3,"dup":false,"ev":"game","ms":157568,"predicted":false,"t":5,"tick":9326,"type":"hit"}
[client] {"a":3,"dup":false,"ev":"game","ms":157900,"predicted":false,"t":5,"tick":9346,"type":"hit"}
[client] {"a":2,"dup":false,"ev":"game","ms":158099,"predicted":false,"t":5,"tick":9358,"type":"hit"}
[client] {"a":3,"dup":false,"ev":"game","ms":158251,"predicted":false,"t":5,"tick":9367,"type":"hit"}
[client] {"a":2,"dup":false,"ev":"game","ms":158500,"predicted":false,"t":5,"tick":9382,"type":"hit"}
[client] {"a":2,"dup":false,"ev":"game","ms":158783,"predicted":false,"t":5,"tick":9399,"type":"hit"}
[client] {"a":2,"dup":false,"ev":"game","ms":159569,"predicted":false,"t":5,"tick":9446,"type":"hit"}
[client] {"counts":{"blocks_on_me":1,"conf_actions":102,"confirmed_hits":471,"dup_confirmed":0,"hits_on_me":48,"pred_actions":111,"predicted_confirmed":51,"predicted_hits":110,"reconnects":0},"ev":"stats","hp":0.0,"in_bytes":2182872,"late":0,"local_entity":8,"match":{"countdown_until":300,"ctrl":-1,"final":false,"next":"","phase":3,"rot":1625,"scores":[8,1],"sd":false,"state":3,"tick":9175,"zone":"C"},"max_err":2.08,"mean_err":0.0234,"ms":159934,"out_bytes":464242,"pending":7,"pos":[43.26,0.43],"reconciles":3150,"server_tick":9473,"snaps":3155,"teleports":4}
[client] {"a":5,"dup":false,"ev":"game","ms":160121,"predicted":false,"t":3,"tick":9479,"type":"hit"}
[client] {"a":2,"dup":false,"ev":"game","ms":160204,"predicted":false,"t":5,"tick":9484,"type":"hit"}
[client] {"a":5,"dup":false,"ev":"game","ms":160204,"predicted":false,"t":-1,"tick":9484,"type":"ko"}
[client] {"a":6,"dup":false,"ev":"game","ms":160219,"predicted":false,"t":-1,"tick":9485,"type":"respawn"}
[client] {"a":7,"dup":false,"ev":"game","ms":160721,"predicted":false,"t":-1,"tick":9515,"type":"respawn"}
[client] {"a":8,"dup":false,"ev":"game","ms":163786,"predicted":false,"t":-1,"tick":9705,"type":"respawn"}
[client] {"counts":{"blocks_on_me":1,"conf_actions":102,"confirmed_hits":473,"dup_confirmed":0,"hits_on_me":48,"pred_actions":111,"predicted_confirmed":51,"predicted_hits":110,"reconnects":0},"ev":"stats","hp":230.0,"in_bytes":2235106,"late":0,"local_entity":8,"match":{"countdown_until":300,"ctrl":0,"final":false,"next":"","phase":3,"rot":1328,"scores":[12,1],"sd":false,"state":2,"tick":9472,"zone":"C"},"max_err":2.08,"mean_err":0.0227,"ms":164929,"out_bytes":478942,"pending":7,"pos":[-4.57,40.52],"reconciles":3249,"server_tick":9773,"snaps":3254,"teleports":5}
[client] {"a":9,"dup":false,"ev":"game","ms":166379,"predicted":false,"t":-1,"tick":9855,"type":"respawn"}
[client] {"counts":{"blocks_on_me":1,"conf_actions":102,"confirmed_hits":473,"dup_confirmed":0,"hits_on_me":48,"pred_actions":111,"predicted_confirmed":51,"predicted_hits":110,"reconnects":0},"ev":"stats","hp":230.0,"in_bytes":2293204,"late":0,"local_entity":8,"match":{"countdown_until":300,"ctrl":-1,"final":false,"next":"","phase":3,"rot":1028,"scores":[17,1],"sd":false,"state":3,"tick":9772,"zone":"C"},"max_err":2.08,"mean_err":0.022,"ms":169928,"out_bytes":493642,"pending":7,"pos":[17.64,14.97],"reconciles":3349,"server_tick":10073,"snaps":3354,"teleports":5}
[client] {"a":5,"dup":false,"ev":"game","ms":170198,"predicted":false,"t":-1,"tick":10084,"type":"respawn"}
[client] {"a":6,"dup":false,"ev":"game","ms":170768,"predicted":false,"t":3,"tick":10119,"type":"hit"}
[client] {"a":4,"dup":false,"ev":"game","ms":170933,"predicted":false,"t":6,"tick":10129,"type":"hit"}
[client] {"a":2,"dup":false,"ev":"game","ms":171099,"predicted":false,"t":6,"tick":10139,"type":"hit"}
[client] {"a":7,"dup":false,"ev":"game","ms":172286,"predicted":false,"t":0,"tick":10210,"type":"hit"}
[client] {"a":3,"dup":false,"ev":"game","ms":172320,"predicted":false,"t":6,"tick":10212,"type":"hit"}
[client] {"a":4,"dup":false,"ev":"game","ms":172790,"predicted":false,"t":7,"tick":10240,"type":"hit"}
[client] {"a":3,"dup":false,"ev":"game","ms":173390,"predicted":false,"t":7,"tick":10276,"type":"hit"}
[client] {"a":4,"dup":false,"ev":"game","ms":173487,"predicted":false,"t":6,"tick":10282,"type":"hit"}
[client] {"a":8,"dup":true,"ev":"game","ms":173487,"predicted":false,"t":3,"tick":10287,"type":"hit"}
[client] {"a":4,"dup":false,"ev":"game","ms":173900,"predicted":false,"t":6,"tick":10307,"type":"hit"}
[client] {"a":3,"dup":false,"ev":"game","ms":173969,"predicted":false,"t":6,"tick":10311,"type":"hit"}
[client] {"a":8,"dup":false,"ev":"game","ms":174136,"predicted":false,"t":3,"tick":10326,"type":"block"}
[client] {"a":8,"dup":false,"ev":"game","ms":174556,"predicted":false,"t":3,"tick":10351,"type":"block"}
[client] {"a":7,"dup":false,"ev":"game","ms":174618,"predicted":false,"t":3,"tick":10350,"type":"block"}
[client] {"a":7,"dup":false,"ev":"game","ms":174922,"predicted":false,"t":3,"tick":10368,"type":"block"}
[client] {"counts":{"blocks_on_me":1,"conf_actions":107,"confirmed_hits":484,"dup_confirmed":0,"hits_on_me":48,"pred_actions":116,"predicted_confirmed":52,"predicted_hits":117,"reconnects":0},"ev":"stats","hp":230.0,"in_bytes":2365091,"late":0,"local_entity":8,"match":{"countdown_until":300,"ctrl":-1,"final":false,"next":"B","phase":3,"rot":725,"scores":[17,1],"sd":false,"state":3,"tick":10075,"zone":"C"},"max_err":2.08,"mean_err":0.0221,"ms":174934,"out_bytes":508342,"pending":7,"pos":[38.51,1.66],"reconciles":3449,"server_tick":10373,"snaps":3455,"teleports":5}
[client] {"a":8,"dup":false,"ev":"game","ms":175101,"predicted":false,"t":3,"tick":10384,"type":"block"}
[client] {"a":6,"dup":false,"ev":"game","ms":175363,"predicted":false,"t":3,"tick":10395,"type":"guard_break"}
[client] {"a":8,"dup":true,"ev":"game","ms":175550,"predicted":false,"t":3,"tick":10410,"type":"hit"}
[client] {"a":7,"dup":false,"ev":"game","ms":175715,"predicted":false,"t":3,"tick":10415,"type":"hit"}
[client] {"a":2,"dup":false,"ev":"game","ms":176916,"predicted":false,"t":7,"tick":10487,"type":"hit"}
[client] {"a":9,"dup":false,"ev":"game","ms":177185,"predicted":false,"t":3,"tick":10503,"type":"hit"}
[client] {"a":6,"dup":false,"ev":"game","ms":177316,"predicted":false,"t":3,"tick":10511,"type":"hit"}
[client] {"a":6,"dup":false,"ev":"game","ms":177316,"predicted":false,"t":4,"tick":10511,"type":"hit"}
[client] {"a":8,"dup":true,"ev":"game","ms":177599,"predicted":false,"t":4,"tick":10533,"type":"hit"}
[client] {"a":8,"dup":true,"ev":"game","ms":177612,"predicted":false,"t":3,"tick":10535,"type":"hit"}
[client] {"a":3,"dup":false,"ev":"game","ms":177716,"predicted":false,"t":-1,"tick":10535,"type":"ko"}
[client] {"a":2,"dup":false,"ev":"game","ms":177799,"predicted":false,"t":6,"tick":10540,"type":"hit"}
[client] {"a":8,"dup":true,"ev":"game","ms":177951,"predicted":false,"t":4,"tick":10554,"type":"hit"}
[client] {"a":7,"dup":false,"ev":"game","ms":178034,"predicted":false,"t":2,"tick":10554,"type":"hit"}
[client] {"a":8,"dup":true,"ev":"game","ms":178268,"predicted":false,"t":4,"tick":10574,"type":"hit"}
[client] {"a":8,"dup":true,"ev":"game","ms":178303,"predicted":false,"t":2,"tick":10576,"type":"hit"}
[client] {"a":6,"dup":false,"ev":"game","ms":178751,"predicted":false,"t":0,"tick":10597,"type":"hit"}
[client] {"a":4,"dup":false,"ev":"game","ms":178785,"predicted":false,"t":8,"tick":10599,"type":"hit"}
[client] {"a":1,"dup":false,"ev":"game","ms":179234,"predicted":false,"t":9,"tick":10626,"type":"hit"}
[client] {"a":8,"dup":true,"ev":"game","ms":179365,"predicted":false,"t":4,"tick":10639,"type":"hit"}
[client] {"a":1,"dup":false,"ev":"game","ms":179614,"predicted":false,"t":9,"tick":10649,"type":"hit"}
[client] {"a":2,"dup":false,"ev":"game","ms":179752,"predicted":false,"t":7,"tick":10657,"type":"hit"}
[client] {"counts":{"blocks_on_me":1,"conf_actions":114,"confirmed_hits":503,"dup_confirmed":0,"hits_on_me":49,"pred_actions":123,"predicted_confirmed":59,"predicted_hits":132,"reconnects":0},"ev":"stats","hp":212.0,"in_bytes":2439322,"late":0,"local_entity":8,"match":{"countdown_until":300,"ctrl":-1,"final":false,"next":"B","phase":3,"rot":428,"scores":[17,1],"sd":false,"state":3,"tick":10372,"zone":"C"},"max_err":2.08,"mean_err":0.0221,"ms":179930,"out_bytes":523042,"pending":7,"pos":[43.37,-0.34],"reconciles":3549,"server_tick":10673,"snaps":3554,"teleports":5}
[client] {"a":6,"dup":false,"ev":"game","ms":179931,"predicted":false,"t":2,"tick":10668,"type":"hit"}
[client] {"a":9,"dup":false,"ev":"game","ms":180000,"predicted":false,"t":1,"tick":10672,"type":"hit"}
[client] {"a":7,"dup":false,"ev":"game","ms":180069,"predicted":false,"t":2,"tick":10676,"type":"hit"}
[client] {"a":4,"dup":false,"ev":"game","ms":180104,"predicted":false,"t":6,"tick":10678,"type":"hit"}
[client] {"a":4,"dup":false,"ev":"game","ms":180304,"predicted":false,"t":7,"tick":10690,"type":"hit"}
[client] {"a":1,"dup":false,"ev":"game","ms":180386,"predicted":false,"t":9,"tick":10695,"type":"hit"}
[client] {"a":6,"dup":false,"ev":"game","ms":180552,"predicted":false,"t":2,"tick":10705,"type":"hit"}
[client] {"a":8,"dup":true,"ev":"game","ms":180752,"predicted":false,"t":2,"tick":10723,"type":"hit"}
[client] {"a":9,"dup":false,"ev":"game","ms":181131,"predicted":false,"t":1,"tick":10740,"type":"hit"}
[client] {"a":2,"dup":false,"ev":"game","ms":181166,"predicted":false,"t":6,"tick":10742,"type":"hit"}
[client] {"a":7,"dup":false,"ev":"game","ms":181332,"predicted":false,"t":2,"tick":10752,"type":"hit"}
[client] {"a":0,"dup":false,"ev":"game","ms":181705,"predicted":false,"t":8,"tick":10774,"type":"hit"}
[client] {"a":6,"dup":false,"ev":"game","ms":181815,"predicted":false,"t":4,"tick":10781,"type":"hit"}
[client] {"a":6,"dup":false,"ev":"game","ms":181870,"predicted":false,"t":2,"tick":10784,"type":"hit"}
[client] {"a":1,"dup":false,"ev":"game","ms":182270,"predicted":false,"t":5,"tick":10808,"type":"hit"}
[client] {"a":9,"dup":false,"ev":"game","ms":182353,"predicted":false,"t":0,"tick":10813,"type":"hit"}
[client] {"a":6,"dup":false,"ev":"game","ms":182451,"predicted":false,"t":0,"tick":10819,"type":"hit"}
[client] {"a":0,"dup":false,"ev":"game","ms":182850,"predicted":false,"t":9,"tick":10843,"type":"hit"}
[client] {"a":4,"dup":false,"ev":"game","ms":182919,"predicted":false,"t":7,"tick":10847,"type":"hit"}
[client] {"a":2,"dup":false,"ev":"game","ms":183002,"predicted":false,"t":7,"tick":10852,"type":"hit"}
[client] {"a":2,"dup":false,"ev":"game","ms":183084,"predicted":false,"t":6,"tick":10857,"type":"hit"}
[client] {"a":6,"dup":false,"ev":"game","ms":183084,"predicted":false,"t":-1,"tick":10857,"type":"ko"}
[client] {"a":0,"dup":false,"ev":"game","ms":183154,"predicted":false,"t":9,"tick":10861,"type":"hit"}
[client] {"a":9,"dup":false,"ev":"game","ms":183533,"predicted":false,"t":2,"tick":10884,"type":"hit"}
[client] {"a":2,"dup":false,"ev":"game","ms":183533,"predicted":false,"t":-1,"tick":10884,"type":"ko"}
[client] {"a":1,"dup":false,"ev":"game","ms":183650,"predicted":false,"t":7,"tick":10891,"type":"hit"}
[client] {"a":0,"dup":false,"ev":"game","ms":183884,"predicted":false,"t":8,"tick":10905,"type":"hit"}
[client] {"a":5,"dup":false,"ev":"game","ms":183885,"predicted":false,"t":4,"tick":10905,"type":"hit"}
[client] {"a":9,"dup":false,"ev":"game","ms":183905,"predicted":false,"t":4,"tick":10906,"type":"hit"}
[client] {"a":4,"dup":false,"ev":"game","ms":183906,"predicted":false,"t":-1,"tick":10906,"type":"ko"}
[client] {"a":1,"dup":false,"ev":"game","ms":184119,"predicted":false,"t":7,"tick":10919,"type":"hit"}
[client] {"a":1,"dup":false,"ev":"game","ms":184154,"predicted":false,"t":8,"tick":10921,"type":"hit"}
[client] {"a":0,"dup":false,"ev":"game","ms":184485,"predicted":false,"t":9,"tick":10941,"type":"hit"}
[client] {"a":7,"dup":false,"ev":"game","ms":184485,"predicted":false,"t":1,"tick":10941,"type":"hit"}
[client] {"a":8,"dup":true,"ev":"game","ms":184505,"predicted":false,"t":1,"tick":10947,"type":"hit"}
[client] {"a":0,"dup":false,"ev":"game","ms":184851,"predicted":false,"t":9,"tick":10963,"type":"hit"}
[client] {"counts":{"blocks_on_me":1,"conf_actions":122,"confirmed_hits":536,"dup_confirmed":0,"hits_on_me":52,"pred_actions":131,"predicted_confirmed":61,"predicted_hits":137,"reconnects":0},"ev":"stats","hp":118.0,"in_bytes":2515532,"late":0,"local_entity":8,"match":{"countdown_until":300,"ctrl":-1,"final":false,"next":"B","phase":3,"rot":128,"scores":[17,1],"sd":false,"state":3,"tick":10672,"zone":"C"},"max_err":2.08,"mean_err":0.0226,"ms":184932,"out_bytes":537742,"pending":7,"pos":[41.69,2.3],"reconciles":3649,"server_tick":10973,"snaps":3654,"teleports":5}
[client] {"a":5,"dup":false,"ev":"game","ms":184954,"predicted":false,"t":0,"tick":10969,"type":"hit"}
[client] {"a":8,"dup":true,"ev":"game","ms":185003,"predicted":false,"t":1,"tick":10978,"type":"hit"}
[client] {"a":8,"dup":false,"ev":"game","ms":185355,"predicted":false,"t":1,"tick":10999,"type":"hit"}
[client] {"a":5,"dup":false,"ev":"game","ms":185754,"predicted":false,"t":0,"tick":11017,"type":"hit"}
[client] {"a":9,"dup":false,"ev":"game","ms":186106,"predicted":false,"t":1,"tick":11038,"type":"hit"}
[client] {"a":0,"dup":false,"ev":"game","ms":186672,"predicted":false,"t":5,"tick":11073,"type":"hit"}
[client] {"a":-1,"dup":false,"ev":"game","ms":187107,"predicted":false,"t":-1,"tick":11099,"type":"zone_rotated"}
[client] {"a":5,"dup":false,"ev":"game","ms":187190,"predicted":false,"t":0,"tick":11103,"type":"hit"}
[client] {"a":7,"dup":false,"ev":"game","ms":187390,"predicted":false,"t":0,"tick":11115,"type":"hit"}
[client] {"a":0,"dup":false,"ev":"game","ms":187390,"predicted":false,"t":-1,"tick":11115,"type":"ko"}
[client] {"a":3,"dup":false,"ev":"game","ms":187721,"predicted":false,"t":-1,"tick":11135,"type":"respawn"}
[client] {"a":8,"dup":true,"ev":"game","ms":187804,"predicted":false,"t":1,"tick":11145,"type":"hit"}
[client] {"a":1,"dup":false,"ev":"game","ms":188273,"predicted":false,"t":5,"tick":11168,"type":"hit"}
[client] {"a":7,"dup":false,"ev":"game","ms":188487,"predicted":false,"t":1,"tick":11181,"type":"hit"}
[client] {"a":1,"dup":false,"ev":"game","ms":188487,"predicted":false,"t":-1,"tick":11181,"type":"ko"}
[client] {"counts":{"blocks_on_me":1,"conf_actions":126,"confirmed_hits":547,"dup_confirmed":0,"hits_on_me":52,"pred_actions":135,"predicted_confirmed":63,"predicted_hits":138,"reconnects":0},"ev":"stats","hp":118.0,"in_bytes":2575505,"late":0,"local_entity":8,"match":{"countdown_until":300,"ctrl":-1,"final":false,"next":"","phase":3,"rot":3425,"scores":[17,1],"sd":false,"state":1,"tick":10975,"zone":"B"},"max_err":2.08,"mean_err":0.0222,"ms":189942,"out_bytes":552442,"pending":7,"pos":[32.92,-3.39],"reconciles":3749,"server_tick":11273,"snaps":3755,"teleports":5}
[client] {"a":6,"dup":false,"ev":"game","ms":193068,"predicted":false,"t":-1,"tick":11457,"type":"respawn"}
[client] {"a":2,"dup":false,"ev":"game","ms":193517,"predicted":false,"t":-1,"tick":11484,"type":"respawn"}
[client] {"a":4,"dup":false,"ev":"game","ms":193883,"predicted":false,"t":-1,"tick":11506,"type":"respawn"}
[client] {"counts":{"blocks_on_me":1,"conf_actions":126,"confirmed_hits":547,"dup_confirmed":0,"hits_on_me":52,"pred_actions":135,"predicted_confirmed":63,"predicted_hits":138,"reconnects":0},"ev":"stats","hp":136.9,"in_bytes":2626407,"late":0,"local_entity":8,"match":{"countdown_until":300,"ctrl":-1,"final":false,"next":"","phase":3,"rot":3128,"scores":[17,1],"sd":false,"state":3,"tick":11272,"zone":"B"},"max_err":2.08,"mean_err":0.0216,"ms":194937,"out_bytes":567142,"pending":7,"pos":[-0.03,-2.78],"reconciles":3849,"server_tick":11573,"snaps":3854,"teleports":5}
[client] {"a":9,"dup":false,"ev":"game","ms":195304,"predicted":false,"t":3,"tick":11590,"type":"hit"}
[client] {"a":8,"dup":false,"ev":"game","ms":195553,"predicted":false,"t":3,"tick":11610,"type":"block"}
[client] {"a":9,"dup":false,"ev":"game","ms":195600,"predicted":false,"t":3,"tick":11608,"type":"block"}
[client] {"a":5,"dup":false,"ev":"game","ms":195766,"predicted":false,"t":3,"tick":11618,"type":"block"}
[client] {"a":9,"dup":false,"ev":"game","ms":195918,"predicted":false,"t":3,"tick":11627,"type":"block"}
[client] {"a":5,"dup":false,"ev":"game","ms":196153,"predicted":false,"t":3,"tick":11641,"type":"block"}
[client] {"a":8,"dup":true,"ev":"game","ms":196305,"predicted":false,"t":3,"tick":11656,"type":"hit"}
[client] {"a":5,"dup":false,"ev":"game","ms":196471,"predicted":false,"t":3,"tick":11660,"type":"hit"}
[client] {"a":8,"dup":true,"ev":"game","ms":196650,"predicted":false,"t":3,"tick":11676,"type":"hit"}
[client] {"a":5,"dup":false,"ev":"game","ms":197002,"predicted":false,"t":3,"tick":11692,"type":"hit"}
[client] {"a":8,"dup":true,"ev":"game","ms":197002,"predicted":false,"t":3,"tick":11697,"type":"hit"}
[client] {"a":8,"dup":true,"ev":"game","ms":197368,"predicted":false,"t":3,"tick":11720,"type":"hit"}
[client] {"a":0,"dup":false,"ev":"game","ms":197388,"predicted":false,"t":-1,"tick":11715,"type":"respawn"}
[client] {"a":9,"dup":false,"ev":"game","ms":197519,"predicted":false,"t":3,"tick":11723,"type":"hit"}
[client] {"a":8,"dup":true,"ev":"game","ms":197622,"predicted":false,"t":3,"tick":11735,"type":"hit"}
[client] {"a":9,"dup":false,"ev":"game","ms":198071,"predicted":false,"t":3,"tick":11756,"type":"hit"}
[client] {"a":8,"dup":true,"ev":"game","ms":198423,"predicted":false,"t":3,"tick":11783,"type":"hit"}
[client] {"a":9,"dup":false,"ev":"game","ms":198457,"predicted":false,"t":3,"tick":11780,"type":"hit"}
[client] {"a":1,"dup":false,"ev":"game","ms":198471,"predicted":false,"t":-1,"tick":11781,"type":"respawn"}
[client] {"counts":{"blocks_on_me":1,"conf_actions":133,"confirmed_hits":559,"dup_confirmed":0,"hits_on_me":52,"pred_actions":142,"predicted_confirmed":69,"predicted_hits":151,"reconnects":0},"ev":"stats","hp":138.4,"in_bytes":2694057,"late":0,"local_entity":8,"match":{"countdown_until":300,"ctrl":-1,"final":false,"next":"","phase":3,"rot":2825,"scores":[17,1],"sd":false,"state":3,"tick":11575,"zone":"B"},"max_err":2.08,"mean_err":0.0216,"ms":199937,"out_bytes":581842,"pending":7,"pos":[-0.22,-3.67],"reconciles":3949,"server_tick":11873,"snaps":3955,"teleports":5}
[client] {"a":8,"dup":true,"ev":"game","ms":200021,"predicted":false,"t":3,"tick":11879,"type":"hit"}
[client] {"a":8,"dup":false,"ev":"game","ms":200069,"predicted":false,"t":2,"tick":11882,"type":"hit"}
[client] {"a":8,"dup":true,"ev":"game","ms":200352,"predicted":false,"t":3,"tick":11899,"type":"hit"}
[client] {"a":2,"dup":false,"ev":"game","ms":200504,"predicted":false,"t":8,"tick":11903,"type":"hit"}
[client] {"a":7,"dup":false,"ev":"game","ms":200703,"predicted":false,"t":2,"tick":11915,"type":"hit"}
[client] {"a":7,"dup":false,"ev":"game","ms":200718,"predicted":false,"t":3,"tick":11916,"type":"hit"}
[client] {"a":3,"dup":false,"ev":"game","ms":200718,"predicted":false,"t":-1,"tick":11916,"type":"ko"}
[client] {"a":5,"dup":false,"ev":"game","ms":200938,"predicted":false,"t":2,"tick":11929,"type":"hit"}
[client] {"a":6,"dup":false,"ev":"game","ms":201256,"predicted":false,"t":4,"tick":11948,"type":"hit"}
[client] {"a":2,"dup":false,"ev":"game","ms":201801,"predicted":false,"t":5,"tick":11981,"type":"hit"}
[client] {"a":2,"dup":false,"ev":"game","ms":201835,"predicted":false,"t":8,"tick":11983,"type":"hit"}
[client] {"a":4,"dup":false,"ev":"game","ms":202602,"predicted":false,"t":7,"tick":12029,"type":"hit"}
[client] {"a":4,"dup":false,"ev":"game","ms":203037,"predicted":false,"t":6,"tick":12055,"type":"hit"}
[client] {"a":4,"dup":false,"ev":"game","ms":203070,"predicted":false,"t":7,"tick":12057,"type":"hit"}
[client] {"a":2,"dup":false,"ev":"game","ms":203270,"predicted":false,"t":5,"tick":12069,"type":"hit"}
[client] {"a":8,"dup":true,"ev":"game","ms":203305,"predicted":false,"t":2,"tick":12076,"type":"hit"}
[client] {"a":4,"dup":false,"ev":"game","ms":203367,"predicted":false,"t":6,"tick":12075,"type":"hit"}
[client] {"a":4,"dup":false,"ev":"game","ms":203401,"predicted":false,"t":7,"tick":12077,"type":"hit"}
[client] {"a":7,"dup":false,"ev":"game","ms":203402,"predicted":false,"t":-1,"tick":12077,"type":"ko"}
[client] {"a":4,"dup":false,"ev":"game","ms":203422,"predicted":false,"t":9,"tick":12078,"type":"hit"}
[client] {"a":2,"dup":false,"ev":"game","ms":203705,"predicted":false,"t":5,"tick":12095,"type":"hit"}
[client] {"a":8,"dup":true,"ev":"game","ms":203705,"predicted":false,"t":2,"tick":12100,"type":"hit"}
[client] {"a":6,"dup":false,"ev":"game","ms":203837,"predicted":false,"t":4,"tick":12103,"type":"hit"}
[client] {"a":0,"dup":false,"ev":"game","ms":204037,"predicted":false,"t":5,"tick":12115,"type":"hit"}
[client] {"a":8,"dup":true,"ev":"game","ms":204085,"predicted":false,"t":2,"tick":12123,"type":"hit"}
[client] {"a":4,"dup":false,"ev":"game","ms":204319,"predicted":false,"t":6,"tick":12132,"type":"hit"}
[client] {"a":8,"dup":true,"ev":"game","ms":204485,"predicted":false,"t":0,"tick":12147,"type":"hit"}
[client] {"a":8,"dup":true,"ev":"game","ms":204740,"predicted":false,"t":0,"tick":12162,"type":"hit"}
[client] {"counts":{"blocks_on_me":1,"conf_actions":140,"confirmed_hits":585,"dup_confirmed":0,"hits_on_me":54,"pred_actions":149,"predicted_confirmed":76,"predicted_hits":164,"reconnects":0},"ev":"stats","hp":106.4,"in_bytes":2771244,"late":0,"local_entity":8,"match":{"countdown_until":300,"ctrl":-1,"final":false,"next":"","phase":3,"rot":2525,"scores":[17,1],"sd":false,"state":3,"tick":11875,"zone":"B"},"max_err":2.08,"mean_err":0.0216,"ms":204939,"out_bytes":596542,"pending":7,"pos":[-0.37,-4.97],"reconciles":4049,"server_tick":12173,"snaps":4055,"teleports":5}
[client] {"a":2,"dup":false,"ev":"game","ms":205141,"predicted":false,"t":8,"tick":12181,"type":"hit"}
[client] {"a":1,"dup":false,"ev":"game","ms":205202,"predicted":false,"t":8,"tick":12185,"type":"hit"}
[client] {"a":2,"dup":false,"ev":"game","ms":205486,"predicted":false,"t":8,"tick":12202,"type":"hit"}
[client] {"a":4,"dup":false,"ev":"game","ms":205541,"predicted":false,"t":9,"tick":12205,"type":"hit"}
[client] {"a":2,"dup":false,"ev":"game","ms":205797,"predicted":false,"t":8,"tick":12221,"type":"hit"}
[client] {"a":1,"dup":false,"ev":"game","ms":206335,"predicted":false,"t":5,"tick":12253,"type":"hit"}
[client] {"a":4,"dup":false,"ev":"game","ms":206397,"predicted":false,"t":9,"tick":12257,"type":"hit"}
[client] {"a":2,"dup":false,"ev":"game","ms":206432,"predicted":false,"t":5,"tick":12259,"type":"hit"}
[client] {"a":8,"dup":true,"ev":"game","ms":206500,"predicted":false,"t":2,"tick":12268,"type":"hit"}
[client] {"a":4,"dup":false,"ev":"game","ms":206666,"predicted":false,"t":9,"tick":12273,"type":"hit"}
[client] {"a":6,"dup":false,"ev":"game","ms":206700,"predicted":false,"t":2,"tick":12275,"type":"hit"}
[client] {"a":4,"dup":false,"ev":"game","ms":206714,"predicted":false,"t":6,"tick":12276,"type":"hit"}
[client] {"a":0,"dup":false,"ev":"game","ms":206970,"predicted":false,"t":6,"tick":12291,"type":"hit"}
[client] {"a":0,"dup":false,"ev":"game","ms":206985,"predicted":false,"t":8,"tick":12292,"type":"hit"}
[client] {"a":9,"dup":false,"ev":"game","ms":207515,"predicted":false,"t":1,"tick":12324,"type":"hit"}
[client] {"a":5,"dup":false,"ev":"game","ms":207798,"predicted":false,"t":1,"tick":12341,"type":"hit"}
[client] {"a":5,"dup":false,"ev":"game","ms":207832,"predicted":false,"t":0,"tick":12343,"type":"hit"}
[client] {"a":5,"dup":false,"ev":"game","ms":207832,"predicted":false,"t":2,"tick":12343,"type":"hit"}
[client] {"a":5,"dup":false,"ev":"game","ms":208785,"predicted":false,"t":1,"tick":12400,"type":"hit"}
[client] {"a":4,"dup":false,"ev":"game","ms":208819,"predicted":false,"t":5,"tick":12402,"type":"hit"}
[client] {"a":0,"dup":false,"ev":"game","ms":208950,"predicted":false,"t":5,"tick":12410,"type":"hit"}
[client] {"a":6,"dup":false,"ev":"game","ms":208971,"predicted":false,"t":4,"tick":12411,"type":"hit"}
[client] {"a":1,"dup":false,"ev":"game","ms":209150,"predicted":false,"t":5,"tick":12422,"type":"hit"}
[client] {"a":6,"dup":false,"ev":"game","ms":209336,"predicted":false,"t":4,"tick":12433,"type":"hit"}
[client] {"a":0,"dup":false,"ev":"game","ms":209385,"predicted":false,"t":5,"tick":12436,"type":"hit"}
[client] {"a":5,"dup":false,"ev":"game","ms":209385,"predicted":false,"t":-1,"tick":12436,"type":"ko"}
[client] {"counts":{"blocks_on_me":1,"conf_actions":147,"confirmed_hits":610,"dup_confirmed":0,"hits_on_me":59,"pred_actions":157,"predicted_confirmed":77,"predicted_hits":168,"reconnects":0},"ev":"stats","hp":14.4000000000003,"in_bytes":2843529,"late":0,"local_entity":8,"match":{"countdown_until":300,"ctrl":-1,"final":false,"next":"","phase":3,"rot":2225,"scores":[17,1],"sd":false,"state":3,"tick":12175,"zone":"B"},"max_err":2.08,"mean_err":0.022,"ms":209936,"out_bytes":611242,"pending":7,"pos":[-0.43,-2.89],"reconciles":4149,"server_tick":12473,"snaps":4155,"teleports":5}
[client] {"a":6,"dup":false,"ev":"game","ms":210151,"predicted":false,"t":4,"tick":12482,"type":"hit"}
[client] {"a":8,"dup":true,"ev":"game","ms":210316,"predicted":false,"t":2,"tick":12497,"type":"hit"}
[client] {"a":8,"dup":false,"ev":"game","ms":210620,"predicted":false,"t":-1,"tick":12515,"type":"ko"}
[client] {"a":0,"dup":false,"ev":"game","ms":210703,"predicted":false,"t":8,"tick":12515,"type":"hit"}
[client] {"a":3,"dup":false,"ev":"game","ms":210716,"predicted":false,"t":-1,"tick":12516,"type":"respawn"}
[client] {"a":6,"dup":false,"ev":"game","ms":210868,"predicted":false,"t":2,"tick":12525,"type":"hit"}
[client] {"a":4,"dup":false,"ev":"game","ms":211020,"predicted":false,"t":6,"tick":12534,"type":"hit"}
[client] {"a":0,"dup":false,"ev":"game","ms":211634,"predicted":false,"t":6,"tick":12571,"type":"hit"}
[client] {"a":1,"dup":false,"ev":"game","ms":211820,"predicted":false,"t":6,"tick":12582,"type":"hit"}
[client] {"a":6,"dup":false,"ev":"game","ms":212172,"predicted":false,"t":1,"tick":12603,"type":"hit"}
[client] {"a":4,"dup":false,"ev":"game","ms":212455,"predicted":false,"t":6,"tick":12620,"type":"hit"}
[client] {"a":1,"dup":false,"ev":"game","ms":212517,"predicted":false,"t":6,"tick":12624,"type":"hit"}
[client] {"a":6,"dup":false,"ev":"game","ms":213000,"predicted":false,"t":0,"tick":12652,"type":"hit"}
[client] {"a":9,"dup":false,"ev":"game","ms":213118,"predicted":false,"t":0,"tick":12659,"type":"hit"}
[client] {"a":1,"dup":false,"ev":"game","ms":213152,"predicted":false,"t":6,"tick":12661,"type":"hit"}
[client] {"a":6,"dup":false,"ev":"game","ms":213152,"predicted":false,"t":-1,"tick":12661,"type":"ko"}
[client] {"a":9,"dup":false,"ev":"game","ms":213387,"predicted":false,"t":0,"tick":12675,"type":"hit"}
[client] {"a":7,"dup":false,"ev":"game","ms":213401,"predicted":false,"t":-1,"tick":12677,"type":"respawn"}
[client] {"a":2,"dup":false,"ev":"game","ms":213752,"predicted":false,"t":9,"tick":12698,"type":"hit"}
[client] {"a":0,"dup":false,"ev":"game","ms":214574,"predicted":false,"t":9,"tick":12747,"type":"hit"}
[client] {"counts":{"blocks_on_me":1,"conf_actions":149,"confirmed_hits":626,"dup_confirmed":0,"hits_on_me":60,"pred_actions":159,"predicted_confirmed":78,"predicted_hits":171,"reconnects":0},"ev":"stats","hp":0.0,"in_bytes":2913592,"late":0,"local_entity":8,"match":{"countdown_until":300,"ctrl":-1,"final":false,"next":"","phase":3,"rot":1925,"scores":[17,1],"sd":false,"state":3,"tick":12475,"zone":"B"},"max_err":2.08,"mean_err":0.0215,"ms":214938,"out_bytes":625942,"pending":7,"pos":[-0.28,-3.3],"reconciles":4249,"server_tick":12773,"snaps":4255,"teleports":5}
[client] {"a":9,"dup":false,"ev":"game","ms":215057,"predicted":false,"t":1,"tick":12776,"type":"hit"}
[client] {"a":1,"dup":false,"ev":"game","ms":215436,"predicted":false,"t":9,"tick":12799,"type":"hit"}
[client] {"a":9,"dup":false,"ev":"game","ms":215436,"predicted":false,"t":-1,"tick":12799,"type":"ko"}
[client] {"a":5,"dup":false,"ev":"game","ms":219385,"predicted":false,"t":-1,"tick":13036,"type":"respawn"}
[client] {"counts":{"blocks_on_me":1,"conf_actions":149,"confirmed_hits":628,"dup_confirmed":0,"hits_on_me":60,"pred_actions":159,"predicted_confirmed":78,"predicted_hits":171,"reconnects":0},"ev":"stats","hp":0.0,"in_bytes":2967690,"late":0,"local_entity":8,"match":{"countdown_until":300,"ctrl":0,"final":false,"next":"","phase":3,"rot":1625,"scores":[21,1],"sd":false,"state":2,"tick":12775,"zone":"B"},"max_err":2.08,"mean_err":0.021,"ms":219936,"out_bytes":640642,"pending":7,"pos":[-0.28,-3.3],"reconciles":4349,"server_tick":13073,"snaps":4355,"teleports":5}
[client] {"a":8,"dup":false,"ev":"game","ms":220620,"predicted":false,"t":-1,"tick":13115,"type":"respawn"}
[client] {"a":7,"dup":false,"ev":"game","ms":222807,"predicted":false,"t":4,"tick":13241,"type":"hit"}
[client] {"a":0,"dup":false,"ev":"game","ms":222917,"predicted":false,"t":7,"tick":13248,"type":"hit"}
[client] {"a":6,"dup":false,"ev":"game","ms":223139,"predicted":false,"t":-1,"tick":13261,"type":"respawn"}
[client] {"a":4,"dup":false,"ev":"game","ms":223291,"predicted":false,"t":7,"tick":13270,"type":"hit"}
[client] {"a":4,"dup":false,"ev":"game","ms":223553,"predicted":false,"t":7,"tick":13286,"type":"hit"}
[client] {"a":0,"dup":false,"ev":"game","ms":223870,"predicted":false,"t":7,"tick":13305,"type":"hit"}
[client] {"a":4,"dup":false,"ev":"game","ms":224153,"predicted":false,"t":7,"tick":13322,"type":"hit"}
[client] {"a":4,"dup":false,"ev":"game","ms":224608,"predicted":false,"t":7,"tick":13349,"type":"hit"}
[client] {"a":7,"dup":false,"ev":"game","ms":224918,"predicted":false,"t":1,"tick":13368,"type":"hit"}
[client] {"counts":{"blocks_on_me":1,"conf_actions":150,"confirmed_hits":636,"dup_confirmed":0,"hits_on_me":60,"pred_actions":159,"predicted_confirmed":78,"predicted_hits":171,"reconnects":0},"ev":"stats","hp":230.0,"in_bytes":3035698,"late":0,"local_entity":8,"match":{"countdown_until":300,"ctrl":-1,"final":false,"next":"","phase":3,"rot":1325,"scores":[21,1],"sd":false,"state":3,"tick":13075,"zone":"B"},"max_err":2.08,"mean_err":0.0205,"ms":224938,"out_bytes":655342,"pending":7,"pos":[0.49,21.77],"reconciles":4448,"server_tick":13373,"snaps":4455,"teleports":6}
[client] {"a":4,"dup":false,"ev":"game","ms":224974,"predicted":false,"t":7,"tick":13371,"type":"hit"}
[client] {"a":3,"dup":false,"ev":"game","ms":225070,"predicted":false,"t":7,"tick":13377,"type":"hit"}
[client] {"a":3,"dup":false,"ev":"game","ms":225373,"predicted":false,"t":7,"tick":13395,"type":"hit"}
[client] {"a":9,"dup":false,"ev":"game","ms":225429,"predicted":false,"t":-1,"tick":13399,"type":"respawn"}
[client] {"a":0,"dup":false,"ev":"game","ms":225464,"predicted":false,"t":7,"tick":13401,"type":"hit"}
[client] {"a":1,"dup":false,"ev":"game","ms":225665,"predicted":false,"t":7,"tick":13413,"type":"hit"}
[client] {"a":0,"dup":false,"ev":"game","ms":225983,"predicted":false,"t":7,"tick":13431,"type":"hit"}
[client] {"a":1,"dup":false,"ev":"game","ms":226002,"predicted":false,"t":7,"tick":13432,"type":"hit"}
[client] {"a":4,"dup":false,"ev":"game","ms":226264,"predicted":false,"t":7,"tick":13448,"type":"hit"}
[client] {"a":1,"dup":false,"ev":"game","ms":226333,"predicted":false,"t":7,"tick":13452,"type":"hit"}
[client] {"a":3,"dup":false,"ev":"game","ms":226333,"predicted":false,"t":7,"tick":13452,"type":"hit"}
[client] {"a":7,"dup":false,"ev":"game","ms":226333,"predicted":false,"t":-1,"tick":13452,"type":"ko"}
[client] {"a":4,"dup":false,"ev":"game","ms":227865,"predicted":false,"t":5,"tick":13544,"type":"hit"}
[client] {"a":4,"dup":false,"ev":"game","ms":228182,"predicted":false,"t":5,"tick":13563,"type":"hit"}
[client] {"a":4,"dup":false,"ev":"game","ms":228500,"predicted":false,"t":5,"tick":13582,"type":"hit"}
[client] {"a":4,"dup":false,"ev":"game","ms":228551,"predicted":false,"t":8,"tick":13585,"type":"hit"}
[client] {"a":5,"dup":false,"ev":"game","ms":229066,"predicted":false,"t":4,"tick":13616,"type":"hit"}
[client] {"a":5,"dup":false,"ev":"game","ms":229103,"predicted":false,"t":3,"tick":13618,"type":"hit"}
[client] {"a":4,"dup":false,"ev":"game","ms":229466,"predicted":false,"t":5,"tick":13640,"type":"hit"}
[client] {"a":5,"dup":false,"ev":"game","ms":229861,"predicted":false,"t":4,"tick":13664,"type":"hit"}
[client] {"counts":{"blocks_on_me":1,"conf_actions":152,"confirmed_hits":654,"dup_confirmed":0,"hits_on_me":61,"pred_actions":162,"predicted_confirmed":78,"predicted_hits":171,"reconnects":0},"ev":"stats","hp":212.0,"in_bytes":3105345,"late":0,"local_entity":8,"match":{"countdown_until":300,"ctrl":-1,"final":false,"next":"","phase":3,"rot":1028,"scores":[21,1],"sd":false,"state":3,"tick":13372,"zone":"B"},"max_err":2.08,"mean_err":0.0205,"ms":229930,"out_bytes":670042,"pending":7,"pos":[2.39,-3.84],"reconciles":4548,"server_tick":13673,"snaps":4554,"teleports":6}
[client] {"a":4,"dup":false,"ev":"game","ms":230530,"predicted":false,"t":5,"tick":13704,"type":"block"}
[client] {"a":8,"dup":true,"ev":"game","ms":230530,"predicted":false,"t":2,"tick":13709,"type":"hit"}
[client] {"a":3,"dup":false,"ev":"game","ms":230564,"predicted":false,"t":5,"tick":13706,"type":"block"}
[client] {"a":6,"dup":false,"ev":"game","ms":230765,"predicted":false,"t":3,"tick":13718,"type":"hit"}
[client] {"a":6,"dup":false,"ev":"game","ms":231000,"predicted":false,"t":3,"tick":13732,"type":"hit"}
[client] {"a":6,"dup":false,"ev":"game","ms":231027,"predicted":false,"t":2,"tick":13734,"type":"hit"}
[client] {"a":4,"dup":false,"ev":"game","ms":231448,"predicted":false,"t":5,"tick":13759,"type":"hit"}
[client] {"a":4,"dup":false,"ev":"game","ms":231482,"predicted":false,"t":6,"tick":13761,"type":"hit"}
[client] {"a":0,"dup":false,"ev":"game","ms":231530,"predicted":false,"t":8,"tick":13764,"type":"hit"}
[client] {"a":4,"dup":false,"ev":"game","ms":231779,"predicted":false,"t":5,"tick":13779,"type":"hit"}
[client] {"a":3,"dup":false,"ev":"game","ms":231800,"predicted":false,"t":6,"tick":13780,"type":"hit"}
[client] {"a":2,"dup":false,"ev":"game","ms":232028,"predicted":false,"t":5,"tick":13795,"type":"hit"}
[client] {"a":4,"dup":false,"ev":"game","ms":232200,"predicted":false,"t":5,"tick":13805,"type":"hit"}
[client] {"a":8,"dup":true,"ev":"game","ms":232546,"predicted":false,"t":0,"tick":13831,"type":"hit"}
[client] {"a":5,"dup":false,"ev":"game","ms":232849,"predicted":false,"t":3,"tick":13844,"type":"hit"}
[client] {"a":8,"dup":true,"ev":"game","ms":232897,"predicted":false,"t":0,"tick":13852,"type":"hit"}
[client] {"a":6,"dup":false,"ev":"game","ms":232945,"predicted":false,"t":2,"tick":13850,"type":"hit"}
[client] {"a":4,"dup":false,"ev":"game","ms":233180,"predicted":false,"t":5,"tick":13864,"type":"hit"}
[client] {"a":8,"dup":true,"ev":"game","ms":233297,"predicted":false,"t":1,"tick":13876,"type":"hit"}
[client] {"a":4,"dup":false,"ev":"game","ms":233449,"predicted":false,"t":5,"tick":13880,"type":"hit"}
[client] {"a":4,"dup":false,"ev":"game","ms":233966,"predicted":false,"t":5,"tick":13911,"type":"hit"}
[client] {"a":6,"dup":false,"ev":"game","ms":234001,"predicted":false,"t":1,"tick":13913,"type":"hit"}
[client] {"a":6,"dup":false,"ev":"game","ms":234001,"predicted":false,"t":4,"tick":13913,"type":"hit"}
[client] {"a":9,"dup":false,"ev":"game","ms":234263,"predicted":false,"t":4,"tick":13929,"type":"hit"}
[client] {"a":6,"dup":false,"ev":"game","ms":234318,"predicted":false,"t":1,"tick":13932,"type":"hit"}
[client] {"a":9,"dup":false,"ev":"game","ms":234318,"predicted":false,"t":1,"tick":13932,"type":"hit"}
[client] {"a":6,"dup":false,"ev":"game","ms":234333,"predicted":false,"t":4,"tick":13933,"type":"hit"}
[client] {"a":4,"dup":false,"ev":"game","ms":234698,"predicted":false,"t":5,"tick":13955,"type":"hit"}
[client] {"counts":{"blocks_on_me":1,"conf_actions":160,"confirmed_hits":680,"dup_confirmed":0,"hits_on_me":62,"pred_actions":170,"predicted_confirmed":82,"predicted_hits":181,"reconnects":0},"ev":"stats","hp":192.0,"in_bytes":3185980,"late":0,"local_entity":8,"match":{"countdown_until":300,"ctrl":-1,"final":false,"next":"A","phase":3,"rot":725,"scores":[21,1],"sd":false,"state":3,"tick":13675,"zone":"B"},"max_err":2.08,"mean_err":0.0207,"ms":234932,"out_bytes":684742,"pending":7,"pos":[1.24,-3.93],"reconciles":4647,"server_tick":13973,"snaps":4654,"teleports":6}
[client] {"a":2,"dup":false,"ev":"game","ms":234981,"predicted":false,"t":8,"tick":13972,"type":"hit"}
[client] {"a":5,"dup":false,"ev":"game","ms":235119,"predicted":false,"t":4,"tick":13980,"type":"hit"}
[client] {"a":9,"dup":false,"ev":"game","ms":235202,"predicted":false,"t":4,"tick":13985,"type":"hit"}
[client] {"a":2,"dup":false,"ev":"game","ms":235333,"predicted":false,"t":8,"tick":13993,"type":"hit"}
[client] {"a":0,"dup":false,"ev":"game","ms":235601,"predicted":false,"t":8,"tick":14009,"type":"hit"}
[client] {"a":8,"dup":true,"ev":"game","ms":235850,"predicted":false,"t":0,"tick":14029,"type":"hit"}
[client] {"a":2,"dup":false,"ev":"game","ms":236133,"predicted":false,"t":8,"tick":14041,"type":"hit"}
[client] {"a":5,"dup":false,"ev":"game","ms":236202,"predicted":false,"t":4,"tick":14045,"type":"hit"}
[client] {"a":4,"dup":false,"ev":"game","ms":236202,"predicted":false,"t":-1,"tick":14045,"type":"ko"}
[client] {"a":5,"dup":false,"ev":"game","ms":236216,"predicted":false,"t":3,"tick":14046,"type":"hit"}
[client] {"a":7,"dup":false,"ev":"game","ms":236319,"predicted":false,"t":-1,"tick":14052,"type":"respawn"}
[client] {"a":0,"dup":false,"ev":"game","ms":236382,"predicted":false,"t":8,"tick":14056,"type":"hit"}
[client] {"a":2,"dup":false,"ev":"game","ms":236464,"predicted":false,"t":8,"tick":14061,"type":"hit"}
[client] {"a":8,"dup":true,"ev":"game","ms":236747,"predicted":false,"t":0,"tick":14083,"type":"hit"}
[client] {"a":2,"dup":false,"ev":"game","ms":237099,"predicted":false,"t":8,"tick":14099,"type":"hit"}
[client] {"a":9,"dup":false,"ev":"game","ms":237237,"predicted":false,"t":1,"tick":14107,"type":"hit"}
[client] {"a":5,"dup":false,"ev":"game","ms":237934,"predicted":false,"t":3,"tick":14149,"type":"hit"}
[client] {"a":2,"dup":false,"ev":"game","ms":238383,"predicted":false,"t":5,"tick":14176,"type":"hit"}
[client] {"a":1,"dup":false,"ev":"game","ms":238465,"predicted":false,"t":5,"tick":14181,"type":"hit"}
[client] {"a":1,"dup":false,"ev":"game","ms":238465,"predicted":false,"t":9,"tick":14181,"type":"hit"}
[client] {"a":1,"dup":false,"ev":"game","ms":238486,"predicted":false,"t":6,"tick":14182,"type":"hit"}
[client] {"a":8,"dup":true,"ev":"game","ms":239500,"predicted":false,"t":3,"tick":14248,"type":"hit"}
[client] {"a":9,"dup":false,"ev":"game","ms":239604,"predicted":false,"t":1,"tick":14249,"type":"hit"}
[client] {"a":1,"dup":false,"ev":"game","ms":239604,"predicted":false,"t":-1,"tick":14249,"type":"ko"}
[client] {"counts":{"blocks_on_me":1,"conf_actions":167,"confirmed_hits":701,"dup_confirmed":0,"hits_on_me":69,"pred_actions":179,"predicted_confirmed":85,"predicted_hits":192,"reconnects":0},"ev":"stats","hp":46.0,"in_bytes":3258352,"late":0,"local_entity":8,"match":{"countdown_until":300,"ctrl":-1,"final":false,"next":"A","phase":3,"rot":425,"scores":[21,1],"sd":false,"state":3,"tick":13975,"zone":"B"},"max_err":2.08,"mean_err":0.0213,"ms":239934,"out_bytes":699442,"pending":7,"pos":[1.9,-2.88],"reconciles":4747,"server_tick":14273,"snaps":4754,"teleports":6}
[client] {"a":9,"dup":false,"ev":"game","ms":240101,"predicted":false,"t":3,"tick":14279,"type":"hit"}
[client] {"a":5,"dup":false,"ev":"game","ms":240136,"predicted":false,"t":3,"tick":14281,"type":"hit"}
[client] {"a":2,"dup":false,"ev":"game","ms":240418,"predicted":false,"t":5,"tick":14298,"type":"hit"}
[client] {"a":5,"dup":false,"ev":"game","ms":240419,"predicted":false,"t":-1,"tick":14298,"type":"ko"}
[client] {"a":8,"dup":true,"ev":"game","ms":240419,"predicted":false,"t":0,"tick":14303,"type":"hit"}
[client] {"a":6,"dup":false,"ev":"game","ms":240467,"predicted":false,"t":3,"tick":14301,"type":"hit"}
[client] {"a":6,"dup":false,"ev":"game","ms":240536,"predicted":false,"t":2,"tick":14305,"type":"hit"}
[client] {"a":2,"dup":false,"ev":"game","ms":240536,"predicted":false,"t":-1,"tick":14305,"type":"ko"}
[client] {"a":8,"dup":true,"ev":"game","ms":241005,"predicted":false,"t":3,"tick":14338,"type":"hit"}
[client] {"a":6,"dup":false,"ev":"game","ms":241067,"predicted":false,"t":0,"tick":14337,"type":"hit"}
[client] {"a":9,"dup":false,"ev":"game","ms":241067,"predicted":false,"t":0,"tick":14337,"type":"hit"}
[client] {"a":0,"dup":false,"ev":"game","ms":241067,"predicted":false,"t":-1,"tick":14337,"type":"ko"}
[client] {"a":3,"dup":false,"ev":"game","ms":241088,"predicted":false,"t":-1,"tick":14338,"type":"ko"}
[client] {"counts":{"blocks_on_me":1,"conf_actions":169,"confirmed_hits":710,"dup_confirmed":0,"hits_on_me":69,"pred_actions":180,"predicted_confirmed":87,"predicted_hits":196,"reconnects":0},"ev":"stats","hp":46.0,"in_bytes":3314478,"late":0,"local_entity":8,"match":{"countdown_until":300,"ctrl":1,"final":false,"next":"A","phase":3,"rot":125,"scores":[21,4],"sd":false,"state":2,"tick":14275,"zone":"B"},"max_err":2.08,"mean_err":0.021,"ms":244937,"out_bytes":714142,"pending":7,"pos":[0.51,-2.8],"reconciles":4847,"server_tick":14573,"snaps":4854,"teleports":6}
[client] {"a":4,"dup":false,"ev":"game","ms":246208,"predicted":false,"t":-1,"tick":14645,"type":"respawn"}
[client] {"a":-1,"dup":false,"ev":"game","ms":247104,"predicted":false,"t":-1,"tick":14699,"type":"zone_rotated"}
[client] {"a":1,"dup":false,"ev":"game","ms":249603,"predicted":false,"t":-1,"tick":14849,"type":"respawn"}
[client] {"counts":{"blocks_on_me":1,"conf_actions":169,"confirmed_hits":710,"dup_confirmed":0,"hits_on_me":69,"pred_actions":180,"predicted_confirmed":87,"predicted_hits":196,"reconnects":0},"ev":"stats","hp":100.299999999999,"in_bytes":3362913,"late":0,"local_entity":8,"match":{"countdown_until":300,"ctrl":-1,"final":false,"next":"","phase":3,"rot":3425,"scores":[21,7],"sd":false,"state":1,"tick":14575,"zone":"A"},"max_err":2.08,"mean_err":0.0212,"ms":249932,"out_bytes":728842,"pending":7,"pos":[-17.76,-8.9],"reconciles":4947,"server_tick":14873,"snaps":4954,"teleports":6}
[client] {"a":5,"dup":false,"ev":"game","ms":250416,"predicted":false,"t":-1,"tick":14898,"type":"respawn"}
[client] {"a":2,"dup":false,"ev":"game","ms":250534,"predicted":false,"t":-1,"tick":14905,"type":"respawn"}
[client] {"a":0,"dup":false,"ev":"game","ms":251072,"predicted":false,"t":-1,"tick":14937,"type":"respawn"}
[client] {"a":3,"dup":false,"ev":"game","ms":251086,"predicted":false,"t":-1,"tick":14938,"type":"respawn"}
[client] {"counts":{"blocks_on_me":1,"conf_actions":169,"confirmed_hits":710,"dup_confirmed":0,"hits_on_me":69,"pred_actions":180,"predicted_confirmed":87,"predicted_hits":196,"reconnects":0},"ev":"stats","hp":190.300000000002,"in_bytes":3418845,"late":0,"local_entity":8,"match":{"countdown_until":300,"ctrl":1,"final":false,"next":"","phase":3,"rot":3128,"scores":[21,9],"sd":false,"state":2,"tick":14872,"zone":"A"},"max_err":2.08,"mean_err":0.0214,"ms":254935,"out_bytes":743542,"pending":7,"pos":[-41.41,-0.12],"reconciles":5047,"server_tick":15173,"snaps":5053,"teleports":6}
[client] {"a":4,"dup":false,"ev":"game","ms":258055,"predicted":false,"t":6,"tick":15356,"type":"hit"}
[client] {"a":4,"dup":false,"ev":"game","ms":258077,"predicted":false,"t":9,"tick":15357,"type":"hit"}
[client] {"a":8,"dup":true,"ev":"game","ms":258275,"predicted":false,"t":4,"tick":15374,"type":"hit"}
[client] {"a":9,"dup":false,"ev":"game","ms":258436,"predicted":false,"t":4,"tick":15379,"type":"hit"}
[client] {"a":4,"dup":false,"ev":"game","ms":259520,"predicted":false,"t":9,"tick":15444,"type":"hit"}
[client] {"a":4,"dup":false,"ev":"game","ms":259553,"predicted":false,"t":7,"tick":15446,"type":"hit"}
[client] {"a":4,"dup":false,"ev":"game","ms":259554,"predicted":false,"t":8,"tick":15446,"type":"block"}
[client] {"counts":{"blocks_on_me":2,"conf_actions":174,"confirmed_hits":716,"dup_confirmed":0,"hits_on_me":69,"pred_actions":185,"predicted_confirmed":88,"predicted_hits":197,"reconnects":0},"ev":"stats","hp":220.300000000003,"in_bytes":3486870,"late":0,"local_entity":8,"match":{"countdown_until":300,"ctrl":-1,"final":false,"next":"","phase":3,"rot":2825,"scores":[21,10],"sd":false,"state":3,"tick":15175,"zone":"A"},"max_err":2.08,"mean_err":0.0213,"ms":259940,"out_bytes":758242,"pending":7,"pos":[-46.47,0.99],"reconciles":5147,"server_tick":15473,"snaps":5154,"teleports":6}
[client] {"a":9,"dup":false,"ev":"game","ms":260480,"predicted":false,"t":4,"tick":15501,"type":"hit"}
[client] {"a":1,"dup":false,"ev":"game","ms":260514,"predicted":false,"t":7,"tick":15503,"type":"hit"}
[client] {"a":1,"dup":false,"ev":"game","ms":260831,"predicted":false,"t":7,"tick":15522,"type":"hit"}
[client] {"a":7,"dup":false,"ev":"game","ms":261186,"predicted":false,"t":1,"tick":15543,"type":"hit"}
[client] {"a":7,"dup":false,"ev":"game","ms":261514,"predicted":false,"t":1,"tick":15563,"type":"hit"}
[client] {"a":4,"dup":false,"ev":"game","ms":261762,"predicted":false,"t":6,"tick":15578,"type":"hit"}
[client] {"a":4,"dup":false,"ev":"game","ms":261797,"predicted":false,"t":9,"tick":15580,"type":"hit"}
[client] {"a":1,"dup":false,"ev":"game","ms":261866,"predicted":false,"t":7,"tick":15584,"type":"hit"}
[client] {"a":2,"dup":false,"ev":"game","ms":262094,"predicted":false,"t":7,"tick":15598,"type":"hit"}
[client] {"a":4,"dup":false,"ev":"game","ms":262094,"predicted":false,"t":6,"tick":15598,"type":"hit"}
[client] {"a":4,"dup":false,"ev":"game","ms":262128,"predicted":false,"t":9,"tick":15600,"type":"hit"}
[client] {"a":5,"dup":false,"ev":"game","ms":262280,"predicted":false,"t":1,"tick":15609,"type":"hit"}
[client] {"a":5,"dup":false,"ev":"game","ms":262280,"predicted":false,"t":2,"tick":15609,"type":"hit"}
[client] {"a":3,"dup":false,"ev":"game","ms":262384,"predicted":false,"t":5,"tick":15615,"type":"hit"}
[client] {"a":0,"dup":false,"ev":"game","ms":262446,"predicted":false,"t":9,"tick":15619,"type":"hit"}
[client] {"a":6,"dup":false,"ev":"game","ms":262447,"predicted":false,"t":4,"tick":15619,"type":"hit"}
[client] {"a":8,"dup":true,"ev":"game","ms":262750,"predicted":false,"t":4,"tick":15642,"type":"hit"}
[client] {"a":7,"dup":false,"ev":"game","ms":263480,"predicted":false,"t":1,"tick":15681,"type":"hit"}
[client] {"a":7,"dup":false,"ev":"game","ms":263784,"predicted":false,"t":1,"tick":15699,"type":"hit"}
[client] {"a":9,"dup":false,"ev":"game","ms":263846,"predicted":false,"t":0,"tick":15703,"type":"hit"}
[client] {"a":4,"dup":false,"ev":"game","ms":263999,"predicted":false,"t":9,"tick":15712,"type":"hit"}
[client] {"a":2,"dup":false,"ev":"game","ms":264012,"predicted":false,"t":7,"tick":15713,"type":"hit"}
[client] {"a":8,"dup":true,"ev":"game","ms":264013,"predicted":false,"t":4,"tick":15718,"type":"hit"}
[client] {"a":7,"dup":false,"ev":"game","ms":264351,"predicted":false,"t":2,"tick":15733,"type":"hit"}
[client] {"a":8,"dup":true,"ev":"game","ms":264412,"predicted":false,"t":4,"tick":15742,"type":"hit"}
[client] {"a":8,"dup":true,"ev":"game","ms":264432,"predicted":false,"t":0,"tick":15743,"type":"hit"}
[client] {"a":1,"dup":false,"ev":"game","ms":264447,"predicted":false,"t":7,"tick":15739,"type":"hit"}
[client] {"a":1,"dup":false,"ev":"game","ms":264550,"predicted":false,"t":9,"tick":15745,"type":"hit"}
[client] {"a":4,"dup":false,"ev":"game","ms":264902,"predicted":false,"t":8,"tick":15766,"type":"hit"}
[client] {"counts":{"blocks_on_me":2,"conf_actions":179,"confirmed_hits":745,"dup_confirmed":0,"hits_on_me":70,"pred_actions":191,"predicted_confirmed":92,"predicted_hits":205,"reconnects":0},"ev":"stats","hp":202.300000000003,"in_bytes":3566860,"late":0,"local_entity":8,"match":{"countdown_until":300,"ctrl":-1,"final":false,"next":"","phase":3,"rot":2528,"scores":[21,10],"sd":false,"state":3,"tick":15472,"zone":"A"},"max_err":2.08,"mean_err":0.0217,"ms":264928,"out_bytes":772942,"pending":7,"pos":[-42.12,-0.32],"reconciles":5245,"server_tick":15773,"snaps":5251,"teleports":6}
[client] {"a":3,"dup":false,"ev":"game","ms":264950,"predicted":false,"t":5,"tick":15769,"type":"hit"}
[client] {"a":2,"dup":false,"ev":"game","ms":265033,"predicted":false,"t":8,"tick":15774,"type":"hit"}
[client] {"a":6,"dup":false,"ev":"game","ms":265068,"predicted":false,"t":3,"tick":15776,"type":"hit"}
[client] {"a":0,"dup":false,"ev":"game","ms":265103,"predicted":false,"t":5,"tick":15778,"type":"hit"}
[client] {"a":0,"dup":false,"ev":"game","ms":265103,"predicted":false,"t":6,"tick":15778,"type":"hit"}
[client] {"a":0,"dup":false,"ev":"game","ms":265117,"predicted":false,"t":8,"tick":15779,"type":"hit"}
[client] {"a":7,"dup":false,"ev":"game","ms":265364,"predicted":false,"t":1,"tick":15794,"type":"hit"}
[client] {"a":7,"dup":false,"ev":"game","ms":265668,"predicted":false,"t":1,"tick":15812,"type":"hit"}
[client] {"a":3,"dup":false,"ev":"game","ms":265785,"predicted":false,"t":8,"tick":15819,"type":"hit"}
[client] {"a":3,"dup":false,"ev":"game","ms":265799,"predicted":false,"t":6,"tick":15820,"type":"hit"}
[client] {"a":7,"dup":false,"ev":"game","ms":266047,"predicted":false,"t":1,"tick":15835,"type":"hit"}
[client] {"a":9,"dup":false,"ev":"game","ms":266104,"predicted":false,"t":2,"tick":15838,"type":"hit"}
[client] {"a":9,"dup":false,"ev":"game","ms":266151,"predicted":false,"t":1,"tick":15841,"type":"hit"}
[client] {"a":5,"dup":false,"ev":"game","ms":266185,"predicted":false,"t":3,"tick":15843,"type":"hit"}
[client] {"a":5,"dup":false,"ev":"game","ms":266248,"predicted":false,"t":4,"tick":15847,"type":"hit"}
[client] {"a":0,"dup":false,"ev":"game","ms":266703,"predicted":false,"t":9,"tick":15874,"type":"hit"}
[client] {"a":0,"dup":false,"ev":"game","ms":266716,"predicted":false,"t":7,"tick":15875,"type":"hit"}
[client] {"a":8,"dup":true,"ev":"game","ms":266930,"predicted":false,"t":0,"tick":15893,"type":"hit"}
[client] {"a":6,"dup":false,"ev":"game","ms":267082,"predicted":false,"t":0,"tick":15897,"type":"hit"}
[client] {"a":3,"dup":false,"ev":"game","ms":267213,"predicted":false,"t":5,"tick":15905,"type":"hit"}
[client] {"a":8,"dup":true,"ev":"game","ms":267304,"predicted":false,"t":0,"tick":15915,"type":"hit"}
[client] {"a":3,"dup":false,"ev":"game","ms":267531,"predicted":false,"t":5,"tick":15924,"type":"block"}
[client] {"a":3,"dup":false,"ev":"game","ms":267869,"predicted":false,"t":5,"tick":15944,"type":"block"}
[client] {"a":1,"dup":false,"ev":"game","ms":267952,"predicted":false,"t":6,"tick":15949,"type":"hit"}
[client] {"a":1,"dup":false,"ev":"game","ms":267952,"predicted":false,"t":8,"tick":15949,"type":"hit"}
[client] {"a":4,"dup":false,"ev":"game","ms":268000,"predicted":false,"t":6,"tick":15952,"type":"hit"}
[client] {"a":4,"dup":false,"ev":"game","ms":268034,"predicted":false,"t":8,"tick":15954,"type":"hit"}
[client] {"a":0,"dup":false,"ev":"game","ms":268304,"predicted":false,"t":7,"tick":15970,"type":"hit"}
[client] {"a":4,"dup":false,"ev":"game","ms":268366,"predicted":false,"t":5,"tick":15974,"type":"block"}
[client] {"a":6,"dup":false,"ev":"game","ms":268531,"predicted":false,"t":1,"tick":15984,"type":"hit"}
[client] {"a":6,"dup":false,"ev":"game","ms":268586,"predicted":false,"t":4,"tick":15987,"type":"hit"}
[client] {"a":3,"dup":false,"ev":"game","ms":268649,"predicted":false,"t":5,"tick":15991,"type":"hit"}
[client] {"a":0,"dup":false,"ev":"game","ms":268869,"predicted":false,"t":9,"tick":16004,"type":"hit"}
[client] {"a":9,"dup":false,"ev":"game","ms":268869,"predicted":false,"t":-1,"tick":16004,"type":"ko"}
[client] {"a":3,"dup":false,"ev":"game","ms":268986,"predicted":false,"t":5,"tick":16011,"type":"hit"}
[client] {"a":6,"dup":false,"ev":"game","ms":269201,"predicted":false,"t":3,"tick":16024,"type":"hit"}
[client] {"a":7,"dup":false,"ev":"game","ms":269214,"predicted":false,"t":0,"tick":16025,"type":"hit"}
[client] {"a":6,"dup":false,"ev":"game","ms":269249,"predicted":false,"t":4,"tick":16027,"type":"hit"}
[client] {"a":4,"dup":false,"ev":"game","ms":269249,"predicted":false,"t":-1,"tick":16027,"type":"ko"}
[client] {"a":0,"dup":false,"ev":"game","ms":269614,"predicted":false,"t":7,"tick":16049,"type":"hit"}
[client] {"a":2,"dup":false,"ev":"game","ms":269670,"predicted":false,"t":6,"tick":16052,"type":"hit"}
[client] {"counts":{"blocks_on_me":2,"conf_actions":186,"confirmed_hits":781,"dup_confirmed":0,"hits_on_me":75,"pred_actions":199,"predicted_confirmed":94,"predicted_hits":212,"reconnects":0},"ev":"stats","hp":70.3000000000027,"in_bytes":3647861,"late":0,"local_entity":8,"match":{"countdown_until":300,"ctrl":-1,"final":false,"next":"","phase":3,"rot":2228,"scores":[21,10],"sd":false,"state":3,"tick":15772,"zone":"A"},"max_err":2.08,"mean_err":0.0223,"ms":269931,"out_bytes":787642,"pending":7,"pos":[-43.68,-0.67],"reconciles":5345,"server_tick":16073,"snaps":5351,"teleports":6}
[client] {"a":0,"dup":false,"ev":"game","ms":269932,"predicted":false,"t":7,"tick":16068,"type":"hit"}
[client] {"a":8,"dup":true,"ev":"game","ms":269953,"predicted":false,"t":0,"tick":16074,"type":"hit"}
[client] {"a":2,"dup":false,"ev":"game","ms":269987,"predicted":false,"t":6,"tick":16071,"type":"hit"}
[client] {"a":7,"dup":false,"ev":"game","ms":270255,"predicted":false,"t":1,"tick":16087,"type":"hit"}
[client] {"a":1,"dup":false,"ev":"game","ms":270255,"predicted":false,"t":-1,"tick":16087,"type":"ko"}
[client] {"a":3,"dup":false,"ev":"game","ms":270284,"predicted":false,"t":5,"tick":16089,"type":"hit"}
[client] {"a":2,"dup":false,"ev":"game","ms":270305,"predicted":false,"t":6,"tick":16090,"type":"hit"}
[client] {"a":6,"dup":false,"ev":"game","ms":270305,"predicted":false,"t":-1,"tick":16090,"type":"ko"}
[client] {"a":8,"dup":true,"ev":"game","ms":270815,"predicted":false,"t":2,"tick":16126,"type":"hit"}
[client] {"a":8,"dup":true,"ev":"game","ms":271133,"predicted":false,"t":2,"tick":16145,"type":"hit"}
[client] {"a":3,"dup":false,"ev":"game","ms":271422,"predicted":false,"t":8,"tick":16157,"type":"hit"}
[client] {"a":3,"dup":false,"ev":"game","ms":272023,"predicted":false,"t":5,"tick":16193,"type":"hit"}
[client] {"a":2,"dup":false,"ev":"game","ms":272237,"predicted":false,"t":5,"tick":16207,"type":"hit"}
[client] {"a":7,"dup":false,"ev":"game","ms":272506,"predicted":false,"t":3,"tick":16223,"type":"hit"}
[client] {"a":0,"dup":false,"ev":"game","ms":272520,"predicted":false,"t":7,"tick":16224,"type":"hit"}
[client] {"a":7,"dup":false,"ev":"game","ms":272520,"predicted":false,"t":-1,"tick":16224,"type":"ko"}
[client] {"a":3,"dup":false,"ev":"game","ms":272906,"predicted":false,"t":5,"tick":16247,"type":"hit"}
[client] {"a":3,"dup":false,"ev":"game","ms":273238,"predicted":false,"t":5,"tick":16267,"type":"hit"}
[client] {"a":2,"dup":false,"ev":"game","ms":273886,"predicted":false,"t":8,"tick":16306,"type":"hit"}
[client] {"a":3,"dup":false,"ev":"game","ms":273886,"predicted":false,"t":5,"tick":16306,"type":"hit"}
[client] {"a":0,"dup":false,"ev":"game","ms":274272,"predicted":false,"t":5,"tick":16329,"type":"hit"}
[client] {"a":5,"dup":false,"ev":"game","ms":274272,"predicted":false,"t":-1,"tick":16329,"type":"ko"}
[client] {"counts":{"blocks_on_me":2,"conf_actions":192,"confirmed_hits":799,"dup_confirmed":0,"hits_on_me":77,"pred_actions":205,"predicted_confirmed":97,"predicted_hits":214,"reconnects":0},"ev":"stats","hp":14.3000000000027,"in_bytes":3719037,"late":0,"local_entity":8,"match":{"countdown_until":300,"ctrl":-1,"final":false,"next":"","phase":3,"rot":1925,"scores":[21,10],"sd":false,"state":3,"tick":16075,"zone":"A"},"max_err":2.08,"mean_err":0.0225,"ms":274933,"out_bytes":802342,"pending":7,"pos":[-40.86,0.63],"reconciles":5445,"server_tick":16373,"snaps":5452,"teleports":6}
[client] {"a":8,"dup":false,"ev":"game","ms":275024,"predicted":false,"t":-1,"tick":16379,"type":"ko"}
[client] {"a":3,"dup":false,"ev":"game","ms":275107,"predicted":false,"t":8,"tick":16379,"type":"hit"}
[client] {"a":9,"dup":false,"ev":"game","ms":278847,"predicted":false,"t":-1,"tick":16604,"type":"respawn"}
[client] {"a":4,"dup":false,"ev":"game","ms":279233,"predicted":false,"t":-1,"tick":16627,"type":"respawn"}
[client] {"counts":{"blocks_on_me":2,"conf_actions":192,"confirmed_hits":800,"dup_confirmed":0,"hits_on_me":78,"pred_actions":205,"predicted_confirmed":97,"predicted_hits":218,"reconnects":0},"ev":"stats","hp":0.0,"in_bytes":3768966,"late":0,"local_entity":8,"match":{"countdown_until":300,"ctrl":0,"final":false,"next":"","phase":3,"rot":1625,"scores":[25,10],"sd":false,"state":2,"tick":16375,"zone":"A"},"max_err":2.08,"mean_err":0.0221,"ms":279936,"out_bytes":817042,"pending":7,"pos":[-40.78,0.68],"reconciles":5545,"server_tick":16673,"snaps":5552,"teleports":6}
[client] {"a":1,"dup":false,"ev":"game","ms":280233,"predicted":false,"t":-1,"tick":16687,"type":"respawn"}
[client] {"a":6,"dup":false,"ev":"game","ms":280282,"predicted":false,"t":-1,"tick":16690,"type":"respawn"}
[client] {"a":7,"dup":false,"ev":"game","ms":282518,"predicted":false,"t":-1,"tick":16824,"type":"respawn"}
[client] {"a":5,"dup":false,"ev":"game","ms":284270,"predicted":false,"t":-1,"tick":16929,"type":"respawn"}
[client] {"counts":{"blocks_on_me":2,"conf_actions":192,"confirmed_hits":800,"dup_confirmed":0,"hits_on_me":78,"pred_actions":205,"predicted_confirmed":97,"predicted_hits":218,"reconnects":0},"ev":"stats","hp":0.0,"in_bytes":3820376,"late":0,"local_entity":8,"match":{"countdown_until":300,"ctrl":0,"final":false,"next":"","phase":3,"rot":1325,"scores":[30,10],"sd":false,"state":2,"tick":16675,"zone":"A"},"max_err":2.08,"mean_err":0.0217,"ms":284939,"out_bytes":831742,"pending":7,"pos":[-40.78,0.68],"reconciles":5645,"server_tick":16973,"snaps":5652,"teleports":6}
[client] {"a":8,"dup":false,"ev":"game","ms":285022,"predicted":false,"t":-1,"tick":16979,"type":"respawn"}
[client] {"a":9,"dup":false,"ev":"game","ms":289721,"predicted":false,"t":2,"tick":17256,"type":"parry"}
[client] {"counts":{"blocks_on_me":2,"conf_actions":192,"confirmed_hits":800,"dup_confirmed":0,"hits_on_me":78,"pred_actions":205,"predicted_confirmed":97,"predicted_hits":218,"reconnects":0},"ev":"stats","hp":230.0,"in_bytes":3881911,"late":0,"local_entity":8,"match":{"countdown_until":300,"ctrl":-1,"final":false,"next":"","phase":3,"rot":1025,"scores":[34,10],"sd":false,"state":3,"tick":16975,"zone":"A"},"max_err":2.08,"mean_err":0.0214,"ms":289941,"out_bytes":846442,"pending":7,"pos":[-8.95,18.01],"reconciles":5743,"server_tick":17273,"snaps":5751,"teleports":7}
[client] {"a":9,"dup":false,"ev":"game","ms":290466,"predicted":false,"t":1,"tick":17301,"type":"hit"}
[client] {"a":2,"dup":false,"ev":"game","ms":290681,"predicted":false,"t":9,"tick":17313,"type":"hit"}
[client] {"a":2,"dup":false,"ev":"game","ms":291267,"predicted":false,"t":6,"tick":17348,"type":"hit"}
[client] {"a":1,"dup":false,"ev":"game","ms":291433,"predicted":false,"t":9,"tick":17358,"type":"hit"}
[client] {"a":2,"dup":false,"ev":"game","ms":291667,"predicted":false,"t":6,"tick":17372,"type":"hit"}
[client] {"a":1,"dup":false,"ev":"game","ms":291750,"predicted":false,"t":9,"tick":17377,"type":"hit"}
[client] {"a":6,"dup":false,"ev":"game","ms":292019,"predicted":false,"t":2,"tick":17393,"type":"hit"}
[client] {"a":3,"dup":false,"ev":"game","ms":292336,"predicted":false,"t":6,"tick":17412,"type":"hit"}
[client] {"a":2,"dup":false,"ev":"game","ms":292384,"predicted":false,"t":6,"tick":17415,"type":"hit"}
[client] {"a":9,"dup":false,"ev":"game","ms":292399,"predicted":false,"t":1,"tick":17416,"type":"hit"}
[client] {"a":3,"dup":false,"ev":"game","ms":292702,"predicted":false,"t":6,"tick":17434,"type":"hit"}
[client] {"a":7,"dup":false,"ev":"game","ms":292854,"predicted":false,"t":1,"tick":17443,"type":"hit"}
[client] {"a":2,"dup":false,"ev":"game","ms":293136,"predicted":false,"t":6,"tick":17460,"type":"hit"}
[client] {"a":9,"dup":false,"ev":"game","ms":293972,"predicted":false,"t":1,"tick":17510,"type":"hit"}
[client] {"a":9,"dup":false,"ev":"game","ms":294021,"predicted":false,"t":2,"tick":17513,"type":"hit"}
[client] {"a":6,"dup":false,"ev":"game","ms":294172,"predicted":false,"t":2,"tick":17522,"type":"hit"}
[client] {"a":1,"dup":false,"ev":"game","ms":294786,"predicted":false,"t":6,"tick":17559,"type":"hit"}
[client] {"a":5,"dup":false,"ev":"game","ms":294834,"predicted":false,"t":2,"tick":17562,"type":"hit"}
[client] {"counts":{"blocks_on_me":2,"conf_actions":193,"confirmed_hits":818,"dup_confirmed":0,"hits_on_me":78,"pred_actions":206,"predicted_confirmed":97,"predicted_hits":218,"reconnects":0},"ev":"stats","hp":230.0,"in_bytes":3952506,"late":0,"local_entity":8,"match":{"countdown_until":300,"ctrl":-1,"final":false,"next":"C","phase":3,"rot":725,"scores":[34,10],"sd":false,"state":3,"tick":17275,"zone":"A"},"max_err":2.08,"mean_err":0.0215,"ms":294937,"out_bytes":861142,"pending":7,"pos":[-40.61,1.35],"reconciles":5843,"server_tick":17573,"snaps":5851,"teleports":7}
[client] {"a":1,"dup":false,"ev":"game","ms":295103,"predicted":false,"t":6,"tick":17578,"type":"hit"}
[client] {"a":4,"dup":false,"ev":"game","ms":295152,"predicted":false,"t":9,"tick":17581,"type":"hit"}
[client] {"a":7,"dup":false,"ev":"game","ms":295220,"predicted":false,"t":2,"tick":17585,"type":"hit"}
[client] {"a":5,"dup":false,"ev":"game","ms":295283,"predicted":false,"t":2,"tick":17590,"type":"hit"}
[client] {"a":1,"dup":false,"ev":"game","ms":295421,"predicted":false,"t":6,"tick":17598,"type":"hit"}
[client] {"a":6,"dup":false,"ev":"game","ms":296200,"predicted":false,"t":1,"tick":17645,"type":"hit"}
[client] {"a":7,"dup":false,"ev":"game","ms":296221,"predicted":false,"t":1,"tick":17646,"type":"hit"}
[client] {"a":4,"dup":false,"ev":"game","ms":296256,"predicted":false,"t":9,"tick":17648,"type":"hit"}
[client] {"a":5,"dup":false,"ev":"game","ms":296353,"predicted":false,"t":2,"tick":17654,"type":"hit"}
[client] {"a":5,"dup":false,"ev":"game","ms":296387,"predicted":false,"t":3,"tick":17656,"type":"hit"}
[client] {"a":0,"dup":false,"ev":"game","ms":296517,"predicted":false,"t":8,"tick":17664,"type":"hit"}
[client] {"a":4,"dup":false,"ev":"game","ms":296587,"predicted":false,"t":9,"tick":17668,"type":"hit"}
[client] {"a":0,"dup":false,"ev":"game","ms":297152,"predicted":false,"t":8,"tick":17702,"type":"hit"}
[client] {"a":4,"dup":false,"ev":"game","ms":297201,"predicted":false,"t":9,"tick":17705,"type":"hit"}
[client] {"a":6,"dup":false,"ev":"game","ms":297235,"predicted":false,"t":1,"tick":17707,"type":"hit"}
[client] {"a":4,"dup":false,"ev":"game","ms":297401,"predicted":false,"t":9,"tick":17717,"type":"hit"}
[client] {"a":3,"dup":false,"ev":"game","ms":297739,"predicted":false,"t":8,"tick":17737,"type":"hit"}
[client] {"a":0,"dup":false,"ev":"game","ms":297919,"predicted":false,"t":5,"tick":17748,"type":"hit"}
[client] {"a":4,"dup":false,"ev":"game","ms":298284,"predicted":false,"t":9,"tick":17770,"type":"hit"}
[client] {"a":5,"dup":false,"ev":"game","ms":298574,"predicted":false,"t":0,"tick":17787,"type":"hit"}
[client] {"a":4,"dup":false,"ev":"game","ms":298589,"predicted":false,"t":9,"tick":17788,"type":"hit"}
[client] {"a":8,"dup":true,"ev":"game","ms":298885,"predicted":false,"t":0,"tick":17811,"type":"hit"}
[client] {"a":2,"dup":false,"ev":"game","ms":299002,"predicted":false,"t":5,"tick":17813,"type":"hit"}
[client] {"a":6,"dup":false,"ev":"game","ms":299105,"predicted":false,"t":3,"tick":17819,"type":"hit"}
[client] {"a":5,"dup":false,"ev":"game","ms":299367,"predicted":false,"t":3,"tick":17835,"type":"hit"}
[client] {"a":1,"dup":false,"ev":"game","ms":299422,"predicted":false,"t":7,"tick":17838,"type":"hit"}
[client] {"a":6,"dup":false,"ev":"game","ms":299542,"predicted":false,"t":0,"tick":17845,"type":"hit"}
[client] {"a":5,"dup":false,"ev":"game","ms":299705,"predicted":false,"t":2,"tick":17855,"type":"hit"}
[client] {"a":5,"dup":false,"ev":"game","ms":299705,"predicted":false,"t":3,"tick":17855,"type":"hit"}
[client] {"a":0,"dup":false,"ev":"game","ms":299885,"predicted":false,"t":6,"tick":17866,"type":"hit"}
[client] {"counts":{"blocks_on_me":2,"conf_actions":199,"confirmed_hits":848,"dup_confirmed":0,"hits_on_me":81,"pred_actions":213,"predicted_confirmed":98,"predicted_hits":221,"reconnects":0},"ev":"stats","hp":168.0,"in_bytes":4031326,"late":0,"local_entity":8,"match":{"countdown_until":300,"ctrl":-1,"final":false,"next":"C","phase":3,"rot":425,"scores":[34,10],"sd":false,"state":3,"tick":17575,"zone":"A"},"max_err":2.08,"mean_err":0.0221,"ms":299939,"out_bytes":875842,"pending":7,"pos":[-43.25,-0.36],"reconciles":5943,"server_tick":17873,"snaps":5951,"teleports":7}
[client] {"a":5,"dup":false,"ev":"game","ms":300037,"predicted":false,"t":2,"tick":17875,"type":"hit"}
[client] {"a":5,"dup":false,"ev":"game","ms":300037,"predicted":false,"t":3,"tick":17875,"type":"hit"}
[client] {"a":1,"dup":false,"ev":"game","ms":300071,"predicted":false,"t":7,"tick":17877,"type":"hit"}
[client] {"a":8,"dup":true,"ev":"game","ms":300085,"predicted":false,"t":3,"tick":17883,"type":"hit"}
[client] {"a":8,"dup":false,"ev":"game","ms":300105,"predicted":false,"t":2,"tick":17884,"type":"hit"}
[client] {"a":9,"dup":false,"ev":"game","ms":300168,"predicted":false,"t":1,"tick":17883,"type":"hit"}
[client] {"a":1,"dup":false,"ev":"game","ms":300168,"predicted":false,"t":-1,"tick":17883,"type":"ko"}
[client] {"a":8,"dup":true,"ev":"game","ms":300319,"predicted":false,"t":2,"tick":17897,"type":"hit"}
[client] {"a":7,"dup":false,"ev":"game","ms":300485,"predicted":false,"t":2,"tick":17902,"type":"hit"}
[client] {"a":7,"dup":false,"ev":"game","ms":300506,"predicted":false,"t":3,"tick":17903,"type":"hit"}
[client] {"a":6,"dup":false,"ev":"game","ms":300541,"predicted":false,"t":0,"tick":17905,"type":"hit"}
[client] {"a":8,"dup":true,"ev":"game","ms":300838,"predicted":false,"t":2,"tick":17928,"type":"hit"}
[client] {"a":7,"dup":false,"ev":"game","ms":301042,"predicted":false,"t":2,"tick":17935,"type":"hit"}
[client] {"a":2,"dup":false,"ev":"game","ms":301042,"predicted":false,"t":-1,"tick":17935,"type":"ko"}
[client] {"a":6,"dup":false,"ev":"game","ms":301438,"predicted":false,"t":4,"tick":17959,"type":"hit"}
[client] {"a":0,"dup":false,"ev":"game","ms":301520,"predicted":false,"t":6,"tick":17964,"type":"hit"}
[client] {"a":8,"dup":false,"ev":"game","ms":301520,"predicted":false,"t":4,"tick":17969,"type":"hit"}
[client] {"a":6,"dup":false,"ev":"game","ms":301908,"predicted":false,"t":0,"tick":17987,"type":"hit"}
[client] {"a":3,"dup":false,"ev":"game","ms":301920,"predicted":false,"t":8,"tick":17988,"type":"hit"}
[client] {"a":6,"dup":false,"ev":"game","ms":302203,"predicted":false,"t":0,"tick":18005,"type":"hit"}
[client] {"a":3,"dup":false,"ev":"game","ms":302272,"predicted":false,"t":8,"tick":18009,"type":"hit"}
[client] {"a":6,"dup":false,"ev":"game","ms":302521,"predicted":false,"t":0,"tick":18024,"type":"hit"}
[client] {"a":8,"dup":true,"ev":"game","ms":302555,"predicted":false,"t":3,"tick":18031,"type":"hit"}
[client] {"a":7,"dup":false,"ev":"game","ms":302592,"predicted":false,"t":3,"tick":18028,"type":"hit"}
[client] {"a":3,"dup":false,"ev":"game","ms":303108,"predicted":false,"t":7,"tick":18059,"type":"hit"}
[client] {"a":8,"dup":true,"ev":"game","ms":303121,"predicted":false,"t":3,"tick":18065,"type":"hit"}
[client] {"a":3,"dup":false,"ev":"game","ms":303142,"predicted":false,"t":5,"tick":18061,"type":"block"}
[client] {"a":6,"dup":false,"ev":"game","ms":303398,"predicted":false,"t":0,"tick":18076,"type":"hit"}
[client] {"a":4,"dup":false,"ev":"game","ms":303549,"predicted":false,"t":5,"tick":18085,"type":"block"}
[client] {"a":3,"dup":false,"ev":"game","ms":303586,"predicted":false,"t":5,"tick":18087,"type":"block"}
[client] {"a":9,"dup":false,"ev":"game","ms":303652,"predicted":false,"t":3,"tick":18092,"type":"hit"}
[client] {"a":8,"dup":true,"ev":"game","ms":303749,"predicted":false,"t":3,"tick":18103,"type":"hit"}
[client] {"a":7,"dup":false,"ev":"game","ms":304066,"predicted":false,"t":3,"tick":18117,"type":"hit"}
[client] {"a":7,"dup":false,"ev":"game","ms":304114,"predicted":false,"t":4,"tick":18120,"type":"hit"}
[client] {"a":7,"dup":false,"ev":"game","ms":304384,"predicted":false,"t":3,"tick":18136,"type":"hit"}
[client] {"a":3,"dup":false,"ev":"game","ms":304384,"predicted":false,"t":-1,"tick":18136,"type":"ko"}
[client] {"a":6,"dup":false,"ev":"game","ms":304419,"predicted":false,"t":0,"tick":18138,"type":"hit"}
[client] {"a":0,"dup":false,"ev":"game","ms":304419,"predicted":false,"t":-1,"tick":18138,"type":"ko"}
[client] {"counts":{"blocks_on_me":2,"conf_actions":208,"confirmed_hits":879,"dup_confirmed":0,"hits_on_me":83,"pred_actions":222,"predicted_confirmed":104,"predicted_hits":235,"reconnects":0},"ev":"stats","hp":132.0,"in_bytes":4109662,"late":0,"local_entity":8,"match":{"countdown_until":300,"ctrl":-1,"final":false,"next":"C","phase":3,"rot":125,"scores":[34,10],"sd":false,"state":3,"tick":17875,"zone":"A"},"max_err":2.08,"mean_err":0.0219,"ms":304935,"out_bytes":890542,"pending":7,"pos":[-43.04,0.33],"reconciles":6043,"server_tick":18173,"snaps":6051,"teleports":7}
[client] {"a":6,"dup":false,"ev":"game","ms":305463,"predicted":false,"t":4,"tick":18201,"type":"hit"}
[client] {"a":6,"dup":false,"ev":"game","ms":305794,"predicted":false,"t":4,"tick":18221,"type":"hit"}
[client] {"a":4,"dup":false,"ev":"game","ms":306181,"predicted":false,"t":6,"tick":18243,"type":"hit"}
[client] {"a":6,"dup":false,"ev":"game","ms":306181,"predicted":false,"t":-1,"tick":18243,"type":"ko"}
[client] {"a":4,"dup":false,"ev":"game","ms":307112,"predicted":false,"t":8,"tick":18299,"type":"hit"}
[client] {"a":-1,"dup":false,"ev":"game","ms":307112,"predicted":false,"t":-1,"tick":18299,"type":"zone_rotated"}
[client] {"a":5,"dup":false,"ev":"game","ms":307747,"predicted":false,"t":4,"tick":18337,"type":"hit"}
[client] {"a":7,"dup":false,"ev":"game","ms":309313,"predicted":false,"t":4,"tick":18431,"type":"hit"}
[client] {"a":7,"dup":false,"ev":"game","ms":309630,"predicted":false,"t":4,"tick":18450,"type":"hit"}
[client] {"counts":{"blocks_on_me":2,"conf_actions":209,"confirmed_hits":886,"dup_confirmed":0,"hits_on_me":84,"pred_actions":223,"predicted_confirmed":104,"predicted_hits":236,"reconnects":0},"ev":"stats","hp":94.0,"in_bytes":4162754,"late":0,"local_entity":8,"match":{"countdown_until":300,"ctrl":-1,"final":false,"next":"","phase":3,"rot":3428,"scores":[34,10],"sd":false,"state":1,"tick":18172,"zone":"C"},"max_err":2.08,"mean_err":0.0219,"ms":309933,"out_bytes":905242,"pending":7,"pos":[-25.04,5.49],"reconciles":6143,"server_tick":18473,"snaps":6150,"teleports":7}
[client] {"a":1,"dup":false,"ev":"game","ms":310183,"predicted":false,"t":-1,"tick":18483,"type":"respawn"}
[client] {"a":7,"dup":false,"ev":"game","ms":310465,"predicted":false,"t":4,"tick":18500,"type":"hit"}
[client] {"a":7,"dup":false,"ev":"game","ms":310969,"predicted":false,"t":4,"tick":18530,"type":"hit"}
[client] {"a":2,"dup":false,"ev":"game","ms":311052,"predicted":false,"t":-1,"tick":18535,"type":"respawn"}
[client] {"a":7,"dup":false,"ev":"game","ms":311597,"predicted":false,"t":4,"tick":18569,"type":"hit"}
[client] {"a":4,"dup":false,"ev":"game","ms":311597,"predicted":false,"t":-1,"tick":18569,"type":"ko"}
[client] {"a":3,"dup":false,"ev":"game","ms":314385,"predicted":false,"t":-1,"tick":18736,"type":"respawn"}
[client] {"a":0,"dup":false,"ev":"game","ms":314419,"predicted":false,"t":-1,"tick":18738,"type":"respawn"}
[client] {"counts":{"blocks_on_me":2,"conf_actions":209,"confirmed_hits":889,"dup_confirmed":0,"hits_on_me":84,"pred_actions":223,"predicted_confirmed":104,"predicted_hits":236,"reconnects":0},"ev":"stats","hp":130.0,"in_bytes":4214725,"late":0,"local_entity":8,"match":{"countdown_until":300,"ctrl":-1,"final":false,"next":"","phase":3,"rot":3128,"scores":[34,10],"sd":false,"state":1,"tick":18472,"zone":"C"},"max_err":2.08,"mean_err":0.0218,"ms":314936,"out_bytes":919942,"pending":7,"pos":[11.34,-0.02],"reconciles":6243,"server_tick":18773,"snaps":6250,"teleports":7}
[client] {"a":6,"dup":false,"ev":"game","ms":316171,"predicted":false,"t":-1,"tick":18843,"type":"respawn"}
[client] {"counts":{"blocks_on_me":2,"conf_actions":209,"confirmed_hits":889,"dup_confirmed":0,"hits_on_me":84,"pred_actions":224,"predicted_confirmed":104,"predicted_hits":236,"reconnects":0},"ev":"stats","hp":220.000000000003,"in_bytes":4271051,"late":0,"local_entity":8,"match":{"countdown_until":300,"ctrl":-1,"final":false,"next":"","phase":3,"rot":2825,"scores":[34,10],"sd":false,"state":3,"tick":18775,"zone":"C"},"max_err":2.08,"mean_err":0.0217,"ms":319931,"out_bytes":934642,"pending":7,"pos":[41.48,-0.22],"reconciles":6343,"server_tick":19073,"snaps":6351,"teleports":7}
[client] {"a":1,"dup":false,"ev":"game","ms":320466,"predicted":false,"t":8,"tick":19100,"type":"hit"}
[client] {"a":2,"dup":false,"ev":"game","ms":320948,"predicted":false,"t":8,"tick":19129,"type":"hit"}
[client] {"a":1,"dup":false,"ev":"game","ms":321514,"predicted":false,"t":9,"tick":19163,"type":"hit"}
[client] {"a":5,"dup":false,"ev":"game","ms":321582,"predicted":false,"t":2,"tick":19167,"type":"hit"}
[client] {"a":4,"dup":false,"ev":"game","ms":321617,"predicted":false,"t":-1,"tick":19169,"type":"respawn"}
[client] {"a":1,"dup":false,"ev":"game","ms":321852,"predicted":false,"t":9,"tick":19183,"type":"hit"}
[client] {"a":8,"dup":false,"ev":"game","ms":322266,"predicted":false,"t":1,"tick":19214,"type":"hit"}
[client] {"a":9,"dup":false,"ev":"game","ms":322514,"predicted":false,"t":2,"tick":19223,"type":"hit"}
[client] {"a":9,"dup":false,"ev":"game","ms":322548,"predicted":false,"t":1,"tick":19226,"type":"hit"}
[client] {"a":8,"dup":false,"ev":"game","ms":322597,"predicted":false,"t":1,"tick":19233,"type":"hit"}
[client] {"a":8,"dup":false,"ev":"game","ms":322617,"predicted":false,"t":2,"tick":19234,"type":"hit"}
[client] {"a":1,"dup":false,"ev":"game","ms":323314,"predicted":false,"t":5,"tick":19272,"type":"hit"}
[client] {"a":1,"dup":false,"ev":"game","ms":323314,"predicted":false,"t":8,"tick":19272,"type":"hit"}
[client] {"a":9,"dup":false,"ev":"game","ms":323349,"predicted":false,"t":2,"tick":19274,"type":"hit"}
[client] {"a":2,"dup":false,"ev":"game","ms":324315,"predicted":false,"t":9,"tick":19332,"type":"hit"}
[client] {"a":1,"dup":false,"ev":"game","ms":324370,"predicted":false,"t":9,"tick":19335,"type":"hit"}
[client] {"a":2,"dup":false,"ev":"game","ms":324688,"predicted":false,"t":9,"tick":19354,"type":"hit"}
[client] {"a":1,"dup":false,"ev":"game","ms":324715,"predicted":false,"t":9,"tick":19356,"type":"hit"}
[client] {"counts":{"blocks_on_me":2,"conf_actions":217,"confirmed_hits":906,"dup_confirmed":0,"hits_on_me":87,"pred_actions":231,"predicted_confirmed":104,"predicted_hits":237,"reconnects":0},"ev":"stats","hp":146.000000000003,"in_bytes":4336300,"late":0,"local_entity":8,"match":{"countdown_until":300,"ctrl":-1,"final":false,"next":"","phase":3,"rot":2525,"scores":[34,10],"sd":false,"state":3,"tick":19075,"zone":"C"},"max_err":2.08,"mean_err":0.0222,"ms":324935,"out_bytes":949342,"pending":8,"pos":[40.86,-1.68],"reconciles":6430,"server_tick":19373,"snaps":6440,"teleports":7}
[client] {"a":9,"dup":false,"ev":"game","ms":325067,"predicted":false,"t":1,"tick":19377,"type":"hit"}
[client] {"a":9,"dup":false,"ev":"game","ms":325088,"predicted":false,"t":2,"tick":19378,"type":"hit"}
[client] {"a":8,"dup":true,"ev":"game","ms":325336,"predicted":false,"t":1,"tick":19397,"type":"hit"}
[client] {"a":9,"dup":false,"ev":"game","ms":325516,"predicted":false,"t":1,"tick":19404,"type":"hit"}
[client] {"a":9,"dup":false,"ev":"game","ms":325516,"predicted":false,"t":2,"tick":19404,"type":"hit"}
[client] {"a":8,"dup":true,"ev":"game","ms":325571,"predicted":false,"t":1,"tick":19412,"type":"hit"}
[client] {"a":2,"dup":false,"ev":"game","ms":325834,"predicted":false,"t":9,"tick":19423,"type":"hit"}
[client] {"a":5,"dup":false,"ev":"game","ms":325834,"predicted":false,"t":0,"tick":19423,"type":"hit"}
[client] {"a":3,"dup":false,"ev":"game","ms":325917,"predicted":false,"t":5,"tick":19428,"type":"hit"}
[client] {"a":2,"dup":false,"ev":"game","ms":326185,"predicted":false,"t":9,"tick":19444,"type":"hit"}
[client] {"a":5,"dup":false,"ev":"game","ms":326434,"predicted":false,"t":3,"tick":19459,"type":"hit"}
[client] {"a":0,"dup":false,"ev":"game","ms":326468,"predicted":false,"t":6,"tick":19461,"type":"hit"}
[client] {"a":8,"dup":true,"ev":"game","ms":326468,"predicted":false,"t":2,"tick":19466,"type":"hit"}
[client] {"a":9,"dup":false,"ev":"game","ms":326537,"predicted":false,"t":2,"tick":19465,"type":"hit"}
[client] {"a":9,"dup":false,"ev":"game","ms":326550,"predicted":false,"t":1,"tick":19466,"type":"hit"}
[client] {"a":5,"dup":false,"ev":"game","ms":326785,"predicted":false,"t":3,"tick":19480,"type":"hit"}
[client] {"a":0,"dup":false,"ev":"game","ms":326806,"predicted":false,"t":6,"tick":19481,"type":"hit"}
[client] {"a":2,"dup":false,"ev":"game","ms":326937,"predicted":false,"t":9,"tick":19489,"type":"hit"}
[client] {"a":0,"dup":false,"ev":"game","ms":327105,"predicted":false,"t":6,"tick":19499,"type":"hit"}
[client] {"a":3,"dup":false,"ev":"game","ms":327151,"predicted":false,"t":5,"tick":19502,"type":"hit"}
[client] {"a":9,"dup":false,"ev":"game","ms":327317,"predicted":false,"t":2,"tick":19512,"type":"hit"}
[client] {"a":7,"dup":false,"ev":"game","ms":327372,"predicted":false,"t":2,"tick":19515,"type":"hit"}
[client] {"a":3,"dup":false,"ev":"game","ms":327489,"predicted":false,"t":5,"tick":19522,"type":"hit"}
[client] {"a":8,"dup":true,"ev":"game","ms":327537,"predicted":false,"t":1,"tick":19529,"type":"hit"}
[client] {"a":0,"dup":false,"ev":"game","ms":327716,"predicted":false,"t":6,"tick":19535,"type":"hit"}
[client] {"a":5,"dup":false,"ev":"game","ms":328151,"predicted":false,"t":3,"tick":19561,"type":"hit"}
[client] {"a":7,"dup":false,"ev":"game","ms":328352,"predicted":false,"t":2,"tick":19573,"type":"hit"}
[client] {"a":2,"dup":false,"ev":"game","ms":328352,"predicted":false,"t":-1,"tick":19573,"type":"ko"}
[client] {"a":9,"dup":false,"ev":"game","ms":328387,"predicted":false,"t":1,"tick":19575,"type":"hit"}
[client] {"a":1,"dup":false,"ev":"game","ms":328387,"predicted":false,"t":-1,"tick":19575,"type":"ko"}
[client] {"a":0,"dup":false,"ev":"game","ms":328835,"predicted":false,"t":6,"tick":19603,"type":"hit"}
[client] {"a":3,"dup":false,"ev":"game","ms":329104,"predicted":false,"t":5,"tick":19619,"type":"hit"}
[client] {"a":6,"dup":false,"ev":"game","ms":329208,"predicted":false,"t":0,"tick":19625,"type":"hit"}
[client] {"a":6,"dup":false,"ev":"game","ms":329538,"predicted":false,"t":0,"tick":19645,"type":"hit"}
[client] {"counts":{"blocks_on_me":2,"conf_actions":225,"confirmed_hits":938,"dup_confirmed":0,"hits_on_me":87,"pred_actions":239,"predicted_confirmed":108,"predicted_hits":246,"reconnects":0},"ev":"stats","hp":146.000000000003,"in_bytes":4413542,"late":0,"local_entity":8,"match":{"countdown_until":300,"ctrl":-1,"final":false,"next":"","phase":3,"rot":2228,"scores":[34,10],"sd":false,"state":3,"tick":19372,"zone":"C"},"max_err":2.08,"mean_err":0.0219,"ms":329931,"out_bytes":964042,"pending":8,"pos":[41.45,-0.22],"reconciles":6530,"server_tick":19673,"snaps":6539,"teleports":7}
[client] {"a":6,"dup":false,"ev":"game","ms":330146,"predicted":false,"t":3,"tick":19681,"type":"hit"}
[client] {"a":8,"dup":true,"ev":"game","ms":330483,"predicted":false,"t":3,"tick":19706,"type":"hit"}
[client] {"a":6,"dup":false,"ev":"game","ms":330566,"predicted":false,"t":3,"tick":19706,"type":"hit"}
[client] {"a":9,"dup":false,"ev":"game","ms":330718,"predicted":false,"t":3,"tick":19715,"type":"hit"}
[client] {"a":0,"dup":false,"ev":"game","ms":331132,"predicted":false,"t":5,"tick":19740,"type":"hit"}
[client] {"a":0,"dup":false,"ev":"game","ms":331146,"predicted":false,"t":8,"tick":19741,"type":"hit"}
[client] {"a":8,"dup":true,"ev":"game","ms":331456,"predicted":false,"t":0,"tick":19764,"type":"hit"}
[client] {"a":5,"dup":false,"ev":"game","ms":331498,"predicted":false,"t":0,"tick":19762,"type":"hit"}
[client] {"a":4,"dup":false,"ev":"game","ms":331733,"predicted":false,"t":6,"tick":19776,"type":"hit"}
[client] {"a":5,"dup":false,"ev":"game","ms":332319,"predicted":false,"t":0,"tick":19811,"type":"hit"}
[client] {"a":4,"dup":false,"ev":"game","ms":332381,"predicted":false,"t":6,"tick":19815,"type":"hit"}
[client] {"a":5,"dup":false,"ev":"game","ms":333167,"predicted":false,"t":0,"tick":19862,"type":"hit"}
[client] {"a":0,"dup":false,"ev":"game","ms":333616,"predicted":false,"t":5,"tick":19890,"type":"hit"}
[client] {"a":3,"dup":false,"ev":"game","ms":334147,"predicted":false,"t":5,"tick":19922,"type":"hit"}
[client] {"a":4,"dup":false,"ev":"game","ms":334286,"predicted":false,"t":9,"tick":19930,"type":"hit"}
[client] {"a":8,"dup":true,"ev":"game","ms":334665,"predicted":false,"t":4,"tick":19958,"type":"hit"}
[client] {"a":9,"dup":false,"ev":"game","ms":334852,"predicted":false,"t":4,"tick":19964,"type":"hit"}
[client] {"counts":{"blocks_on_me":2,"conf_actions":232,"confirmed_hits":955,"dup_confirmed":0,"hits_on_me":88,"pred_actions":246,"predicted_confirmed":111,"predicted_hits":255,"reconnects":0},"ev":"stats","hp":128.000000000003,"in_bytes":4482747,"late":0,"local_entity":8,"match":{"countdown_until":300,"ctrl":-1,"final":false,"next":"","phase":3,"rot":1928,"scores":[34,10],"sd":false,"state":3,"tick":19672,"zone":"C"},"max_err":2.08,"mean_err":0.0221,"ms":334933,"out_bytes":978742,"pending":8,"pos":[38.73,-2.01],"reconciles":6630,"server_tick":19973,"snaps":6639,"teleports":7}
[client] {"a":5,"dup":false,"ev":"game","ms":335017,"predicted":false,"t":0,"tick":19974,"type":"hit"}
[client] {"a":9,"dup":false,"ev":"game","ms":335120,"predicted":false,"t":4,"tick":19980,"type":"hit"}
[client] {"a":6,"dup":false,"ev":"game","ms":335334,"predicted":false,"t":4,"tick":19993,"type":"hit"}
[client] {"a":3,"dup":false,"ev":"game","ms":335431,"predicted":false,"t":6,"tick":19999,"type":"hit"}
[client] {"a":9,"dup":false,"ev":"game","ms":335431,"predicted":false,"t":4,"tick":19999,"type":"hit"}
[client] {"a":0,"dup":false,"ev":"game","ms":335700,"predicted":false,"t":5,"tick":20015,"type":"hit"}
[client] {"a":3,"dup":false,"ev":"game","ms":335734,"predicted":false,"t":6,"tick":20017,"type":"hit"}
[client] {"a":4,"dup":false,"ev":"game","ms":336017,"predicted":false,"t":8,"tick":20034,"type":"hit"}
[client] {"a":9,"dup":false,"ev":"game","ms":336101,"predicted":false,"t":3,"tick":20039,"type":"hit"}
[client] {"a":4,"dup":false,"ev":"game","ms":336383,"predicted":false,"t":8,"tick":20055,"type":"hit"}
[client] {"a":4,"dup":false,"ev":"game","ms":336618,"predicted":false,"t":8,"tick":20070,"type":"hit"}
[client] {"a":5,"dup":false,"ev":"game","ms":336631,"predicted":false,"t":3,"tick":20071,"type":"hit"}
[client] {"a":9,"dup":false,"ev":"game","ms":336749,"predicted":false,"t":0,"tick":20078,"type":"hit"}
[client] {"a":9,"dup":false,"ev":"game","ms":337066,"predicted":false,"t":0,"tick":20097,"type":"hit"}
[client] {"a":3,"dup":false,"ev":"game","ms":337253,"predicted":false,"t":5,"tick":20108,"type":"hit"}
[client] {"a":9,"dup":false,"ev":"game","ms":337370,"predicted":false,"t":0,"tick":20115,"type":"hit"}
[client] {"a":0,"dup":false,"ev":"game","ms":337370,"predicted":false,"t":-1,"tick":20115,"type":"ko"}
[client] {"a":3,"dup":false,"ev":"game","ms":337585,"predicted":false,"t":5,"tick":20128,"type":"hit"}
[client] {"a":5,"dup":false,"ev":"game","ms":337970,"predicted":false,"t":3,"tick":20151,"type":"hit"}
[client] {"a":7,"dup":false,"ev":"game","ms":338067,"predicted":false,"t":3,"tick":20157,"type":"hit"}
[client] {"a":4,"dup":false,"ev":"game","ms":338121,"predicted":false,"t":8,"tick":20160,"type":"hit"}
[client] {"a":2,"dup":false,"ev":"game","ms":338336,"predicted":false,"t":-1,"tick":20173,"type":"respawn"}
[client] {"a":5,"dup":false,"ev":"game","ms":338350,"predicted":false,"t":3,"tick":20174,"type":"hit"}
[client] {"a":3,"dup":false,"ev":"game","ms":338351,"predicted":false,"t":-1,"tick":20174,"type":"ko"}
[client] {"a":1,"dup":false,"ev":"game","ms":338371,"predicted":false,"t":-1,"tick":20175,"type":"respawn"}
[client] {"a":4,"dup":false,"ev":"game","ms":338453,"predicted":false,"t":8,"tick":20180,"type":"hit"}
[client] {"a":6,"dup":false,"ev":"game","ms":339640,"predicted":false,"t":4,"tick":20251,"type":"hit"}
[client] {"a":6,"dup":false,"ev":"game","ms":339867,"predicted":false,"t":4,"tick":20265,"type":"hit"}
[client] {"counts":{"blocks_on_me":2,"conf_actions":240,"confirmed_hits":979,"dup_confirmed":0,"hits_on_me":93,"pred_actions":255,"predicted_confirmed":111,"predicted_hits":256,"reconnects":0},"ev":"stats","hp":40.0000000000032,"in_bytes":4550631,"late":0,"local_entity":8,"match":{"countdown_until":300,"ctrl":-1,"final":false,"next":"","phase":3,"rot":1625,"scores":[34,10],"sd":false,"state":3,"tick":19975,"zone":"C"},"max_err":2.08,"mean_err":0.0224,"ms":339936,"out_bytes":993442,"pending":8,"pos":[42.37,-0.23],"reconciles":6730,"server_tick":20273,"snaps":6740,"teleports":7}
[client] {"a":6,"dup":false,"ev":"game","ms":340371,"predicted":false,"t":4,"tick":20295,"type":"hit"}
[client] {"a":6,"dup":false,"ev":"game","ms":340688,"predicted":false,"t":4,"tick":20314,"type":"hit"}
[client] {"a":6,"dup":false,"ev":"game","ms":341040,"predicted":false,"t":4,"tick":20335,"type":"hit"}
[client] {"a":4,"dup":false,"ev":"game","ms":341606,"predicted":false,"t":6,"tick":20369,"type":"hit"}
[client] {"a":4,"dup":false,"ev":"game","ms":341952,"predicted":false,"t":6,"tick":20390,"type":"hit"}
[client] {"a":6,"dup":false,"ev":"game","ms":341952,"predicted":false,"t":-1,"tick":20390,"type":"ko"}
[client] {"a":4,"dup":false,"ev":"game","ms":343387,"predicted":false,"t":7,"tick":20476,"type":"hit"}
[client] {"a":4,"dup":false,"ev":"game","ms":343421,"predicted":false,"t":9,"tick":20478,"type":"hit"}
[client] {"a":8,"dup":true,"ev":"game","ms":343607,"predicted":false,"t":4,"tick":20494,"type":"hit"}
[client] {"a":7,"dup":false,"ev":"game","ms":343752,"predicted":false,"t":4,"tick":20498,"type":"hit"}
[client] {"a":4,"dup":false,"ev":"game","ms":343752,"predicted":false,"t":-1,"tick":20498,"type":"ko"}
[client] {"counts":{"blocks_on_me":2,"conf_actions":241,"confirmed_hits":988,"dup_confirmed":0,"hits_on_me":93,"pred_actions":256,"predicted_confirmed":112,"predicted_hits":257,"reconnects":0},"ev":"stats","hp":40.0000000000032,"in_bytes":4607066,"late":0,"local_entity":8,"match":{"countdown_until":300,"ctrl":1,"final":false,"next":"","phase":3,"rot":1325,"scores":[34,11],"sd":false,"state":2,"tick":20275,"zone":"C"},"max_err":2.08,"mean_err":0.0222,"ms":344931,"out_bytes":1008142,"pending":8,"pos":[42.39,-0.31],"reconciles":6830,"server_tick":20573,"snaps":6840,"teleports":7}
[client] {"a":0,"dup":false,"ev":"game","ms":347368,"predicted":false,"t":-1,"tick":20715,"type":"respawn"}
[client] {"a":3,"dup":false,"ev":"game","ms":348355,"predicted":false,"t":-1,"tick":20774,"type":"respawn"}
[client] {"a":8,"dup":true,"ev":"game","ms":348659,"predicted":false,"t":1,"tick":20797,"type":"hit"}
[client] {"a":7,"dup":false,"ev":"game","ms":348894,"predicted":false,"t":1,"tick":20806,"type":"hit"}
[client] {"a":9,"dup":false,"ev":"game","ms":348906,"predicted":false,"t":1,"tick":20807,"type":"hit"}
[client] {"a":1,"dup":false,"ev":"game","ms":349300,"predicted":false,"t":9,"tick":20831,"type":"hit"}
[client] {"a":9,"dup":false,"ev":"game","ms":349300,"predicted":false,"t":-1,"tick":20831,"type":"ko"}
[client] {"counts":{"blocks_on_me":2,"conf_actions":242,"confirmed_hits":992,"dup_confirmed":0,"hits_on_me":93,"pred_actions":257,"predicted_confirmed":113,"predicted_hits":259,"reconnects":0},"ev":"stats","hp":40.0000000000032,"in_bytes":4662210,"late":0,"local_entity":8,"match":{"countdown_until":300,"ctrl":-1,"final":false,"next":"","phase":3,"rot":1025,"scores":[34,13],"sd":false,"state":3,"tick":20575,"zone":"C"},"max_err":2.08,"mean_err":0.0218,"ms":349939,"out_bytes":1022842,"pending":8,"pos":[41.96,-0.49],"reconciles":6929,"server_tick":20873,"snaps":6940,"teleports":7}
[client] {"a":1,"dup":false,"ev":"game","ms":350002,"predicted":false,"t":7,"tick":20873,"type":"hit"}
[client] {"a":1,"dup":false,"ev":"game","ms":350615,"predicted":false,"t":7,"tick":20909,"type":"hit"}
[client] {"a":7,"dup":false,"ev":"game","ms":351416,"predicted":false,"t":1,"tick":20957,"type":"hit"}
[client] {"a":7,"dup":false,"ev":"game","ms":351485,"predicted":false,"t":2,"tick":20961,"type":"hit"}
[client] {"a":6,"dup":false,"ev":"game","ms":351968,"predicted":false,"t":-1,"tick":20990,"type":"respawn"}
[client] {"a":7,"dup":false,"ev":"game","ms":352920,"predicted":false,"t":1,"tick":21047,"type":"hit"}
[client] {"a":7,"dup":false,"ev":"game","ms":352950,"predicted":false,"t":2,"tick":21049,"type":"hit"}
[client] {"a":4,"dup":false,"ev":"game","ms":353769,"predicted":false,"t":-1,"tick":21098,"type":"respawn"}
[client] {"a":1,"dup":false,"ev":"game","ms":354453,"predicted":false,"t":7,"tick":21139,"type":"hit"}
[client] {"a":5,"dup":false,"ev":"game","ms":354701,"predicted":false,"t":1,"tick":21154,"type":"hit"}
[client] {"a":7,"dup":false,"ev":"game","ms":354866,"predicted":false,"t":1,"tick":21164,"type":"hit"}
[client] {"a":7,"dup":false,"ev":"game","ms":354887,"predicted":false,"t":2,"tick":21165,"type":"hit"}
[client] {"counts":{"blocks_on_me":2,"conf_actions":244,"confirmed_hits":1002,"dup_confirmed":0,"hits_on_me":93,"pred_actions":260,"predicted_confirmed":113,"predicted_hits":259,"reconnects":0},"ev":"stats","hp":40.0000000000032,"in_bytes":4722320,"late":0,"local_entity":8,"match":{"countdown_until":300,"ctrl":-1,"final":false,"next":"B","phase":3,"rot":728,"scores":[34,13],"sd":false,"state":3,"tick":20872,"zone":"C"},"max_err":2.08,"mean_err":0.0217,"ms":354934,"out_bytes":1037542,"pending":8,"pos":[42.25,-0.55],"reconciles":7028,"server_tick":21173,"snaps":7038,"teleports":7}
[client] {"a":5,"dup":false,"ev":"game","ms":355018,"predicted":false,"t":2,"tick":21173,"type":"hit"}
[client] {"a":7,"dup":false,"ev":"game","ms":356040,"predicted":false,"t":1,"tick":21235,"type":"hit"}
[client] {"a":2,"dup":false,"ev":"game","ms":356088,"predicted":false,"t":5,"tick":21238,"type":"block"}
[client] {"a":7,"dup":false,"ev":"game","ms":356618,"predicted":false,"t":2,"tick":21270,"type":"hit"}
[client] {"a":2,"dup":false,"ev":"game","ms":357019,"predicted":false,"t":5,"tick":21294,"type":"block"}
[client] {"a":1,"dup":false,"ev":"game","ms":357170,"predicted":false,"t":5,"tick":21303,"type":"block"}
[client] {"a":7,"dup":false,"ev":"game","ms":357440,"predicted":false,"t":2,"tick":21319,"type":"hit"}
[client] {"a":1,"dup":false,"ev":"game","ms":357606,"predicted":false,"t":5,"tick":21329,"type":"block"}
[client] {"a":2,"dup":false,"ev":"game","ms":357951,"predicted":false,"t":5,"tick":21350,"type":"block"}
[client] {"a":7,"dup":false,"ev":"game","ms":357985,"predicted":false,"t":2,"tick":21352,"type":"hit"}
[client] {"a":0,"dup":false,"ev":"game","ms":358171,"predicted":false,"t":7,"tick":21363,"type":"hit"}
[client] {"a":2,"dup":false,"ev":"game","ms":358323,"predicted":false,"t":5,"tick":21372,"type":"hit"}
[client] {"a":2,"dup":false,"ev":"game","ms":358324,"predicted":false,"t":7,"tick":21372,"type":"hit"}
[client] {"a":5,"dup":false,"ev":"game","ms":358324,"predicted":false,"t":-1,"tick":21372,"type":"ko"}
[client] {"a":1,"dup":false,"ev":"game","ms":358606,"predicted":false,"t":7,"tick":21389,"type":"hit"}
[client] {"a":2,"dup":false,"ev":"game","ms":358654,"predicted":false,"t":7,"tick":21392,"type":"hit"}
[client] {"a":9,"dup":false,"ev":"game","ms":359303,"predicted":false,"t":-1,"tick":21431,"type":"respawn"}
[client] {"a":8,"dup":true,"ev":"game","ms":359338,"predicted":false,"t":1,"tick":21438,"type":"hit"}
[client] {"a":8,"dup":false,"ev":"game","ms":359372,"predicted":false,"t":2,"tick":21440,"type":"hit"}
[client] {"a":7,"dup":false,"ev":"game","ms":359538,"predicted":false,"t":0,"tick":21445,"type":"hit"}
[client] {"a":8,"dup":true,"ev":"game","ms":359572,"predicted":false,"t":1,"tick":21452,"type":"hit"}
[client] {"a":8,"dup":true,"ev":"game","ms":359620,"predicted":false,"t":2,"tick":21455,"type":"hit"}
[client] {"a":1,"dup":false,"ev":"game","ms":359655,"predicted":false,"t":-1,"tick":21452,"type":"ko"}
[client] {"counts":{"blocks_on_me":2,"conf_actions":248,"confirmed_hits":1017,"dup_confirmed":0,"hits_on_me":93,"pred_actions":263,"predicted_confirmed":116,"predicted_hits":266,"reconnects":0},"ev":"stats","hp":40.0000000000032,"in_bytes":4792831,"late":0,"local_entity":8,"match":{"countdown_until":300,"ctrl":-1,"final":false,"next":"B","phase":3,"rot":425,"scores":[34,13],"sd":false,"state":3,"tick":21175,"zone":"C"},"max_err":2.08,"mean_err":0.0214,"ms":359937,"out_bytes":1052242,"pending":8,"pos":[41.18,-0.51],"reconciles":7128,"server_tick":21473,"snaps":7139,"teleports":7}
[client] {"a":0,"dup":false,"ev":"game","ms":360090,"predicted":false,"t":7,"tick":21478,"type":"hit"}
[client] {"a":0,"dup":false,"ev":"game","ms":360124,"predicted":false,"t":8,"tick":21480,"type":"hit"}
[client] {"a":0,"dup":false,"ev":"game","ms":360821,"predicted":false,"t":7,"tick":21522,"type":"hit"}
[client] {"a":8,"dup":true,"ev":"game","ms":360842,"predicted":false,"t":0,"tick":21528,"type":"hit"}
[client] {"a":0,"dup":false,"ev":"game","ms":362001,"predicted":false,"t":7,"tick":21593,"type":"hit"}
[client] {"a":7,"dup":false,"ev":"game","ms":362884,"predicted":false,"t":0,"tick":21646,"type":"hit"}
[client] {"a":7,"dup":false,"ev":"game","ms":362884,"predicted":false,"t":3,"tick":21646,"type":"block"}
[client] {"a":6,"dup":false,"ev":"game","ms":363049,"predicted":false,"t":2,"tick":21656,"type":"hit"}
[client] {"a":0,"dup":false,"ev":"game","ms":363237,"predicted":false,"t":7,"tick":21667,"type":"hit"}
[client] {"a":7,"dup":false,"ev":"game","ms":363237,"predicted":false,"t":-1,"tick":21667,"type":"ko"}
[client] {"a":6,"dup":false,"ev":"game","ms":363381,"predicted":false,"t":2,"tick":21676,"type":"hit"}
[client] {"a":0,"dup":false,"ev":"game","ms":364236,"predicted":false,"t":6,"tick":21727,"type":"hit"}
[client] {"a":8,"dup":true,"ev":"game","ms":364237,"predicted":false,"t":3,"tick":21732,"type":"hit"}
[client] {"counts":{"blocks_on_me":2,"conf_actions":255,"confirmed_hits":1028,"dup_confirmed":0,"hits_on_me":94,"pred_actions":270,"predicted_confirmed":118,"predicted_hits":272,"reconnects":0},"ev":"stats","hp":4.00000000000315,"in_bytes":4865391,"late":0,"local_entity":8,"match":{"countdown_until":300,"ctrl":-1,"final":false,"next":"B","phase":3,"rot":125,"scores":[34,13],"sd":false,"state":3,"tick":21475,"zone":"C"},"max_err":2.08,"mean_err":0.0217,"ms":364932,"out_bytes":1066942,"pending":8,"pos":[39.79,0.0],"reconciles":7228,"server_tick":21773,"snaps":7239,"teleports":7}
[client] {"a":3,"dup":false,"ev":"game","ms":364933,"predicted":false,"t":8,"tick":21769,"type":"hit"}
[client] {"a":6,"dup":false,"ev":"game","ms":365120,"predicted":false,"t":2,"tick":21780,"type":"hit"}
[client] {"a":8,"dup":false,"ev":"game","ms":365203,"predicted":false,"t":-1,"tick":21790,"type":"ko"}
[client] {"a":3,"dup":false,"ev":"game","ms":365285,"predicted":false,"t":8,"tick":21790,"type":"hit"}
[client] {"a":2,"dup":false,"ev":"game","ms":365437,"predicted":false,"t":6,"tick":21799,"type":"hit"}
[client] {"a":2,"dup":false,"ev":"game","ms":365755,"predicted":false,"t":6,"tick":21818,"type":"hit"}
[client] {"a":4,"dup":false,"ev":"game","ms":365768,"predicted":false,"t":6,"tick":21819,"type":"hit"}
[client] {"a":4,"dup":false,"ev":"game","ms":366955,"predicted":false,"t":6,"tick":21890,"type":"hit"}
[client] {"a":-1,"dup":false,"ev":"game","ms":367100,"predicted":false,"t":-1,"tick":21899,"type":"zone_rotated"}
[client] {"a":6,"dup":false,"ev":"game","ms":367320,"predicted":false,"t":3,"tick":21912,"type":"hit"}
[client] {"a":4,"dup":false,"ev":"game","ms":367583,"predicted":false,"t":6,"tick":21928,"type":"hit"}
[client] {"a":5,"dup":false,"ev":"game","ms":368321,"predicted":false,"t":-1,"tick":21972,"type":"respawn"}
[client] {"a":6,"dup":false,"ev":"game","ms":368569,"predicted":false,"t":3,"tick":21987,"type":"hit"}
[client] {"a":6,"dup":false,"ev":"game","ms":368873,"predicted":false,"t":3,"tick":22005,"type":"hit"}
[client] {"a":6,"dup":false,"ev":"game","ms":369183,"predicted":false,"t":3,"tick":22024,"type":"hit"}
[client] {"a":3,"dup":false,"ev":"game","ms":369570,"predicted":false,"t":6,"tick":22047,"type":"hit"}
[client] {"a":1,"dup":false,"ev":"game","ms":369653,"predicted":false,"t":-1,"tick":22052,"type":"respawn"}
[client] {"counts":{"blocks_on_me":2,"conf_actions":256,"confirmed_hits":1041,"dup_confirmed":0,"hits_on_me":96,"pred_actions":271,"predicted_confirmed":118,"predicted_hits":274,"reconnects":0},"ev":"stats","hp":0.0,"in_bytes":4931411,"late":0,"local_entity":8,"match":{"countdown_until":300,"ctrl":-1,"final":false,"next":"","phase":3,"rot":3425,"scores":[34,13],"sd":false,"state":1,"tick":21775,"zone":"B"},"max_err":2.08,"mean_err":0.0214,"ms":369935,"out_bytes":1081642,"pending":8,"pos":[39.89,-0.01],"reconciles":7328,"server_tick":22073,"snaps":7339,"teleports":7}
[client] {"a":3,"dup":false,"ev":"game","ms":369936,"predicted":false,"t":6,"tick":22069,"type":"hit"}
[client] {"a":6,"dup":false,"ev":"game","ms":370280,"predicted":false,"t":3,"tick":22090,"type":"hit"}
[client] {"a":6,"dup":false,"ev":"game","ms":370612,"predicted":false,"t":3,"tick":22109,"type":"hit"}
[client] {"a":3,"dup":false,"ev":"game","ms":371267,"predicted":false,"t":6,"tick":22148,"type":"hit"}
[client] {"a":6,"dup":false,"ev":"game","ms":371267,"predicted":false,"t":-1,"tick":22148,"type":"ko"}
[client] {"a":7,"dup":false,"ev":"game","ms":373247,"predicted":false,"t":-1,"tick":22267,"type":"respawn"}
[client] {"a":4,"dup":false,"ev":"game","ms":374000,"predicted":false,"t":9,"tick":22312,"type":"hit"}
[client] {"a":4,"dup":false,"ev":"game","ms":374234,"predicted":false,"t":9,"tick":22326,"type":"hit"}
[client] {"a":9,"dup":false,"ev":"game","ms":374917,"predicted":false,"t":2,"tick":22367,"type":"hit"}
[client] {"counts":{"blocks_on_me":2,"conf_actions":256,"confirmed_hits":1048,"dup_confirmed":0,"hits_on_me":96,"pred_actions":271,"predicted_confirmed":118,"predicted_hits":274,"reconnects":0},"ev":"stats","hp":0.0,"in_bytes":4996650,"late":0,"local_entity":8,"match":{"countdown_until":300,"ctrl":-1,"final":false,"next":"","phase":3,"rot":3128,"scores":[34,15],"sd":false,"state":3,"tick":22072,"zone":"B"},"max_err":2.08,"mean_err":0.0211,"ms":374930,"out_bytes":1096342,"pending":8,"pos":[39.89,-0.01],"reconciles":7428,"server_tick":22373,"snaps":7438,"teleports":7}
[client] {"a":8,"dup":false,"ev":"game","ms":375200,"predicted":false,"t":-1,"tick":22390,"type":"respawn"}
[client] {"a":4,"dup":false,"ev":"game","ms":375234,"predicted":false,"t":9,"tick":22386,"type":"hit"}
[client] {"a":4,"dup":false,"ev":"game","ms":375552,"predicted":false,"t":9,"tick":22405,"type":"hit"}
[client] {"a":2,"dup":false,"ev":"game","ms":375614,"predicted":false,"t":9,"tick":22409,"type":"hit"}
[client] {"a":9,"dup":false,"ev":"game","ms":376014,"predicted":false,"t":2,"tick":22433,"type":"hit"}
[client] {"a":9,"dup":false,"ev":"game","ms":376298,"predicted":false,"t":2,"tick":22450,"type":"hit"}
[client] {"a":9,"dup":false,"ev":"game","ms":376298,"predicted":false,"t":4,"tick":22450,"type":"hit"}
[client] {"a":2,"dup":false,"ev":"game","ms":376298,"predicted":false,"t":-1,"tick":22450,"type":"ko"}
[client] {"a":1,"dup":false,"ev":"game","ms":376449,"predicted":false,"t":9,"tick":22459,"type":"hit"}
[client] {"a":1,"dup":false,"ev":"game","ms":376767,"predicted":false,"t":9,"tick":22478,"type":"hit"}
[client] {"a":9,"dup":false,"ev":"game","ms":377118,"predicted":false,"t":1,"tick":22499,"type":"hit"}
[client] {"a":0,"dup":false,"ev":"game","ms":377415,"predicted":false,"t":9,"tick":22517,"type":"hit"}
[client] {"a":1,"dup":false,"ev":"game","ms":377470,"predicted":false,"t":9,"tick":22520,"type":"hit"}
[client] {"a":1,"dup":false,"ev":"game","ms":377498,"predicted":false,"t":5,"tick":22522,"type":"block"}
[client] {"a":4,"dup":false,"ev":"game","ms":377684,"predicted":false,"t":5,"tick":22533,"type":"block"}
[client] {"a":4,"dup":false,"ev":"game","ms":377684,"predicted":false,"t":9,"tick":22533,"type":"hit"}
[client] {"a":0,"dup":false,"ev":"game","ms":377733,"predicted":false,"t":9,"tick":22536,"type":"hit"}
[client] {"a":1,"dup":false,"ev":"game","ms":378015,"predicted":false,"t":9,"tick":22553,"type":"hit"}
[client] {"a":0,"dup":false,"ev":"game","ms":378036,"predicted":false,"t":9,"tick":22554,"type":"hit"}
[client] {"a":9,"dup":false,"ev":"game","ms":378036,"predicted":false,"t":-1,"tick":22554,"type":"ko"}
[client] {"a":1,"dup":false,"ev":"game","ms":378050,"predicted":false,"t":5,"tick":22555,"type":"block"}
[client] {"a":4,"dup":false,"ev":"game","ms":378099,"predicted":false,"t":5,"tick":22558,"type":"block"}
[client] {"a":1,"dup":false,"ev":"game","ms":378354,"predicted":false,"t":5,"tick":22573,"type":"block"}
[client] {"a":4,"dup":false,"ev":"game","ms":378436,"predicted":false,"t":5,"tick":22578,"type":"block"}
[client] {"a":0,"dup":false,"ev":"game","ms":378733,"predicted":false,"t":5,"tick":22596,"type":"block"}
[client] {"a":1,"dup":false,"ev":"game","ms":378919,"predicted":false,"t":5,"tick":22607,"type":"block"}
[client] {"a":4,"dup":false,"ev":"game","ms":379154,"predicted":false,"t":5,"tick":22621,"type":"block"}
[client] {"a":0,"dup":false,"ev":"game","ms":379285,"predicted":false,"t":5,"tick":22630,"type":"block"}
[client] {"a":1,"dup":false,"ev":"game","ms":379568,"predicted":false,"t":5,"tick":22647,"type":"hit"}
[client] {"counts":{"blocks_on_me":2,"conf_actions":256,"confirmed_hits":1064,"dup_confirmed":0,"hits_on_me":96,"pred_actions":271,"predicted_confirmed":118,"predicted_hits":274,"reconnects":0},"ev":"stats","hp":230.0,"in_bytes":5065523,"late":0,"local_entity":8,"match":{"countdown_until":300,"ctrl":-1,"final":false,"next":"","phase":3,"rot":2828,"scores":[34,15],"sd":false,"state":3,"tick":22372,"zone":"B"},"max_err":2.08,"mean_err":0.0208,"ms":379932,"out_bytes":1111042,"pending":8,"pos":[-2.45,13.74],"reconciles":7527,"server_tick":22673,"snaps":7538,"teleports":8}
[client] {"a":4,"dup":false,"ev":"game","ms":380699,"predicted":false,"t":5,"tick":22715,"type":"hit"}
[client] {"a":7,"dup":false,"ev":"game","ms":381155,"predicted":false,"t":4,"tick":22742,"type":"hit"}
[client] {"a":6,"dup":false,"ev":"game","ms":381251,"predicted":false,"t":-1,"tick":22748,"type":"respawn"}
[client] {"a":0,"dup":false,"ev":"game","ms":382535,"predicted":false,"t":7,"tick":22825,"type":"hit"}
[client] {"a":0,"dup":false,"ev":"game","ms":382604,"predicted":false,"t":5,"tick":22829,"type":"hit"}
[client] {"a":0,"dup":false,"ev":"game","ms":382617,"predicted":false,"t":8,"tick":22830,"type":"hit"}
[client] {"a":4,"dup":false,"ev":"game","ms":383722,"predicted":false,"t":7,"tick":22896,"type":"hit"}
[client] {"a":0,"dup":false,"ev":"game","ms":383991,"predicted":false,"t":5,"tick":22912,"type":"hit"}
[client] {"a":0,"dup":false,"ev":"game","ms":384019,"predicted":false,"t":7,"tick":22914,"type":"hit"}
[client] {"a":4,"dup":false,"ev":"game","ms":384135,"predicted":false,"t":7,"tick":22921,"type":"hit"}
[client] {"a":4,"dup":false,"ev":"game","ms":384370,"predicted":false,"t":7,"tick":22935,"type":"hit"}
[client] {"a":4,"dup":false,"ev":"game","ms":384391,"predicted":false,"t":5,"tick":22936,"type":"hit"}
[client] {"a":8,"dup":true,"ev":"game","ms":384474,"predicted":false,"t":0,"tick":22946,"type":"hit"}
[client] {"a":7,"dup":false,"ev":"game","ms":384888,"predicted":false,"t":0,"tick":22966,"type":"hit"}
[client] {"counts":{"blocks_on_me":2,"conf_actions":261,"confirmed_hits":1077,"dup_confirmed":0,"hits_on_me":97,"pred_actions":276,"predicted_confirmed":119,"predicted_hits":277,"reconnects":0},"ev":"stats","hp":192.0,"in_bytes":5132623,"late":0,"local_entity":8,"match":{"countdown_until":300,"ctrl":-1,"final":false,"next":"","phase":3,"rot":2528,"scores":[34,15],"sd":false,"state":3,"tick":22672,"zone":"B"},"max_err":2.08,"mean_err":0.0209,"ms":384935,"out_bytes":1125742,"pending":8,"pos":[-2.51,-1.71],"reconciles":7627,"server_tick":22973,"snaps":7638,"teleports":8}
[client] {"a":4,"dup":false,"ev":"game","ms":385088,"predicted":false,"t":8,"tick":22978,"type":"hit"}
[client] {"a":7,"dup":false,"ev":"game","ms":385218,"predicted":false,"t":0,"tick":22986,"type":"hit"}
[client] {"a":5,"dup":false,"ev":"game","ms":385240,"predicted":false,"t":0,"tick":22987,"type":"hit"}
[client] {"a":3,"dup":false,"ev":"game","ms":385509,"predicted":false,"t":8,"tick":23003,"type":"hit"}
[client] {"a":0,"dup":false,"ev":"game","ms":385993,"predicted":false,"t":8,"tick":23032,"type":"hit"}
[client] {"a":5,"dup":false,"ev":"game","ms":386193,"predicted":false,"t":4,"tick":23044,"type":"hit"}
[client] {"a":2,"dup":false,"ev":"game","ms":386289,"predicted":false,"t":-1,"tick":23050,"type":"respawn"}
[client] {"a":0,"dup":false,"ev":"game","ms":386509,"predicted":false,"t":8,"tick":23063,"type":"hit"}
[client] {"a":7,"dup":false,"ev":"game","ms":386523,"predicted":false,"t":4,"tick":23064,"type":"hit"}
[client] {"a":8,"dup":true,"ev":"game","ms":386875,"predicted":false,"t":0,"tick":23090,"type":"hit"}
[client] {"a":4,"dup":false,"ev":"game","ms":386889,"predicted":false,"t":5,"tick":23086,"type":"hit"}
[client] {"a":7,"dup":false,"ev":"game","ms":386923,"predicted":false,"t":4,"tick":23088,"type":"hit"}
[client] {"a":8,"dup":true,"ev":"game","ms":387138,"predicted":false,"t":0,"tick":23106,"type":"hit"}
[client] {"a":4,"dup":false,"ev":"game","ms":387323,"predicted":false,"t":5,"tick":23112,"type":"hit"}
[client] {"a":7,"dup":false,"ev":"game","ms":387338,"predicted":false,"t":4,"tick":23113,"type":"hit"}
[client] {"a":9,"dup":false,"ev":"game","ms":388020,"predicted":false,"t":-1,"tick":23154,"type":"respawn"}
[client] {"a":0,"dup":false,"ev":"game","ms":388076,"predicted":false,"t":8,"tick":23157,"type":"hit"}
[client] {"a":4,"dup":false,"ev":"game","ms":388220,"predicted":false,"t":7,"tick":23166,"type":"hit"}
[client] {"a":0,"dup":false,"ev":"game","ms":388393,"predicted":false,"t":8,"tick":23176,"type":"hit"}
[client] {"a":5,"dup":false,"ev":"game","ms":388655,"predicted":false,"t":4,"tick":23192,"type":"hit"}
[client] {"a":0,"dup":false,"ev":"game","ms":389008,"predicted":false,"t":6,"tick":23213,"type":"hit"}
[client] {"a":0,"dup":false,"ev":"game","ms":389311,"predicted":false,"t":6,"tick":23231,"type":"hit"}
[client] {"a":3,"dup":false,"ev":"game","ms":389311,"predicted":false,"t":5,"tick":23231,"type":"hit"}
[client] {"a":3,"dup":false,"ev":"game","ms":389394,"predicted":false,"t":7,"tick":23236,"type":"hit"}
[client] {"a":0,"dup":false,"ev":"game","ms":389607,"predicted":false,"t":6,"tick":23249,"type":"hit"}
[client] {"counts":{"blocks_on_me":2,"conf_actions":269,"confirmed_hits":1100,"dup_confirmed":0,"hits_on_me":103,"pred_actions":286,"predicted_confirmed":121,"predicted_hits":285,"reconnects":0},"ev":"stats","hp":64.0,"in_bytes":5205455,"late":0,"local_entity":8,"match":{"countdown_until":300,"ctrl":-1,"final":false,"next":"","phase":3,"rot":2225,"scores":[34,15],"sd":false,"state":3,"tick":22975,"zone":"B"},"max_err":2.08,"mean_err":0.0213,"ms":389938,"out_bytes":1140442,"pending":8,"pos":[-3.77,-0.11],"reconciles":7727,"server_tick":23273,"snaps":7739,"teleports":8}
[client] {"a":8,"dup":true,"ev":"game","ms":389973,"predicted":false,"t":0,"tick":23276,"type":"hit"}
[client] {"a":4,"dup":false,"ev":"game","ms":391001,"predicted":false,"t":5,"tick":23333,"type":"hit"}
[client] {"a":5,"dup":false,"ev":"game","ms":391367,"predicted":false,"t":4,"tick":23355,"type":"hit"}
[client] {"a":8,"dup":true,"ev":"game","ms":391870,"predicted":false,"t":0,"tick":23389,"type":"hit"}
[client] {"a":0,"dup":false,"ev":"game","ms":391933,"predicted":false,"t":-1,"tick":23389,"type":"ko"}
[client] {"a":5,"dup":false,"ev":"game","ms":392153,"predicted":false,"t":4,"tick":23402,"type":"hit"}
[client] {"a":6,"dup":false,"ev":"game","ms":392167,"predicted":false,"t":4,"tick":23403,"type":"hit"}
[client] {"a":3,"dup":false,"ev":"game","ms":392422,"predicted":false,"t":5,"tick":23418,"type":"hit"}
[client] {"a":4,"dup":false,"ev":"game","ms":392637,"predicted":false,"t":5,"tick":23431,"type":"hit"}
[client] {"a":4,"dup":false,"ev":"game","ms":392685,"predicted":false,"t":6,"tick":23434,"type":"hit"}
[client] {"a":8,"dup":true,"ev":"game","ms":392920,"predicted":false,"t":4,"tick":23453,"type":"hit"}
[client] {"a":4,"dup":false,"ev":"game","ms":393002,"predicted":false,"t":-1,"tick":23453,"type":"ko"}
[client] {"a":3,"dup":false,"ev":"game","ms":393106,"predicted":false,"t":5,"tick":23459,"type":"hit"}
[client] {"a":5,"dup":false,"ev":"game","ms":393106,"predicted":false,"t":-1,"tick":23459,"type":"ko"}
[client] {"a":3,"dup":false,"ev":"game","ms":393133,"predicted":false,"t":8,"tick":23461,"type":"hit"}
[client] {"a":3,"dup":false,"ev":"game","ms":393154,"predicted":false,"t":6,"tick":23462,"type":"hit"}
[client] {"a":3,"dup":false,"ev":"game","ms":393851,"predicted":false,"t":7,"tick":23504,"type":"hit"}
[client] {"a":1,"dup":false,"ev":"game","ms":393871,"predicted":false,"t":7,"tick":23505,"type":"hit"}
[client] {"a":3,"dup":false,"ev":"game","ms":394238,"predicted":false,"t":6,"tick":23527,"type":"hit"}
[client] {"a":8,"dup":true,"ev":"game","ms":394251,"predicted":false,"t":3,"tick":23532,"type":"hit"}
[client] {"a":7,"dup":false,"ev":"game","ms":394520,"predicted":false,"t":3,"tick":23544,"type":"hit"}
[client] {"a":1,"dup":false,"ev":"game","ms":394707,"predicted":false,"t":6,"tick":23555,"type":"hit"}
[client] {"a":1,"dup":false,"ev":"game","ms":394707,"predicted":false,"t":7,"tick":23555,"type":"hit"}
[client] {"counts":{"blocks_on_me":2,"conf_actions":275,"confirmed_hits":1120,"dup_confirmed":0,"hits_on_me":104,"pred_actions":292,"predicted_confirmed":125,"predicted_hits":298,"reconnects":0},"ev":"stats","hp":26.0,"in_bytes":5279802,"late":0,"local_entity":8,"match":{"countdown_until":300,"ctrl":-1,"final":false,"next":"","phase":3,"rot":1928,"scores":[34,15],"sd":false,"state":3,"tick":23272,"zone":"B"},"max_err":2.08,"mean_err":0.0219,"ms":394933,"out_bytes":1155142,"pending":8,"pos":[-0.49,-4.26],"reconciles":7827,"server_tick":23573,"snaps":7838,"teleports":8}
[client] {"a":2,"dup":false,"ev":"game","ms":395038,"predicted":false,"t":8,"tick":23575,"type":"hit"}
[client] {"a":1,"dup":false,"ev":"game","ms":395686,"predicted":false,"t":6,"tick":23614,"type":"hit"}
[client] {"a":8,"dup":false,"ev":"game","ms":395873,"predicted":false,"t":3,"tick":23630,"type":"block"}
[client] {"a":7,"dup":false,"ev":"game","ms":395934,"predicted":false,"t":1,"tick":23629,"type":"hit"}
[client] {"a":9,"dup":false,"ev":"game","ms":396169,"predicted":false,"t":1,"tick":23643,"type":"hit"}
[client] {"a":7,"dup":false,"ev":"game","ms":396253,"predicted":false,"t":1,"tick":23648,"type":"hit"}
[client] {"a":8,"dup":false,"ev":"game","ms":396286,"predicted":false,"t":-1,"tick":23655,"type":"ko"}
[client] {"a":2,"dup":false,"ev":"game","ms":396369,"predicted":false,"t":8,"tick":23655,"type":"hit"}
[client] {"a":7,"dup":false,"ev":"game","ms":396824,"predicted":false,"t":1,"tick":23682,"type":"hit"}
[client] {"a":6,"dup":false,"ev":"game","ms":397052,"predicted":false,"t":1,"tick":23696,"type":"hit"}
[client] {"a":6,"dup":false,"ev":"game","ms":397121,"predicted":false,"t":2,"tick":23700,"type":"hit"}
[client] {"a":6,"dup":false,"ev":"game","ms":398087,"predicted":false,"t":3,"tick":23758,"type":"block"}
[client] {"a":1,"dup":false,"ev":"game","ms":398239,"predicted":false,"t":6,"tick":23767,"type":"hit"}
[client] {"a":1,"dup":false,"ev":"game","ms":398556,"predicted":false,"t":6,"tick":23786,"type":"hit"}
[client] {"a":6,"dup":false,"ev":"game","ms":398556,"predicted":false,"t":-1,"tick":23786,"type":"ko"}
[client] {"a":9,"dup":false,"ev":"game","ms":398756,"predicted":false,"t":3,"tick":23798,"type":"hit"}
[client] {"a":9,"dup":false,"ev":"game","ms":398791,"predicted":false,"t":1,"tick":23800,"type":"hit"}
[client] {"a":9,"dup":false,"ev":"game","ms":398805,"predicted":false,"t":2,"tick":23801,"type":"hit"}
[client] {"a":9,"dup":false,"ev":"game","ms":399722,"predicted":false,"t":3,"tick":23856,"type":"hit"}
[client] {"a":9,"dup":false,"ev":"game","ms":399757,"predicted":false,"t":2,"tick":23858,"type":"hit"}
[client] {"counts":{"blocks_on_me":2,"conf_actions":276,"confirmed_hits":1136,"dup_confirmed":0,"hits_on_me":106,"pred_actions":294,"predicted_confirmed":125,"predicted_hits":300,"reconnects":0},"ev":"stats","hp":0.0,"in_bytes":5344762,"late":0,"local_entity":8,"match":{"countdown_until":300,"ctrl":-1,"final":false,"next":"","phase":3,"rot":1625,"scores":[34,15],"sd":false,"state":3,"tick":23575,"zone":"B"},"max_err":2.08,"mean_err":0.022,"ms":399942,"out_bytes":1169842,"pending":8,"pos":[-0.01,-3.88],"reconciles":7927,"server_tick":23873,"snaps":7939,"teleports":8}
[client] {"a":7,"dup":false,"ev":"game","ms":400005,"predicted":false,"t":3,"tick":23873,"type":"hit"}
[client] {"a":2,"dup":false,"ev":"game","ms":400088,"predicted":false,"t":9,"tick":23878,"type":"hit"}
[client] {"a":9,"dup":false,"ev":"game","ms":400440,"predicted":false,"t":2,"tick":23899,"type":"hit"}
[client] {"a":1,"dup":false,"ev":"game","ms":400544,"predicted":false,"t":7,"tick":23905,"type":"hit"}
[client] {"a":1,"dup":false,"ev":"game","ms":400944,"predicted":false,"t":7,"tick":23929,"type":"hit"}
[client] {"a":7,"dup":false,"ev":"game","ms":400944,"predicted":false,"t":-1,"tick":23929,"type":"ko"}
[client] {"a":0,"dup":false,"ev":"game","ms":401944,"predicted":false,"t":-1,"tick":23989,"type":"respawn"}
[client] {"a":9,"dup":false,"ev":"game","ms":402041,"predicted":false,"t":1,"tick":23995,"type":"hit"}
[client] {"a":9,"dup":false,"ev":"game","ms":402041,"predicted":false,"t":3,"tick":23995,"type":"hit"}
[client] {"a":3,"dup":false,"ev":"game","ms":402042,"predicted":false,"t":-1,"tick":23995,"type":"ko"}
[client] {"a":2,"dup":false,"ev":"game","ms":402834,"predicted":false,"t":9,"tick":24043,"type":"hit"}
[client] {"a":4,"dup":false,"ev":"game","ms":403000,"predicted":false,"t":-1,"tick":24053,"type":"respawn"}
[client] {"a":5,"dup":false,"ev":"game","ms":403104,"predicted":false,"t":-1,"tick":24059,"type":"respawn"}
[client] {"a":1,"dup":false,"ev":"game","ms":403152,"predicted":false,"t":9,"tick":24062,"type":"hit"}
[client] {"a":2,"dup":false,"ev":"game","ms":403152,"predicted":false,"t":9,"tick":24062,"type":"hit"}
[client] {"a":1,"dup":false,"ev":"game","ms":403738,"predicted":false,"t":9,"tick":24097,"type":"hit"}
[client] {"a":2,"dup":false,"ev":"game","ms":403835,"predicted":false,"t":9,"tick":24103,"type":"hit"}
[client] {"counts":{"blocks_on_me":2,"conf_actions":276,"confirmed_hits":1148,"dup_confirmed":0,"hits_on_me":106,"pred_actions":294,"predicted_confirmed":125,"predicted_hits":300,"reconnects":0},"ev":"stats","hp":0.0,"in_bytes":5407266,"late":0,"local_entity":8,"match":{"countdown_until":300,"ctrl":-1,"final":false,"next":"","phase":3,"rot":1325,"scores":[34,15],"sd":false,"state":3,"tick":23875,"zone":"B"},"max_err":2.08,"mean_err":0.0217,"ms":404938,"out_bytes":1184542,"pending":8,"pos":[-0.01,-3.88],"reconciles":8027,"server_tick":24173,"snaps":8039,"teleports":8}
[client] {"a":1,"dup":false,"ev":"game","ms":405484,"predicted":false,"t":9,"tick":24202,"type":"hit"}
[client] {"a":1,"dup":false,"ev":"game","ms":405684,"predicted":false,"t":9,"tick":24214,"type":"hit"}
[client] {"a":9,"dup":false,"ev":"game","ms":406236,"predicted":false,"t":1,"tick":24247,"type":"hit"}
[client] {"a":1,"dup":false,"ev":"game","ms":406236,"predicted":false,"t":-1,"tick":24247,"type":"ko"}
[client] {"a":8,"dup":false,"ev":"game","ms":406285,"predicted":false,"t":-1,"tick":24255,"type":"respawn"}
[client] {"a":2,"dup":false,"ev":"game","ms":407823,"predicted":false,"t":9,"tick":24342,"type":"hit"}
[client] {"a":6,"dup":false,"ev":"game","ms":408555,"predicted":false,"t":-1,"tick":24386,"type":"respawn"}
[client] {"a":9,"dup":false,"ev":"game","ms":408603,"predicted":false,"t":2,"tick":24389,"type":"hit"}
[client] {"a":0,"dup":false,"ev":"game","ms":408755,"predicted":false,"t":9,"tick":24398,"type":"hit"}
[client] {"a":9,"dup":false,"ev":"game","ms":409321,"predicted":false,"t":0,"tick":24432,"type":"hit"}
[client] {"a":0,"dup":false,"ev":"game","ms":409663,"predicted":false,"t":9,"tick":24453,"type":"hit"}
[client] {"a":4,"dup":false,"ev":"game","ms":409663,"predicted":false,"t":9,"tick":24453,"type":"hit"}
[client] {"a":9,"dup":false,"ev":"game","ms":409663,"predicted":false,"t":-1,"tick":24453,"type":"ko"}
[client] {"counts":{"blocks_on_me":2,"conf_actions":277,"confirmed_hits":1157,"dup_confirmed":0,"hits_on_me":106,"pred_actions":294,"predicted_confirmed":125,"predicted_hits":300,"reconnects":0},"ev":"stats","hp":230.0,"in_bytes":5467842,"late":0,"local_entity":8,"match":{"countdown_until":300,"ctrl":-1,"final":false,"next":"","phase":3,"rot":1028,"scores":[34,15],"sd":false,"state":3,"tick":24172,"zone":"B"},"max_err":2.08,"mean_err":0.0215,"ms":409931,"out_bytes":1199242,"pending":8,"pos":[-2.27,27.9],"reconciles":8126,"server_tick":24473,"snaps":8138,"teleports":9}
[client] {"a":7,"dup":false,"ev":"game","ms":410947,"predicted":false,"t":-1,"tick":24529,"type":"respawn"}
[client] {"a":5,"dup":false,"ev":"game","ms":411478,"predicted":false,"t":2,"tick":24561,"type":"hit"}
[client] {"a":2,"dup":false,"ev":"game","ms":411795,"predicted":false,"t":5,"tick":24580,"type":"hit"}
[client] {"a":4,"dup":false,"ev":"game","ms":411899,"predicted":false,"t":5,"tick":24586,"type":"hit"}
[client] {"a":3,"dup":false,"ev":"game","ms":412044,"predicted":false,"t":-1,"tick":24595,"type":"respawn"}
[client] {"a":5,"dup":false,"ev":"game","ms":412278,"predicted":false,"t":2,"tick":24609,"type":"parry"}
[client] {"a":4,"dup":false,"ev":"game","ms":412582,"predicted":false,"t":5,"tick":24627,"type":"hit"}
[client] {"a":2,"dup":false,"ev":"game","ms":412830,"predicted":false,"t":5,"tick":24642,"type":"hit"}
[client] {"a":4,"dup":false,"ev":"game","ms":414817,"predicted":false,"t":8,"tick":24761,"type":"hit"}
[client] {"a":4,"dup":false,"ev":"game","ms":414865,"predicted":false,"t":5,"tick":24764,"type":"hit"}
[client] {"counts":{"blocks_on_me":2,"conf_actions":279,"confirmed_hits":1164,"dup_confirmed":0,"hits_on_me":107,"pred_actions":296,"predicted_confirmed":125,"predicted_hits":301,"reconnects":0},"ev":"stats","hp":192.0,"in_bytes":5528848,"late":0,"local_entity":8,"match":{"countdown_until":300,"ctrl":-1,"final":false,"next":"A","phase":3,"rot":728,"scores":[34,15],"sd":false,"state":3,"tick":24472,"zone":"B"},"max_err":2.08,"mean_err":0.0214,"ms":414934,"out_bytes":1213942,"pending":8,"pos":[-3.59,-0.42],"reconciles":8226,"server_tick":24773,"snaps":8238,"teleports":9}
[client] {"a":5,"dup":false,"ev":"game","ms":416135,"predicted":false,"t":4,"tick":24840,"type":"hit"}
[client] {"a":1,"dup":false,"ev":"game","ms":416253,"predicted":false,"t":-1,"tick":24847,"type":"respawn"}
[client] {"a":0,"dup":false,"ev":"game","ms":416466,"predicted":false,"t":5,"tick":24860,"type":"hit"}
[client] {"a":5,"dup":false,"ev":"game","ms":416833,"predicted":false,"t":0,"tick":24882,"type":"hit"}
[client] {"a":5,"dup":false,"ev":"game","ms":416833,"predicted":false,"t":2,"tick":24882,"type":"hit"}
[client] {"a":8,"dup":true,"ev":"game","ms":416936,"predicted":false,"t":4,"tick":24894,"type":"hit"}
[client] {"a":0,"dup":false,"ev":"game","ms":417164,"predicted":false,"t":5,"tick":24903,"type":"hit"}
[client] {"a":2,"dup":false,"ev":"game","ms":417267,"predicted":false,"t":5,"tick":24909,"type":"hit"}
[client] {"a":6,"dup":false,"ev":"game","ms":417302,"predicted":false,"t":2,"tick":24911,"type":"hit"}
[client] {"a":8,"dup":true,"ev":"game","ms":417302,"predicted":false,"t":4,"tick":24915,"type":"hit"}
[client] {"a":6,"dup":false,"ev":"game","ms":417316,"predicted":false,"t":0,"tick":24912,"type":"hit"}
[client] {"a":8,"dup":true,"ev":"game","ms":417633,"predicted":false,"t":4,"tick":24936,"type":"hit"}
[client] {"a":2,"dup":false,"ev":"game","ms":418137,"predicted":false,"t":6,"tick":24961,"type":"hit"}
[client] {"a":8,"dup":true,"ev":"game","ms":418137,"predicted":false,"t":0,"tick":24965,"type":"hit"}
[client] {"a":2,"dup":false,"ev":"game","ms":418150,"predicted":false,"t":5,"tick":24962,"type":"hit"}
[client] {"a":8,"dup":true,"ev":"game","ms":418350,"predicted":false,"t":0,"tick":24979,"type":"hit"}
[client] {"a":8,"dup":true,"ev":"game","ms":418940,"predicted":false,"t":4,"tick":25014,"type":"hit"}
[client] {"a":2,"dup":false,"ev":"game","ms":419188,"predicted":false,"t":8,"tick":25024,"type":"hit"}
[client] {"a":3,"dup":false,"ev":"game","ms":419305,"predicted":false,"t":6,"tick":25031,"type":"hit"}
[client] {"a":0,"dup":false,"ev":"game","ms":419319,"predicted":false,"t":6,"tick":25032,"type":"hit"}
[client] {"a":9,"dup":false,"ev":"game","ms":419671,"predicted":false,"t":-1,"tick":25053,"type":"respawn"}
[client] {"a":3,"dup":false,"ev":"game","ms":419719,"predicted":false,"t":7,"tick":25056,"type":"hit"}
[client] {"a":5,"dup":false,"ev":"game","ms":419850,"predicted":false,"t":0,"tick":25064,"type":"hit"}
[client] {"a":5,"dup":false,"ev":"game","ms":419870,"predicted":false,"t":3,"tick":25065,"type":"hit"}
[client] {"counts":{"blocks_on_me":2,"conf_actions":287,"confirmed_hits":1186,"dup_confirmed":0,"hits_on_me":108,"pred_actions":304,"predicted_confirmed":131,"predicted_hits":309,"reconnects":0},"ev":"stats","hp":154.0,"in_bytes":5605088,"late":0,"local_entity":8,"match":{"countdown_until":300,"ctrl":-1,"final":false,"next":"A","phase":3,"rot":425,"scores":[34,15],"sd":false,"state":3,"tick":24775,"zone":"B"},"max_err":2.08,"mean_err":0.0217,"ms":419939,"out_bytes":1228642,"pending":8,"pos":[2.79,-2.83],"reconciles":8326,"server_tick":25073,"snaps":8339,"teleports":9}
[client] {"a":4,"dup":false,"ev":"game","ms":420119,"predicted":false,"t":5,"tick":25080,"type":"hit"}
[client] {"a":4,"dup":false,"ev":"game","ms":420388,"predicted":false,"t":5,"tick":25096,"type":"hit"}
[client] {"a":4,"dup":false,"ev":"game","ms":420422,"predicted":false,"t":7,"tick":25098,"type":"hit"}
[client] {"a":2,"dup":false,"ev":"game","ms":420437,"predicted":false,"t":5,"tick":25099,"type":"hit"}
[client] {"a":4,"dup":false,"ev":"game","ms":420437,"predicted":false,"t":6,"tick":25099,"type":"hit"}
[client] {"a":8,"dup":true,"ev":"game","ms":420906,"predicted":false,"t":2,"tick":25132,"type":"hit"}
[client] {"a":2,"dup":false,"ev":"game","ms":420997,"predicted":false,"t":-1,"tick":25132,"type":"ko"}
[client] {"a":4,"dup":false,"ev":"game","ms":421183,"predicted":false,"t":7,"tick":25144,"type":"hit"}
[client] {"a":5,"dup":false,"ev":"game","ms":421266,"predicted":false,"t":4,"tick":25149,"type":"hit"}
[client] {"a":3,"dup":false,"ev":"game","ms":421514,"predicted":false,"t":6,"tick":25164,"type":"hit"}
[client] {"a":5,"dup":false,"ev":"game","ms":421597,"predicted":false,"t":0,"tick":25169,"type":"hit"}
[client] {"a":4,"dup":false,"ev":"game","ms":421665,"predicted":false,"t":5,"tick":25173,"type":"hit"}
[client] {"a":5,"dup":false,"ev":"game","ms":421665,"predicted":false,"t":-1,"tick":25173,"type":"ko"}
[client] {"a":3,"dup":false,"ev":"game","ms":421845,"predicted":false,"t":6,"tick":25184,"type":"hit"}
[client] {"a":3,"dup":false,"ev":"game","ms":422183,"predicted":false,"t":6,"tick":25204,"type":"hit"}
[client] {"a":4,"dup":false,"ev":"game","ms":422466,"predicted":false,"t":7,"tick":25221,"type":"hit"}
[client] {"a":0,"dup":false,"ev":"game","ms":422514,"predicted":false,"t":7,"tick":25224,"type":"hit"}
[client] {"a":0,"dup":false,"ev":"game","ms":422866,"predicted":false,"t":7,"tick":25245,"type":"hit"}
[client] {"a":3,"dup":false,"ev":"game","ms":422880,"predicted":false,"t":7,"tick":25246,"type":"hit"}
[client] {"a":8,"dup":true,"ev":"game","ms":422901,"predicted":false,"t":4,"tick":25252,"type":"hit"}
[client] {"a":6,"dup":false,"ev":"game","ms":423164,"predicted":false,"t":3,"tick":25263,"type":"hit"}
[client] {"a":7,"dup":false,"ev":"game","ms":424166,"predicted":false,"t":0,"tick":25323,"type":"hit"}
[client] {"a":4,"dup":false,"ev":"game","ms":424384,"predicted":false,"t":7,"tick":25336,"type":"hit"}
[client] {"a":8,"dup":true,"ev":"game","ms":424701,"predicted":false,"t":4,"tick":25360,"type":"hit"}
[client] {"a":0,"dup":false,"ev":"game","ms":424833,"predicted":false,"t":6,"tick":25363,"type":"hit"}
[client] {"counts":{"blocks_on_me":2,"conf_actions":295,"confirmed_hits":1209,"dup_confirmed":0,"hits_on_me":108,"pred_actions":312,"predicted_confirmed":134,"predicted_hits":313,"reconnects":0},"ev":"stats","hp":154.0,"in_bytes":5681421,"late":0,"local_entity":8,"match":{"countdown_until":300,"ctrl":-1,"final":false,"next":"A","phase":3,"rot":125,"scores":[34,15],"sd":false,"state":3,"tick":25075,"zone":"B"},"max_err":2.08,"mean_err":0.0214,"ms":424935,"out_bytes":1243342,"pending":8,"pos":[-0.06,-3.03],"reconciles":8426,"server_tick":25373,"snaps":8439,"teleports":9}
[client] {"a":7,"dup":false,"ev":"game","ms":424950,"predicted":false,"t":0,"tick":25370,"type":"hit"}
[client] {"a":7,"dup":false,"ev":"game","ms":424950,"predicted":false,"t":4,"tick":25370,"type":"hit"}
[client] {"a":4,"dup":false,"ev":"game","ms":425350,"predicted":false,"t":7,"tick":25394,"type":"hit"}
[client] {"a":1,"dup":false,"ev":"game","ms":425467,"predicted":false,"t":8,"tick":25401,"type":"hit"}
[client] {"a":4,"dup":false,"ev":"game","ms":426020,"predicted":false,"t":6,"tick":25434,"type":"hit"}
[client] {"a":7,"dup":false,"ev":"game","ms":426337,"predicted":false,"t":4,"tick":25453,"type":"hit"}
[client] {"a":-1,"dup":false,"ev":"game","ms":427103,"predicted":false,"t":-1,"tick":25499,"type":"zone_rotated"}
[client] {"a":8,"dup":true,"ev":"game","ms":427103,"predicted":false,"t":3,"tick":25503,"type":"hit"}
[client] {"a":0,"dup":false,"ev":"game","ms":427503,"predicted":false,"t":6,"tick":25523,"type":"hit"}
[client] {"a":6,"dup":false,"ev":"game","ms":427503,"predicted":false,"t":-1,"tick":25523,"type":"ko"}
[client] {"a":3,"dup":false,"ev":"game","ms":427538,"predicted":false,"t":7,"tick":25525,"type":"hit"}
[client] {"a":9,"dup":false,"ev":"game","ms":427786,"predicted":false,"t":3,"tick":25540,"type":"hit"}
[client] {"a":7,"dup":false,"ev":"game","ms":427882,"predicted":false,"t":3,"tick":25546,"type":"hit"}
[client] {"a":0,"dup":false,"ev":"game","ms":428082,"predicted":false,"t":7,"tick":25558,"type":"hit"}
[client] {"a":1,"dup":false,"ev":"game","ms":428117,"predicted":false,"t":8,"tick":25560,"type":"hit"}
[client] {"a":0,"dup":false,"ev":"game","ms":428138,"predicted":false,"t":9,"tick":25561,"type":"hit"}
[client] {"a":7,"dup":false,"ev":"game","ms":428539,"predicted":false,"t":0,"tick":25585,"type":"hit"}
[client] {"a":9,"dup":false,"ev":"game","ms":428600,"predicted":false,"t":3,"tick":25589,"type":"hit"}
[client] {"a":1,"dup":false,"ev":"game","ms":428786,"predicted":false,"t":8,"tick":25600,"type":"hit"}
[client] {"a":9,"dup":false,"ev":"game","ms":428917,"predicted":false,"t":3,"tick":25608,"type":"hit"}
[client] {"a":9,"dup":false,"ev":"game","ms":429269,"predicted":false,"t":3,"tick":25629,"type":"hit"}
[client] {"a":0,"dup":false,"ev":"game","ms":429317,"predicted":false,"t":7,"tick":25632,"type":"hit"}
[client] {"a":3,"dup":false,"ev":"game","ms":429635,"predicted":false,"t":9,"tick":25651,"type":"hit"}
[client] {"a":1,"dup":false,"ev":"game","ms":429704,"predicted":false,"t":9,"tick":25655,"type":"hit"}
[client] {"a":0,"dup":false,"ev":"game","ms":429717,"predicted":false,"t":7,"tick":25656,"type":"hit"}
[client] {"a":7,"dup":false,"ev":"game","ms":429718,"predicted":false,"t":-1,"tick":25656,"type":"ko"}
[client] {"counts":{"blocks_on_me":2,"conf_actions":302,"confirmed_hits":1232,"dup_confirmed":0,"hits_on_me":111,"pred_actions":320,"predicted_confirmed":135,"predicted_hits":316,"reconnects":0},"ev":"stats","hp":60.0,"in_bytes":5754261,"late":0,"local_entity":8,"match":{"countdown_until":300,"ctrl":-1,"final":true,"next":"","phase":3,"rot":3425,"scores":[34,15],"sd":false,"state":1,"tick":25375,"zone":"A"},"max_err":2.08,"mean_err":0.022,"ms":429937,"out_bytes":1258042,"pending":8,"pos":[-10.3,-6.72],"reconciles":8526,"server_tick":25673,"snaps":8539,"teleports":9}
[client] {"a":2,"dup":false,"ev":"game","ms":430987,"predicted":false,"t":-1,"tick":25732,"type":"respawn"}
[client] {"a":5,"dup":false,"ev":"game","ms":431670,"predicted":false,"t":-1,"tick":25773,"type":"respawn"}
[client] {"a":4,"dup":false,"ev":"game","ms":434907,"predicted":false,"t":8,"tick":25966,"type":"hit"}
[client] {"counts":{"blocks_on_me":2,"conf_actions":304,"confirmed_hits":1233,"dup_confirmed":0,"hits_on_me":112,"pred_actions":322,"predicted_confirmed":135,"predicted_hits":316,"reconnects":0},"ev":"stats","hp":42.0,"in_bytes":5817170,"late":0,"local_entity":8,"match":{"countdown_until":300,"ctrl":-1,"final":true,"next":"","phase":3,"rot":3125,"scores":[35,15],"sd":false,"state":3,"tick":25675,"zone":"A"},"max_err":2.08,"mean_err":0.0218,"ms":434940,"out_bytes":1272742,"pending":8,"pos":[-40.23,-1.01],"reconciles":8626,"server_tick":25973,"snaps":8639,"teleports":9}
[client] {"a":4,"dup":false,"ev":"game","ms":435307,"predicted":false,"t":8,"tick":25990,"type":"hit"}
[client] {"a":4,"dup":false,"ev":"game","ms":435624,"predicted":false,"t":8,"tick":26010,"type":"hit"}
[client] {"a":8,"dup":false,"ev":"game","ms":435948,"predicted":false,"t":-1,"tick":26034,"type":"ko"}
[client] {"a":0,"dup":false,"ev":"game","ms":436031,"predicted":false,"t":8,"tick":26034,"type":"hit"}
[client] {"a":9,"dup":false,"ev":"game","ms":436114,"predicted":false,"t":4,"tick":26039,"type":"hit"}
[client] {"a":4,"dup":false,"ev":"game","ms":436514,"predicted":false,"t":9,"tick":26063,"type":"hit"}
[client] {"a":9,"dup":false,"ev":"game","ms":437301,"predicted":false,"t":0,"tick":26110,"type":"hit"}
[client] {"a":0,"dup":false,"ev":"game","ms":437301,"predicted":false,"t":-1,"tick":26110,"type":"ko"}
[client] {"a":4,"dup":false,"ev":"game","ms":437335,"predicted":false,"t":9,"tick":26112,"type":"hit"}
[client] {"a":3,"dup":false,"ev":"game","ms":437397,"predicted":false,"t":9,"tick":26116,"type":"hit"}
[client] {"a":6,"dup":false,"ev":"game","ms":437514,"predicted":false,"t":-1,"tick":26123,"type":"respawn"}
[client] {"a":4,"dup":false,"ev":"game","ms":437666,"predicted":false,"t":9,"tick":26132,"type":"hit"}
[client] {"a":3,"dup":false,"ev":"game","ms":437736,"predicted":false,"t":9,"tick":26136,"type":"hit"}
[client] {"a":1,"dup":false,"ev":"game","ms":437936,"predicted":false,"t":9,"tick":26148,"type":"hit"}
[client] {"a":9,"dup":false,"ev":"game","ms":438902,"predicted":false,"t":1,"tick":26207,"type":"hit"}
[client] {"a":7,"dup":false,"ev":"game","ms":439721,"predicted":false,"t":-1,"tick":26256,"type":"respawn"}
[client] {"a":1,"dup":false,"ev":"game","ms":439907,"predicted":false,"t":9,"tick":26267,"type":"hit"}
[client] {"counts":{"blocks_on_me":2,"conf_actions":306,"confirmed_hits":1246,"dup_confirmed":0,"hits_on_me":115,"pred_actions":324,"predicted_confirmed":135,"predicted_hits":316,"reconnects":0},"ev":"stats","hp":0.0,"in_bytes":5883883,"late":0,"local_entity":8,"match":{"countdown_until":300,"ctrl":-1,"final":true,"next":"","phase":3,"rot":2825,"scores":[35,15],"sd":false,"state":3,"tick":25975,"zone":"A"},"max_err":2.335,"mean_err":0.022,"ms":439940,"out_bytes":1287442,"pending":8,"pos":[-39.2,-1.6],"reconciles":8725,"server_tick":26273,"snaps":8738,"teleports":9}
[client] {"a":9,"dup":false,"ev":"game","ms":440583,"predicted":false,"t":1,"tick":26308,"type":"hit"}
[client] {"a":1,"dup":false,"ev":"game","ms":441784,"predicted":false,"t":9,"tick":26380,"type":"hit"}
[client] {"a":9,"dup":false,"ev":"game","ms":441784,"predicted":false,"t":-1,"tick":26380,"type":"ko"}
[client] {"a":4,"dup":false,"ev":"game","ms":442287,"predicted":false,"t":5,"tick":26410,"type":"hit"}
[client] {"a":5,"dup":false,"ev":"game","ms":444267,"predicted":false,"t":4,"tick":26529,"type":"hit"}
[client] {"a":3,"dup":false,"ev":"game","ms":444799,"predicted":false,"t":5,"tick":26561,"type":"hit"}
[client] {"counts":{"blocks_on_me":2,"conf_actions":306,"confirmed_hits":1251,"dup_confirmed":0,"hits_on_me":115,"pred_actions":324,"predicted_confirmed":135,"predicted_hits":316,"reconnects":0},"ev":"stats","hp":0.0,"in_bytes":5946679,"late":0,"local_entity":8,"match":{"countdown_until":300,"ctrl":-1,"final":true,"next":"","phase":3,"rot":2525,"scores":[35,15],"sd":false,"state":3,"tick":26275,"zone":"A"},"max_err":2.335,"mean_err":0.0217,"ms":444936,"out_bytes":1302142,"pending":8,"pos":[-39.2,-1.6],"reconciles":8825,"server_tick":26573,"snaps":8838,"teleports":9}
[client] {"a":8,"dup":false,"ev":"game","ms":445938,"predicted":false,"t":-1,"tick":26634,"type":"respawn"}
[client] {"a":5,"dup":false,"ev":"game","ms":446152,"predicted":false,"t":3,"tick":26642,"type":"hit"}
[client] {"a":5,"dup":false,"ev":"game","ms":446469,"predicted":false,"t":3,"tick":26661,"type":"hit"}
[client] {"a":3,"dup":false,"ev":"game","ms":446987,"predicted":false,"t":5,"tick":26692,"type":"hit"}
[client] {"a":1,"dup":false,"ev":"game","ms":447056,"predicted":false,"t":5,"tick":26696,"type":"hit"}
[client] {"a":0,"dup":false,"ev":"game","ms":447291,"predicted":false,"t":-1,"tick":26710,"type":"respawn"}
[client] {"a":6,"dup":false,"ev":"game","ms":447435,"predicted":false,"t":4,"tick":26719,"type":"hit"}
[client] {"a":4,"dup":false,"ev":"game","ms":447435,"predicted":false,"t":-1,"tick":26719,"type":"ko"}
[client] {"a":5,"dup":false,"ev":"game","ms":448918,"predicted":false,"t":3,"tick":26808,"type":"block"}
[client] {"a":6,"dup":false,"ev":"game","ms":449036,"predicted":false,"t":3,"tick":26815,"type":"block"}
[client] {"a":5,"dup":false,"ev":"game","ms":449257,"predicted":false,"t":3,"tick":26828,"type":"block"}
[client] {"a":6,"dup":false,"ev":"game","ms":449540,"predicted":false,"t":3,"tick":26845,"type":"block"}
[client] {"a":2,"dup":false,"ev":"game","ms":449657,"predicted":false,"t":5,"tick":26852,"type":"hit"}
[client] {"counts":{"blocks_on_me":2,"conf_actions":306,"confirmed_hits":1257,"dup_confirmed":0,"hits_on_me":115,"pred_actions":324,"predicted_confirmed":135,"predicted_hits":316,"reconnects":0},"ev":"stats","hp":230.0,"in_bytes":6008080,"late":0,"local_entity":8,"match":{"countdown_until":300,"ctrl":-1,"final":true,"next":"","phase":3,"rot":2225,"scores":[35,15],"sd":false,"state":3,"tick":26575,"zone":"A"},"max_err":2.335,"mean_err":0.0215,"ms":449939,"out_bytes":1316842,"pending":8,"pos":[-2.13,20.61],"reconciles":8924,"server_tick":26873,"snaps":8938,"teleports":10}
[client] {"a":3,"dup":false,"ev":"game","ms":450353,"predicted":false,"t":5,"tick":26894,"type":"hit"}
[client] {"a":7,"dup":false,"ev":"game","ms":450740,"predicted":false,"t":3,"tick":26917,"type":"hit"}
[client] {"a":5,"dup":false,"ev":"game","ms":450754,"predicted":false,"t":3,"tick":26918,"type":"hit"}
[client] {"a":5,"dup":false,"ev":"game","ms":450809,"predicted":false,"t":2,"tick":26921,"type":"hit"}
[client] {"a":6,"dup":false,"ev":"game","ms":450822,"predicted":false,"t":3,"tick":26922,"type":"hit"}
[client] {"a":6,"dup":false,"ev":"game","ms":451140,"predicted":false,"t":3,"tick":26941,"type":"block"}
[client] {"a":5,"dup":false,"ev":"game","ms":451154,"predicted":false,"t":3,"tick":26942,"type":"hit"}
[client] {"a":5,"dup":false,"ev":"game","ms":451492,"predicted":false,"t":3,"tick":26962,"type":"hit"}
[client] {"a":5,"dup":false,"ev":"game","ms":451540,"predicted":false,"t":2,"tick":26965,"type":"hit"}
[client] {"a":7,"dup":false,"ev":"game","ms":451720,"predicted":false,"t":3,"tick":26976,"type":"hit"}
[client] {"a":3,"dup":false,"ev":"game","ms":451720,"predicted":false,"t":-1,"tick":26976,"type":"ko"}
[client] {"a":9,"dup":false,"ev":"game","ms":451789,"predicted":false,"t":-1,"tick":26980,"type":"respawn"}
[client] {"a":1,"dup":false,"ev":"game","ms":452210,"predicted":false,"t":5,"tick":27005,"type":"hit"}
[client] {"a":6,"dup":false,"ev":"game","ms":452424,"predicted":false,"t":2,"tick":27018,"type":"hit"}
[client] {"a":1,"dup":false,"ev":"game","ms":452603,"predicted":false,"t":5,"tick":27029,"type":"hit"}
[client] {"a":6,"dup":false,"ev":"game","ms":452734,"predicted":false,"t":2,"tick":27037,"type":"hit"}
[client] {"a":7,"dup":false,"ev":"game","ms":452886,"predicted":false,"t":2,"tick":27046,"type":"hit"}
[client] {"a":1,"dup":false,"ev":"game","ms":453182,"predicted":false,"t":5,"tick":27064,"type":"hit"}
[client] {"a":2,"dup":false,"ev":"game","ms":453500,"predicted":false,"t":6,"tick":27083,"type":"hit"}
[client] {"a":2,"dup":false,"ev":"game","ms":453500,"predicted":false,"t":7,"tick":27083,"type":"hit"}
[client] {"a":5,"dup":false,"ev":"game","ms":453548,"predicted":false,"t":1,"tick":27086,"type":"hit"}
[client] {"a":5,"dup":false,"ev":"game","ms":454066,"predicted":false,"t":1,"tick":27116,"type":"hit"}
[client] {"a":7,"dup":false,"ev":"game","ms":454631,"predicted":false,"t":1,"tick":27151,"type":"hit"}
[client] {"a":5,"dup":false,"ev":"game","ms":454701,"predicted":false,"t":1,"tick":27155,"type":"hit"}
[client] {"counts":{"blocks_on_me":2,"conf_actions":306,"confirmed_hits":1278,"dup_confirmed":0,"hits_on_me":115,"pred_actions":324,"predicted_confirmed":135,"predicted_hits":316,"reconnects":0},"ev":"stats","hp":230.0,"in_bytes":6073186,"late":0,"local_entity":8,"match":{"countdown_until":300,"ctrl":-1,"final":true,"next":"","phase":3,"rot":1925,"scores":[35,15],"sd":false,"state":3,"tick":26875,"zone":"A"},"max_err":2.335,"mean_err":0.0212,"ms":454934,"out_bytes":1331542,"pending":8,"pos":[-35.4,3.92],"reconciles":9024,"server_tick":27173,"snaps":9038,"teleports":10}
[client] {"a":7,"dup":false,"ev":"game","ms":455432,"predicted":false,"t":1,"tick":27199,"type":"hit"}
[client] {"a":2,"dup":false,"ev":"game","ms":455549,"predicted":false,"t":5,"tick":27206,"type":"hit"}
[client] {"a":2,"dup":false,"ev":"game","ms":456018,"predicted":false,"t":5,"tick":27234,"type":"hit"}
[client] {"a":6,"dup":false,"ev":"game","ms":456301,"predicted":false,"t":1,"tick":27251,"type":"block"}
[client] {"a":2,"dup":false,"ev":"game","ms":456370,"predicted":false,"t":5,"tick":27255,"type":"hit"}
[client] {"a":1,"dup":false,"ev":"game","ms":456549,"predicted":false,"t":6,"tick":27266,"type":"hit"}
[client] {"a":1,"dup":false,"ev":"game","ms":456867,"predicted":false,"t":6,"tick":27285,"type":"hit"}
[client] {"a":7,"dup":false,"ev":"game","ms":456985,"predicted":false,"t":2,"tick":27292,"type":"hit"}
[client] {"a":4,"dup":false,"ev":"game","ms":457433,"predicted":false,"t":-1,"tick":27319,"type":"respawn"}
[client] {"a":2,"dup":false,"ev":"game","ms":457454,"predicted":false,"t":5,"tick":27320,"type":"hit"}
[client] {"a":5,"dup":false,"ev":"game","ms":457454,"predicted":false,"t":-1,"tick":27320,"type":"ko"}
[client] {"a":6,"dup":false,"ev":"game","ms":457522,"predicted":false,"t":1,"tick":27324,"type":"hit"}
[client] {"a":1,"dup":false,"ev":"game","ms":457522,"predicted":false,"t":-1,"tick":27324,"type":"ko"}
[client] {"a":2,"dup":false,"ev":"game","ms":457902,"predicted":false,"t":7,"tick":27347,"type":"hit"}
[client] {"a":8,"dup":true,"ev":"game","ms":458254,"predicted":false,"t":2,"tick":27372,"type":"hit"}
[client] {"a":0,"dup":false,"ev":"game","ms":458538,"predicted":false,"t":7,"tick":27385,"type":"hit"}
[client] {"a":6,"dup":false,"ev":"game","ms":458833,"predicted":false,"t":0,"tick":27403,"type":"hit"}
[client] {"a":2,"dup":false,"ev":"game","ms":458951,"predicted":false,"t":7,"tick":27410,"type":"hit"}
[client] {"a":6,"dup":false,"ev":"game","ms":459406,"predicted":false,"t":2,"tick":27437,"type":"hit"}
[client] {"a":7,"dup":false,"ev":"game","ms":459455,"predicted":false,"t":2,"tick":27440,"type":"hit"}
[client] {"a":0,"dup":false,"ev":"game","ms":459703,"predicted":false,"t":6,"tick":27455,"type":"hit"}
[client] {"counts":{"blocks_on_me":2,"conf_actions":311,"confirmed_hits":1295,"dup_confirmed":0,"hits_on_me":115,"pred_actions":330,"predicted_confirmed":136,"predicted_hits":319,"reconnects":0},"ev":"stats","hp":230.0,"in_bytes":6139901,"late":0,"local_entity":8,"match":{"countdown_until":300,"ctrl":-1,"final":true,"next":"","phase":3,"rot":1625,"scores":[35,15],"sd":false,"state":3,"tick":27175,"zone":"A"},"max_err":2.335,"mean_err":0.0211,"ms":459937,"out_bytes":1346242,"pending":8,"pos":[-41.09,-0.14],"reconciles":9124,"server_tick":27473,"snaps":9138,"teleports":10}
[client] {"a":7,"dup":false,"ev":"game","ms":460220,"predicted":false,"t":2,"tick":27486,"type":"hit"}
[client] {"a":0,"dup":false,"ev":"game","ms":460538,"predicted":false,"t":7,"tick":27505,"type":"hit"}
[client] {"a":0,"dup":false,"ev":"game","ms":460586,"predicted":false,"t":8,"tick":27508,"type":"hit"}
[client] {"a":6,"dup":false,"ev":"game","ms":460641,"predicted":false,"t":2,"tick":27511,"type":"hit"}
[client] {"a":2,"dup":false,"ev":"game","ms":461187,"predicted":false,"t":7,"tick":27544,"type":"hit"}
[client] {"a":2,"dup":false,"ev":"game","ms":461524,"predicted":false,"t":7,"tick":27564,"type":"hit"}
[client] {"a":0,"dup":false,"ev":"game","ms":461656,"predicted":false,"t":8,"tick":27572,"type":"hit"}
[client] {"a":3,"dup":false,"ev":"game","ms":461725,"predicted":false,"t":-1,"tick":27576,"type":"respawn"}
[client] {"a":7,"dup":false,"ev":"game","ms":461870,"predicted":false,"t":2,"tick":27585,"type":"hit"}
[client] {"a":8,"dup":true,"ev":"game","ms":462270,"predicted":false,"t":0,"tick":27614,"type":"hit"}
[client] {"a":2,"dup":false,"ev":"game","ms":462491,"predicted":false,"t":7,"tick":27622,"type":"hit"}
[client] {"a":0,"dup":false,"ev":"game","ms":463567,"predicted":false,"t":8,"tick":27687,"type":"hit"}
[client] {"a":0,"dup":false,"ev":"game","ms":463615,"predicted":false,"t":9,"tick":27690,"type":"hit"}
[client] {"a":6,"dup":false,"ev":"game","ms":463767,"predicted":false,"t":0,"tick":27699,"type":"hit"}
[client] {"a":7,"dup":false,"ev":"game","ms":463851,"predicted":false,"t":0,"tick":27704,"type":"hit"}
[client] {"a":2,"dup":false,"ev":"game","ms":464347,"predicted":false,"t":7,"tick":27734,"type":"hit"}
[client] {"a":2,"dup":false,"ev":"game","ms":464837,"predicted":false,"t":7,"tick":27763,"type":"hit"}
[client] {"a":9,"dup":false,"ev":"game","ms":464837,"predicted":false,"t":2,"tick":27763,"type":"hit"}
[client] {"a":2,"dup":false,"ev":"game","ms":464837,"predicted":false,"t":-1,"tick":27763,"type":"ko"}
[client] {"counts":{"blocks_on_me":2,"conf_actions":318,"confirmed_hits":1312,"dup_confirmed":0,"hits_on_me":118,"pred_actions":336,"predicted_confirmed":137,"predicted_hits":326,"reconnects":0},"ev":"stats","hp":154.0,"in_bytes":6206341,"late":0,"local_entity":8,"match":{"countdown_until":300,"ctrl":-1,"final":true,"next":"","phase":3,"rot":1325,"scores":[35,15],"sd":false,"state":3,"tick":27475,"zone":"A"},"max_err":2.335,"mean_err":0.0213,"ms":464932,"out_bytes":1360942,"pending":8,"pos":[-41.43,-0.76],"reconciles":9224,"server_tick":27773,"snaps":9238,"teleports":10}
[client] {"a":8,"dup":true,"ev":"game","ms":465003,"predicted":false,"t":0,"tick":27777,"type":"hit"}
[client] {"a":8,"dup":true,"ev":"game","ms":465334,"predicted":false,"t":0,"tick":27798,"type":"hit"}
[client] {"a":6,"dup":false,"ev":"game","ms":466182,"predicted":false,"t":0,"tick":27844,"type":"hit"}
[client] {"a":7,"dup":false,"ev":"game","ms":466300,"predicted":false,"t":0,"tick":27851,"type":"hit"}
[client] {"a":0,"dup":false,"ev":"game","ms":466651,"predicted":false,"t":7,"tick":27872,"type":"hit"}
[client] {"a":7,"dup":false,"ev":"game","ms":466651,"predicted":false,"t":-1,"tick":27872,"type":"ko"}
[client] {"a":8,"dup":true,"ev":"game","ms":466686,"predicted":false,"t":0,"tick":27879,"type":"hit"}
[client] {"a":8,"dup":true,"ev":"game","ms":467100,"predicted":false,"t":0,"tick":27904,"type":"hit"}
[client] {"a":5,"dup":false,"ev":"game","ms":467452,"predicted":false,"t":-1,"tick":27920,"type":"respawn"}
[client] {"a":1,"dup":false,"ev":"game","ms":467520,"predicted":false,"t":-1,"tick":27924,"type":"respawn"}
[client] {"a":0,"dup":false,"ev":"game","ms":467534,"predicted":false,"t":8,"tick":27925,"type":"hit"}
[client] {"a":9,"dup":false,"ev":"game","ms":467666,"predicted":false,"t":0,"tick":27933,"type":"hit"}
[client] {"a":0,"dup":false,"ev":"game","ms":467666,"predicted":false,"t":-1,"tick":27933,"type":"ko"}
[client] {"a":9,"dup":false,"ev":"game","ms":467690,"predicted":false,"t":4,"tick":27934,"type":"hit"}
[client] {"a":4,"dup":false,"ev":"game","ms":469585,"predicted":false,"t":9,"tick":28048,"type":"hit"}
[client] {"counts":{"blocks_on_me":2,"conf_actions":324,"confirmed_hits":1323,"dup_confirmed":0,"hits_on_me":119,"pred_actions":342,"predicted_confirmed":141,"predicted_hits":330,"reconnects":0},"ev":"stats","hp":136.0,"in_bytes":6268001,"late":0,"local_entity":8,"match":{"countdown_until":300,"ctrl":-1,"final":true,"next":"","phase":3,"rot":1025,"scores":[35,15],"sd":false,"state":3,"tick":27775,"zone":"A"},"max_err":2.335,"mean_err":0.0213,"ms":469935,"out_bytes":1375642,"pending":8,"pos":[-41.46,-0.22],"reconciles":9323,"server_tick":28073,"snaps":9338,"teleports":10}
[client] {"a":8,"dup":true,"ev":"game","ms":470039,"predicted":false,"t":4,"tick":28080,"type":"hit"}
[client] {"a":8,"dup":true,"ev":"game","ms":470371,"predicted":false,"t":4,"tick":28100,"type":"hit"}
[client] {"a":8,"dup":true,"ev":"game","ms":470702,"predicted":false,"t":4,"tick":28120,"type":"hit"}
[client] {"a":4,"dup":false,"ev":"game","ms":471571,"predicted":false,"t":6,"tick":28167,"type":"hit"}
[client] {"a":8,"dup":true,"ev":"game","ms":472503,"predicted":false,"t":4,"tick":28228,"type":"hit"}
[client] {"a":8,"dup":true,"ev":"game","ms":472841,"predicted":false,"t":4,"tick":28248,"type":"hit"}
[client] {"a":4,"dup":false,"ev":"game","ms":473337,"predicted":false,"t":8,"tick":28273,"type":"hit"}
[client] {"a":3,"dup":false,"ev":"game","ms":473372,"predicted":false,"t":9,"tick":28275,"type":"hit"}
[client] {"a":4,"dup":false,"ev":"game","ms":474020,"predicted":false,"t":6,"tick":28314,"type":"hit"}
[client] {"a":9,"dup":false,"ev":"game","ms":474359,"predicted":false,"t":3,"tick":28334,"type":"hit"}
[client] {"a":6,"dup":false,"ev":"game","ms":474420,"predicted":false,"t":4,"tick":28338,"type":"hit"}
[client] {"a":3,"dup":false,"ev":"game","ms":474821,"predicted":false,"t":9,"tick":28362,"type":"hit"}
[client] {"a":2,"dup":false,"ev":"game","ms":474842,"predicted":false,"t":-1,"tick":28363,"type":"respawn"}
[client] {"counts":{"blocks_on_me":2,"conf_actions":331,"confirmed_hits":1335,"dup_confirmed":0,"hits_on_me":120,"pred_actions":349,"predicted_confirmed":146,"predicted_hits":337,"reconnects":0},"ev":"stats","hp":118.0,"in_bytes":6334746,"late":0,"local_entity":8,"match":{"countdown_until":300,"ctrl":-1,"final":true,"next":"","phase":3,"rot":725,"scores":[35,15],"sd":false,"state":3,"tick":28075,"zone":"A"},"max_err":2.335,"mean_err":0.0215,"ms":474937,"out_bytes":1390342,"pending":8,"pos":[-40.78,-1.52],"reconciles":9423,"server_tick":28373,"snaps":9438,"teleports":10}
[client] {"a":4,"dup":false,"ev":"game","ms":475077,"predicted":false,"t":8,"tick":28377,"type":"hit"}
[client] {"a":6,"dup":false,"ev":"game","ms":475504,"predicted":false,"t":3,"tick":28403,"type":"hit"}
[client] {"a":9,"dup":false,"ev":"game","ms":475643,"predicted":false,"t":3,"tick":28411,"type":"hit"}
[client] {"a":6,"dup":false,"ev":"game","ms":475821,"predicted":false,"t":3,"tick":28422,"type":"hit"}
[client] {"a":4,"dup":false,"ev":"game","ms":475988,"predicted":false,"t":8,"tick":28432,"type":"hit"}
[client] {"a":9,"dup":false,"ev":"game","ms":476077,"predicted":false,"t":3,"tick":28437,"type":"hit"}
[client] {"a":6,"dup":false,"ev":"game","ms":476125,"predicted":false,"t":3,"tick":28440,"type":"hit"}
[client] {"a":4,"dup":false,"ev":"game","ms":476318,"predicted":false,"t":8,"tick":28452,"type":"hit"}
[client] {"a":9,"dup":false,"ev":"game","ms":476380,"predicted":false,"t":3,"tick":28456,"type":"hit"}
[client] {"a":8,"dup":true,"ev":"game","ms":476650,"predicted":false,"t":4,"tick":28476,"type":"hit"}
[client] {"a":7,"dup":false,"ev":"game","ms":476670,"predicted":false,"t":-1,"tick":28472,"type":"respawn"}
[client] {"a":9,"dup":false,"ev":"game","ms":477002,"predicted":false,"t":3,"tick":28492,"type":"hit"}
[client] {"a":8,"dup":true,"ev":"game","ms":477118,"predicted":false,"t":4,"tick":28505,"type":"hit"}
[client] {"a":6,"dup":false,"ev":"game","ms":477319,"predicted":false,"t":3,"tick":28511,"type":"hit"}
[client] {"a":4,"dup":false,"ev":"game","ms":477602,"predicted":false,"t":8,"tick":28529,"type":"hit"}
[client] {"a":6,"dup":false,"ev":"game","ms":477602,"predicted":false,"t":3,"tick":28529,"type":"hit"}
[client] {"a":0,"dup":false,"ev":"game","ms":477670,"predicted":false,"t":-1,"tick":28533,"type":"respawn"}
[client] {"a":9,"dup":false,"ev":"game","ms":477767,"predicted":false,"t":3,"tick":28539,"type":"hit"}
[client] {"a":4,"dup":false,"ev":"game","ms":477967,"predicted":false,"t":8,"tick":28551,"type":"hit"}
[client] {"a":9,"dup":false,"ev":"game","ms":478086,"predicted":false,"t":3,"tick":28558,"type":"hit"}
[client] {"a":6,"dup":false,"ev":"game","ms":478202,"predicted":false,"t":3,"tick":28565,"type":"hit"}
[client] {"a":8,"dup":false,"ev":"game","ms":478236,"predicted":false,"t":-1,"tick":28572,"type":"ko"}
[client] {"a":4,"dup":false,"ev":"game","ms":478319,"predicted":false,"t":8,"tick":28572,"type":"hit"}
[client] {"a":9,"dup":false,"ev":"game","ms":478485,"predicted":false,"t":3,"tick":28582,"type":"hit"}
[client] {"a":1,"dup":false,"ev":"game","ms":478519,"predicted":false,"t":6,"tick":28584,"type":"hit"}
[client] {"a":1,"dup":false,"ev":"game","ms":478851,"predicted":false,"t":6,"tick":28604,"type":"hit"}
[client] {"a":9,"dup":false,"ev":"game","ms":479017,"predicted":false,"t":1,"tick":28614,"type":"hit"}
[client] {"a":3,"dup":false,"ev":"game","ms":479071,"predicted":false,"t":9,"tick":28617,"type":"hit"}
[client] {"a":4,"dup":false,"ev":"game","ms":479285,"predicted":false,"t":5,"tick":28630,"type":"hit"}
[client] {"a":9,"dup":false,"ev":"game","ms":479416,"predicted":false,"t":3,"tick":28638,"type":"block"}
[client] {"a":4,"dup":false,"ev":"game","ms":479638,"predicted":false,"t":5,"tick":28651,"type":"hit"}
[client] {"a":6,"dup":false,"ev":"game","ms":479803,"predicted":false,"t":3,"tick":28661,"type":"block"}
[client] {"a":4,"dup":false,"ev":"game","ms":479871,"predicted":false,"t":5,"tick":28665,"type":"hit"}
[client] {"counts":{"blocks_on_me":2,"conf_actions":337,"confirmed_hits":1363,"dup_confirmed":0,"hits_on_me":126,"pred_actions":355,"predicted_confirmed":148,"predicted_hits":349,"reconnects":0},"ev":"stats","hp":0.0,"in_bytes":6405777,"late":0,"local_entity":8,"match":{"countdown_until":300,"ctrl":-1,"final":true,"next":"","phase":3,"rot":425,"scores":[35,15],"sd":false,"state":3,"tick":28375,"zone":"A"},"max_err":2.335,"mean_err":0.0218,"ms":479933,"out_bytes":1405042,"pending":8,"pos":[-42.88,-0.66],"reconciles":9523,"server_tick":28673,"snaps":9538,"teleports":10}
[client] {"a":9,"dup":false,"ev":"game","ms":480017,"predicted":false,"t":3,"tick":28674,"type":"block"}
[client] {"a":6,"dup":false,"ev":"game","ms":480368,"predicted":false,"t":3,"tick":28695,"type":"block"}
[client] {"a":1,"dup":false,"ev":"game","ms":480451,"predicted":false,"t":5,"tick":28700,"type":"hit"}
[client] {"a":6,"dup":false,"ev":"game","ms":481251,"predicted":false,"t":3,"tick":28748,"type":"hit"}
[client] {"a":3,"dup":false,"ev":"game","ms":481251,"predicted":false,"t":-1,"tick":28748,"type":"ko"}
[client] {"a":5,"dup":false,"ev":"game","ms":481390,"predicted":false,"t":1,"tick":28756,"type":"hit"}
[client] {"a":1,"dup":false,"ev":"game","ms":482535,"predicted":false,"t":9,"tick":28825,"type":"hit"}
[client] {"a":6,"dup":false,"ev":"game","ms":482839,"predicted":false,"t":1,"tick":28843,"type":"hit"}
[client] {"a":4,"dup":false,"ev":"game","ms":483156,"predicted":false,"t":9,"tick":28862,"type":"hit"}
[client] {"a":6,"dup":false,"ev":"game","ms":483274,"predicted":false,"t":1,"tick":28869,"type":"hit"}
[client] {"a":6,"dup":false,"ev":"game","ms":483591,"predicted":false,"t":1,"tick":28888,"type":"hit"}
[client] {"a":4,"dup":false,"ev":"game","ms":483791,"predicted":false,"t":9,"tick":28900,"type":"hit"}
[client] {"a":1,"dup":false,"ev":"game","ms":484653,"predicted":false,"t":9,"tick":28952,"type":"hit"}
[client] {"a":5,"dup":false,"ev":"game","ms":484819,"predicted":false,"t":4,"tick":28962,"type":"hit"}
[client] {"counts":{"blocks_on_me":2,"conf_actions":337,"confirmed_hits":1374,"dup_confirmed":0,"hits_on_me":126,"pred_actions":355,"predicted_confirmed":148,"predicted_hits":349,"reconnects":0},"ev":"stats","hp":0.0,"in_bytes":6473243,"late":0,"local_entity":8,"match":{"countdown_until":300,"ctrl":-1,"final":true,"next":"","phase":3,"rot":125,"scores":[35,15],"sd":false,"state":3,"tick":28675,"zone":"A"},"max_err":2.335,"mean_err":0.0216,"ms":484935,"out_bytes":1419742,"pending":8,"pos":[-42.88,-0.66],"reconciles":9623,"server_tick":28973,"snaps":9638,"teleports":10}
[client] {"a":9,"dup":false,"ev":"game","ms":485171,"predicted":false,"t":1,"tick":28983,"type":"hit"}
[client] {"a":4,"dup":false,"ev":"game","ms":485240,"predicted":false,"t":5,"tick":28987,"type":"hit"}
[client] {"a":1,"dup":false,"ev":"game","ms":485723,"predicted":false,"t":9,"tick":29016,"type":"block"}
[client] {"a":9,"dup":false,"ev":"game","ms":485971,"predicted":false,"t":1,"tick":29031,"type":"hit"}
[client] {"a":4,"dup":false,"ev":"game","ms":486068,"predicted":false,"t":5,"tick":29037,"type":"hit"}
[client] {"a":9,"dup":false,"ev":"game","ms":486282,"predicted":false,"t":1,"tick":29050,"type":"hit"}
[client] {"a":6,"dup":false,"ev":"game","ms":486551,"predicted":false,"t":4,"tick":29065,"type":"hit"}
[client] {"a":1,"dup":false,"ev":"game","ms":486647,"predicted":false,"t":9,"tick":29071,"type":"hit"}
[client] {"a":9,"dup":false,"ev":"game","ms":486648,"predicted":false,"t":-1,"tick":29071,"type":"ko"}
[client] {"a":6,"dup":false,"ev":"game","ms":486868,"predicted":false,"t":4,"tick":29084,"type":"hit"}
[client] {"a":4,"dup":false,"ev":"game","ms":486868,"predicted":false,"t":-1,"tick":29084,"type":"ko"}
[client] {"a":2,"dup":false,"ev":"game","ms":486965,"predicted":false,"t":6,"tick":29090,"type":"hit"}
[client] {"duration_s":480.0,"ev":"results","ms":487157,"reason":"time","score":[35,15],"winner":0}
[client] {"counts":{"blocks_on_me":2,"conf_actions":337,"confirmed_hits":1383,"dup_confirmed":0,"hits_on_me":126,"pred_actions":355,"predicted_confirmed":148,"predicted_hits":349,"reconnects":0},"ev":"stats","hp":0.0,"in_bytes":6506210,"late":0,"local_entity":8,"match":{"countdown_until":300,"ctrl":-1,"final":true,"next":"","phase":3,"rot":2,"scores":[35,15],"sd":false,"state":3,"tick":28798,"zone":"A"},"max_err":2.335,"mean_err":0.0215,"ms":487157,"out_bytes":1426308,"pending":16,"pos":[-42.88,-0.66],"reconciles":9665,"server_tick":29107,"snaps":9679,"teleports":10}
[client] {"a":-1,"dup":false,"ev":"game","ms":487165,"predicted":false,"t":-1,"tick":29099,"type":"match_end"}
ERROR: Attempt to disconnect a nonexistent connection from 'Net:<Node#47596963389>'. Signal: 'tree_exited', callable: ''.
   at: _disconnect (core/object/object.cpp:1644)
