Godot Engine v4.7.2.stable.official.ed1daf0bf - https://godotengine.org

[client] {"detail":"127.0.0.1:24610","ev":"status","ms":0,"status":"connecting"}
[client] {"detail":"","ev":"status","ms":49,"status":"connected"}
[client] {"ev":"welcome","ms":56,"observer":false,"pid":4}
[client] {"ev":"pick","f":"bruno","ms":277}
[client] {"ev":"lock","f":"bruno","ms":1077}
[client] {"ev":"match_setup","fighters":10,"ms":2124,"you":6}
[client] {"counts":{"blocks_on_me":0,"conf_actions":0,"confirmed_hits":0,"dup_confirmed":0,"hits_on_me":0,"pred_actions":0,"predicted_confirmed":0,"predicted_hits":0,"reconnects":0},"ev":"stats","hp":280.0,"in_bytes":95483,"late":0,"local_entity":6,"match":{"countdown_until":300,"ctrl":-1,"final":false,"next":"","phase":2,"rot":3600,"scores":[0,0],"sd":false,"state":1,"tick":0,"zone":""},"max_err":0.968,"mean_err":0.3,"ms":4969,"out_bytes":8399,"pending":6,"pos":[-3.09,46.27],"reconciles":46,"server_tick":171,"snaps":47,"teleports":1}
[client] {"counts":{"blocks_on_me":0,"conf_actions":0,"confirmed_hits":0,"dup_confirmed":0,"hits_on_me":0,"pred_actions":0,"predicted_confirmed":0,"predicted_hits":0,"reconnects":0},"ev":"stats","hp":280.0,"in_bytes":138793,"late":0,"local_entity":6,"match":{"countdown_until":300,"ctrl":-1,"final":false,"next":"","phase":3,"rot":3428,"scores":[0,0],"sd":false,"state":1,"tick":172,"zone":"B"},"max_err":0.968,"mean_err":0.1752,"ms":9971,"out_bytes":23099,"pending":5,"pos":[-2.27,27.67],"reconciles":142,"server_tick":471,"snaps":143,"teleports":1}
[client] {"a":6,"dup":true,"ev":"game","ms":14588,"predicted":false,"t":1,"tick":749,"type":"hit"}
[client] {"counts":{"blocks_on_me":0,"conf_actions":1,"confirmed_hits":1,"dup_confirmed":0,"hits_on_me":0,"pred_actions":1,"predicted_confirmed":1,"predicted_hits":1,"reconnects":0},"ev":"stats","hp":280.0,"in_bytes":202203,"late":0,"local_entity":6,"match":{"countdown_until":300,"ctrl":-1,"final":false,"next":"","phase":3,"rot":3128,"scores":[0,0],"sd":false,"state":3,"tick":472,"zone":"B"},"max_err":0.968,"mean_err":0.1117,"ms":14974,"out_bytes":37799,"pending":5,"pos":[-2.29,-3.22],"reconciles":242,"server_tick":771,"snaps":243,"teleports":1}
[client] {"a":6,"dup":true,"ev":"game","ms":15588,"predicted":false,"t":3,"tick":809,"type":"hit"}
[client] {"a":0,"dup":false,"ev":"game","ms":15809,"predicted":false,"t":8,"tick":817,"type":"hit"}
[client] {"a":2,"dup":false,"ev":"game","ms":16002,"predicted":false,"t":9,"tick":829,"type":"hit"}
[client] {"a":7,"dup":false,"ev":"game","ms":16203,"predicted":false,"t":2,"tick":841,"type":"hit"}
[client] {"a":1,"dup":false,"ev":"game","ms":16272,"predicted":false,"t":6,"tick":845,"type":"hit"}
[client] {"a":9,"dup":false,"ev":"game","ms":16534,"predicted":false,"t":4,"tick":861,"type":"hit"}
[client] {"a":9,"dup":false,"ev":"game","ms":16569,"predicted":false,"t":3,"tick":863,"type":"hit"}
[client] {"a":7,"dup":false,"ev":"game","ms":16582,"predicted":false,"t":2,"tick":864,"type":"hit"}
[client] {"a":0,"dup":false,"ev":"game","ms":16721,"predicted":false,"t":8,"tick":872,"type":"hit"}
[client] {"a":5,"dup":false,"ev":"game","ms":16872,"predicted":false,"t":4,"tick":881,"type":"hit"}
[client] {"a":5,"dup":false,"ev":"game","ms":16934,"predicted":false,"t":3,"tick":884,"type":"hit"}
[client] {"a":1,"dup":false,"ev":"game","ms":17155,"predicted":false,"t":7,"tick":898,"type":"hit"}
[client] {"a":8,"dup":false,"ev":"game","ms":17534,"predicted":false,"t":3,"tick":920,"type":"hit"}
[client] {"a":1,"dup":false,"ev":"game","ms":18052,"predicted":false,"t":6,"tick":952,"type":"hit"}
[client] {"a":2,"dup":false,"ev":"game","ms":18238,"predicted":false,"t":6,"tick":963,"type":"hit"}
[client] {"a":3,"dup":false,"ev":"game","ms":18238,"predicted":false,"t":8,"tick":963,"type":"hit"}
[client] {"a":3,"dup":false,"ev":"game","ms":18583,"predicted":false,"t":8,"tick":984,"type":"hit"}
[client] {"a":1,"dup":false,"ev":"game","ms":18783,"predicted":false,"t":5,"tick":996,"type":"hit"}
[client] {"a":1,"dup":false,"ev":"game","ms":18783,"predicted":false,"t":6,"tick":996,"type":"hit"}
[client] {"a":1,"dup":false,"ev":"game","ms":18817,"predicted":false,"t":9,"tick":998,"type":"hit"}
[client] {"a":3,"dup":false,"ev":"game","ms":18921,"predicted":false,"t":8,"tick":1003,"type":"hit"}
[client] {"a":4,"dup":false,"ev":"game","ms":18984,"predicted":false,"t":5,"tick":1008,"type":"hit"}
[client] {"a":7,"dup":false,"ev":"game","ms":19404,"predicted":false,"t":1,"tick":1033,"type":"hit"}
[client] {"a":4,"dup":false,"ev":"game","ms":19453,"predicted":false,"t":5,"tick":1036,"type":"hit"}
[client] {"a":0,"dup":false,"ev":"game","ms":19487,"predicted":false,"t":5,"tick":1037,"type":"hit"}
[client] {"a":4,"dup":false,"ev":"game","ms":19522,"predicted":false,"t":6,"tick":1039,"type":"hit"}
[client] {"a":2,"dup":false,"ev":"game","ms":19556,"predicted":false,"t":7,"tick":1041,"type":"hit"}
[client] {"a":3,"dup":false,"ev":"game","ms":19584,"predicted":false,"t":8,"tick":1044,"type":"hit"}
[client] {"a":9,"dup":false,"ev":"game","ms":19687,"predicted":false,"t":4,"tick":1049,"type":"hit"}
[client] {"a":0,"dup":false,"ev":"game","ms":19784,"predicted":false,"t":9,"tick":1056,"type":"hit"}
[client] {"a":2,"dup":false,"ev":"game","ms":19784,"predicted":false,"t":7,"tick":1056,"type":"hit"}
[client] {"a":5,"dup":false,"ev":"game","ms":19887,"predicted":false,"t":4,"tick":1061,"type":"hit"}
[client] {"counts":{"blocks_on_me":0,"conf_actions":8,"confirmed_hits":33,"dup_confirmed":0,"hits_on_me":5,"pred_actions":9,"predicted_confirmed":2,"predicted_hits":3,"reconnects":0},"ev":"stats","hp":150.0,"in_bytes":279562,"late":0,"local_entity":6,"match":{"countdown_until":300,"ctrl":-1,"final":false,"next":"","phase":3,"rot":2828,"scores":[0,0],"sd":false,"state":3,"tick":772,"zone":"B"},"max_err":1.272,"mean_err":0.0948,"ms":19969,"out_bytes":52499,"pending":5,"pos":[0.51,-3.91],"reconciles":342,"server_tick":1071,"snaps":343,"teleports":1}
[client] {"a":1,"dup":false,"ev":"game","ms":20005,"predicted":false,"t":6,"tick":1069,"type":"block"}
[client] {"a":5,"dup":false,"ev":"game","ms":20122,"predicted":false,"t":0,"tick":1075,"type":"hit"}
[client] {"a":5,"dup":false,"ev":"game","ms":20122,"predicted":false,"t":4,"tick":1075,"type":"hit"}
[client] {"a":9,"dup":false,"ev":"game","ms":20136,"predicted":false,"t":1,"tick":1076,"type":"hit"}
[client] {"a":5,"dup":false,"ev":"game","ms":20571,"predicted":false,"t":4,"tick":1103,"type":"hit"}
[client] {"a":2,"dup":false,"ev":"game","ms":20653,"predicted":false,"t":7,"tick":1108,"type":"hit"}
[client] {"a":1,"dup":false,"ev":"game","ms":20784,"predicted":false,"t":7,"tick":1116,"type":"hit"}
[client] {"a":5,"dup":false,"ev":"game","ms":20901,"predicted":false,"t":4,"tick":1122,"type":"hit"}
[client] {"a":5,"dup":false,"ev":"game","ms":20957,"predicted":false,"t":0,"tick":1125,"type":"hit"}
[client] {"a":8,"dup":false,"ev":"game","ms":20957,"predicted":false,"t":3,"tick":1125,"type":"hit"}
[client] {"a":5,"dup":false,"ev":"game","ms":21219,"predicted":false,"t":4,"tick":1142,"type":"hit"}
[client] {"a":5,"dup":false,"ev":"game","ms":21253,"predicted":false,"t":0,"tick":1144,"type":"hit"}
[client] {"a":1,"dup":false,"ev":"game","ms":21488,"predicted":false,"t":7,"tick":1157,"type":"hit"}
[client] {"a":2,"dup":false,"ev":"game","ms":21584,"predicted":false,"t":7,"tick":1164,"type":"hit"}
[client] {"a":8,"dup":false,"ev":"game","ms":21688,"predicted":false,"t":0,"tick":1169,"type":"hit"}
[client] {"a":4,"dup":false,"ev":"game","ms":21758,"predicted":false,"t":5,"tick":1174,"type":"hit"}
[client] {"a":9,"dup":false,"ev":"game","ms":22158,"predicted":false,"t":3,"tick":1198,"type":"hit"}
[client] {"a":1,"dup":false,"ev":"game","ms":22240,"predicted":false,"t":7,"tick":1203,"type":"hit"}
[client] {"a":8,"dup":false,"ev":"game","ms":22289,"predicted":false,"t":0,"tick":1205,"type":"hit"}
[client] {"a":5,"dup":false,"ev":"game","ms":22406,"predicted":false,"t":3,"tick":1213,"type":"hit"}
[client] {"a":2,"dup":false,"ev":"game","ms":22440,"predicted":false,"t":5,"tick":1215,"type":"hit"}
[client] {"a":0,"dup":false,"ev":"game","ms":22620,"predicted":false,"t":8,"tick":1226,"type":"hit"}
[client] {"a":9,"dup":false,"ev":"game","ms":22785,"predicted":false,"t":4,"tick":1236,"type":"hit"}
[client] {"a":7,"dup":false,"ev":"game","ms":22958,"predicted":false,"t":1,"tick":1245,"type":"hit"}
[client] {"a":8,"dup":false,"ev":"game","ms":22985,"predicted":false,"t":0,"tick":1248,"type":"hit"}
[client] {"a":3,"dup":false,"ev":"game","ms":23220,"predicted":false,"t":6,"tick":1262,"type":"hit"}
[client] {"a":0,"dup":false,"ev":"game","ms":23359,"predicted":false,"t":8,"tick":1269,"type":"hit"}
[client] {"a":3,"dup":false,"ev":"game","ms":23537,"predicted":false,"t":6,"tick":1280,"type":"hit"}
[client] {"a":1,"dup":false,"ev":"game","ms":23641,"predicted":false,"t":7,"tick":1287,"type":"hit"}
[client] {"a":9,"dup":false,"ev":"game","ms":23656,"predicted":false,"t":2,"tick":1288,"type":"hit"}
[client] {"a":8,"dup":false,"ev":"game","ms":23855,"predicted":false,"t":0,"tick":1300,"type":"hit"}
[client] {"a":5,"dup":false,"ev":"game","ms":23904,"predicted":false,"t":2,"tick":1303,"type":"hit"}
[client] {"a":5,"dup":false,"ev":"game","ms":23904,"predicted":false,"t":4,"tick":1303,"type":"hit"}
[client] {"a":7,"dup":false,"ev":"game","ms":23993,"predicted":false,"t":1,"tick":1308,"type":"hit"}
[client] {"a":9,"dup":false,"ev":"game","ms":24159,"predicted":false,"t":2,"tick":1318,"type":"hit"}
[client] {"a":3,"dup":false,"ev":"game","ms":24172,"predicted":false,"t":6,"tick":1319,"type":"hit"}
[client] {"a":3,"dup":false,"ev":"game","ms":24206,"predicted":false,"t":9,"tick":1321,"type":"hit"}
[client] {"a":0,"dup":false,"ev":"game","ms":24241,"predicted":false,"t":8,"tick":1323,"type":"hit"}
[client] {"a":7,"dup":false,"ev":"game","ms":24304,"predicted":false,"t":1,"tick":1327,"type":"hit"}
[client] {"a":5,"dup":false,"ev":"game","ms":24407,"predicted":false,"t":4,"tick":1333,"type":"hit"}
[client] {"a":2,"dup":false,"ev":"game","ms":24524,"predicted":false,"t":5,"tick":1340,"type":"hit"}
[client] {"a":8,"dup":false,"ev":"game","ms":24642,"predicted":false,"t":0,"tick":1347,"type":"hit"}
[client] {"a":2,"dup":false,"ev":"game","ms":24855,"predicted":false,"t":5,"tick":1360,"type":"hit"}
[client] {"a":2,"dup":false,"ev":"game","ms":24890,"predicted":false,"t":6,"tick":1362,"type":"hit"}
[client] {"a":4,"dup":false,"ev":"game","ms":24890,"predicted":false,"t":5,"tick":1362,"type":"hit"}
[client] {"a":4,"dup":false,"ev":"game","ms":24890,"predicted":false,"t":6,"tick":1362,"type":"hit"}
[client] {"counts":{"blocks_on_me":1,"conf_actions":11,"confirmed_hits":78,"dup_confirmed":0,"hits_on_me":10,"pred_actions":12,"predicted_confirmed":2,"predicted_hits":4,"reconnects":0},"ev":"stats","hp":40.0,"in_bytes":363576,"late":0,"local_entity":6,"match":{"countdown_until":300,"ctrl":-1,"final":false,"next":"","phase":3,"rot":2528,"scores":[0,0],"sd":false,"state":3,"tick":1072,"zone":"B"},"max_err":1.272,"mean_err":0.0832,"ms":24972,"out_bytes":67199,"pending":5,"pos":[2.15,-2.92],"reconciles":442,"server_tick":1372,"snaps":443,"teleports":1}
[client] {"a":7,"dup":false,"ev":"game","ms":24973,"predicted":false,"t":1,"tick":1367,"type":"hit"}
[client] {"a":3,"dup":false,"ev":"game","ms":25221,"predicted":false,"t":5,"tick":1382,"type":"hit"}
[client] {"a":5,"dup":false,"ev":"game","ms":25221,"predicted":false,"t":-1,"tick":1382,"type":"ko"}
[client] {"a":6,"dup":false,"ev":"game","ms":25490,"predicted":false,"t":-1,"tick":1403,"type":"ko"}
[client] {"a":0,"dup":false,"ev":"game","ms":25504,"predicted":false,"t":6,"tick":1399,"type":"hit"}
[client] {"a":4,"dup":false,"ev":"game","ms":25573,"predicted":false,"t":6,"tick":1403,"type":"hit"}
[client] {"a":0,"dup":false,"ev":"game","ms":25821,"predicted":false,"t":9,"tick":1418,"type":"hit"}
[client] {"a":0,"dup":false,"ev":"game","ms":26222,"predicted":false,"t":9,"tick":1442,"type":"hit"}
[client] {"a":4,"dup":false,"ev":"game","ms":26242,"predicted":false,"t":9,"tick":1443,"type":"hit"}
[client] {"a":1,"dup":false,"ev":"game","ms":26338,"predicted":false,"t":8,"tick":1449,"type":"hit"}
[client] {"a":8,"dup":false,"ev":"game","ms":26338,"predicted":false,"t":-1,"tick":1449,"type":"ko"}
[client] {"a":9,"dup":false,"ev":"game","ms":26573,"predicted":false,"t":0,"tick":1463,"type":"hit"}
[client] {"a":9,"dup":false,"ev":"game","ms":26877,"predicted":false,"t":0,"tick":1481,"type":"hit"}
[client] {"a":9,"dup":false,"ev":"game","ms":26905,"predicted":false,"t":4,"tick":1483,"type":"hit"}
[client] {"a":7,"dup":false,"ev":"game","ms":26960,"predicted":false,"t":1,"tick":1486,"type":"hit"}
[client] {"a":0,"dup":false,"ev":"game","ms":27222,"predicted":false,"t":9,"tick":1502,"type":"hit"}
[client] {"a":4,"dup":false,"ev":"game","ms":27457,"predicted":false,"t":9,"tick":1516,"type":"hit"}
[client] {"a":2,"dup":false,"ev":"game","ms":27718,"predicted":false,"t":9,"tick":1532,"type":"hit"}
[client] {"a":7,"dup":false,"ev":"game","ms":28070,"predicted":false,"t":3,"tick":1553,"type":"hit"}
[client] {"a":3,"dup":false,"ev":"game","ms":28554,"predicted":false,"t":7,"tick":1582,"type":"hit"}
[client] {"a":4,"dup":false,"ev":"game","ms":28899,"predicted":false,"t":7,"tick":1603,"type":"hit"}
[client] {"a":7,"dup":false,"ev":"game","ms":28899,"predicted":false,"t":-1,"tick":1603,"type":"ko"}
[client] {"a":0,"dup":false,"ev":"game","ms":29803,"predicted":false,"t":9,"tick":1657,"type":"hit"}
[client] {"a":9,"dup":false,"ev":"game","ms":29803,"predicted":false,"t":-1,"tick":1657,"type":"ko"}
[client] {"counts":{"blocks_on_me":1,"conf_actions":12,"confirmed_hits":97,"dup_confirmed":0,"hits_on_me":12,"pred_actions":13,"predicted_confirmed":2,"predicted_hits":5,"reconnects":0},"ev":"stats","hp":0.0,"in_bytes":434571,"late":0,"local_entity":6,"match":{"countdown_until":300,"ctrl":0,"final":false,"next":"","phase":3,"rot":2228,"scores":[0,0],"sd":false,"state":2,"tick":1372,"zone":"B"},"max_err":1.272,"mean_err":0.0694,"ms":29967,"out_bytes":81899,"pending":5,"pos":[2.04,-3.06],"reconciles":542,"server_tick":1671,"snaps":543,"teleports":1}
[client] {"counts":{"blocks_on_me":1,"conf_actions":12,"confirmed_hits":97,"dup_confirmed":0,"hits_on_me":12,"pred_actions":13,"predicted_confirmed":2,"predicted_hits":5,"reconnects":0},"ev":"stats","hp":0.0,"in_bytes":484369,"late":0,"local_entity":6,"match":{"countdown_until":300,"ctrl":0,"final":false,"next":"","phase":3,"rot":1928,"scores":[5,0],"sd":false,"state":2,"tick":1672,"zone":"B"},"max_err":1.272,"mean_err":0.0586,"ms":34970,"out_bytes":96599,"pending":5,"pos":[2.04,-3.06],"reconciles":642,"server_tick":1971,"snaps":643,"teleports":1}
[client] {"a":5,"dup":false,"ev":"game","ms":35219,"predicted":false,"t":-1,"tick":1982,"type":"respawn"}
[client] {"a":6,"dup":false,"ev":"game","ms":35488,"predicted":false,"t":-1,"tick":2003,"type":"respawn"}
[client] {"a":8,"dup":false,"ev":"game","ms":36337,"predicted":false,"t":-1,"tick":2049,"type":"respawn"}
[client] {"a":7,"dup":false,"ev":"game","ms":38911,"predicted":false,"t":-1,"tick":2203,"type":"respawn"}
[client] {"a":9,"dup":false,"ev":"game","ms":39808,"predicted":false,"t":-1,"tick":2257,"type":"respawn"}
[client] {"counts":{"blocks_on_me":1,"conf_actions":12,"confirmed_hits":97,"dup_confirmed":0,"hits_on_me":12,"pred_actions":13,"predicted_confirmed":2,"predicted_hits":5,"reconnects":0},"ev":"stats","hp":280.0,"in_bytes":536407,"late":0,"local_entity":6,"match":{"countdown_until":300,"ctrl":0,"final":false,"next":"","phase":3,"rot":1628,"scores":[10,0],"sd":false,"state":2,"tick":1972,"zone":"B"},"max_err":1.272,"mean_err":0.0508,"ms":39972,"out_bytes":111299,"pending":5,"pos":[0.17,19.79],"reconciles":741,"server_tick":2271,"snaps":743,"teleports":2}
[client] {"a":1,"dup":false,"ev":"game","ms":43303,"predicted":false,"t":5,"tick":2466,"type":"hit"}
[client] {"a":8,"dup":false,"ev":"game","ms":43365,"predicted":false,"t":3,"tick":2470,"type":"hit"}
[client] {"a":1,"dup":false,"ev":"game","ms":43903,"predicted":false,"t":8,"tick":2502,"type":"hit"}
[client] {"a":8,"dup":false,"ev":"game","ms":44282,"predicted":false,"t":3,"tick":2525,"type":"hit"}
[client] {"a":6,"dup":true,"ev":"game","ms":44303,"predicted":false,"t":3,"tick":2531,"type":"hit"}
[client] {"a":1,"dup":false,"ev":"game","ms":44786,"predicted":false,"t":8,"tick":2556,"type":"hit"}
[client] {"counts":{"blocks_on_me":1,"conf_actions":14,"confirmed_hits":103,"dup_confirmed":0,"hits_on_me":12,"pred_actions":15,"predicted_confirmed":3,"predicted_hits":7,"reconnects":0},"ev":"stats","hp":280.0,"in_bytes":602638,"late":0,"local_entity":6,"match":{"countdown_until":300,"ctrl":-1,"final":false,"next":"","phase":3,"rot":1328,"scores":[11,0],"sd":false,"state":3,"tick":2272,"zone":"B"},"max_err":1.272,"mean_err":0.046,"ms":44964,"out_bytes":125999,"pending":5,"pos":[-2.43,-2.1],"reconciles":841,"server_tick":2571,"snaps":843,"teleports":2}
[client] {"a":6,"dup":true,"ev":"game","ms":45270,"predicted":false,"t":1,"tick":2590,"type":"hit"}
[client] {"a":2,"dup":false,"ev":"game","ms":45331,"predicted":false,"t":5,"tick":2589,"type":"hit"}
[client] {"a":6,"dup":true,"ev":"game","ms":45621,"predicted":false,"t":1,"tick":2610,"type":"hit"}
[client] {"a":2,"dup":false,"ev":"game","ms":45683,"predicted":false,"t":5,"tick":2609,"type":"hit"}
[client] {"a":8,"dup":false,"ev":"game","ms":46000,"predicted":false,"t":1,"tick":2629,"type":"hit"}
[client] {"a":4,"dup":false,"ev":"game","ms":46035,"predicted":false,"t":6,"tick":2630,"type":"hit"}
[client] {"a":5,"dup":false,"ev":"game","ms":46035,"predicted":false,"t":2,"tick":2630,"type":"hit"}
[client] {"a":4,"dup":false,"ev":"game","ms":46331,"predicted":false,"t":6,"tick":2649,"type":"hit"}
[client] {"a":2,"dup":false,"ev":"game","ms":46401,"predicted":false,"t":5,"tick":2653,"type":"hit"}
[client] {"a":2,"dup":false,"ev":"game","ms":46648,"predicted":false,"t":5,"tick":2667,"type":"hit"}
[client] {"a":6,"dup":true,"ev":"game","ms":47987,"predicted":false,"t":4,"tick":2753,"type":"hit"}
[client] {"a":3,"dup":false,"ev":"game","ms":48105,"predicted":false,"t":9,"tick":2754,"type":"hit"}
[client] {"a":0,"dup":false,"ev":"game","ms":48387,"predicted":false,"t":6,"tick":2772,"type":"hit"}
[client] {"a":1,"dup":false,"ev":"game","ms":48519,"predicted":false,"t":7,"tick":2780,"type":"hit"}
[client] {"a":6,"dup":true,"ev":"game","ms":48671,"predicted":false,"t":4,"tick":2794,"type":"hit"}
[client] {"a":7,"dup":false,"ev":"game","ms":48919,"predicted":false,"t":4,"tick":2804,"type":"hit"}
[client] {"a":0,"dup":false,"ev":"game","ms":49050,"predicted":false,"t":6,"tick":2811,"type":"hit"}
[client] {"a":2,"dup":false,"ev":"game","ms":49050,"predicted":false,"t":5,"tick":2811,"type":"hit"}
[client] {"a":0,"dup":false,"ev":"game","ms":49105,"predicted":false,"t":7,"tick":2814,"type":"hit"}
[client] {"a":1,"dup":false,"ev":"game","ms":49154,"predicted":false,"t":7,"tick":2818,"type":"hit"}
[client] {"a":1,"dup":false,"ev":"game","ms":49189,"predicted":false,"t":6,"tick":2820,"type":"hit"}
[client] {"a":8,"dup":false,"ev":"game","ms":49437,"predicted":false,"t":2,"tick":2834,"type":"hit"}
[client] {"a":9,"dup":false,"ev":"game","ms":49508,"predicted":false,"t":4,"tick":2838,"type":"block"}
[client] {"a":6,"dup":true,"ev":"game","ms":49733,"predicted":false,"t":2,"tick":2857,"type":"hit"}
[client] {"a":0,"dup":false,"ev":"game","ms":49837,"predicted":false,"t":7,"tick":2858,"type":"hit"}
[client] {"a":0,"dup":false,"ev":"game","ms":49871,"predicted":false,"t":6,"tick":2860,"type":"hit"}
[client] {"counts":{"blocks_on_me":1,"conf_actions":25,"confirmed_hits":128,"dup_confirmed":0,"hits_on_me":18,"pred_actions":26,"predicted_confirmed":8,"predicted_hits":26,"reconnects":0},"ev":"stats","hp":132.0,"in_bytes":680157,"late":0,"local_entity":6,"match":{"countdown_until":300,"ctrl":-1,"final":false,"next":"","phase":3,"rot":1028,"scores":[11,0],"sd":false,"state":3,"tick":2572,"zone":"B"},"max_err":1.272,"mean_err":0.0469,"ms":49967,"out_bytes":140699,"pending":5,"pos":[-2.19,-4.54],"reconciles":941,"server_tick":2871,"snaps":943,"teleports":2}
[client] {"a":1,"dup":false,"ev":"game","ms":50002,"predicted":false,"t":9,"tick":2869,"type":"hit"}
[client] {"a":7,"dup":false,"ev":"game","ms":50134,"predicted":false,"t":0,"tick":2877,"type":"hit"}
[client] {"a":7,"dup":false,"ev":"game","ms":50154,"predicted":false,"t":4,"tick":2878,"type":"hit"}
[client] {"a":7,"dup":false,"ev":"game","ms":50238,"predicted":false,"t":3,"tick":2882,"type":"hit"}
[client] {"a":2,"dup":false,"ev":"game","ms":50306,"predicted":false,"t":6,"tick":2886,"type":"hit"}
[client] {"a":2,"dup":false,"ev":"game","ms":50306,"predicted":false,"t":7,"tick":2886,"type":"hit"}
[client] {"a":1,"dup":false,"ev":"game","ms":50340,"predicted":false,"t":9,"tick":2889,"type":"hit"}
[client] {"a":5,"dup":false,"ev":"game","ms":50568,"predicted":false,"t":0,"tick":2902,"type":"hit"}
[client] {"a":5,"dup":false,"ev":"game","ms":50568,"predicted":false,"t":4,"tick":2902,"type":"hit"}
[client] {"a":6,"dup":true,"ev":"game","ms":50589,"predicted":false,"t":2,"tick":2909,"type":"hit"}
[client] {"a":8,"dup":false,"ev":"game","ms":50603,"predicted":false,"t":3,"tick":2904,"type":"hit"}
[client] {"a":2,"dup":false,"ev":"game","ms":50637,"predicted":false,"t":7,"tick":2906,"type":"hit"}
[client] {"a":1,"dup":false,"ev":"game","ms":50674,"predicted":false,"t":9,"tick":2908,"type":"hit"}
[client] {"a":3,"dup":false,"ev":"game","ms":50920,"predicted":false,"t":5,"tick":2923,"type":"hit"}
[client] {"a":3,"dup":false,"ev":"game","ms":50920,"predicted":false,"t":9,"tick":2923,"type":"hit"}
[client] {"a":8,"dup":false,"ev":"game","ms":50941,"predicted":false,"t":3,"tick":2924,"type":"hit"}
[client] {"a":7,"dup":false,"ev":"game","ms":51038,"predicted":false,"t":1,"tick":2930,"type":"hit"}
[client] {"a":7,"dup":false,"ev":"game","ms":51038,"predicted":false,"t":4,"tick":2930,"type":"hit"}
[client] {"a":2,"dup":false,"ev":"game","ms":51051,"predicted":false,"t":9,"tick":2931,"type":"hit"}
[client] {"a":0,"dup":false,"ev":"game","ms":51141,"predicted":false,"t":7,"tick":2936,"type":"hit"}
[client] {"a":5,"dup":false,"ev":"game","ms":51307,"predicted":false,"t":2,"tick":2946,"type":"hit"}
[client] {"a":6,"dup":true,"ev":"game","ms":51341,"predicted":false,"t":2,"tick":2953,"type":"hit"}
[client] {"a":1,"dup":false,"ev":"game","ms":51403,"predicted":false,"t":7,"tick":2953,"type":"hit"}
[client] {"a":8,"dup":false,"ev":"game","ms":51603,"predicted":false,"t":2,"tick":2965,"type":"hit"}
[client] {"a":1,"dup":false,"ev":"game","ms":51651,"predicted":false,"t":7,"tick":2967,"type":"hit"}
[client] {"a":5,"dup":false,"ev":"game","ms":51672,"predicted":false,"t":2,"tick":2968,"type":"hit"}
[client] {"a":1,"dup":false,"ev":"game","ms":51686,"predicted":false,"t":6,"tick":2969,"type":"hit"}
[client] {"a":8,"dup":false,"ev":"game","ms":51707,"predicted":false,"t":3,"tick":2970,"type":"hit"}
[client] {"a":2,"dup":false,"ev":"game","ms":52086,"predicted":false,"t":5,"tick":2993,"type":"hit"}
[client] {"a":2,"dup":false,"ev":"game","ms":52086,"predicted":false,"t":9,"tick":2993,"type":"hit"}
[client] {"a":1,"dup":false,"ev":"game","ms":52120,"predicted":false,"t":6,"tick":2995,"type":"hit"}
[client] {"a":1,"dup":false,"ev":"game","ms":52521,"predicted":false,"t":6,"tick":3020,"type":"block"}
[client] {"a":4,"dup":false,"ev":"game","ms":52769,"predicted":false,"t":6,"tick":3034,"type":"block"}
[client] {"a":1,"dup":false,"ev":"game","ms":52852,"predicted":false,"t":6,"tick":3039,"type":"block"}
[client] {"a":3,"dup":false,"ev":"game","ms":52942,"predicted":false,"t":6,"tick":3044,"type":"block"}
[client] {"a":8,"dup":false,"ev":"game","ms":52942,"predicted":false,"t":2,"tick":3044,"type":"hit"}
[client] {"a":3,"dup":false,"ev":"game","ms":53238,"predicted":false,"t":6,"tick":3062,"type":"hit"}
[client] {"a":8,"dup":false,"ev":"game","ms":53342,"predicted":false,"t":4,"tick":3068,"type":"hit"}
[client] {"a":7,"dup":false,"ev":"game","ms":53508,"predicted":false,"t":3,"tick":3078,"type":"hit"}
[client] {"a":3,"dup":false,"ev":"game","ms":53508,"predicted":false,"t":-1,"tick":3078,"type":"ko"}
[client] {"a":6,"dup":true,"ev":"game","ms":53508,"predicted":false,"t":1,"tick":3084,"type":"hit"}
[client] {"a":7,"dup":false,"ev":"game","ms":53556,"predicted":false,"t":0,"tick":3081,"type":"hit"}
[client] {"a":8,"dup":false,"ev":"game","ms":53570,"predicted":false,"t":4,"tick":3082,"type":"hit"}
[client] {"a":8,"dup":false,"ev":"game","ms":53642,"predicted":false,"t":0,"tick":3086,"type":"hit"}
[client] {"a":6,"dup":true,"ev":"game","ms":53839,"predicted":false,"t":1,"tick":3104,"type":"hit"}
[client] {"a":6,"dup":true,"ev":"game","ms":53887,"predicted":false,"t":4,"tick":3107,"type":"hit"}
[client] {"a":4,"dup":false,"ev":"game","ms":53969,"predicted":false,"t":-1,"tick":3107,"type":"ko"}
[client] {"a":8,"dup":false,"ev":"game","ms":54073,"predicted":false,"t":2,"tick":3113,"type":"hit"}
[client] {"a":7,"dup":false,"ev":"game","ms":54156,"predicted":false,"t":1,"tick":3118,"type":"hit"}
[client] {"a":6,"dup":true,"ev":"game","ms":54273,"predicted":false,"t":1,"tick":3130,"type":"hit"}
[client] {"a":1,"dup":false,"ev":"game","ms":54356,"predicted":false,"t":-1,"tick":3130,"type":"ko"}
[client] {"a":8,"dup":false,"ev":"game","ms":54405,"predicted":false,"t":2,"tick":3133,"type":"hit"}
[client] {"a":2,"dup":false,"ev":"game","ms":54405,"predicted":false,"t":-1,"tick":3133,"type":"ko"}
[client] {"a":8,"dup":false,"ev":"game","ms":54909,"predicted":false,"t":0,"tick":3163,"type":"hit"}
[client] {"counts":{"blocks_on_me":5,"conf_actions":34,"confirmed_hits":174,"dup_confirmed":0,"hits_on_me":22,"pred_actions":36,"predicted_confirmed":14,"predicted_hits":42,"reconnects":0},"ev":"stats","hp":58.0,"in_bytes":766521,"late":0,"local_entity":6,"match":{"countdown_until":300,"ctrl":-1,"final":false,"next":"A","phase":3,"rot":728,"scores":[11,0],"sd":false,"state":3,"tick":2872,"zone":"B"},"max_err":1.272,"mean_err":0.0454,"ms":54969,"out_bytes":155399,"pending":5,"pos":[-1.73,-3.61],"reconciles":1041,"server_tick":3171,"snaps":1043,"teleports":2}
[client] {"a":0,"dup":false,"ev":"game","ms":55688,"predicted":false,"t":7,"tick":3210,"type":"hit"}
[client] {"a":7,"dup":false,"ev":"game","ms":55688,"predicted":false,"t":-1,"tick":3210,"type":"ko"}
[client] {"a":0,"dup":false,"ev":"game","ms":55709,"predicted":false,"t":6,"tick":3211,"type":"hit"}
[client] {"a":0,"dup":false,"ev":"game","ms":56688,"predicted":false,"t":8,"tick":3270,"type":"hit"}
[client] {"a":9,"dup":false,"ev":"game","ms":57026,"predicted":false,"t":0,"tick":3290,"type":"hit"}
[client] {"a":9,"dup":false,"ev":"game","ms":57406,"predicted":false,"t":0,"tick":3313,"type":"hit"}
[client] {"a":0,"dup":false,"ev":"game","ms":57406,"predicted":false,"t":-1,"tick":3313,"type":"ko"}
[client] {"counts":{"blocks_on_me":5,"conf_actions":36,"confirmed_hits":179,"dup_confirmed":0,"hits_on_me":23,"pred_actions":38,"predicted_confirmed":14,"predicted_hits":43,"reconnects":0},"ev":"stats","hp":20.0,"in_bytes":819172,"late":0,"local_entity":6,"match":{"countdown_until":300,"ctrl":1,"final":false,"next":"A","phase":3,"rot":428,"scores":[11,2],"sd":false,"state":2,"tick":3172,"zone":"B"},"max_err":1.588,"mean_err":0.0453,"ms":59972,"out_bytes":170099,"pending":5,"pos":[0.6,-2.77],"reconciles":1141,"server_tick":3471,"snaps":1143,"teleports":2}
[client] {"a":3,"dup":false,"ev":"game","ms":63485,"predicted":false,"t":-1,"tick":3678,"type":"respawn"}
[client] {"a":4,"dup":false,"ev":"game","ms":63968,"predicted":false,"t":-1,"tick":3707,"type":"respawn"}
[client] {"a":1,"dup":false,"ev":"game","ms":64354,"predicted":false,"t":-1,"tick":3730,"type":"respawn"}
[client] {"a":2,"dup":false,"ev":"game","ms":64402,"predicted":false,"t":-1,"tick":3733,"type":"respawn"}
[client] {"counts":{"blocks_on_me":5,"conf_actions":36,"confirmed_hits":179,"dup_confirmed":0,"hits_on_me":23,"pred_actions":38,"predicted_confirmed":14,"predicted_hits":43,"reconnects":0},"ev":"stats","hp":57.1999999999998,"in_bytes":868630,"late":0,"local_entity":6,"match":{"countdown_until":300,"ctrl":1,"final":false,"next":"A","phase":3,"rot":128,"scores":[11,7],"sd":false,"state":2,"tick":3472,"zone":"B"},"max_err":1.588,"mean_err":0.0453,"ms":64974,"out_bytes":184799,"pending":8,"pos":[0.57,-2.88],"reconciles":1240,"server_tick":3771,"snaps":1243,"teleports":2}
[client] {"a":7,"dup":false,"ev":"game","ms":65685,"predicted":false,"t":-1,"tick":3810,"type":"respawn"}
[client] {"a":-1,"dup":false,"ev":"game","ms":67190,"predicted":false,"t":-1,"tick":3899,"type":"zone_rotated"}
[client] {"a":0,"dup":false,"ev":"game","ms":67425,"predicted":false,"t":-1,"tick":3913,"type":"respawn"}
[client] {"counts":{"blocks_on_me":5,"conf_actions":36,"confirmed_hits":179,"dup_confirmed":0,"hits_on_me":23,"pred_actions":38,"predicted_confirmed":14,"predicted_hits":43,"reconnects":0},"ev":"stats","hp":147.2,"in_bytes":927391,"late":0,"local_entity":6,"match":{"countdown_until":300,"ctrl":-1,"final":false,"next":"","phase":3,"rot":3428,"scores":[11,9],"sd":false,"state":1,"tick":3772,"zone":"A"},"max_err":1.588,"mean_err":0.0442,"ms":69977,"out_bytes":199499,"pending":5,"pos":[-15.76,-7.72],"reconciles":1341,"server_tick":4071,"snaps":1343,"teleports":2}
[client] {"counts":{"blocks_on_me":5,"conf_actions":36,"confirmed_hits":179,"dup_confirmed":0,"hits_on_me":23,"pred_actions":38,"predicted_confirmed":14,"predicted_hits":43,"reconnects":0},"ev":"stats","hp":237.200000000003,"in_bytes":991214,"late":0,"local_entity":6,"match":{"countdown_until":300,"ctrl":-1,"final":false,"next":"","phase":3,"rot":3128,"scores":[11,10],"sd":false,"state":3,"tick":4072,"zone":"A"},"max_err":1.588,"mean_err":0.0417,"ms":74973,"out_bytes":214199,"pending":8,"pos":[-41.71,-0.49],"reconciles":1440,"server_tick":4371,"snaps":1443,"teleports":2}
[client] {"a":3,"dup":false,"ev":"game","ms":75539,"predicted":false,"t":6,"tick":4400,"type":"hit"}
[client] {"a":9,"dup":false,"ev":"game","ms":75657,"predicted":false,"t":3,"tick":4407,"type":"hit"}
[client] {"a":9,"dup":false,"ev":"game","ms":75691,"predicted":false,"t":4,"tick":4409,"type":"hit"}
[client] {"a":9,"dup":false,"ev":"game","ms":75705,"predicted":false,"t":1,"tick":4410,"type":"hit"}
[client] {"a":3,"dup":false,"ev":"game","ms":75975,"predicted":false,"t":6,"tick":4426,"type":"hit"}
[client] {"a":1,"dup":false,"ev":"game","ms":76119,"predicted":false,"t":9,"tick":4435,"type":"hit"}
[client] {"a":6,"dup":true,"ev":"game","ms":76258,"predicted":false,"t":3,"tick":4448,"type":"hit"}
[client] {"a":1,"dup":false,"ev":"game","ms":76353,"predicted":false,"t":9,"tick":4449,"type":"hit"}
[client] {"a":1,"dup":false,"ev":"game","ms":76374,"predicted":false,"t":6,"tick":4450,"type":"hit"}
[client] {"a":4,"dup":false,"ev":"game","ms":76436,"predicted":false,"t":6,"tick":4454,"type":"hit"}
[client] {"a":4,"dup":false,"ev":"game","ms":76436,"predicted":false,"t":9,"tick":4454,"type":"hit"}
[client] {"a":8,"dup":false,"ev":"game","ms":76436,"predicted":false,"t":3,"tick":4454,"type":"hit"}
[client] {"a":4,"dup":false,"ev":"game","ms":76774,"predicted":false,"t":6,"tick":4474,"type":"hit"}
[client] {"a":9,"dup":false,"ev":"game","ms":76788,"predicted":false,"t":4,"tick":4475,"type":"hit"}
[client] {"a":8,"dup":false,"ev":"game","ms":76857,"predicted":false,"t":4,"tick":4479,"type":"hit"}
[client] {"a":3,"dup":false,"ev":"game","ms":76892,"predicted":false,"t":6,"tick":4481,"type":"hit"}
[client] {"a":1,"dup":false,"ev":"game","ms":77154,"predicted":false,"t":6,"tick":4497,"type":"hit"}
[client] {"a":1,"dup":false,"ev":"game","ms":77236,"predicted":false,"t":8,"tick":4502,"type":"hit"}
[client] {"a":9,"dup":false,"ev":"game","ms":77375,"predicted":false,"t":1,"tick":4510,"type":"hit"}
[client] {"a":3,"dup":false,"ev":"game","ms":77637,"predicted":false,"t":6,"tick":4526,"type":"hit"}
[client] {"a":1,"dup":false,"ev":"game","ms":77740,"predicted":false,"t":9,"tick":4532,"type":"hit"}
[client] {"a":2,"dup":false,"ev":"game","ms":77824,"predicted":false,"t":9,"tick":4537,"type":"hit"}
[client] {"a":7,"dup":false,"ev":"game","ms":77824,"predicted":false,"t":1,"tick":4537,"type":"hit"}
[client] {"a":4,"dup":false,"ev":"game","ms":78024,"predicted":false,"t":7,"tick":4549,"type":"hit"}
[client] {"a":6,"dup":true,"ev":"game","ms":78058,"predicted":false,"t":1,"tick":4557,"type":"hit"}
[client] {"a":6,"dup":true,"ev":"game","ms":78492,"predicted":false,"t":1,"tick":4582,"type":"hit"}
[client] {"a":6,"dup":true,"ev":"game","ms":78541,"predicted":false,"t":3,"tick":4585,"type":"hit"}
[client] {"a":4,"dup":false,"ev":"game","ms":78637,"predicted":false,"t":7,"tick":4586,"type":"hit"}
[client] {"a":2,"dup":false,"ev":"game","ms":78789,"predicted":false,"t":9,"tick":4595,"type":"hit"}
[client] {"a":2,"dup":false,"ev":"game","ms":78893,"predicted":false,"t":7,"tick":4601,"type":"hit"}
[client] {"a":1,"dup":false,"ev":"game","ms":78921,"predicted":false,"t":6,"tick":4603,"type":"block"}
[client] {"a":4,"dup":false,"ev":"game","ms":78976,"predicted":false,"t":7,"tick":4606,"type":"hit"}
[client] {"a":1,"dup":false,"ev":"game","ms":79341,"predicted":false,"t":6,"tick":4628,"type":"block"}
[client] {"a":0,"dup":false,"ev":"game","ms":79459,"predicted":false,"t":6,"tick":4635,"type":"hit"}
[client] {"a":8,"dup":false,"ev":"game","ms":79508,"predicted":false,"t":4,"tick":4638,"type":"hit"}
[client] {"a":9,"dup":false,"ev":"game","ms":79508,"predicted":false,"t":4,"tick":4638,"type":"hit"}
[client] {"a":6,"dup":true,"ev":"game","ms":79742,"predicted":false,"t":1,"tick":4657,"type":"hit"}
[client] {"a":5,"dup":false,"ev":"game","ms":79824,"predicted":false,"t":4,"tick":4657,"type":"hit"}
[client] {"a":3,"dup":false,"ev":"game","ms":79942,"predicted":false,"t":6,"tick":4664,"type":"hit"}
[client] {"counts":{"blocks_on_me":7,"conf_actions":44,"confirmed_hits":216,"dup_confirmed":0,"hits_on_me":33,"pred_actions":49,"predicted_confirmed":19,"predicted_hits":54,"reconnects":0},"ev":"stats","hp":23.6000000000033,"in_bytes":1067773,"late":0,"local_entity":6,"match":{"countdown_until":300,"ctrl":-1,"final":false,"next":"","phase":3,"rot":2828,"scores":[11,10],"sd":false,"state":3,"tick":4372,"zone":"A"},"max_err":1.864,"mean_err":0.0467,"ms":79975,"out_bytes":228899,"pending":8,"pos":[-42.75,-4.32],"reconciles":1526,"server_tick":4671,"snaps":1529,"teleports":2}
[client] {"a":9,"dup":false,"ev":"game","ms":79989,"predicted":false,"t":4,"tick":4667,"type":"hit"}
[client] {"a":2,"dup":false,"ev":"game","ms":80010,"predicted":false,"t":9,"tick":4668,"type":"hit"}
[client] {"a":0,"dup":false,"ev":"game","ms":80059,"predicted":false,"t":6,"tick":4671,"type":"hit"}
[client] {"a":5,"dup":false,"ev":"game","ms":80059,"predicted":false,"t":4,"tick":4671,"type":"hit"}
[client] {"a":6,"dup":false,"ev":"game","ms":80293,"predicted":false,"t":-1,"tick":4691,"type":"ko"}
[client] {"a":0,"dup":false,"ev":"game","ms":80390,"predicted":false,"t":6,"tick":4691,"type":"hit"}
[client] {"a":2,"dup":false,"ev":"game","ms":80390,"predicted":false,"t":5,"tick":4691,"type":"hit"}
[client] {"a":8,"dup":false,"ev":"game","ms":80390,"predicted":false,"t":4,"tick":4691,"type":"hit"}
[client] {"a":9,"dup":false,"ev":"game","ms":80473,"predicted":false,"t":4,"tick":4696,"type":"hit"}
[client] {"a":2,"dup":false,"ev":"game","ms":80590,"predicted":false,"t":9,"tick":4703,"type":"hit"}
[client] {"a":2,"dup":false,"ev":"game","ms":80660,"predicted":false,"t":8,"tick":4707,"type":"hit"}
[client] {"a":5,"dup":false,"ev":"game","ms":80884,"predicted":false,"t":3,"tick":4721,"type":"hit"}
[client] {"a":5,"dup":false,"ev":"game","ms":81215,"predicted":false,"t":1,"tick":4741,"type":"hit"}
[client] {"a":5,"dup":false,"ev":"game","ms":81215,"predicted":false,"t":3,"tick":4741,"type":"hit"}
[client] {"a":5,"dup":false,"ev":"game","ms":81264,"predicted":false,"t":0,"tick":4744,"type":"hit"}
[client] {"a":2,"dup":false,"ev":"game","ms":81429,"predicted":false,"t":5,"tick":4754,"type":"hit"}
[client] {"a":2,"dup":false,"ev":"game","ms":81450,"predicted":false,"t":8,"tick":4755,"type":"hit"}
[client] {"a":7,"dup":false,"ev":"game","ms":81498,"predicted":false,"t":3,"tick":4758,"type":"hit"}
[client] {"a":9,"dup":false,"ev":"game","ms":81567,"predicted":false,"t":2,"tick":4762,"type":"hit"}
[client] {"a":1,"dup":false,"ev":"game","ms":81767,"predicted":false,"t":7,"tick":4774,"type":"hit"}
[client] {"a":2,"dup":false,"ev":"game","ms":81967,"predicted":false,"t":9,"tick":4786,"type":"hit"}
[client] {"a":3,"dup":false,"ev":"game","ms":82147,"predicted":false,"t":7,"tick":4797,"type":"hit"}
[client] {"a":1,"dup":false,"ev":"game","ms":82181,"predicted":false,"t":7,"tick":4799,"type":"hit"}
[client] {"a":5,"dup":false,"ev":"game","ms":82181,"predicted":false,"t":3,"tick":4799,"type":"hit"}
[client] {"a":0,"dup":false,"ev":"game","ms":82381,"predicted":false,"t":8,"tick":4811,"type":"hit"}
[client] {"a":2,"dup":false,"ev":"game","ms":82402,"predicted":false,"t":9,"tick":4812,"type":"hit"}
[client] {"a":3,"dup":false,"ev":"game","ms":82547,"predicted":false,"t":7,"tick":4821,"type":"hit"}
[client] {"a":5,"dup":false,"ev":"game","ms":82547,"predicted":false,"t":3,"tick":4821,"type":"hit"}
[client] {"a":5,"dup":false,"ev":"game","ms":82581,"predicted":false,"t":0,"tick":4823,"type":"hit"}
[client] {"a":2,"dup":false,"ev":"game","ms":82733,"predicted":false,"t":9,"tick":4832,"type":"hit"}
[client] {"a":7,"dup":false,"ev":"game","ms":83030,"predicted":false,"t":3,"tick":4850,"type":"hit"}
[client] {"a":4,"dup":false,"ev":"game","ms":83334,"predicted":false,"t":9,"tick":4868,"type":"hit"}
[client] {"a":3,"dup":false,"ev":"game","ms":83451,"predicted":false,"t":5,"tick":4876,"type":"hit"}
[client] {"a":2,"dup":false,"ev":"game","ms":83568,"predicted":false,"t":9,"tick":4882,"type":"hit"}
[client] {"a":9,"dup":false,"ev":"game","ms":83568,"predicted":false,"t":-1,"tick":4882,"type":"ko"}
[client] {"a":0,"dup":false,"ev":"game","ms":83686,"predicted":false,"t":5,"tick":4890,"type":"hit"}
[client] {"a":7,"dup":false,"ev":"game","ms":84300,"predicted":false,"t":2,"tick":4927,"type":"hit"}
[client] {"a":7,"dup":false,"ev":"game","ms":84300,"predicted":false,"t":4,"tick":4927,"type":"hit"}
[client] {"a":7,"dup":false,"ev":"game","ms":84382,"predicted":false,"t":3,"tick":4931,"type":"hit"}
[client] {"counts":{"blocks_on_me":7,"conf_actions":44,"confirmed_hits":253,"dup_confirmed":0,"hits_on_me":35,"pred_actions":49,"predicted_confirmed":19,"predicted_hits":54,"reconnects":0},"ev":"stats","hp":0.0,"in_bytes":1143323,"late":0,"local_entity":6,"match":{"countdown_until":300,"ctrl":-1,"final":false,"next":"","phase":3,"rot":2528,"scores":[11,10],"sd":false,"state":3,"tick":4672,"zone":"A"},"max_err":1.864,"mean_err":0.0444,"ms":84968,"out_bytes":243599,"pending":8,"pos":[-42.46,-3.55],"reconciles":1623,"server_tick":4971,"snaps":1626,"teleports":2}
[client] {"a":0,"dup":false,"ev":"game","ms":85134,"predicted":false,"t":8,"tick":4976,"type":"hit"}
[client] {"a":1,"dup":false,"ev":"game","ms":85134,"predicted":false,"t":8,"tick":4976,"type":"hit"}
[client] {"a":3,"dup":false,"ev":"game","ms":85134,"predicted":false,"t":5,"tick":4976,"type":"hit"}
[client] {"a":7,"dup":false,"ev":"game","ms":85286,"predicted":false,"t":0,"tick":4986,"type":"hit"}
[client] {"a":4,"dup":false,"ev":"game","ms":85417,"predicted":false,"t":7,"tick":4994,"type":"hit"}
[client] {"a":7,"dup":false,"ev":"game","ms":85417,"predicted":false,"t":-1,"tick":4994,"type":"ko"}
[client] {"a":5,"dup":false,"ev":"game","ms":85804,"predicted":false,"t":3,"tick":5016,"type":"hit"}
[client] {"a":0,"dup":false,"ev":"game","ms":85887,"predicted":false,"t":8,"tick":5022,"type":"hit"}
[client] {"a":5,"dup":false,"ev":"game","ms":86169,"predicted":false,"t":3,"tick":5038,"type":"hit"}
[client] {"a":3,"dup":false,"ev":"game","ms":86618,"predicted":false,"t":8,"tick":5066,"type":"hit"}
[client] {"a":3,"dup":false,"ev":"game","ms":87184,"predicted":false,"t":5,"tick":5099,"type":"hit"}
[client] {"a":8,"dup":false,"ev":"game","ms":88087,"predicted":false,"t":3,"tick":5154,"type":"hit"}
[client] {"a":5,"dup":false,"ev":"game","ms":88172,"predicted":false,"t":4,"tick":5158,"type":"block"}
[client] {"a":4,"dup":false,"ev":"game","ms":88536,"predicted":false,"t":5,"tick":5180,"type":"hit"}
[client] {"a":8,"dup":false,"ev":"game","ms":88784,"predicted":false,"t":3,"tick":5195,"type":"hit"}
[client] {"a":3,"dup":false,"ev":"game","ms":88784,"predicted":false,"t":-1,"tick":5195,"type":"ko"}
[client] {"a":5,"dup":false,"ev":"game","ms":88867,"predicted":false,"t":4,"tick":5201,"type":"hit"}
[client] {"a":4,"dup":false,"ev":"game","ms":89336,"predicted":false,"t":5,"tick":5228,"type":"hit"}
[client] {"a":0,"dup":false,"ev":"game","ms":89405,"predicted":false,"t":5,"tick":5233,"type":"hit"}
[client] {"a":8,"dup":false,"ev":"game","ms":89854,"predicted":false,"t":0,"tick":5260,"type":"hit"}
[client] {"counts":{"blocks_on_me":7,"conf_actions":44,"confirmed_hits":270,"dup_confirmed":0,"hits_on_me":35,"pred_actions":49,"predicted_confirmed":19,"predicted_hits":54,"reconnects":0},"ev":"stats","hp":0.0,"in_bytes":1213831,"late":0,"local_entity":6,"match":{"countdown_until":300,"ctrl":-1,"final":false,"next":"","phase":3,"rot":2228,"scores":[11,10],"sd":false,"state":3,"tick":4972,"zone":"A"},"max_err":1.864,"mean_err":0.0418,"ms":89971,"out_bytes":258299,"pending":8,"pos":[-42.46,-3.55],"reconciles":1723,"server_tick":5271,"snaps":1726,"teleports":2}
[client] {"a":5,"dup":false,"ev":"game","ms":90289,"predicted":false,"t":4,"tick":5286,"type":"hit"}
[client] {"a":4,"dup":false,"ev":"game","ms":90289,"predicted":false,"t":-1,"tick":5286,"type":"ko"}
[client] {"a":6,"dup":false,"ev":"game","ms":90289,"predicted":false,"t":-1,"tick":5291,"type":"respawn"}
[client] {"a":8,"dup":false,"ev":"game","ms":91151,"predicted":false,"t":2,"tick":5337,"type":"hit"}
[client] {"a":1,"dup":false,"ev":"game","ms":91255,"predicted":false,"t":8,"tick":5344,"type":"hit"}
[client] {"a":8,"dup":false,"ev":"game","ms":91255,"predicted":false,"t":-1,"tick":5344,"type":"ko"}
[client] {"a":5,"dup":false,"ev":"game","ms":91669,"predicted":false,"t":1,"tick":5369,"type":"hit"}
[client] {"a":2,"dup":false,"ev":"game","ms":92186,"predicted":false,"t":5,"tick":5399,"type":"hit"}
[client] {"a":5,"dup":false,"ev":"game","ms":92186,"predicted":false,"t":-1,"tick":5399,"type":"ko"}
[client] {"a":9,"dup":false,"ev":"game","ms":93573,"predicted":false,"t":-1,"tick":5482,"type":"respawn"}
[client] {"counts":{"blocks_on_me":7,"conf_actions":44,"confirmed_hits":275,"dup_confirmed":0,"hits_on_me":35,"pred_actions":49,"predicted_confirmed":19,"predicted_hits":54,"reconnects":0},"ev":"stats","hp":280.0,"in_bytes":1269798,"late":0,"local_entity":6,"match":{"countdown_until":300,"ctrl":0,"final":false,"next":"","phase":3,"rot":1928,"scores":[13,10],"sd":false,"state":2,"tick":5272,"zone":"A"},"max_err":1.864,"mean_err":0.0395,"ms":94973,"out_bytes":272999,"pending":5,"pos":[-2.1,20.71],"reconciles":1823,"server_tick":5571,"snaps":1826,"teleports":3}
[client] {"a":7,"dup":false,"ev":"game","ms":95422,"predicted":false,"t":-1,"tick":5594,"type":"respawn"}
[client] {"a":3,"dup":false,"ev":"game","ms":98785,"predicted":false,"t":-1,"tick":5795,"type":"respawn"}
[client] {"counts":{"blocks_on_me":7,"conf_actions":44,"confirmed_hits":275,"dup_confirmed":0,"hits_on_me":35,"pred_actions":49,"predicted_confirmed":19,"predicted_hits":54,"reconnects":0},"ev":"stats","hp":280.0,"in_bytes":1321847,"late":0,"local_entity":6,"match":{"countdown_until":300,"ctrl":0,"final":false,"next":"","phase":3,"rot":1628,"scores":[18,10],"sd":false,"state":2,"tick":5572,"zone":"A"},"max_err":1.864,"mean_err":0.0374,"ms":99971,"out_bytes":287699,"pending":5,"pos":[-31.07,6.46],"reconciles":1923,"server_tick":5871,"snaps":1926,"teleports":3}
[client] {"a":4,"dup":false,"ev":"game","ms":100290,"predicted":false,"t":-1,"tick":5886,"type":"respawn"}
[client] {"a":8,"dup":false,"ev":"game","ms":101256,"predicted":false,"t":-1,"tick":5944,"type":"respawn"}
[client] {"a":6,"dup":true,"ev":"game","ms":102125,"predicted":false,"t":2,"tick":6001,"type":"hit"}
[client] {"a":6,"dup":true,"ev":"game","ms":102139,"predicted":false,"t":0,"tick":6002,"type":"hit"}
[client] {"a":5,"dup":false,"ev":"game","ms":102173,"predicted":false,"t":-1,"tick":5999,"type":"respawn"}
[client] {"a":0,"dup":false,"ev":"game","ms":103178,"predicted":false,"t":6,"tick":6059,"type":"hit"}
[client] {"a":6,"dup":true,"ev":"game","ms":103512,"predicted":false,"t":0,"tick":6084,"type":"hit"}
[client] {"a":1,"dup":false,"ev":"game","ms":104166,"predicted":false,"t":9,"tick":6118,"type":"hit"}
[client] {"counts":{"blocks_on_me":7,"conf_actions":49,"confirmed_hits":280,"dup_confirmed":0,"hits_on_me":36,"pred_actions":54,"predicted_confirmed":22,"predicted_hits":64,"reconnects":0},"ev":"stats","hp":262.0,"in_bytes":1389918,"late":0,"local_entity":6,"match":{"countdown_until":300,"ctrl":-1,"final":false,"next":"","phase":3,"rot":1328,"scores":[19,10],"sd":false,"state":3,"tick":5872,"zone":"A"},"max_err":1.864,"mean_err":0.0362,"ms":104965,"out_bytes":302399,"pending":8,"pos":[-40.57,0.34],"reconciles":2022,"server_tick":6171,"snaps":2026,"teleports":3}
[client] {"a":2,"dup":false,"ev":"game","ms":105035,"predicted":false,"t":6,"tick":6170,"type":"hit"}
[client] {"a":2,"dup":false,"ev":"game","ms":105435,"predicted":false,"t":6,"tick":6194,"type":"hit"}
[client] {"a":0,"dup":false,"ev":"game","ms":105718,"predicted":false,"t":6,"tick":6211,"type":"hit"}
[client] {"a":1,"dup":false,"ev":"game","ms":105918,"predicted":false,"t":6,"tick":6223,"type":"hit"}
[client] {"a":2,"dup":false,"ev":"game","ms":106167,"predicted":false,"t":6,"tick":6238,"type":"hit"}
[client] {"a":7,"dup":false,"ev":"game","ms":106366,"predicted":false,"t":1,"tick":6250,"type":"hit"}
[client] {"a":0,"dup":false,"ev":"game","ms":106919,"predicted":false,"t":6,"tick":6283,"type":"hit"}
[client] {"a":7,"dup":false,"ev":"game","ms":106946,"predicted":false,"t":2,"tick":6285,"type":"hit"}
[client] {"a":9,"dup":false,"ev":"game","ms":108002,"predicted":false,"t":2,"tick":6348,"type":"hit"}
[client] {"a":9,"dup":false,"ev":"game","ms":108299,"predicted":false,"t":2,"tick":6366,"type":"hit"}
[client] {"a":1,"dup":false,"ev":"game","ms":108333,"predicted":false,"t":6,"tick":6368,"type":"block"}
[client] {"a":1,"dup":false,"ev":"game","ms":108637,"predicted":false,"t":6,"tick":6386,"type":"block"}
[client] {"a":2,"dup":false,"ev":"game","ms":108802,"predicted":false,"t":9,"tick":6396,"type":"hit"}
[client] {"a":1,"dup":false,"ev":"game","ms":108947,"predicted":false,"t":6,"tick":6405,"type":"hit"}
[client] {"a":7,"dup":false,"ev":"game","ms":109003,"predicted":false,"t":2,"tick":6408,"type":"hit"}
[client] {"a":6,"dup":true,"ev":"game","ms":109237,"predicted":false,"t":1,"tick":6428,"type":"hit"}
[client] {"a":9,"dup":false,"ev":"game","ms":109520,"predicted":false,"t":2,"tick":6439,"type":"hit"}
[client] {"a":6,"dup":true,"ev":"game","ms":109582,"predicted":false,"t":1,"tick":6448,"type":"hit"}
[client] {"a":6,"dup":true,"ev":"game","ms":109920,"predicted":false,"t":1,"tick":6469,"type":"hit"}
[client] {"counts":{"blocks_on_me":9,"conf_actions":55,"confirmed_hits":297,"dup_confirmed":0,"hits_on_me":43,"pred_actions":62,"predicted_confirmed":25,"predicted_hits":70,"reconnects":0},"ev":"stats","hp":96.0,"in_bytes":1461860,"late":0,"local_entity":6,"match":{"countdown_until":300,"ctrl":-1,"final":false,"next":"","phase":3,"rot":1028,"scores":[19,10],"sd":false,"state":3,"tick":6172,"zone":"A"},"max_err":1.864,"mean_err":0.0376,"ms":109967,"out_bytes":317099,"pending":8,"pos":[-43.64,1.58],"reconciles":2122,"server_tick":6471,"snaps":2126,"teleports":3}
[client] {"a":1,"dup":false,"ev":"game","ms":110500,"predicted":false,"t":6,"tick":6498,"type":"hit"}
[client] {"a":3,"dup":false,"ev":"game","ms":110617,"predicted":false,"t":7,"tick":6505,"type":"hit"}
[client] {"a":2,"dup":false,"ev":"game","ms":110637,"predicted":false,"t":7,"tick":6506,"type":"hit"}
[client] {"a":3,"dup":false,"ev":"game","ms":110665,"predicted":false,"t":9,"tick":6508,"type":"hit"}
[client] {"a":6,"dup":true,"ev":"game","ms":110804,"predicted":false,"t":1,"tick":6522,"type":"hit"}
[client] {"a":7,"dup":false,"ev":"game","ms":110982,"predicted":false,"t":3,"tick":6527,"type":"hit"}
[client] {"a":0,"dup":false,"ev":"game","ms":111156,"predicted":false,"t":6,"tick":6537,"type":"hit"}
[client] {"a":1,"dup":false,"ev":"game","ms":111252,"predicted":false,"t":6,"tick":6543,"type":"hit"}
[client] {"a":3,"dup":false,"ev":"game","ms":111300,"predicted":false,"t":7,"tick":6546,"type":"hit"}
[client] {"a":2,"dup":false,"ev":"game","ms":111438,"predicted":false,"t":7,"tick":6555,"type":"hit"}
[client] {"a":6,"dup":true,"ev":"game","ms":111638,"predicted":false,"t":1,"tick":6571,"type":"hit"}
[client] {"a":0,"dup":false,"ev":"game","ms":111804,"predicted":false,"t":6,"tick":6576,"type":"hit"}
[client] {"a":2,"dup":false,"ev":"game","ms":112121,"predicted":false,"t":8,"tick":6595,"type":"hit"}
[client] {"a":9,"dup":false,"ev":"game","ms":112170,"predicted":false,"t":1,"tick":6598,"type":"hit"}
[client] {"a":1,"dup":false,"ev":"game","ms":112170,"predicted":false,"t":-1,"tick":6598,"type":"ko"}
[client] {"a":4,"dup":false,"ev":"game","ms":112439,"predicted":false,"t":9,"tick":6615,"type":"hit"}
[client] {"a":5,"dup":false,"ev":"game","ms":112839,"predicted":false,"t":3,"tick":6639,"type":"hit"}
[client] {"a":7,"dup":false,"ev":"game","ms":112839,"predicted":false,"t":3,"tick":6639,"type":"hit"}
[client] {"a":6,"dup":false,"ev":"game","ms":112922,"predicted":false,"t":0,"tick":6649,"type":"block"}
[client] {"a":8,"dup":false,"ev":"game","ms":112936,"predicted":false,"t":3,"tick":6644,"type":"hit"}
[client] {"a":3,"dup":false,"ev":"game","ms":113356,"predicted":false,"t":8,"tick":6669,"type":"hit"}
[client] {"a":3,"dup":false,"ev":"game","ms":113356,"predicted":false,"t":5,"tick":6670,"type":"hit"}
[client] {"a":3,"dup":false,"ev":"game","ms":113370,"predicted":false,"t":7,"tick":6671,"type":"hit"}
[client] {"a":9,"dup":false,"ev":"game","ms":113370,"predicted":false,"t":0,"tick":6671,"type":"hit"}
[client] {"a":4,"dup":false,"ev":"game","ms":113653,"predicted":false,"t":9,"tick":6688,"type":"hit"}
[client] {"a":6,"dup":true,"ev":"game","ms":113839,"predicted":false,"t":0,"tick":6703,"type":"hit"}
[client] {"a":3,"dup":false,"ev":"game","ms":114136,"predicted":false,"t":8,"tick":6716,"type":"hit"}
[client] {"a":6,"dup":true,"ev":"game","ms":114157,"predicted":false,"t":0,"tick":6723,"type":"hit"}
[client] {"a":3,"dup":false,"ev":"game","ms":114439,"predicted":false,"t":8,"tick":6735,"type":"hit"}
[client] {"a":6,"dup":false,"ev":"game","ms":114501,"predicted":false,"t":-1,"tick":6744,"type":"ko"}
[client] {"a":0,"dup":false,"ev":"game","ms":114584,"predicted":false,"t":6,"tick":6744,"type":"hit"}
[client] {"a":2,"dup":false,"ev":"game","ms":114619,"predicted":false,"t":7,"tick":6746,"type":"hit"}
[client] {"a":3,"dup":false,"ev":"game","ms":114757,"predicted":false,"t":7,"tick":6754,"type":"hit"}
[client] {"a":3,"dup":false,"ev":"game","ms":114757,"predicted":false,"t":8,"tick":6754,"type":"hit"}
[client] {"a":3,"dup":false,"ev":"game","ms":114770,"predicted":false,"t":5,"tick":6755,"type":"hit"}
[client] {"a":9,"dup":false,"ev":"game","ms":114867,"predicted":false,"t":4,"tick":6761,"type":"hit"}
[client] {"counts":{"blocks_on_me":9,"conf_actions":63,"confirmed_hits":330,"dup_confirmed":0,"hits_on_me":48,"pred_actions":71,"predicted_confirmed":29,"predicted_hits":79,"reconnects":0},"ev":"stats","hp":0.0,"in_bytes":1542852,"late":0,"local_entity":6,"match":{"countdown_until":300,"ctrl":-1,"final":false,"next":"C","phase":3,"rot":728,"scores":[19,10],"sd":false,"state":3,"tick":6472,"zone":"A"},"max_err":1.864,"mean_err":0.0371,"ms":114970,"out_bytes":331799,"pending":5,"pos":[-43.34,1.68],"reconciles":2223,"server_tick":6771,"snaps":2226,"teleports":3}
[client] {"a":9,"dup":false,"ev":"game","ms":115171,"predicted":false,"t":4,"tick":6779,"type":"hit"}
[client] {"a":7,"dup":false,"ev":"game","ms":115254,"predicted":false,"t":2,"tick":6784,"type":"hit"}
[client] {"a":5,"dup":false,"ev":"game","ms":115268,"predicted":false,"t":2,"tick":6785,"type":"hit"}
[client] {"a":7,"dup":false,"ev":"game","ms":115336,"predicted":false,"t":3,"tick":6789,"type":"hit"}
[client] {"a":5,"dup":false,"ev":"game","ms":115585,"predicted":false,"t":2,"tick":6804,"type":"hit"}
[client] {"a":9,"dup":false,"ev":"game","ms":115819,"predicted":false,"t":4,"tick":6818,"type":"block"}
[client] {"a":9,"dup":false,"ev":"game","ms":116123,"predicted":false,"t":4,"tick":6836,"type":"block"}
[client] {"a":5,"dup":false,"ev":"game","ms":116172,"predicted":false,"t":2,"tick":6839,"type":"hit"}
[client] {"a":2,"dup":false,"ev":"game","ms":116586,"predicted":false,"t":5,"tick":6864,"type":"hit"}
[client] {"a":8,"dup":false,"ev":"game","ms":116737,"predicted":false,"t":2,"tick":6873,"type":"hit"}
[client] {"a":2,"dup":false,"ev":"game","ms":116737,"predicted":false,"t":-1,"tick":6873,"type":"ko"}
[client] {"a":9,"dup":false,"ev":"game","ms":117006,"predicted":false,"t":4,"tick":6889,"type":"block"}
[client] {"a":9,"dup":false,"ev":"game","ms":117607,"predicted":false,"t":4,"tick":6925,"type":"block"}
[client] {"a":8,"dup":false,"ev":"game","ms":117703,"predicted":false,"t":3,"tick":6931,"type":"hit"}
[client] {"a":8,"dup":false,"ev":"game","ms":118021,"predicted":false,"t":3,"tick":6950,"type":"hit"}
[client] {"a":8,"dup":false,"ev":"game","ms":118055,"predicted":false,"t":0,"tick":6952,"type":"hit"}
[client] {"a":5,"dup":false,"ev":"game","ms":118124,"predicted":false,"t":3,"tick":6956,"type":"hit"}
[client] {"a":0,"dup":false,"ev":"game","ms":118586,"predicted":false,"t":8,"tick":6984,"type":"hit"}
[client] {"a":4,"dup":false,"ev":"game","ms":118690,"predicted":false,"t":9,"tick":6990,"type":"hit"}
[client] {"a":0,"dup":false,"ev":"game","ms":119007,"predicted":false,"t":7,"tick":7009,"type":"hit"}
[client] {"a":4,"dup":false,"ev":"game","ms":119104,"predicted":false,"t":9,"tick":7015,"type":"hit"}
[client] {"a":5,"dup":false,"ev":"game","ms":119304,"predicted":false,"t":0,"tick":7027,"type":"hit"}
[client] {"a":8,"dup":false,"ev":"game","ms":119387,"predicted":false,"t":0,"tick":7032,"type":"hit"}
[client] {"a":7,"dup":false,"ev":"game","ms":119408,"predicted":false,"t":0,"tick":7033,"type":"hit"}
[client] {"a":3,"dup":false,"ev":"game","ms":119573,"predicted":false,"t":5,"tick":7043,"type":"hit"}
[client] {"a":4,"dup":false,"ev":"game","ms":119573,"predicted":false,"t":9,"tick":7043,"type":"hit"}
[client] {"a":3,"dup":false,"ev":"game","ms":119587,"predicted":false,"t":8,"tick":7044,"type":"hit"}
[client] {"a":0,"dup":false,"ev":"game","ms":119759,"predicted":false,"t":5,"tick":7054,"type":"hit"}
[client] {"counts":{"blocks_on_me":9,"conf_actions":63,"confirmed_hits":353,"dup_confirmed":0,"hits_on_me":48,"pred_actions":71,"predicted_confirmed":29,"predicted_hits":79,"reconnects":0},"ev":"stats","hp":0.0,"in_bytes":1610802,"late":0,"local_entity":6,"match":{"countdown_until":300,"ctrl":-1,"final":false,"next":"C","phase":3,"rot":428,"scores":[19,10],"sd":false,"state":3,"tick":6772,"zone":"A"},"max_err":1.864,"mean_err":0.0355,"ms":119972,"out_bytes":346499,"pending":5,"pos":[-43.34,1.68],"reconciles":2323,"server_tick":7071,"snaps":2326,"teleports":3}
[client] {"a":8,"dup":false,"ev":"game","ms":120104,"predicted":false,"t":3,"tick":7075,"type":"hit"}
[client] {"a":9,"dup":false,"ev":"game","ms":120159,"predicted":false,"t":4,"tick":7078,"type":"hit"}
[client] {"a":7,"dup":false,"ev":"game","ms":120291,"predicted":false,"t":0,"tick":7086,"type":"hit"}
[client] {"a":0,"dup":false,"ev":"game","ms":120291,"predicted":false,"t":-1,"tick":7086,"type":"ko"}
[client] {"a":5,"dup":false,"ev":"game","ms":120422,"predicted":false,"t":3,"tick":7094,"type":"hit"}
[client] {"a":4,"dup":false,"ev":"game","ms":120808,"predicted":false,"t":9,"tick":7117,"type":"hit"}
[client] {"a":5,"dup":false,"ev":"game","ms":121325,"predicted":false,"t":3,"tick":7148,"type":"hit"}
[client] {"a":5,"dup":false,"ev":"game","ms":121560,"predicted":false,"t":3,"tick":7162,"type":"hit"}
[client] {"a":7,"dup":false,"ev":"game","ms":121726,"predicted":false,"t":3,"tick":7172,"type":"hit"}
[client] {"a":3,"dup":false,"ev":"game","ms":121726,"predicted":false,"t":-1,"tick":7172,"type":"ko"}
[client] {"a":4,"dup":false,"ev":"game","ms":122141,"predicted":false,"t":5,"tick":7197,"type":"hit"}
[client] {"a":1,"dup":false,"ev":"game","ms":122161,"predicted":false,"t":-1,"tick":7198,"type":"respawn"}
[client] {"a":4,"dup":false,"ev":"game","ms":122209,"predicted":false,"t":8,"tick":7201,"type":"hit"}
[client] {"a":7,"dup":false,"ev":"game","ms":122692,"predicted":false,"t":4,"tick":7230,"type":"hit"}
[client] {"a":4,"dup":false,"ev":"game","ms":123057,"predicted":false,"t":7,"tick":7252,"type":"hit"}
[client] {"a":4,"dup":false,"ev":"game","ms":123423,"predicted":false,"t":7,"tick":7274,"type":"hit"}
[client] {"a":8,"dup":false,"ev":"game","ms":123492,"predicted":false,"t":4,"tick":7278,"type":"hit"}
[client] {"a":9,"dup":false,"ev":"game","ms":123658,"predicted":false,"t":4,"tick":7288,"type":"hit"}
[client] {"a":8,"dup":false,"ev":"game","ms":124224,"predicted":false,"t":4,"tick":7322,"type":"hit"}
[client] {"a":6,"dup":false,"ev":"game","ms":124507,"predicted":false,"t":-1,"tick":7344,"type":"respawn"}
[client] {"a":4,"dup":false,"ev":"game","ms":124893,"predicted":false,"t":9,"tick":7362,"type":"hit"}
[client] {"a":9,"dup":false,"ev":"game","ms":124893,"predicted":false,"t":-1,"tick":7362,"type":"ko"}
[client] {"counts":{"blocks_on_me":9,"conf_actions":64,"confirmed_hits":370,"dup_confirmed":0,"hits_on_me":48,"pred_actions":72,"predicted_confirmed":29,"predicted_hits":79,"reconnects":0},"ev":"stats","hp":280.0,"in_bytes":1672825,"late":0,"local_entity":6,"match":{"countdown_until":300,"ctrl":-1,"final":false,"next":"C","phase":3,"rot":128,"scores":[19,10],"sd":false,"state":3,"tick":7072,"zone":"A"},"max_err":1.864,"mean_err":0.0341,"ms":124975,"out_bytes":361199,"pending":5,"pos":[5.83,47.75],"reconciles":2422,"server_tick":7371,"snaps":2426,"teleports":4}
[client] {"a":4,"dup":false,"ev":"game","ms":125569,"predicted":false,"t":8,"tick":7403,"type":"hit"}
[client] {"a":4,"dup":false,"ev":"game","ms":126183,"predicted":false,"t":5,"tick":7439,"type":"hit"}
[client] {"a":4,"dup":false,"ev":"game","ms":126521,"predicted":false,"t":5,"tick":7459,"type":"hit"}
[client] {"a":7,"dup":false,"ev":"game","ms":126557,"predicted":false,"t":4,"tick":7461,"type":"hit"}
[client] {"a":2,"dup":false,"ev":"game","ms":126757,"predicted":false,"t":-1,"tick":7473,"type":"respawn"}
[client] {"a":5,"dup":false,"ev":"game","ms":126867,"predicted":false,"t":4,"tick":7480,"type":"hit"}
[client] {"a":8,"dup":false,"ev":"game","ms":126922,"predicted":false,"t":4,"tick":7483,"type":"hit"}
[client] {"a":7,"dup":false,"ev":"game","ms":127106,"predicted":false,"t":4,"tick":7495,"type":"hit"}
[client] {"a":-1,"dup":false,"ev":"game","ms":127175,"predicted":false,"t":-1,"tick":7499,"type":"zone_rotated"}
[client] {"a":5,"dup":false,"ev":"game","ms":127644,"predicted":false,"t":4,"tick":7527,"type":"hit"}
[client] {"counts":{"blocks_on_me":9,"conf_actions":64,"confirmed_hits":378,"dup_confirmed":0,"hits_on_me":48,"pred_actions":72,"predicted_confirmed":29,"predicted_hits":79,"reconnects":0},"ev":"stats","hp":280.0,"in_bytes":1725944,"late":0,"local_entity":6,"match":{"countdown_until":300,"ctrl":-1,"final":false,"next":"","phase":3,"rot":3428,"scores":[19,10],"sd":false,"state":1,"tick":7372,"zone":"C"},"max_err":1.864,"mean_err":0.0327,"ms":129968,"out_bytes":375899,"pending":5,"pos":[5.75,19.1],"reconciles":2522,"server_tick":7671,"snaps":2526,"teleports":4}
[client] {"a":0,"dup":false,"ev":"game","ms":130300,"predicted":false,"t":-1,"tick":7686,"type":"respawn"}
[client] {"a":3,"dup":false,"ev":"game","ms":131731,"predicted":false,"t":-1,"tick":7772,"type":"respawn"}
[client] {"a":9,"dup":false,"ev":"game","ms":134898,"predicted":false,"t":-1,"tick":7962,"type":"respawn"}
[client] {"counts":{"blocks_on_me":9,"conf_actions":64,"confirmed_hits":378,"dup_confirmed":0,"hits_on_me":48,"pred_actions":72,"predicted_confirmed":29,"predicted_hits":79,"reconnects":0},"ev":"stats","hp":280.0,"in_bytes":1782081,"late":0,"local_entity":6,"match":{"countdown_until":300,"ctrl":-1,"final":false,"next":"","phase":3,"rot":3128,"scores":[19,10],"sd":false,"state":3,"tick":7672,"zone":"C"},"max_err":1.864,"mean_err":0.0315,"ms":134966,"out_bytes":390599,"pending":8,"pos":[35.01,4.3],"reconciles":2621,"server_tick":7971,"snaps":2626,"teleports":4}
[client] {"a":6,"dup":true,"ev":"game","ms":136637,"predicted":false,"t":2,"tick":8072,"type":"hit"}
[client] {"a":1,"dup":false,"ev":"game","ms":137016,"predicted":false,"t":6,"tick":8089,"type":"hit"}
[client] {"a":1,"dup":false,"ev":"game","ms":137354,"predicted":false,"t":6,"tick":8109,"type":"hit"}
[client] {"a":6,"dup":true,"ev":"game","ms":137637,"predicted":false,"t":1,"tick":8132,"type":"hit"}
[client] {"a":2,"dup":false,"ev":"game","ms":137900,"predicted":false,"t":6,"tick":8142,"type":"hit"}
[client] {"a":8,"dup":false,"ev":"game","ms":139100,"predicted":false,"t":1,"tick":8215,"type":"hit"}
[client] {"a":8,"dup":false,"ev":"game","ms":139356,"predicted":false,"t":1,"tick":8230,"type":"hit"}
[client] {"a":2,"dup":false,"ev":"game","ms":139638,"predicted":false,"t":8,"tick":8247,"type":"hit"}
[client] {"counts":{"blocks_on_me":9,"conf_actions":71,"confirmed_hits":386,"dup_confirmed":0,"hits_on_me":51,"pred_actions":81,"predicted_confirmed":31,"predicted_hits":85,"reconnects":0},"ev":"stats","hp":214.0,"in_bytes":1849511,"late":0,"local_entity":6,"match":{"countdown_until":300,"ctrl":-1,"final":false,"next":"","phase":3,"rot":2828,"scores":[19,10],"sd":false,"state":3,"tick":7972,"zone":"C"},"max_err":1.864,"mean_err":0.0313,"ms":139969,"out_bytes":405299,"pending":5,"pos":[40.39,0.55],"reconciles":2722,"server_tick":8271,"snaps":2726,"teleports":4}
[client] {"a":2,"dup":false,"ev":"game","ms":140053,"predicted":false,"t":6,"tick":8272,"type":"hit"}
[client] {"a":0,"dup":false,"ev":"game","ms":140073,"predicted":false,"t":8,"tick":8273,"type":"hit"}
[client] {"a":2,"dup":false,"ev":"game","ms":140639,"predicted":false,"t":8,"tick":8307,"type":"hit"}
[client] {"a":6,"dup":true,"ev":"game","ms":141019,"predicted":false,"t":0,"tick":8335,"type":"hit"}
[client] {"a":7,"dup":false,"ev":"game","ms":141191,"predicted":false,"t":0,"tick":8340,"type":"hit"}
[client] {"a":2,"dup":false,"ev":"game","ms":141301,"predicted":false,"t":6,"tick":8347,"type":"hit"}
[client] {"a":8,"dup":false,"ev":"game","ms":141370,"predicted":false,"t":2,"tick":8351,"type":"hit"}
[client] {"a":6,"dup":true,"ev":"game","ms":141791,"predicted":false,"t":0,"tick":8381,"type":"hit"}
[client] {"a":1,"dup":false,"ev":"game","ms":142054,"predicted":false,"t":8,"tick":8392,"type":"hit"}
[client] {"a":6,"dup":true,"ev":"game","ms":142136,"predicted":false,"t":0,"tick":8402,"type":"hit"}
[client] {"a":2,"dup":false,"ev":"game","ms":142357,"predicted":false,"t":6,"tick":8410,"type":"hit"}
[client] {"a":3,"dup":false,"ev":"game","ms":142640,"predicted":false,"t":5,"tick":8427,"type":"hit"}
[client] {"a":1,"dup":false,"ev":"game","ms":142703,"predicted":false,"t":7,"tick":8430,"type":"hit"}
[client] {"a":0,"dup":false,"ev":"game","ms":142805,"predicted":false,"t":6,"tick":8436,"type":"block"}
[client] {"a":8,"dup":false,"ev":"game","ms":142936,"predicted":false,"t":1,"tick":8445,"type":"hit"}
[client] {"a":3,"dup":false,"ev":"game","ms":143006,"predicted":false,"t":5,"tick":8449,"type":"hit"}
[client] {"a":2,"dup":false,"ev":"game","ms":143088,"predicted":false,"t":6,"tick":8453,"type":"hit"}
[client] {"a":0,"dup":false,"ev":"game","ms":143171,"predicted":false,"t":6,"tick":8458,"type":"hit"}
[client] {"a":1,"dup":false,"ev":"game","ms":143303,"predicted":false,"t":6,"tick":8467,"type":"hit"}
[client] {"a":5,"dup":false,"ev":"game","ms":143371,"predicted":false,"t":2,"tick":8471,"type":"hit"}
[client] {"a":0,"dup":false,"ev":"game","ms":143488,"predicted":false,"t":6,"tick":8477,"type":"hit"}
[client] {"a":8,"dup":false,"ev":"game","ms":143502,"predicted":false,"t":1,"tick":8478,"type":"hit"}
[client] {"a":5,"dup":false,"ev":"game","ms":143675,"predicted":false,"t":1,"tick":8489,"type":"hit"}
[client] {"a":5,"dup":false,"ev":"game","ms":143688,"predicted":false,"t":2,"tick":8490,"type":"hit"}
[client] {"a":3,"dup":false,"ev":"game","ms":143703,"predicted":false,"t":5,"tick":8491,"type":"hit"}
[client] {"a":6,"dup":true,"ev":"game","ms":143924,"predicted":false,"t":1,"tick":8508,"type":"hit"}
[client] {"a":6,"dup":true,"ev":"game","ms":143924,"predicted":false,"t":0,"tick":8509,"type":"hit"}
[client] {"a":2,"dup":false,"ev":"game","ms":144158,"predicted":false,"t":6,"tick":8518,"type":"hit"}
[client] {"a":0,"dup":false,"ev":"game","ms":144392,"predicted":false,"t":6,"tick":8532,"type":"hit"}
[client] {"a":5,"dup":false,"ev":"game","ms":144406,"predicted":false,"t":0,"tick":8533,"type":"hit"}
[client] {"a":1,"dup":false,"ev":"game","ms":144510,"predicted":false,"t":6,"tick":8539,"type":"hit"}
[client] {"a":5,"dup":false,"ev":"game","ms":144724,"predicted":false,"t":0,"tick":8552,"type":"hit"}
[client] {"a":6,"dup":true,"ev":"game","ms":144820,"predicted":false,"t":1,"tick":8563,"type":"hit"}
[client] {"a":6,"dup":true,"ev":"game","ms":144876,"predicted":false,"t":0,"tick":8566,"type":"hit"}
[client] {"counts":{"blocks_on_me":10,"conf_actions":80,"confirmed_hits":419,"dup_confirmed":0,"hits_on_me":61,"pred_actions":92,"predicted_confirmed":38,"predicted_hits":94,"reconnects":0},"ev":"stats","hp":36.0,"in_bytes":1931435,"late":0,"local_entity":6,"match":{"countdown_until":300,"ctrl":-1,"final":false,"next":"","phase":3,"rot":2528,"scores":[19,10],"sd":false,"state":3,"tick":8272,"zone":"C"},"max_err":1.864,"mean_err":0.0315,"ms":144971,"out_bytes":419999,"pending":5,"pos":[39.85,0.16],"reconciles":2822,"server_tick":8571,"snaps":2826,"teleports":4}
[client] {"a":5,"dup":false,"ev":"game","ms":145021,"predicted":false,"t":0,"tick":8570,"type":"hit"}
[client] {"a":5,"dup":false,"ev":"game","ms":145055,"predicted":false,"t":1,"tick":8572,"type":"hit"}
[client] {"a":7,"dup":false,"ev":"game","ms":145055,"predicted":false,"t":0,"tick":8572,"type":"hit"}
[client] {"a":0,"dup":false,"ev":"game","ms":145055,"predicted":false,"t":-1,"tick":8572,"type":"ko"}
[client] {"a":5,"dup":false,"ev":"game","ms":145075,"predicted":false,"t":2,"tick":8573,"type":"hit"}
[client] {"a":7,"dup":false,"ev":"game","ms":145075,"predicted":false,"t":1,"tick":8573,"type":"hit"}
[client] {"a":4,"dup":false,"ev":"game","ms":145172,"predicted":false,"t":6,"tick":8579,"type":"hit"}
[client] {"a":6,"dup":false,"ev":"game","ms":145393,"predicted":false,"t":-1,"tick":8597,"type":"ko"}
[client] {"a":3,"dup":false,"ev":"game","ms":145476,"predicted":false,"t":6,"tick":8597,"type":"hit"}
[client] {"a":3,"dup":false,"ev":"game","ms":145524,"predicted":false,"t":7,"tick":8600,"type":"hit"}
[client] {"a":2,"dup":false,"ev":"game","ms":145738,"predicted":false,"t":5,"tick":8613,"type":"hit"}
[client] {"a":2,"dup":false,"ev":"game","ms":146076,"predicted":false,"t":5,"tick":8633,"type":"hit"}
[client] {"a":9,"dup":false,"ev":"game","ms":146139,"predicted":false,"t":4,"tick":8637,"type":"hit"}
[client] {"a":3,"dup":false,"ev":"game","ms":146194,"predicted":false,"t":5,"tick":8640,"type":"hit"}
[client] {"a":2,"dup":false,"ev":"game","ms":146442,"predicted":false,"t":5,"tick":8655,"type":"hit"}
[client] {"a":3,"dup":false,"ev":"game","ms":146560,"predicted":false,"t":9,"tick":8662,"type":"hit"}
[client] {"a":7,"dup":false,"ev":"game","ms":146573,"predicted":false,"t":2,"tick":8663,"type":"hit"}
[client] {"a":4,"dup":false,"ev":"game","ms":146807,"predicted":false,"t":9,"tick":8677,"type":"hit"}
[client] {"a":5,"dup":false,"ev":"game","ms":146842,"predicted":false,"t":3,"tick":8679,"type":"hit"}
[client] {"a":7,"dup":false,"ev":"game","ms":146876,"predicted":false,"t":2,"tick":8681,"type":"hit"}
[client] {"a":5,"dup":false,"ev":"game","ms":147042,"predicted":false,"t":4,"tick":8691,"type":"hit"}
[client] {"a":5,"dup":false,"ev":"game","ms":147056,"predicted":false,"t":3,"tick":8692,"type":"hit"}
[client] {"a":7,"dup":false,"ev":"game","ms":147208,"predicted":false,"t":2,"tick":8701,"type":"hit"}
[client] {"a":1,"dup":false,"ev":"game","ms":147338,"predicted":false,"t":7,"tick":8709,"type":"hit"}
[client] {"a":5,"dup":false,"ev":"game","ms":147525,"predicted":false,"t":4,"tick":8720,"type":"hit"}
[client] {"a":1,"dup":false,"ev":"game","ms":147656,"predicted":false,"t":7,"tick":8728,"type":"hit"}
[client] {"a":7,"dup":false,"ev":"game","ms":147656,"predicted":false,"t":-1,"tick":8728,"type":"ko"}
[client] {"a":5,"dup":false,"ev":"game","ms":147821,"predicted":false,"t":4,"tick":8738,"type":"hit"}
[client] {"a":9,"dup":false,"ev":"game","ms":147911,"predicted":false,"t":1,"tick":8743,"type":"hit"}
[client] {"a":5,"dup":false,"ev":"game","ms":148160,"predicted":false,"t":4,"tick":8758,"type":"hit"}
[client] {"a":3,"dup":false,"ev":"game","ms":148194,"predicted":false,"t":5,"tick":8760,"type":"hit"}
[client] {"a":5,"dup":false,"ev":"game","ms":148194,"predicted":false,"t":-1,"tick":8760,"type":"ko"}
[client] {"a":9,"dup":false,"ev":"game","ms":148243,"predicted":false,"t":1,"tick":8763,"type":"hit"}
[client] {"a":1,"dup":false,"ev":"game","ms":148243,"predicted":false,"t":-1,"tick":8763,"type":"ko"}
[client] {"a":2,"dup":false,"ev":"game","ms":148311,"predicted":false,"t":9,"tick":8767,"type":"hit"}
[client] {"a":2,"dup":false,"ev":"game","ms":148960,"predicted":false,"t":9,"tick":8806,"type":"hit"}
[client] {"a":4,"dup":false,"ev":"game","ms":149112,"predicted":false,"t":8,"tick":8815,"type":"hit"}
[client] {"a":9,"dup":false,"ev":"game","ms":149788,"predicted":false,"t":2,"tick":8856,"type":"hit"}
[client] {"a":8,"dup":false,"ev":"game","ms":149802,"predicted":false,"t":4,"tick":8857,"type":"hit"}
[client] {"counts":{"blocks_on_me":10,"conf_actions":81,"confirmed_hits":453,"dup_confirmed":0,"hits_on_me":63,"pred_actions":94,"predicted_confirmed":38,"predicted_hits":94,"reconnects":0},"ev":"stats","hp":0.0,"in_bytes":2003331,"late":0,"local_entity":6,"match":{"countdown_until":300,"ctrl":-1,"final":false,"next":"","phase":3,"rot":2228,"scores":[19,10],"sd":false,"state":3,"tick":8572,"zone":"C"},"max_err":1.864,"mean_err":0.0305,"ms":149967,"out_bytes":434699,"pending":5,"pos":[39.82,0.24],"reconciles":2922,"server_tick":8871,"snaps":2926,"teleports":4}
[client] {"a":9,"dup":false,"ev":"game","ms":150154,"predicted":false,"t":2,"tick":8878,"type":"hit"}
[client] {"a":3,"dup":false,"ev":"game","ms":150416,"predicted":false,"t":9,"tick":8894,"type":"hit"}
[client] {"a":8,"dup":false,"ev":"game","ms":150588,"predicted":false,"t":2,"tick":8904,"type":"hit"}
[client] {"a":2,"dup":false,"ev":"game","ms":150989,"predicted":false,"t":9,"tick":8928,"type":"hit"}
[client] {"a":8,"dup":false,"ev":"game","ms":151202,"predicted":false,"t":4,"tick":8941,"type":"hit"}
[client] {"a":2,"dup":false,"ev":"game","ms":151472,"predicted":false,"t":9,"tick":8956,"type":"hit"}
[client] {"a":8,"dup":false,"ev":"game","ms":152452,"predicted":false,"t":4,"tick":9016,"type":"hit"}
[client] {"a":8,"dup":false,"ev":"game","ms":152769,"predicted":false,"t":4,"tick":9035,"type":"hit"}
[client] {"a":9,"dup":false,"ev":"game","ms":152838,"predicted":false,"t":2,"tick":9039,"type":"hit"}
[client] {"a":2,"dup":false,"ev":"game","ms":152838,"predicted":false,"t":-1,"tick":9039,"type":"ko"}
[client] {"a":3,"dup":false,"ev":"game","ms":153038,"predicted":false,"t":8,"tick":9050,"type":"hit"}
[client] {"a":4,"dup":false,"ev":"game","ms":153321,"predicted":false,"t":8,"tick":9067,"type":"hit"}
[client] {"a":8,"dup":false,"ev":"game","ms":153321,"predicted":false,"t":-1,"tick":9067,"type":"ko"}
[client] {"a":3,"dup":false,"ev":"game","ms":153873,"predicted":false,"t":9,"tick":9101,"type":"hit"}
[client] {"a":3,"dup":false,"ev":"game","ms":154225,"predicted":false,"t":9,"tick":9122,"type":"hit"}
[client] {"a":3,"dup":false,"ev":"game","ms":154570,"predicted":false,"t":9,"tick":9142,"type":"hit"}
[client] {"counts":{"blocks_on_me":10,"conf_actions":81,"confirmed_hits":467,"dup_confirmed":0,"hits_on_me":63,"pred_actions":94,"predicted_confirmed":38,"predicted_hits":94,"reconnects":0},"ev":"stats","hp":0.0,"in_bytes":2061441,"late":0,"local_entity":6,"match":{"countdown_until":300,"ctrl":-1,"final":false,"next":"","phase":3,"rot":1928,"scores":[19,10],"sd":false,"state":3,"tick":8872,"zone":"C"},"max_err":1.864,"mean_err":0.0296,"ms":154969,"out_bytes":449399,"pending":5,"pos":[39.82,0.24],"reconciles":3012,"server_tick":9171,"snaps":3016,"teleports":4}
[client] {"a":0,"dup":false,"ev":"game","ms":155074,"predicted":false,"t":-1,"tick":9172,"type":"respawn"}
[client] {"a":3,"dup":false,"ev":"game","ms":155253,"predicted":false,"t":9,"tick":9184,"type":"hit"}
[client] {"a":9,"dup":false,"ev":"game","ms":155253,"predicted":false,"t":-1,"tick":9184,"type":"ko"}
[client] {"a":6,"dup":false,"ev":"game","ms":155391,"predicted":false,"t":-1,"tick":9197,"type":"respawn"}
[client] {"a":7,"dup":false,"ev":"game","ms":157668,"predicted":false,"t":-1,"tick":9328,"type":"respawn"}
[client] {"a":5,"dup":false,"ev":"game","ms":158207,"predicted":false,"t":-1,"tick":9360,"type":"respawn"}
[client] {"a":1,"dup":false,"ev":"game","ms":158255,"predicted":false,"t":-1,"tick":9363,"type":"respawn"}
[client] {"counts":{"blocks_on_me":10,"conf_actions":81,"confirmed_hits":468,"dup_confirmed":0,"hits_on_me":63,"pred_actions":94,"predicted_confirmed":38,"predicted_hits":94,"reconnects":0},"ev":"stats","hp":280.0,"in_bytes":2105751,"late":0,"local_entity":6,"match":{"countdown_until":300,"ctrl":0,"final":false,"next":"","phase":3,"rot":1628,"scores":[23,10],"sd":false,"state":2,"tick":9172,"zone":"C"},"max_err":1.864,"mean_err":0.0288,"ms":159972,"out_bytes":464099,"pending":5,"pos":[2.62,19.93],"reconciles":3099,"server_tick":9471,"snaps":3104,"teleports":5}
[client] {"a":2,"dup":false,"ev":"game","ms":162848,"predicted":false,"t":-1,"tick":9639,"type":"respawn"}
[client] {"a":8,"dup":false,"ev":"game","ms":163316,"predicted":false,"t":-1,"tick":9667,"type":"respawn"}
[client] {"counts":{"blocks_on_me":10,"conf_actions":81,"confirmed_hits":468,"dup_confirmed":0,"hits_on_me":63,"pred_actions":94,"predicted_confirmed":38,"predicted_hits":94,"reconnects":0},"ev":"stats","hp":280.0,"in_bytes":2162558,"late":0,"local_entity":6,"match":{"countdown_until":300,"ctrl":0,"final":false,"next":"","phase":3,"rot":1328,"scores":[28,10],"sd":false,"state":2,"tick":9472,"zone":"C"},"max_err":1.864,"mean_err":0.0279,"ms":164965,"out_bytes":478799,"pending":8,"pos":[32.04,6.12],"reconciles":3198,"server_tick":9771,"snaps":3204,"teleports":5}
[client] {"a":9,"dup":false,"ev":"game","ms":165269,"predicted":false,"t":-1,"tick":9784,"type":"respawn"}
[client] {"a":0,"dup":false,"ev":"game","ms":166939,"predicted":false,"t":6,"tick":9884,"type":"hit"}
[client] {"a":6,"dup":true,"ev":"game","ms":167422,"predicted":false,"t":0,"tick":9918,"type":"hit"}
[client] {"a":1,"dup":false,"ev":"game","ms":167788,"predicted":false,"t":6,"tick":9935,"type":"hit"}
[client] {"a":3,"dup":false,"ev":"game","ms":168036,"predicted":false,"t":6,"tick":9950,"type":"hit"}
[client] {"a":1,"dup":false,"ev":"game","ms":168084,"predicted":false,"t":6,"tick":9953,"type":"hit"}
[client] {"a":0,"dup":false,"ev":"game","ms":168139,"predicted":false,"t":6,"tick":9957,"type":"hit"}
[client] {"a":0,"dup":false,"ev":"game","ms":168153,"predicted":false,"t":5,"tick":9958,"type":"hit"}
[client] {"a":7,"dup":false,"ev":"game","ms":168837,"predicted":false,"t":0,"tick":9998,"type":"hit"}
[client] {"a":6,"dup":true,"ev":"game","ms":169168,"predicted":false,"t":1,"tick":10023,"type":"hit"}
[client] {"a":1,"dup":false,"ev":"game","ms":169258,"predicted":false,"t":7,"tick":10023,"type":"hit"}
[client] {"counts":{"blocks_on_me":10,"conf_actions":88,"confirmed_hits":478,"dup_confirmed":0,"hits_on_me":68,"pred_actions":101,"predicted_confirmed":40,"predicted_hits":100,"reconnects":0},"ev":"stats","hp":160.0,"in_bytes":2229930,"late":0,"local_entity":6,"match":{"countdown_until":300,"ctrl":-1,"final":false,"next":"","phase":3,"rot":1028,"scores":[29,10],"sd":false,"state":3,"tick":9772,"zone":"C"},"max_err":1.864,"mean_err":0.028,"ms":169967,"out_bytes":493499,"pending":8,"pos":[40.35,1.57],"reconciles":3298,"server_tick":10071,"snaps":3304,"teleports":5}
[client] {"a":6,"dup":true,"ev":"game","ms":170340,"predicted":false,"t":0,"tick":10093,"type":"hit"}
[client] {"a":6,"dup":true,"ev":"game","ms":170368,"predicted":false,"t":3,"tick":10096,"type":"hit"}
[client] {"a":1,"dup":false,"ev":"game","ms":170485,"predicted":false,"t":7,"tick":10098,"type":"hit"}
[client] {"a":4,"dup":false,"ev":"game","ms":170789,"predicted":false,"t":5,"tick":10115,"type":"hit"}
[client] {"a":6,"dup":true,"ev":"game","ms":170989,"predicted":false,"t":4,"tick":10133,"type":"hit"}
[client] {"a":0,"dup":false,"ev":"game","ms":171403,"predicted":false,"t":6,"tick":10152,"type":"hit"}
[client] {"a":7,"dup":false,"ev":"game","ms":171589,"predicted":false,"t":4,"tick":10163,"type":"hit"}
[client] {"a":3,"dup":false,"ev":"game","ms":171838,"predicted":false,"t":6,"tick":10178,"type":"hit"}
[client] {"a":1,"dup":false,"ev":"game","ms":171859,"predicted":false,"t":7,"tick":10179,"type":"hit"}
[client] {"a":4,"dup":false,"ev":"game","ms":171942,"predicted":false,"t":6,"tick":10185,"type":"hit"}
[client] {"a":0,"dup":false,"ev":"game","ms":171956,"predicted":false,"t":5,"tick":10186,"type":"hit"}
[client] {"a":0,"dup":false,"ev":"game","ms":171990,"predicted":false,"t":6,"tick":10187,"type":"hit"}
[client] {"a":0,"dup":false,"ev":"game","ms":171990,"predicted":false,"t":7,"tick":10187,"type":"hit"}
[client] {"a":4,"dup":false,"ev":"game","ms":172555,"predicted":false,"t":5,"tick":10222,"type":"hit"}
[client] {"a":1,"dup":false,"ev":"game","ms":172721,"predicted":false,"t":6,"tick":10232,"type":"hit"}
[client] {"a":7,"dup":false,"ev":"game","ms":172755,"predicted":false,"t":4,"tick":10234,"type":"hit"}
[client] {"a":7,"dup":false,"ev":"game","ms":173073,"predicted":false,"t":4,"tick":10253,"type":"hit"}
[client] {"a":8,"dup":false,"ev":"game","ms":173342,"predicted":false,"t":1,"tick":10269,"type":"hit"}
[client] {"a":7,"dup":false,"ev":"game","ms":173460,"predicted":false,"t":4,"tick":10275,"type":"hit"}
[client] {"a":6,"dup":false,"ev":"game","ms":173825,"predicted":false,"t":4,"tick":10302,"type":"block"}
[client] {"a":3,"dup":false,"ev":"game","ms":173957,"predicted":false,"t":7,"tick":10306,"type":"hit"}
[client] {"a":5,"dup":false,"ev":"game","ms":174260,"predicted":false,"t":3,"tick":10324,"type":"hit"}
[client] {"a":1,"dup":false,"ev":"game","ms":174461,"predicted":false,"t":7,"tick":10335,"type":"hit"}
[client] {"a":6,"dup":true,"ev":"game","ms":174577,"predicted":false,"t":4,"tick":10348,"type":"hit"}
[client] {"a":5,"dup":false,"ev":"game","ms":174922,"predicted":false,"t":4,"tick":10364,"type":"hit"}
[client] {"a":4,"dup":false,"ev":"game","ms":174922,"predicted":false,"t":-1,"tick":10364,"type":"ko"}
[client] {"counts":{"blocks_on_me":10,"conf_actions":95,"confirmed_hits":502,"dup_confirmed":0,"hits_on_me":73,"pred_actions":109,"predicted_confirmed":44,"predicted_hits":111,"reconnects":0},"ev":"stats","hp":48.0,"in_bytes":2307233,"late":0,"local_entity":6,"match":{"countdown_until":300,"ctrl":-1,"final":false,"next":"B","phase":3,"rot":728,"scores":[29,10],"sd":false,"state":3,"tick":10072,"zone":"C"},"max_err":1.864,"mean_err":0.0284,"ms":174976,"out_bytes":508199,"pending":8,"pos":[40.94,2.56],"reconciles":3398,"server_tick":10371,"snaps":3404,"teleports":5}
[client] {"a":5,"dup":false,"ev":"game","ms":175288,"predicted":false,"t":0,"tick":10386,"type":"hit"}
[client] {"a":8,"dup":false,"ev":"game","ms":175392,"predicted":false,"t":1,"tick":10391,"type":"hit"}
[client] {"a":7,"dup":false,"ev":"game","ms":175557,"predicted":false,"t":3,"tick":10402,"type":"hit"}
[client] {"a":8,"dup":false,"ev":"game","ms":175661,"predicted":false,"t":1,"tick":10407,"type":"hit"}
[client] {"a":7,"dup":false,"ev":"game","ms":175888,"predicted":false,"t":3,"tick":10422,"type":"hit"}
[client] {"a":0,"dup":false,"ev":"game","ms":175943,"predicted":false,"t":5,"tick":10425,"type":"hit"}
[client] {"a":2,"dup":false,"ev":"game","ms":176178,"predicted":false,"t":7,"tick":10439,"type":"hit"}
[client] {"a":8,"dup":false,"ev":"game","ms":176357,"predicted":false,"t":0,"tick":10450,"type":"hit"}
[client] {"a":2,"dup":false,"ev":"game","ms":176440,"predicted":false,"t":7,"tick":10454,"type":"hit"}
[client] {"a":5,"dup":false,"ev":"game","ms":176958,"predicted":false,"t":3,"tick":10486,"type":"hit"}
[client] {"a":8,"dup":false,"ev":"game","ms":176979,"predicted":false,"t":3,"tick":10487,"type":"hit"}
[client] {"a":2,"dup":false,"ev":"game","ms":177276,"predicted":false,"t":7,"tick":10505,"type":"hit"}
[client] {"a":8,"dup":false,"ev":"game","ms":177406,"predicted":false,"t":3,"tick":10513,"type":"parry"}
[client] {"a":6,"dup":true,"ev":"game","ms":177429,"predicted":false,"t":3,"tick":10518,"type":"hit"}
[client] {"a":0,"dup":false,"ev":"game","ms":177463,"predicted":false,"t":5,"tick":10516,"type":"hit"}
[client] {"a":2,"dup":false,"ev":"game","ms":177606,"predicted":false,"t":7,"tick":10525,"type":"hit"}
[client] {"a":7,"dup":false,"ev":"game","ms":177607,"predicted":false,"t":-1,"tick":10525,"type":"ko"}
[client] {"a":6,"dup":true,"ev":"game","ms":178181,"predicted":false,"t":0,"tick":10564,"type":"hit"}
[client] {"a":8,"dup":false,"ev":"game","ms":178499,"predicted":false,"t":2,"tick":10578,"type":"hit"}
[client] {"a":6,"dup":true,"ev":"game","ms":178513,"predicted":false,"t":0,"tick":10584,"type":"hit"}
[client] {"a":1,"dup":false,"ev":"game","ms":178547,"predicted":false,"t":8,"tick":10581,"type":"hit"}
[client] {"a":5,"dup":false,"ev":"game","ms":178581,"predicted":false,"t":0,"tick":10583,"type":"hit"}
[client] {"a":0,"dup":false,"ev":"game","ms":178595,"predicted":false,"t":-1,"tick":10584,"type":"ko"}
[client] {"a":3,"dup":false,"ev":"game","ms":178665,"predicted":false,"t":6,"tick":10588,"type":"hit"}
[client] {"a":1,"dup":false,"ev":"game","ms":178913,"predicted":false,"t":8,"tick":10603,"type":"hit"}
[client] {"a":9,"dup":false,"ev":"game","ms":179030,"predicted":false,"t":1,"tick":10610,"type":"hit"}
[client] {"a":9,"dup":false,"ev":"game","ms":179347,"predicted":false,"t":1,"tick":10629,"type":"hit"}
[client] {"a":8,"dup":false,"ev":"game","ms":179451,"predicted":false,"t":1,"tick":10635,"type":"hit"}
[client] {"a":3,"dup":false,"ev":"game","ms":179630,"predicted":false,"t":9,"tick":10646,"type":"hit"}
[client] {"a":5,"dup":false,"ev":"game","ms":179678,"predicted":false,"t":3,"tick":10649,"type":"hit"}
[client] {"a":2,"dup":false,"ev":"game","ms":179713,"predicted":false,"t":9,"tick":10651,"type":"hit"}
[client] {"a":2,"dup":false,"ev":"game","ms":179747,"predicted":false,"t":8,"tick":10653,"type":"hit"}
[client] {"counts":{"blocks_on_me":10,"conf_actions":102,"confirmed_hits":531,"dup_confirmed":0,"hits_on_me":74,"pred_actions":117,"predicted_confirmed":47,"predicted_hits":117,"reconnects":0},"ev":"stats","hp":10.0,"in_bytes":2382580,"late":0,"local_entity":6,"match":{"countdown_until":300,"ctrl":-1,"final":false,"next":"B","phase":3,"rot":428,"scores":[29,10],"sd":false,"state":3,"tick":10372,"zone":"C"},"max_err":1.864,"mean_err":0.0284,"ms":179968,"out_bytes":522899,"pending":8,"pos":[42.19,2.14],"reconciles":3498,"server_tick":10671,"snaps":3504,"teleports":5}
[client] {"a":5,"dup":false,"ev":"game","ms":179982,"predicted":false,"t":3,"tick":10667,"type":"hit"}
[client] {"a":2,"dup":false,"ev":"game","ms":180079,"predicted":false,"t":8,"tick":10673,"type":"hit"}
[client] {"a":1,"dup":false,"ev":"game","ms":180334,"predicted":false,"t":8,"tick":10689,"type":"hit"}
[client] {"a":6,"dup":true,"ev":"game","ms":180451,"predicted":false,"t":2,"tick":10701,"type":"hit"}
[client] {"a":9,"dup":false,"ev":"game","ms":181031,"predicted":false,"t":1,"tick":10730,"type":"hit"}
[client] {"a":6,"dup":true,"ev":"game","ms":181134,"predicted":false,"t":3,"tick":10742,"type":"hit"}
[client] {"a":5,"dup":false,"ev":"game","ms":181383,"predicted":false,"t":3,"tick":10751,"type":"hit"}
[client] {"a":9,"dup":false,"ev":"game","ms":181686,"predicted":false,"t":3,"tick":10769,"type":"hit"}
[client] {"a":3,"dup":false,"ev":"game","ms":181686,"predicted":false,"t":-1,"tick":10769,"type":"ko"}
[client] {"a":1,"dup":false,"ev":"game","ms":181715,"predicted":false,"t":9,"tick":10771,"type":"hit"}
[client] {"a":8,"dup":false,"ev":"game","ms":182135,"predicted":false,"t":1,"tick":10796,"type":"hit"}
[client] {"a":2,"dup":false,"ev":"game","ms":182266,"predicted":false,"t":8,"tick":10804,"type":"hit"}
[client] {"a":1,"dup":false,"ev":"game","ms":182797,"predicted":false,"t":5,"tick":10836,"type":"hit"}
[client] {"a":6,"dup":false,"ev":"game","ms":183135,"predicted":false,"t":-1,"tick":10862,"type":"ko"}
[client] {"a":1,"dup":false,"ev":"game","ms":183232,"predicted":false,"t":6,"tick":10862,"type":"hit"}
[client] {"a":9,"dup":false,"ev":"game","ms":183715,"predicted":false,"t":1,"tick":10891,"type":"hit"}
[client] {"a":5,"dup":false,"ev":"game","ms":184219,"predicted":false,"t":1,"tick":10921,"type":"hit"}
[client] {"a":2,"dup":false,"ev":"game","ms":184287,"predicted":false,"t":8,"tick":10925,"type":"hit"}
[client] {"a":5,"dup":false,"ev":"game","ms":184536,"predicted":false,"t":1,"tick":10940,"type":"hit"}
[client] {"a":1,"dup":false,"ev":"game","ms":184536,"predicted":false,"t":-1,"tick":10940,"type":"ko"}
[client] {"a":2,"dup":false,"ev":"game","ms":184702,"predicted":false,"t":8,"tick":10950,"type":"hit"}
[client] {"a":4,"dup":false,"ev":"game","ms":184936,"predicted":false,"t":-1,"tick":10964,"type":"respawn"}
[client] {"counts":{"blocks_on_me":10,"conf_actions":107,"confirmed_hits":549,"dup_confirmed":0,"hits_on_me":75,"pred_actions":122,"predicted_confirmed":49,"predicted_hits":120,"reconnects":0},"ev":"stats","hp":0.0,"in_bytes":2448560,"late":0,"local_entity":6,"match":{"countdown_until":300,"ctrl":-1,"final":false,"next":"B","phase":3,"rot":128,"scores":[29,10],"sd":false,"state":3,"tick":10672,"zone":"C"},"max_err":1.864,"mean_err":0.0276,"ms":184970,"out_bytes":537599,"pending":8,"pos":[42.28,-0.17],"reconciles":3598,"server_tick":10971,"snaps":3604,"teleports":5}
[client] {"a":2,"dup":false,"ev":"game","ms":185088,"predicted":false,"t":8,"tick":10973,"type":"hit"}
[client] {"a":2,"dup":false,"ev":"game","ms":185785,"predicted":false,"t":9,"tick":11015,"type":"hit"}
[client] {"a":2,"dup":false,"ev":"game","ms":186137,"predicted":false,"t":5,"tick":11036,"type":"hit"}
[client] {"a":2,"dup":false,"ev":"game","ms":186351,"predicted":false,"t":5,"tick":11049,"type":"hit"}
[client] {"a":5,"dup":false,"ev":"game","ms":186351,"predicted":false,"t":-1,"tick":11049,"type":"ko"}
[client] {"a":2,"dup":false,"ev":"game","ms":186399,"predicted":false,"t":8,"tick":11052,"type":"hit"}
[client] {"a":2,"dup":false,"ev":"game","ms":187137,"predicted":false,"t":9,"tick":11096,"type":"hit"}
[client] {"a":-1,"dup":false,"ev":"game","ms":187185,"predicted":false,"t":-1,"tick":11099,"type":"zone_rotated"}
[client] {"a":7,"dup":false,"ev":"game","ms":187620,"predicted":false,"t":-1,"tick":11125,"type":"respawn"}
[client] {"a":0,"dup":false,"ev":"game","ms":188607,"predicted":false,"t":-1,"tick":11184,"type":"respawn"}
[client] {"counts":{"blocks_on_me":10,"conf_actions":107,"confirmed_hits":555,"dup_confirmed":0,"hits_on_me":75,"pred_actions":122,"predicted_confirmed":49,"predicted_hits":120,"reconnects":0},"ev":"stats","hp":0.0,"in_bytes":2501980,"late":0,"local_entity":6,"match":{"countdown_until":300,"ctrl":-1,"final":false,"next":"","phase":3,"rot":3428,"scores":[29,10],"sd":false,"state":1,"tick":10972,"zone":"B"},"max_err":1.864,"mean_err":0.0269,"ms":189973,"out_bytes":552299,"pending":5,"pos":[42.28,-0.17],"reconciles":3699,"server_tick":11271,"snaps":3704,"teleports":5}
[client] {"a":3,"dup":false,"ev":"game","ms":191671,"predicted":false,"t":-1,"tick":11369,"type":"respawn"}
[client] {"a":6,"dup":false,"ev":"game","ms":193145,"predicted":false,"t":-1,"tick":11462,"type":"respawn"}
[client] {"a":4,"dup":false,"ev":"game","ms":193507,"predicted":false,"t":8,"tick":11479,"type":"hit"}
[client] {"a":2,"dup":false,"ev":"game","ms":193810,"predicted":false,"t":8,"tick":11497,"type":"hit"}
[client] {"a":8,"dup":false,"ev":"game","ms":193810,"predicted":false,"t":-1,"tick":11497,"type":"ko"}
[client] {"a":1,"dup":false,"ev":"game","ms":194524,"predicted":false,"t":-1,"tick":11540,"type":"respawn"}
[client] {"counts":{"blocks_on_me":10,"conf_actions":107,"confirmed_hits":557,"dup_confirmed":0,"hits_on_me":75,"pred_actions":122,"predicted_confirmed":49,"predicted_hits":120,"reconnects":0},"ev":"stats","hp":280.0,"in_bytes":2561330,"late":0,"local_entity":6,"match":{"countdown_until":300,"ctrl":-1,"final":false,"next":"","phase":3,"rot":3128,"scores":[29,10],"sd":false,"state":3,"tick":11272,"zone":"B"},"max_err":1.864,"mean_err":0.0262,"ms":194975,"out_bytes":566999,"pending":5,"pos":[-3.39,37.08],"reconciles":3798,"server_tick":11571,"snaps":3804,"teleports":6}
[client] {"a":9,"dup":false,"ev":"game","ms":195176,"predicted":false,"t":2,"tick":11579,"type":"hit"}
[client] {"a":4,"dup":false,"ev":"game","ms":195990,"predicted":false,"t":7,"tick":11628,"type":"hit"}
[client] {"a":0,"dup":false,"ev":"game","ms":196128,"predicted":false,"t":7,"tick":11636,"type":"hit"}
[client] {"a":5,"dup":false,"ev":"game","ms":196342,"predicted":false,"t":-1,"tick":11649,"type":"respawn"}
[client] {"a":7,"dup":false,"ev":"game","ms":196942,"predicted":false,"t":4,"tick":11685,"type":"hit"}
[client] {"a":7,"dup":false,"ev":"game","ms":197212,"predicted":false,"t":4,"tick":11701,"type":"hit"}
[client] {"a":2,"dup":false,"ev":"game","ms":197329,"predicted":false,"t":9,"tick":11708,"type":"hit"}
[client] {"a":7,"dup":false,"ev":"game","ms":197577,"predicted":false,"t":4,"tick":11723,"type":"hit"}
[client] {"a":0,"dup":false,"ev":"game","ms":197660,"predicted":false,"t":7,"tick":11728,"type":"hit"}
[client] {"a":2,"dup":false,"ev":"game","ms":197673,"predicted":false,"t":9,"tick":11729,"type":"hit"}
[client] {"a":7,"dup":false,"ev":"game","ms":198026,"predicted":false,"t":4,"tick":11750,"type":"hit"}
[client] {"a":2,"dup":false,"ev":"game","ms":198074,"predicted":false,"t":9,"tick":11753,"type":"hit"}
[client] {"a":0,"dup":false,"ev":"game","ms":198129,"predicted":false,"t":7,"tick":11756,"type":"hit"}
[client] {"a":0,"dup":false,"ev":"game","ms":198784,"predicted":false,"t":7,"tick":11796,"type":"hit"}
[client] {"a":4,"dup":false,"ev":"game","ms":198854,"predicted":false,"t":7,"tick":11800,"type":"hit"}
[client] {"a":2,"dup":false,"ev":"game","ms":198867,"predicted":false,"t":7,"tick":11801,"type":"hit"}
[client] {"a":2,"dup":false,"ev":"game","ms":199136,"predicted":false,"t":7,"tick":11817,"type":"hit"}
[client] {"a":4,"dup":false,"ev":"game","ms":199206,"predicted":false,"t":7,"tick":11821,"type":"hit"}
[client] {"a":9,"dup":false,"ev":"game","ms":199550,"predicted":false,"t":2,"tick":11842,"type":"hit"}
[client] {"a":7,"dup":false,"ev":"game","ms":199633,"predicted":false,"t":0,"tick":11847,"type":"hit"}
[client] {"a":7,"dup":false,"ev":"game","ms":199903,"predicted":false,"t":2,"tick":11863,"type":"hit"}
[client] {"a":7,"dup":false,"ev":"game","ms":199937,"predicted":false,"t":0,"tick":11865,"type":"hit"}
[client] {"counts":{"blocks_on_me":10,"conf_actions":107,"confirmed_hits":578,"dup_confirmed":0,"hits_on_me":75,"pred_actions":122,"predicted_confirmed":49,"predicted_hits":120,"reconnects":0},"ev":"stats","hp":280.0,"in_bytes":2630410,"late":0,"local_entity":6,"match":{"countdown_until":300,"ctrl":-1,"final":false,"next":"","phase":3,"rot":2828,"scores":[29,10],"sd":false,"state":3,"tick":11572,"zone":"B"},"max_err":1.864,"mean_err":0.0255,"ms":199971,"out_bytes":581699,"pending":8,"pos":[-2.68,4.28],"reconciles":3897,"server_tick":11871,"snaps":3904,"teleports":6}
[client] {"a":4,"dup":false,"ev":"game","ms":200033,"predicted":false,"t":7,"tick":11871,"type":"hit"}
[client] {"a":7,"dup":false,"ev":"game","ms":200033,"predicted":false,"t":-1,"tick":11871,"type":"ko"}
[client] {"a":9,"dup":false,"ev":"game","ms":200739,"predicted":false,"t":4,"tick":11913,"type":"hit"}
[client] {"a":9,"dup":false,"ev":"game","ms":201007,"predicted":false,"t":4,"tick":11929,"type":"hit"}
[client] {"a":9,"dup":false,"ev":"game","ms":201034,"predicted":false,"t":0,"tick":11931,"type":"hit"}
[client] {"a":4,"dup":false,"ev":"game","ms":201407,"predicted":false,"t":9,"tick":11952,"type":"hit"}
[client] {"a":0,"dup":false,"ev":"game","ms":201407,"predicted":false,"t":6,"tick":11953,"type":"hit"}
[client] {"a":2,"dup":false,"ev":"game","ms":201407,"predicted":false,"t":9,"tick":11953,"type":"hit"}
[client] {"a":6,"dup":true,"ev":"game","ms":201752,"predicted":false,"t":0,"tick":11978,"type":"hit"}
[client] {"a":0,"dup":false,"ev":"game","ms":202221,"predicted":false,"t":6,"tick":12002,"type":"hit"}
[client] {"a":0,"dup":false,"ev":"game","ms":202525,"predicted":false,"t":6,"tick":12020,"type":"hit"}
[client] {"a":0,"dup":false,"ev":"game","ms":202821,"predicted":false,"t":6,"tick":12038,"type":"hit"}
[client] {"a":9,"dup":false,"ev":"game","ms":202906,"predicted":false,"t":4,"tick":12043,"type":"block"}
[client] {"a":3,"dup":false,"ev":"game","ms":202925,"predicted":false,"t":9,"tick":12044,"type":"hit"}
[client] {"a":9,"dup":false,"ev":"game","ms":202925,"predicted":false,"t":-1,"tick":12044,"type":"ko"}
[client] {"a":6,"dup":true,"ev":"game","ms":203140,"predicted":false,"t":0,"tick":12062,"type":"hit"}
[client] {"a":8,"dup":false,"ev":"game","ms":203808,"predicted":false,"t":-1,"tick":12097,"type":"respawn"}
[client] {"a":6,"dup":true,"ev":"game","ms":203822,"predicted":false,"t":2,"tick":12103,"type":"hit"}
[client] {"a":5,"dup":false,"ev":"game","ms":204008,"predicted":false,"t":2,"tick":12109,"type":"hit"}
[client] {"a":2,"dup":false,"ev":"game","ms":204753,"predicted":false,"t":6,"tick":12154,"type":"hit"}
[client] {"counts":{"blocks_on_me":10,"conf_actions":118,"confirmed_hits":594,"dup_confirmed":0,"hits_on_me":80,"pred_actions":133,"predicted_confirmed":52,"predicted_hits":127,"reconnects":0},"ev":"stats","hp":190.0,"in_bytes":2704858,"late":0,"local_entity":6,"match":{"countdown_until":300,"ctrl":-1,"final":false,"next":"","phase":3,"rot":2528,"scores":[29,10],"sd":false,"state":3,"tick":11872,"zone":"B"},"max_err":1.864,"mean_err":0.0254,"ms":204973,"out_bytes":596399,"pending":5,"pos":[-2.01,-1.92],"reconciles":3998,"server_tick":12171,"snaps":4004,"teleports":6}
[client] {"a":0,"dup":false,"ev":"game","ms":205105,"predicted":false,"t":6,"tick":12175,"type":"hit"}
[client] {"a":2,"dup":false,"ev":"game","ms":205153,"predicted":false,"t":6,"tick":12178,"type":"hit"}
[client] {"a":0,"dup":false,"ev":"game","ms":205423,"predicted":false,"t":6,"tick":12194,"type":"hit"}
[client] {"a":3,"dup":false,"ev":"game","ms":205457,"predicted":false,"t":6,"tick":12196,"type":"hit"}
[client] {"a":2,"dup":false,"ev":"game","ms":205491,"predicted":false,"t":6,"tick":12198,"type":"hit"}
[client] {"a":0,"dup":false,"ev":"game","ms":205754,"predicted":false,"t":6,"tick":12214,"type":"hit"}
[client] {"a":3,"dup":false,"ev":"game","ms":205809,"predicted":false,"t":6,"tick":12217,"type":"hit"}
[client] {"a":2,"dup":false,"ev":"game","ms":206209,"predicted":false,"t":6,"tick":12241,"type":"hit"}
[client] {"a":5,"dup":false,"ev":"game","ms":206555,"predicted":false,"t":3,"tick":12262,"type":"hit"}
[client] {"a":6,"dup":false,"ev":"game","ms":206727,"predicted":false,"t":-1,"tick":12277,"type":"ko"}
[client] {"a":1,"dup":false,"ev":"game","ms":206775,"predicted":false,"t":5,"tick":12275,"type":"hit"}
[client] {"a":1,"dup":false,"ev":"game","ms":206810,"predicted":false,"t":6,"tick":12277,"type":"hit"}
[client] {"a":0,"dup":false,"ev":"game","ms":209742,"predicted":false,"t":5,"tick":12453,"type":"hit"}
[client] {"counts":{"blocks_on_me":10,"conf_actions":121,"confirmed_hits":606,"dup_confirmed":0,"hits_on_me":89,"pred_actions":136,"predicted_confirmed":52,"predicted_hits":131,"reconnects":0},"ev":"stats","hp":0.0,"in_bytes":2771384,"late":0,"local_entity":6,"match":{"countdown_until":300,"ctrl":-1,"final":false,"next":"","phase":3,"rot":2228,"scores":[29,10],"sd":false,"state":3,"tick":12172,"zone":"B"},"max_err":1.864,"mean_err":0.026,"ms":209976,"out_bytes":611099,"pending":5,"pos":[-1.85,-3.66],"reconciles":4098,"server_tick":12471,"snaps":4104,"teleports":6}
[client] {"a":7,"dup":false,"ev":"game","ms":210046,"predicted":false,"t":-1,"tick":12471,"type":"respawn"}
[client] {"a":3,"dup":false,"ev":"game","ms":210073,"predicted":false,"t":5,"tick":12473,"type":"hit"}
[client] {"a":0,"dup":false,"ev":"game","ms":210225,"predicted":false,"t":5,"tick":12482,"type":"hit"}
[client] {"a":0,"dup":false,"ev":"game","ms":210660,"predicted":false,"t":5,"tick":12508,"type":"hit"}
[client] {"a":3,"dup":false,"ev":"game","ms":210708,"predicted":false,"t":5,"tick":12511,"type":"hit"}
[client] {"a":3,"dup":false,"ev":"game","ms":211060,"predicted":false,"t":5,"tick":12532,"type":"hit"}
[client] {"a":3,"dup":false,"ev":"game","ms":211412,"predicted":false,"t":5,"tick":12553,"type":"hit"}
[client] {"a":8,"dup":false,"ev":"game","ms":211474,"predicted":false,"t":1,"tick":12557,"type":"hit"}
[client] {"a":8,"dup":false,"ev":"game","ms":211853,"predicted":false,"t":3,"tick":12580,"type":"hit"}
[client] {"a":1,"dup":false,"ev":"game","ms":211957,"predicted":false,"t":8,"tick":12586,"type":"hit"}
[client] {"a":0,"dup":false,"ev":"game","ms":212067,"predicted":false,"t":5,"tick":12593,"type":"hit"}
[client] {"a":3,"dup":false,"ev":"game","ms":212253,"predicted":false,"t":5,"tick":12604,"type":"hit"}
[client] {"a":1,"dup":false,"ev":"game","ms":212267,"predicted":false,"t":8,"tick":12605,"type":"hit"}
[client] {"a":1,"dup":false,"ev":"game","ms":212619,"predicted":false,"t":8,"tick":12626,"type":"hit"}
[client] {"a":5,"dup":false,"ev":"game","ms":212619,"predicted":false,"t":0,"tick":12626,"type":"hit"}
[client] {"a":5,"dup":false,"ev":"game","ms":212653,"predicted":false,"t":3,"tick":12628,"type":"hit"}
[client] {"a":9,"dup":false,"ev":"game","ms":212936,"predicted":false,"t":-1,"tick":12644,"type":"respawn"}
[client] {"a":5,"dup":false,"ev":"game","ms":212957,"predicted":false,"t":0,"tick":12645,"type":"hit"}
[client] {"a":5,"dup":false,"ev":"game","ms":212971,"predicted":false,"t":3,"tick":12647,"type":"hit"}
[client] {"a":1,"dup":false,"ev":"game","ms":213240,"predicted":false,"t":8,"tick":12663,"type":"hit"}
[client] {"a":0,"dup":false,"ev":"game","ms":213288,"predicted":false,"t":5,"tick":12666,"type":"hit"}
[client] {"a":3,"dup":false,"ev":"game","ms":213419,"predicted":false,"t":5,"tick":12674,"type":"hit"}
[client] {"a":5,"dup":false,"ev":"game","ms":213420,"predicted":false,"t":-1,"tick":12674,"type":"ko"}
[client] {"a":8,"dup":false,"ev":"game","ms":213820,"predicted":false,"t":1,"tick":12698,"type":"hit"}
[client] {"a":8,"dup":false,"ev":"game","ms":214089,"predicted":false,"t":1,"tick":12713,"type":"hit"}
[client] {"counts":{"blocks_on_me":10,"conf_actions":121,"confirmed_hits":628,"dup_confirmed":0,"hits_on_me":89,"pred_actions":136,"predicted_confirmed":52,"predicted_hits":131,"reconnects":0},"ev":"stats","hp":0.0,"in_bytes":2843044,"late":0,"local_entity":6,"match":{"countdown_until":300,"ctrl":-1,"final":false,"next":"","phase":3,"rot":1928,"scores":[29,10],"sd":false,"state":3,"tick":12472,"zone":"B"},"max_err":1.864,"mean_err":0.0254,"ms":214971,"out_bytes":625799,"pending":5,"pos":[-1.85,-3.66],"reconciles":4198,"server_tick":12771,"snaps":4204,"teleports":6}
[client] {"a":8,"dup":false,"ev":"game","ms":215641,"predicted":false,"t":1,"tick":12807,"type":"hit"}
[client] {"a":1,"dup":false,"ev":"game","ms":216007,"predicted":false,"t":8,"tick":12829,"type":"hit"}
[client] {"a":1,"dup":false,"ev":"game","ms":216324,"predicted":false,"t":8,"tick":12848,"type":"hit"}
[client] {"a":6,"dup":false,"ev":"game","ms":216724,"predicted":false,"t":-1,"tick":12877,"type":"respawn"}
[client] {"a":8,"dup":false,"ev":"game","ms":216973,"predicted":false,"t":1,"tick":12887,"type":"hit"}
[client] {"a":8,"dup":false,"ev":"game","ms":217009,"predicted":false,"t":0,"tick":12889,"type":"hit"}
[client] {"a":8,"dup":false,"ev":"game","ms":217077,"predicted":false,"t":3,"tick":12893,"type":"hit"}
[client] {"a":8,"dup":false,"ev":"game","ms":217643,"predicted":false,"t":1,"tick":12927,"type":"hit"}
[client] {"a":4,"dup":false,"ev":"game","ms":217987,"predicted":false,"t":8,"tick":12948,"type":"hit"}
[client] {"a":1,"dup":false,"ev":"game","ms":218291,"predicted":false,"t":7,"tick":12966,"type":"hit"}
[client] {"a":8,"dup":false,"ev":"game","ms":218960,"predicted":false,"t":4,"tick":13006,"type":"hit"}
[client] {"a":1,"dup":false,"ev":"game","ms":219105,"predicted":false,"t":8,"tick":13015,"type":"hit"}
[client] {"a":7,"dup":false,"ev":"game","ms":219105,"predicted":false,"t":4,"tick":13015,"type":"hit"}
[client] {"a":1,"dup":false,"ev":"game","ms":219526,"predicted":false,"t":8,"tick":13040,"type":"hit"}
[client] {"a":4,"dup":false,"ev":"game","ms":219678,"predicted":false,"t":7,"tick":13049,"type":"hit"}
[client] {"counts":{"blocks_on_me":10,"conf_actions":122,"confirmed_hits":642,"dup_confirmed":0,"hits_on_me":89,"pred_actions":136,"predicted_confirmed":52,"predicted_hits":131,"reconnects":0},"ev":"stats","hp":280.0,"in_bytes":2910504,"late":0,"local_entity":6,"match":{"countdown_until":300,"ctrl":-1,"final":false,"next":"","phase":3,"rot":1628,"scores":[29,10],"sd":false,"state":3,"tick":12772,"zone":"B"},"max_err":1.864,"mean_err":0.0248,"ms":219974,"out_bytes":640499,"pending":5,"pos":[2.44,33.79],"reconciles":4297,"server_tick":13071,"snaps":4304,"teleports":7}
[client] {"a":4,"dup":false,"ev":"game","ms":220009,"predicted":false,"t":7,"tick":13069,"type":"hit"}
[client] {"a":8,"dup":false,"ev":"game","ms":220306,"predicted":false,"t":1,"tick":13087,"type":"hit"}
[client] {"a":4,"dup":false,"ev":"game","ms":220361,"predicted":false,"t":7,"tick":13090,"type":"hit"}
[client] {"a":8,"dup":false,"ev":"game","ms":220644,"predicted":false,"t":1,"tick":13107,"type":"hit"}
[client] {"a":8,"dup":false,"ev":"game","ms":220968,"predicted":false,"t":1,"tick":13127,"type":"hit"}
[client] {"a":4,"dup":false,"ev":"game","ms":221272,"predicted":false,"t":8,"tick":13145,"type":"hit"}
[client] {"a":7,"dup":false,"ev":"game","ms":222203,"predicted":false,"t":4,"tick":13201,"type":"hit"}
[client] {"a":9,"dup":false,"ev":"game","ms":222272,"predicted":false,"t":4,"tick":13205,"type":"hit"}
[client] {"a":8,"dup":false,"ev":"game","ms":222404,"predicted":false,"t":4,"tick":13213,"type":"hit"}
[client] {"a":8,"dup":false,"ev":"game","ms":222638,"predicted":false,"t":4,"tick":13227,"type":"hit"}
[client] {"a":7,"dup":false,"ev":"game","ms":223238,"predicted":false,"t":4,"tick":13263,"type":"hit"}
[client] {"a":5,"dup":false,"ev":"game","ms":223417,"predicted":false,"t":-1,"tick":13274,"type":"respawn"}
[client] {"a":7,"dup":false,"ev":"game","ms":223535,"predicted":false,"t":4,"tick":13281,"type":"hit"}
[client] {"a":8,"dup":false,"ev":"game","ms":223618,"predicted":false,"t":4,"tick":13286,"type":"hit"}
[client] {"a":9,"dup":false,"ev":"game","ms":223687,"predicted":false,"t":4,"tick":13290,"type":"hit"}
[client] {"a":4,"dup":false,"ev":"game","ms":223687,"predicted":false,"t":-1,"tick":13290,"type":"ko"}
[client] {"a":8,"dup":false,"ev":"game","ms":224453,"predicted":false,"t":1,"tick":13336,"type":"hit"}
[client] {"a":8,"dup":false,"ev":"game","ms":224874,"predicted":false,"t":1,"tick":13361,"type":"hit"}
[client] {"counts":{"blocks_on_me":10,"conf_actions":122,"confirmed_hits":658,"dup_confirmed":0,"hits_on_me":89,"pred_actions":136,"predicted_confirmed":52,"predicted_hits":131,"reconnects":0},"ev":"stats","hp":280.0,"in_bytes":2977829,"late":0,"local_entity":6,"match":{"countdown_until":300,"ctrl":-1,"final":false,"next":"","phase":3,"rot":1328,"scores":[29,10],"sd":false,"state":3,"tick":13072,"zone":"B"},"max_err":1.864,"mean_err":0.0242,"ms":224969,"out_bytes":655199,"pending":5,"pos":[-2.68,1.2],"reconciles":4397,"server_tick":13371,"snaps":4404,"teleports":7}
[client] {"a":8,"dup":false,"ev":"game","ms":225170,"predicted":false,"t":0,"tick":13379,"type":"hit"}
[client] {"a":1,"dup":false,"ev":"game","ms":225274,"predicted":false,"t":8,"tick":13385,"type":"hit"}
[client] {"a":7,"dup":false,"ev":"game","ms":225336,"predicted":false,"t":0,"tick":13389,"type":"hit"}
[client] {"a":0,"dup":false,"ev":"game","ms":225336,"predicted":false,"t":-1,"tick":13389,"type":"ko"}
[client] {"a":7,"dup":false,"ev":"game","ms":225391,"predicted":false,"t":3,"tick":13392,"type":"hit"}
[client] {"a":9,"dup":false,"ev":"game","ms":225557,"predicted":false,"t":1,"tick":13402,"type":"hit"}
[client] {"a":1,"dup":false,"ev":"game","ms":225557,"predicted":false,"t":-1,"tick":13402,"type":"ko"}
[client] {"a":7,"dup":false,"ev":"game","ms":225936,"predicted":false,"t":2,"tick":13425,"type":"hit"}
[client] {"a":7,"dup":false,"ev":"game","ms":226254,"predicted":false,"t":2,"tick":13444,"type":"hit"}
[client] {"a":7,"dup":false,"ev":"game","ms":226255,"predicted":false,"t":3,"tick":13444,"type":"hit"}
[client] {"a":7,"dup":false,"ev":"game","ms":226558,"predicted":false,"t":3,"tick":13462,"type":"hit"}
[client] {"a":2,"dup":false,"ev":"game","ms":226654,"predicted":false,"t":7,"tick":13468,"type":"hit"}
[client] {"a":9,"dup":false,"ev":"game","ms":227019,"predicted":false,"t":2,"tick":13490,"type":"hit"}
[client] {"a":7,"dup":false,"ev":"game","ms":227102,"predicted":false,"t":2,"tick":13495,"type":"hit"}
[client] {"a":3,"dup":false,"ev":"game","ms":227419,"predicted":false,"t":7,"tick":13514,"type":"hit"}
[client] {"a":6,"dup":true,"ev":"game","ms":227455,"predicted":false,"t":3,"tick":13521,"type":"hit"}
[client] {"a":8,"dup":false,"ev":"game","ms":227489,"predicted":false,"t":3,"tick":13518,"type":"hit"}
[client] {"a":2,"dup":false,"ev":"game","ms":227758,"predicted":false,"t":9,"tick":13534,"type":"hit"}
[client] {"a":9,"dup":false,"ev":"game","ms":228123,"predicted":false,"t":2,"tick":13556,"type":"hit"}
[client] {"a":9,"dup":false,"ev":"game","ms":228620,"predicted":false,"t":2,"tick":13586,"type":"hit"}
[client] {"a":9,"dup":false,"ev":"game","ms":228675,"predicted":false,"t":3,"tick":13589,"type":"hit"}
[client] {"a":3,"dup":false,"ev":"game","ms":228675,"predicted":false,"t":-1,"tick":13589,"type":"ko"}
[client] {"a":6,"dup":true,"ev":"game","ms":229822,"predicted":false,"t":2,"tick":13662,"type":"hit"}
[client] {"counts":{"blocks_on_me":10,"conf_actions":128,"confirmed_hits":678,"dup_confirmed":0,"hits_on_me":89,"pred_actions":142,"predicted_confirmed":54,"predicted_hits":134,"reconnects":0},"ev":"stats","hp":280.0,"in_bytes":3042761,"late":0,"local_entity":6,"match":{"countdown_until":300,"ctrl":-1,"final":false,"next":"","phase":3,"rot":1028,"scores":[29,10],"sd":false,"state":3,"tick":13372,"zone":"B"},"max_err":1.864,"mean_err":0.0243,"ms":229972,"out_bytes":669899,"pending":5,"pos":[1.39,-2.75],"reconciles":4497,"server_tick":13671,"snaps":4504,"teleports":7}
[client] {"a":6,"dup":true,"ev":"game","ms":230290,"predicted":false,"t":2,"tick":13691,"type":"hit"}
[client] {"a":7,"dup":false,"ev":"game","ms":230476,"predicted":false,"t":2,"tick":13697,"type":"hit"}
[client] {"a":2,"dup":false,"ev":"game","ms":231339,"predicted":false,"t":6,"tick":13749,"type":"hit"}
[client] {"a":2,"dup":false,"ev":"game","ms":231573,"predicted":false,"t":6,"tick":13763,"type":"hit"}
[client] {"a":6,"dup":true,"ev":"game","ms":232292,"predicted":false,"t":2,"tick":13811,"type":"hit"}
[client] {"a":4,"dup":false,"ev":"game","ms":233692,"predicted":false,"t":-1,"tick":13890,"type":"respawn"}
[client] {"a":2,"dup":false,"ev":"game","ms":234678,"predicted":false,"t":5,"tick":13949,"type":"hit"}
[client] {"a":8,"dup":false,"ev":"game","ms":234892,"predicted":false,"t":2,"tick":13962,"type":"hit"}
[client] {"a":9,"dup":false,"ev":"game","ms":234892,"predicted":false,"t":2,"tick":13962,"type":"hit"}
[client] {"a":2,"dup":false,"ev":"game","ms":234892,"predicted":false,"t":-1,"tick":13962,"type":"ko"}
[client] {"counts":{"blocks_on_me":10,"conf_actions":133,"confirmed_hits":686,"dup_confirmed":0,"hits_on_me":91,"pred_actions":148,"predicted_confirmed":56,"predicted_hits":137,"reconnects":0},"ev":"stats","hp":246.0,"in_bytes":3100722,"late":0,"local_entity":6,"match":{"countdown_until":300,"ctrl":1,"final":false,"next":"A","phase":3,"rot":728,"scores":[29,10],"sd":false,"state":2,"tick":13672,"zone":"B"},"max_err":1.864,"mean_err":0.0243,"ms":234974,"out_bytes":684599,"pending":5,"pos":[0.51,-2.94],"reconciles":4597,"server_tick":13971,"snaps":4604,"teleports":7}
[client] {"a":0,"dup":false,"ev":"game","ms":235341,"predicted":false,"t":-1,"tick":13989,"type":"respawn"}
[client] {"a":1,"dup":false,"ev":"game","ms":235562,"predicted":false,"t":-1,"tick":14002,"type":"respawn"}
[client] {"a":3,"dup":false,"ev":"game","ms":238674,"predicted":false,"t":-1,"tick":14189,"type":"respawn"}
[client] {"counts":{"blocks_on_me":10,"conf_actions":133,"confirmed_hits":686,"dup_confirmed":0,"hits_on_me":91,"pred_actions":148,"predicted_confirmed":56,"predicted_hits":137,"reconnects":0},"ev":"stats","hp":246.0,"in_bytes":3153566,"late":0,"local_entity":6,"match":{"countdown_until":300,"ctrl":-1,"final":false,"next":"A","phase":3,"rot":428,"scores":[29,15],"sd":false,"state":3,"tick":13972,"zone":"B"},"max_err":1.864,"mean_err":0.0253,"ms":239970,"out_bytes":699299,"pending":5,"pos":[0.64,-2.71],"reconciles":4697,"server_tick":14271,"snaps":4704,"teleports":7}
[client] {"a":4,"dup":false,"ev":"game","ms":240875,"predicted":false,"t":5,"tick":14321,"type":"hit"}
[client] {"a":4,"dup":false,"ev":"game","ms":241151,"predicted":false,"t":8,"tick":14338,"type":"hit"}
[client] {"a":8,"dup":false,"ev":"game","ms":241151,"predicted":false,"t":-1,"tick":14338,"type":"ko"}
[client] {"a":4,"dup":false,"ev":"game","ms":241199,"predicted":false,"t":5,"tick":14341,"type":"hit"}
[client] {"a":4,"dup":false,"ev":"game","ms":241503,"predicted":false,"t":5,"tick":14359,"type":"hit"}
[client] {"a":7,"dup":false,"ev":"game","ms":241717,"predicted":false,"t":4,"tick":14371,"type":"hit"}
[client] {"a":9,"dup":false,"ev":"game","ms":241785,"predicted":false,"t":4,"tick":14375,"type":"hit"}
[client] {"a":9,"dup":false,"ev":"game","ms":242800,"predicted":false,"t":1,"tick":14436,"type":"hit"}
[client] {"a":4,"dup":false,"ev":"game","ms":242834,"predicted":false,"t":7,"tick":14438,"type":"hit"}
[client] {"a":9,"dup":false,"ev":"game","ms":243131,"predicted":false,"t":4,"tick":14456,"type":"hit"}
[client] {"a":9,"dup":false,"ev":"game","ms":243152,"predicted":false,"t":1,"tick":14457,"type":"hit"}
[client] {"a":4,"dup":false,"ev":"game","ms":243484,"predicted":false,"t":7,"tick":14478,"type":"hit"}
[client] {"a":4,"dup":false,"ev":"game","ms":243532,"predicted":false,"t":6,"tick":14481,"type":"hit"}
[client] {"a":0,"dup":false,"ev":"game","ms":243600,"predicted":false,"t":7,"tick":14485,"type":"hit"}
[client] {"a":0,"dup":false,"ev":"game","ms":243621,"predicted":false,"t":9,"tick":14486,"type":"hit"}
[client] {"a":0,"dup":false,"ev":"game","ms":243669,"predicted":false,"t":5,"tick":14489,"type":"hit"}
[client] {"a":6,"dup":true,"ev":"game","ms":243821,"predicted":false,"t":4,"tick":14503,"type":"hit"}
[client] {"a":1,"dup":false,"ev":"game","ms":244221,"predicted":false,"t":6,"tick":14522,"type":"hit"}
[client] {"a":0,"dup":false,"ev":"game","ms":244470,"predicted":false,"t":7,"tick":14537,"type":"hit"}
[client] {"a":0,"dup":false,"ev":"game","ms":244470,"predicted":false,"t":9,"tick":14537,"type":"hit"}
[client] {"a":7,"dup":false,"ev":"game","ms":244470,"predicted":false,"t":-1,"tick":14537,"type":"ko"}
[client] {"a":0,"dup":false,"ev":"game","ms":244483,"predicted":false,"t":5,"tick":14538,"type":"hit"}
[client] {"a":2,"dup":false,"ev":"game","ms":244883,"predicted":false,"t":-1,"tick":14562,"type":"respawn"}
[client] {"counts":{"blocks_on_me":10,"conf_actions":139,"confirmed_hits":706,"dup_confirmed":0,"hits_on_me":93,"pred_actions":154,"predicted_confirmed":57,"predicted_hits":141,"reconnects":0},"ev":"stats","hp":191.8,"in_bytes":3224826,"late":0,"local_entity":6,"match":{"countdown_until":300,"ctrl":-1,"final":false,"next":"A","phase":3,"rot":128,"scores":[29,15],"sd":false,"state":3,"tick":14272,"zone":"B"},"max_err":1.864,"mean_err":0.0255,"ms":244965,"out_bytes":713999,"pending":5,"pos":[1.44,-2.59],"reconciles":4797,"server_tick":14571,"snaps":4804,"teleports":7}
[client] {"a":9,"dup":false,"ev":"game","ms":245201,"predicted":false,"t":0,"tick":14581,"type":"hit"}
[client] {"a":9,"dup":false,"ev":"game","ms":245201,"predicted":false,"t":1,"tick":14581,"type":"hit"}
[client] {"a":4,"dup":false,"ev":"game","ms":245270,"predicted":false,"t":6,"tick":14585,"type":"hit"}
[client] {"a":6,"dup":true,"ev":"game","ms":245753,"predicted":false,"t":4,"tick":14619,"type":"hit"}
[client] {"a":3,"dup":false,"ev":"game","ms":246187,"predicted":false,"t":9,"tick":14640,"type":"hit"}
[client] {"a":3,"dup":false,"ev":"game","ms":246222,"predicted":false,"t":5,"tick":14642,"type":"hit"}
[client] {"a":1,"dup":false,"ev":"game","ms":246340,"predicted":false,"t":6,"tick":14649,"type":"hit"}
[client] {"a":0,"dup":false,"ev":"game","ms":246554,"predicted":false,"t":6,"tick":14662,"type":"hit"}
[client] {"a":3,"dup":false,"ev":"game","ms":246788,"predicted":false,"t":9,"tick":14676,"type":"hit"}
[client] {"a":3,"dup":false,"ev":"game","ms":246802,"predicted":false,"t":6,"tick":14677,"type":"hit"}
[client] {"a":5,"dup":false,"ev":"game","ms":246823,"predicted":false,"t":3,"tick":14678,"type":"hit"}
[client] {"a":0,"dup":false,"ev":"game","ms":246850,"predicted":false,"t":6,"tick":14680,"type":"hit"}
[client] {"a":3,"dup":false,"ev":"game","ms":247140,"predicted":false,"t":6,"tick":14697,"type":"hit"}
[client] {"a":3,"dup":false,"ev":"game","ms":247140,"predicted":false,"t":9,"tick":14697,"type":"hit"}
[client] {"a":5,"dup":false,"ev":"game","ms":247140,"predicted":false,"t":3,"tick":14697,"type":"hit"}
[client] {"a":-1,"dup":false,"ev":"game","ms":247167,"predicted":false,"t":-1,"tick":14699,"type":"zone_rotated"}
[client] {"a":6,"dup":true,"ev":"game","ms":247423,"predicted":false,"t":3,"tick":14719,"type":"hit"}
[client] {"a":6,"dup":true,"ev":"game","ms":247471,"predicted":false,"t":0,"tick":14722,"type":"hit"}
[client] {"a":9,"dup":false,"ev":"game","ms":247485,"predicted":false,"t":3,"tick":14718,"type":"hit"}
[client] {"a":5,"dup":false,"ev":"game","ms":247568,"predicted":false,"t":3,"tick":14723,"type":"hit"}
[client] {"a":1,"dup":false,"ev":"game","ms":247636,"predicted":false,"t":5,"tick":14727,"type":"hit"}
[client] {"a":6,"dup":true,"ev":"game","ms":247788,"predicted":false,"t":3,"tick":14741,"type":"hit"}
[client] {"a":0,"dup":false,"ev":"game","ms":247940,"predicted":false,"t":9,"tick":14745,"type":"parry"}
[client] {"a":1,"dup":false,"ev":"game","ms":248306,"predicted":false,"t":9,"tick":14767,"type":"hit"}
[client] {"a":4,"dup":false,"ev":"game","ms":248403,"predicted":false,"t":6,"tick":14773,"type":"hit"}
[client] {"a":9,"dup":false,"ev":"game","ms":248651,"predicted":false,"t":1,"tick":14788,"type":"hit"}
[client] {"a":4,"dup":false,"ev":"game","ms":248740,"predicted":false,"t":6,"tick":14793,"type":"hit"}
[client] {"a":3,"dup":false,"ev":"game","ms":248885,"predicted":false,"t":6,"tick":14802,"type":"hit"}
[client] {"a":0,"dup":false,"ev":"game","ms":249023,"predicted":false,"t":9,"tick":14810,"type":"hit"}
[client] {"a":1,"dup":false,"ev":"game","ms":249037,"predicted":false,"t":9,"tick":14811,"type":"hit"}
[client] {"a":5,"dup":false,"ev":"game","ms":249224,"predicted":false,"t":4,"tick":14822,"type":"hit"}
[client] {"a":0,"dup":false,"ev":"game","ms":249355,"predicted":false,"t":9,"tick":14830,"type":"hit"}
[client] {"a":0,"dup":false,"ev":"game","ms":249403,"predicted":false,"t":5,"tick":14833,"type":"hit"}
[client] {"a":5,"dup":false,"ev":"game","ms":249403,"predicted":false,"t":-1,"tick":14833,"type":"ko"}
[client] {"a":3,"dup":false,"ev":"game","ms":249604,"predicted":false,"t":9,"tick":14845,"type":"hit"}
[client] {"a":6,"dup":false,"ev":"game","ms":249624,"predicted":false,"t":-1,"tick":14851,"type":"ko"}
[client] {"a":1,"dup":false,"ev":"game","ms":249708,"predicted":false,"t":6,"tick":14851,"type":"hit"}
[client] {"a":1,"dup":false,"ev":"game","ms":249720,"predicted":false,"t":9,"tick":14852,"type":"hit"}
[client] {"a":9,"dup":false,"ev":"game","ms":249720,"predicted":false,"t":-1,"tick":14852,"type":"ko"}
[client] {"counts":{"blocks_on_me":10,"conf_actions":147,"confirmed_hits":740,"dup_confirmed":0,"hits_on_me":103,"pred_actions":165,"predicted_confirmed":61,"predicted_hits":149,"reconnects":0},"ev":"stats","hp":0.0,"in_bytes":3303692,"late":0,"local_entity":6,"match":{"countdown_until":300,"ctrl":-1,"final":false,"next":"","phase":3,"rot":3428,"scores":[29,15],"sd":false,"state":1,"tick":14572,"zone":"A"},"max_err":1.864,"mean_err":0.0259,"ms":249968,"out_bytes":728699,"pending":5,"pos":[1.24,-2.49],"reconciles":4897,"server_tick":14871,"snaps":4904,"teleports":7}
[client] {"a":8,"dup":false,"ev":"game","ms":251156,"predicted":false,"t":-1,"tick":14938,"type":"respawn"}
[client] {"a":7,"dup":false,"ev":"game","ms":254474,"predicted":false,"t":-1,"tick":15137,"type":"respawn"}
[client] {"counts":{"blocks_on_me":10,"conf_actions":147,"confirmed_hits":740,"dup_confirmed":0,"hits_on_me":103,"pred_actions":165,"predicted_confirmed":61,"predicted_hits":149,"reconnects":0},"ev":"stats","hp":0.0,"in_bytes":3357258,"late":0,"local_entity":6,"match":{"countdown_until":300,"ctrl":0,"final":false,"next":"","phase":3,"rot":3128,"scores":[30,15],"sd":false,"state":2,"tick":14872,"zone":"A"},"max_err":1.864,"mean_err":0.0254,"ms":254971,"out_bytes":743399,"pending":5,"pos":[1.24,-2.49],"reconciles":4997,"server_tick":15171,"snaps":5004,"teleports":7}
[client] {"a":5,"dup":false,"ev":"game","ms":259401,"predicted":false,"t":-1,"tick":15433,"type":"respawn"}
[client] {"a":6,"dup":false,"ev":"game","ms":259622,"predicted":false,"t":-1,"tick":15451,"type":"respawn"}
[client] {"a":9,"dup":false,"ev":"game","ms":259719,"predicted":false,"t":-1,"tick":15452,"type":"respawn"}
[client] {"counts":{"blocks_on_me":10,"conf_actions":147,"confirmed_hits":740,"dup_confirmed":0,"hits_on_me":103,"pred_actions":165,"predicted_confirmed":61,"predicted_hits":149,"reconnects":0},"ev":"stats","hp":280.0,"in_bytes":3416044,"late":0,"local_entity":6,"match":{"countdown_until":300,"ctrl":-1,"final":false,"next":"","phase":3,"rot":2828,"scores":[34,15],"sd":false,"state":3,"tick":15172,"zone":"A"},"max_err":1.864,"mean_err":0.0249,"ms":259966,"out_bytes":758099,"pending":5,"pos":[5.23,46.37],"reconciles":5096,"server_tick":15471,"snaps":5104,"teleports":8}
[client] {"a":1,"dup":false,"ev":"game","ms":261223,"predicted":false,"t":8,"tick":15542,"type":"hit"}
[client] {"a":4,"dup":false,"ev":"game","ms":261402,"predicted":false,"t":8,"tick":15553,"type":"hit"}
[client] {"a":4,"dup":false,"ev":"game","ms":262658,"predicted":false,"t":8,"tick":15628,"type":"hit"}
[client] {"a":4,"dup":false,"ev":"game","ms":262989,"predicted":false,"t":8,"tick":15648,"type":"hit"}
[client] {"a":8,"dup":false,"ev":"game","ms":263637,"predicted":false,"t":4,"tick":15687,"type":"hit"}
[client] {"counts":{"blocks_on_me":10,"conf_actions":147,"confirmed_hits":745,"dup_confirmed":0,"hits_on_me":103,"pred_actions":165,"predicted_confirmed":61,"predicted_hits":149,"reconnects":0},"ev":"stats","hp":280.0,"in_bytes":3481755,"late":0,"local_entity":6,"match":{"countdown_until":300,"ctrl":-1,"final":false,"next":"","phase":3,"rot":2528,"scores":[34,15],"sd":false,"state":3,"tick":15472,"zone":"A"},"max_err":1.864,"mean_err":0.0246,"ms":264975,"out_bytes":772799,"pending":5,"pos":[-6.99,18.69],"reconciles":5196,"server_tick":15771,"snaps":5204,"teleports":8}
[client] {"a":3,"dup":false,"ev":"game","ms":266425,"predicted":false,"t":8,"tick":15854,"type":"hit"}
[client] {"a":7,"dup":false,"ev":"game","ms":266660,"predicted":false,"t":4,"tick":15868,"type":"hit"}
[client] {"a":0,"dup":false,"ev":"game","ms":266674,"predicted":false,"t":8,"tick":15869,"type":"hit"}
[client] {"a":4,"dup":false,"ev":"game","ms":267088,"predicted":false,"t":7,"tick":15894,"type":"hit"}
[client] {"a":3,"dup":false,"ev":"game","ms":267109,"predicted":false,"t":8,"tick":15895,"type":"hit"}
[client] {"a":4,"dup":false,"ev":"game","ms":267426,"predicted":false,"t":7,"tick":15914,"type":"hit"}
[client] {"a":7,"dup":false,"ev":"game","ms":267778,"predicted":false,"t":4,"tick":15935,"type":"hit"}
[client] {"a":7,"dup":false,"ev":"game","ms":268095,"predicted":false,"t":4,"tick":15954,"type":"hit"}
[client] {"a":2,"dup":false,"ev":"game","ms":268226,"predicted":false,"t":7,"tick":15962,"type":"hit"}
[client] {"a":2,"dup":false,"ev":"game","ms":268543,"predicted":false,"t":7,"tick":15981,"type":"hit"}
[client] {"a":8,"dup":false,"ev":"game","ms":268543,"predicted":false,"t":1,"tick":15981,"type":"hit"}
[client] {"a":8,"dup":false,"ev":"game","ms":268806,"predicted":false,"t":1,"tick":15997,"type":"hit"}
[client] {"a":4,"dup":false,"ev":"game","ms":268827,"predicted":false,"t":7,"tick":15998,"type":"hit"}
[client] {"a":4,"dup":false,"ev":"game","ms":269462,"predicted":false,"t":7,"tick":16036,"type":"hit"}
[client] {"a":4,"dup":false,"ev":"game","ms":269544,"predicted":false,"t":5,"tick":16041,"type":"hit"}
[client] {"a":1,"dup":false,"ev":"game","ms":269662,"predicted":false,"t":8,"tick":16048,"type":"hit"}
[client] {"a":1,"dup":false,"ev":"game","ms":269877,"predicted":false,"t":8,"tick":16061,"type":"hit"}
[client] {"counts":{"blocks_on_me":10,"conf_actions":147,"confirmed_hits":762,"dup_confirmed":0,"hits_on_me":103,"pred_actions":165,"predicted_confirmed":61,"predicted_hits":149,"reconnects":0},"ev":"stats","hp":280.0,"in_bytes":3549596,"late":0,"local_entity":6,"match":{"countdown_until":300,"ctrl":-1,"final":false,"next":"","phase":3,"rot":2228,"scores":[34,15],"sd":false,"state":3,"tick":15772,"zone":"A"},"max_err":1.864,"mean_err":0.0241,"ms":269978,"out_bytes":787499,"pending":5,"pos":[-36.08,3.51],"reconciles":5296,"server_tick":16072,"snaps":5304,"teleports":8}
[client] {"a":8,"dup":false,"ev":"game","ms":270577,"predicted":false,"t":1,"tick":16103,"type":"hit"}
[client] {"a":9,"dup":false,"ev":"game","ms":271090,"predicted":false,"t":4,"tick":16134,"type":"hit"}
[client] {"a":2,"dup":false,"ev":"game","ms":271504,"predicted":false,"t":9,"tick":16159,"type":"hit"}
[client] {"a":6,"dup":true,"ev":"game","ms":271621,"predicted":false,"t":4,"tick":16170,"type":"hit"}
[client] {"a":7,"dup":false,"ev":"game","ms":271704,"predicted":false,"t":2,"tick":16171,"type":"hit"}
[client] {"a":9,"dup":false,"ev":"game","ms":271822,"predicted":false,"t":4,"tick":16178,"type":"hit"}
[client] {"a":1,"dup":false,"ev":"game","ms":272000,"predicted":false,"t":8,"tick":16189,"type":"hit"}
[client] {"a":3,"dup":false,"ev":"game","ms":272022,"predicted":false,"t":9,"tick":16190,"type":"hit"}
[client] {"a":4,"dup":false,"ev":"game","ms":272270,"predicted":false,"t":7,"tick":16205,"type":"hit"}
[client] {"a":2,"dup":false,"ev":"game","ms":272291,"predicted":false,"t":7,"tick":16206,"type":"hit"}
[client] {"a":1,"dup":false,"ev":"game","ms":272339,"predicted":false,"t":8,"tick":16209,"type":"hit"}
[client] {"a":9,"dup":false,"ev":"game","ms":272435,"predicted":false,"t":4,"tick":16215,"type":"hit"}
[client] {"a":5,"dup":false,"ev":"game","ms":272587,"predicted":false,"t":2,"tick":16224,"type":"hit"}
[client] {"a":5,"dup":false,"ev":"game","ms":272635,"predicted":false,"t":0,"tick":16227,"type":"hit"}
[client] {"a":7,"dup":false,"ev":"game","ms":272635,"predicted":false,"t":4,"tick":16227,"type":"hit"}
[client] {"a":1,"dup":false,"ev":"game","ms":272690,"predicted":false,"t":8,"tick":16230,"type":"hit"}
[client] {"a":8,"dup":false,"ev":"game","ms":272690,"predicted":false,"t":-1,"tick":16230,"type":"ko"}
[client] {"a":5,"dup":false,"ev":"game","ms":272905,"predicted":false,"t":2,"tick":16243,"type":"hit"}
[client] {"a":7,"dup":false,"ev":"game","ms":272953,"predicted":false,"t":4,"tick":16246,"type":"hit"}
[client] {"a":7,"dup":false,"ev":"game","ms":273002,"predicted":false,"t":2,"tick":16249,"type":"hit"}
[client] {"a":4,"dup":false,"ev":"game","ms":273318,"predicted":false,"t":5,"tick":16268,"type":"hit"}
[client] {"a":7,"dup":false,"ev":"game","ms":273554,"predicted":false,"t":3,"tick":16282,"type":"hit"}
[client] {"a":7,"dup":false,"ev":"game","ms":273588,"predicted":false,"t":0,"tick":16284,"type":"hit"}
[client] {"a":7,"dup":false,"ev":"game","ms":273588,"predicted":false,"t":4,"tick":16284,"type":"hit"}
[client] {"a":5,"dup":false,"ev":"game","ms":273739,"predicted":false,"t":4,"tick":16293,"type":"hit"}
[client] {"a":5,"dup":false,"ev":"game","ms":274105,"predicted":false,"t":1,"tick":16315,"type":"hit"}
[client] {"a":5,"dup":false,"ev":"game","ms":274140,"predicted":false,"t":4,"tick":16317,"type":"hit"}
[client] {"a":4,"dup":false,"ev":"game","ms":274140,"predicted":false,"t":-1,"tick":16317,"type":"ko"}
[client] {"a":3,"dup":false,"ev":"game","ms":274374,"predicted":false,"t":6,"tick":16331,"type":"block"}
[client] {"a":1,"dup":false,"ev":"game","ms":274471,"predicted":false,"t":5,"tick":16337,"type":"hit"}
[client] {"a":3,"dup":false,"ev":"game","ms":274671,"predicted":false,"t":6,"tick":16349,"type":"block"}
[client] {"a":0,"dup":false,"ev":"game","ms":274754,"predicted":false,"t":5,"tick":16354,"type":"hit"}
[client] {"a":0,"dup":false,"ev":"game","ms":274774,"predicted":false,"t":7,"tick":16355,"type":"hit"}
[client] {"a":1,"dup":false,"ev":"game","ms":274774,"predicted":false,"t":5,"tick":16355,"type":"hit"}
[client] {"a":1,"dup":false,"ev":"game","ms":274823,"predicted":false,"t":7,"tick":16358,"type":"hit"}
[client] {"counts":{"blocks_on_me":12,"conf_actions":151,"confirmed_hits":793,"dup_confirmed":0,"hits_on_me":103,"pred_actions":169,"predicted_confirmed":62,"predicted_hits":150,"reconnects":0},"ev":"stats","hp":280.0,"in_bytes":3629047,"late":0,"local_entity":6,"match":{"countdown_until":300,"ctrl":-1,"final":false,"next":"","phase":3,"rot":1928,"scores":[34,15],"sd":false,"state":3,"tick":16072,"zone":"A"},"max_err":1.864,"mean_err":0.024,"ms":274973,"out_bytes":802199,"pending":5,"pos":[-41.39,1.42],"reconciles":5396,"server_tick":16371,"snaps":5404,"teleports":8}
[client] {"a":9,"dup":false,"ev":"game","ms":275106,"predicted":false,"t":3,"tick":16375,"type":"hit"}
[client] {"a":2,"dup":false,"ev":"game","ms":275257,"predicted":false,"t":5,"tick":16384,"type":"hit"}
[client] {"a":1,"dup":false,"ev":"game","ms":275388,"predicted":false,"t":5,"tick":16392,"type":"hit"}
[client] {"a":0,"dup":false,"ev":"game","ms":275423,"predicted":false,"t":5,"tick":16394,"type":"hit"}
[client] {"a":9,"dup":false,"ev":"game","ms":275954,"predicted":false,"t":0,"tick":16426,"type":"hit"}
[client] {"a":5,"dup":false,"ev":"game","ms":276320,"predicted":false,"t":2,"tick":16448,"type":"hit"}
[client] {"a":0,"dup":false,"ev":"game","ms":276375,"predicted":false,"t":9,"tick":16451,"type":"hit"}
[client] {"a":0,"dup":false,"ev":"game","ms":276423,"predicted":false,"t":7,"tick":16454,"type":"hit"}
[client] {"a":5,"dup":false,"ev":"game","ms":276423,"predicted":false,"t":0,"tick":16454,"type":"hit"}
[client] {"a":7,"dup":false,"ev":"game","ms":276423,"predicted":false,"t":-1,"tick":16454,"type":"ko"}
[client] {"a":3,"dup":false,"ev":"game","ms":276824,"predicted":false,"t":6,"tick":16478,"type":"hit"}
[client] {"a":3,"dup":false,"ev":"game","ms":276858,"predicted":false,"t":9,"tick":16480,"type":"hit"}
[client] {"a":1,"dup":false,"ev":"game","ms":277189,"predicted":false,"t":6,"tick":16500,"type":"hit"}
[client] {"a":0,"dup":false,"ev":"game","ms":277356,"predicted":false,"t":6,"tick":16510,"type":"hit"}
[client] {"a":3,"dup":false,"ev":"game","ms":277389,"predicted":false,"t":6,"tick":16512,"type":"hit"}
[client] {"a":5,"dup":false,"ev":"game","ms":277520,"predicted":false,"t":1,"tick":16520,"type":"hit"}
[client] {"a":5,"dup":false,"ev":"game","ms":277556,"predicted":false,"t":2,"tick":16522,"type":"hit"}
[client] {"a":5,"dup":false,"ev":"game","ms":277624,"predicted":false,"t":0,"tick":16526,"type":"hit"}
[client] {"a":3,"dup":false,"ev":"game","ms":277707,"predicted":false,"t":6,"tick":16531,"type":"hit"}
[client] {"a":3,"dup":false,"ev":"game","ms":278141,"predicted":false,"t":6,"tick":16557,"type":"hit"}
[client] {"a":6,"dup":true,"ev":"game","ms":278424,"predicted":false,"t":3,"tick":16579,"type":"hit"}
[client] {"a":5,"dup":false,"ev":"game","ms":278611,"predicted":false,"t":3,"tick":16585,"type":"hit"}
[client] {"a":1,"dup":false,"ev":"game","ms":278638,"predicted":false,"t":6,"tick":16587,"type":"hit"}
[client] {"a":2,"dup":false,"ev":"game","ms":278894,"predicted":false,"t":5,"tick":16602,"type":"hit"}
[client] {"a":1,"dup":false,"ev":"game","ms":278956,"predicted":false,"t":6,"tick":16606,"type":"hit"}
[client] {"a":1,"dup":false,"ev":"game","ms":279011,"predicted":false,"t":9,"tick":16609,"type":"hit"}
[client] {"a":0,"dup":false,"ev":"game","ms":279038,"predicted":false,"t":6,"tick":16611,"type":"hit"}
[client] {"a":5,"dup":false,"ev":"game","ms":279239,"predicted":false,"t":1,"tick":16623,"type":"hit"}
[client] {"a":6,"dup":true,"ev":"game","ms":279357,"predicted":false,"t":1,"tick":16635,"type":"hit"}
[client] {"a":6,"dup":true,"ev":"game","ms":279715,"predicted":false,"t":1,"tick":16656,"type":"hit"}
[client] {"a":0,"dup":false,"ev":"game","ms":279770,"predicted":false,"t":5,"tick":16655,"type":"hit"}
[client] {"a":5,"dup":false,"ev":"game","ms":279770,"predicted":false,"t":-1,"tick":16655,"type":"ko"}
[client] {"a":0,"dup":false,"ev":"game","ms":279805,"predicted":false,"t":6,"tick":16657,"type":"hit"}
[client] {"a":9,"dup":false,"ev":"game","ms":279867,"predicted":false,"t":3,"tick":16661,"type":"hit"}
[client] {"counts":{"blocks_on_me":12,"conf_actions":158,"confirmed_hits":825,"dup_confirmed":0,"hits_on_me":113,"pred_actions":177,"predicted_confirmed":65,"predicted_hits":161,"reconnects":0},"ev":"stats","hp":66.0,"in_bytes":3705462,"late":0,"local_entity":6,"match":{"countdown_until":300,"ctrl":-1,"final":false,"next":"","phase":3,"rot":1628,"scores":[34,15],"sd":false,"state":3,"tick":16372,"zone":"A"},"max_err":1.864,"mean_err":0.0246,"ms":279969,"out_bytes":816899,"pending":5,"pos":[-39.84,2.16],"reconciles":5496,"server_tick":16671,"snaps":5504,"teleports":8}
[client] {"a":2,"dup":false,"ev":"game","ms":279970,"predicted":false,"t":6,"tick":16667,"type":"hit"}
[client] {"a":0,"dup":false,"ev":"game","ms":280184,"predicted":false,"t":9,"tick":16680,"type":"hit"}
[client] {"a":0,"dup":false,"ev":"game","ms":280502,"predicted":false,"t":9,"tick":16699,"type":"hit"}
[client] {"a":0,"dup":false,"ev":"game","ms":281150,"predicted":false,"t":6,"tick":16738,"type":"hit"}
[client] {"a":1,"dup":false,"ev":"game","ms":281205,"predicted":false,"t":6,"tick":16741,"type":"hit"}
[client] {"a":0,"dup":false,"ev":"game","ms":281467,"predicted":false,"t":6,"tick":16757,"type":"hit"}
[client] {"a":6,"dup":false,"ev":"game","ms":281722,"predicted":false,"t":-1,"tick":16776,"type":"ko"}
[client] {"a":0,"dup":false,"ev":"game","ms":281785,"predicted":false,"t":6,"tick":16776,"type":"hit"}
[client] {"a":1,"dup":false,"ev":"game","ms":281950,"predicted":false,"t":9,"tick":16786,"type":"hit"}
[client] {"a":1,"dup":false,"ev":"game","ms":282288,"predicted":false,"t":9,"tick":16806,"type":"hit"}
[client] {"a":0,"dup":false,"ev":"game","ms":282371,"predicted":false,"t":9,"tick":16811,"type":"hit"}
[client] {"a":8,"dup":false,"ev":"game","ms":282688,"predicted":false,"t":-1,"tick":16830,"type":"respawn"}
[client] {"a":0,"dup":false,"ev":"game","ms":282985,"predicted":false,"t":9,"tick":16848,"type":"hit"}
[client] {"a":1,"dup":false,"ev":"game","ms":283523,"predicted":false,"t":9,"tick":16880,"type":"hit"}
[client] {"a":9,"dup":false,"ev":"game","ms":284068,"predicted":false,"t":1,"tick":16913,"type":"hit"}
[client] {"a":4,"dup":false,"ev":"game","ms":284137,"predicted":false,"t":-1,"tick":16917,"type":"respawn"}
[client] {"counts":{"blocks_on_me":12,"conf_actions":161,"confirmed_hits":838,"dup_confirmed":0,"hits_on_me":118,"pred_actions":180,"predicted_confirmed":65,"predicted_hits":164,"reconnects":0},"ev":"stats","hp":0.0,"in_bytes":3772544,"late":0,"local_entity":6,"match":{"countdown_until":300,"ctrl":-1,"final":false,"next":"","phase":3,"rot":1328,"scores":[34,15],"sd":false,"state":3,"tick":16672,"zone":"A"},"max_err":1.864,"mean_err":0.0243,"ms":284972,"out_bytes":831599,"pending":5,"pos":[-40.28,1.71],"reconciles":5596,"server_tick":16971,"snaps":5604,"teleports":8}
[client] {"a":7,"dup":false,"ev":"game","ms":286421,"predicted":false,"t":-1,"tick":17054,"type":"respawn"}
[client] {"a":3,"dup":false,"ev":"game","ms":286773,"predicted":false,"t":9,"tick":17075,"type":"hit"}
[client] {"a":3,"dup":false,"ev":"game","ms":287456,"predicted":false,"t":9,"tick":17116,"type":"hit"}
[client] {"a":9,"dup":false,"ev":"game","ms":287456,"predicted":false,"t":-1,"tick":17116,"type":"ko"}
[client] {"a":5,"dup":false,"ev":"game","ms":289775,"predicted":false,"t":-1,"tick":17255,"type":"respawn"}
[client] {"counts":{"blocks_on_me":12,"conf_actions":161,"confirmed_hits":840,"dup_confirmed":0,"hits_on_me":118,"pred_actions":180,"predicted_confirmed":65,"predicted_hits":164,"reconnects":0},"ev":"stats","hp":0.0,"in_bytes":3833604,"late":0,"local_entity":6,"match":{"countdown_until":300,"ctrl":0,"final":false,"next":"","phase":3,"rot":1028,"scores":[36,15],"sd":false,"state":2,"tick":16972,"zone":"A"},"max_err":1.864,"mean_err":0.0239,"ms":289974,"out_bytes":846299,"pending":5,"pos":[-40.28,1.71],"reconciles":5696,"server_tick":17271,"snaps":5704,"teleports":8}
[client] {"a":6,"dup":false,"ev":"game","ms":291728,"predicted":false,"t":-1,"tick":17376,"type":"respawn"}
[client] {"a":8,"dup":false,"ev":"game","ms":292976,"predicted":false,"t":0,"tick":17447,"type":"hit"}
[client] {"a":8,"dup":false,"ev":"game","ms":293308,"predicted":false,"t":0,"tick":17467,"type":"hit"}
[client] {"counts":{"blocks_on_me":12,"conf_actions":162,"confirmed_hits":842,"dup_confirmed":0,"hits_on_me":118,"pred_actions":180,"predicted_confirmed":65,"predicted_hits":164,"reconnects":0},"ev":"stats","hp":280.0,"in_bytes":3899144,"late":0,"local_entity":6,"match":{"countdown_until":300,"ctrl":-1,"final":false,"next":"C","phase":3,"rot":728,"scores":[38,15],"sd":false,"state":3,"tick":17272,"zone":"A"},"max_err":1.864,"mean_err":0.0235,"ms":294970,"out_bytes":860999,"pending":5,"pos":[1.12,30.33],"reconciles":5795,"server_tick":17571,"snaps":5804,"teleports":9}
[client] {"a":8,"dup":false,"ev":"game","ms":295371,"predicted":false,"t":2,"tick":17591,"type":"hit"}
[client] {"a":8,"dup":false,"ev":"game","ms":295668,"predicted":false,"t":1,"tick":17609,"type":"hit"}
[client] {"a":2,"dup":false,"ev":"game","ms":295888,"predicted":false,"t":8,"tick":17622,"type":"hit"}
[client] {"a":8,"dup":false,"ev":"game","ms":297020,"predicted":false,"t":1,"tick":17690,"type":"hit"}
[client] {"a":8,"dup":false,"ev":"game","ms":297358,"predicted":false,"t":1,"tick":17710,"type":"hit"}
[client] {"a":9,"dup":false,"ev":"game","ms":297455,"predicted":false,"t":-1,"tick":17716,"type":"respawn"}
[client] {"a":1,"dup":false,"ev":"game","ms":297869,"predicted":false,"t":8,"tick":17741,"type":"hit"}
[client] {"a":2,"dup":false,"ev":"game","ms":297938,"predicted":false,"t":8,"tick":17745,"type":"hit"}
[client] {"a":3,"dup":false,"ev":"game","ms":298159,"predicted":false,"t":7,"tick":17758,"type":"hit"}
[client] {"a":0,"dup":false,"ev":"game","ms":298740,"predicted":false,"t":7,"tick":17793,"type":"hit"}
[client] {"a":3,"dup":false,"ev":"game","ms":298807,"predicted":false,"t":7,"tick":17797,"type":"hit"}
[client] {"counts":{"blocks_on_me":12,"conf_actions":162,"confirmed_hits":852,"dup_confirmed":0,"hits_on_me":118,"pred_actions":180,"predicted_confirmed":65,"predicted_hits":164,"reconnects":0},"ev":"stats","hp":280.0,"in_bytes":3963960,"late":0,"local_entity":6,"match":{"countdown_until":300,"ctrl":-1,"final":false,"next":"C","phase":3,"rot":428,"scores":[38,15],"sd":false,"state":3,"tick":17572,"zone":"A"},"max_err":1.864,"mean_err":0.0231,"ms":299972,"out_bytes":875699,"pending":5,"pos":[-22.45,11.78],"reconciles":5895,"server_tick":17871,"snaps":5904,"teleports":9}
[client] {"a":8,"dup":false,"ev":"game","ms":300104,"predicted":false,"t":1,"tick":17875,"type":"hit"}
[client] {"a":1,"dup":false,"ev":"game","ms":300105,"predicted":false,"t":-1,"tick":17875,"type":"ko"}
[client] {"a":2,"dup":false,"ev":"game","ms":300490,"predicted":false,"t":8,"tick":17898,"type":"hit"}
[client] {"a":5,"dup":false,"ev":"game","ms":300842,"predicted":false,"t":0,"tick":17919,"type":"hit"}
[client] {"a":7,"dup":false,"ev":"game","ms":301105,"predicted":false,"t":0,"tick":17935,"type":"hit"}
[client] {"a":0,"dup":false,"ev":"game","ms":301105,"predicted":false,"t":-1,"tick":17935,"type":"ko"}
[client] {"a":3,"dup":false,"ev":"game","ms":301588,"predicted":false,"t":8,"tick":17964,"type":"hit"}
[client] {"a":4,"dup":false,"ev":"game","ms":301788,"predicted":false,"t":5,"tick":17976,"type":"hit"}
[client] {"a":3,"dup":false,"ev":"game","ms":301905,"predicted":false,"t":8,"tick":17983,"type":"hit"}
[client] {"a":7,"dup":false,"ev":"game","ms":302126,"predicted":false,"t":4,"tick":17996,"type":"hit"}
[client] {"a":5,"dup":false,"ev":"game","ms":302174,"predicted":false,"t":4,"tick":17999,"type":"hit"}
[client] {"a":8,"dup":false,"ev":"game","ms":302271,"predicted":false,"t":3,"tick":18005,"type":"hit"}
[client] {"a":5,"dup":false,"ev":"game","ms":302609,"predicted":false,"t":4,"tick":18025,"type":"hit"}
[client] {"a":8,"dup":false,"ev":"game","ms":302609,"predicted":false,"t":3,"tick":18025,"type":"hit"}
[client] {"a":7,"dup":false,"ev":"game","ms":302726,"predicted":false,"t":4,"tick":18032,"type":"hit"}
[client] {"a":7,"dup":false,"ev":"game","ms":302761,"predicted":false,"t":3,"tick":18034,"type":"hit"}
[client] {"a":7,"dup":false,"ev":"game","ms":303140,"predicted":false,"t":4,"tick":18057,"type":"hit"}
[client] {"a":8,"dup":false,"ev":"game","ms":303209,"predicted":false,"t":3,"tick":18061,"type":"hit"}
[client] {"a":8,"dup":false,"ev":"game","ms":303444,"predicted":false,"t":4,"tick":18075,"type":"hit"}
[client] {"a":8,"dup":false,"ev":"game","ms":303478,"predicted":false,"t":3,"tick":18077,"type":"hit"}
[client] {"a":6,"dup":true,"ev":"game","ms":303858,"predicted":false,"t":2,"tick":18105,"type":"hit"}
[client] {"a":8,"dup":false,"ev":"game","ms":304223,"predicted":false,"t":4,"tick":18122,"type":"hit"}
[client] {"a":2,"dup":false,"ev":"game","ms":304507,"predicted":false,"t":8,"tick":18139,"type":"hit"}
[client] {"a":8,"dup":false,"ev":"game","ms":304941,"predicted":false,"t":2,"tick":18165,"type":"hit"}
[client] {"counts":{"blocks_on_me":12,"conf_actions":166,"confirmed_hits":874,"dup_confirmed":0,"hits_on_me":118,"pred_actions":184,"predicted_confirmed":66,"predicted_hits":165,"reconnects":0},"ev":"stats","hp":280.0,"in_bytes":4033254,"late":0,"local_entity":6,"match":{"countdown_until":300,"ctrl":-1,"final":false,"next":"C","phase":3,"rot":128,"scores":[38,15],"sd":false,"state":3,"tick":17872,"zone":"A"},"max_err":1.864,"mean_err":0.0227,"ms":304975,"out_bytes":890399,"pending":5,"pos":[-39.62,0.81],"reconciles":5995,"server_tick":18171,"snaps":6004,"teleports":9}
[client] {"a":4,"dup":false,"ev":"game","ms":305341,"predicted":false,"t":6,"tick":18189,"type":"block"}
[client] {"a":4,"dup":false,"ev":"game","ms":306017,"predicted":false,"t":6,"tick":18230,"type":"block"}
[client] {"a":2,"dup":false,"ev":"game","ms":306038,"predicted":false,"t":6,"tick":18231,"type":"block"}
[client] {"a":3,"dup":false,"ev":"game","ms":306121,"predicted":false,"t":6,"tick":18236,"type":"block"}
[client] {"a":2,"dup":false,"ev":"game","ms":306356,"predicted":false,"t":6,"tick":18250,"type":"block"}
[client] {"a":5,"dup":false,"ev":"game","ms":306521,"predicted":false,"t":4,"tick":18260,"type":"hit"}
[client] {"a":2,"dup":false,"ev":"game","ms":306617,"predicted":false,"t":6,"tick":18266,"type":"hit"}
[client] {"a":7,"dup":false,"ev":"game","ms":306687,"predicted":false,"t":3,"tick":18270,"type":"hit"}
[client] {"a":4,"dup":false,"ev":"game","ms":307170,"predicted":false,"t":6,"tick":18299,"type":"hit"}
[client] {"a":-1,"dup":false,"ev":"game","ms":307170,"predicted":false,"t":-1,"tick":18299,"type":"zone_rotated"}
[client] {"a":6,"dup":true,"ev":"game","ms":307474,"predicted":false,"t":4,"tick":18321,"type":"hit"}
[client] {"a":5,"dup":false,"ev":"game","ms":307487,"predicted":false,"t":4,"tick":18318,"type":"hit"}
[client] {"a":2,"dup":false,"ev":"game","ms":307584,"predicted":false,"t":5,"tick":18324,"type":"hit"}
[client] {"a":7,"dup":false,"ev":"game","ms":307605,"predicted":false,"t":4,"tick":18325,"type":"hit"}
[client] {"a":6,"dup":true,"ev":"game","ms":307819,"predicted":false,"t":3,"tick":18343,"type":"hit"}
[client] {"a":3,"dup":false,"ev":"game","ms":307901,"predicted":false,"t":-1,"tick":18343,"type":"ko"}
[client] {"a":9,"dup":false,"ev":"game","ms":307970,"predicted":false,"t":4,"tick":18347,"type":"hit"}
[client] {"a":2,"dup":false,"ev":"game","ms":308605,"predicted":false,"t":6,"tick":18385,"type":"hit"}
[client] {"a":7,"dup":false,"ev":"game","ms":308785,"predicted":false,"t":2,"tick":18396,"type":"hit"}
[client] {"a":9,"dup":false,"ev":"game","ms":309207,"predicted":false,"t":4,"tick":18421,"type":"hit"}
[client] {"a":4,"dup":false,"ev":"game","ms":309207,"predicted":false,"t":-1,"tick":18421,"type":"ko"}
[client] {"a":2,"dup":false,"ev":"game","ms":309640,"predicted":false,"t":8,"tick":18447,"type":"hit"}
[client] {"a":6,"dup":true,"ev":"game","ms":309875,"predicted":false,"t":2,"tick":18466,"type":"hit"}
[client] {"counts":{"blocks_on_me":17,"conf_actions":173,"confirmed_hits":889,"dup_confirmed":0,"hits_on_me":121,"pred_actions":192,"predicted_confirmed":69,"predicted_hits":172,"reconnects":0},"ev":"stats","hp":225.0,"in_bytes":4099671,"late":0,"local_entity":6,"match":{"countdown_until":300,"ctrl":-1,"final":false,"next":"","phase":3,"rot":3428,"scores":[38,15],"sd":false,"state":1,"tick":18172,"zone":"C"},"max_err":1.864,"mean_err":0.0228,"ms":309971,"out_bytes":905099,"pending":5,"pos":[-38.15,0.94],"reconciles":6095,"server_tick":18471,"snaps":6104,"teleports":9}
[client] {"a":1,"dup":false,"ev":"game","ms":310103,"predicted":false,"t":-1,"tick":18475,"type":"respawn"}
[client] {"a":6,"dup":true,"ev":"game","ms":310276,"predicted":false,"t":2,"tick":18489,"type":"hit"}
[client] {"a":6,"dup":true,"ev":"game","ms":310759,"predicted":false,"t":2,"tick":18519,"type":"hit"}
[client] {"a":0,"dup":false,"ev":"game","ms":311106,"predicted":false,"t":-1,"tick":18535,"type":"respawn"}
[client] {"a":2,"dup":false,"ev":"game","ms":311275,"predicted":false,"t":6,"tick":18544,"type":"hit"}
[client] {"a":2,"dup":false,"ev":"game","ms":312008,"predicted":false,"t":6,"tick":18589,"type":"hit"}
[client] {"counts":{"blocks_on_me":17,"conf_actions":177,"confirmed_hits":893,"dup_confirmed":0,"hits_on_me":123,"pred_actions":197,"predicted_confirmed":71,"predicted_hits":175,"reconnects":0},"ev":"stats","hp":169.0,"in_bytes":4154743,"late":0,"local_entity":6,"match":{"countdown_until":300,"ctrl":-1,"final":false,"next":"","phase":3,"rot":3128,"scores":[38,15],"sd":false,"state":1,"tick":18472,"zone":"C"},"max_err":1.864,"mean_err":0.0228,"ms":314969,"out_bytes":919799,"pending":5,"pos":[-22.54,5.23],"reconciles":6195,"server_tick":18771,"snaps":6204,"teleports":9}
[client] {"a":3,"dup":false,"ev":"game","ms":317906,"predicted":false,"t":-1,"tick":18943,"type":"respawn"}
[client] {"a":4,"dup":false,"ev":"game","ms":319204,"predicted":false,"t":-1,"tick":19021,"type":"respawn"}
[client] {"a":2,"dup":false,"ev":"game","ms":319307,"predicted":false,"t":6,"tick":19027,"type":"hit"}
[client] {"counts":{"blocks_on_me":17,"conf_actions":177,"confirmed_hits":894,"dup_confirmed":0,"hits_on_me":124,"pred_actions":197,"predicted_confirmed":71,"predicted_hits":175,"reconnects":0},"ev":"stats","hp":162.700000000001,"in_bytes":4210963,"late":0,"local_entity":6,"match":{"countdown_until":300,"ctrl":0,"final":false,"next":"","phase":3,"rot":2828,"scores":[39,15],"sd":false,"state":2,"tick":18772,"zone":"C"},"max_err":1.864,"mean_err":0.0227,"ms":319968,"out_bytes":934499,"pending":5,"pos":[9.64,0.95],"reconciles":6295,"server_tick":19071,"snaps":6304,"teleports":9}
[client] {"a":5,"dup":false,"ev":"game","ms":321722,"predicted":false,"t":1,"tick":19172,"type":"hit"}
[client] {"a":7,"dup":false,"ev":"game","ms":321791,"predicted":false,"t":0,"tick":19176,"type":"hit"}
[client] {"a":9,"dup":false,"ev":"game","ms":321888,"predicted":false,"t":0,"tick":19182,"type":"hit"}
[client] {"a":5,"dup":false,"ev":"game","ms":322509,"predicted":false,"t":1,"tick":19219,"type":"hit"}
[client] {"a":0,"dup":false,"ev":"game","ms":322805,"predicted":false,"t":5,"tick":19237,"type":"hit"}
[client] {"a":0,"dup":false,"ev":"game","ms":322874,"predicted":false,"t":9,"tick":19241,"type":"hit"}
[client] {"a":8,"dup":false,"ev":"game","ms":323088,"predicted":false,"t":0,"tick":19254,"type":"hit"}
[client] {"a":1,"dup":false,"ev":"game","ms":323323,"predicted":false,"t":7,"tick":19268,"type":"hit"}
[client] {"a":1,"dup":false,"ev":"game","ms":323323,"predicted":false,"t":8,"tick":19268,"type":"hit"}
[client] {"a":0,"dup":false,"ev":"game","ms":323723,"predicted":false,"t":5,"tick":19292,"type":"hit"}
[client] {"a":1,"dup":false,"ev":"game","ms":323909,"predicted":false,"t":5,"tick":19303,"type":"hit"}
[client] {"a":9,"dup":false,"ev":"game","ms":323937,"predicted":false,"t":1,"tick":19305,"type":"hit"}
[client] {"a":5,"dup":false,"ev":"game","ms":324310,"predicted":false,"t":0,"tick":19327,"type":"hit"}
[client] {"a":7,"dup":false,"ev":"game","ms":324441,"predicted":false,"t":0,"tick":19335,"type":"hit"}
[client] {"a":9,"dup":false,"ev":"game","ms":324889,"predicted":false,"t":1,"tick":19362,"type":"hit"}
[client] {"a":5,"dup":false,"ev":"game","ms":324911,"predicted":false,"t":1,"tick":19363,"type":"hit"}
[client] {"counts":{"blocks_on_me":17,"conf_actions":179,"confirmed_hits":910,"dup_confirmed":0,"hits_on_me":124,"pred_actions":199,"predicted_confirmed":71,"predicted_hits":175,"reconnects":0},"ev":"stats","hp":162.700000000001,"in_bytes":4279123,"late":0,"local_entity":6,"match":{"countdown_until":300,"ctrl":-1,"final":false,"next":"","phase":3,"rot":2528,"scores":[39,15],"sd":false,"state":3,"tick":19072,"zone":"C"},"max_err":1.864,"mean_err":0.0223,"ms":324971,"out_bytes":949199,"pending":5,"pos":[32.53,-3.63],"reconciles":6395,"server_tick":19371,"snaps":6404,"teleports":9}
[client] {"a":5,"dup":false,"ev":"game","ms":325475,"predicted":false,"t":0,"tick":19397,"type":"hit"}
[client] {"a":0,"dup":false,"ev":"game","ms":326159,"predicted":false,"t":9,"tick":19438,"type":"hit"}
[client] {"a":8,"dup":false,"ev":"game","ms":326172,"predicted":false,"t":1,"tick":19439,"type":"hit"}
[client] {"a":8,"dup":false,"ev":"game","ms":326193,"predicted":false,"t":0,"tick":19440,"type":"hit"}
[client] {"a":2,"dup":false,"ev":"game","ms":326939,"predicted":false,"t":9,"tick":19485,"type":"hit"}
[client] {"a":8,"dup":false,"ev":"game","ms":327132,"predicted":false,"t":1,"tick":19497,"type":"hit"}
[client] {"a":8,"dup":false,"ev":"game","ms":327187,"predicted":false,"t":0,"tick":19500,"type":"hit"}
[client] {"a":2,"dup":false,"ev":"game","ms":327601,"predicted":false,"t":5,"tick":19525,"type":"hit"}
[client] {"a":2,"dup":false,"ev":"game","ms":327601,"predicted":false,"t":9,"tick":19525,"type":"hit"}
[client] {"a":1,"dup":false,"ev":"game","ms":327732,"predicted":false,"t":9,"tick":19533,"type":"hit"}
[client] {"a":8,"dup":false,"ev":"game","ms":327822,"predicted":false,"t":0,"tick":19538,"type":"hit"}
[client] {"a":0,"dup":false,"ev":"game","ms":327822,"predicted":false,"t":-1,"tick":19538,"type":"ko"}
[client] {"a":9,"dup":false,"ev":"game","ms":328166,"predicted":false,"t":2,"tick":19559,"type":"hit"}
[client] {"a":1,"dup":false,"ev":"game","ms":328187,"predicted":false,"t":9,"tick":19560,"type":"hit"}
[client] {"a":7,"dup":false,"ev":"game","ms":328236,"predicted":false,"t":1,"tick":19563,"type":"hit"}
[client] {"a":5,"dup":false,"ev":"game","ms":328619,"predicted":false,"t":1,"tick":19585,"type":"hit"}
[client] {"a":2,"dup":false,"ev":"game","ms":328783,"predicted":false,"t":6,"tick":19595,"type":"block"}
[client] {"a":9,"dup":false,"ev":"game","ms":328783,"predicted":false,"t":2,"tick":19595,"type":"hit"}
[client] {"a":5,"dup":false,"ev":"game","ms":328831,"predicted":false,"t":1,"tick":19598,"type":"hit"}
[client] {"a":1,"dup":false,"ev":"game","ms":328831,"predicted":false,"t":-1,"tick":19598,"type":"ko"}
[client] {"a":3,"dup":false,"ev":"game","ms":329100,"predicted":false,"t":6,"tick":19614,"type":"hit"}
[client] {"a":2,"dup":false,"ev":"game","ms":329149,"predicted":false,"t":6,"tick":19617,"type":"hit"}
[client] {"a":9,"dup":false,"ev":"game","ms":329231,"predicted":false,"t":2,"tick":19622,"type":"hit"}
[client] {"a":2,"dup":false,"ev":"game","ms":329232,"predicted":false,"t":-1,"tick":19622,"type":"ko"}
[client] {"a":3,"dup":false,"ev":"game","ms":329514,"predicted":false,"t":6,"tick":19639,"type":"hit"}
[client] {"a":6,"dup":true,"ev":"game","ms":329818,"predicted":false,"t":3,"tick":19663,"type":"hit"}
[client] {"counts":{"blocks_on_me":18,"conf_actions":184,"confirmed_hits":932,"dup_confirmed":0,"hits_on_me":127,"pred_actions":206,"predicted_confirmed":72,"predicted_hits":177,"reconnects":0},"ev":"stats","hp":108.700000000001,"in_bytes":4350210,"late":0,"local_entity":6,"match":{"countdown_until":300,"ctrl":-1,"final":false,"next":"","phase":3,"rot":2228,"scores":[39,15],"sd":false,"state":3,"tick":19372,"zone":"C"},"max_err":1.864,"mean_err":0.0223,"ms":329962,"out_bytes":963899,"pending":5,"pos":[38.9,-1.05],"reconciles":6494,"server_tick":19671,"snaps":6503,"teleports":9}
[client] {"a":6,"dup":true,"ev":"game","ms":330219,"predicted":false,"t":3,"tick":19686,"type":"hit"}
[client] {"a":3,"dup":false,"ev":"game","ms":330598,"predicted":false,"t":6,"tick":19705,"type":"hit"}
[client] {"a":4,"dup":false,"ev":"game","ms":332385,"predicted":false,"t":6,"tick":19811,"type":"hit"}
[client] {"a":3,"dup":false,"ev":"game","ms":332419,"predicted":false,"t":6,"tick":19813,"type":"hit"}
[client] {"a":4,"dup":false,"ev":"game","ms":332433,"predicted":false,"t":9,"tick":19814,"type":"hit"}
[client] {"a":7,"dup":false,"ev":"game","ms":332620,"predicted":false,"t":3,"tick":19825,"type":"hit"}
[client] {"a":6,"dup":true,"ev":"game","ms":332737,"predicted":false,"t":4,"tick":19837,"type":"hit"}
[client] {"a":7,"dup":false,"ev":"game","ms":332937,"predicted":false,"t":3,"tick":19844,"type":"hit"}
[client] {"a":4,"dup":false,"ev":"game","ms":333220,"predicted":false,"t":6,"tick":19861,"type":"hit"}
[client] {"a":4,"dup":false,"ev":"game","ms":333220,"predicted":false,"t":7,"tick":19861,"type":"hit"}
[client] {"a":3,"dup":false,"ev":"game","ms":333551,"predicted":false,"t":7,"tick":19881,"type":"hit"}
[client] {"a":5,"dup":false,"ev":"game","ms":333586,"predicted":false,"t":4,"tick":19883,"type":"hit"}
[client] {"a":9,"dup":false,"ev":"game","ms":333599,"predicted":false,"t":4,"tick":19884,"type":"hit"}
[client] {"a":3,"dup":false,"ev":"game","ms":333620,"predicted":false,"t":5,"tick":19885,"type":"hit"}
[client] {"a":6,"dup":true,"ev":"game","ms":333668,"predicted":false,"t":3,"tick":19894,"type":"hit"}
[client] {"a":8,"dup":false,"ev":"game","ms":334025,"predicted":false,"t":4,"tick":19909,"type":"hit"}
[client] {"a":6,"dup":false,"ev":"game","ms":334025,"predicted":false,"t":-1,"tick":19914,"type":"ko"}
[client] {"a":3,"dup":false,"ev":"game","ms":334110,"predicted":false,"t":6,"tick":19914,"type":"hit"}
[client] {"a":4,"dup":false,"ev":"game","ms":334393,"predicted":false,"t":8,"tick":19932,"type":"hit"}
[client] {"a":9,"dup":false,"ev":"game","ms":334524,"predicted":false,"t":3,"tick":19940,"type":"parry"}
[client] {"a":7,"dup":false,"ev":"game","ms":334676,"predicted":false,"t":3,"tick":19949,"type":"hit"}
[client] {"a":8,"dup":false,"ev":"game","ms":334828,"predicted":false,"t":4,"tick":19958,"type":"hit"}
[client] {"counts":{"blocks_on_me":18,"conf_actions":192,"confirmed_hits":952,"dup_confirmed":0,"hits_on_me":132,"pred_actions":213,"predicted_confirmed":75,"predicted_hits":189,"reconnects":0},"ev":"stats","hp":0.0,"in_bytes":4418705,"late":0,"local_entity":6,"match":{"countdown_until":300,"ctrl":-1,"final":false,"next":"","phase":3,"rot":1928,"scores":[39,15],"sd":false,"state":3,"tick":19672,"zone":"C"},"max_err":1.864,"mean_err":0.0227,"ms":334972,"out_bytes":978599,"pending":5,"pos":[40.76,-0.52],"reconciles":6594,"server_tick":19971,"snaps":6603,"teleports":9}
[client] {"a":3,"dup":false,"ev":"game","ms":335042,"predicted":false,"t":7,"tick":19971,"type":"hit"}
[client] {"a":8,"dup":false,"ev":"game","ms":335090,"predicted":false,"t":4,"tick":19974,"type":"hit"}
[client] {"a":3,"dup":false,"ev":"game","ms":335324,"predicted":false,"t":7,"tick":19988,"type":"hit"}
[client] {"a":9,"dup":false,"ev":"game","ms":335573,"predicted":false,"t":3,"tick":20003,"type":"hit"}
[client] {"a":8,"dup":false,"ev":"game","ms":335607,"predicted":false,"t":4,"tick":20005,"type":"hit"}
[client] {"a":8,"dup":false,"ev":"game","ms":335925,"predicted":false,"t":4,"tick":20024,"type":"hit"}
[client] {"a":8,"dup":false,"ev":"game","ms":336249,"predicted":false,"t":4,"tick":20044,"type":"hit"}
[client] {"a":3,"dup":false,"ev":"game","ms":336435,"predicted":false,"t":7,"tick":20054,"type":"hit"}
[client] {"a":9,"dup":false,"ev":"game","ms":336566,"predicted":false,"t":4,"tick":20063,"type":"hit"}
[client] {"a":5,"dup":false,"ev":"game","ms":337167,"predicted":false,"t":3,"tick":20099,"type":"hit"}
[client] {"a":4,"dup":false,"ev":"game","ms":337567,"predicted":false,"t":8,"tick":20123,"type":"hit"}
[client] {"a":0,"dup":false,"ev":"game","ms":337822,"predicted":false,"t":-1,"tick":20138,"type":"respawn"}
[client] {"a":8,"dup":false,"ev":"game","ms":337967,"predicted":false,"t":4,"tick":20147,"type":"hit"}
[client] {"a":3,"dup":false,"ev":"game","ms":338022,"predicted":false,"t":5,"tick":20150,"type":"hit"}
[client] {"a":8,"dup":false,"ev":"game","ms":338354,"predicted":false,"t":4,"tick":20170,"type":"hit"}
[client] {"a":4,"dup":false,"ev":"game","ms":338754,"predicted":false,"t":8,"tick":20194,"type":"hit"}
[client] {"a":1,"dup":false,"ev":"game","ms":338836,"predicted":false,"t":-1,"tick":20198,"type":"respawn"}
[client] {"a":3,"dup":false,"ev":"game","ms":339188,"predicted":false,"t":5,"tick":20220,"type":"hit"}
[client] {"a":2,"dup":false,"ev":"game","ms":339236,"predicted":false,"t":-1,"tick":20222,"type":"respawn"}
[client] {"a":8,"dup":false,"ev":"game","ms":339485,"predicted":false,"t":4,"tick":20237,"type":"block"}
[client] {"counts":{"blocks_on_me":18,"conf_actions":192,"confirmed_hits":968,"dup_confirmed":0,"hits_on_me":132,"pred_actions":213,"predicted_confirmed":75,"predicted_hits":189,"reconnects":0},"ev":"stats","hp":0.0,"in_bytes":4478937,"late":0,"local_entity":6,"match":{"countdown_until":300,"ctrl":-1,"final":false,"next":"","phase":3,"rot":1628,"scores":[39,15],"sd":false,"state":3,"tick":19972,"zone":"C"},"max_err":1.864,"mean_err":0.0224,"ms":339967,"out_bytes":993299,"pending":5,"pos":[40.76,-0.52],"reconciles":6694,"server_tick":20271,"snaps":6703,"teleports":9}
[client] {"a":8,"dup":false,"ev":"game","ms":340086,"predicted":false,"t":4,"tick":20274,"type":"block"}
[client] {"a":8,"dup":false,"ev":"game","ms":340637,"predicted":false,"t":4,"tick":20307,"type":"hit"}
[client] {"a":8,"dup":false,"ev":"game","ms":340966,"predicted":false,"t":4,"tick":20327,"type":"hit"}
[client] {"a":4,"dup":false,"ev":"game","ms":340966,"predicted":false,"t":-1,"tick":20327,"type":"ko"}
[client] {"a":3,"dup":false,"ev":"game","ms":341218,"predicted":false,"t":5,"tick":20342,"type":"hit"}
[client] {"a":7,"dup":false,"ev":"game","ms":341335,"predicted":false,"t":3,"tick":20349,"type":"hit"}
[client] {"a":7,"dup":false,"ev":"game","ms":341832,"predicted":false,"t":3,"tick":20379,"type":"hit"}
[client] {"a":3,"dup":false,"ev":"game","ms":342184,"predicted":false,"t":7,"tick":20400,"type":"hit"}
[client] {"a":5,"dup":false,"ev":"game","ms":342301,"predicted":false,"t":3,"tick":20407,"type":"hit"}
[client] {"a":9,"dup":false,"ev":"game","ms":342397,"predicted":false,"t":3,"tick":20413,"type":"hit"}
[client] {"a":3,"dup":false,"ev":"game","ms":342398,"predicted":false,"t":-1,"tick":20413,"type":"ko"}
[client] {"a":6,"dup":false,"ev":"game","ms":344023,"predicted":false,"t":-1,"tick":20514,"type":"respawn"}
[client] {"counts":{"blocks_on_me":18,"conf_actions":192,"confirmed_hits":976,"dup_confirmed":0,"hits_on_me":132,"pred_actions":213,"predicted_confirmed":75,"predicted_hits":189,"reconnects":0},"ev":"stats","hp":280.0,"in_bytes":4536600,"late":0,"local_entity":6,"match":{"countdown_until":300,"ctrl":1,"final":false,"next":"","phase":3,"rot":1328,"scores":[39,17],"sd":false,"state":2,"tick":20272,"zone":"C"},"max_err":1.864,"mean_err":0.0221,"ms":344967,"out_bytes":1007999,"pending":5,"pos":[-4.44,42.99],"reconciles":6793,"server_tick":20571,"snaps":6803,"teleports":10}
[client] {"a":0,"dup":false,"ev":"game","ms":348908,"predicted":false,"t":9,"tick":20803,"type":"hit"}
[client] {"a":8,"dup":false,"ev":"game","ms":349184,"predicted":false,"t":0,"tick":20820,"type":"hit"}
[client] {"counts":{"blocks_on_me":18,"conf_actions":192,"confirmed_hits":978,"dup_confirmed":0,"hits_on_me":132,"pred_actions":213,"predicted_confirmed":75,"predicted_hits":189,"reconnects":0},"ev":"stats","hp":280.0,"in_bytes":4590866,"late":0,"local_entity":6,"match":{"countdown_until":300,"ctrl":-1,"final":false,"next":"","phase":3,"rot":1028,"scores":[39,20],"sd":false,"state":3,"tick":20572,"zone":"C"},"max_err":1.864,"mean_err":0.0217,"ms":349963,"out_bytes":1022699,"pending":5,"pos":[10.69,17.38],"reconciles":6893,"server_tick":20871,"snaps":6903,"teleports":10}
[client] {"a":5,"dup":false,"ev":"game","ms":350055,"predicted":false,"t":2,"tick":20872,"type":"hit"}
[client] {"a":8,"dup":false,"ev":"game","ms":350067,"predicted":false,"t":2,"tick":20873,"type":"hit"}
[client] {"a":1,"dup":false,"ev":"game","ms":350219,"predicted":false,"t":8,"tick":20882,"type":"hit"}
[client] {"a":8,"dup":false,"ev":"game","ms":350220,"predicted":false,"t":-1,"tick":20882,"type":"ko"}
[client] {"a":2,"dup":false,"ev":"game","ms":350516,"predicted":false,"t":5,"tick":20900,"type":"hit"}
[client] {"a":0,"dup":false,"ev":"game","ms":350702,"predicted":false,"t":9,"tick":20911,"type":"hit"}
[client] {"a":2,"dup":false,"ev":"game","ms":350785,"predicted":false,"t":5,"tick":20916,"type":"hit"}
[client] {"a":4,"dup":false,"ev":"game","ms":350965,"predicted":false,"t":-1,"tick":20927,"type":"respawn"}
[client] {"a":0,"dup":false,"ev":"game","ms":351517,"predicted":false,"t":7,"tick":20960,"type":"hit"}
[client] {"a":1,"dup":false,"ev":"game","ms":351517,"predicted":false,"t":7,"tick":20960,"type":"hit"}
[client] {"a":9,"dup":false,"ev":"game","ms":351551,"predicted":false,"t":0,"tick":20962,"type":"hit"}
[client] {"a":9,"dup":false,"ev":"game","ms":351565,"predicted":false,"t":1,"tick":20963,"type":"hit"}
[client] {"a":2,"dup":false,"ev":"game","ms":351654,"predicted":false,"t":5,"tick":20968,"type":"hit"}
[client] {"a":5,"dup":false,"ev":"game","ms":351654,"predicted":false,"t":-1,"tick":20968,"type":"ko"}
[client] {"a":3,"dup":false,"ev":"game","ms":352400,"predicted":false,"t":-1,"tick":21013,"type":"respawn"}
[client] {"a":0,"dup":false,"ev":"game","ms":352655,"predicted":false,"t":9,"tick":21028,"type":"hit"}
[client] {"a":9,"dup":false,"ev":"game","ms":352655,"predicted":false,"t":-1,"tick":21028,"type":"ko"}
[client] {"a":7,"dup":false,"ev":"game","ms":352952,"predicted":false,"t":2,"tick":21046,"type":"hit"}
[client] {"a":2,"dup":false,"ev":"game","ms":353352,"predicted":false,"t":7,"tick":21070,"type":"hit"}
[client] {"a":7,"dup":false,"ev":"game","ms":353352,"predicted":false,"t":-1,"tick":21070,"type":"ko"}
[client] {"counts":{"blocks_on_me":18,"conf_actions":192,"confirmed_hits":992,"dup_confirmed":0,"hits_on_me":132,"pred_actions":213,"predicted_confirmed":75,"predicted_hits":189,"reconnects":0},"ev":"stats","hp":280.0,"in_bytes":4652612,"late":0,"local_entity":6,"match":{"countdown_until":300,"ctrl":-1,"final":false,"next":"B","phase":3,"rot":728,"scores":[39,20],"sd":false,"state":3,"tick":20872,"zone":"C"},"max_err":1.864,"mean_err":0.0214,"ms":354972,"out_bytes":1037399,"pending":5,"pos":[39.49,1.55],"reconciles":6993,"server_tick":21171,"snaps":7003,"teleports":10}
[client] {"a":6,"dup":true,"ev":"game","ms":355470,"predicted":false,"t":1,"tick":21202,"type":"hit"}
[client] {"a":0,"dup":false,"ev":"game","ms":355787,"predicted":false,"t":6,"tick":21216,"type":"hit"}
[client] {"a":1,"dup":false,"ev":"game","ms":355953,"predicted":false,"t":6,"tick":21226,"type":"hit"}
[client] {"a":1,"dup":false,"ev":"game","ms":356270,"predicted":false,"t":6,"tick":21245,"type":"hit"}
[client] {"a":2,"dup":false,"ev":"game","ms":356284,"predicted":false,"t":6,"tick":21246,"type":"hit"}
[client] {"a":6,"dup":true,"ev":"game","ms":357906,"predicted":false,"t":1,"tick":21348,"type":"hit"}
[client] {"a":2,"dup":false,"ev":"game","ms":358403,"predicted":false,"t":6,"tick":21373,"type":"hit"}
[client] {"a":0,"dup":false,"ev":"game","ms":358823,"predicted":false,"t":6,"tick":21398,"type":"hit"}
[client] {"a":0,"dup":false,"ev":"game","ms":359141,"predicted":false,"t":6,"tick":21417,"type":"hit"}
[client] {"a":2,"dup":false,"ev":"game","ms":359320,"predicted":false,"t":6,"tick":21428,"type":"hit"}
[client] {"counts":{"blocks_on_me":18,"conf_actions":198,"confirmed_hits":1002,"dup_confirmed":0,"hits_on_me":140,"pred_actions":221,"predicted_confirmed":77,"predicted_hits":197,"reconnects":0},"ev":"stats","hp":104.0,"in_bytes":4716353,"late":0,"local_entity":6,"match":{"countdown_until":300,"ctrl":-1,"final":false,"next":"B","phase":3,"rot":428,"scores":[39,20],"sd":false,"state":3,"tick":21172,"zone":"C"},"max_err":1.864,"mean_err":0.0218,"ms":359975,"out_bytes":1052099,"pending":5,"pos":[39.83,2.39],"reconciles":7093,"server_tick":21471,"snaps":7103,"teleports":10}
[client] {"a":8,"dup":false,"ev":"game","ms":360224,"predicted":false,"t":-1,"tick":21482,"type":"respawn"}
[client] {"a":1,"dup":false,"ev":"game","ms":361273,"predicted":false,"t":6,"tick":21545,"type":"hit"}
[client] {"a":1,"dup":false,"ev":"game","ms":361590,"predicted":false,"t":6,"tick":21564,"type":"hit"}
[client] {"a":5,"dup":false,"ev":"game","ms":361660,"predicted":false,"t":-1,"tick":21568,"type":"respawn"}
[client] {"a":6,"dup":true,"ev":"game","ms":361909,"predicted":false,"t":1,"tick":21588,"type":"hit"}
[client] {"a":1,"dup":false,"ev":"game","ms":362377,"predicted":false,"t":6,"tick":21611,"type":"hit"}
[client] {"a":9,"dup":false,"ev":"game","ms":362660,"predicted":false,"t":-1,"tick":21628,"type":"respawn"}
[client] {"a":1,"dup":false,"ev":"game","ms":362673,"predicted":false,"t":6,"tick":21629,"type":"hit"}
[client] {"a":1,"dup":false,"ev":"game","ms":362996,"predicted":false,"t":6,"tick":21648,"type":"hit"}
[client] {"a":6,"dup":true,"ev":"game","ms":363300,"predicted":false,"t":1,"tick":21671,"type":"hit"}
[client] {"a":7,"dup":false,"ev":"game","ms":363370,"predicted":false,"t":-1,"tick":21670,"type":"respawn"}
[client] {"a":6,"dup":true,"ev":"game","ms":364066,"predicted":false,"t":1,"tick":21717,"type":"hit"}
[client] {"a":6,"dup":false,"ev":"game","ms":364535,"predicted":false,"t":-1,"tick":21745,"type":"ko"}
[client] {"a":4,"dup":false,"ev":"game","ms":364618,"predicted":false,"t":6,"tick":21745,"type":"hit"}
[client] {"counts":{"blocks_on_me":18,"conf_actions":208,"confirmed_hits":1011,"dup_confirmed":0,"hits_on_me":146,"pred_actions":231,"predicted_confirmed":80,"predicted_hits":203,"reconnects":0},"ev":"stats","hp":0.0,"in_bytes":4788931,"late":0,"local_entity":6,"match":{"countdown_until":300,"ctrl":0,"final":false,"next":"B","phase":3,"rot":128,"scores":[39,20],"sd":false,"state":2,"tick":21472,"zone":"C"},"max_err":1.864,"mean_err":0.0218,"ms":364969,"out_bytes":1066799,"pending":8,"pos":[41.08,1.06],"reconciles":7192,"server_tick":21771,"snaps":7203,"teleports":10}
[client] {"a":-1,"dup":false,"ev":"game","ms":367185,"predicted":false,"t":-1,"tick":21899,"type":"zone_rotated"}
[client] {"counts":{"blocks_on_me":18,"conf_actions":208,"confirmed_hits":1011,"dup_confirmed":0,"hits_on_me":146,"pred_actions":231,"predicted_confirmed":80,"predicted_hits":203,"reconnects":0},"ev":"stats","hp":0.0,"in_bytes":4845097,"late":0,"local_entity":6,"match":{"countdown_until":300,"ctrl":1,"final":false,"next":"","phase":3,"rot":3428,"scores":[41,20],"sd":false,"state":2,"tick":21772,"zone":"B"},"max_err":1.864,"mean_err":0.0215,"ms":369971,"out_bytes":1081499,"pending":8,"pos":[41.08,1.06],"reconciles":7292,"server_tick":22071,"snaps":7303,"teleports":10}
[client] {"a":1,"dup":false,"ev":"game","ms":373383,"predicted":false,"t":5,"tick":22271,"type":"hit"}
[client] {"a":8,"dup":false,"ev":"game","ms":373487,"predicted":false,"t":1,"tick":22277,"type":"hit"}
[client] {"a":4,"dup":false,"ev":"game","ms":373701,"predicted":false,"t":5,"tick":22290,"type":"hit"}
[client] {"a":4,"dup":false,"ev":"game","ms":373701,"predicted":false,"t":8,"tick":22290,"type":"hit"}
[client] {"a":1,"dup":false,"ev":"game","ms":374018,"predicted":false,"t":5,"tick":22309,"type":"hit"}
[client] {"a":1,"dup":false,"ev":"game","ms":374053,"predicted":false,"t":8,"tick":22311,"type":"hit"}
[client] {"a":1,"dup":false,"ev":"game","ms":374315,"predicted":false,"t":5,"tick":22328,"type":"hit"}
[client] {"a":1,"dup":false,"ev":"game","ms":374349,"predicted":false,"t":8,"tick":22330,"type":"hit"}
[client] {"a":1,"dup":false,"ev":"game","ms":374370,"predicted":false,"t":7,"tick":22331,"type":"hit"}
[client] {"a":4,"dup":false,"ev":"game","ms":374384,"predicted":false,"t":5,"tick":22332,"type":"hit"}
[client] {"a":4,"dup":false,"ev":"game","ms":374384,"predicted":false,"t":8,"tick":22332,"type":"hit"}
[client] {"a":4,"dup":false,"ev":"game","ms":374418,"predicted":false,"t":7,"tick":22334,"type":"hit"}
[client] {"a":4,"dup":false,"ev":"game","ms":374419,"predicted":false,"t":9,"tick":22334,"type":"hit"}
[client] {"a":6,"dup":false,"ev":"game","ms":374536,"predicted":false,"t":-1,"tick":22345,"type":"respawn"}
[client] {"a":2,"dup":false,"ev":"game","ms":374854,"predicted":false,"t":9,"tick":22360,"type":"hit"}
[client] {"counts":{"blocks_on_me":18,"conf_actions":208,"confirmed_hits":1025,"dup_confirmed":0,"hits_on_me":146,"pred_actions":231,"predicted_confirmed":80,"predicted_hits":203,"reconnects":0},"ev":"stats","hp":280.0,"in_bytes":4915120,"late":0,"local_entity":6,"match":{"countdown_until":300,"ctrl":-1,"final":false,"next":"","phase":3,"rot":3128,"scores":[41,22],"sd":false,"state":3,"tick":22072,"zone":"B"},"max_err":1.864,"mean_err":0.0212,"ms":374970,"out_bytes":1096199,"pending":8,"pos":[-5.99,45.85],"reconciles":7391,"server_tick":22371,"snaps":7403,"teleports":11}
[client] {"a":2,"dup":false,"ev":"game","ms":375184,"predicted":false,"t":9,"tick":22379,"type":"hit"}
[client] {"a":5,"dup":false,"ev":"game","ms":375350,"predicted":false,"t":3,"tick":22389,"type":"hit"}
[client] {"a":8,"dup":false,"ev":"game","ms":375406,"predicted":false,"t":2,"tick":22392,"type":"hit"}
[client] {"a":8,"dup":false,"ev":"game","ms":375716,"predicted":false,"t":2,"tick":22412,"type":"hit"}
[client] {"a":7,"dup":false,"ev":"game","ms":375751,"predicted":false,"t":2,"tick":22414,"type":"hit"}
[client] {"a":2,"dup":false,"ev":"game","ms":376702,"predicted":false,"t":8,"tick":22470,"type":"hit"}
[client] {"a":2,"dup":false,"ev":"game","ms":377055,"predicted":false,"t":8,"tick":22491,"type":"hit"}
[client] {"a":2,"dup":false,"ev":"game","ms":377103,"predicted":false,"t":9,"tick":22494,"type":"hit"}
[client] {"a":3,"dup":false,"ev":"game","ms":377173,"predicted":false,"t":5,"tick":22498,"type":"hit"}
[client] {"a":7,"dup":false,"ev":"game","ms":377255,"predicted":false,"t":1,"tick":22503,"type":"hit"}
[client] {"a":0,"dup":false,"ev":"game","ms":377268,"predicted":false,"t":5,"tick":22504,"type":"hit"}
[client] {"a":7,"dup":false,"ev":"game","ms":377317,"predicted":false,"t":3,"tick":22507,"type":"hit"}
[client] {"a":4,"dup":false,"ev":"game","ms":377385,"predicted":false,"t":5,"tick":22511,"type":"hit"}
[client] {"a":2,"dup":false,"ev":"game","ms":377503,"predicted":false,"t":8,"tick":22518,"type":"hit"}
[client] {"a":2,"dup":false,"ev":"game","ms":377538,"predicted":false,"t":9,"tick":22520,"type":"hit"}
[client] {"a":4,"dup":false,"ev":"game","ms":377717,"predicted":false,"t":7,"tick":22531,"type":"hit"}
[client] {"a":5,"dup":false,"ev":"game","ms":377786,"predicted":false,"t":0,"tick":22535,"type":"hit"}
[client] {"a":2,"dup":false,"ev":"game","ms":377889,"predicted":false,"t":8,"tick":22541,"type":"block"}
[client] {"a":5,"dup":false,"ev":"game","ms":378103,"predicted":false,"t":4,"tick":22554,"type":"hit"}
[client] {"a":2,"dup":false,"ev":"game","ms":378124,"predicted":false,"t":8,"tick":22555,"type":"hit"}
[client] {"a":0,"dup":false,"ev":"game","ms":378151,"predicted":false,"t":5,"tick":22557,"type":"hit"}
[client] {"a":2,"dup":false,"ev":"game","ms":378152,"predicted":false,"t":9,"tick":22557,"type":"hit"}
[client] {"a":7,"dup":false,"ev":"game","ms":378489,"predicted":false,"t":4,"tick":22577,"type":"hit"}
[client] {"a":2,"dup":false,"ev":"game","ms":378655,"predicted":false,"t":8,"tick":22588,"type":"hit"}
[client] {"a":2,"dup":false,"ev":"game","ms":379034,"predicted":false,"t":8,"tick":22611,"type":"hit"}
[client] {"a":5,"dup":false,"ev":"game","ms":379186,"predicted":false,"t":1,"tick":22620,"type":"hit"}
[client] {"a":8,"dup":false,"ev":"game","ms":379456,"predicted":false,"t":2,"tick":22636,"type":"hit"}
[client] {"a":5,"dup":false,"ev":"game","ms":379525,"predicted":false,"t":1,"tick":22640,"type":"hit"}
[client] {"a":4,"dup":false,"ev":"game","ms":379835,"predicted":false,"t":5,"tick":22659,"type":"hit"}
[client] {"a":3,"dup":false,"ev":"game","ms":379856,"predicted":false,"t":5,"tick":22660,"type":"hit"}
[client] {"a":5,"dup":false,"ev":"game","ms":379856,"predicted":false,"t":-1,"tick":22660,"type":"ko"}
[client] {"a":9,"dup":false,"ev":"game","ms":379925,"predicted":false,"t":1,"tick":22664,"type":"hit"}
[client] {"a":1,"dup":false,"ev":"game","ms":379925,"predicted":false,"t":-1,"tick":22664,"type":"ko"}
[client] {"counts":{"blocks_on_me":18,"conf_actions":208,"confirmed_hits":1055,"dup_confirmed":0,"hits_on_me":146,"pred_actions":231,"predicted_confirmed":80,"predicted_hits":203,"reconnects":0},"ev":"stats","hp":280.0,"in_bytes":4989790,"late":0,"local_entity":6,"match":{"countdown_until":300,"ctrl":-1,"final":false,"next":"","phase":3,"rot":2828,"scores":[41,22],"sd":false,"state":3,"tick":22372,"zone":"B"},"max_err":1.864,"mean_err":0.0209,"ms":379972,"out_bytes":1110899,"pending":8,"pos":[-2.45,13.44],"reconciles":7491,"server_tick":22671,"snaps":7503,"teleports":11}
[client] {"a":9,"dup":false,"ev":"game","ms":379974,"predicted":false,"t":4,"tick":22667,"type":"hit"}
[client] {"a":3,"dup":false,"ev":"game","ms":380490,"predicted":false,"t":9,"tick":22698,"type":"hit"}
[client] {"a":8,"dup":false,"ev":"game","ms":380525,"predicted":false,"t":0,"tick":22700,"type":"hit"}
[client] {"a":9,"dup":false,"ev":"game","ms":380835,"predicted":false,"t":0,"tick":22719,"type":"hit"}
[client] {"a":8,"dup":false,"ev":"game","ms":380870,"predicted":false,"t":0,"tick":22721,"type":"hit"}
[client] {"a":2,"dup":false,"ev":"game","ms":380988,"predicted":false,"t":8,"tick":22728,"type":"hit"}
[client] {"a":8,"dup":false,"ev":"game","ms":380988,"predicted":false,"t":-1,"tick":22728,"type":"ko"}
[client] {"a":3,"dup":false,"ev":"game","ms":381022,"predicted":false,"t":9,"tick":22730,"type":"hit"}
[client] {"a":0,"dup":false,"ev":"game","ms":381257,"predicted":false,"t":9,"tick":22744,"type":"hit"}
[client] {"a":3,"dup":false,"ev":"game","ms":381339,"predicted":false,"t":9,"tick":22749,"type":"hit"}
[client] {"a":7,"dup":false,"ev":"game","ms":381788,"predicted":false,"t":3,"tick":22776,"type":"hit"}
[client] {"a":7,"dup":false,"ev":"game","ms":381836,"predicted":false,"t":4,"tick":22779,"type":"hit"}
[client] {"a":2,"dup":false,"ev":"game","ms":382057,"predicted":false,"t":9,"tick":22792,"type":"hit"}
[client] {"a":3,"dup":false,"ev":"game","ms":382105,"predicted":false,"t":7,"tick":22795,"type":"hit"}
[client] {"a":0,"dup":false,"ev":"game","ms":382291,"predicted":false,"t":7,"tick":22806,"type":"hit"}
[client] {"a":0,"dup":false,"ev":"game","ms":382306,"predicted":false,"t":9,"tick":22807,"type":"hit"}
[client] {"a":2,"dup":false,"ev":"game","ms":382388,"predicted":false,"t":7,"tick":22812,"type":"hit"}
[client] {"a":0,"dup":false,"ev":"game","ms":382892,"predicted":false,"t":6,"tick":22842,"type":"hit"}
[client] {"a":9,"dup":false,"ev":"game","ms":383127,"predicted":false,"t":0,"tick":22856,"type":"hit"}
[client] {"a":6,"dup":true,"ev":"game","ms":383458,"predicted":false,"t":0,"tick":22881,"type":"hit"}
[client] {"a":2,"dup":false,"ev":"game","ms":383575,"predicted":false,"t":6,"tick":22883,"type":"hit"}
[client] {"a":7,"dup":false,"ev":"game","ms":383623,"predicted":false,"t":3,"tick":22886,"type":"hit"}
[client] {"a":3,"dup":false,"ev":"game","ms":383940,"predicted":false,"t":6,"tick":22905,"type":"hit"}
[client] {"a":7,"dup":false,"ev":"game","ms":384155,"predicted":false,"t":3,"tick":22918,"type":"hit"}
[client] {"a":2,"dup":false,"ev":"game","ms":384210,"predicted":false,"t":6,"tick":22921,"type":"hit"}
[client] {"a":7,"dup":false,"ev":"game","ms":384210,"predicted":false,"t":4,"tick":22921,"type":"hit"}
[client] {"a":9,"dup":false,"ev":"game","ms":384589,"predicted":false,"t":3,"tick":22944,"type":"hit"}
[client] {"a":4,"dup":false,"ev":"game","ms":384624,"predicted":false,"t":7,"tick":22946,"type":"hit"}
[client] {"a":6,"dup":true,"ev":"game","ms":384776,"predicted":false,"t":4,"tick":22960,"type":"hit"}
[client] {"a":0,"dup":false,"ev":"game","ms":384941,"predicted":false,"t":6,"tick":22965,"type":"hit"}
[client] {"a":2,"dup":false,"ev":"game","ms":384955,"predicted":false,"t":6,"tick":22966,"type":"hit"}
[client] {"a":3,"dup":false,"ev":"game","ms":384955,"predicted":false,"t":6,"tick":22966,"type":"hit"}
[client] {"counts":{"blocks_on_me":18,"conf_actions":212,"confirmed_hits":1086,"dup_confirmed":0,"hits_on_me":153,"pred_actions":236,"predicted_confirmed":82,"predicted_hits":210,"reconnects":0},"ev":"stats","hp":114.0,"in_bytes":5063660,"late":0,"local_entity":6,"match":{"countdown_until":300,"ctrl":-1,"final":false,"next":"","phase":3,"rot":2528,"scores":[41,22],"sd":false,"state":3,"tick":22672,"zone":"B"},"max_err":1.864,"mean_err":0.0213,"ms":384975,"out_bytes":1125599,"pending":5,"pos":[-2.58,-2.16],"reconciles":7592,"server_tick":22971,"snaps":7603,"teleports":11}
[client] {"a":2,"dup":false,"ev":"game","ms":384989,"predicted":false,"t":9,"tick":22968,"type":"hit"}
[client] {"a":9,"dup":false,"ev":"game","ms":384989,"predicted":false,"t":-1,"tick":22968,"type":"ko"}
[client] {"a":2,"dup":false,"ev":"game","ms":385024,"predicted":false,"t":7,"tick":22970,"type":"hit"}
[client] {"a":4,"dup":false,"ev":"game","ms":385272,"predicted":false,"t":6,"tick":22985,"type":"block"}
[client] {"a":2,"dup":false,"ev":"game","ms":385576,"predicted":false,"t":6,"tick":23003,"type":"block"}
[client] {"a":3,"dup":false,"ev":"game","ms":385576,"predicted":false,"t":6,"tick":23003,"type":"block"}
[client] {"a":0,"dup":false,"ev":"game","ms":385824,"predicted":false,"t":6,"tick":23018,"type":"block"}
[client] {"a":2,"dup":false,"ev":"game","ms":385908,"predicted":false,"t":6,"tick":23023,"type":"block"}
[client] {"a":2,"dup":false,"ev":"game","ms":386259,"predicted":false,"t":6,"tick":23044,"type":"hit"}
[client] {"a":3,"dup":false,"ev":"game","ms":386645,"predicted":false,"t":6,"tick":23067,"type":"hit"}
[client] {"a":0,"dup":false,"ev":"game","ms":386673,"predicted":false,"t":6,"tick":23069,"type":"hit"}
[client] {"a":2,"dup":false,"ev":"game","ms":386908,"predicted":false,"t":6,"tick":23083,"type":"hit"}
[client] {"a":7,"dup":false,"ev":"game","ms":387156,"predicted":false,"t":4,"tick":23098,"type":"block"}
[client] {"a":7,"dup":false,"ev":"game","ms":387177,"predicted":false,"t":0,"tick":23099,"type":"hit"}
[client] {"a":7,"dup":false,"ev":"game","ms":387225,"predicted":false,"t":3,"tick":23102,"type":"hit"}
[client] {"a":2,"dup":false,"ev":"game","ms":387294,"predicted":false,"t":7,"tick":23106,"type":"hit"}
[client] {"a":7,"dup":false,"ev":"game","ms":387294,"predicted":false,"t":-1,"tick":23106,"type":"ko"}
[client] {"a":6,"dup":false,"ev":"game","ms":387825,"predicted":false,"t":4,"tick":23143,"type":"block"}
[client] {"a":6,"dup":false,"ev":"game","ms":388274,"predicted":false,"t":4,"tick":23170,"type":"block"}
[client] {"a":6,"dup":true,"ev":"game","ms":389095,"predicted":false,"t":4,"tick":23219,"type":"hit"}
[client] {"a":5,"dup":false,"ev":"game","ms":389855,"predicted":false,"t":-1,"tick":23260,"type":"respawn"}
[client] {"a":1,"dup":false,"ev":"game","ms":389923,"predicted":false,"t":-1,"tick":23264,"type":"respawn"}
[client] {"counts":{"blocks_on_me":23,"conf_actions":221,"confirmed_hits":1096,"dup_confirmed":0,"hits_on_me":157,"pred_actions":245,"predicted_confirmed":83,"predicted_hits":218,"reconnects":0},"ev":"stats","hp":22.0,"in_bytes":5133159,"late":0,"local_entity":6,"match":{"countdown_until":300,"ctrl":-1,"final":false,"next":"","phase":3,"rot":2228,"scores":[41,22],"sd":false,"state":3,"tick":22972,"zone":"B"},"max_err":1.864,"mean_err":0.0217,"ms":389970,"out_bytes":1140299,"pending":8,"pos":[-2.38,-2.02],"reconciles":7691,"server_tick":23272,"snaps":7703,"teleports":11}
[client] {"a":6,"dup":false,"ev":"game","ms":390640,"predicted":false,"t":-1,"tick":23312,"type":"ko"}
[client] {"a":2,"dup":false,"ev":"game","ms":390723,"predicted":false,"t":6,"tick":23312,"type":"hit"}
[client] {"a":8,"dup":false,"ev":"game","ms":390985,"predicted":false,"t":-1,"tick":23328,"type":"respawn"}
[client] {"counts":{"blocks_on_me":23,"conf_actions":222,"confirmed_hits":1097,"dup_confirmed":0,"hits_on_me":158,"pred_actions":246,"predicted_confirmed":83,"predicted_hits":218,"reconnects":0},"ev":"stats","hp":0.0,"in_bytes":5189493,"late":0,"local_entity":6,"match":{"countdown_until":300,"ctrl":0,"final":false,"next":"","phase":3,"rot":1928,"scores":[45,22],"sd":false,"state":2,"tick":23272,"zone":"B"},"max_err":1.864,"mean_err":0.0214,"ms":394973,"out_bytes":1154999,"pending":5,"pos":[-2.1,-2.23],"reconciles":7792,"server_tick":23571,"snaps":7803,"teleports":11}
[client] {"a":9,"dup":false,"ev":"game","ms":394987,"predicted":false,"t":-1,"tick":23568,"type":"respawn"}
[client] {"a":7,"dup":false,"ev":"game","ms":397292,"predicted":false,"t":-1,"tick":23706,"type":"respawn"}
[client] {"a":2,"dup":false,"ev":"game","ms":397444,"predicted":false,"t":5,"tick":23715,"type":"hit"}
[client] {"a":2,"dup":false,"ev":"game","ms":397775,"predicted":false,"t":5,"tick":23735,"type":"hit"}
[client] {"a":4,"dup":false,"ev":"game","ms":397789,"predicted":false,"t":5,"tick":23736,"type":"hit"}
[client] {"a":8,"dup":false,"ev":"game","ms":398071,"predicted":false,"t":2,"tick":23753,"type":"hit"}
[client] {"a":4,"dup":false,"ev":"game","ms":398272,"predicted":false,"t":5,"tick":23765,"type":"hit"}
[client] {"a":8,"dup":false,"ev":"game","ms":398306,"predicted":false,"t":2,"tick":23767,"type":"hit"}
[client] {"a":8,"dup":false,"ev":"game","ms":398341,"predicted":false,"t":4,"tick":23769,"type":"hit"}
[client] {"a":1,"dup":false,"ev":"game","ms":398762,"predicted":false,"t":5,"tick":23794,"type":"hit"}
[client] {"a":8,"dup":false,"ev":"game","ms":399266,"predicted":false,"t":1,"tick":23825,"type":"hit"}
[client] {"a":8,"dup":false,"ev":"game","ms":399320,"predicted":false,"t":0,"tick":23828,"type":"hit"}
[client] {"a":4,"dup":false,"ev":"game","ms":399383,"predicted":false,"t":8,"tick":23832,"type":"hit"}
[client] {"a":5,"dup":false,"ev":"game","ms":399783,"predicted":false,"t":4,"tick":23856,"type":"hit"}
[client] {"counts":{"blocks_on_me":23,"conf_actions":222,"confirmed_hits":1109,"dup_confirmed":0,"hits_on_me":158,"pred_actions":246,"predicted_confirmed":83,"predicted_hits":218,"reconnects":0},"ev":"stats","hp":0.0,"in_bytes":5256853,"late":0,"local_entity":6,"match":{"countdown_until":300,"ctrl":-1,"final":false,"next":"","phase":3,"rot":1628,"scores":[45,22],"sd":false,"state":3,"tick":23572,"zone":"B"},"max_err":1.864,"mean_err":0.0212,"ms":399968,"out_bytes":1169699,"pending":5,"pos":[-2.1,-2.23],"reconciles":7892,"server_tick":23871,"snaps":7903,"teleports":11}
[client] {"a":5,"dup":false,"ev":"game","ms":400121,"predicted":false,"t":4,"tick":23876,"type":"hit"}
[client] {"a":2,"dup":false,"ev":"game","ms":400321,"predicted":false,"t":5,"tick":23888,"type":"hit"}
[client] {"a":2,"dup":false,"ev":"game","ms":400570,"predicted":false,"t":5,"tick":23903,"type":"hit"}
[client] {"a":8,"dup":false,"ev":"game","ms":400570,"predicted":false,"t":4,"tick":23903,"type":"hit"}
[client] {"a":6,"dup":false,"ev":"game","ms":400638,"predicted":false,"t":-1,"tick":23912,"type":"respawn"}
[client] {"a":8,"dup":false,"ev":"game","ms":401618,"predicted":false,"t":2,"tick":23966,"type":"hit"}
[client] {"a":4,"dup":false,"ev":"game","ms":401902,"predicted":false,"t":5,"tick":23983,"type":"hit"}
[client] {"a":4,"dup":false,"ev":"game","ms":402240,"predicted":false,"t":5,"tick":24003,"type":"hit"}
[client] {"a":1,"dup":false,"ev":"game","ms":402288,"predicted":false,"t":5,"tick":24006,"type":"hit"}
[client] {"a":4,"dup":false,"ev":"game","ms":402602,"predicted":false,"t":8,"tick":24025,"type":"hit"}
[client] {"a":9,"dup":false,"ev":"game","ms":403018,"predicted":false,"t":4,"tick":24049,"type":"hit"}
[client] {"a":4,"dup":false,"ev":"game","ms":403018,"predicted":false,"t":-1,"tick":24049,"type":"ko"}
[client] {"a":9,"dup":false,"ev":"game","ms":403051,"predicted":false,"t":1,"tick":24051,"type":"hit"}
[client] {"a":5,"dup":false,"ev":"game","ms":403568,"predicted":false,"t":1,"tick":24082,"type":"hit"}
[client] {"a":3,"dup":false,"ev":"game","ms":403872,"predicted":false,"t":9,"tick":24100,"type":"hit"}
[client] {"a":5,"dup":false,"ev":"game","ms":403885,"predicted":false,"t":1,"tick":24101,"type":"hit"}
[client] {"a":3,"dup":false,"ev":"game","ms":404403,"predicted":false,"t":5,"tick":24133,"type":"hit"}
[client] {"a":5,"dup":false,"ev":"game","ms":404403,"predicted":false,"t":-1,"tick":24133,"type":"ko"}
[client] {"a":3,"dup":false,"ev":"game","ms":404900,"predicted":false,"t":9,"tick":24162,"type":"hit"}
[client] {"a":3,"dup":false,"ev":"game","ms":404921,"predicted":false,"t":7,"tick":24163,"type":"hit"}
[client] {"counts":{"blocks_on_me":23,"conf_actions":223,"confirmed_hits":1126,"dup_confirmed":0,"hits_on_me":158,"pred_actions":246,"predicted_confirmed":83,"predicted_hits":218,"reconnects":0},"ev":"stats","hp":280.0,"in_bytes":5327398,"late":0,"local_entity":6,"match":{"countdown_until":300,"ctrl":-1,"final":false,"next":"","phase":3,"rot":1328,"scores":[45,22],"sd":false,"state":3,"tick":23872,"zone":"B"},"max_err":1.864,"mean_err":0.0209,"ms":404968,"out_bytes":1184399,"pending":5,"pos":[1.16,25.82],"reconciles":7990,"server_tick":24171,"snaps":8002,"teleports":12}
[client] {"a":0,"dup":false,"ev":"game","ms":404969,"predicted":false,"t":8,"tick":24166,"type":"hit"}
[client] {"a":0,"dup":false,"ev":"game","ms":405252,"predicted":false,"t":8,"tick":24184,"type":"hit"}
[client] {"a":1,"dup":false,"ev":"game","ms":405700,"predicted":false,"t":8,"tick":24210,"type":"hit"}
[client] {"a":1,"dup":false,"ev":"game","ms":406100,"predicted":false,"t":8,"tick":24234,"type":"hit"}
[client] {"a":0,"dup":false,"ev":"game","ms":406238,"predicted":false,"t":8,"tick":24243,"type":"hit"}
[client] {"a":3,"dup":false,"ev":"game","ms":406252,"predicted":false,"t":9,"tick":24244,"type":"hit"}
[client] {"a":7,"dup":false,"ev":"game","ms":406556,"predicted":false,"t":3,"tick":24261,"type":"hit"}
[client] {"a":8,"dup":false,"ev":"game","ms":407170,"predicted":false,"t":1,"tick":24299,"type":"hit"}
[client] {"a":9,"dup":false,"ev":"game","ms":407922,"predicted":false,"t":2,"tick":24343,"type":"hit"}
[client] {"a":1,"dup":false,"ev":"game","ms":407957,"predicted":false,"t":7,"tick":24346,"type":"hit"}
[client] {"a":1,"dup":false,"ev":"game","ms":407971,"predicted":false,"t":9,"tick":24347,"type":"hit"}
[client] {"a":8,"dup":false,"ev":"game","ms":408254,"predicted":false,"t":3,"tick":24364,"type":"hit"}
[client] {"a":9,"dup":false,"ev":"game","ms":408488,"predicted":false,"t":1,"tick":24377,"type":"hit"}
[client] {"a":7,"dup":false,"ev":"game","ms":408591,"predicted":false,"t":3,"tick":24384,"type":"hit"}
[client] {"a":8,"dup":false,"ev":"game","ms":408791,"predicted":false,"t":1,"tick":24396,"type":"hit"}
[client] {"a":3,"dup":false,"ev":"game","ms":409053,"predicted":false,"t":8,"tick":24412,"type":"hit"}
[client] {"a":9,"dup":false,"ev":"game","ms":409137,"predicted":false,"t":1,"tick":24416,"type":"hit"}
[client] {"a":9,"dup":false,"ev":"game","ms":409137,"predicted":false,"t":2,"tick":24416,"type":"hit"}
[client] {"a":3,"dup":false,"ev":"game","ms":409758,"predicted":false,"t":7,"tick":24453,"type":"hit"}
[client] {"a":2,"dup":false,"ev":"game","ms":409758,"predicted":false,"t":7,"tick":24454,"type":"hit"}
[client] {"a":3,"dup":false,"ev":"game","ms":409792,"predicted":false,"t":9,"tick":24456,"type":"hit"}
[client] {"a":3,"dup":false,"ev":"game","ms":409841,"predicted":false,"t":6,"tick":24459,"type":"hit"}
[client] {"a":8,"dup":false,"ev":"game","ms":409842,"predicted":false,"t":2,"tick":24459,"type":"hit"}
[client] {"a":2,"dup":false,"ev":"game","ms":409842,"predicted":false,"t":-1,"tick":24459,"type":"ko"}
[client] {"counts":{"blocks_on_me":23,"conf_actions":224,"confirmed_hits":1149,"dup_confirmed":0,"hits_on_me":159,"pred_actions":247,"predicted_confirmed":83,"predicted_hits":219,"reconnects":0},"ev":"stats","hp":242.0,"in_bytes":5395386,"late":0,"local_entity":6,"match":{"countdown_until":300,"ctrl":-1,"final":false,"next":"","phase":3,"rot":1028,"scores":[45,22],"sd":false,"state":3,"tick":24172,"zone":"B"},"max_err":1.864,"mean_err":0.0208,"ms":409970,"out_bytes":1199099,"pending":5,"pos":[-3.14,-1.85],"reconciles":8090,"server_tick":24471,"snaps":8102,"teleports":12}
[client] {"a":7,"dup":false,"ev":"game","ms":410123,"predicted":false,"t":3,"tick":24475,"type":"hit"}
[client] {"a":1,"dup":false,"ev":"game","ms":410324,"predicted":false,"t":8,"tick":24487,"type":"hit"}
[client] {"a":3,"dup":false,"ev":"game","ms":410420,"predicted":false,"t":7,"tick":24494,"type":"hit"}
[client] {"a":0,"dup":false,"ev":"game","ms":410440,"predicted":false,"t":7,"tick":24495,"type":"hit"}
[client] {"a":3,"dup":false,"ev":"game","ms":410454,"predicted":false,"t":8,"tick":24496,"type":"hit"}
[client] {"a":1,"dup":false,"ev":"game","ms":410620,"predicted":false,"t":8,"tick":24506,"type":"hit"}
[client] {"a":1,"dup":false,"ev":"game","ms":410641,"predicted":false,"t":7,"tick":24507,"type":"hit"}
[client] {"a":3,"dup":false,"ev":"game","ms":410758,"predicted":false,"t":7,"tick":24513,"type":"hit"}
[client] {"a":8,"dup":false,"ev":"game","ms":411158,"predicted":false,"t":1,"tick":24538,"type":"hit"}
[client] {"a":1,"dup":false,"ev":"game","ms":411158,"predicted":false,"t":-1,"tick":24538,"type":"ko"}
[client] {"a":0,"dup":false,"ev":"game","ms":411241,"predicted":false,"t":9,"tick":24543,"type":"hit"}
[client] {"a":3,"dup":false,"ev":"game","ms":411393,"predicted":false,"t":9,"tick":24552,"type":"hit"}
[client] {"a":7,"dup":false,"ev":"game","ms":411393,"predicted":false,"t":3,"tick":24552,"type":"hit"}
[client] {"a":0,"dup":false,"ev":"game","ms":411890,"predicted":false,"t":7,"tick":24581,"type":"hit"}
[client] {"a":8,"dup":false,"ev":"game","ms":411938,"predicted":false,"t":0,"tick":24584,"type":"hit"}
[client] {"a":7,"dup":false,"ev":"game","ms":412290,"predicted":false,"t":3,"tick":24605,"type":"hit"}
[client] {"a":9,"dup":false,"ev":"game","ms":412441,"predicted":false,"t":0,"tick":24615,"type":"hit"}
[client] {"a":7,"dup":false,"ev":"game","ms":412642,"predicted":false,"t":3,"tick":24627,"type":"hit"}
[client] {"a":4,"dup":false,"ev":"game","ms":413008,"predicted":false,"t":-1,"tick":24649,"type":"respawn"}
[client] {"a":3,"dup":false,"ev":"game","ms":413394,"predicted":false,"t":7,"tick":24672,"type":"hit"}
[client] {"a":8,"dup":false,"ev":"game","ms":413408,"predicted":false,"t":0,"tick":24673,"type":"hit"}
[client] {"a":0,"dup":false,"ev":"game","ms":413408,"predicted":false,"t":-1,"tick":24673,"type":"ko"}
[client] {"a":6,"dup":true,"ev":"game","ms":414277,"predicted":false,"t":3,"tick":24730,"type":"hit"}
[client] {"a":5,"dup":false,"ev":"game","ms":414408,"predicted":false,"t":-1,"tick":24733,"type":"respawn"}
[client] {"a":8,"dup":false,"ev":"game","ms":414657,"predicted":false,"t":3,"tick":24748,"type":"hit"}
[client] {"a":6,"dup":true,"ev":"game","ms":414760,"predicted":false,"t":3,"tick":24758,"type":"hit"}
[client] {"a":3,"dup":false,"ev":"game","ms":414822,"predicted":false,"t":-1,"tick":24758,"type":"ko"}
[client] {"counts":{"blocks_on_me":23,"conf_actions":229,"confirmed_hits":1171,"dup_confirmed":0,"hits_on_me":159,"pred_actions":252,"predicted_confirmed":85,"predicted_hits":224,"reconnects":0},"ev":"stats","hp":242.0,"in_bytes":5464248,"late":0,"local_entity":6,"match":{"countdown_until":300,"ctrl":1,"final":false,"next":"A","phase":3,"rot":728,"scores":[45,22],"sd":false,"state":2,"tick":24472,"zone":"B"},"max_err":1.864,"mean_err":0.0208,"ms":414973,"out_bytes":1213799,"pending":5,"pos":[1.18,-4.71],"reconciles":8190,"server_tick":24771,"snaps":8202,"teleports":12}
[client] {"a":2,"dup":false,"ev":"game","ms":419838,"predicted":false,"t":-1,"tick":25059,"type":"respawn"}
[client] {"counts":{"blocks_on_me":23,"conf_actions":229,"confirmed_hits":1171,"dup_confirmed":0,"hits_on_me":159,"pred_actions":252,"predicted_confirmed":85,"predicted_hits":224,"reconnects":0},"ev":"stats","hp":242.0,"in_bytes":5514934,"late":0,"local_entity":6,"match":{"countdown_until":300,"ctrl":-1,"final":false,"next":"A","phase":3,"rot":428,"scores":[45,26],"sd":false,"state":3,"tick":24772,"zone":"B"},"max_err":1.864,"mean_err":0.0217,"ms":419969,"out_bytes":1228499,"pending":5,"pos":[0.43,-3.07],"reconciles":8290,"server_tick":25071,"snaps":8302,"teleports":12}
[client] {"a":7,"dup":false,"ev":"game","ms":420674,"predicted":false,"t":4,"tick":25109,"type":"hit"}
[client] {"a":8,"dup":false,"ev":"game","ms":420735,"predicted":false,"t":4,"tick":25113,"type":"hit"}
[client] {"a":6,"dup":true,"ev":"game","ms":420908,"predicted":false,"t":4,"tick":25128,"type":"hit"}
[client] {"a":7,"dup":false,"ev":"game","ms":420991,"predicted":false,"t":4,"tick":25128,"type":"hit"}
[client] {"a":9,"dup":false,"ev":"game","ms":420991,"predicted":false,"t":4,"tick":25128,"type":"hit"}
[client] {"a":1,"dup":false,"ev":"game","ms":421156,"predicted":false,"t":-1,"tick":25138,"type":"respawn"}
[client] {"a":4,"dup":false,"ev":"game","ms":422820,"predicted":false,"t":7,"tick":25238,"type":"hit"}
[client] {"a":7,"dup":false,"ev":"game","ms":422820,"predicted":false,"t":-1,"tick":25238,"type":"ko"}
[client] {"a":6,"dup":true,"ev":"game","ms":423240,"predicted":false,"t":4,"tick":25268,"type":"hit"}
[client] {"a":0,"dup":false,"ev":"game","ms":423406,"predicted":false,"t":-1,"tick":25273,"type":"respawn"}
[client] {"a":3,"dup":false,"ev":"game","ms":424820,"predicted":false,"t":-1,"tick":25358,"type":"respawn"}
[client] {"a":4,"dup":false,"ev":"game","ms":424924,"predicted":false,"t":6,"tick":25364,"type":"hit"}
[client] {"counts":{"blocks_on_me":23,"conf_actions":231,"confirmed_hits":1179,"dup_confirmed":0,"hits_on_me":160,"pred_actions":254,"predicted_confirmed":87,"predicted_hits":228,"reconnects":0},"ev":"stats","hp":216.0,"in_bytes":5575214,"late":0,"local_entity":6,"match":{"countdown_until":300,"ctrl":-1,"final":false,"next":"A","phase":3,"rot":128,"scores":[45,26],"sd":false,"state":3,"tick":25072,"zone":"B"},"max_err":1.864,"mean_err":0.0222,"ms":424971,"out_bytes":1243199,"pending":5,"pos":[1.98,-1.96],"reconciles":8390,"server_tick":25371,"snaps":8402,"teleports":12}
[client] {"a":4,"dup":false,"ev":"game","ms":425393,"predicted":false,"t":9,"tick":25392,"type":"hit"}
[client] {"a":9,"dup":false,"ev":"game","ms":425712,"predicted":false,"t":4,"tick":25411,"type":"hit"}
[client] {"a":2,"dup":false,"ev":"game","ms":425993,"predicted":false,"t":5,"tick":25428,"type":"hit"}
[client] {"a":9,"dup":false,"ev":"game","ms":426090,"predicted":false,"t":4,"tick":25434,"type":"hit"}
[client] {"a":2,"dup":false,"ev":"game","ms":426241,"predicted":false,"t":5,"tick":25443,"type":"hit"}
[client] {"a":8,"dup":false,"ev":"game","ms":426656,"predicted":false,"t":2,"tick":25468,"type":"hit"}
[client] {"a":4,"dup":false,"ev":"game","ms":426718,"predicted":false,"t":9,"tick":25472,"type":"hit"}
[client] {"a":5,"dup":false,"ev":"game","ms":427070,"predicted":false,"t":2,"tick":25492,"type":"hit"}
[client] {"a":-1,"dup":false,"ev":"game","ms":427187,"predicted":false,"t":-1,"tick":25499,"type":"zone_rotated"}
[client] {"a":8,"dup":false,"ev":"game","ms":427367,"predicted":false,"t":2,"tick":25510,"type":"hit"}
[client] {"a":9,"dup":false,"ev":"game","ms":427449,"predicted":false,"t":4,"tick":25515,"type":"hit"}
[client] {"a":5,"dup":false,"ev":"game","ms":427470,"predicted":false,"t":2,"tick":25516,"type":"hit"}
[client] {"a":6,"dup":true,"ev":"game","ms":427470,"predicted":false,"t":4,"tick":25521,"type":"hit"}
[client] {"a":6,"dup":true,"ev":"game","ms":427823,"predicted":false,"t":4,"tick":25542,"type":"hit"}
[client] {"a":9,"dup":false,"ev":"game","ms":428001,"predicted":false,"t":2,"tick":25548,"type":"hit"}
[client] {"a":4,"dup":false,"ev":"game","ms":428284,"predicted":false,"t":6,"tick":25565,"type":"hit"}
[client] {"a":5,"dup":false,"ev":"game","ms":428305,"predicted":false,"t":2,"tick":25566,"type":"hit"}
[client] {"a":9,"dup":false,"ev":"game","ms":428318,"predicted":false,"t":2,"tick":25567,"type":"hit"}
[client] {"a":2,"dup":false,"ev":"game","ms":428685,"predicted":false,"t":9,"tick":25589,"type":"hit"}
[client] {"a":4,"dup":false,"ev":"game","ms":428754,"predicted":false,"t":6,"tick":25593,"type":"block"}
[client] {"a":9,"dup":false,"ev":"game","ms":429023,"predicted":false,"t":2,"tick":25609,"type":"hit"}
[client] {"a":4,"dup":false,"ev":"game","ms":429436,"predicted":false,"t":6,"tick":25634,"type":"hit"}
[client] {"a":4,"dup":false,"ev":"game","ms":429471,"predicted":false,"t":9,"tick":25636,"type":"hit"}
[client] {"a":2,"dup":false,"ev":"game","ms":429554,"predicted":false,"t":6,"tick":25641,"type":"hit"}
[client] {"counts":{"blocks_on_me":24,"conf_actions":238,"confirmed_hits":1201,"dup_confirmed":0,"hits_on_me":163,"pred_actions":261,"predicted_confirmed":89,"predicted_hits":233,"reconnects":0},"ev":"stats","hp":130.0,"in_bytes":5650932,"late":0,"local_entity":6,"match":{"countdown_until":300,"ctrl":-1,"final":true,"next":"","phase":3,"rot":3428,"scores":[45,26],"sd":false,"state":1,"tick":25372,"zone":"A"},"max_err":1.864,"mean_err":0.0224,"ms":429967,"out_bytes":1257899,"pending":5,"pos":[1.98,-2.03],"reconciles":8490,"server_tick":25671,"snaps":8502,"teleports":12}
[client] {"a":6,"dup":true,"ev":"game","ms":430589,"predicted":false,"t":4,"tick":25708,"type":"hit"}
[client] {"a":4,"dup":false,"ev":"game","ms":430672,"predicted":false,"t":-1,"tick":25708,"type":"ko"}
[client] {"a":7,"dup":false,"ev":"game","ms":432824,"predicted":false,"t":-1,"tick":25838,"type":"respawn"}
[client] {"a":1,"dup":false,"ev":"game","ms":434473,"predicted":false,"t":8,"tick":25937,"type":"hit"}
[client] {"a":1,"dup":false,"ev":"game","ms":434791,"predicted":false,"t":8,"tick":25956,"type":"hit"}
[client] {"a":8,"dup":false,"ev":"game","ms":434791,"predicted":false,"t":-1,"tick":25956,"type":"ko"}
[client] {"counts":{"blocks_on_me":24,"conf_actions":239,"confirmed_hits":1204,"dup_confirmed":0,"hits_on_me":163,"pred_actions":262,"predicted_confirmed":90,"predicted_hits":236,"reconnects":0},"ev":"stats","hp":130.0,"in_bytes":5714648,"late":0,"local_entity":6,"match":{"countdown_until":300,"ctrl":0,"final":true,"next":"","phase":3,"rot":3128,"scores":[45,26],"sd":false,"state":2,"tick":25672,"zone":"A"},"max_err":1.864,"mean_err":0.0222,"ms":434969,"out_bytes":1272599,"pending":5,"pos":[-20.71,-10.72],"reconciles":8590,"server_tick":25971,"snaps":8602,"teleports":12}
[client] {"a":9,"dup":false,"ev":"game","ms":436943,"predicted":false,"t":2,"tick":26085,"type":"hit"}
[client] {"a":9,"dup":false,"ev":"game","ms":437254,"predicted":false,"t":2,"tick":26104,"type":"hit"}
[client] {"a":2,"dup":false,"ev":"game","ms":437254,"predicted":false,"t":-1,"tick":26104,"type":"ko"}
[client] {"a":0,"dup":false,"ev":"game","ms":437392,"predicted":false,"t":9,"tick":26112,"type":"hit"}
[client] {"a":9,"dup":false,"ev":"game","ms":437723,"predicted":false,"t":0,"tick":26132,"type":"hit"}
[client] {"a":3,"dup":false,"ev":"game","ms":437841,"predicted":false,"t":9,"tick":26139,"type":"hit"}
[client] {"a":9,"dup":false,"ev":"game","ms":437841,"predicted":false,"t":-1,"tick":26139,"type":"ko"}
[client] {"a":5,"dup":false,"ev":"game","ms":438441,"predicted":false,"t":3,"tick":26175,"type":"hit"}
[client] {"a":0,"dup":false,"ev":"game","ms":438545,"predicted":false,"t":5,"tick":26181,"type":"hit"}
[client] {"a":1,"dup":false,"ev":"game","ms":438841,"predicted":false,"t":5,"tick":26199,"type":"hit"}
[client] {"a":0,"dup":false,"ev":"game","ms":438877,"predicted":false,"t":5,"tick":26201,"type":"hit"}
[client] {"a":1,"dup":false,"ev":"game","ms":438890,"predicted":false,"t":6,"tick":26202,"type":"hit"}
[client] {"a":5,"dup":false,"ev":"game","ms":439276,"predicted":false,"t":3,"tick":26225,"type":"hit"}
[client] {"a":1,"dup":false,"ev":"game","ms":439725,"predicted":false,"t":5,"tick":26252,"type":"hit"}
[client] {"a":1,"dup":false,"ev":"game","ms":439759,"predicted":false,"t":6,"tick":26254,"type":"hit"}
[client] {"a":0,"dup":false,"ev":"game","ms":439793,"predicted":false,"t":6,"tick":26256,"type":"hit"}
[client] {"counts":{"blocks_on_me":24,"conf_actions":241,"confirmed_hits":1218,"dup_confirmed":0,"hits_on_me":166,"pred_actions":265,"predicted_confirmed":90,"predicted_hits":237,"reconnects":0},"ev":"stats","hp":57.8000000000012,"in_bytes":5779173,"late":0,"local_entity":6,"match":{"countdown_until":300,"ctrl":-1,"final":true,"next":"","phase":3,"rot":2828,"scores":[45,26],"sd":false,"state":3,"tick":25972,"zone":"A"},"max_err":1.864,"mean_err":0.0222,"ms":439965,"out_bytes":1287299,"pending":5,"pos":[-39.18,-2.25],"reconciles":8690,"server_tick":26271,"snaps":8702,"teleports":12}
[client] {"a":6,"dup":true,"ev":"game","ms":440317,"predicted":false,"t":0,"tick":26293,"type":"hit"}
[client] {"a":6,"dup":true,"ev":"game","ms":440622,"predicted":false,"t":1,"tick":26311,"type":"hit"}
[client] {"a":4,"dup":false,"ev":"game","ms":440649,"predicted":false,"t":-1,"tick":26308,"type":"respawn"}
[client] {"a":5,"dup":false,"ev":"game","ms":440953,"predicted":false,"t":1,"tick":26326,"type":"hit"}
[client] {"a":0,"dup":false,"ev":"game","ms":440966,"predicted":false,"t":5,"tick":26327,"type":"hit"}
[client] {"a":0,"dup":false,"ev":"game","ms":440987,"predicted":false,"t":6,"tick":26328,"type":"hit"}
[client] {"a":5,"dup":false,"ev":"game","ms":442036,"predicted":false,"t":0,"tick":26391,"type":"hit"}
[client] {"a":6,"dup":true,"ev":"game","ms":442057,"predicted":false,"t":1,"tick":26397,"type":"hit"}
[client] {"a":3,"dup":false,"ev":"game","ms":442567,"predicted":false,"t":5,"tick":26423,"type":"hit"}
[client] {"a":5,"dup":false,"ev":"game","ms":442954,"predicted":false,"t":3,"tick":26446,"type":"hit"}
[client] {"a":3,"dup":false,"ev":"game","ms":443505,"predicted":false,"t":5,"tick":26479,"type":"block"}
[client] {"a":5,"dup":false,"ev":"game","ms":443755,"predicted":false,"t":3,"tick":26494,"type":"hit"}
[client] {"a":1,"dup":false,"ev":"game","ms":444071,"predicted":false,"t":5,"tick":26513,"type":"hit"}
[client] {"a":3,"dup":false,"ev":"game","ms":444071,"predicted":false,"t":5,"tick":26513,"type":"hit"}
[client] {"a":3,"dup":false,"ev":"game","ms":444555,"predicted":false,"t":5,"tick":26542,"type":"hit"}
[client] {"a":5,"dup":false,"ev":"game","ms":444555,"predicted":false,"t":-1,"tick":26542,"type":"ko"}
[client] {"a":6,"dup":true,"ev":"game","ms":444706,"predicted":false,"t":1,"tick":26555,"type":"hit"}
[client] {"a":8,"dup":false,"ev":"game","ms":444789,"predicted":false,"t":-1,"tick":26556,"type":"respawn"}
[client] {"a":7,"dup":false,"ev":"game","ms":444872,"predicted":false,"t":1,"tick":26561,"type":"hit"}
[client] {"counts":{"blocks_on_me":24,"conf_actions":249,"confirmed_hits":1233,"dup_confirmed":0,"hits_on_me":167,"pred_actions":273,"predicted_confirmed":94,"predicted_hits":242,"reconnects":0},"ev":"stats","hp":37.8000000000012,"in_bytes":5847966,"late":0,"local_entity":6,"match":{"countdown_until":300,"ctrl":-1,"final":true,"next":"","phase":3,"rot":2528,"scores":[45,26],"sd":false,"state":3,"tick":26272,"zone":"A"},"max_err":1.864,"mean_err":0.0221,"ms":444967,"out_bytes":1301999,"pending":5,"pos":[-40.82,-0.8],"reconciles":8788,"server_tick":26571,"snaps":8800,"teleports":12}
[client] {"a":0,"dup":false,"ev":"game","ms":445121,"predicted":false,"t":7,"tick":26576,"type":"hit"}
[client] {"a":7,"dup":false,"ev":"game","ms":445506,"predicted":false,"t":0,"tick":26599,"type":"hit"}
[client] {"a":3,"dup":false,"ev":"game","ms":445624,"predicted":false,"t":6,"tick":26606,"type":"hit"}
[client] {"a":0,"dup":false,"ev":"game","ms":445886,"predicted":false,"t":7,"tick":26622,"type":"hit"}
[client] {"a":1,"dup":false,"ev":"game","ms":445989,"predicted":false,"t":6,"tick":26628,"type":"hit"}
[client] {"a":6,"dup":false,"ev":"game","ms":446390,"predicted":false,"t":-1,"tick":26657,"type":"ko"}
[client] {"a":3,"dup":false,"ev":"game","ms":446472,"predicted":false,"t":6,"tick":26657,"type":"hit"}
[client] {"a":7,"dup":false,"ev":"game","ms":447041,"predicted":false,"t":0,"tick":26691,"type":"hit"}
[client] {"a":2,"dup":false,"ev":"game","ms":447255,"predicted":false,"t":-1,"tick":26704,"type":"respawn"}
[client] {"a":7,"dup":false,"ev":"game","ms":447359,"predicted":false,"t":0,"tick":26710,"type":"hit"}
[client] {"a":7,"dup":false,"ev":"game","ms":447842,"predicted":false,"t":0,"tick":26739,"type":"hit"}
[client] {"a":9,"dup":false,"ev":"game","ms":447844,"predicted":false,"t":-1,"tick":26739,"type":"respawn"}
[client] {"a":7,"dup":false,"ev":"game","ms":447876,"predicted":false,"t":3,"tick":26741,"type":"hit"}
[client] {"a":1,"dup":false,"ev":"game","ms":448124,"predicted":false,"t":7,"tick":26756,"type":"hit"}
[client] {"a":7,"dup":false,"ev":"game","ms":449138,"predicted":false,"t":0,"tick":26817,"type":"hit"}
[client] {"a":7,"dup":false,"ev":"game","ms":449449,"predicted":false,"t":0,"tick":26836,"type":"hit"}
[client] {"a":1,"dup":false,"ev":"game","ms":449470,"predicted":false,"t":7,"tick":26837,"type":"hit"}
[client] {"counts":{"blocks_on_me":24,"conf_actions":250,"confirmed_hits":1247,"dup_confirmed":0,"hits_on_me":170,"pred_actions":274,"predicted_confirmed":94,"predicted_hits":242,"reconnects":0},"ev":"stats","hp":0.0,"in_bytes":5913383,"late":0,"local_entity":6,"match":{"countdown_until":300,"ctrl":-1,"final":true,"next":"","phase":3,"rot":2228,"scores":[45,26],"sd":false,"state":3,"tick":26572,"zone":"A"},"max_err":1.864,"mean_err":0.0225,"ms":449966,"out_bytes":1316699,"pending":5,"pos":[-44.1,-0.5],"reconciles":8887,"server_tick":26871,"snaps":8899,"teleports":12}
[client] {"a":7,"dup":false,"ev":"game","ms":451223,"predicted":false,"t":1,"tick":26942,"type":"hit"}
[client] {"a":7,"dup":false,"ev":"game","ms":451305,"predicted":false,"t":0,"tick":26946,"type":"hit"}
[client] {"a":0,"dup":false,"ev":"game","ms":451305,"predicted":false,"t":-1,"tick":26946,"type":"ko"}
[client] {"a":7,"dup":false,"ev":"game","ms":451906,"predicted":false,"t":3,"tick":26982,"type":"hit"}
[client] {"a":3,"dup":false,"ev":"game","ms":452237,"predicted":false,"t":7,"tick":27003,"type":"hit"}
[client] {"a":1,"dup":false,"ev":"game","ms":452306,"predicted":false,"t":7,"tick":27007,"type":"hit"}
[client] {"a":4,"dup":false,"ev":"game","ms":452637,"predicted":false,"t":7,"tick":27027,"type":"hit"}
[client] {"a":1,"dup":false,"ev":"game","ms":453004,"predicted":false,"t":7,"tick":27049,"type":"hit"}
[client] {"a":5,"dup":false,"ev":"game","ms":454556,"predicted":false,"t":-1,"tick":27142,"type":"respawn"}
[client] {"a":8,"dup":false,"ev":"game","ms":454721,"predicted":false,"t":4,"tick":27152,"type":"hit"}
[client] {"counts":{"blocks_on_me":24,"conf_actions":250,"confirmed_hits":1255,"dup_confirmed":0,"hits_on_me":170,"pred_actions":274,"predicted_confirmed":94,"predicted_hits":242,"reconnects":0},"ev":"stats","hp":0.0,"in_bytes":5979063,"late":0,"local_entity":6,"match":{"countdown_until":300,"ctrl":-1,"final":true,"next":"","phase":3,"rot":1928,"scores":[45,26],"sd":false,"state":3,"tick":26872,"zone":"A"},"max_err":1.864,"mean_err":0.0222,"ms":454969,"out_bytes":1331399,"pending":8,"pos":[-44.1,-0.5],"reconciles":8986,"server_tick":27171,"snaps":8999,"teleports":12}
[client] {"a":8,"dup":false,"ev":"game","ms":455038,"predicted":false,"t":4,"tick":27171,"type":"hit"}
[client] {"a":4,"dup":false,"ev":"game","ms":455404,"predicted":false,"t":8,"tick":27193,"type":"hit"}
[client] {"a":3,"dup":false,"ev":"game","ms":455804,"predicted":false,"t":7,"tick":27217,"type":"hit"}
[client] {"a":4,"dup":false,"ev":"game","ms":455804,"predicted":false,"t":7,"tick":27217,"type":"hit"}
[client] {"a":7,"dup":false,"ev":"game","ms":455804,"predicted":false,"t":-1,"tick":27217,"type":"ko"}
[client] {"a":6,"dup":false,"ev":"game","ms":456390,"predicted":false,"t":-1,"tick":27257,"type":"respawn"}
[client] {"a":3,"dup":false,"ev":"game","ms":456957,"predicted":false,"t":8,"tick":27286,"type":"hit"}
[client] {"a":1,"dup":false,"ev":"game","ms":457053,"predicted":false,"t":8,"tick":27292,"type":"hit"}
[client] {"a":3,"dup":false,"ev":"game","ms":457274,"predicted":false,"t":8,"tick":27305,"type":"hit"}
[client] {"a":1,"dup":false,"ev":"game","ms":457371,"predicted":false,"t":8,"tick":27311,"type":"hit"}
[client] {"a":4,"dup":false,"ev":"game","ms":457475,"predicted":false,"t":8,"tick":27317,"type":"hit"}
[client] {"a":1,"dup":false,"ev":"game","ms":458488,"predicted":false,"t":8,"tick":27378,"type":"hit"}
[client] {"a":1,"dup":false,"ev":"game","ms":458807,"predicted":false,"t":8,"tick":27397,"type":"hit"}
[client] {"a":2,"dup":false,"ev":"game","ms":459027,"predicted":false,"t":9,"tick":27410,"type":"hit"}
[client] {"a":1,"dup":false,"ev":"game","ms":459144,"predicted":false,"t":8,"tick":27417,"type":"hit"}
[client] {"counts":{"blocks_on_me":24,"conf_actions":250,"confirmed_hits":1268,"dup_confirmed":0,"hits_on_me":170,"pred_actions":274,"predicted_confirmed":94,"predicted_hits":242,"reconnects":0},"ev":"stats","hp":280.0,"in_bytes":6041366,"late":0,"local_entity":6,"match":{"countdown_until":300,"ctrl":-1,"final":true,"next":"","phase":3,"rot":1631,"scores":[45,26],"sd":false,"state":3,"tick":27169,"zone":"A"},"max_err":1.864,"mean_err":0.022,"ms":459973,"out_bytes":1346099,"pending":8,"pos":[-0.15,26.55],"reconciles":9085,"server_tick":27471,"snaps":9098,"teleports":13}
[client] {"a":2,"dup":false,"ev":"game","ms":460084,"predicted":false,"t":9,"tick":27474,"type":"hit"}
[client] {"a":3,"dup":false,"ev":"game","ms":460873,"predicted":false,"t":8,"tick":27520,"type":"hit"}
[client] {"a":1,"dup":false,"ev":"game","ms":461202,"predicted":false,"t":8,"tick":27541,"type":"hit"}
[client] {"a":4,"dup":false,"ev":"game","ms":461285,"predicted":false,"t":8,"tick":27546,"type":"hit"}
[client] {"a":8,"dup":false,"ev":"game","ms":461285,"predicted":false,"t":-1,"tick":27546,"type":"ko"}
[client] {"a":0,"dup":false,"ev":"game","ms":461285,"predicted":false,"t":-1,"tick":27546,"type":"respawn"}
[client] {"a":2,"dup":false,"ev":"game","ms":461837,"predicted":false,"t":9,"tick":27579,"type":"hit"}
[client] {"a":2,"dup":false,"ev":"game","ms":462886,"predicted":false,"t":9,"tick":27642,"type":"hit"}
[client] {"a":1,"dup":false,"ev":"game","ms":463486,"predicted":false,"t":9,"tick":27678,"type":"hit"}
[client] {"a":9,"dup":false,"ev":"game","ms":464204,"predicted":false,"t":1,"tick":27721,"type":"hit"}
[client] {"a":9,"dup":false,"ev":"game","ms":464508,"predicted":false,"t":1,"tick":27739,"type":"hit"}
[client] {"a":9,"dup":false,"ev":"game","ms":464838,"predicted":false,"t":1,"tick":27759,"type":"hit"}
[client] {"a":1,"dup":false,"ev":"game","ms":464838,"predicted":false,"t":-1,"tick":27759,"type":"ko"}
[client] {"counts":{"blocks_on_me":24,"conf_actions":250,"confirmed_hits":1278,"dup_confirmed":0,"hits_on_me":170,"pred_actions":274,"predicted_confirmed":94,"predicted_hits":242,"reconnects":0},"ev":"stats","hp":280.0,"in_bytes":6105674,"late":0,"local_entity":6,"match":{"countdown_until":300,"ctrl":-1,"final":true,"next":"","phase":3,"rot":1328,"scores":[45,26],"sd":false,"state":3,"tick":27472,"zone":"A"},"max_err":1.864,"mean_err":0.0217,"ms":464969,"out_bytes":1360799,"pending":5,"pos":[-25.78,9.62],"reconciles":9186,"server_tick":27771,"snaps":9199,"teleports":13}
[client] {"a":7,"dup":false,"ev":"game","ms":465804,"predicted":false,"t":-1,"tick":27817,"type":"respawn"}
[client] {"a":5,"dup":false,"ev":"game","ms":466005,"predicted":false,"t":2,"tick":27829,"type":"hit"}
[client] {"a":9,"dup":false,"ev":"game","ms":466260,"predicted":false,"t":2,"tick":27844,"type":"hit"}
[client] {"a":5,"dup":false,"ev":"game","ms":467157,"predicted":false,"t":3,"tick":27898,"type":"hit"}
[client] {"a":5,"dup":false,"ev":"game","ms":467170,"predicted":false,"t":2,"tick":27899,"type":"hit"}
[client] {"a":5,"dup":false,"ev":"game","ms":467440,"predicted":false,"t":3,"tick":27915,"type":"hit"}
[client] {"a":2,"dup":false,"ev":"game","ms":467551,"predicted":false,"t":5,"tick":27922,"type":"hit"}
[client] {"a":9,"dup":false,"ev":"game","ms":467785,"predicted":false,"t":3,"tick":27936,"type":"hit"}
[client] {"a":9,"dup":false,"ev":"game","ms":467798,"predicted":false,"t":4,"tick":27937,"type":"hit"}
[client] {"a":5,"dup":false,"ev":"game","ms":467985,"predicted":false,"t":2,"tick":27948,"type":"hit"}
[client] {"a":5,"dup":false,"ev":"game","ms":468220,"predicted":false,"t":2,"tick":27962,"type":"hit"}
[client] {"a":2,"dup":false,"ev":"game","ms":468737,"predicted":false,"t":5,"tick":27993,"type":"hit"}
[client] {"a":2,"dup":false,"ev":"game","ms":469082,"predicted":false,"t":5,"tick":28014,"type":"hit"}
[client] {"a":2,"dup":false,"ev":"game","ms":469455,"predicted":false,"t":5,"tick":28036,"type":"hit"}
[client] {"a":2,"dup":false,"ev":"game","ms":469468,"predicted":false,"t":6,"tick":28037,"type":"hit"}
[client] {"a":3,"dup":false,"ev":"game","ms":469551,"predicted":false,"t":5,"tick":28041,"type":"hit"}
[client] {"a":9,"dup":false,"ev":"game","ms":469822,"predicted":false,"t":2,"tick":28057,"type":"hit"}
[client] {"a":6,"dup":true,"ev":"game","ms":469822,"predicted":false,"t":2,"tick":28062,"type":"hit"}
[client] {"a":4,"dup":false,"ev":"game","ms":469903,"predicted":false,"t":9,"tick":28062,"type":"hit"}
[client] {"counts":{"blocks_on_me":24,"conf_actions":254,"confirmed_hits":1296,"dup_confirmed":0,"hits_on_me":171,"pred_actions":278,"predicted_confirmed":95,"predicted_hits":244,"reconnects":0},"ev":"stats","hp":262.0,"in_bytes":6173162,"late":0,"local_entity":6,"match":{"countdown_until":300,"ctrl":-1,"final":true,"next":"","phase":3,"rot":1028,"scores":[45,26],"sd":false,"state":3,"tick":27772,"zone":"A"},"max_err":1.864,"mean_err":0.0216,"ms":469964,"out_bytes":1375499,"pending":8,"pos":[-41.06,0.06],"reconciles":9285,"server_tick":28071,"snaps":9299,"teleports":13}
[client] {"a":6,"dup":true,"ev":"game","ms":470138,"predicted":false,"t":2,"tick":28082,"type":"hit"}
[client] {"a":3,"dup":false,"ev":"game","ms":470455,"predicted":false,"t":6,"tick":28095,"type":"hit"}
[client] {"a":5,"dup":false,"ev":"game","ms":470786,"predicted":false,"t":3,"tick":28115,"type":"hit"}
[client] {"a":4,"dup":false,"ev":"game","ms":471000,"predicted":false,"t":9,"tick":28128,"type":"hit"}
[client] {"a":8,"dup":false,"ev":"game","ms":471283,"predicted":false,"t":-1,"tick":28146,"type":"respawn"}
[client] {"a":4,"dup":false,"ev":"game","ms":471318,"predicted":false,"t":9,"tick":28148,"type":"hit"}
[client] {"a":5,"dup":false,"ev":"game","ms":471338,"predicted":false,"t":4,"tick":28149,"type":"hit"}
[client] {"a":3,"dup":false,"ev":"game","ms":471421,"predicted":false,"t":5,"tick":28153,"type":"hit"}
[client] {"a":6,"dup":true,"ev":"game","ms":471504,"predicted":false,"t":4,"tick":28163,"type":"hit"}
[client] {"a":3,"dup":false,"ev":"game","ms":471752,"predicted":false,"t":5,"tick":28174,"type":"hit"}
[client] {"a":2,"dup":false,"ev":"game","ms":471787,"predicted":false,"t":5,"tick":28175,"type":"hit"}
[client] {"a":6,"dup":true,"ev":"game","ms":471857,"predicted":false,"t":3,"tick":28185,"type":"hit"}
[client] {"a":4,"dup":false,"ev":"game","ms":471938,"predicted":false,"t":5,"tick":28185,"type":"hit"}
[client] {"a":4,"dup":false,"ev":"game","ms":472000,"predicted":false,"t":6,"tick":28188,"type":"hit"}
[client] {"a":0,"dup":false,"ev":"game","ms":472387,"predicted":false,"t":6,"tick":28211,"type":"hit"}
[client] {"a":9,"dup":false,"ev":"game","ms":472422,"predicted":false,"t":4,"tick":28213,"type":"hit"}
[client] {"a":2,"dup":false,"ev":"game","ms":472539,"predicted":false,"t":9,"tick":28221,"type":"hit"}
[client] {"a":0,"dup":false,"ev":"game","ms":472684,"predicted":false,"t":6,"tick":28230,"type":"hit"}
[client] {"a":3,"dup":false,"ev":"game","ms":472801,"predicted":false,"t":6,"tick":28236,"type":"hit"}
[client] {"a":0,"dup":false,"ev":"game","ms":473035,"predicted":false,"t":6,"tick":28250,"type":"hit"}
[client] {"a":4,"dup":false,"ev":"game","ms":473105,"predicted":false,"t":5,"tick":28255,"type":"hit"}
[client] {"a":5,"dup":false,"ev":"game","ms":473105,"predicted":false,"t":-1,"tick":28255,"type":"ko"}
[client] {"a":9,"dup":false,"ev":"game","ms":473588,"predicted":false,"t":4,"tick":28283,"type":"hit"}
[client] {"a":0,"dup":false,"ev":"game","ms":473623,"predicted":false,"t":6,"tick":28285,"type":"hit"}
[client] {"a":9,"dup":false,"ev":"game","ms":473623,"predicted":false,"t":2,"tick":28285,"type":"hit"}
[client] {"a":9,"dup":false,"ev":"game","ms":473636,"predicted":false,"t":3,"tick":28286,"type":"hit"}
[client] {"a":6,"dup":true,"ev":"game","ms":473939,"predicted":false,"t":0,"tick":28309,"type":"hit"}
[client] {"a":6,"dup":true,"ev":"game","ms":474257,"predicted":false,"t":0,"tick":28329,"type":"hit"}
[client] {"a":4,"dup":false,"ev":"game","ms":474423,"predicted":false,"t":9,"tick":28333,"type":"hit"}
[client] {"a":9,"dup":false,"ev":"game","ms":474423,"predicted":false,"t":-1,"tick":28333,"type":"ko"}
[client] {"a":6,"dup":true,"ev":"game","ms":474623,"predicted":false,"t":0,"tick":28351,"type":"hit"}
[client] {"a":1,"dup":false,"ev":"game","ms":474858,"predicted":false,"t":-1,"tick":28359,"type":"respawn"}
[client] {"a":3,"dup":false,"ev":"game","ms":474954,"predicted":false,"t":6,"tick":28366,"type":"hit"}
[client] {"counts":{"blocks_on_me":24,"conf_actions":263,"confirmed_hits":1325,"dup_confirmed":0,"hits_on_me":179,"pred_actions":287,"predicted_confirmed":101,"predicted_hits":256,"reconnects":0},"ev":"stats","hp":98.0,"in_bytes":6248548,"late":0,"local_entity":6,"match":{"countdown_until":300,"ctrl":-1,"final":true,"next":"","phase":3,"rot":728,"scores":[45,26],"sd":false,"state":3,"tick":28072,"zone":"A"},"max_err":1.864,"mean_err":0.0219,"ms":474974,"out_bytes":1390199,"pending":8,"pos":[-40.0,0.63],"reconciles":9385,"server_tick":28371,"snaps":9399,"teleports":13}
[client] {"a":3,"dup":false,"ev":"game","ms":475306,"predicted":false,"t":6,"tick":28387,"type":"hit"}
[client] {"a":0,"dup":false,"ev":"game","ms":475541,"predicted":false,"t":6,"tick":28401,"type":"hit"}
[client] {"a":0,"dup":false,"ev":"game","ms":475858,"predicted":false,"t":6,"tick":28419,"type":"hit"}
[client] {"a":3,"dup":false,"ev":"game","ms":476224,"predicted":false,"t":6,"tick":28441,"type":"hit"}
[client] {"a":6,"dup":false,"ev":"game","ms":476224,"predicted":false,"t":-1,"tick":28447,"type":"ko"}
[client] {"a":0,"dup":false,"ev":"game","ms":476306,"predicted":false,"t":6,"tick":28447,"type":"hit"}
[client] {"a":7,"dup":false,"ev":"game","ms":477990,"predicted":false,"t":0,"tick":28547,"type":"hit"}
[client] {"a":7,"dup":false,"ev":"game","ms":478003,"predicted":false,"t":3,"tick":28548,"type":"hit"}
[client] {"a":3,"dup":false,"ev":"game","ms":478003,"predicted":false,"t":-1,"tick":28548,"type":"ko"}
[client] {"counts":{"blocks_on_me":24,"conf_actions":267,"confirmed_hits":1332,"dup_confirmed":0,"hits_on_me":184,"pred_actions":291,"predicted_confirmed":101,"predicted_hits":259,"reconnects":0},"ev":"stats","hp":0.0,"in_bytes":6311629,"late":0,"local_entity":6,"match":{"countdown_until":300,"ctrl":-1,"final":true,"next":"","phase":3,"rot":428,"scores":[45,26],"sd":false,"state":3,"tick":28372,"zone":"A"},"max_err":1.864,"mean_err":0.0221,"ms":479976,"out_bytes":1404899,"pending":5,"pos":[-38.37,1.85],"reconciles":9486,"server_tick":28671,"snaps":9499,"teleports":13}
[client] {"a":7,"dup":false,"ev":"game","ms":480143,"predicted":false,"t":4,"tick":28677,"type":"hit"}
[client] {"a":7,"dup":false,"ev":"game","ms":480661,"predicted":false,"t":4,"tick":28708,"type":"hit"}
[client] {"a":7,"dup":false,"ev":"game","ms":481054,"predicted":false,"t":4,"tick":28732,"type":"hit"}
[client] {"a":7,"dup":false,"ev":"game","ms":481101,"predicted":false,"t":0,"tick":28735,"type":"hit"}
[client] {"a":2,"dup":false,"ev":"game","ms":481171,"predicted":false,"t":7,"tick":28739,"type":"hit"}
[client] {"a":8,"dup":false,"ev":"game","ms":481433,"predicted":false,"t":4,"tick":28754,"type":"hit"}
[client] {"a":8,"dup":false,"ev":"game","ms":481751,"predicted":false,"t":4,"tick":28773,"type":"hit"}
[client] {"a":2,"dup":false,"ev":"game","ms":481798,"predicted":false,"t":8,"tick":28776,"type":"hit"}
[client] {"a":7,"dup":false,"ev":"game","ms":482054,"predicted":false,"t":2,"tick":28791,"type":"hit"}
[client] {"a":2,"dup":false,"ev":"game","ms":482054,"predicted":false,"t":-1,"tick":28791,"type":"ko"}
[client] {"a":4,"dup":false,"ev":"game","ms":482419,"predicted":false,"t":7,"tick":28813,"type":"hit"}
[client] {"a":4,"dup":false,"ev":"game","ms":482454,"predicted":false,"t":8,"tick":28815,"type":"hit"}
[client] {"a":5,"dup":false,"ev":"game","ms":483116,"predicted":false,"t":-1,"tick":28855,"type":"respawn"}
[client] {"a":7,"dup":false,"ev":"game","ms":483386,"predicted":false,"t":0,"tick":28871,"type":"hit"}
[client] {"a":7,"dup":false,"ev":"game","ms":483717,"predicted":false,"t":0,"tick":28891,"type":"hit"}
[client] {"a":4,"dup":false,"ev":"game","ms":484317,"predicted":false,"t":7,"tick":28927,"type":"hit"}
[client] {"a":9,"dup":false,"ev":"game","ms":484420,"predicted":false,"t":-1,"tick":28933,"type":"respawn"}
[client] {"a":0,"dup":false,"ev":"game","ms":484690,"predicted":false,"t":8,"tick":28949,"type":"hit"}
[client] {"counts":{"blocks_on_me":24,"conf_actions":267,"confirmed_hits":1347,"dup_confirmed":0,"hits_on_me":184,"pred_actions":291,"predicted_confirmed":101,"predicted_hits":259,"reconnects":0},"ev":"stats","hp":0.0,"in_bytes":6376869,"late":0,"local_entity":6,"match":{"countdown_until":300,"ctrl":-1,"final":true,"next":"","phase":3,"rot":128,"scores":[45,26],"sd":false,"state":3,"tick":28672,"zone":"A"},"max_err":1.864,"mean_err":0.0219,"ms":484972,"out_bytes":1419599,"pending":8,"pos":[-38.37,1.85],"reconciles":9585,"server_tick":28971,"snaps":9599,"teleports":13}
[client] {"a":7,"dup":false,"ev":"game","ms":485186,"predicted":false,"t":4,"tick":28979,"type":"hit"}
[client] {"a":4,"dup":false,"ev":"game","ms":485605,"predicted":false,"t":7,"tick":29004,"type":"hit"}
[client] {"a":8,"dup":false,"ev":"game","ms":485821,"predicted":false,"t":4,"tick":29017,"type":"hit"}
[client] {"a":4,"dup":false,"ev":"game","ms":485821,"predicted":false,"t":-1,"tick":29017,"type":"ko"}
[client] {"a":0,"dup":false,"ev":"game","ms":486201,"predicted":false,"t":8,"tick":29041,"type":"hit"}
[client] {"a":6,"dup":false,"ev":"game","ms":486221,"predicted":false,"t":-1,"tick":29047,"type":"respawn"}
[client] {"a":7,"dup":false,"ev":"game","ms":486235,"predicted":false,"t":1,"tick":29043,"type":"hit"}
[client] {"duration_s":480.0,"ev":"results","ms":487228,"reason":"time","score":[45,26],"winner":0}
[client] {"counts":{"blocks_on_me":24,"conf_actiERROR: Attempt to disconnect a nonexistent connection from 'Net:<Node#47596963389>'. Signal: 'tree_exited', callable: ''.
   at: _disconnect (core/object/object.cpp:1644)
ons":268,"confirmed_hits":1352,"dup_confirmed":0,"hits_on_me":184,"pred_actions":291,"predicted_confirmed":101,"predicted_hits":259,"reconnects":0},"ev":"stats","hp":280.0,"in_bytes":6407145,"late":0,"local_entity":6,"match":{"countdown_until":300,"ctrl":-1,"final":true,"next":"","phase":3,"rot":2,"scores":[45,26],"sd":false,"state":3,"tick":28798,"zone":"A"},"max_err":1.864,"mean_err":0.0218,"ms":487228,"out_bytes":1426263,"pending":15,"pos":[5.37,44.76],"reconciles":9627,"server_tick":29107,"snaps":9641,"teleports":14}
[client] {"a":-1,"dup":false,"ev":"game","ms":487256,"predicted":false,"t":-1,"tick":29099,"type":"match_end"}
