Godot Engine v4.7.2.stable.official.ed1daf0bf - https://godotengine.org

[client] {"detail":"127.0.0.1:24610","ev":"status","ms":0,"status":"connecting"}
[client] {"detail":"","ev":"status","ms":49,"status":"connected"}
[client] {"ev":"welcome","ms":56,"observer":false,"pid":3}
[client] {"ev":"pick","f":"nyx","ms":360}
[client] {"ev":"lock","f":"nyx","ms":1160}
[client] {"ev":"match_setup","fighters":10,"ms":2189,"you":5}
[client] {"counts":{"blocks_on_me":0,"conf_actions":0,"confirmed_hits":0,"dup_confirmed":0,"hits_on_me":0,"pred_actions":0,"predicted_confirmed":0,"predicted_hits":0,"reconnects":0},"ev":"stats","hp":220.0,"in_bytes":99325,"late":0,"local_entity":5,"match":{"countdown_until":300,"ctrl":-1,"final":false,"next":"","phase":2,"rot":3600,"scores":[0,0],"sd":false,"state":1,"tick":0,"zone":""},"max_err":0.525,"mean_err":0.204,"ms":4970,"out_bytes":8199,"pending":6,"pos":[-5.96,47.76],"reconciles":54,"server_tick":166,"snaps":55,"teleports":1}
[client] {"counts":{"blocks_on_me":0,"conf_actions":0,"confirmed_hits":0,"dup_confirmed":0,"hits_on_me":0,"pred_actions":0,"predicted_confirmed":0,"predicted_hits":0,"reconnects":0},"ev":"stats","hp":220.0,"in_bytes":143878,"late":0,"local_entity":5,"match":{"countdown_until":300,"ctrl":-1,"final":false,"next":"","phase":3,"rot":3434,"scores":[0,0],"sd":false,"state":1,"tick":166,"zone":"B"},"max_err":0.525,"mean_err":0.1355,"ms":9966,"out_bytes":22899,"pending":6,"pos":[-2.28,28.89],"reconciles":154,"server_tick":466,"snaps":155,"teleports":1}
[client] {"a":6,"dup":false,"ev":"game","ms":14755,"predicted":false,"t":1,"tick":749,"type":"hit"}
[client] {"counts":{"blocks_on_me":0,"conf_actions":1,"confirmed_hits":1,"dup_confirmed":0,"hits_on_me":0,"pred_actions":1,"predicted_confirmed":0,"predicted_hits":0,"reconnects":0},"ev":"stats","hp":220.0,"in_bytes":206861,"late":0,"local_entity":5,"match":{"countdown_until":300,"ctrl":-1,"final":false,"next":"","phase":3,"rot":3134,"scores":[0,0],"sd":false,"state":3,"tick":466,"zone":"B"},"max_err":0.525,"mean_err":0.0898,"ms":14969,"out_bytes":37599,"pending":6,"pos":[-1.14,-5.99],"reconciles":254,"server_tick":766,"snaps":255,"teleports":1}
[client] {"a":6,"dup":false,"ev":"game","ms":15756,"predicted":false,"t":3,"tick":809,"type":"hit"}
[client] {"a":0,"dup":false,"ev":"game","ms":15887,"predicted":false,"t":8,"tick":817,"type":"hit"}
[client] {"a":2,"dup":false,"ev":"game","ms":16087,"predicted":false,"t":9,"tick":829,"type":"hit"}
[client] {"a":7,"dup":false,"ev":"game","ms":16287,"predicted":false,"t":2,"tick":841,"type":"hit"}
[client] {"a":1,"dup":false,"ev":"game","ms":16356,"predicted":false,"t":6,"tick":845,"type":"hit"}
[client] {"a":9,"dup":false,"ev":"game","ms":16625,"predicted":false,"t":4,"tick":861,"type":"hit"}
[client] {"a":9,"dup":false,"ev":"game","ms":16653,"predicted":false,"t":3,"tick":863,"type":"hit"}
[client] {"a":7,"dup":false,"ev":"game","ms":16673,"predicted":false,"t":2,"tick":864,"type":"hit"}
[client] {"a":0,"dup":false,"ev":"game","ms":16805,"predicted":false,"t":8,"tick":872,"type":"hit"}
[client] {"a":5,"dup":true,"ev":"game","ms":16874,"predicted":false,"t":4,"tick":881,"type":"hit"}
[client] {"a":5,"dup":true,"ev":"game","ms":16922,"predicted":false,"t":3,"tick":884,"type":"hit"}
[client] {"a":1,"dup":false,"ev":"game","ms":17239,"predicted":false,"t":7,"tick":898,"type":"hit"}
[client] {"a":8,"dup":false,"ev":"game","ms":17605,"predicted":false,"t":3,"tick":920,"type":"hit"}
[client] {"a":1,"dup":false,"ev":"game","ms":18144,"predicted":false,"t":6,"tick":952,"type":"hit"}
[client] {"a":2,"dup":false,"ev":"game","ms":18322,"predicted":false,"t":6,"tick":963,"type":"hit"}
[client] {"a":3,"dup":false,"ev":"game","ms":18323,"predicted":false,"t":8,"tick":963,"type":"hit"}
[client] {"a":3,"dup":false,"ev":"game","ms":18674,"predicted":false,"t":8,"tick":984,"type":"hit"}
[client] {"a":1,"dup":false,"ev":"game","ms":18875,"predicted":false,"t":5,"tick":996,"type":"hit"}
[client] {"a":1,"dup":false,"ev":"game","ms":18875,"predicted":false,"t":6,"tick":996,"type":"hit"}
[client] {"a":1,"dup":false,"ev":"game","ms":18909,"predicted":false,"t":9,"tick":998,"type":"hit"}
[client] {"a":3,"dup":false,"ev":"game","ms":18992,"predicted":false,"t":8,"tick":1003,"type":"hit"}
[client] {"a":4,"dup":false,"ev":"game","ms":19075,"predicted":false,"t":5,"tick":1008,"type":"hit"}
[client] {"a":7,"dup":false,"ev":"game","ms":19482,"predicted":false,"t":1,"tick":1033,"type":"hit"}
[client] {"a":4,"dup":false,"ev":"game","ms":19537,"predicted":false,"t":5,"tick":1036,"type":"hit"}
[client] {"a":0,"dup":false,"ev":"game","ms":19551,"predicted":false,"t":5,"tick":1037,"type":"hit"}
[client] {"a":4,"dup":false,"ev":"game","ms":19585,"predicted":false,"t":6,"tick":1039,"type":"hit"}
[client] {"a":2,"dup":false,"ev":"game","ms":19620,"predicted":false,"t":7,"tick":1041,"type":"hit"}
[client] {"a":3,"dup":false,"ev":"game","ms":19669,"predicted":false,"t":8,"tick":1044,"type":"hit"}
[client] {"a":9,"dup":false,"ev":"game","ms":19751,"predicted":false,"t":4,"tick":1049,"type":"hit"}
[client] {"a":0,"dup":false,"ev":"game","ms":19868,"predicted":false,"t":9,"tick":1056,"type":"hit"}
[client] {"a":2,"dup":false,"ev":"game","ms":19868,"predicted":false,"t":7,"tick":1056,"type":"hit"}
[client] {"a":5,"dup":true,"ev":"game","ms":19868,"predicted":false,"t":4,"tick":1061,"type":"hit"}
[client] {"counts":{"blocks_on_me":0,"conf_actions":5,"confirmed_hits":33,"dup_confirmed":0,"hits_on_me":4,"pred_actions":6,"predicted_confirmed":3,"predicted_hits":6,"reconnects":0},"ev":"stats","hp":128.0,"in_bytes":284288,"late":0,"local_entity":5,"match":{"countdown_until":300,"ctrl":-1,"final":false,"next":"","phase":3,"rot":2834,"scores":[0,0],"sd":false,"state":3,"tick":766,"zone":"B"},"max_err":1.071,"mean_err":0.0792,"ms":19964,"out_bytes":52299,"pending":6,"pos":[1.15,-3.1],"reconciles":354,"server_tick":1066,"snaps":355,"teleports":1}
[client] {"a":1,"dup":false,"ev":"game","ms":20082,"predicted":false,"t":6,"tick":1069,"type":"block"}
[client] {"a":5,"dup":true,"ev":"game","ms":20103,"predicted":false,"t":0,"tick":1075,"type":"hit"}
[client] {"a":5,"dup":true,"ev":"game","ms":20103,"predicted":false,"t":4,"tick":1075,"type":"hit"}
[client] {"a":9,"dup":false,"ev":"game","ms":20199,"predicted":false,"t":1,"tick":1076,"type":"hit"}
[client] {"a":5,"dup":true,"ev":"game","ms":20565,"predicted":false,"t":4,"tick":1103,"type":"hit"}
[client] {"a":2,"dup":false,"ev":"game","ms":20738,"predicted":false,"t":7,"tick":1108,"type":"hit"}
[client] {"a":1,"dup":false,"ev":"game","ms":20869,"predicted":false,"t":7,"tick":1116,"type":"hit"}
[client] {"a":5,"dup":true,"ev":"game","ms":20903,"predicted":false,"t":4,"tick":1122,"type":"hit"}
[client] {"a":5,"dup":true,"ev":"game","ms":20952,"predicted":false,"t":0,"tick":1125,"type":"hit"}
[client] {"a":8,"dup":false,"ev":"game","ms":21021,"predicted":false,"t":3,"tick":1125,"type":"hit"}
[client] {"a":5,"dup":true,"ev":"game","ms":21221,"predicted":false,"t":4,"tick":1142,"type":"hit"}
[client] {"a":5,"dup":true,"ev":"game","ms":21255,"predicted":false,"t":0,"tick":1144,"type":"hit"}
[client] {"a":1,"dup":false,"ev":"game","ms":21552,"predicted":false,"t":7,"tick":1157,"type":"hit"}
[client] {"a":2,"dup":false,"ev":"game","ms":21669,"predicted":false,"t":7,"tick":1164,"type":"hit"}
[client] {"a":8,"dup":false,"ev":"game","ms":21752,"predicted":false,"t":0,"tick":1169,"type":"hit"}
[client] {"a":4,"dup":false,"ev":"game","ms":21836,"predicted":false,"t":5,"tick":1174,"type":"hit"}
[client] {"a":9,"dup":false,"ev":"game","ms":22236,"predicted":false,"t":3,"tick":1198,"type":"hit"}
[client] {"a":1,"dup":false,"ev":"game","ms":22318,"predicted":false,"t":7,"tick":1203,"type":"hit"}
[client] {"a":8,"dup":false,"ev":"game","ms":22353,"predicted":false,"t":0,"tick":1205,"type":"hit"}
[client] {"a":5,"dup":true,"ev":"game","ms":22400,"predicted":false,"t":3,"tick":1213,"type":"hit"}
[client] {"a":2,"dup":false,"ev":"game","ms":22518,"predicted":false,"t":5,"tick":1215,"type":"hit"}
[client] {"a":0,"dup":false,"ev":"game","ms":22704,"predicted":false,"t":8,"tick":1226,"type":"hit"}
[client] {"a":9,"dup":false,"ev":"game","ms":22870,"predicted":false,"t":4,"tick":1236,"type":"hit"}
[client] {"a":7,"dup":false,"ev":"game","ms":23021,"predicted":false,"t":1,"tick":1245,"type":"hit"}
[client] {"a":8,"dup":false,"ev":"game","ms":23070,"predicted":false,"t":0,"tick":1248,"type":"hit"}
[client] {"a":3,"dup":false,"ev":"game","ms":23305,"predicted":false,"t":6,"tick":1262,"type":"hit"}
[client] {"a":0,"dup":false,"ev":"game","ms":23422,"predicted":false,"t":8,"tick":1269,"type":"hit"}
[client] {"a":3,"dup":false,"ev":"game","ms":23601,"predicted":false,"t":6,"tick":1280,"type":"hit"}
[client] {"a":1,"dup":false,"ev":"game","ms":23718,"predicted":false,"t":7,"tick":1287,"type":"hit"}
[client] {"a":9,"dup":false,"ev":"game","ms":23739,"predicted":false,"t":2,"tick":1288,"type":"hit"}
[client] {"a":5,"dup":false,"ev":"game","ms":23905,"predicted":false,"t":2,"tick":1303,"type":"hit"}
[client] {"a":5,"dup":true,"ev":"game","ms":23905,"predicted":false,"t":4,"tick":1303,"type":"hit"}
[client] {"a":8,"dup":false,"ev":"game","ms":23939,"predicted":false,"t":0,"tick":1300,"type":"hit"}
[client] {"a":7,"dup":false,"ev":"game","ms":24071,"predicted":false,"t":1,"tick":1308,"type":"hit"}
[client] {"a":9,"dup":false,"ev":"game","ms":24236,"predicted":false,"t":2,"tick":1318,"type":"hit"}
[client] {"a":3,"dup":false,"ev":"game","ms":24257,"predicted":false,"t":6,"tick":1319,"type":"hit"}
[client] {"a":3,"dup":false,"ev":"game","ms":24285,"predicted":false,"t":9,"tick":1321,"type":"hit"}
[client] {"a":0,"dup":false,"ev":"game","ms":24319,"predicted":false,"t":8,"tick":1323,"type":"hit"}
[client] {"a":7,"dup":false,"ev":"game","ms":24388,"predicted":false,"t":1,"tick":1327,"type":"hit"}
[client] {"a":5,"dup":true,"ev":"game","ms":24402,"predicted":false,"t":4,"tick":1333,"type":"hit"}
[client] {"a":2,"dup":false,"ev":"game","ms":24602,"predicted":false,"t":5,"tick":1340,"type":"hit"}
[client] {"a":8,"dup":false,"ev":"game","ms":24719,"predicted":false,"t":0,"tick":1347,"type":"hit"}
[client] {"a":2,"dup":false,"ev":"game","ms":24940,"predicted":false,"t":5,"tick":1360,"type":"hit"}
[client] {"counts":{"blocks_on_me":0,"conf_actions":13,"confirmed_hits":75,"dup_confirmed":0,"hits_on_me":8,"pred_actions":14,"predicted_confirmed":13,"predicted_hits":27,"reconnects":0},"ev":"stats","hp":38.0,"in_bytes":371543,"late":0,"local_entity":5,"match":{"countdown_until":300,"ctrl":-1,"final":false,"next":"","phase":3,"rot":2534,"scores":[0,0],"sd":false,"state":3,"tick":1066,"zone":"B"},"max_err":1.106,"mean_err":0.0757,"ms":24967,"out_bytes":66999,"pending":6,"pos":[1.65,-3.54],"reconciles":454,"server_tick":1366,"snaps":455,"teleports":1}
[client] {"a":2,"dup":false,"ev":"game","ms":24968,"predicted":false,"t":6,"tick":1362,"type":"hit"}
[client] {"a":4,"dup":false,"ev":"game","ms":24968,"predicted":false,"t":5,"tick":1362,"type":"hit"}
[client] {"a":4,"dup":false,"ev":"game","ms":24968,"predicted":false,"t":6,"tick":1362,"type":"hit"}
[client] {"a":7,"dup":false,"ev":"game","ms":25057,"predicted":false,"t":1,"tick":1367,"type":"hit"}
[client] {"a":5,"dup":false,"ev":"game","ms":25223,"predicted":false,"t":-1,"tick":1382,"type":"ko"}
[client] {"a":3,"dup":false,"ev":"game","ms":25306,"predicted":false,"t":5,"tick":1382,"type":"hit"}
[client] {"a":0,"dup":false,"ev":"game","ms":25589,"predicted":false,"t":6,"tick":1399,"type":"hit"}
[client] {"a":4,"dup":false,"ev":"game","ms":25657,"predicted":false,"t":6,"tick":1403,"type":"hit"}
[client] {"a":6,"dup":false,"ev":"game","ms":25657,"predicted":false,"t":-1,"tick":1403,"type":"ko"}
[client] {"a":0,"dup":false,"ev":"game","ms":25906,"predicted":false,"t":9,"tick":1418,"type":"hit"}
[client] {"a":0,"dup":false,"ev":"game","ms":26306,"predicted":false,"t":9,"tick":1442,"type":"hit"}
[client] {"a":4,"dup":false,"ev":"game","ms":26320,"predicted":false,"t":9,"tick":1443,"type":"hit"}
[client] {"a":1,"dup":false,"ev":"game","ms":26423,"predicted":false,"t":8,"tick":1449,"type":"hit"}
[client] {"a":8,"dup":false,"ev":"game","ms":26423,"predicted":false,"t":-1,"tick":1449,"type":"ko"}
[client] {"a":9,"dup":false,"ev":"game","ms":26658,"predicted":false,"t":0,"tick":1463,"type":"hit"}
[client] {"a":9,"dup":false,"ev":"game","ms":26955,"predicted":false,"t":0,"tick":1481,"type":"hit"}
[client] {"a":9,"dup":false,"ev":"game","ms":26989,"predicted":false,"t":4,"tick":1483,"type":"hit"}
[client] {"a":7,"dup":false,"ev":"game","ms":27037,"predicted":false,"t":1,"tick":1486,"type":"hit"}
[client] {"a":0,"dup":false,"ev":"game","ms":27307,"predicted":false,"t":9,"tick":1502,"type":"hit"}
[client] {"a":4,"dup":false,"ev":"game","ms":27541,"predicted":false,"t":9,"tick":1516,"type":"hit"}
[client] {"a":2,"dup":false,"ev":"game","ms":27803,"predicted":false,"t":9,"tick":1532,"type":"hit"}
[client] {"a":7,"dup":false,"ev":"game","ms":28155,"predicted":false,"t":3,"tick":1553,"type":"hit"}
[client] {"a":3,"dup":false,"ev":"game","ms":28638,"predicted":false,"t":7,"tick":1582,"type":"hit"}
[client] {"a":4,"dup":false,"ev":"game","ms":28990,"predicted":false,"t":7,"tick":1603,"type":"hit"}
[client] {"a":7,"dup":false,"ev":"game","ms":28990,"predicted":false,"t":-1,"tick":1603,"type":"ko"}
[client] {"a":0,"dup":false,"ev":"game","ms":29887,"predicted":false,"t":9,"tick":1657,"type":"hit"}
[client] {"a":9,"dup":false,"ev":"game","ms":29887,"predicted":false,"t":-1,"tick":1657,"type":"ko"}
[client] {"counts":{"blocks_on_me":0,"conf_actions":14,"confirmed_hits":97,"dup_confirmed":0,"hits_on_me":10,"pred_actions":15,"predicted_confirmed":13,"predicted_hits":27,"reconnects":0},"ev":"stats","hp":0.0,"in_bytes":441823,"late":0,"local_entity":5,"match":{"countdown_until":300,"ctrl":0,"final":false,"next":"","phase":3,"rot":2234,"scores":[0,0],"sd":false,"state":2,"tick":1366,"zone":"B"},"max_err":1.106,"mean_err":0.062,"ms":29976,"out_bytes":81699,"pending":6,"pos":[1.65,-3.54],"reconciles":554,"server_tick":1666,"snaps":555,"teleports":1}
[client] {"counts":{"blocks_on_me":0,"conf_actions":14,"confirmed_hits":97,"dup_confirmed":0,"hits_on_me":10,"pred_actions":15,"predicted_confirmed":13,"predicted_hits":27,"reconnects":0},"ev":"stats","hp":0.0,"in_bytes":491421,"late":0,"local_entity":5,"match":{"countdown_until":300,"ctrl":0,"final":false,"next":"","phase":3,"rot":1934,"scores":[5,0],"sd":false,"state":2,"tick":1666,"zone":"B"},"max_err":1.106,"mean_err":0.0525,"ms":34972,"out_bytes":96399,"pending":6,"pos":[1.65,-3.54],"reconciles":654,"server_tick":1966,"snaps":655,"teleports":1}
[client] {"a":5,"dup":false,"ev":"game","ms":35221,"predicted":false,"t":-1,"tick":1982,"type":"respawn"}
[client] {"a":6,"dup":false,"ev":"game","ms":35656,"predicted":false,"t":-1,"tick":2003,"type":"respawn"}
[client] {"a":8,"dup":false,"ev":"game","ms":36421,"predicted":false,"t":-1,"tick":2049,"type":"respawn"}
[client] {"a":7,"dup":false,"ev":"game","ms":38988,"predicted":false,"t":-1,"tick":2203,"type":"respawn"}
[client] {"a":9,"dup":false,"ev":"game","ms":39892,"predicted":false,"t":-1,"tick":2257,"type":"respawn"}
[client] {"counts":{"blocks_on_me":0,"conf_actions":14,"confirmed_hits":97,"dup_confirmed":0,"hits_on_me":10,"pred_actions":15,"predicted_confirmed":13,"predicted_hits":27,"reconnects":0},"ev":"stats","hp":220.0,"in_bytes":542737,"late":0,"local_entity":5,"match":{"countdown_until":300,"ctrl":0,"final":false,"next":"","phase":3,"rot":1634,"scores":[10,0],"sd":false,"state":2,"tick":1966,"zone":"B"},"max_err":1.106,"mean_err":0.0456,"ms":39974,"out_bytes":111099,"pending":6,"pos":[-2.4,15.59],"reconciles":753,"server_tick":2266,"snaps":755,"teleports":2}
[client] {"a":1,"dup":false,"ev":"game","ms":43370,"predicted":false,"t":5,"tick":2466,"type":"hit"}
[client] {"a":8,"dup":false,"ev":"game","ms":43432,"predicted":false,"t":3,"tick":2470,"type":"hit"}
[client] {"a":1,"dup":false,"ev":"game","ms":43970,"predicted":false,"t":8,"tick":2502,"type":"hit"}
[client] {"a":8,"dup":false,"ev":"game","ms":44349,"predicted":false,"t":3,"tick":2525,"type":"hit"}
[client] {"a":6,"dup":false,"ev":"game","ms":44453,"predicted":false,"t":3,"tick":2531,"type":"hit"}
[client] {"a":1,"dup":false,"ev":"game","ms":44867,"predicted":false,"t":8,"tick":2556,"type":"hit"}
[client] {"counts":{"blocks_on_me":0,"conf_actions":18,"confirmed_hits":103,"dup_confirmed":0,"hits_on_me":11,"pred_actions":19,"predicted_confirmed":13,"predicted_hits":28,"reconnects":0},"ev":"stats","hp":202.0,"in_bytes":609886,"late":0,"local_entity":5,"match":{"countdown_until":300,"ctrl":-1,"final":false,"next":"","phase":3,"rot":1334,"scores":[11,0],"sd":false,"state":3,"tick":2266,"zone":"B"},"max_err":1.188,"mean_err":0.0423,"ms":44970,"out_bytes":125799,"pending":6,"pos":[1.61,-6.55],"reconciles":853,"server_tick":2566,"snaps":855,"teleports":2}
[client] {"a":2,"dup":false,"ev":"game","ms":45419,"predicted":false,"t":5,"tick":2589,"type":"hit"}
[client] {"a":6,"dup":false,"ev":"game","ms":45433,"predicted":false,"t":1,"tick":2590,"type":"hit"}
[client] {"a":2,"dup":false,"ev":"game","ms":45750,"predicted":false,"t":5,"tick":2609,"type":"hit"}
[client] {"a":6,"dup":false,"ev":"game","ms":45771,"predicted":false,"t":1,"tick":2610,"type":"hit"}
[client] {"a":5,"dup":true,"ev":"game","ms":46019,"predicted":false,"t":2,"tick":2630,"type":"hit"}
[client] {"a":8,"dup":false,"ev":"game","ms":46089,"predicted":false,"t":1,"tick":2629,"type":"hit"}
[client] {"a":4,"dup":false,"ev":"game","ms":46102,"predicted":false,"t":6,"tick":2630,"type":"hit"}
[client] {"a":4,"dup":false,"ev":"game","ms":46420,"predicted":false,"t":6,"tick":2649,"type":"hit"}
[client] {"a":2,"dup":false,"ev":"game","ms":46489,"predicted":false,"t":5,"tick":2653,"type":"hit"}
[client] {"a":2,"dup":false,"ev":"game","ms":46716,"predicted":false,"t":5,"tick":2667,"type":"hit"}
[client] {"a":6,"dup":false,"ev":"game","ms":48153,"predicted":false,"t":4,"tick":2753,"type":"hit"}
[client] {"a":3,"dup":false,"ev":"game","ms":48172,"predicted":false,"t":9,"tick":2754,"type":"hit"}
[client] {"a":0,"dup":false,"ev":"game","ms":48469,"predicted":false,"t":6,"tick":2772,"type":"hit"}
[client] {"a":1,"dup":false,"ev":"game","ms":48607,"predicted":false,"t":7,"tick":2780,"type":"hit"}
[client] {"a":6,"dup":false,"ev":"game","ms":48835,"predicted":false,"t":4,"tick":2794,"type":"hit"}
[client] {"a":7,"dup":false,"ev":"game","ms":49007,"predicted":false,"t":4,"tick":2804,"type":"hit"}
[client] {"a":0,"dup":false,"ev":"game","ms":49117,"predicted":false,"t":6,"tick":2811,"type":"hit"}
[client] {"a":2,"dup":false,"ev":"game","ms":49117,"predicted":false,"t":5,"tick":2811,"type":"hit"}
[client] {"a":0,"dup":false,"ev":"game","ms":49173,"predicted":false,"t":7,"tick":2814,"type":"hit"}
[client] {"a":1,"dup":false,"ev":"game","ms":49235,"predicted":false,"t":7,"tick":2818,"type":"hit"}
[client] {"a":1,"dup":false,"ev":"game","ms":49272,"predicted":false,"t":6,"tick":2820,"type":"hit"}
[client] {"a":8,"dup":false,"ev":"game","ms":49504,"predicted":false,"t":2,"tick":2834,"type":"hit"}
[client] {"a":9,"dup":false,"ev":"game","ms":49573,"predicted":false,"t":4,"tick":2838,"type":"block"}
[client] {"a":6,"dup":false,"ev":"game","ms":49890,"predicted":false,"t":2,"tick":2857,"type":"hit"}
[client] {"a":0,"dup":false,"ev":"game","ms":49904,"predicted":false,"t":7,"tick":2858,"type":"hit"}
[client] {"a":0,"dup":false,"ev":"game","ms":49939,"predicted":false,"t":6,"tick":2860,"type":"hit"}
[client] {"counts":{"blocks_on_me":0,"conf_actions":26,"confirmed_hits":128,"dup_confirmed":0,"hits_on_me":16,"pred_actions":28,"predicted_confirmed":14,"predicted_hits":34,"reconnects":0},"ev":"stats","hp":114.0,"in_bytes":687553,"late":0,"local_entity":5,"match":{"countdown_until":300,"ctrl":-1,"final":false,"next":"","phase":3,"rot":1034,"scores":[11,0],"sd":false,"state":3,"tick":2566,"zone":"B"},"max_err":1.188,"mean_err":0.0409,"ms":49972,"out_bytes":140499,"pending":6,"pos":[0.41,-4.1],"reconciles":953,"server_tick":2866,"snaps":955,"teleports":2}
[client] {"a":1,"dup":false,"ev":"game","ms":50090,"predicted":false,"t":9,"tick":2869,"type":"hit"}
[client] {"a":7,"dup":false,"ev":"game","ms":50222,"predicted":false,"t":0,"tick":2877,"type":"hit"}
[client] {"a":7,"dup":false,"ev":"game","ms":50237,"predicted":false,"t":4,"tick":2878,"type":"hit"}
[client] {"a":7,"dup":false,"ev":"game","ms":50305,"predicted":false,"t":3,"tick":2882,"type":"hit"}
[client] {"a":2,"dup":false,"ev":"game","ms":50373,"predicted":false,"t":6,"tick":2886,"type":"hit"}
[client] {"a":2,"dup":false,"ev":"game","ms":50373,"predicted":false,"t":7,"tick":2886,"type":"hit"}
[client] {"a":1,"dup":false,"ev":"game","ms":50421,"predicted":false,"t":9,"tick":2889,"type":"hit"}
[client] {"a":5,"dup":true,"ev":"game","ms":50554,"predicted":false,"t":0,"tick":2902,"type":"hit"}
[client] {"a":5,"dup":true,"ev":"game","ms":50554,"predicted":false,"t":4,"tick":2902,"type":"hit"}
[client] {"a":8,"dup":false,"ev":"game","ms":50670,"predicted":false,"t":3,"tick":2904,"type":"hit"}
[client] {"a":2,"dup":false,"ev":"game","ms":50704,"predicted":false,"t":7,"tick":2906,"type":"hit"}
[client] {"a":1,"dup":false,"ev":"game","ms":50739,"predicted":false,"t":9,"tick":2908,"type":"hit"}
[client] {"a":6,"dup":false,"ev":"game","ms":50753,"predicted":false,"t":2,"tick":2909,"type":"hit"}
[client] {"a":3,"dup":false,"ev":"game","ms":50989,"predicted":false,"t":5,"tick":2923,"type":"hit"}
[client] {"a":3,"dup":false,"ev":"game","ms":50989,"predicted":false,"t":9,"tick":2923,"type":"hit"}
[client] {"a":8,"dup":false,"ev":"game","ms":51008,"predicted":false,"t":3,"tick":2924,"type":"hit"}
[client] {"a":7,"dup":false,"ev":"game","ms":51105,"predicted":false,"t":1,"tick":2930,"type":"hit"}
[client] {"a":7,"dup":false,"ev":"game","ms":51105,"predicted":false,"t":4,"tick":2930,"type":"hit"}
[client] {"a":2,"dup":false,"ev":"game","ms":51118,"predicted":false,"t":9,"tick":2931,"type":"hit"}
[client] {"a":0,"dup":false,"ev":"game","ms":51208,"predicted":false,"t":7,"tick":2936,"type":"hit"}
[client] {"a":5,"dup":true,"ev":"game","ms":51305,"predicted":false,"t":2,"tick":2946,"type":"hit"}
[client] {"a":1,"dup":false,"ev":"game","ms":51491,"predicted":false,"t":7,"tick":2953,"type":"hit"}
[client] {"a":6,"dup":false,"ev":"game","ms":51491,"predicted":false,"t":2,"tick":2953,"type":"hit"}
[client] {"a":5,"dup":true,"ev":"game","ms":51657,"predicted":false,"t":2,"tick":2968,"type":"hit"}
[client] {"a":8,"dup":false,"ev":"game","ms":51692,"predicted":false,"t":2,"tick":2965,"type":"hit"}
[client] {"a":1,"dup":false,"ev":"game","ms":51719,"predicted":false,"t":7,"tick":2967,"type":"hit"}
[client] {"a":1,"dup":false,"ev":"game","ms":51754,"predicted":false,"t":6,"tick":2969,"type":"hit"}
[client] {"a":8,"dup":false,"ev":"game","ms":51774,"predicted":false,"t":3,"tick":2970,"type":"hit"}
[client] {"a":2,"dup":false,"ev":"game","ms":52154,"predicted":false,"t":5,"tick":2993,"type":"hit"}
[client] {"a":2,"dup":false,"ev":"game","ms":52154,"predicted":false,"t":9,"tick":2993,"type":"hit"}
[client] {"a":1,"dup":false,"ev":"game","ms":52189,"predicted":false,"t":6,"tick":2995,"type":"hit"}
[client] {"a":1,"dup":false,"ev":"game","ms":52609,"predicted":false,"t":6,"tick":3020,"type":"block"}
[client] {"a":4,"dup":false,"ev":"game","ms":52837,"predicted":false,"t":6,"tick":3034,"type":"block"}
[client] {"a":1,"dup":false,"ev":"game","ms":52926,"predicted":false,"t":6,"tick":3039,"type":"block"}
[client] {"a":3,"dup":false,"ev":"game","ms":53009,"predicted":false,"t":6,"tick":3044,"type":"block"}
[client] {"a":8,"dup":false,"ev":"game","ms":53009,"predicted":false,"t":2,"tick":3044,"type":"hit"}
[client] {"a":3,"dup":false,"ev":"game","ms":53306,"predicted":false,"t":6,"tick":3062,"type":"hit"}
[client] {"a":8,"dup":false,"ev":"game","ms":53409,"predicted":false,"t":4,"tick":3068,"type":"hit"}
[client] {"a":7,"dup":false,"ev":"game","ms":53568,"predicted":false,"t":3,"tick":3078,"type":"hit"}
[client] {"a":3,"dup":false,"ev":"game","ms":53568,"predicted":false,"t":-1,"tick":3078,"type":"ko"}
[client] {"a":7,"dup":false,"ev":"game","ms":53616,"predicted":false,"t":0,"tick":3081,"type":"hit"}
[client] {"a":8,"dup":false,"ev":"game","ms":53630,"predicted":false,"t":4,"tick":3082,"type":"hit"}
[client] {"a":6,"dup":false,"ev":"game","ms":53665,"predicted":false,"t":1,"tick":3084,"type":"hit"}
[client] {"a":8,"dup":false,"ev":"game","ms":53720,"predicted":false,"t":0,"tick":3086,"type":"hit"}
[client] {"a":6,"dup":false,"ev":"game","ms":54003,"predicted":false,"t":1,"tick":3104,"type":"hit"}
[client] {"a":6,"dup":false,"ev":"game","ms":54052,"predicted":false,"t":4,"tick":3107,"type":"hit"}
[client] {"a":4,"dup":false,"ev":"game","ms":54052,"predicted":false,"t":-1,"tick":3107,"type":"ko"}
[client] {"a":8,"dup":false,"ev":"game","ms":54147,"predicted":false,"t":2,"tick":3113,"type":"hit"}
[client] {"a":7,"dup":false,"ev":"game","ms":54230,"predicted":false,"t":1,"tick":3118,"type":"hit"}
[client] {"a":6,"dup":false,"ev":"game","ms":54430,"predicted":false,"t":1,"tick":3130,"type":"hit"}
[client] {"a":1,"dup":false,"ev":"game","ms":54430,"predicted":false,"t":-1,"tick":3130,"type":"ko"}
[client] {"a":8,"dup":false,"ev":"game","ms":54486,"predicted":false,"t":2,"tick":3133,"type":"hit"}
[client] {"a":2,"dup":false,"ev":"game","ms":54486,"predicted":false,"t":-1,"tick":3133,"type":"ko"}
[client] {"counts":{"blocks_on_me":0,"conf_actions":33,"confirmed_hits":173,"dup_confirmed":0,"hits_on_me":18,"pred_actions":35,"predicted_confirmed":18,"predicted_hits":42,"reconnects":0},"ev":"stats","hp":66.0,"in_bytes":774272,"late":0,"local_entity":5,"match":{"countdown_until":300,"ctrl":-1,"final":false,"next":"A","phase":3,"rot":734,"scores":[11,0],"sd":false,"state":3,"tick":2866,"zone":"B"},"max_err":1.48,"mean_err":0.0404,"ms":54968,"out_bytes":155199,"pending":6,"pos":[-0.06,-2.73],"reconciles":1053,"server_tick":3166,"snaps":1055,"teleports":2}
[client] {"a":8,"dup":false,"ev":"game","ms":54983,"predicted":false,"t":0,"tick":3163,"type":"hit"}
[client] {"a":0,"dup":false,"ev":"game","ms":55769,"predicted":false,"t":7,"tick":3210,"type":"hit"}
[client] {"a":7,"dup":false,"ev":"game","ms":55769,"predicted":false,"t":-1,"tick":3210,"type":"ko"}
[client] {"a":0,"dup":false,"ev":"game","ms":55783,"predicted":false,"t":6,"tick":3211,"type":"hit"}
[client] {"a":0,"dup":false,"ev":"game","ms":56770,"predicted":false,"t":8,"tick":3270,"type":"hit"}
[client] {"a":9,"dup":false,"ev":"game","ms":57101,"predicted":false,"t":0,"tick":3290,"type":"hit"}
[client] {"a":9,"dup":false,"ev":"game","ms":57487,"predicted":false,"t":0,"tick":3313,"type":"hit"}
[client] {"a":0,"dup":false,"ev":"game","ms":57487,"predicted":false,"t":-1,"tick":3313,"type":"ko"}
[client] {"counts":{"blocks_on_me":0,"conf_actions":35,"confirmed_hits":179,"dup_confirmed":0,"hits_on_me":18,"pred_actions":37,"predicted_confirmed":18,"predicted_hits":42,"reconnects":0},"ev":"stats","hp":66.0,"in_bytes":826496,"late":0,"local_entity":5,"match":{"countdown_until":300,"ctrl":1,"final":false,"next":"A","phase":3,"rot":434,"scores":[11,2],"sd":false,"state":2,"tick":3166,"zone":"B"},"max_err":1.48,"mean_err":0.0384,"ms":59970,"out_bytes":169899,"pending":6,"pos":[-0.58,-2.66],"reconciles":1153,"server_tick":3466,"snaps":1155,"teleports":2}
[client] {"a":3,"dup":false,"ev":"game","ms":63580,"predicted":false,"t":-1,"tick":3678,"type":"respawn"}
[client] {"a":4,"dup":false,"ev":"game","ms":64063,"predicted":false,"t":-1,"tick":3707,"type":"respawn"}
[client] {"a":1,"dup":false,"ev":"game","ms":64449,"predicted":false,"t":-1,"tick":3730,"type":"respawn"}
[client] {"a":2,"dup":false,"ev":"game","ms":64498,"predicted":false,"t":-1,"tick":3733,"type":"respawn"}
[client] {"counts":{"blocks_on_me":0,"conf_actions":35,"confirmed_hits":179,"dup_confirmed":0,"hits_on_me":18,"pred_actions":37,"predicted_confirmed":18,"predicted_hits":42,"reconnects":0},"ev":"stats","hp":99.2999999999997,"in_bytes":875934,"late":0,"local_entity":5,"match":{"countdown_until":300,"ctrl":1,"final":false,"next":"A","phase":3,"rot":134,"scores":[11,7],"sd":false,"state":2,"tick":3466,"zone":"B"},"max_err":1.48,"mean_err":0.0385,"ms":64966,"out_bytes":184599,"pending":6,"pos":[-0.58,-2.66],"reconciles":1253,"server_tick":3766,"snaps":1255,"teleports":2}
[client] {"a":7,"dup":false,"ev":"game","ms":65781,"predicted":false,"t":-1,"tick":3810,"type":"respawn"}
[client] {"a":-1,"dup":false,"ev":"game","ms":67264,"predicted":false,"t":-1,"tick":3899,"type":"zone_rotated"}
[client] {"a":0,"dup":false,"ev":"game","ms":67499,"predicted":false,"t":-1,"tick":3913,"type":"respawn"}
[client] {"counts":{"blocks_on_me":0,"conf_actions":35,"confirmed_hits":179,"dup_confirmed":0,"hits_on_me":18,"pred_actions":37,"predicted_confirmed":18,"predicted_hits":42,"reconnects":0},"ev":"stats","hp":189.300000000002,"in_bytes":934429,"late":0,"local_entity":5,"match":{"countdown_until":300,"ctrl":-1,"final":false,"next":"","phase":3,"rot":3434,"scores":[11,9],"sd":false,"state":1,"tick":3766,"zone":"A"},"max_err":1.48,"mean_err":0.0362,"ms":69969,"out_bytes":199299,"pending":6,"pos":[-18.21,-9.53],"reconciles":1353,"server_tick":4066,"snaps":1355,"teleports":2}
[client] {"counts":{"blocks_on_me":0,"conf_actions":35,"confirmed_hits":179,"dup_confirmed":0,"hits_on_me":18,"pred_actions":37,"predicted_confirmed":18,"predicted_hits":42,"reconnects":0},"ev":"stats","hp":220.0,"in_bytes":997977,"late":0,"local_entity":5,"match":{"countdown_until":300,"ctrl":-1,"final":false,"next":"","phase":3,"rot":3134,"scores":[11,10],"sd":false,"state":3,"tick":4066,"zone":"A"},"max_err":1.48,"mean_err":0.0344,"ms":74967,"out_bytes":213999,"pending":9,"pos":[-42.11,-0.1],"reconciles":1451,"server_tick":4366,"snaps":1455,"teleports":2}
[client] {"a":3,"dup":false,"ev":"game","ms":75603,"predicted":false,"t":6,"tick":4400,"type":"hit"}
[client] {"a":9,"dup":false,"ev":"game","ms":75720,"predicted":false,"t":3,"tick":4407,"type":"hit"}
[client] {"a":9,"dup":false,"ev":"game","ms":75748,"predicted":false,"t":4,"tick":4409,"type":"hit"}
[client] {"a":9,"dup":false,"ev":"game","ms":75768,"predicted":false,"t":1,"tick":4410,"type":"hit"}
[client] {"a":3,"dup":false,"ev":"game","ms":76051,"predicted":false,"t":6,"tick":4426,"type":"hit"}
[client] {"a":1,"dup":false,"ev":"game","ms":76182,"predicted":false,"t":9,"tick":4435,"type":"hit"}
[client] {"a":6,"dup":false,"ev":"game","ms":76417,"predicted":false,"t":3,"tick":4448,"type":"hit"}
[client] {"a":1,"dup":false,"ev":"game","ms":76431,"predicted":false,"t":9,"tick":4449,"type":"hit"}
[client] {"a":1,"dup":false,"ev":"game","ms":76451,"predicted":false,"t":6,"tick":4450,"type":"hit"}
[client] {"a":4,"dup":false,"ev":"game","ms":76520,"predicted":false,"t":6,"tick":4454,"type":"hit"}
[client] {"a":4,"dup":false,"ev":"game","ms":76520,"predicted":false,"t":9,"tick":4454,"type":"hit"}
[client] {"a":8,"dup":false,"ev":"game","ms":76520,"predicted":false,"t":3,"tick":4454,"type":"hit"}
[client] {"a":4,"dup":false,"ev":"game","ms":76852,"predicted":false,"t":6,"tick":4474,"type":"hit"}
[client] {"a":9,"dup":false,"ev":"game","ms":76865,"predicted":false,"t":4,"tick":4475,"type":"hit"}
[client] {"a":8,"dup":false,"ev":"game","ms":76934,"predicted":false,"t":4,"tick":4479,"type":"hit"}
[client] {"a":3,"dup":false,"ev":"game","ms":76948,"predicted":false,"t":6,"tick":4481,"type":"hit"}
[client] {"a":1,"dup":false,"ev":"game","ms":77231,"predicted":false,"t":6,"tick":4497,"type":"hit"}
[client] {"a":1,"dup":false,"ev":"game","ms":77300,"predicted":false,"t":8,"tick":4502,"type":"hit"}
[client] {"a":9,"dup":false,"ev":"game","ms":77452,"predicted":false,"t":1,"tick":4510,"type":"hit"}
[client] {"a":3,"dup":false,"ev":"game","ms":77700,"predicted":false,"t":6,"tick":4526,"type":"hit"}
[client] {"a":1,"dup":false,"ev":"game","ms":77818,"predicted":false,"t":9,"tick":4532,"type":"hit"}
[client] {"a":2,"dup":false,"ev":"game","ms":77888,"predicted":false,"t":9,"tick":4537,"type":"hit"}
[client] {"a":7,"dup":false,"ev":"game","ms":77888,"predicted":false,"t":1,"tick":4537,"type":"hit"}
[client] {"a":4,"dup":false,"ev":"game","ms":78087,"predicted":false,"t":7,"tick":4549,"type":"hit"}
[client] {"a":6,"dup":false,"ev":"game","ms":78231,"predicted":false,"t":1,"tick":4557,"type":"hit"}
[client] {"a":6,"dup":false,"ev":"game","ms":78653,"predicted":false,"t":1,"tick":4582,"type":"hit"}
[client] {"a":6,"dup":false,"ev":"game","ms":78687,"predicted":false,"t":3,"tick":4585,"type":"hit"}
[client] {"a":4,"dup":false,"ev":"game","ms":78700,"predicted":false,"t":7,"tick":4586,"type":"hit"}
[client] {"a":2,"dup":false,"ev":"game","ms":78866,"predicted":false,"t":9,"tick":4595,"type":"hit"}
[client] {"a":2,"dup":false,"ev":"game","ms":78949,"predicted":false,"t":7,"tick":4601,"type":"hit"}
[client] {"a":1,"dup":false,"ev":"game","ms":78984,"predicted":false,"t":6,"tick":4603,"type":"block"}
[client] {"a":4,"dup":false,"ev":"game","ms":79053,"predicted":false,"t":7,"tick":4606,"type":"hit"}
[client] {"a":1,"dup":false,"ev":"game","ms":79418,"predicted":false,"t":6,"tick":4628,"type":"block"}
[client] {"a":0,"dup":false,"ev":"game","ms":79522,"predicted":false,"t":6,"tick":4635,"type":"hit"}
[client] {"a":8,"dup":false,"ev":"game","ms":79570,"predicted":false,"t":4,"tick":4638,"type":"hit"}
[client] {"a":9,"dup":false,"ev":"game","ms":79570,"predicted":false,"t":4,"tick":4638,"type":"hit"}
[client] {"a":5,"dup":true,"ev":"game","ms":79805,"predicted":false,"t":4,"tick":4657,"type":"hit"}
[client] {"a":6,"dup":false,"ev":"game","ms":79888,"predicted":false,"t":1,"tick":4657,"type":"hit"}
[client] {"counts":{"blocks_on_me":0,"conf_actions":43,"confirmed_hits":215,"dup_confirmed":0,"hits_on_me":18,"pred_actions":45,"predicted_confirmed":19,"predicted_hits":47,"reconnects":0},"ev":"stats","hp":220.0,"in_bytes":1083102,"late":0,"local_entity":5,"match":{"countdown_until":300,"ctrl":-1,"final":false,"next":"","phase":3,"rot":2834,"scores":[11,10],"sd":false,"state":3,"tick":4366,"zone":"A"},"max_err":1.792,"mean_err":0.0351,"ms":79969,"out_bytes":228699,"pending":9,"pos":[-40.39,-0.55],"reconciles":1551,"server_tick":4666,"snaps":1555,"teleports":2}
[client] {"a":3,"dup":false,"ev":"game","ms":80019,"predicted":false,"t":6,"tick":4664,"type":"hit"}
[client] {"a":5,"dup":true,"ev":"game","ms":80053,"predicted":false,"t":4,"tick":4671,"type":"hit"}
[client] {"a":9,"dup":false,"ev":"game","ms":80067,"predicted":false,"t":4,"tick":4667,"type":"hit"}
[client] {"a":2,"dup":false,"ev":"game","ms":80088,"predicted":false,"t":9,"tick":4668,"type":"hit"}
[client] {"a":0,"dup":false,"ev":"game","ms":80122,"predicted":false,"t":6,"tick":4671,"type":"hit"}
[client] {"a":0,"dup":false,"ev":"game","ms":80467,"predicted":false,"t":6,"tick":4691,"type":"hit"}
[client] {"a":2,"dup":false,"ev":"game","ms":80467,"predicted":false,"t":5,"tick":4691,"type":"hit"}
[client] {"a":8,"dup":false,"ev":"game","ms":80467,"predicted":false,"t":4,"tick":4691,"type":"hit"}
[client] {"a":6,"dup":false,"ev":"game","ms":80467,"predicted":false,"t":-1,"tick":4691,"type":"ko"}
[client] {"a":9,"dup":false,"ev":"game","ms":80536,"predicted":false,"t":4,"tick":4696,"type":"hit"}
[client] {"a":2,"dup":false,"ev":"game","ms":80667,"predicted":false,"t":9,"tick":4703,"type":"hit"}
[client] {"a":2,"dup":false,"ev":"game","ms":80722,"predicted":false,"t":8,"tick":4707,"type":"hit"}
[client] {"a":5,"dup":false,"ev":"game","ms":80889,"predicted":false,"t":3,"tick":4721,"type":"hit"}
[client] {"a":5,"dup":true,"ev":"game","ms":81206,"predicted":false,"t":1,"tick":4741,"type":"hit"}
[client] {"a":5,"dup":true,"ev":"game","ms":81206,"predicted":false,"t":3,"tick":4741,"type":"hit"}
[client] {"a":5,"dup":false,"ev":"game","ms":81254,"predicted":false,"t":0,"tick":4744,"type":"hit"}
[client] {"a":2,"dup":false,"ev":"game","ms":81502,"predicted":false,"t":5,"tick":4754,"type":"hit"}
[client] {"a":2,"dup":false,"ev":"game","ms":81523,"predicted":false,"t":8,"tick":4755,"type":"hit"}
[client] {"a":7,"dup":false,"ev":"game","ms":81571,"predicted":false,"t":3,"tick":4758,"type":"hit"}
[client] {"a":9,"dup":false,"ev":"game","ms":81654,"predicted":false,"t":2,"tick":4762,"type":"hit"}
[client] {"a":1,"dup":false,"ev":"game","ms":81833,"predicted":false,"t":7,"tick":4774,"type":"hit"}
[client] {"a":2,"dup":false,"ev":"game","ms":82034,"predicted":false,"t":9,"tick":4786,"type":"hit"}
[client] {"a":5,"dup":false,"ev":"game","ms":82172,"predicted":false,"t":3,"tick":4799,"type":"hit"}
[client] {"a":3,"dup":false,"ev":"game","ms":82220,"predicted":false,"t":7,"tick":4797,"type":"hit"}
[client] {"a":1,"dup":false,"ev":"game","ms":82255,"predicted":false,"t":7,"tick":4799,"type":"hit"}
[client] {"a":0,"dup":false,"ev":"game","ms":82456,"predicted":false,"t":8,"tick":4811,"type":"hit"}
[client] {"a":2,"dup":false,"ev":"game","ms":82469,"predicted":false,"t":9,"tick":4812,"type":"hit"}
[client] {"a":5,"dup":true,"ev":"game","ms":82539,"predicted":false,"t":3,"tick":4821,"type":"hit"}
[client] {"a":5,"dup":true,"ev":"game","ms":82572,"predicted":false,"t":0,"tick":4823,"type":"hit"}
[client] {"a":3,"dup":false,"ev":"game","ms":82621,"predicted":false,"t":7,"tick":4821,"type":"hit"}
[client] {"a":2,"dup":false,"ev":"game","ms":82806,"predicted":false,"t":9,"tick":4832,"type":"hit"}
[client] {"a":7,"dup":false,"ev":"game","ms":83103,"predicted":false,"t":3,"tick":4850,"type":"hit"}
[client] {"a":4,"dup":false,"ev":"game","ms":83407,"predicted":false,"t":9,"tick":4868,"type":"hit"}
[client] {"a":3,"dup":false,"ev":"game","ms":83539,"predicted":false,"t":5,"tick":4876,"type":"hit"}
[client] {"a":2,"dup":false,"ev":"game","ms":83634,"predicted":false,"t":9,"tick":4882,"type":"hit"}
[client] {"a":9,"dup":false,"ev":"game","ms":83634,"predicted":false,"t":-1,"tick":4882,"type":"ko"}
[client] {"a":0,"dup":false,"ev":"game","ms":83772,"predicted":false,"t":5,"tick":4890,"type":"hit"}
[client] {"a":7,"dup":false,"ev":"game","ms":84388,"predicted":false,"t":2,"tick":4927,"type":"hit"}
[client] {"a":7,"dup":false,"ev":"game","ms":84388,"predicted":false,"t":4,"tick":4927,"type":"hit"}
[client] {"a":7,"dup":false,"ev":"game","ms":84456,"predicted":false,"t":3,"tick":4931,"type":"hit"}
[client] {"counts":{"blocks_on_me":0,"conf_actions":51,"confirmed_hits":253,"dup_confirmed":0,"hits_on_me":22,"pred_actions":54,"predicted_confirmed":24,"predicted_hits":55,"reconnects":0},"ev":"stats","hp":111.0,"in_bytes":1165197,"late":0,"local_entity":5,"match":{"countdown_until":300,"ctrl":-1,"final":false,"next":"","phase":3,"rot":2534,"scores":[11,10],"sd":false,"state":3,"tick":4666,"zone":"A"},"max_err":1.823,"mean_err":0.0359,"ms":84973,"out_bytes":243399,"pending":9,"pos":[-44.1,-2.68],"reconciles":1651,"server_tick":4966,"snaps":1655,"teleports":2}
[client] {"a":0,"dup":false,"ev":"game","ms":85207,"predicted":false,"t":8,"tick":4976,"type":"hit"}
[client] {"a":1,"dup":false,"ev":"game","ms":85207,"predicted":false,"t":8,"tick":4976,"type":"hit"}
[client] {"a":3,"dup":false,"ev":"game","ms":85207,"predicted":false,"t":5,"tick":4976,"type":"hit"}
[client] {"a":7,"dup":false,"ev":"game","ms":85373,"predicted":false,"t":0,"tick":4986,"type":"hit"}
[client] {"a":4,"dup":false,"ev":"game","ms":85504,"predicted":false,"t":7,"tick":4994,"type":"hit"}
[client] {"a":7,"dup":false,"ev":"game","ms":85504,"predicted":false,"t":-1,"tick":4994,"type":"ko"}
[client] {"a":5,"dup":true,"ev":"game","ms":85808,"predicted":false,"t":3,"tick":5016,"type":"hit"}
[client] {"a":0,"dup":false,"ev":"game","ms":85974,"predicted":false,"t":8,"tick":5022,"type":"hit"}
[client] {"a":5,"dup":true,"ev":"game","ms":86153,"predicted":false,"t":3,"tick":5038,"type":"hit"}
[client] {"a":3,"dup":false,"ev":"game","ms":86705,"predicted":false,"t":8,"tick":5066,"type":"hit"}
[client] {"a":3,"dup":false,"ev":"game","ms":87257,"predicted":false,"t":5,"tick":5099,"type":"hit"}
[client] {"a":8,"dup":false,"ev":"game","ms":88167,"predicted":false,"t":3,"tick":5154,"type":"hit"}
[client] {"a":5,"dup":false,"ev":"game","ms":88167,"predicted":false,"t":4,"tick":5158,"type":"block"}
[client] {"a":4,"dup":false,"ev":"game","ms":88603,"predicted":false,"t":5,"tick":5180,"type":"hit"}
[client] {"a":8,"dup":false,"ev":"game","ms":88850,"predicted":false,"t":3,"tick":5195,"type":"hit"}
[client] {"a":3,"dup":false,"ev":"game","ms":88850,"predicted":false,"t":-1,"tick":5195,"type":"ko"}
[client] {"a":5,"dup":true,"ev":"game","ms":88885,"predicted":false,"t":4,"tick":5201,"type":"hit"}
[client] {"a":4,"dup":false,"ev":"game","ms":89403,"predicted":false,"t":5,"tick":5228,"type":"hit"}
[client] {"a":0,"dup":false,"ev":"game","ms":89486,"predicted":false,"t":5,"tick":5233,"type":"hit"}
[client] {"a":8,"dup":false,"ev":"game","ms":89934,"predicted":false,"t":0,"tick":5260,"type":"hit"}
[client] {"counts":{"blocks_on_me":0,"conf_actions":59,"confirmed_hits":270,"dup_confirmed":0,"hits_on_me":27,"pred_actions":64,"predicted_confirmed":27,"predicted_hits":61,"reconnects":0},"ev":"stats","hp":13.0,"in_bytes":1240263,"late":0,"local_entity":5,"match":{"countdown_until":300,"ctrl":-1,"final":false,"next":"","phase":3,"rot":2234,"scores":[11,10],"sd":false,"state":3,"tick":4966,"zone":"A"},"max_err":2.118,"mean_err":0.0372,"ms":89967,"out_bytes":258099,"pending":9,"pos":[-38.86,-1.88],"reconciles":1751,"server_tick":5266,"snaps":1755,"teleports":2}
[client] {"a":5,"dup":true,"ev":"game","ms":90287,"predicted":false,"t":4,"tick":5286,"type":"hit"}
[client] {"a":4,"dup":false,"ev":"game","ms":90369,"predicted":false,"t":-1,"tick":5286,"type":"ko"}
[client] {"a":6,"dup":false,"ev":"game","ms":90453,"predicted":false,"t":-1,"tick":5291,"type":"respawn"}
[client] {"a":8,"dup":false,"ev":"game","ms":91217,"predicted":false,"t":2,"tick":5337,"type":"hit"}
[client] {"a":1,"dup":false,"ev":"game","ms":91335,"predicted":false,"t":8,"tick":5344,"type":"hit"}
[client] {"a":8,"dup":false,"ev":"game","ms":91335,"predicted":false,"t":-1,"tick":5344,"type":"ko"}
[client] {"a":5,"dup":true,"ev":"game","ms":91687,"predicted":false,"t":1,"tick":5369,"type":"hit"}
[client] {"a":5,"dup":false,"ev":"game","ms":92169,"predicted":false,"t":-1,"tick":5399,"type":"ko"}
[client] {"a":2,"dup":false,"ev":"game","ms":92252,"predicted":false,"t":5,"tick":5399,"type":"hit"}
[client] {"a":9,"dup":false,"ev":"game","ms":93639,"predicted":false,"t":-1,"tick":5482,"type":"respawn"}
[client] {"counts":{"blocks_on_me":0,"conf_actions":62,"confirmed_hits":275,"dup_confirmed":0,"hits_on_me":28,"pred_actions":66,"predicted_confirmed":29,"predicted_hits":63,"reconnects":0},"ev":"stats","hp":0.0,"in_bytes":1300191,"late":0,"local_entity":5,"match":{"countdown_until":300,"ctrl":0,"final":false,"next":"","phase":3,"rot":1934,"scores":[13,10],"sd":false,"state":2,"tick":5266,"zone":"A"},"max_err":2.118,"mean_err":0.0355,"ms":94970,"out_bytes":272799,"pending":9,"pos":[-40.89,-0.43],"reconciles":1851,"server_tick":5566,"snaps":1855,"teleports":2}
[client] {"a":7,"dup":false,"ev":"game","ms":95502,"predicted":false,"t":-1,"tick":5594,"type":"respawn"}
[client] {"a":3,"dup":false,"ev":"game","ms":98849,"predicted":false,"t":-1,"tick":5795,"type":"respawn"}
[client] {"counts":{"blocks_on_me":0,"conf_actions":62,"confirmed_hits":275,"dup_confirmed":0,"hits_on_me":28,"pred_actions":66,"predicted_confirmed":29,"predicted_hits":63,"reconnects":0},"ev":"stats","hp":0.0,"in_bytes":1354219,"late":0,"local_entity":5,"match":{"countdown_until":300,"ctrl":0,"final":false,"next":"","phase":3,"rot":1634,"scores":[18,10],"sd":false,"state":2,"tick":5566,"zone":"A"},"max_err":2.118,"mean_err":0.0337,"ms":99965,"out_bytes":287499,"pending":9,"pos":[-40.89,-0.43],"reconciles":1951,"server_tick":5866,"snaps":1955,"teleports":2}
[client] {"a":4,"dup":false,"ev":"game","ms":100367,"predicted":false,"t":-1,"tick":5886,"type":"respawn"}
[client] {"a":8,"dup":false,"ev":"game","ms":101333,"predicted":false,"t":-1,"tick":5944,"type":"respawn"}
[client] {"a":5,"dup":false,"ev":"game","ms":102167,"predicted":false,"t":-1,"tick":5999,"type":"respawn"}
[client] {"a":6,"dup":false,"ev":"game","ms":102285,"predicted":false,"t":2,"tick":6001,"type":"hit"}
[client] {"a":6,"dup":false,"ev":"game","ms":102299,"predicted":false,"t":0,"tick":6002,"type":"hit"}
[client] {"a":0,"dup":false,"ev":"game","ms":103271,"predicted":false,"t":6,"tick":6059,"type":"hit"}
[client] {"a":6,"dup":false,"ev":"game","ms":103672,"predicted":false,"t":0,"tick":6084,"type":"hit"}
[client] {"a":1,"dup":false,"ev":"game","ms":104237,"predicted":false,"t":9,"tick":6118,"type":"hit"}
[client] {"counts":{"blocks_on_me":0,"conf_actions":63,"confirmed_hits":280,"dup_confirmed":0,"hits_on_me":28,"pred_actions":66,"predicted_confirmed":29,"predicted_hits":63,"reconnects":0},"ev":"stats","hp":220.0,"in_bytes":1419597,"late":0,"local_entity":5,"match":{"countdown_until":300,"ctrl":-1,"final":false,"next":"","phase":3,"rot":1334,"scores":[19,10],"sd":false,"state":3,"tick":5866,"zone":"A"},"max_err":2.118,"mean_err":0.032,"ms":104968,"out_bytes":302199,"pending":9,"pos":[1.48,31.42],"reconciles":2050,"server_tick":6166,"snaps":2055,"teleports":3}
[client] {"a":2,"dup":false,"ev":"game","ms":105099,"predicted":false,"t":6,"tick":6170,"type":"hit"}
[client] {"a":2,"dup":false,"ev":"game","ms":105499,"predicted":false,"t":6,"tick":6194,"type":"hit"}
[client] {"a":0,"dup":false,"ev":"game","ms":105790,"predicted":false,"t":6,"tick":6211,"type":"hit"}
[client] {"a":1,"dup":false,"ev":"game","ms":105990,"predicted":false,"t":6,"tick":6223,"type":"hit"}
[client] {"a":2,"dup":false,"ev":"game","ms":106239,"predicted":false,"t":6,"tick":6238,"type":"hit"}
[client] {"a":7,"dup":false,"ev":"game","ms":106438,"predicted":false,"t":1,"tick":6250,"type":"hit"}
[client] {"a":0,"dup":false,"ev":"game","ms":106991,"predicted":false,"t":6,"tick":6283,"type":"hit"}
[client] {"a":7,"dup":false,"ev":"game","ms":107018,"predicted":false,"t":2,"tick":6285,"type":"hit"}
[client] {"a":9,"dup":false,"ev":"game","ms":108073,"predicted":false,"t":2,"tick":6348,"type":"hit"}
[client] {"a":9,"dup":false,"ev":"game","ms":108370,"predicted":false,"t":2,"tick":6366,"type":"hit"}
[client] {"a":1,"dup":false,"ev":"game","ms":108398,"predicted":false,"t":6,"tick":6368,"type":"block"}
[client] {"a":1,"dup":false,"ev":"game","ms":108694,"predicted":false,"t":6,"tick":6386,"type":"block"}
[client] {"a":2,"dup":false,"ev":"game","ms":108867,"predicted":false,"t":9,"tick":6396,"type":"hit"}
[client] {"a":1,"dup":false,"ev":"game","ms":109012,"predicted":false,"t":6,"tick":6405,"type":"hit"}
[client] {"a":7,"dup":false,"ev":"game","ms":109067,"predicted":false,"t":2,"tick":6408,"type":"hit"}
[client] {"a":6,"dup":false,"ev":"game","ms":109398,"predicted":false,"t":1,"tick":6428,"type":"hit"}
[client] {"a":9,"dup":false,"ev":"game","ms":109585,"predicted":false,"t":2,"tick":6439,"type":"hit"}
[client] {"a":6,"dup":false,"ev":"game","ms":109729,"predicted":false,"t":1,"tick":6448,"type":"hit"}
[client] {"counts":{"blocks_on_me":0,"conf_actions":63,"confirmed_hits":296,"dup_confirmed":0,"hits_on_me":28,"pred_actions":66,"predicted_confirmed":29,"predicted_hits":63,"reconnects":0},"ev":"stats","hp":220.0,"in_bytes":1487304,"late":0,"local_entity":5,"match":{"countdown_until":300,"ctrl":-1,"final":false,"next":"","phase":3,"rot":1034,"scores":[19,10],"sd":false,"state":3,"tick":6166,"zone":"A"},"max_err":2.118,"mean_err":0.0306,"ms":109963,"out_bytes":316899,"pending":9,"pos":[-23.99,10.8],"reconciles":2150,"server_tick":6466,"snaps":2155,"teleports":3}
[client] {"a":6,"dup":false,"ev":"game","ms":110082,"predicted":false,"t":1,"tick":6469,"type":"hit"}
[client] {"a":1,"dup":false,"ev":"game","ms":110564,"predicted":false,"t":6,"tick":6498,"type":"hit"}
[client] {"a":3,"dup":false,"ev":"game","ms":110682,"predicted":false,"t":7,"tick":6505,"type":"hit"}
[client] {"a":2,"dup":false,"ev":"game","ms":110695,"predicted":false,"t":7,"tick":6506,"type":"hit"}
[client] {"a":3,"dup":false,"ev":"game","ms":110730,"predicted":false,"t":9,"tick":6508,"type":"hit"}
[client] {"a":6,"dup":false,"ev":"game","ms":110964,"predicted":false,"t":1,"tick":6522,"type":"hit"}
[client] {"a":7,"dup":false,"ev":"game","ms":111047,"predicted":false,"t":3,"tick":6527,"type":"hit"}
[client] {"a":0,"dup":false,"ev":"game","ms":111213,"predicted":false,"t":6,"tick":6537,"type":"hit"}
[client] {"a":1,"dup":false,"ev":"game","ms":111317,"predicted":false,"t":6,"tick":6543,"type":"hit"}
[client] {"a":3,"dup":false,"ev":"game","ms":111365,"predicted":false,"t":7,"tick":6546,"type":"hit"}
[client] {"a":2,"dup":false,"ev":"game","ms":111516,"predicted":false,"t":7,"tick":6555,"type":"hit"}
[client] {"a":6,"dup":false,"ev":"game","ms":111786,"predicted":false,"t":1,"tick":6571,"type":"hit"}
[client] {"a":0,"dup":false,"ev":"game","ms":111868,"predicted":false,"t":6,"tick":6576,"type":"hit"}
[client] {"a":2,"dup":false,"ev":"game","ms":112186,"predicted":false,"t":8,"tick":6595,"type":"hit"}
[client] {"a":9,"dup":false,"ev":"game","ms":112234,"predicted":false,"t":1,"tick":6598,"type":"hit"}
[client] {"a":1,"dup":false,"ev":"game","ms":112234,"predicted":false,"t":-1,"tick":6598,"type":"ko"}
[client] {"a":4,"dup":false,"ev":"game","ms":112517,"predicted":false,"t":9,"tick":6615,"type":"hit"}
[client] {"a":5,"dup":true,"ev":"game","ms":112848,"predicted":false,"t":3,"tick":6639,"type":"hit"}
[client] {"a":7,"dup":false,"ev":"game","ms":112917,"predicted":false,"t":3,"tick":6639,"type":"hit"}
[client] {"a":8,"dup":false,"ev":"game","ms":113000,"predicted":false,"t":3,"tick":6644,"type":"hit"}
[client] {"a":6,"dup":false,"ev":"game","ms":113083,"predicted":false,"t":0,"tick":6649,"type":"block"}
[client] {"a":3,"dup":false,"ev":"game","ms":113414,"predicted":false,"t":8,"tick":6669,"type":"hit"}
[client] {"a":3,"dup":false,"ev":"game","ms":113435,"predicted":false,"t":5,"tick":6670,"type":"hit"}
[client] {"a":3,"dup":false,"ev":"game","ms":113448,"predicted":false,"t":7,"tick":6671,"type":"hit"}
[client] {"a":9,"dup":false,"ev":"game","ms":113448,"predicted":false,"t":0,"tick":6671,"type":"hit"}
[client] {"a":4,"dup":false,"ev":"game","ms":113731,"predicted":false,"t":9,"tick":6688,"type":"hit"}
[client] {"a":6,"dup":false,"ev":"game","ms":113987,"predicted":false,"t":0,"tick":6703,"type":"hit"}
[client] {"a":3,"dup":false,"ev":"game","ms":114200,"predicted":false,"t":8,"tick":6716,"type":"hit"}
[client] {"a":6,"dup":false,"ev":"game","ms":114318,"predicted":false,"t":0,"tick":6723,"type":"hit"}
[client] {"a":3,"dup":false,"ev":"game","ms":114518,"predicted":false,"t":8,"tick":6735,"type":"hit"}
[client] {"a":0,"dup":false,"ev":"game","ms":114670,"predicted":false,"t":6,"tick":6744,"type":"hit"}
[client] {"a":6,"dup":false,"ev":"game","ms":114670,"predicted":false,"t":-1,"tick":6744,"type":"ko"}
[client] {"a":2,"dup":false,"ev":"game","ms":114704,"predicted":false,"t":7,"tick":6746,"type":"hit"}
[client] {"a":3,"dup":false,"ev":"game","ms":114836,"predicted":false,"t":7,"tick":6754,"type":"hit"}
[client] {"a":3,"dup":false,"ev":"game","ms":114836,"predicted":false,"t":8,"tick":6754,"type":"hit"}
[client] {"a":3,"dup":false,"ev":"game","ms":114849,"predicted":false,"t":5,"tick":6755,"type":"hit"}
[client] {"a":9,"dup":false,"ev":"game","ms":114952,"predicted":false,"t":4,"tick":6761,"type":"hit"}
[client] {"counts":{"blocks_on_me":0,"conf_actions":66,"confirmed_hits":330,"dup_confirmed":0,"hits_on_me":30,"pred_actions":69,"predicted_confirmed":30,"predicted_hits":66,"reconnects":0},"ev":"stats","hp":188.0,"in_bytes":1564931,"late":0,"local_entity":5,"match":{"countdown_until":300,"ctrl":-1,"final":false,"next":"C","phase":3,"rot":734,"scores":[19,10],"sd":false,"state":3,"tick":6466,"zone":"A"},"max_err":2.118,"mean_err":0.0301,"ms":114966,"out_bytes":331599,"pending":9,"pos":[-39.01,2.18],"reconciles":2250,"server_tick":6766,"snaps":2255,"teleports":3}
[client] {"a":9,"dup":false,"ev":"game","ms":115249,"predicted":false,"t":4,"tick":6779,"type":"hit"}
[client] {"a":5,"dup":true,"ev":"game","ms":115270,"predicted":false,"t":2,"tick":6785,"type":"hit"}
[client] {"a":7,"dup":false,"ev":"game","ms":115333,"predicted":false,"t":2,"tick":6784,"type":"hit"}
[client] {"a":7,"dup":false,"ev":"game","ms":115415,"predicted":false,"t":3,"tick":6789,"type":"hit"}
[client] {"a":5,"dup":true,"ev":"game","ms":115589,"predicted":false,"t":2,"tick":6804,"type":"hit"}
[client] {"a":9,"dup":false,"ev":"game","ms":115905,"predicted":false,"t":4,"tick":6818,"type":"block"}
[client] {"a":5,"dup":true,"ev":"game","ms":116167,"predicted":false,"t":2,"tick":6839,"type":"hit"}
[client] {"a":9,"dup":false,"ev":"game","ms":116202,"predicted":false,"t":4,"tick":6836,"type":"block"}
[client] {"a":2,"dup":false,"ev":"game","ms":116671,"predicted":false,"t":5,"tick":6864,"type":"hit"}
[client] {"a":8,"dup":false,"ev":"game","ms":116816,"predicted":false,"t":2,"tick":6873,"type":"hit"}
[client] {"a":2,"dup":false,"ev":"game","ms":116816,"predicted":false,"t":-1,"tick":6873,"type":"ko"}
[client] {"a":9,"dup":false,"ev":"game","ms":117086,"predicted":false,"t":4,"tick":6889,"type":"block"}
[client] {"a":9,"dup":false,"ev":"game","ms":117685,"predicted":false,"t":4,"tick":6925,"type":"block"}
[client] {"a":8,"dup":false,"ev":"game","ms":117789,"predicted":false,"t":3,"tick":6931,"type":"hit"}
[client] {"a":8,"dup":false,"ev":"game","ms":118106,"predicted":false,"t":3,"tick":6950,"type":"hit"}
[client] {"a":5,"dup":true,"ev":"game","ms":118120,"predicted":false,"t":3,"tick":6956,"type":"hit"}
[client] {"a":8,"dup":false,"ev":"game","ms":118134,"predicted":false,"t":0,"tick":6952,"type":"hit"}
[client] {"a":0,"dup":false,"ev":"game","ms":118673,"predicted":false,"t":8,"tick":6984,"type":"hit"}
[client] {"a":4,"dup":false,"ev":"game","ms":118769,"predicted":false,"t":9,"tick":6990,"type":"hit"}
[client] {"a":0,"dup":false,"ev":"game","ms":119087,"predicted":false,"t":7,"tick":7009,"type":"hit"}
[client] {"a":4,"dup":false,"ev":"game","ms":119190,"predicted":false,"t":9,"tick":7015,"type":"hit"}
[client] {"a":5,"dup":true,"ev":"game","ms":119307,"predicted":false,"t":0,"tick":7027,"type":"hit"}
[client] {"a":8,"dup":false,"ev":"game","ms":119472,"predicted":false,"t":0,"tick":7032,"type":"hit"}
[client] {"a":7,"dup":false,"ev":"game","ms":119487,"predicted":false,"t":0,"tick":7033,"type":"hit"}
[client] {"a":3,"dup":false,"ev":"game","ms":119652,"predicted":false,"t":5,"tick":7043,"type":"hit"}
[client] {"a":4,"dup":false,"ev":"game","ms":119652,"predicted":false,"t":9,"tick":7043,"type":"hit"}
[client] {"a":3,"dup":false,"ev":"game","ms":119672,"predicted":false,"t":8,"tick":7044,"type":"hit"}
[client] {"a":0,"dup":false,"ev":"game","ms":119838,"predicted":false,"t":5,"tick":7054,"type":"hit"}
[client] {"counts":{"blocks_on_me":0,"conf_actions":74,"confirmed_hits":353,"dup_confirmed":0,"hits_on_me":33,"pred_actions":78,"predicted_confirmed":35,"predicted_hits":78,"reconnects":0},"ev":"stats","hp":134.0,"in_bytes":1636102,"late":0,"local_entity":5,"match":{"countdown_until":300,"ctrl":-1,"final":false,"next":"C","phase":3,"rot":434,"scores":[19,10],"sd":false,"state":3,"tick":6766,"zone":"A"},"max_err":2.118,"mean_err":0.0302,"ms":119968,"out_bytes":346299,"pending":9,"pos":[-40.36,-0.16],"reconciles":2350,"server_tick":7066,"snaps":2355,"teleports":3}
[client] {"a":8,"dup":false,"ev":"game","ms":120190,"predicted":false,"t":3,"tick":7075,"type":"hit"}
[client] {"a":9,"dup":false,"ev":"game","ms":120238,"predicted":false,"t":4,"tick":7078,"type":"hit"}
[client] {"a":7,"dup":false,"ev":"game","ms":120369,"predicted":false,"t":0,"tick":7086,"type":"hit"}
[client] {"a":0,"dup":false,"ev":"game","ms":120369,"predicted":false,"t":-1,"tick":7086,"type":"ko"}
[client] {"a":5,"dup":true,"ev":"game","ms":120425,"predicted":false,"t":3,"tick":7094,"type":"hit"}
[client] {"a":4,"dup":false,"ev":"game","ms":120887,"predicted":false,"t":9,"tick":7117,"type":"hit"}
[client] {"a":5,"dup":true,"ev":"game","ms":121322,"predicted":false,"t":3,"tick":7148,"type":"hit"}
[client] {"a":5,"dup":true,"ev":"game","ms":121556,"predicted":false,"t":3,"tick":7162,"type":"hit"}
[client] {"a":7,"dup":false,"ev":"game","ms":121805,"predicted":false,"t":3,"tick":7172,"type":"hit"}
[client] {"a":3,"dup":false,"ev":"game","ms":121805,"predicted":false,"t":-1,"tick":7172,"type":"ko"}
[client] {"a":4,"dup":false,"ev":"game","ms":122226,"predicted":false,"t":5,"tick":7197,"type":"hit"}
[client] {"a":1,"dup":false,"ev":"game","ms":122240,"predicted":false,"t":-1,"tick":7198,"type":"respawn"}
[client] {"a":4,"dup":false,"ev":"game","ms":122284,"predicted":false,"t":8,"tick":7201,"type":"hit"}
[client] {"a":7,"dup":false,"ev":"game","ms":122764,"predicted":false,"t":4,"tick":7230,"type":"hit"}
[client] {"a":4,"dup":false,"ev":"game","ms":123130,"predicted":false,"t":7,"tick":7252,"type":"hit"}
[client] {"a":4,"dup":false,"ev":"game","ms":123517,"predicted":false,"t":7,"tick":7274,"type":"hit"}
[client] {"a":8,"dup":false,"ev":"game","ms":123586,"predicted":false,"t":4,"tick":7278,"type":"hit"}
[client] {"a":9,"dup":false,"ev":"game","ms":123751,"predicted":false,"t":4,"tick":7288,"type":"hit"}
[client] {"a":8,"dup":false,"ev":"game","ms":124317,"predicted":false,"t":4,"tick":7322,"type":"hit"}
[client] {"a":6,"dup":false,"ev":"game","ms":124669,"predicted":false,"t":-1,"tick":7344,"type":"respawn"}
[client] {"counts":{"blocks_on_me":0,"conf_actions":79,"confirmed_hits":369,"dup_confirmed":0,"hits_on_me":34,"pred_actions":83,"predicted_confirmed":38,"predicted_hits":84,"reconnects":0},"ev":"stats","hp":96.0,"in_bytes":1702051,"late":0,"local_entity":5,"match":{"countdown_until":300,"ctrl":-1,"final":false,"next":"C","phase":3,"rot":134,"scores":[19,10],"sd":false,"state":3,"tick":7066,"zone":"A"},"max_err":2.118,"mean_err":0.0316,"ms":124965,"out_bytes":360999,"pending":9,"pos":[-41.03,2.88],"reconciles":2450,"server_tick":7366,"snaps":2455,"teleports":3}
[client] {"a":4,"dup":false,"ev":"game","ms":124986,"predicted":false,"t":9,"tick":7362,"type":"hit"}
[client] {"a":9,"dup":false,"ev":"game","ms":124986,"predicted":false,"t":-1,"tick":7362,"type":"ko"}
[client] {"a":4,"dup":false,"ev":"game","ms":125648,"predicted":false,"t":8,"tick":7403,"type":"hit"}
[client] {"a":4,"dup":false,"ev":"game","ms":126249,"predicted":false,"t":5,"tick":7439,"type":"hit"}
[client] {"a":4,"dup":false,"ev":"game","ms":126587,"predicted":false,"t":5,"tick":7459,"type":"hit"}
[client] {"a":7,"dup":false,"ev":"game","ms":126622,"predicted":false,"t":4,"tick":7461,"type":"hit"}
[client] {"a":2,"dup":false,"ev":"game","ms":126822,"predicted":false,"t":-1,"tick":7473,"type":"respawn"}
[client] {"a":5,"dup":true,"ev":"game","ms":126870,"predicted":false,"t":4,"tick":7480,"type":"hit"}
[client] {"a":8,"dup":false,"ev":"game","ms":126988,"predicted":false,"t":4,"tick":7483,"type":"hit"}
[client] {"a":7,"dup":false,"ev":"game","ms":127188,"predicted":false,"t":4,"tick":7495,"type":"hit"}
[client] {"a":-1,"dup":false,"ev":"game","ms":127249,"predicted":false,"t":-1,"tick":7499,"type":"zone_rotated"}
[client] {"a":5,"dup":false,"ev":"game","ms":127650,"predicted":false,"t":4,"tick":7527,"type":"hit"}
[client] {"counts":{"blocks_on_me":0,"conf_actions":82,"confirmed_hits":378,"dup_confirmed":0,"hits_on_me":36,"pred_actions":87,"predicted_confirmed":39,"predicted_hits":88,"reconnects":0},"ev":"stats","hp":60.0,"in_bytes":1758195,"late":0,"local_entity":5,"match":{"countdown_until":300,"ctrl":-1,"final":false,"next":"","phase":3,"rot":3434,"scores":[19,10],"sd":false,"state":1,"tick":7366,"zone":"C"},"max_err":2.118,"mean_err":0.0308,"ms":129967,"out_bytes":375699,"pending":9,"pos":[-29.85,5.69],"reconciles":2550,"server_tick":7666,"snaps":2555,"teleports":3}
[client] {"a":0,"dup":false,"ev":"game","ms":130369,"predicted":false,"t":-1,"tick":7686,"type":"respawn"}
[client] {"a":3,"dup":false,"ev":"game","ms":131816,"predicted":false,"t":-1,"tick":7772,"type":"respawn"}
[client] {"counts":{"blocks_on_me":0,"conf_actions":82,"confirmed_hits":378,"dup_confirmed":0,"hits_on_me":36,"pred_actions":87,"predicted_confirmed":39,"predicted_hits":88,"reconnects":0},"ev":"stats","hp":86.3999999999997,"in_bytes":1815950,"late":0,"local_entity":5,"match":{"countdown_until":300,"ctrl":0,"final":false,"next":"","phase":3,"rot":3134,"scores":[19,10],"sd":false,"state":2,"tick":7666,"zone":"C"},"max_err":2.118,"mean_err":0.0297,"ms":134961,"out_bytes":390399,"pending":9,"pos":[5.84,1.55],"reconciles":2650,"server_tick":7966,"snaps":2655,"teleports":3}
[client] {"a":9,"dup":false,"ev":"game","ms":134983,"predicted":false,"t":-1,"tick":7962,"type":"respawn"}
[client] {"a":6,"dup":false,"ev":"game","ms":136818,"predicted":false,"t":2,"tick":8072,"type":"hit"}
[client] {"a":1,"dup":false,"ev":"game","ms":137102,"predicted":false,"t":6,"tick":8089,"type":"hit"}
[client] {"a":1,"dup":false,"ev":"game","ms":137432,"predicted":false,"t":6,"tick":8109,"type":"hit"}
[client] {"a":6,"dup":false,"ev":"game","ms":137819,"predicted":false,"t":1,"tick":8132,"type":"hit"}
[client] {"a":2,"dup":false,"ev":"game","ms":137984,"predicted":false,"t":6,"tick":8142,"type":"hit"}
[client] {"a":8,"dup":false,"ev":"game","ms":139185,"predicted":false,"t":1,"tick":8215,"type":"hit"}
[client] {"a":8,"dup":false,"ev":"game","ms":139434,"predicted":false,"t":1,"tick":8230,"type":"hit"}
[client] {"a":2,"dup":false,"ev":"game","ms":139716,"predicted":false,"t":8,"tick":8247,"type":"hit"}
[client] {"counts":{"blocks_on_me":0,"conf_actions":83,"confirmed_hits":386,"dup_confirmed":0,"hits_on_me":36,"pred_actions":88,"predicted_confirmed":39,"predicted_hits":88,"reconnects":0},"ev":"stats","hp":155.4,"in_bytes":1881313,"late":0,"local_entity":5,"match":{"countdown_until":300,"ctrl":-1,"final":false,"next":"","phase":3,"rot":2834,"scores":[19,10],"sd":false,"state":3,"tick":7966,"zone":"C"},"max_err":2.118,"mean_err":0.0287,"ms":139964,"out_bytes":405099,"pending":9,"pos":[36.84,-1.95],"reconciles":2750,"server_tick":8266,"snaps":2755,"teleports":3}
[client] {"a":2,"dup":false,"ev":"game","ms":140140,"predicted":false,"t":6,"tick":8272,"type":"hit"}
[client] {"a":0,"dup":false,"ev":"game","ms":140151,"predicted":false,"t":8,"tick":8273,"type":"hit"}
[client] {"a":2,"dup":false,"ev":"game","ms":140717,"predicted":false,"t":8,"tick":8307,"type":"hit"}
[client] {"a":6,"dup":false,"ev":"game","ms":141186,"predicted":false,"t":0,"tick":8335,"type":"hit"}
[client] {"a":7,"dup":false,"ev":"game","ms":141269,"predicted":false,"t":0,"tick":8340,"type":"hit"}
[client] {"a":2,"dup":false,"ev":"game","ms":141386,"predicted":false,"t":6,"tick":8347,"type":"hit"}
[client] {"a":8,"dup":false,"ev":"game","ms":141455,"predicted":false,"t":2,"tick":8351,"type":"hit"}
[client] {"a":6,"dup":false,"ev":"game","ms":141952,"predicted":false,"t":0,"tick":8381,"type":"hit"}
[client] {"a":1,"dup":false,"ev":"game","ms":142138,"predicted":false,"t":8,"tick":8392,"type":"hit"}
[client] {"a":6,"dup":false,"ev":"game","ms":142304,"predicted":false,"t":0,"tick":8402,"type":"hit"}
[client] {"a":2,"dup":false,"ev":"game","ms":142436,"predicted":false,"t":6,"tick":8410,"type":"hit"}
[client] {"a":3,"dup":false,"ev":"game","ms":142718,"predicted":false,"t":5,"tick":8427,"type":"hit"}
[client] {"a":1,"dup":false,"ev":"game","ms":142766,"predicted":false,"t":7,"tick":8430,"type":"hit"}
[client] {"a":0,"dup":false,"ev":"game","ms":142870,"predicted":false,"t":6,"tick":8436,"type":"block"}
[client] {"a":8,"dup":false,"ev":"game","ms":143021,"predicted":false,"t":1,"tick":8445,"type":"hit"}
[client] {"a":3,"dup":false,"ev":"game","ms":143084,"predicted":false,"t":5,"tick":8449,"type":"hit"}
[client] {"a":2,"dup":false,"ev":"game","ms":143152,"predicted":false,"t":6,"tick":8453,"type":"hit"}
[client] {"a":0,"dup":false,"ev":"game","ms":143237,"predicted":false,"t":6,"tick":8458,"type":"hit"}
[client] {"a":1,"dup":false,"ev":"game","ms":143387,"predicted":false,"t":6,"tick":8467,"type":"hit"}
[client] {"a":5,"dup":true,"ev":"game","ms":143388,"predicted":false,"t":2,"tick":8471,"type":"hit"}
[client] {"a":0,"dup":false,"ev":"game","ms":143554,"predicted":false,"t":6,"tick":8477,"type":"hit"}
[client] {"a":8,"dup":false,"ev":"game","ms":143568,"predicted":false,"t":1,"tick":8478,"type":"hit"}
[client] {"a":5,"dup":false,"ev":"game","ms":143671,"predicted":false,"t":1,"tick":8489,"type":"hit"}
[client] {"a":5,"dup":true,"ev":"game","ms":143705,"predicted":false,"t":2,"tick":8490,"type":"hit"}
[client] {"a":3,"dup":false,"ev":"game","ms":143787,"predicted":false,"t":5,"tick":8491,"type":"hit"}
[client] {"a":6,"dup":false,"ev":"game","ms":144070,"predicted":false,"t":1,"tick":8508,"type":"hit"}
[client] {"a":6,"dup":false,"ev":"game","ms":144084,"predicted":false,"t":0,"tick":8509,"type":"hit"}
[client] {"a":2,"dup":false,"ev":"game","ms":144236,"predicted":false,"t":6,"tick":8518,"type":"hit"}
[client] {"a":5,"dup":true,"ev":"game","ms":144401,"predicted":false,"t":0,"tick":8533,"type":"hit"}
[client] {"a":0,"dup":false,"ev":"game","ms":144470,"predicted":false,"t":6,"tick":8532,"type":"hit"}
[client] {"a":1,"dup":false,"ev":"game","ms":144590,"predicted":false,"t":6,"tick":8539,"type":"hit"}
[client] {"a":5,"dup":true,"ev":"game","ms":144719,"predicted":false,"t":0,"tick":8552,"type":"hit"}
[client] {"counts":{"blocks_on_me":0,"conf_actions":94,"confirmed_hits":417,"dup_confirmed":0,"hits_on_me":39,"pred_actions":100,"predicted_confirmed":43,"predicted_hits":98,"reconnects":0},"ev":"stats","hp":81.4000000000004,"in_bytes":1963211,"late":0,"local_entity":5,"match":{"countdown_until":300,"ctrl":-1,"final":false,"next":"","phase":3,"rot":2534,"scores":[19,10],"sd":false,"state":3,"tick":8266,"zone":"C"},"max_err":2.118,"mean_err":0.0292,"ms":144973,"out_bytes":419799,"pending":9,"pos":[41.08,0.0],"reconciles":2850,"server_tick":8566,"snaps":2855,"teleports":3}
[client] {"a":6,"dup":false,"ev":"game","ms":144989,"predicted":false,"t":1,"tick":8563,"type":"hit"}
[client] {"a":5,"dup":true,"ev":"game","ms":145022,"predicted":false,"t":0,"tick":8570,"type":"hit"}
[client] {"a":6,"dup":false,"ev":"game","ms":145037,"predicted":false,"t":0,"tick":8566,"type":"hit"}
[client] {"a":5,"dup":false,"ev":"game","ms":145057,"predicted":false,"t":1,"tick":8572,"type":"hit"}
[client] {"a":5,"dup":true,"ev":"game","ms":145071,"predicted":false,"t":2,"tick":8573,"type":"hit"}
[client] {"a":7,"dup":false,"ev":"game","ms":145141,"predicted":false,"t":0,"tick":8572,"type":"hit"}
[client] {"a":0,"dup":false,"ev":"game","ms":145141,"predicted":false,"t":-1,"tick":8572,"type":"ko"}
[client] {"a":7,"dup":false,"ev":"game","ms":145153,"predicted":false,"t":1,"tick":8573,"type":"hit"}
[client] {"a":4,"dup":false,"ev":"game","ms":145257,"predicted":false,"t":6,"tick":8579,"type":"hit"}
[client] {"a":3,"dup":false,"ev":"game","ms":145554,"predicted":false,"t":6,"tick":8597,"type":"hit"}
[client] {"a":6,"dup":false,"ev":"game","ms":145554,"predicted":false,"t":-1,"tick":8597,"type":"ko"}
[client] {"a":3,"dup":false,"ev":"game","ms":145603,"predicted":false,"t":7,"tick":8600,"type":"hit"}
[client] {"a":2,"dup":false,"ev":"game","ms":145823,"predicted":false,"t":5,"tick":8613,"type":"hit"}
[client] {"a":2,"dup":false,"ev":"game","ms":146154,"predicted":false,"t":5,"tick":8633,"type":"hit"}
[client] {"a":9,"dup":false,"ev":"game","ms":146223,"predicted":false,"t":4,"tick":8637,"type":"hit"}
[client] {"a":3,"dup":false,"ev":"game","ms":146271,"predicted":false,"t":5,"tick":8640,"type":"hit"}
[client] {"a":2,"dup":false,"ev":"game","ms":146513,"predicted":false,"t":5,"tick":8655,"type":"hit"}
[client] {"a":3,"dup":false,"ev":"game","ms":146630,"predicted":false,"t":9,"tick":8662,"type":"hit"}
[client] {"a":7,"dup":false,"ev":"game","ms":146665,"predicted":false,"t":2,"tick":8663,"type":"hit"}
[client] {"a":5,"dup":true,"ev":"game","ms":146853,"predicted":false,"t":3,"tick":8679,"type":"hit"}
[client] {"a":4,"dup":false,"ev":"game","ms":146900,"predicted":false,"t":9,"tick":8677,"type":"hit"}
[client] {"a":7,"dup":false,"ev":"game","ms":146968,"predicted":false,"t":2,"tick":8681,"type":"hit"}
[client] {"a":5,"dup":true,"ev":"game","ms":147051,"predicted":false,"t":4,"tick":8691,"type":"hit"}
[client] {"a":5,"dup":true,"ev":"game","ms":147065,"predicted":false,"t":3,"tick":8692,"type":"hit"}
[client] {"a":7,"dup":false,"ev":"game","ms":147300,"predicted":false,"t":2,"tick":8701,"type":"hit"}
[client] {"a":1,"dup":false,"ev":"game","ms":147431,"predicted":false,"t":7,"tick":8709,"type":"hit"}
[client] {"a":5,"dup":true,"ev":"game","ms":147513,"predicted":false,"t":4,"tick":8720,"type":"hit"}
[client] {"a":1,"dup":false,"ev":"game","ms":147735,"predicted":false,"t":7,"tick":8728,"type":"hit"}
[client] {"a":7,"dup":false,"ev":"game","ms":147735,"predicted":false,"t":-1,"tick":8728,"type":"ko"}
[client] {"a":5,"dup":true,"ev":"game","ms":147817,"predicted":false,"t":4,"tick":8738,"type":"hit"}
[client] {"a":9,"dup":false,"ev":"game","ms":147984,"predicted":false,"t":1,"tick":8743,"type":"hit"}
[client] {"a":5,"dup":true,"ev":"game","ms":148148,"predicted":false,"t":4,"tick":8758,"type":"hit"}
[client] {"a":5,"dup":false,"ev":"game","ms":148182,"predicted":false,"t":-1,"tick":8760,"type":"ko"}
[client] {"a":3,"dup":false,"ev":"game","ms":148265,"predicted":false,"t":5,"tick":8760,"type":"hit"}
[client] {"a":9,"dup":false,"ev":"game","ms":148314,"predicted":false,"t":1,"tick":8763,"type":"hit"}
[client] {"a":1,"dup":false,"ev":"game","ms":148314,"predicted":false,"t":-1,"tick":8763,"type":"ko"}
[client] {"a":2,"dup":false,"ev":"game","ms":148383,"predicted":false,"t":9,"tick":8767,"type":"hit"}
[client] {"a":2,"dup":false,"ev":"game","ms":149031,"predicted":false,"t":9,"tick":8806,"type":"hit"}
[client] {"a":4,"dup":false,"ev":"game","ms":149183,"predicted":false,"t":8,"tick":8815,"type":"hit"}
[client] {"a":9,"dup":false,"ev":"game","ms":149866,"predicted":false,"t":2,"tick":8856,"type":"hit"}
[client] {"a":8,"dup":false,"ev":"game","ms":149883,"predicted":false,"t":4,"tick":8857,"type":"hit"}
[client] {"counts":{"blocks_on_me":0,"conf_actions":100,"confirmed_hits":453,"dup_confirmed":0,"hits_on_me":44,"pred_actions":107,"predicted_confirmed":51,"predicted_hits":109,"reconnects":0},"ev":"stats","hp":0.0,"in_bytes":2039389,"late":0,"local_entity":5,"match":{"countdown_until":300,"ctrl":-1,"final":false,"next":"","phase":3,"rot":2234,"scores":[19,10],"sd":false,"state":3,"tick":8566,"zone":"C"},"max_err":2.118,"mean_err":0.0293,"ms":149969,"out_bytes":434499,"pending":9,"pos":[39.45,0.22],"reconciles":2950,"server_tick":8866,"snaps":2955,"teleports":3}
[client] {"a":9,"dup":false,"ev":"game","ms":150233,"predicted":false,"t":2,"tick":8878,"type":"hit"}
[client] {"a":3,"dup":false,"ev":"game","ms":150502,"predicted":false,"t":9,"tick":8894,"type":"hit"}
[client] {"a":8,"dup":false,"ev":"game","ms":150666,"predicted":false,"t":2,"tick":8904,"type":"hit"}
[client] {"a":2,"dup":false,"ev":"game","ms":151067,"predicted":false,"t":9,"tick":8928,"type":"hit"}
[client] {"a":8,"dup":false,"ev":"game","ms":151281,"predicted":false,"t":4,"tick":8941,"type":"hit"}
[client] {"a":2,"dup":false,"ev":"game","ms":151536,"predicted":false,"t":9,"tick":8956,"type":"hit"}
[client] {"a":8,"dup":false,"ev":"game","ms":152537,"predicted":false,"t":4,"tick":9016,"type":"hit"}
[client] {"a":8,"dup":false,"ev":"game","ms":152854,"predicted":false,"t":4,"tick":9035,"type":"hit"}
[client] {"a":9,"dup":false,"ev":"game","ms":152916,"predicted":false,"t":2,"tick":9039,"type":"hit"}
[client] {"a":2,"dup":false,"ev":"game","ms":152916,"predicted":false,"t":-1,"tick":9039,"type":"ko"}
[client] {"a":3,"dup":false,"ev":"game","ms":153102,"predicted":false,"t":8,"tick":9050,"type":"hit"}
[client] {"a":4,"dup":false,"ev":"game","ms":153385,"predicted":false,"t":8,"tick":9067,"type":"hit"}
[client] {"a":8,"dup":false,"ev":"game","ms":153385,"predicted":false,"t":-1,"tick":9067,"type":"ko"}
[client] {"a":3,"dup":false,"ev":"game","ms":153951,"predicted":false,"t":9,"tick":9101,"type":"hit"}
[client] {"a":3,"dup":false,"ev":"game","ms":154303,"predicted":false,"t":9,"tick":9122,"type":"hit"}
[client] {"a":3,"dup":false,"ev":"game","ms":154634,"predicted":false,"t":9,"tick":9142,"type":"hit"}
[client] {"counts":{"blocks_on_me":0,"conf_actions":100,"confirmed_hits":467,"dup_confirmed":0,"hits_on_me":44,"pred_actions":107,"predicted_confirmed":51,"predicted_hits":109,"reconnects":0},"ev":"stats","hp":0.0,"in_bytes":2102939,"late":0,"local_entity":5,"match":{"countdown_until":300,"ctrl":-1,"final":false,"next":"","phase":3,"rot":1934,"scores":[19,10],"sd":false,"state":3,"tick":8866,"zone":"C"},"max_err":2.118,"mean_err":0.0284,"ms":154971,"out_bytes":449199,"pending":9,"pos":[39.45,0.22],"reconciles":3050,"server_tick":9166,"snaps":3055,"teleports":3}
[client] {"a":0,"dup":false,"ev":"game","ms":155138,"predicted":false,"t":-1,"tick":9172,"type":"respawn"}
[client] {"a":3,"dup":false,"ev":"game","ms":155338,"predicted":false,"t":9,"tick":9184,"type":"hit"}
[client] {"a":9,"dup":false,"ev":"game","ms":155338,"predicted":false,"t":-1,"tick":9184,"type":"ko"}
[client] {"a":6,"dup":false,"ev":"game","ms":155552,"predicted":false,"t":-1,"tick":9197,"type":"respawn"}
[client] {"a":7,"dup":false,"ev":"game","ms":157739,"predicted":false,"t":-1,"tick":9328,"type":"respawn"}
[client] {"a":5,"dup":false,"ev":"game","ms":158188,"predicted":false,"t":-1,"tick":9360,"type":"respawn"}
[client] {"a":1,"dup":false,"ev":"game","ms":158319,"predicted":false,"t":-1,"tick":9363,"type":"respawn"}
[client] {"counts":{"blocks_on_me":0,"conf_actions":100,"confirmed_hits":468,"dup_confirmed":0,"hits_on_me":44,"pred_actions":107,"predicted_confirmed":51,"predicted_hits":109,"reconnects":0},"ev":"stats","hp":220.0,"in_bytes":2153962,"late":0,"local_entity":5,"match":{"countdown_until":300,"ctrl":0,"final":false,"next":"","phase":3,"rot":1634,"scores":[23,10],"sd":false,"state":2,"tick":9166,"zone":"C"},"max_err":2.118,"mean_err":0.0275,"ms":159967,"out_bytes":463899,"pending":9,"pos":[8.12,40.02],"reconciles":3149,"server_tick":9466,"snaps":3155,"teleports":4}
[client] {"a":2,"dup":false,"ev":"game","ms":162912,"predicted":false,"t":-1,"tick":9639,"type":"respawn"}
[client] {"a":8,"dup":false,"ev":"game","ms":163382,"predicted":false,"t":-1,"tick":9667,"type":"respawn"}
[client] {"counts":{"blocks_on_me":0,"conf_actions":100,"confirmed_hits":468,"dup_confirmed":0,"hits_on_me":44,"pred_actions":107,"predicted_confirmed":51,"predicted_hits":109,"reconnects":0},"ev":"stats","hp":220.0,"in_bytes":2211169,"late":0,"local_entity":5,"match":{"countdown_until":300,"ctrl":0,"final":false,"next":"","phase":3,"rot":1334,"scores":[28,10],"sd":false,"state":2,"tick":9466,"zone":"C"},"max_err":2.118,"mean_err":0.0266,"ms":164968,"out_bytes":478599,"pending":9,"pos":[26.73,15.14],"reconciles":3249,"server_tick":9766,"snaps":3255,"teleports":4}
[client] {"a":9,"dup":false,"ev":"game","ms":165335,"predicted":false,"t":-1,"tick":9784,"type":"respawn"}
[client] {"a":0,"dup":false,"ev":"game","ms":167005,"predicted":false,"t":6,"tick":9884,"type":"hit"}
[client] {"a":6,"dup":false,"ev":"game","ms":167570,"predicted":false,"t":0,"tick":9918,"type":"hit"}
[client] {"a":1,"dup":false,"ev":"game","ms":167854,"predicted":false,"t":6,"tick":9935,"type":"hit"}
[client] {"a":3,"dup":false,"ev":"game","ms":168101,"predicted":false,"t":6,"tick":9950,"type":"hit"}
[client] {"a":1,"dup":false,"ev":"game","ms":168149,"predicted":false,"t":6,"tick":9953,"type":"hit"}
[client] {"a":0,"dup":false,"ev":"game","ms":168219,"predicted":false,"t":6,"tick":9957,"type":"hit"}
[client] {"a":0,"dup":false,"ev":"game","ms":168232,"predicted":false,"t":5,"tick":9958,"type":"hit"}
[client] {"a":7,"dup":false,"ev":"game","ms":168902,"predicted":false,"t":0,"tick":9998,"type":"hit"}
[client] {"a":1,"dup":false,"ev":"game","ms":169322,"predicted":false,"t":7,"tick":10023,"type":"hit"}
[client] {"a":6,"dup":false,"ev":"game","ms":169322,"predicted":false,"t":1,"tick":10023,"type":"hit"}
[client] {"counts":{"blocks_on_me":0,"conf_actions":102,"confirmed_hits":478,"dup_confirmed":0,"hits_on_me":45,"pred_actions":110,"predicted_confirmed":51,"predicted_hits":109,"reconnects":0},"ev":"stats","hp":182.0,"in_bytes":2276862,"late":0,"local_entity":5,"match":{"countdown_until":300,"ctrl":-1,"final":false,"next":"","phase":3,"rot":1034,"scores":[29,10],"sd":false,"state":3,"tick":9766,"zone":"C"},"max_err":2.118,"mean_err":0.0266,"ms":169970,"out_bytes":493299,"pending":9,"pos":[40.27,1.36],"reconciles":3349,"server_tick":10066,"snaps":3355,"teleports":4}
[client] {"a":6,"dup":false,"ev":"game","ms":170489,"predicted":false,"t":0,"tick":10093,"type":"hit"}
[client] {"a":6,"dup":false,"ev":"game","ms":170537,"predicted":false,"t":3,"tick":10096,"type":"hit"}
[client] {"a":1,"dup":false,"ev":"game","ms":170571,"predicted":false,"t":7,"tick":10098,"type":"hit"}
[client] {"a":4,"dup":false,"ev":"game","ms":170855,"predicted":false,"t":5,"tick":10115,"type":"hit"}
[client] {"a":6,"dup":false,"ev":"game","ms":171151,"predicted":false,"t":4,"tick":10133,"type":"hit"}
[client] {"a":0,"dup":false,"ev":"game","ms":171468,"predicted":false,"t":6,"tick":10152,"type":"hit"}
[client] {"a":7,"dup":false,"ev":"game","ms":171655,"predicted":false,"t":4,"tick":10163,"type":"hit"}
[client] {"a":3,"dup":false,"ev":"game","ms":171903,"predicted":false,"t":6,"tick":10178,"type":"hit"}
[client] {"a":1,"dup":false,"ev":"game","ms":171924,"predicted":false,"t":7,"tick":10179,"type":"hit"}
[client] {"a":4,"dup":false,"ev":"game","ms":172022,"predicted":false,"t":6,"tick":10185,"type":"hit"}
[client] {"a":0,"dup":false,"ev":"game","ms":172034,"predicted":false,"t":5,"tick":10186,"type":"hit"}
[client] {"a":0,"dup":false,"ev":"game","ms":172055,"predicted":false,"t":6,"tick":10187,"type":"hit"}
[client] {"a":0,"dup":false,"ev":"game","ms":172055,"predicted":false,"t":7,"tick":10187,"type":"hit"}
[client] {"a":4,"dup":false,"ev":"game","ms":172635,"predicted":false,"t":5,"tick":10222,"type":"hit"}
[client] {"a":1,"dup":false,"ev":"game","ms":172807,"predicted":false,"t":6,"tick":10232,"type":"hit"}
[client] {"a":7,"dup":false,"ev":"game","ms":172835,"predicted":false,"t":4,"tick":10234,"type":"hit"}
[client] {"a":7,"dup":false,"ev":"game","ms":173152,"predicted":false,"t":4,"tick":10253,"type":"hit"}
[client] {"a":8,"dup":false,"ev":"game","ms":173422,"predicted":false,"t":1,"tick":10269,"type":"hit"}
[client] {"a":7,"dup":false,"ev":"game","ms":173524,"predicted":false,"t":4,"tick":10275,"type":"hit"}
[client] {"a":6,"dup":false,"ev":"game","ms":173973,"predicted":false,"t":4,"tick":10302,"type":"block"}
[client] {"a":3,"dup":false,"ev":"game","ms":174042,"predicted":false,"t":7,"tick":10306,"type":"hit"}
[client] {"a":5,"dup":true,"ev":"game","ms":174256,"predicted":false,"t":3,"tick":10324,"type":"hit"}
[client] {"a":1,"dup":false,"ev":"game","ms":174525,"predicted":false,"t":7,"tick":10335,"type":"hit"}
[client] {"a":6,"dup":false,"ev":"game","ms":174740,"predicted":false,"t":4,"tick":10348,"type":"hit"}
[client] {"a":5,"dup":true,"ev":"game","ms":174925,"predicted":false,"t":4,"tick":10364,"type":"hit"}
[client] {"counts":{"blocks_on_me":0,"conf_actions":109,"confirmed_hits":502,"dup_confirmed":0,"hits_on_me":48,"pred_actions":118,"predicted_confirmed":53,"predicted_hits":120,"reconnects":0},"ev":"stats","hp":118.0,"in_bytes":2355483,"late":0,"local_entity":5,"match":{"countdown_until":300,"ctrl":-1,"final":false,"next":"B","phase":3,"rot":734,"scores":[29,10],"sd":false,"state":3,"tick":10066,"zone":"C"},"max_err":2.279,"mean_err":0.0275,"ms":174973,"out_bytes":507999,"pending":9,"pos":[42.18,2.13],"reconciles":3449,"server_tick":10366,"snaps":3455,"teleports":4}
[client] {"a":4,"dup":false,"ev":"game","ms":175008,"predicted":false,"t":-1,"tick":10364,"type":"ko"}
[client] {"a":5,"dup":true,"ev":"game","ms":175292,"predicted":false,"t":0,"tick":10386,"type":"hit"}
[client] {"a":8,"dup":false,"ev":"game","ms":175456,"predicted":false,"t":1,"tick":10391,"type":"hit"}
[client] {"a":7,"dup":false,"ev":"game","ms":175643,"predicted":false,"t":3,"tick":10402,"type":"hit"}
[client] {"a":8,"dup":false,"ev":"game","ms":175726,"predicted":false,"t":1,"tick":10407,"type":"hit"}
[client] {"a":7,"dup":false,"ev":"game","ms":175974,"predicted":false,"t":3,"tick":10422,"type":"hit"}
[client] {"a":0,"dup":false,"ev":"game","ms":176022,"predicted":false,"t":5,"tick":10425,"type":"hit"}
[client] {"a":2,"dup":false,"ev":"game","ms":176257,"predicted":false,"t":7,"tick":10439,"type":"hit"}
[client] {"a":8,"dup":false,"ev":"game","ms":176444,"predicted":false,"t":0,"tick":10450,"type":"hit"}
[client] {"a":2,"dup":false,"ev":"game","ms":176505,"predicted":false,"t":7,"tick":10454,"type":"hit"}
[client] {"a":5,"dup":true,"ev":"game","ms":176975,"predicted":false,"t":3,"tick":10486,"type":"hit"}
[client] {"a":8,"dup":false,"ev":"game","ms":177058,"predicted":false,"t":3,"tick":10487,"type":"hit"}
[client] {"a":2,"dup":false,"ev":"game","ms":177348,"predicted":false,"t":7,"tick":10505,"type":"hit"}
[client] {"a":8,"dup":false,"ev":"game","ms":177485,"predicted":false,"t":3,"tick":10513,"type":"parry"}
[client] {"a":0,"dup":false,"ev":"game","ms":177533,"predicted":false,"t":5,"tick":10516,"type":"hit"}
[client] {"a":6,"dup":false,"ev":"game","ms":177568,"predicted":false,"t":3,"tick":10518,"type":"hit"}
[client] {"a":2,"dup":false,"ev":"game","ms":177699,"predicted":false,"t":7,"tick":10525,"type":"hit"}
[client] {"a":7,"dup":false,"ev":"game","ms":177699,"predicted":false,"t":-1,"tick":10525,"type":"ko"}
[client] {"a":6,"dup":false,"ev":"game","ms":178348,"predicted":false,"t":0,"tick":10564,"type":"hit"}
[client] {"a":8,"dup":false,"ev":"game","ms":178583,"predicted":false,"t":2,"tick":10578,"type":"hit"}
[client] {"a":5,"dup":true,"ev":"game","ms":178583,"predicted":false,"t":0,"tick":10583,"type":"hit"}
[client] {"a":1,"dup":false,"ev":"game","ms":178638,"predicted":false,"t":8,"tick":10581,"type":"hit"}
[client] {"a":6,"dup":false,"ev":"game","ms":178686,"predicted":false,"t":0,"tick":10584,"type":"hit"}
[client] {"a":0,"dup":false,"ev":"game","ms":178686,"predicted":false,"t":-1,"tick":10584,"type":"ko"}
[client] {"a":3,"dup":false,"ev":"game","ms":178748,"predicted":false,"t":6,"tick":10588,"type":"hit"}
[client] {"a":1,"dup":false,"ev":"game","ms":179004,"predicted":false,"t":8,"tick":10603,"type":"hit"}
[client] {"a":9,"dup":false,"ev":"game","ms":179121,"predicted":false,"t":1,"tick":10610,"type":"hit"}
[client] {"a":9,"dup":false,"ev":"game","ms":179439,"predicted":false,"t":1,"tick":10629,"type":"hit"}
[client] {"a":8,"dup":false,"ev":"game","ms":179535,"predicted":false,"t":1,"tick":10635,"type":"hit"}
[client] {"a":5,"dup":true,"ev":"game","ms":179687,"predicted":false,"t":3,"tick":10649,"type":"hit"}
[client] {"a":3,"dup":false,"ev":"game","ms":179700,"predicted":false,"t":9,"tick":10646,"type":"hit"}
[client] {"a":2,"dup":false,"ev":"game","ms":179783,"predicted":false,"t":9,"tick":10651,"type":"hit"}
[client] {"a":2,"dup":false,"ev":"game","ms":179817,"predicted":false,"t":8,"tick":10653,"type":"hit"}
[client] {"counts":{"blocks_on_me":0,"conf_actions":117,"confirmed_hits":531,"dup_confirmed":0,"hits_on_me":50,"pred_actions":125,"predicted_confirmed":57,"predicted_hits":128,"reconnects":0},"ev":"stats","hp":42.0,"in_bytes":2430945,"late":0,"local_entity":5,"match":{"countdown_until":300,"ctrl":-1,"final":false,"next":"B","phase":3,"rot":434,"scores":[29,10],"sd":false,"state":3,"tick":10366,"zone":"C"},"max_err":2.279,"mean_err":0.0279,"ms":179968,"out_bytes":522699,"pending":9,"pos":[42.45,1.35],"reconciles":3549,"server_tick":10666,"snaps":3555,"teleports":4}
[client] {"a":5,"dup":true,"ev":"game","ms":179970,"predicted":false,"t":3,"tick":10667,"type":"hit"}
[client] {"a":2,"dup":false,"ev":"game","ms":180148,"predicted":false,"t":8,"tick":10673,"type":"hit"}
[client] {"a":1,"dup":false,"ev":"game","ms":180418,"predicted":false,"t":8,"tick":10689,"type":"hit"}
[client] {"a":6,"dup":false,"ev":"game","ms":180618,"predicted":false,"t":2,"tick":10701,"type":"hit"}
[client] {"a":9,"dup":false,"ev":"game","ms":181101,"predicted":false,"t":1,"tick":10730,"type":"hit"}
[client] {"a":6,"dup":false,"ev":"game","ms":181301,"predicted":false,"t":3,"tick":10742,"type":"hit"}
[client] {"a":5,"dup":true,"ev":"game","ms":181371,"predicted":false,"t":3,"tick":10751,"type":"hit"}
[client] {"a":9,"dup":false,"ev":"game","ms":181756,"predicted":false,"t":3,"tick":10769,"type":"hit"}
[client] {"a":3,"dup":false,"ev":"game","ms":181756,"predicted":false,"t":-1,"tick":10769,"type":"ko"}
[client] {"a":1,"dup":false,"ev":"game","ms":181784,"predicted":false,"t":9,"tick":10771,"type":"hit"}
[client] {"a":8,"dup":false,"ev":"game","ms":182205,"predicted":false,"t":1,"tick":10796,"type":"hit"}
[client] {"a":2,"dup":false,"ev":"game","ms":182336,"predicted":false,"t":8,"tick":10804,"type":"hit"}
[client] {"a":1,"dup":false,"ev":"game","ms":182867,"predicted":false,"t":5,"tick":10836,"type":"hit"}
[client] {"a":1,"dup":false,"ev":"game","ms":183302,"predicted":false,"t":6,"tick":10862,"type":"hit"}
[client] {"a":6,"dup":false,"ev":"game","ms":183302,"predicted":false,"t":-1,"tick":10862,"type":"ko"}
[client] {"a":9,"dup":false,"ev":"game","ms":183785,"predicted":false,"t":1,"tick":10891,"type":"hit"}
[client] {"a":5,"dup":true,"ev":"game","ms":184206,"predicted":false,"t":1,"tick":10921,"type":"hit"}
[client] {"a":2,"dup":false,"ev":"game","ms":184358,"predicted":false,"t":8,"tick":10925,"type":"hit"}
[client] {"a":5,"dup":true,"ev":"game","ms":184523,"predicted":false,"t":1,"tick":10940,"type":"hit"}
[client] {"a":1,"dup":false,"ev":"game","ms":184607,"predicted":false,"t":-1,"tick":10940,"type":"ko"}
[client] {"a":2,"dup":false,"ev":"game","ms":184772,"predicted":false,"t":8,"tick":10950,"type":"hit"}
[client] {"counts":{"blocks_on_me":0,"conf_actions":125,"confirmed_hits":549,"dup_confirmed":0,"hits_on_me":51,"pred_actions":134,"predicted_confirmed":61,"predicted_hits":134,"reconnects":0},"ev":"stats","hp":24.0,"in_bytes":2499464,"late":0,"local_entity":5,"match":{"countdown_until":300,"ctrl":-1,"final":false,"next":"B","phase":3,"rot":134,"scores":[29,10],"sd":false,"state":3,"tick":10666,"zone":"C"},"max_err":2.279,"mean_err":0.0276,"ms":184971,"out_bytes":537399,"pending":9,"pos":[42.13,-0.42],"reconciles":3649,"server_tick":10966,"snaps":3655,"teleports":4}
[client] {"a":4,"dup":false,"ev":"game","ms":185008,"predicted":false,"t":-1,"tick":10964,"type":"respawn"}
[client] {"a":2,"dup":false,"ev":"game","ms":185159,"predicted":false,"t":8,"tick":10973,"type":"hit"}
[client] {"a":2,"dup":false,"ev":"game","ms":185855,"predicted":false,"t":9,"tick":11015,"type":"hit"}
[client] {"a":2,"dup":false,"ev":"game","ms":186207,"predicted":false,"t":5,"tick":11036,"type":"hit"}
[client] {"a":5,"dup":false,"ev":"game","ms":186338,"predicted":false,"t":-1,"tick":11049,"type":"ko"}
[client] {"a":2,"dup":false,"ev":"game","ms":186420,"predicted":false,"t":5,"tick":11049,"type":"hit"}
[client] {"a":2,"dup":false,"ev":"game","ms":186469,"predicted":false,"t":8,"tick":11052,"type":"hit"}
[client] {"a":2,"dup":false,"ev":"game","ms":187214,"predicted":false,"t":9,"tick":11096,"type":"hit"}
[client] {"a":-1,"dup":false,"ev":"game","ms":187262,"predicted":false,"t":-1,"tick":11099,"type":"zone_rotated"}
[client] {"a":7,"dup":false,"ev":"game","ms":187697,"predicted":false,"t":-1,"tick":11125,"type":"respawn"}
[client] {"a":0,"dup":false,"ev":"game","ms":188684,"predicted":false,"t":-1,"tick":11184,"type":"respawn"}
[client] {"counts":{"blocks_on_me":0,"conf_actions":127,"confirmed_hits":555,"dup_confirmed":0,"hits_on_me":53,"pred_actions":136,"predicted_confirmed":61,"predicted_hits":135,"reconnects":0},"ev":"stats","hp":0.0,"in_bytes":2554842,"late":0,"local_entity":5,"match":{"countdown_until":300,"ctrl":-1,"final":false,"next":"","phase":3,"rot":3434,"scores":[29,10],"sd":false,"state":1,"tick":10966,"zone":"B"},"max_err":2.279,"mean_err":0.0271,"ms":189966,"out_bytes":552099,"pending":9,"pos":[41.44,0.13],"reconciles":3749,"server_tick":11266,"snaps":3755,"teleports":4}
[client] {"a":3,"dup":false,"ev":"game","ms":191755,"predicted":false,"t":-1,"tick":11369,"type":"respawn"}
[client] {"a":6,"dup":false,"ev":"game","ms":193300,"predicted":false,"t":-1,"tick":11462,"type":"respawn"}
[client] {"a":4,"dup":false,"ev":"game","ms":193583,"predicted":false,"t":8,"tick":11479,"type":"hit"}
[client] {"a":2,"dup":false,"ev":"game","ms":193887,"predicted":false,"t":8,"tick":11497,"type":"hit"}
[client] {"a":8,"dup":false,"ev":"game","ms":193887,"predicted":false,"t":-1,"tick":11497,"type":"ko"}
[client] {"a":1,"dup":false,"ev":"game","ms":194604,"predicted":false,"t":-1,"tick":11540,"type":"respawn"}
[client] {"counts":{"blocks_on_me":0,"conf_actions":127,"confirmed_hits":557,"dup_confirmed":0,"hits_on_me":53,"pred_actions":136,"predicted_confirmed":61,"predicted_hits":135,"reconnects":0},"ev":"stats","hp":0.0,"in_bytes":2615854,"late":0,"local_entity":5,"match":{"countdown_until":300,"ctrl":-1,"final":false,"next":"","phase":3,"rot":3134,"scores":[29,10],"sd":false,"state":3,"tick":11266,"zone":"B"},"max_err":2.279,"mean_err":0.0264,"ms":194969,"out_bytes":566799,"pending":9,"pos":[41.44,0.13],"reconciles":3849,"server_tick":11566,"snaps":3855,"teleports":4}
[client] {"a":9,"dup":false,"ev":"game","ms":195252,"predicted":false,"t":2,"tick":11579,"type":"hit"}
[client] {"a":4,"dup":false,"ev":"game","ms":196074,"predicted":false,"t":7,"tick":11628,"type":"hit"}
[client] {"a":0,"dup":false,"ev":"game","ms":196205,"predicted":false,"t":7,"tick":11636,"type":"hit"}
[client] {"a":5,"dup":false,"ev":"game","ms":196337,"predicted":false,"t":-1,"tick":11649,"type":"respawn"}
[client] {"a":7,"dup":false,"ev":"game","ms":197019,"predicted":false,"t":4,"tick":11685,"type":"hit"}
[client] {"a":7,"dup":false,"ev":"game","ms":197289,"predicted":false,"t":4,"tick":11701,"type":"hit"}
[client] {"a":2,"dup":false,"ev":"game","ms":197406,"predicted":false,"t":9,"tick":11708,"type":"hit"}
[client] {"a":7,"dup":false,"ev":"game","ms":197654,"predicted":false,"t":4,"tick":11723,"type":"hit"}
[client] {"a":0,"dup":false,"ev":"game","ms":197737,"predicted":false,"t":7,"tick":11728,"type":"hit"}
[client] {"a":2,"dup":false,"ev":"game","ms":197757,"predicted":false,"t":9,"tick":11729,"type":"hit"}
[client] {"a":7,"dup":false,"ev":"game","ms":198102,"predicted":false,"t":4,"tick":11750,"type":"hit"}
[client] {"a":2,"dup":false,"ev":"game","ms":198158,"predicted":false,"t":9,"tick":11753,"type":"hit"}
[client] {"a":0,"dup":false,"ev":"game","ms":198206,"predicted":false,"t":7,"tick":11756,"type":"hit"}
[client] {"a":0,"dup":false,"ev":"game","ms":198875,"predicted":false,"t":7,"tick":11796,"type":"hit"}
[client] {"a":4,"dup":false,"ev":"game","ms":198938,"predicted":false,"t":7,"tick":11800,"type":"hit"}
[client] {"a":2,"dup":false,"ev":"game","ms":198958,"predicted":false,"t":7,"tick":11801,"type":"hit"}
[client] {"a":2,"dup":false,"ev":"game","ms":199220,"predicted":false,"t":7,"tick":11817,"type":"hit"}
[client] {"a":4,"dup":false,"ev":"game","ms":199290,"predicted":false,"t":7,"tick":11821,"type":"hit"}
[client] {"a":9,"dup":false,"ev":"game","ms":199642,"predicted":false,"t":2,"tick":11842,"type":"hit"}
[client] {"a":7,"dup":false,"ev":"game","ms":199724,"predicted":false,"t":0,"tick":11847,"type":"hit"}
[client] {"counts":{"blocks_on_me":0,"conf_actions":127,"confirmed_hits":576,"dup_confirmed":0,"hits_on_me":53,"pred_actions":136,"predicted_confirmed":61,"predicted_hits":135,"reconnects":0},"ev":"stats","hp":220.0,"in_bytes":2685545,"late":0,"local_entity":5,"match":{"countdown_until":300,"ctrl":-1,"final":false,"next":"","phase":3,"rot":2834,"scores":[29,10],"sd":false,"state":3,"tick":11566,"zone":"B"},"max_err":2.279,"mean_err":0.0257,"ms":199971,"out_bytes":581499,"pending":9,"pos":[0.73,23.3],"reconciles":3948,"server_tick":11866,"snaps":3955,"teleports":5}
[client] {"a":7,"dup":false,"ev":"game","ms":199993,"predicted":false,"t":2,"tick":11863,"type":"hit"}
[client] {"a":7,"dup":false,"ev":"game","ms":200021,"predicted":false,"t":0,"tick":11865,"type":"hit"}
[client] {"a":4,"dup":false,"ev":"game","ms":200124,"predicted":false,"t":7,"tick":11871,"type":"hit"}
[client] {"a":7,"dup":false,"ev":"game","ms":200124,"predicted":false,"t":-1,"tick":11871,"type":"ko"}
[client] {"a":9,"dup":false,"ev":"game","ms":200821,"predicted":false,"t":4,"tick":11913,"type":"hit"}
[client] {"a":9,"dup":false,"ev":"game","ms":201091,"predicted":false,"t":4,"tick":11929,"type":"hit"}
[client] {"a":9,"dup":false,"ev":"game","ms":201125,"predicted":false,"t":0,"tick":11931,"type":"hit"}
[client] {"a":4,"dup":false,"ev":"game","ms":201470,"predicted":false,"t":9,"tick":11952,"type":"hit"}
[client] {"a":0,"dup":false,"ev":"game","ms":201483,"predicted":false,"t":6,"tick":11953,"type":"hit"}
[client] {"a":2,"dup":false,"ev":"game","ms":201483,"predicted":false,"t":9,"tick":11953,"type":"hit"}
[client] {"a":6,"dup":false,"ev":"game","ms":201918,"predicted":false,"t":0,"tick":11978,"type":"hit"}
[client] {"a":0,"dup":false,"ev":"game","ms":202304,"predicted":false,"t":6,"tick":12002,"type":"hit"}
[client] {"a":0,"dup":false,"ev":"game","ms":202602,"predicted":false,"t":6,"tick":12020,"type":"hit"}
[client] {"a":0,"dup":false,"ev":"game","ms":202905,"predicted":false,"t":6,"tick":12038,"type":"hit"}
[client] {"a":9,"dup":false,"ev":"game","ms":202988,"predicted":false,"t":4,"tick":12043,"type":"block"}
[client] {"a":3,"dup":false,"ev":"game","ms":203001,"predicted":false,"t":9,"tick":12044,"type":"hit"}
[client] {"a":9,"dup":false,"ev":"game","ms":203001,"predicted":false,"t":-1,"tick":12044,"type":"ko"}
[client] {"a":6,"dup":false,"ev":"game","ms":203305,"predicted":false,"t":0,"tick":12062,"type":"hit"}
[client] {"a":8,"dup":false,"ev":"game","ms":203886,"predicted":false,"t":-1,"tick":12097,"type":"respawn"}
[client] {"a":6,"dup":false,"ev":"game","ms":203995,"predicted":false,"t":2,"tick":12103,"type":"hit"}
[client] {"a":5,"dup":true,"ev":"game","ms":204002,"predicted":false,"t":2,"tick":12109,"type":"hit"}
[client] {"a":2,"dup":false,"ev":"game","ms":204837,"predicted":false,"t":6,"tick":12154,"type":"hit"}
[client] {"counts":{"blocks_on_me":0,"conf_actions":130,"confirmed_hits":594,"dup_confirmed":0,"hits_on_me":53,"pred_actions":139,"predicted_confirmed":62,"predicted_hits":136,"reconnects":0},"ev":"stats","hp":220.0,"in_bytes":2758926,"late":0,"local_entity":5,"match":{"countdown_until":300,"ctrl":-1,"final":false,"next":"","phase":3,"rot":2534,"scores":[29,10],"sd":false,"state":3,"tick":11866,"zone":"B"},"max_err":2.279,"mean_err":0.0257,"ms":204967,"out_bytes":596199,"pending":9,"pos":[-3.75,-6.64],"reconciles":4048,"server_tick":12166,"snaps":4055,"teleports":5}
[client] {"a":0,"dup":false,"ev":"game","ms":205189,"predicted":false,"t":6,"tick":12175,"type":"hit"}
[client] {"a":2,"dup":false,"ev":"game","ms":205237,"predicted":false,"t":6,"tick":12178,"type":"hit"}
[client] {"a":0,"dup":false,"ev":"game","ms":205506,"predicted":false,"t":6,"tick":12194,"type":"hit"}
[client] {"a":3,"dup":false,"ev":"game","ms":205534,"predicted":false,"t":6,"tick":12196,"type":"hit"}
[client] {"a":2,"dup":false,"ev":"game","ms":205571,"predicted":false,"t":6,"tick":12198,"type":"hit"}
[client] {"a":0,"dup":false,"ev":"game","ms":205838,"predicted":false,"t":6,"tick":12214,"type":"hit"}
[client] {"a":3,"dup":false,"ev":"game","ms":205886,"predicted":false,"t":6,"tick":12217,"type":"hit"}
[client] {"a":2,"dup":false,"ev":"game","ms":206287,"predicted":false,"t":6,"tick":12241,"type":"hit"}
[client] {"a":5,"dup":true,"ev":"game","ms":206555,"predicted":false,"t":3,"tick":12262,"type":"hit"}
[client] {"a":1,"dup":false,"ev":"game","ms":206852,"predicted":false,"t":5,"tick":12275,"type":"hit"}
[client] {"a":1,"dup":false,"ev":"game","ms":206886,"predicted":false,"t":6,"tick":12277,"type":"hit"}
[client] {"a":6,"dup":false,"ev":"game","ms":206887,"predicted":false,"t":-1,"tick":12277,"type":"ko"}
[client] {"a":0,"dup":false,"ev":"game","ms":209825,"predicted":false,"t":5,"tick":12453,"type":"hit"}
[client] {"counts":{"blocks_on_me":0,"conf_actions":135,"confirmed_hits":606,"dup_confirmed":0,"hits_on_me":55,"pred_actions":145,"predicted_confirmed":63,"predicted_hits":139,"reconnects":0},"ev":"stats","hp":164.0,"in_bytes":2827896,"late":0,"local_entity":5,"match":{"countdown_until":300,"ctrl":-1,"final":false,"next":"","phase":3,"rot":2234,"scores":[29,10],"sd":false,"state":3,"tick":12166,"zone":"B"},"max_err":2.279,"mean_err":0.0257,"ms":209970,"out_bytes":610899,"pending":9,"pos":[-2.07,-3.18],"reconciles":4148,"server_tick":12466,"snaps":4155,"teleports":5}
[client] {"a":7,"dup":false,"ev":"game","ms":210122,"predicted":false,"t":-1,"tick":12471,"type":"respawn"}
[client] {"a":3,"dup":false,"ev":"game","ms":210157,"predicted":false,"t":5,"tick":12473,"type":"hit"}
[client] {"a":0,"dup":false,"ev":"game","ms":210309,"predicted":false,"t":5,"tick":12482,"type":"hit"}
[client] {"a":0,"dup":false,"ev":"game","ms":210736,"predicted":false,"t":5,"tick":12508,"type":"hit"}
[client] {"a":3,"dup":false,"ev":"game","ms":210792,"predicted":false,"t":5,"tick":12511,"type":"hit"}
[client] {"a":3,"dup":false,"ev":"game","ms":211136,"predicted":false,"t":5,"tick":12532,"type":"hit"}
[client] {"a":3,"dup":false,"ev":"game","ms":211489,"predicted":false,"t":5,"tick":12553,"type":"hit"}
[client] {"a":8,"dup":false,"ev":"game","ms":211558,"predicted":false,"t":1,"tick":12557,"type":"hit"}
[client] {"a":8,"dup":false,"ev":"game","ms":211937,"predicted":false,"t":3,"tick":12580,"type":"hit"}
[client] {"a":1,"dup":false,"ev":"game","ms":212041,"predicted":false,"t":8,"tick":12586,"type":"hit"}
[client] {"a":0,"dup":false,"ev":"game","ms":212158,"predicted":false,"t":5,"tick":12593,"type":"hit"}
[client] {"a":3,"dup":false,"ev":"game","ms":212337,"predicted":false,"t":5,"tick":12604,"type":"hit"}
[client] {"a":1,"dup":false,"ev":"game","ms":212358,"predicted":false,"t":8,"tick":12605,"type":"hit"}
[client] {"a":5,"dup":true,"ev":"game","ms":212627,"predicted":false,"t":0,"tick":12626,"type":"hit"}
[client] {"a":5,"dup":false,"ev":"game","ms":212675,"predicted":false,"t":3,"tick":12628,"type":"hit"}
[client] {"a":1,"dup":false,"ev":"game","ms":212710,"predicted":false,"t":8,"tick":12626,"type":"hit"}
[client] {"a":5,"dup":true,"ev":"game","ms":212958,"predicted":false,"t":0,"tick":12645,"type":"hit"}
[client] {"a":5,"dup":true,"ev":"game","ms":212972,"predicted":false,"t":3,"tick":12647,"type":"hit"}
[client] {"a":9,"dup":false,"ev":"game","ms":213006,"predicted":false,"t":-1,"tick":12644,"type":"respawn"}
[client] {"a":1,"dup":false,"ev":"game","ms":213317,"predicted":false,"t":8,"tick":12663,"type":"hit"}
[client] {"a":0,"dup":false,"ev":"game","ms":213386,"predicted":false,"t":5,"tick":12666,"type":"hit"}
[client] {"a":5,"dup":false,"ev":"game","ms":213434,"predicted":false,"t":-1,"tick":12674,"type":"ko"}
[client] {"a":3,"dup":false,"ev":"game","ms":213517,"predicted":false,"t":5,"tick":12674,"type":"hit"}
[client] {"a":8,"dup":false,"ev":"game","ms":213917,"predicted":false,"t":1,"tick":12698,"type":"hit"}
[client] {"a":8,"dup":false,"ev":"game","ms":214165,"predicted":false,"t":1,"tick":12713,"type":"hit"}
[client] {"counts":{"blocks_on_me":0,"conf_actions":139,"confirmed_hits":628,"dup_confirmed":0,"hits_on_me":65,"pred_actions":155,"predicted_confirmed":66,"predicted_hits":144,"reconnects":0},"ev":"stats","hp":0.0,"in_bytes":2903035,"late":0,"local_entity":5,"match":{"countdown_until":300,"ctrl":-1,"final":false,"next":"","phase":3,"rot":1934,"scores":[29,10],"sd":false,"state":3,"tick":12466,"zone":"B"},"max_err":2.279,"mean_err":0.0266,"ms":214965,"out_bytes":625599,"pending":9,"pos":[-4.34,-3.73],"reconciles":4248,"server_tick":12766,"snaps":4255,"teleports":5}
[client] {"a":8,"dup":false,"ev":"game","ms":215718,"predicted":false,"t":1,"tick":12807,"type":"hit"}
[client] {"a":1,"dup":false,"ev":"game","ms":216084,"predicted":false,"t":8,"tick":12829,"type":"hit"}
[client] {"a":1,"dup":false,"ev":"game","ms":216401,"predicted":false,"t":8,"tick":12848,"type":"hit"}
[client] {"a":6,"dup":false,"ev":"game","ms":216884,"predicted":false,"t":-1,"tick":12877,"type":"respawn"}
[client] {"a":8,"dup":false,"ev":"game","ms":217050,"predicted":false,"t":1,"tick":12887,"type":"hit"}
[client] {"a":8,"dup":false,"ev":"game","ms":217084,"predicted":false,"t":0,"tick":12889,"type":"hit"}
[client] {"a":8,"dup":false,"ev":"game","ms":217153,"predicted":false,"t":3,"tick":12893,"type":"hit"}
[client] {"a":8,"dup":false,"ev":"game","ms":217719,"predicted":false,"t":1,"tick":12927,"type":"hit"}
[client] {"a":4,"dup":false,"ev":"game","ms":218071,"predicted":false,"t":8,"tick":12948,"type":"hit"}
[client] {"a":1,"dup":false,"ev":"game","ms":218368,"predicted":false,"t":7,"tick":12966,"type":"hit"}
[client] {"a":8,"dup":false,"ev":"game","ms":219037,"predicted":false,"t":4,"tick":13006,"type":"hit"}
[client] {"a":1,"dup":false,"ev":"game","ms":219189,"predicted":false,"t":8,"tick":13015,"type":"hit"}
[client] {"a":7,"dup":false,"ev":"game","ms":219189,"predicted":false,"t":4,"tick":13015,"type":"hit"}
[client] {"a":1,"dup":false,"ev":"game","ms":219603,"predicted":false,"t":8,"tick":13040,"type":"hit"}
[client] {"a":4,"dup":false,"ev":"game","ms":219754,"predicted":false,"t":7,"tick":13049,"type":"hit"}
[client] {"counts":{"blocks_on_me":0,"conf_actions":139,"confirmed_hits":642,"dup_confirmed":0,"hits_on_me":65,"pred_actions":155,"predicted_confirmed":66,"predicted_hits":144,"reconnects":0},"ev":"stats","hp":0.0,"in_bytes":2971263,"late":0,"local_entity":5,"match":{"countdown_until":300,"ctrl":-1,"final":false,"next":"","phase":3,"rot":1634,"scores":[29,10],"sd":false,"state":3,"tick":12766,"zone":"B"},"max_err":2.279,"mean_err":0.0259,"ms":219968,"out_bytes":640299,"pending":9,"pos":[-4.34,-3.73],"reconciles":4348,"server_tick":13066,"snaps":4355,"teleports":5}
[client] {"a":4,"dup":false,"ev":"game","ms":220086,"predicted":false,"t":7,"tick":13069,"type":"hit"}
[client] {"a":8,"dup":false,"ev":"game","ms":220389,"predicted":false,"t":1,"tick":13087,"type":"hit"}
[client] {"a":4,"dup":false,"ev":"game","ms":220439,"predicted":false,"t":7,"tick":13090,"type":"hit"}
[client] {"a":8,"dup":false,"ev":"game","ms":220720,"predicted":false,"t":1,"tick":13107,"type":"hit"}
[client] {"a":8,"dup":false,"ev":"game","ms":221052,"predicted":false,"t":1,"tick":13127,"type":"hit"}
[client] {"a":4,"dup":false,"ev":"game","ms":221356,"predicted":false,"t":8,"tick":13145,"type":"hit"}
[client] {"a":7,"dup":false,"ev":"game","ms":222302,"predicted":false,"t":4,"tick":13201,"type":"hit"}
[client] {"a":9,"dup":false,"ev":"game","ms":222372,"predicted":false,"t":4,"tick":13205,"type":"hit"}
[client] {"a":8,"dup":false,"ev":"game","ms":222510,"predicted":false,"t":4,"tick":13213,"type":"hit"}
[client] {"a":8,"dup":false,"ev":"game","ms":222724,"predicted":false,"t":4,"tick":13227,"type":"hit"}
[client] {"a":7,"dup":false,"ev":"game","ms":223317,"predicted":false,"t":4,"tick":13263,"type":"hit"}
[client] {"a":5,"dup":false,"ev":"game","ms":223420,"predicted":false,"t":-1,"tick":13274,"type":"respawn"}
[client] {"a":7,"dup":false,"ev":"game","ms":223620,"predicted":false,"t":4,"tick":13281,"type":"hit"}
[client] {"a":8,"dup":false,"ev":"game","ms":223703,"predicted":false,"t":4,"tick":13286,"type":"hit"}
[client] {"a":9,"dup":false,"ev":"game","ms":223766,"predicted":false,"t":4,"tick":13290,"type":"hit"}
[client] {"a":4,"dup":false,"ev":"game","ms":223766,"predicted":false,"t":-1,"tick":13290,"type":"ko"}
[client] {"a":8,"dup":false,"ev":"game","ms":224539,"predicted":false,"t":1,"tick":13336,"type":"hit"}
[client] {"a":8,"dup":false,"ev":"game","ms":224952,"predicted":false,"t":1,"tick":13361,"type":"hit"}
[client] {"counts":{"blocks_on_me":0,"conf_actions":139,"confirmed_hits":658,"dup_confirmed":0,"hits_on_me":65,"pred_actions":155,"predicted_confirmed":66,"predicted_hits":144,"reconnects":0},"ev":"stats","hp":220.0,"in_bytes":3040789,"late":0,"local_entity":5,"match":{"countdown_until":300,"ctrl":-1,"final":false,"next":"","phase":3,"rot":1334,"scores":[29,10],"sd":false,"state":3,"tick":13066,"zone":"B"},"max_err":2.279,"mean_err":0.0254,"ms":224965,"out_bytes":654999,"pending":9,"pos":[4.08,38.28],"reconciles":4447,"server_tick":13366,"snaps":4455,"teleports":6}
[client] {"a":8,"dup":false,"ev":"game","ms":225256,"predicted":false,"t":0,"tick":13379,"type":"hit"}
[client] {"a":1,"dup":false,"ev":"game","ms":225352,"predicted":false,"t":8,"tick":13385,"type":"hit"}
[client] {"a":7,"dup":false,"ev":"game","ms":225421,"predicted":false,"t":0,"tick":13389,"type":"hit"}
[client] {"a":0,"dup":false,"ev":"game","ms":225421,"predicted":false,"t":-1,"tick":13389,"type":"ko"}
[client] {"a":7,"dup":false,"ev":"game","ms":225470,"predicted":false,"t":3,"tick":13392,"type":"hit"}
[client] {"a":9,"dup":false,"ev":"game","ms":225636,"predicted":false,"t":1,"tick":13402,"type":"hit"}
[client] {"a":1,"dup":false,"ev":"game","ms":225636,"predicted":false,"t":-1,"tick":13402,"type":"ko"}
[client] {"a":7,"dup":false,"ev":"game","ms":226022,"predicted":false,"t":2,"tick":13425,"type":"hit"}
[client] {"a":7,"dup":false,"ev":"game","ms":226340,"predicted":false,"t":2,"tick":13444,"type":"hit"}
[client] {"a":7,"dup":false,"ev":"game","ms":226340,"predicted":false,"t":3,"tick":13444,"type":"hit"}
[client] {"a":7,"dup":false,"ev":"game","ms":226636,"predicted":false,"t":3,"tick":13462,"type":"hit"}
[client] {"a":2,"dup":false,"ev":"game","ms":226740,"predicted":false,"t":7,"tick":13468,"type":"hit"}
[client] {"a":9,"dup":false,"ev":"game","ms":227106,"predicted":false,"t":2,"tick":13490,"type":"hit"}
[client] {"a":7,"dup":false,"ev":"game","ms":227189,"predicted":false,"t":2,"tick":13495,"type":"hit"}
[client] {"a":3,"dup":false,"ev":"game","ms":227506,"predicted":false,"t":7,"tick":13514,"type":"hit"}
[client] {"a":8,"dup":false,"ev":"game","ms":227567,"predicted":false,"t":3,"tick":13518,"type":"hit"}
[client] {"a":6,"dup":false,"ev":"game","ms":227623,"predicted":false,"t":3,"tick":13521,"type":"hit"}
[client] {"a":2,"dup":false,"ev":"game","ms":227837,"predicted":false,"t":9,"tick":13534,"type":"hit"}
[client] {"a":9,"dup":false,"ev":"game","ms":228202,"predicted":false,"t":2,"tick":13556,"type":"hit"}
[client] {"a":9,"dup":false,"ev":"game","ms":228706,"predicted":false,"t":2,"tick":13586,"type":"hit"}
[client] {"a":9,"dup":false,"ev":"game","ms":228754,"predicted":false,"t":3,"tick":13589,"type":"hit"}
[client] {"a":3,"dup":false,"ev":"game","ms":228754,"predicted":false,"t":-1,"tick":13589,"type":"ko"}
[client] {"counts":{"blocks_on_me":0,"conf_actions":139,"confirmed_hits":677,"dup_confirmed":0,"hits_on_me":65,"pred_actions":155,"predicted_confirmed":66,"predicted_hits":144,"reconnects":0},"ev":"stats","hp":220.0,"in_bytes":3102443,"late":0,"local_entity":5,"match":{"countdown_until":300,"ctrl":-1,"final":false,"next":"","phase":3,"rot":1034,"scores":[29,10],"sd":false,"state":3,"tick":13366,"zone":"B"},"max_err":2.279,"mean_err":0.0248,"ms":229968,"out_bytes":669699,"pending":9,"pos":[-2.51,2.98],"reconciles":4547,"server_tick":13666,"snaps":4555,"teleports":6}
[client] {"a":6,"dup":false,"ev":"game","ms":229969,"predicted":false,"t":2,"tick":13662,"type":"hit"}
[client] {"a":6,"dup":false,"ev":"game","ms":230458,"predicted":false,"t":2,"tick":13691,"type":"hit"}
[client] {"a":7,"dup":false,"ev":"game","ms":230555,"predicted":false,"t":2,"tick":13697,"type":"hit"}
[client] {"a":2,"dup":false,"ev":"game","ms":231418,"predicted":false,"t":6,"tick":13749,"type":"hit"}
[client] {"a":2,"dup":false,"ev":"game","ms":231666,"predicted":false,"t":6,"tick":13763,"type":"hit"}
[client] {"a":6,"dup":false,"ev":"game","ms":232466,"predicted":false,"t":2,"tick":13811,"type":"hit"}
[client] {"a":4,"dup":false,"ev":"game","ms":233784,"predicted":false,"t":-1,"tick":13890,"type":"respawn"}
[client] {"a":2,"dup":false,"ev":"game","ms":234771,"predicted":false,"t":5,"tick":13949,"type":"hit"}
[client] {"counts":{"blocks_on_me":0,"conf_actions":140,"confirmed_hits":684,"dup_confirmed":0,"hits_on_me":66,"pred_actions":157,"predicted_confirmed":66,"predicted_hits":144,"reconnects":0},"ev":"stats","hp":202.0,"in_bytes":3157184,"late":0,"local_entity":5,"match":{"countdown_until":300,"ctrl":1,"final":false,"next":"A","phase":3,"rot":734,"scores":[29,10],"sd":false,"state":2,"tick":13666,"zone":"B"},"max_err":2.279,"mean_err":0.0245,"ms":234970,"out_bytes":684399,"pending":9,"pos":[-1.2,-3.48],"reconciles":4647,"server_tick":13966,"snaps":4655,"teleports":6}
[client] {"a":8,"dup":false,"ev":"game","ms":234986,"predicted":false,"t":2,"tick":13962,"type":"hit"}
[client] {"a":9,"dup":false,"ev":"game","ms":234986,"predicted":false,"t":2,"tick":13962,"type":"hit"}
[client] {"a":2,"dup":false,"ev":"game","ms":234986,"predicted":false,"t":-1,"tick":13962,"type":"ko"}
[client] {"a":0,"dup":false,"ev":"game","ms":235420,"predicted":false,"t":-1,"tick":13989,"type":"respawn"}
[client] {"a":1,"dup":false,"ev":"game","ms":235634,"predicted":false,"t":-1,"tick":14002,"type":"respawn"}
[client] {"a":3,"dup":false,"ev":"game","ms":238752,"predicted":false,"t":-1,"tick":14189,"type":"respawn"}
[client] {"counts":{"blocks_on_me":0,"conf_actions":141,"confirmed_hits":686,"dup_confirmed":0,"hits_on_me":66,"pred_actions":157,"predicted_confirmed":66,"predicted_hits":144,"reconnects":0},"ev":"stats","hp":202.0,"in_bytes":3209996,"late":0,"local_entity":5,"match":{"countdown_until":300,"ctrl":-1,"final":false,"next":"A","phase":3,"rot":434,"scores":[29,15],"sd":false,"state":3,"tick":13966,"zone":"B"},"max_err":2.279,"mean_err":0.0257,"ms":239973,"out_bytes":699099,"pending":9,"pos":[-0.39,-3.0],"reconciles":4747,"server_tick":14266,"snaps":4755,"teleports":6}
[client] {"a":4,"dup":false,"ev":"game","ms":240953,"predicted":false,"t":5,"tick":14321,"type":"hit"}
[client] {"a":4,"dup":false,"ev":"game","ms":241236,"predicted":false,"t":8,"tick":14338,"type":"hit"}
[client] {"a":8,"dup":false,"ev":"game","ms":241237,"predicted":false,"t":-1,"tick":14338,"type":"ko"}
[client] {"a":4,"dup":false,"ev":"game","ms":241292,"predicted":false,"t":5,"tick":14341,"type":"hit"}
[client] {"a":4,"dup":false,"ev":"game","ms":241589,"predicted":false,"t":5,"tick":14359,"type":"hit"}
[client] {"a":7,"dup":false,"ev":"game","ms":241789,"predicted":false,"t":4,"tick":14371,"type":"hit"}
[client] {"a":9,"dup":false,"ev":"game","ms":241857,"predicted":false,"t":4,"tick":14375,"type":"hit"}
[client] {"a":9,"dup":false,"ev":"game","ms":242872,"predicted":false,"t":1,"tick":14436,"type":"hit"}
[client] {"a":4,"dup":false,"ev":"game","ms":242906,"predicted":false,"t":7,"tick":14438,"type":"hit"}
[client] {"a":9,"dup":false,"ev":"game","ms":243203,"predicted":false,"t":4,"tick":14456,"type":"hit"}
[client] {"a":9,"dup":false,"ev":"game","ms":243223,"predicted":false,"t":1,"tick":14457,"type":"hit"}
[client] {"a":4,"dup":false,"ev":"game","ms":243576,"predicted":false,"t":7,"tick":14478,"type":"hit"}
[client] {"a":4,"dup":false,"ev":"game","ms":243624,"predicted":false,"t":6,"tick":14481,"type":"hit"}
[client] {"a":0,"dup":false,"ev":"game","ms":243694,"predicted":false,"t":7,"tick":14485,"type":"hit"}
[client] {"a":0,"dup":false,"ev":"game","ms":243706,"predicted":false,"t":9,"tick":14486,"type":"hit"}
[client] {"a":0,"dup":false,"ev":"game","ms":243755,"predicted":false,"t":5,"tick":14489,"type":"hit"}
[client] {"a":6,"dup":false,"ev":"game","ms":243989,"predicted":false,"t":4,"tick":14503,"type":"hit"}
[client] {"a":1,"dup":false,"ev":"game","ms":244307,"predicted":false,"t":6,"tick":14522,"type":"hit"}
[client] {"a":0,"dup":false,"ev":"game","ms":244555,"predicted":false,"t":7,"tick":14537,"type":"hit"}
[client] {"a":0,"dup":false,"ev":"game","ms":244556,"predicted":false,"t":9,"tick":14537,"type":"hit"}
[client] {"a":7,"dup":false,"ev":"game","ms":244556,"predicted":false,"t":-1,"tick":14537,"type":"ko"}
[client] {"a":0,"dup":false,"ev":"game","ms":244576,"predicted":false,"t":5,"tick":14538,"type":"hit"}
[client] {"counts":{"blocks_on_me":0,"conf_actions":146,"confirmed_hits":706,"dup_confirmed":0,"hits_on_me":71,"pred_actions":165,"predicted_confirmed":66,"predicted_hits":150,"reconnects":0},"ev":"stats","hp":90.0,"in_bytes":3279903,"late":0,"local_entity":5,"match":{"countdown_until":300,"ctrl":-1,"final":false,"next":"A","phase":3,"rot":134,"scores":[29,15],"sd":false,"state":3,"tick":14266,"zone":"B"},"max_err":2.279,"mean_err":0.027,"ms":244975,"out_bytes":713799,"pending":9,"pos":[-0.89,-2.57],"reconciles":4847,"server_tick":14566,"snaps":4855,"teleports":6}
[client] {"a":2,"dup":false,"ev":"game","ms":244976,"predicted":false,"t":-1,"tick":14562,"type":"respawn"}
[client] {"a":9,"dup":false,"ev":"game","ms":245294,"predicted":false,"t":0,"tick":14581,"type":"hit"}
[client] {"a":9,"dup":false,"ev":"game","ms":245294,"predicted":false,"t":1,"tick":14581,"type":"hit"}
[client] {"a":4,"dup":false,"ev":"game","ms":245349,"predicted":false,"t":6,"tick":14585,"type":"hit"}
[client] {"a":6,"dup":false,"ev":"game","ms":245914,"predicted":false,"t":4,"tick":14619,"type":"hit"}
[client] {"a":3,"dup":false,"ev":"game","ms":246266,"predicted":false,"t":9,"tick":14640,"type":"hit"}
[client] {"a":3,"dup":false,"ev":"game","ms":246301,"predicted":false,"t":5,"tick":14642,"type":"hit"}
[client] {"a":1,"dup":false,"ev":"game","ms":246418,"predicted":false,"t":6,"tick":14649,"type":"hit"}
[client] {"a":0,"dup":false,"ev":"game","ms":246632,"predicted":false,"t":6,"tick":14662,"type":"hit"}
[client] {"a":5,"dup":true,"ev":"game","ms":246819,"predicted":false,"t":3,"tick":14678,"type":"hit"}
[client] {"a":3,"dup":false,"ev":"game","ms":246868,"predicted":false,"t":9,"tick":14676,"type":"hit"}
[client] {"a":3,"dup":false,"ev":"game","ms":246888,"predicted":false,"t":6,"tick":14677,"type":"hit"}
[client] {"a":0,"dup":false,"ev":"game","ms":246936,"predicted":false,"t":6,"tick":14680,"type":"hit"}
[client] {"a":5,"dup":true,"ev":"game","ms":247136,"predicted":false,"t":3,"tick":14697,"type":"hit"}
[client] {"a":3,"dup":false,"ev":"game","ms":247218,"predicted":false,"t":6,"tick":14697,"type":"hit"}
[client] {"a":3,"dup":false,"ev":"game","ms":247219,"predicted":false,"t":9,"tick":14697,"type":"hit"}
[client] {"a":-1,"dup":false,"ev":"game","ms":247254,"predicted":false,"t":-1,"tick":14699,"type":"zone_rotated"}
[client] {"a":9,"dup":false,"ev":"game","ms":247571,"predicted":false,"t":3,"tick":14718,"type":"hit"}
[client] {"a":5,"dup":true,"ev":"game","ms":247571,"predicted":false,"t":3,"tick":14723,"type":"hit"}
[client] {"a":6,"dup":false,"ev":"game","ms":247585,"predicted":false,"t":3,"tick":14719,"type":"hit"}
[client] {"a":6,"dup":false,"ev":"game","ms":247633,"predicted":false,"t":0,"tick":14722,"type":"hit"}
[client] {"a":1,"dup":false,"ev":"game","ms":247716,"predicted":false,"t":5,"tick":14727,"type":"hit"}
[client] {"a":6,"dup":false,"ev":"game","ms":247971,"predicted":false,"t":3,"tick":14741,"type":"hit"}
[client] {"a":0,"dup":false,"ev":"game","ms":248033,"predicted":false,"t":9,"tick":14745,"type":"parry"}
[client] {"a":1,"dup":false,"ev":"game","ms":248385,"predicted":false,"t":9,"tick":14767,"type":"hit"}
[client] {"a":4,"dup":false,"ev":"game","ms":248489,"predicted":false,"t":6,"tick":14773,"type":"hit"}
[client] {"a":9,"dup":false,"ev":"game","ms":248737,"predicted":false,"t":1,"tick":14788,"type":"hit"}
[client] {"a":4,"dup":false,"ev":"game","ms":248820,"predicted":false,"t":6,"tick":14793,"type":"hit"}
[client] {"a":3,"dup":false,"ev":"game","ms":248971,"predicted":false,"t":6,"tick":14802,"type":"hit"}
[client] {"a":0,"dup":false,"ev":"game","ms":249102,"predicted":false,"t":9,"tick":14810,"type":"hit"}
[client] {"a":1,"dup":false,"ev":"game","ms":249116,"predicted":false,"t":9,"tick":14811,"type":"hit"}
[client] {"a":5,"dup":true,"ev":"game","ms":249219,"predicted":false,"t":4,"tick":14822,"type":"hit"}
[client] {"a":5,"dup":false,"ev":"game","ms":249406,"predicted":false,"t":-1,"tick":14833,"type":"ko"}
[client] {"a":0,"dup":false,"ev":"game","ms":249433,"predicted":false,"t":9,"tick":14830,"type":"hit"}
[client] {"a":0,"dup":false,"ev":"game","ms":249489,"predicted":false,"t":5,"tick":14833,"type":"hit"}
[client] {"a":3,"dup":false,"ev":"game","ms":249689,"predicted":false,"t":9,"tick":14845,"type":"hit"}
[client] {"a":1,"dup":false,"ev":"game","ms":249785,"predicted":false,"t":6,"tick":14851,"type":"hit"}
[client] {"a":6,"dup":false,"ev":"game","ms":249785,"predicted":false,"t":-1,"tick":14851,"type":"ko"}
[client] {"a":1,"dup":false,"ev":"game","ms":249806,"predicted":false,"t":9,"tick":14852,"type":"hit"}
[client] {"a":9,"dup":false,"ev":"game","ms":249806,"predicted":false,"t":-1,"tick":14852,"type":"ko"}
[client] {"counts":{"blocks_on_me":0,"conf_actions":155,"confirmed_hits":740,"dup_confirmed":0,"hits_on_me":74,"pred_actions":173,"predicted_confirmed":70,"predicted_hits":158,"reconnects":0},"ev":"stats","hp":0.0,"in_bytes":3358549,"late":0,"local_entity":5,"match":{"countdown_until":300,"ctrl":-1,"final":false,"next":"","phase":3,"rot":3434,"scores":[29,15],"sd":false,"state":1,"tick":14566,"zone":"A"},"max_err":2.279,"mean_err":0.0271,"ms":249971,"out_bytes":728499,"pending":9,"pos":[0.98,-2.98],"reconciles":4947,"server_tick":14866,"snaps":4955,"teleports":6}
[client] {"a":8,"dup":false,"ev":"game","ms":251234,"predicted":false,"t":-1,"tick":14938,"type":"respawn"}
[client] {"a":7,"dup":false,"ev":"game","ms":254554,"predicted":false,"t":-1,"tick":15137,"type":"respawn"}
[client] {"counts":{"blocks_on_me":0,"conf_actions":155,"confirmed_hits":740,"dup_confirmed":0,"hits_on_me":74,"pred_actions":173,"predicted_confirmed":70,"predicted_hits":158,"reconnects":0},"ev":"stats","hp":0.0,"in_bytes":3412555,"late":0,"local_entity":5,"match":{"countdown_until":300,"ctrl":0,"final":false,"next":"","phase":3,"rot":3134,"scores":[29,15],"sd":false,"state":2,"tick":14866,"zone":"A"},"max_err":2.279,"mean_err":0.0265,"ms":254973,"out_bytes":743199,"pending":9,"pos":[0.98,-2.98],"reconciles":5047,"server_tick":15166,"snaps":5055,"teleports":6}
[client] {"a":5,"dup":false,"ev":"game","ms":259404,"predicted":false,"t":-1,"tick":15433,"type":"respawn"}
[client] {"a":6,"dup":false,"ev":"game","ms":259784,"predicted":false,"t":-1,"tick":15451,"type":"respawn"}
[client] {"a":9,"dup":false,"ev":"game","ms":259804,"predicted":false,"t":-1,"tick":15452,"type":"respawn"}
[client] {"counts":{"blocks_on_me":0,"conf_actions":155,"confirmed_hits":740,"dup_confirmed":0,"hits_on_me":74,"pred_actions":173,"predicted_confirmed":70,"predicted_hits":158,"reconnects":0},"ev":"stats","hp":220.0,"in_bytes":3471220,"late":0,"local_entity":5,"match":{"countdown_until":300,"ctrl":0,"final":false,"next":"","phase":3,"rot":2834,"scores":[34,15],"sd":false,"state":2,"tick":15166,"zone":"A"},"max_err":2.279,"mean_err":0.026,"ms":259969,"out_bytes":757899,"pending":9,"pos":[4.62,45.18],"reconciles":5146,"server_tick":15466,"snaps":5155,"teleports":7}
[client] {"a":1,"dup":false,"ev":"game","ms":261301,"predicted":false,"t":8,"tick":15542,"type":"hit"}
[client] {"a":4,"dup":false,"ev":"game","ms":261489,"predicted":false,"t":8,"tick":15553,"type":"hit"}
[client] {"a":4,"dup":false,"ev":"game","ms":262737,"predicted":false,"t":8,"tick":15628,"type":"hit"}
[client] {"a":4,"dup":false,"ev":"game","ms":263068,"predicted":false,"t":8,"tick":15648,"type":"hit"}
[client] {"a":8,"dup":false,"ev":"game","ms":263723,"predicted":false,"t":4,"tick":15687,"type":"hit"}
[client] {"counts":{"blocks_on_me":0,"conf_actions":155,"confirmed_hits":745,"dup_confirmed":0,"hits_on_me":74,"pred_actions":173,"predicted_confirmed":70,"predicted_hits":158,"reconnects":0},"ev":"stats","hp":220.0,"in_bytes":3536756,"late":0,"local_entity":5,"match":{"countdown_until":300,"ctrl":-1,"final":false,"next":"","phase":3,"rot":2534,"scores":[34,15],"sd":false,"state":3,"tick":15466,"zone":"A"},"max_err":2.279,"mean_err":0.0255,"ms":264971,"out_bytes":772599,"pending":9,"pos":[-11.23,17.19],"reconciles":5246,"server_tick":15766,"snaps":5255,"teleports":7}
[client] {"a":3,"dup":false,"ev":"game","ms":266504,"predicted":false,"t":8,"tick":15854,"type":"hit"}
[client] {"a":7,"dup":false,"ev":"game","ms":266739,"predicted":false,"t":4,"tick":15868,"type":"hit"}
[client] {"a":0,"dup":false,"ev":"game","ms":266752,"predicted":false,"t":8,"tick":15869,"type":"hit"}
[client] {"a":4,"dup":false,"ev":"game","ms":267173,"predicted":false,"t":7,"tick":15894,"type":"hit"}
[client] {"a":3,"dup":false,"ev":"game","ms":267188,"predicted":false,"t":8,"tick":15895,"type":"hit"}
[client] {"a":4,"dup":false,"ev":"game","ms":267504,"predicted":false,"t":7,"tick":15914,"type":"hit"}
[client] {"a":7,"dup":false,"ev":"game","ms":267857,"predicted":false,"t":4,"tick":15935,"type":"hit"}
[client] {"a":7,"dup":false,"ev":"game","ms":268174,"predicted":false,"t":4,"tick":15954,"type":"hit"}
[client] {"a":2,"dup":false,"ev":"game","ms":268305,"predicted":false,"t":7,"tick":15962,"type":"hit"}
[client] {"a":2,"dup":false,"ev":"game","ms":268615,"predicted":false,"t":7,"tick":15981,"type":"hit"}
[client] {"a":8,"dup":false,"ev":"game","ms":268615,"predicted":false,"t":1,"tick":15981,"type":"hit"}
[client] {"a":8,"dup":false,"ev":"game","ms":268885,"predicted":false,"t":1,"tick":15997,"type":"hit"}
[client] {"a":4,"dup":false,"ev":"game","ms":268898,"predicted":false,"t":7,"tick":15998,"type":"hit"}
[client] {"a":4,"dup":false,"ev":"game","ms":269533,"predicted":false,"t":7,"tick":16036,"type":"hit"}
[client] {"a":4,"dup":false,"ev":"game","ms":269616,"predicted":false,"t":5,"tick":16041,"type":"hit"}
[client] {"a":1,"dup":false,"ev":"game","ms":269734,"predicted":false,"t":8,"tick":16048,"type":"hit"}
[client] {"a":1,"dup":false,"ev":"game","ms":269954,"predicted":false,"t":8,"tick":16061,"type":"hit"}
[client] {"counts":{"blocks_on_me":0,"conf_actions":156,"confirmed_hits":762,"dup_confirmed":0,"hits_on_me":75,"pred_actions":174,"predicted_confirmed":70,"predicted_hits":158,"reconnects":0},"ev":"stats","hp":182.0,"in_bytes":3605019,"late":0,"local_entity":5,"match":{"countdown_until":300,"ctrl":-1,"final":false,"next":"","phase":3,"rot":2234,"scores":[34,15],"sd":false,"state":3,"tick":15766,"zone":"A"},"max_err":2.279,"mean_err":0.0255,"ms":269967,"out_bytes":787299,"pending":9,"pos":[-36.75,2.66],"reconciles":5346,"server_tick":16066,"snaps":5355,"teleports":7}
[client] {"a":8,"dup":false,"ev":"game","ms":270651,"predicted":false,"t":1,"tick":16103,"type":"hit"}
[client] {"a":9,"dup":false,"ev":"game","ms":271168,"predicted":false,"t":4,"tick":16134,"type":"hit"}
[client] {"a":2,"dup":false,"ev":"game","ms":271582,"predicted":false,"t":9,"tick":16159,"type":"hit"}
[client] {"a":6,"dup":false,"ev":"game","ms":271769,"predicted":false,"t":4,"tick":16170,"type":"hit"}
[client] {"a":7,"dup":false,"ev":"game","ms":271782,"predicted":false,"t":2,"tick":16171,"type":"hit"}
[client] {"a":9,"dup":false,"ev":"game","ms":271900,"predicted":false,"t":4,"tick":16178,"type":"hit"}
[client] {"a":1,"dup":false,"ev":"game","ms":272086,"predicted":false,"t":8,"tick":16189,"type":"hit"}
[client] {"a":3,"dup":false,"ev":"game","ms":272100,"predicted":false,"t":9,"tick":16190,"type":"hit"}
[client] {"a":4,"dup":false,"ev":"game","ms":272355,"predicted":false,"t":7,"tick":16205,"type":"hit"}
[client] {"a":2,"dup":false,"ev":"game","ms":272369,"predicted":false,"t":7,"tick":16206,"type":"hit"}
[client] {"a":1,"dup":false,"ev":"game","ms":272417,"predicted":false,"t":8,"tick":16209,"type":"hit"}
[client] {"a":9,"dup":false,"ev":"game","ms":272521,"predicted":false,"t":4,"tick":16215,"type":"hit"}
[client] {"a":5,"dup":true,"ev":"game","ms":272605,"predicted":false,"t":2,"tick":16224,"type":"hit"}
[client] {"a":5,"dup":true,"ev":"game","ms":272639,"predicted":false,"t":0,"tick":16227,"type":"hit"}
[client] {"a":7,"dup":false,"ev":"game","ms":272721,"predicted":false,"t":4,"tick":16227,"type":"hit"}
[client] {"a":1,"dup":false,"ev":"game","ms":272770,"predicted":false,"t":8,"tick":16230,"type":"hit"}
[client] {"a":8,"dup":false,"ev":"game","ms":272770,"predicted":false,"t":-1,"tick":16230,"type":"ko"}
[client] {"a":5,"dup":true,"ev":"game","ms":272900,"predicted":false,"t":2,"tick":16243,"type":"hit"}
[client] {"a":7,"dup":false,"ev":"game","ms":273039,"predicted":false,"t":4,"tick":16246,"type":"hit"}
[client] {"a":7,"dup":false,"ev":"game","ms":273087,"predicted":false,"t":2,"tick":16249,"type":"hit"}
[client] {"a":4,"dup":false,"ev":"game","ms":273404,"predicted":false,"t":5,"tick":16268,"type":"hit"}
[client] {"a":7,"dup":false,"ev":"game","ms":273639,"predicted":false,"t":3,"tick":16282,"type":"hit"}
[client] {"a":7,"dup":false,"ev":"game","ms":273667,"predicted":false,"t":0,"tick":16284,"type":"hit"}
[client] {"a":7,"dup":false,"ev":"game","ms":273667,"predicted":false,"t":4,"tick":16284,"type":"hit"}
[client] {"a":5,"dup":true,"ev":"game","ms":273736,"predicted":false,"t":4,"tick":16293,"type":"hit"}
[client] {"a":5,"dup":true,"ev":"game","ms":274101,"predicted":false,"t":1,"tick":16315,"type":"hit"}
[client] {"a":5,"dup":false,"ev":"game","ms":274136,"predicted":false,"t":4,"tick":16317,"type":"hit"}
[client] {"a":4,"dup":false,"ev":"game","ms":274219,"predicted":false,"t":-1,"tick":16317,"type":"ko"}
[client] {"a":3,"dup":false,"ev":"game","ms":274453,"predicted":false,"t":6,"tick":16331,"type":"block"}
[client] {"a":1,"dup":false,"ev":"game","ms":274557,"predicted":false,"t":5,"tick":16337,"type":"hit"}
[client] {"a":3,"dup":false,"ev":"game","ms":274756,"predicted":false,"t":6,"tick":16349,"type":"block"}
[client] {"a":0,"dup":false,"ev":"game","ms":274840,"predicted":false,"t":5,"tick":16354,"type":"hit"}
[client] {"a":0,"dup":false,"ev":"game","ms":274853,"predicted":false,"t":7,"tick":16355,"type":"hit"}
[client] {"a":1,"dup":false,"ev":"game","ms":274853,"predicted":false,"t":5,"tick":16355,"type":"hit"}
[client] {"a":1,"dup":false,"ev":"game","ms":274901,"predicted":false,"t":7,"tick":16358,"type":"hit"}
[client] {"counts":{"blocks_on_me":0,"conf_actions":164,"confirmed_hits":793,"dup_confirmed":0,"hits_on_me":79,"pred_actions":184,"predicted_confirmed":75,"predicted_hits":168,"reconnects":0},"ev":"stats","hp":110.0,"in_bytes":3686244,"late":0,"local_entity":5,"match":{"countdown_until":300,"ctrl":-1,"final":false,"next":"","phase":3,"rot":1934,"scores":[34,15],"sd":false,"state":3,"tick":16066,"zone":"A"},"max_err":2.279,"mean_err":0.0258,"ms":274969,"out_bytes":801999,"pending":9,"pos":[-40.32,-0.46],"reconciles":5446,"server_tick":16366,"snaps":5455,"teleports":7}
[client] {"a":9,"dup":false,"ev":"game","ms":275185,"predicted":false,"t":3,"tick":16375,"type":"hit"}
[client] {"a":2,"dup":false,"ev":"game","ms":275336,"predicted":false,"t":5,"tick":16384,"type":"hit"}
[client] {"a":1,"dup":false,"ev":"game","ms":275474,"predicted":false,"t":5,"tick":16392,"type":"hit"}
[client] {"a":0,"dup":false,"ev":"game","ms":275502,"predicted":false,"t":5,"tick":16394,"type":"hit"}
[client] {"a":9,"dup":false,"ev":"game","ms":276040,"predicted":false,"t":0,"tick":16426,"type":"hit"}
[client] {"a":5,"dup":true,"ev":"game","ms":276323,"predicted":false,"t":2,"tick":16448,"type":"hit"}
[client] {"a":5,"dup":false,"ev":"game","ms":276420,"predicted":false,"t":0,"tick":16454,"type":"hit"}
[client] {"a":0,"dup":false,"ev":"game","ms":276454,"predicted":false,"t":9,"tick":16451,"type":"hit"}
[client] {"a":0,"dup":false,"ev":"game","ms":276502,"predicted":false,"t":7,"tick":16454,"type":"hit"}
[client] {"a":7,"dup":false,"ev":"game","ms":276502,"predicted":false,"t":-1,"tick":16454,"type":"ko"}
[client] {"a":3,"dup":false,"ev":"game","ms":276902,"predicted":false,"t":6,"tick":16478,"type":"hit"}
[client] {"a":3,"dup":false,"ev":"game","ms":276939,"predicted":false,"t":9,"tick":16480,"type":"hit"}
[client] {"a":1,"dup":false,"ev":"game","ms":277275,"predicted":false,"t":6,"tick":16500,"type":"hit"}
[client] {"a":0,"dup":false,"ev":"game","ms":277441,"predicted":false,"t":6,"tick":16510,"type":"hit"}
[client] {"a":3,"dup":false,"ev":"game","ms":277475,"predicted":false,"t":6,"tick":16512,"type":"hit"}
[client] {"a":5,"dup":true,"ev":"game","ms":277524,"predicted":false,"t":1,"tick":16520,"type":"hit"}
[client] {"a":5,"dup":true,"ev":"game","ms":277558,"predicted":false,"t":2,"tick":16522,"type":"hit"}
[client] {"a":5,"dup":true,"ev":"game","ms":277620,"predicted":false,"t":0,"tick":16526,"type":"hit"}
[client] {"a":3,"dup":false,"ev":"game","ms":277787,"predicted":false,"t":6,"tick":16531,"type":"hit"}
[client] {"a":3,"dup":false,"ev":"game","ms":278220,"predicted":false,"t":6,"tick":16557,"type":"hit"}
[client] {"a":6,"dup":false,"ev":"game","ms":278588,"predicted":false,"t":3,"tick":16579,"type":"hit"}
[client] {"a":5,"dup":true,"ev":"game","ms":278607,"predicted":false,"t":3,"tick":16585,"type":"hit"}
[client] {"a":1,"dup":false,"ev":"game","ms":278724,"predicted":false,"t":6,"tick":16587,"type":"hit"}
[client] {"a":2,"dup":false,"ev":"game","ms":278965,"predicted":false,"t":5,"tick":16602,"type":"hit"}
[client] {"a":1,"dup":false,"ev":"game","ms":279035,"predicted":false,"t":6,"tick":16606,"type":"hit"}
[client] {"a":1,"dup":false,"ev":"game","ms":279083,"predicted":false,"t":9,"tick":16609,"type":"hit"}
[client] {"a":0,"dup":false,"ev":"game","ms":279117,"predicted":false,"t":6,"tick":16611,"type":"hit"}
[client] {"a":5,"dup":true,"ev":"game","ms":279235,"predicted":false,"t":1,"tick":16623,"type":"hit"}
[client] {"a":6,"dup":false,"ev":"game","ms":279517,"predicted":false,"t":1,"tick":16635,"type":"hit"}
[client] {"a":5,"dup":false,"ev":"game","ms":279766,"predicted":false,"t":-1,"tick":16655,"type":"ko"}
[client] {"a":0,"dup":false,"ev":"game","ms":279849,"predicted":false,"t":5,"tick":16655,"type":"hit"}
[client] {"a":6,"dup":false,"ev":"game","ms":279869,"predicted":false,"t":1,"tick":16656,"type":"hit"}
[client] {"a":0,"dup":false,"ev":"game","ms":279884,"predicted":false,"t":6,"tick":16657,"type":"hit"}
[client] {"a":9,"dup":false,"ev":"game","ms":279952,"predicted":false,"t":3,"tick":16661,"type":"hit"}
[client] {"counts":{"blocks_on_me":0,"conf_actions":172,"confirmed_hits":825,"dup_confirmed":0,"hits_on_me":84,"pred_actions":193,"predicted_confirmed":81,"predicted_hits":186,"reconnects":0},"ev":"stats","hp":0.0,"in_bytes":3762819,"late":0,"local_entity":5,"match":{"countdown_until":300,"ctrl":-1,"final":false,"next":"","phase":3,"rot":1634,"scores":[34,15],"sd":false,"state":3,"tick":16366,"zone":"A"},"max_err":2.279,"mean_err":0.026,"ms":279965,"out_bytes":816699,"pending":9,"pos":[-41.33,0.18],"reconciles":5546,"server_tick":16666,"snaps":5555,"teleports":7}
[client] {"a":2,"dup":false,"ev":"game","ms":280049,"predicted":false,"t":6,"tick":16667,"type":"hit"}
[client] {"a":0,"dup":false,"ev":"game","ms":280269,"predicted":false,"t":9,"tick":16680,"type":"hit"}
[client] {"a":0,"dup":false,"ev":"game","ms":280582,"predicted":false,"t":9,"tick":16699,"type":"hit"}
[client] {"a":0,"dup":false,"ev":"game","ms":281236,"predicted":false,"t":6,"tick":16738,"type":"hit"}
[client] {"a":1,"dup":false,"ev":"game","ms":281284,"predicted":false,"t":6,"tick":16741,"type":"hit"}
[client] {"a":0,"dup":false,"ev":"game","ms":281553,"predicted":false,"t":6,"tick":16757,"type":"hit"}
[client] {"a":0,"dup":false,"ev":"game","ms":281870,"predicted":false,"t":6,"tick":16776,"type":"hit"}
[client] {"a":6,"dup":false,"ev":"game","ms":281870,"predicted":false,"t":-1,"tick":16776,"type":"ko"}
[client] {"a":1,"dup":false,"ev":"game","ms":282037,"predicted":false,"t":9,"tick":16786,"type":"hit"}
[client] {"a":1,"dup":false,"ev":"game","ms":282367,"predicted":false,"t":9,"tick":16806,"type":"hit"}
[client] {"a":0,"dup":false,"ev":"game","ms":282450,"predicted":false,"t":9,"tick":16811,"type":"hit"}
[client] {"a":8,"dup":false,"ev":"game","ms":282767,"predicted":false,"t":-1,"tick":16830,"type":"respawn"}
[client] {"a":0,"dup":false,"ev":"game","ms":283071,"predicted":false,"t":9,"tick":16848,"type":"hit"}
[client] {"a":1,"dup":false,"ev":"game","ms":283602,"predicted":false,"t":9,"tick":16880,"type":"hit"}
[client] {"a":9,"dup":false,"ev":"game","ms":284154,"predicted":false,"t":1,"tick":16913,"type":"hit"}
[client] {"a":4,"dup":false,"ev":"game","ms":284216,"predicted":false,"t":-1,"tick":16917,"type":"respawn"}
[client] {"counts":{"blocks_on_me":0,"conf_actions":172,"confirmed_hits":838,"dup_confirmed":0,"hits_on_me":84,"pred_actions":193,"predicted_confirmed":81,"predicted_hits":186,"reconnects":0},"ev":"stats","hp":0.0,"in_bytes":3829471,"late":0,"local_entity":5,"match":{"countdown_until":300,"ctrl":-1,"final":false,"next":"","phase":3,"rot":1334,"scores":[34,15],"sd":false,"state":3,"tick":16666,"zone":"A"},"max_err":2.279,"mean_err":0.0256,"ms":284968,"out_bytes":831399,"pending":9,"pos":[-41.33,0.18],"reconciles":5646,"server_tick":16966,"snaps":5655,"teleports":7}
[client] {"a":7,"dup":false,"ev":"game","ms":286500,"predicted":false,"t":-1,"tick":17054,"type":"respawn"}
[client] {"a":3,"dup":false,"ev":"game","ms":286852,"predicted":false,"t":9,"tick":17075,"type":"hit"}
[client] {"a":3,"dup":false,"ev":"game","ms":287528,"predicted":false,"t":9,"tick":17116,"type":"hit"}
[client] {"a":9,"dup":false,"ev":"game","ms":287528,"predicted":false,"t":-1,"tick":17116,"type":"ko"}
[client] {"a":5,"dup":false,"ev":"game","ms":289785,"predicted":false,"t":-1,"tick":17255,"type":"respawn"}
[client] {"counts":{"blocks_on_me":0,"conf_actions":173,"confirmed_hits":840,"dup_confirmed":0,"hits_on_me":84,"pred_actions":193,"predicted_confirmed":81,"predicted_hits":186,"reconnects":0},"ev":"stats","hp":220.0,"in_bytes":3891453,"late":0,"local_entity":5,"match":{"countdown_until":300,"ctrl":0,"final":false,"next":"","phase":3,"rot":1034,"scores":[36,15],"sd":false,"state":2,"tick":16966,"zone":"A"},"max_err":2.279,"mean_err":0.0251,"ms":289963,"out_bytes":846099,"pending":9,"pos":[8.06,46.47],"reconciles":5745,"server_tick":17266,"snaps":5755,"teleports":8}
[client] {"a":6,"dup":false,"ev":"game","ms":291882,"predicted":false,"t":-1,"tick":17376,"type":"respawn"}
[client] {"a":8,"dup":false,"ev":"game","ms":293069,"predicted":false,"t":0,"tick":17447,"type":"hit"}
[client] {"a":8,"dup":false,"ev":"game","ms":293401,"predicted":false,"t":0,"tick":17467,"type":"hit"}
[client] {"counts":{"blocks_on_me":0,"conf_actions":173,"confirmed_hits":842,"dup_confirmed":0,"hits_on_me":84,"pred_actions":193,"predicted_confirmed":81,"predicted_hits":186,"reconnects":0},"ev":"stats","hp":220.0,"in_bytes":3957010,"late":0,"local_entity":5,"match":{"countdown_until":300,"ctrl":-1,"final":false,"next":"C","phase":3,"rot":734,"scores":[38,15],"sd":false,"state":3,"tick":17266,"zone":"A"},"max_err":2.279,"mean_err":0.0247,"ms":294959,"out_bytes":860799,"pending":12,"pos":[-7.39,18.55],"reconciles":5844,"server_tick":17565,"snaps":5855,"teleports":8}
[client] {"a":8,"dup":false,"ev":"game","ms":295464,"predicted":false,"t":2,"tick":17591,"type":"hit"}
[client] {"a":8,"dup":false,"ev":"game","ms":295760,"predicted":false,"t":1,"tick":17609,"type":"hit"}
[client] {"a":2,"dup":false,"ev":"game","ms":295981,"predicted":false,"t":8,"tick":17622,"type":"hit"}
[client] {"a":8,"dup":false,"ev":"game","ms":297113,"predicted":false,"t":1,"tick":17690,"type":"hit"}
[client] {"a":8,"dup":false,"ev":"game","ms":297444,"predicted":false,"t":1,"tick":17710,"type":"hit"}
[client] {"a":9,"dup":false,"ev":"game","ms":297548,"predicted":false,"t":-1,"tick":17716,"type":"respawn"}
[client] {"a":1,"dup":false,"ev":"game","ms":297961,"predicted":false,"t":8,"tick":17741,"type":"hit"}
[client] {"a":2,"dup":false,"ev":"game","ms":298030,"predicted":false,"t":8,"tick":17745,"type":"hit"}
[client] {"a":3,"dup":false,"ev":"game","ms":298245,"predicted":false,"t":7,"tick":17758,"type":"hit"}
[client] {"a":0,"dup":false,"ev":"game","ms":298831,"predicted":false,"t":7,"tick":17793,"type":"hit"}
[client] {"a":3,"dup":false,"ev":"game","ms":298901,"predicted":false,"t":7,"tick":17797,"type":"hit"}
[client] {"counts":{"blocks_on_me":0,"conf_actions":173,"confirmed_hits":852,"dup_confirmed":0,"hits_on_me":84,"pred_actions":193,"predicted_confirmed":81,"predicted_hits":186,"reconnects":0},"ev":"stats","hp":220.0,"in_bytes":4021113,"late":0,"local_entity":5,"match":{"countdown_until":300,"ctrl":-1,"final":false,"next":"C","phase":3,"rot":434,"scores":[38,15],"sd":false,"state":3,"tick":17566,"zone":"A"},"max_err":2.279,"mean_err":0.0243,"ms":299961,"out_bytes":875499,"pending":9,"pos":[-39.02,1.77],"reconciles":5943,"server_tick":17866,"snaps":5953,"teleports":8}
[client] {"a":8,"dup":false,"ev":"game","ms":300198,"predicted":false,"t":1,"tick":17875,"type":"hit"}
[client] {"a":1,"dup":false,"ev":"game","ms":300198,"predicted":false,"t":-1,"tick":17875,"type":"ko"}
[client] {"a":2,"dup":false,"ev":"game","ms":300583,"predicted":false,"t":8,"tick":17898,"type":"hit"}
[client] {"a":5,"dup":true,"ev":"game","ms":300847,"predicted":false,"t":0,"tick":17919,"type":"hit"}
[client] {"a":7,"dup":false,"ev":"game","ms":301198,"predicted":false,"t":0,"tick":17935,"type":"hit"}
[client] {"a":0,"dup":false,"ev":"game","ms":301198,"predicted":false,"t":-1,"tick":17935,"type":"ko"}
[client] {"a":3,"dup":false,"ev":"game","ms":301681,"predicted":false,"t":8,"tick":17964,"type":"hit"}
[client] {"a":4,"dup":false,"ev":"game","ms":301881,"predicted":false,"t":5,"tick":17976,"type":"hit"}
[client] {"a":3,"dup":false,"ev":"game","ms":301998,"predicted":false,"t":8,"tick":17983,"type":"hit"}
[client] {"a":5,"dup":true,"ev":"game","ms":302163,"predicted":false,"t":4,"tick":17999,"type":"hit"}
[client] {"a":7,"dup":false,"ev":"game","ms":302219,"predicted":false,"t":4,"tick":17996,"type":"hit"}
[client] {"a":8,"dup":false,"ev":"game","ms":302364,"predicted":false,"t":3,"tick":18005,"type":"hit"}
[client] {"a":5,"dup":false,"ev":"game","ms":302598,"predicted":false,"t":4,"tick":18025,"type":"hit"}
[client] {"a":8,"dup":false,"ev":"game","ms":302681,"predicted":false,"t":3,"tick":18025,"type":"hit"}
[client] {"a":7,"dup":false,"ev":"game","ms":302798,"predicted":false,"t":4,"tick":18032,"type":"hit"}
[client] {"a":7,"dup":false,"ev":"game","ms":302833,"predicted":false,"t":3,"tick":18034,"type":"hit"}
[client] {"a":7,"dup":false,"ev":"game","ms":303219,"predicted":false,"t":4,"tick":18057,"type":"hit"}
[client] {"a":8,"dup":false,"ev":"game","ms":303281,"predicted":false,"t":3,"tick":18061,"type":"hit"}
[client] {"a":8,"dup":false,"ev":"game","ms":303516,"predicted":false,"t":4,"tick":18075,"type":"hit"}
[client] {"a":8,"dup":false,"ev":"game","ms":303551,"predicted":false,"t":3,"tick":18077,"type":"hit"}
[client] {"a":6,"dup":false,"ev":"game","ms":304020,"predicted":false,"t":2,"tick":18105,"type":"hit"}
[client] {"a":8,"dup":false,"ev":"game","ms":304303,"predicted":false,"t":4,"tick":18122,"type":"hit"}
[client] {"a":2,"dup":false,"ev":"game","ms":304586,"predicted":false,"t":8,"tick":18139,"type":"hit"}
[client] {"counts":{"blocks_on_me":0,"conf_actions":179,"confirmed_hits":873,"dup_confirmed":0,"hits_on_me":85,"pred_actions":200,"predicted_confirmed":83,"predicted_hits":193,"reconnects":0},"ev":"stats","hp":202.0,"in_bytes":4093614,"late":0,"local_entity":5,"match":{"countdown_until":300,"ctrl":-1,"final":false,"next":"C","phase":3,"rot":134,"scores":[38,15],"sd":false,"state":3,"tick":17866,"zone":"A"},"max_err":2.279,"mean_err":0.0247,"ms":304964,"out_bytes":890199,"pending":9,"pos":[-42.7,-1.37],"reconciles":6043,"server_tick":18166,"snaps":6053,"teleports":8}
[client] {"a":8,"dup":false,"ev":"game","ms":305021,"predicted":false,"t":2,"tick":18165,"type":"hit"}
[client] {"a":4,"dup":false,"ev":"game","ms":305420,"predicted":false,"t":6,"tick":18189,"type":"block"}
[client] {"a":4,"dup":false,"ev":"game","ms":306103,"predicted":false,"t":6,"tick":18230,"type":"block"}
[client] {"a":2,"dup":false,"ev":"game","ms":306117,"predicted":false,"t":6,"tick":18231,"type":"block"}
[client] {"a":3,"dup":false,"ev":"game","ms":306200,"predicted":false,"t":6,"tick":18236,"type":"block"}
[client] {"a":2,"dup":false,"ev":"game","ms":306435,"predicted":false,"t":6,"tick":18250,"type":"block"}
[client] {"a":5,"dup":true,"ev":"game","ms":306517,"predicted":false,"t":4,"tick":18260,"type":"hit"}
[client] {"a":2,"dup":false,"ev":"game","ms":306704,"predicted":false,"t":6,"tick":18266,"type":"hit"}
[client] {"a":7,"dup":false,"ev":"game","ms":306768,"predicted":false,"t":3,"tick":18270,"type":"hit"}
[client] {"a":4,"dup":false,"ev":"game","ms":307249,"predicted":false,"t":6,"tick":18299,"type":"hit"}
[client] {"a":-1,"dup":false,"ev":"game","ms":307249,"predicted":false,"t":-1,"tick":18299,"type":"zone_rotated"}
[client] {"a":5,"dup":true,"ev":"game","ms":307484,"predicted":false,"t":4,"tick":18318,"type":"hit"}
[client] {"a":6,"dup":false,"ev":"game","ms":307622,"predicted":false,"t":4,"tick":18321,"type":"hit"}
[client] {"a":2,"dup":false,"ev":"game","ms":307670,"predicted":false,"t":5,"tick":18324,"type":"hit"}
[client] {"a":7,"dup":false,"ev":"game","ms":307684,"predicted":false,"t":4,"tick":18325,"type":"hit"}
[client] {"a":6,"dup":false,"ev":"game","ms":307987,"predicted":false,"t":3,"tick":18343,"type":"hit"}
[client] {"a":3,"dup":false,"ev":"game","ms":307987,"predicted":false,"t":-1,"tick":18343,"type":"ko"}
[client] {"a":9,"dup":false,"ev":"game","ms":308049,"predicted":false,"t":4,"tick":18347,"type":"hit"}
[client] {"a":2,"dup":false,"ev":"game","ms":308684,"predicted":false,"t":6,"tick":18385,"type":"hit"}
[client] {"a":7,"dup":false,"ev":"game","ms":308870,"predicted":false,"t":2,"tick":18396,"type":"hit"}
[client] {"a":9,"dup":false,"ev":"game","ms":309285,"predicted":false,"t":4,"tick":18421,"type":"hit"}
[client] {"a":4,"dup":false,"ev":"game","ms":309285,"predicted":false,"t":-1,"tick":18421,"type":"ko"}
[client] {"a":2,"dup":false,"ev":"game","ms":309719,"predicted":false,"t":8,"tick":18447,"type":"hit"}
[client] {"counts":{"blocks_on_me":0,"conf_actions":186,"confirmed_hits":888,"dup_confirmed":0,"hits_on_me":86,"pred_actions":207,"predicted_confirmed":85,"predicted_hits":196,"reconnects":0},"ev":"stats","hp":172.0,"in_bytes":4159855,"late":0,"local_entity":5,"match":{"countdown_until":300,"ctrl":-1,"final":false,"next":"","phase":3,"rot":3434,"scores":[38,15],"sd":false,"state":1,"tick":18166,"zone":"C"},"max_err":2.279,"mean_err":0.0248,"ms":309967,"out_bytes":904899,"pending":9,"pos":[-37.44,3.06],"reconciles":6143,"server_tick":18466,"snaps":6153,"teleports":8}
[client] {"a":6,"dup":false,"ev":"game","ms":310037,"predicted":false,"t":2,"tick":18466,"type":"hit"}
[client] {"a":1,"dup":false,"ev":"game","ms":310189,"predicted":false,"t":-1,"tick":18475,"type":"respawn"}
[client] {"a":6,"dup":false,"ev":"game","ms":310416,"predicted":false,"t":2,"tick":18489,"type":"hit"}
[client] {"a":6,"dup":false,"ev":"game","ms":310933,"predicted":false,"t":2,"tick":18519,"type":"hit"}
[client] {"a":0,"dup":false,"ev":"game","ms":311196,"predicted":false,"t":-1,"tick":18535,"type":"respawn"}
[client] {"a":2,"dup":false,"ev":"game","ms":311349,"predicted":false,"t":6,"tick":18544,"type":"hit"}
[client] {"a":2,"dup":false,"ev":"game","ms":312100,"predicted":false,"t":6,"tick":18589,"type":"hit"}
[client] {"counts":{"blocks_on_me":0,"conf_actions":186,"confirmed_hits":893,"dup_confirmed":0,"hits_on_me":86,"pred_actions":207,"predicted_confirmed":85,"predicted_hits":196,"reconnects":0},"ev":"stats","hp":172.0,"in_bytes":4213171,"late":0,"local_entity":5,"match":{"countdown_until":300,"ctrl":-1,"final":false,"next":"","phase":3,"rot":3134,"scores":[38,15],"sd":false,"state":1,"tick":18466,"zone":"C"},"max_err":2.279,"mean_err":0.0244,"ms":314962,"out_bytes":919599,"pending":9,"pos":[-2.31,3.14],"reconciles":6243,"server_tick":18766,"snaps":6253,"teleports":8}
[client] {"a":3,"dup":false,"ev":"game","ms":317985,"predicted":false,"t":-1,"tick":18943,"type":"respawn"}
[client] {"a":4,"dup":false,"ev":"game","ms":319282,"predicted":false,"t":-1,"tick":19021,"type":"respawn"}
[client] {"a":2,"dup":false,"ev":"game","ms":319386,"predicted":false,"t":6,"tick":19027,"type":"hit"}
[client] {"counts":{"blocks_on_me":0,"conf_actions":186,"confirmed_hits":894,"dup_confirmed":0,"hits_on_me":86,"pred_actions":207,"predicted_confirmed":85,"predicted_hits":196,"reconnects":0},"ev":"stats","hp":220.0,"in_bytes":4269395,"late":0,"local_entity":5,"match":{"countdown_until":300,"ctrl":0,"final":false,"next":"","phase":3,"rot":2834,"scores":[39,15],"sd":false,"state":2,"tick":18766,"zone":"C"},"max_err":2.279,"mean_err":0.0244,"ms":319972,"out_bytes":934299,"pending":9,"pos":[31.84,-3.63],"reconciles":6343,"server_tick":19066,"snaps":6353,"teleports":8}
[client] {"a":5,"dup":true,"ev":"game","ms":321718,"predicted":false,"t":1,"tick":19172,"type":"hit"}
[client] {"a":7,"dup":false,"ev":"game","ms":321870,"predicted":false,"t":0,"tick":19176,"type":"hit"}
[client] {"a":9,"dup":false,"ev":"game","ms":321973,"predicted":false,"t":0,"tick":19182,"type":"hit"}
[client] {"a":5,"dup":true,"ev":"game","ms":322505,"predicted":false,"t":1,"tick":19219,"type":"hit"}
[client] {"a":0,"dup":false,"ev":"game","ms":322884,"predicted":false,"t":5,"tick":19237,"type":"hit"}
[client] {"a":0,"dup":false,"ev":"game","ms":322953,"predicted":false,"t":9,"tick":19241,"type":"hit"}
[client] {"a":8,"dup":false,"ev":"game","ms":323174,"predicted":false,"t":0,"tick":19254,"type":"hit"}
[client] {"a":1,"dup":false,"ev":"game","ms":323402,"predicted":false,"t":7,"tick":19268,"type":"hit"}
[client] {"a":1,"dup":false,"ev":"game","ms":323402,"predicted":false,"t":8,"tick":19268,"type":"hit"}
[client] {"a":0,"dup":false,"ev":"game","ms":323802,"predicted":false,"t":5,"tick":19292,"type":"hit"}
[client] {"a":1,"dup":false,"ev":"game","ms":323989,"predicted":false,"t":5,"tick":19303,"type":"hit"}
[client] {"a":9,"dup":false,"ev":"game","ms":324023,"predicted":false,"t":1,"tick":19305,"type":"hit"}
[client] {"a":5,"dup":true,"ev":"game","ms":324306,"predicted":false,"t":0,"tick":19327,"type":"hit"}
[client] {"a":7,"dup":false,"ev":"game","ms":324519,"predicted":false,"t":0,"tick":19335,"type":"hit"}
[client] {"a":5,"dup":true,"ev":"game","ms":324906,"predicted":false,"t":1,"tick":19363,"type":"hit"}
[client] {"counts":{"blocks_on_me":0,"conf_actions":192,"confirmed_hits":909,"dup_confirmed":0,"hits_on_me":89,"pred_actions":215,"predicted_confirmed":89,"predicted_hits":201,"reconnects":0},"ev":"stats","hp":146.0,"in_bytes":4340150,"late":0,"local_entity":5,"match":{"countdown_until":300,"ctrl":-1,"final":false,"next":"","phase":3,"rot":2534,"scores":[39,15],"sd":false,"state":3,"tick":19066,"zone":"C"},"max_err":2.279,"mean_err":0.025,"ms":324974,"out_bytes":948999,"pending":9,"pos":[42.37,-0.48],"reconciles":6443,"server_tick":19366,"snaps":6453,"teleports":8}
[client] {"a":9,"dup":false,"ev":"game","ms":324975,"predicted":false,"t":1,"tick":19362,"type":"hit"}
[client] {"a":5,"dup":true,"ev":"game","ms":325472,"predicted":false,"t":0,"tick":19397,"type":"hit"}
[client] {"a":0,"dup":false,"ev":"game","ms":326231,"predicted":false,"t":9,"tick":19438,"type":"hit"}
[client] {"a":8,"dup":false,"ev":"game","ms":326251,"predicted":false,"t":1,"tick":19439,"type":"hit"}
[client] {"a":8,"dup":false,"ev":"game","ms":326266,"predicted":false,"t":0,"tick":19440,"type":"hit"}
[client] {"a":2,"dup":false,"ev":"game","ms":327018,"predicted":false,"t":9,"tick":19485,"type":"hit"}
[client] {"a":8,"dup":false,"ev":"game","ms":327218,"predicted":false,"t":1,"tick":19497,"type":"hit"}
[client] {"a":8,"dup":false,"ev":"game","ms":327266,"predicted":false,"t":0,"tick":19500,"type":"hit"}
[client] {"a":2,"dup":false,"ev":"game","ms":327694,"predicted":false,"t":5,"tick":19525,"type":"hit"}
[client] {"a":2,"dup":false,"ev":"game","ms":327694,"predicted":false,"t":9,"tick":19525,"type":"hit"}
[client] {"a":1,"dup":false,"ev":"game","ms":327818,"predicted":false,"t":9,"tick":19533,"type":"hit"}
[client] {"a":8,"dup":false,"ev":"game","ms":327900,"predicted":false,"t":0,"tick":19538,"type":"hit"}
[client] {"a":0,"dup":false,"ev":"game","ms":327901,"predicted":false,"t":-1,"tick":19538,"type":"ko"}
[client] {"a":9,"dup":false,"ev":"game","ms":328252,"predicted":false,"t":2,"tick":19559,"type":"hit"}
[client] {"a":1,"dup":false,"ev":"game","ms":328266,"predicted":false,"t":9,"tick":19560,"type":"hit"}
[client] {"a":7,"dup":false,"ev":"game","ms":328315,"predicted":false,"t":1,"tick":19563,"type":"hit"}
[client] {"a":5,"dup":true,"ev":"game","ms":328618,"predicted":false,"t":1,"tick":19585,"type":"hit"}
[client] {"a":5,"dup":true,"ev":"game","ms":328818,"predicted":false,"t":1,"tick":19598,"type":"hit"}
[client] {"a":2,"dup":false,"ev":"game","ms":328853,"predicted":false,"t":6,"tick":19595,"type":"block"}
[client] {"a":9,"dup":false,"ev":"game","ms":328853,"predicted":false,"t":2,"tick":19595,"type":"hit"}
[client] {"a":1,"dup":false,"ev":"game","ms":328901,"predicted":false,"t":-1,"tick":19598,"type":"ko"}
[client] {"a":3,"dup":false,"ev":"game","ms":329170,"predicted":false,"t":6,"tick":19614,"type":"hit"}
[client] {"a":2,"dup":false,"ev":"game","ms":329219,"predicted":false,"t":6,"tick":19617,"type":"hit"}
[client] {"a":9,"dup":false,"ev":"game","ms":329301,"predicted":false,"t":2,"tick":19622,"type":"hit"}
[client] {"a":2,"dup":false,"ev":"game","ms":329301,"predicted":false,"t":-1,"tick":19622,"type":"ko"}
[client] {"a":3,"dup":false,"ev":"game","ms":329585,"predicted":false,"t":6,"tick":19639,"type":"hit"}
[client] {"counts":{"blocks_on_me":0,"conf_actions":197,"confirmed_hits":931,"dup_confirmed":0,"hits_on_me":90,"pred_actions":221,"predicted_confirmed":92,"predicted_hits":206,"reconnects":0},"ev":"stats","hp":108.0,"in_bytes":4412547,"late":0,"local_entity":5,"match":{"countdown_until":300,"ctrl":-1,"final":false,"next":"","phase":3,"rot":2234,"scores":[39,15],"sd":false,"state":3,"tick":19366,"zone":"C"},"max_err":2.279,"mean_err":0.0251,"ms":329970,"out_bytes":963699,"pending":9,"pos":[42.45,-0.38],"reconciles":6543,"server_tick":19666,"snaps":6553,"teleports":8}
[client] {"a":6,"dup":false,"ev":"game","ms":329985,"predicted":false,"t":3,"tick":19663,"type":"hit"}
[client] {"a":6,"dup":false,"ev":"game","ms":330371,"predicted":false,"t":3,"tick":19686,"type":"hit"}
[client] {"a":3,"dup":false,"ev":"game","ms":330688,"predicted":false,"t":6,"tick":19705,"type":"hit"}
[client] {"a":4,"dup":false,"ev":"game","ms":332455,"predicted":false,"t":6,"tick":19811,"type":"hit"}
[client] {"a":3,"dup":false,"ev":"game","ms":332483,"predicted":false,"t":6,"tick":19813,"type":"hit"}
[client] {"a":4,"dup":false,"ev":"game","ms":332504,"predicted":false,"t":9,"tick":19814,"type":"hit"}
[client] {"a":7,"dup":false,"ev":"game","ms":332683,"predicted":false,"t":3,"tick":19825,"type":"hit"}
[client] {"a":6,"dup":false,"ev":"game","ms":332883,"predicted":false,"t":4,"tick":19837,"type":"hit"}
[client] {"a":7,"dup":false,"ev":"game","ms":333000,"predicted":false,"t":3,"tick":19844,"type":"hit"}
[client] {"a":4,"dup":false,"ev":"game","ms":333283,"predicted":false,"t":6,"tick":19861,"type":"hit"}
[client] {"a":4,"dup":false,"ev":"game","ms":333283,"predicted":false,"t":7,"tick":19861,"type":"hit"}
[client] {"a":5,"dup":true,"ev":"game","ms":333573,"predicted":false,"t":4,"tick":19883,"type":"hit"}
[client] {"a":3,"dup":false,"ev":"game","ms":333621,"predicted":false,"t":7,"tick":19881,"type":"hit"}
[client] {"a":9,"dup":false,"ev":"game","ms":333669,"predicted":false,"t":4,"tick":19884,"type":"hit"}
[client] {"a":3,"dup":false,"ev":"game","ms":333683,"predicted":false,"t":5,"tick":19885,"type":"hit"}
[client] {"a":6,"dup":false,"ev":"game","ms":333835,"predicted":false,"t":3,"tick":19894,"type":"hit"}
[client] {"a":8,"dup":false,"ev":"game","ms":334084,"predicted":false,"t":4,"tick":19909,"type":"hit"}
[client] {"a":3,"dup":false,"ev":"game","ms":334166,"predicted":false,"t":6,"tick":19914,"type":"hit"}
[client] {"a":6,"dup":false,"ev":"game","ms":334166,"predicted":false,"t":-1,"tick":19914,"type":"ko"}
[client] {"a":4,"dup":false,"ev":"game","ms":334470,"predicted":false,"t":8,"tick":19932,"type":"hit"}
[client] {"a":9,"dup":false,"ev":"game","ms":334601,"predicted":false,"t":3,"tick":19940,"type":"parry"}
[client] {"a":7,"dup":false,"ev":"game","ms":334753,"predicted":false,"t":3,"tick":19949,"type":"hit"}
[client] {"a":8,"dup":false,"ev":"game","ms":334905,"predicted":false,"t":4,"tick":19958,"type":"hit"}
[client] {"counts":{"blocks_on_me":0,"conf_actions":201,"confirmed_hits":952,"dup_confirmed":0,"hits_on_me":91,"pred_actions":226,"predicted_confirmed":93,"predicted_hits":208,"reconnects":0},"ev":"stats","hp":70.0,"in_bytes":4478485,"late":0,"local_entity":5,"match":{"countdown_until":300,"ctrl":-1,"final":false,"next":"","phase":3,"rot":1934,"scores":[39,15],"sd":false,"state":3,"tick":19666,"zone":"C"},"max_err":2.279,"mean_err":0.0255,"ms":334966,"out_bytes":978399,"pending":9,"pos":[41.75,-0.32],"reconciles":6643,"server_tick":19966,"snaps":6653,"teleports":8}
[client] {"a":3,"dup":false,"ev":"game","ms":335119,"predicted":false,"t":7,"tick":19971,"type":"hit"}
[client] {"a":8,"dup":false,"ev":"game","ms":335167,"predicted":false,"t":4,"tick":19974,"type":"hit"}
[client] {"a":3,"dup":false,"ev":"game","ms":335402,"predicted":false,"t":7,"tick":19988,"type":"hit"}
[client] {"a":9,"dup":false,"ev":"game","ms":335657,"predicted":false,"t":3,"tick":20003,"type":"hit"}
[client] {"a":8,"dup":false,"ev":"game","ms":335685,"predicted":false,"t":4,"tick":20005,"type":"hit"}
[client] {"a":8,"dup":false,"ev":"game","ms":336002,"predicted":false,"t":4,"tick":20024,"type":"hit"}
[client] {"a":8,"dup":false,"ev":"game","ms":336341,"predicted":false,"t":4,"tick":20044,"type":"hit"}
[client] {"a":3,"dup":false,"ev":"game","ms":336516,"predicted":false,"t":7,"tick":20054,"type":"hit"}
[client] {"a":9,"dup":false,"ev":"game","ms":336648,"predicted":false,"t":4,"tick":20063,"type":"hit"}
[client] {"a":5,"dup":true,"ev":"game","ms":337179,"predicted":false,"t":3,"tick":20099,"type":"hit"}
[client] {"a":4,"dup":false,"ev":"game","ms":337662,"predicted":false,"t":8,"tick":20123,"type":"hit"}
[client] {"a":0,"dup":false,"ev":"game","ms":337910,"predicted":false,"t":-1,"tick":20138,"type":"respawn"}
[client] {"a":8,"dup":false,"ev":"game","ms":338062,"predicted":false,"t":4,"tick":20147,"type":"hit"}
[client] {"a":3,"dup":false,"ev":"game","ms":338110,"predicted":false,"t":5,"tick":20150,"type":"hit"}
[client] {"a":8,"dup":false,"ev":"game","ms":338448,"predicted":false,"t":4,"tick":20170,"type":"hit"}
[client] {"a":4,"dup":false,"ev":"game","ms":338849,"predicted":false,"t":8,"tick":20194,"type":"hit"}
[client] {"a":1,"dup":false,"ev":"game","ms":338910,"predicted":false,"t":-1,"tick":20198,"type":"respawn"}
[client] {"a":3,"dup":false,"ev":"game","ms":339276,"predicted":false,"t":5,"tick":20220,"type":"hit"}
[client] {"a":2,"dup":false,"ev":"game","ms":339311,"predicted":false,"t":-1,"tick":20222,"type":"respawn"}
[client] {"a":8,"dup":false,"ev":"game","ms":339566,"predicted":false,"t":4,"tick":20237,"type":"block"}
[client] {"counts":{"blocks_on_me":0,"conf_actions":206,"confirmed_hits":968,"dup_confirmed":0,"hits_on_me":93,"pred_actions":232,"predicted_confirmed":94,"predicted_hits":211,"reconnects":0},"ev":"stats","hp":38.0,"in_bytes":4541739,"late":0,"local_entity":5,"match":{"countdown_until":300,"ctrl":-1,"final":false,"next":"","phase":3,"rot":1634,"scores":[39,15],"sd":false,"state":3,"tick":19966,"zone":"C"},"max_err":2.279,"mean_err":0.0255,"ms":339966,"out_bytes":993099,"pending":9,"pos":[41.94,-0.53],"reconciles":6743,"server_tick":20266,"snaps":6753,"teleports":8}
[client] {"a":8,"dup":false,"ev":"game","ms":340180,"predicted":false,"t":4,"tick":20274,"type":"block"}
[client] {"a":8,"dup":false,"ev":"game","ms":340732,"predicted":false,"t":4,"tick":20307,"type":"hit"}
[client] {"a":8,"dup":false,"ev":"game","ms":341068,"predicted":false,"t":4,"tick":20327,"type":"hit"}
[client] {"a":4,"dup":false,"ev":"game","ms":341069,"predicted":false,"t":-1,"tick":20327,"type":"ko"}
[client] {"a":3,"dup":false,"ev":"game","ms":341313,"predicted":false,"t":5,"tick":20342,"type":"hit"}
[client] {"a":7,"dup":false,"ev":"game","ms":341431,"predicted":false,"t":3,"tick":20349,"type":"hit"}
[client] {"a":7,"dup":false,"ev":"game","ms":341913,"predicted":false,"t":3,"tick":20379,"type":"hit"}
[client] {"a":3,"dup":false,"ev":"game","ms":342265,"predicted":false,"t":7,"tick":20400,"type":"hit"}
[client] {"a":5,"dup":true,"ev":"game","ms":342301,"predicted":false,"t":3,"tick":20407,"type":"hit"}
[client] {"a":9,"dup":false,"ev":"game","ms":342481,"predicted":false,"t":3,"tick":20413,"type":"hit"}
[client] {"a":3,"dup":false,"ev":"game","ms":342481,"predicted":false,"t":-1,"tick":20413,"type":"ko"}
[client] {"a":6,"dup":false,"ev":"game","ms":344185,"predicted":false,"t":-1,"tick":20514,"type":"respawn"}
[client] {"counts":{"blocks_on_me":0,"conf_actions":209,"confirmed_hits":976,"dup_confirmed":0,"hits_on_me":94,"pred_actions":235,"predicted_confirmed":95,"predicted_hits":213,"reconnects":0},"ev":"stats","hp":20.0,"in_bytes":4601582,"late":0,"local_entity":5,"match":{"countdown_until":300,"ctrl":1,"final":false,"next":"","phase":3,"rot":1334,"scores":[39,17],"sd":false,"state":2,"tick":20266,"zone":"C"},"max_err":2.279,"mean_err":0.0255,"ms":344970,"out_bytes":1007799,"pending":3,"pos":[42.29,-0.52],"reconciles":6843,"server_tick":20566,"snaps":6853,"teleports":8}
[client] {"a":0,"dup":false,"ev":"game","ms":349001,"predicted":false,"t":9,"tick":20803,"type":"hit"}
[client] {"a":8,"dup":false,"ev":"game","ms":349284,"predicted":false,"t":0,"tick":20820,"type":"hit"}
[client] {"counts":{"blocks_on_me":0,"conf_actions":212,"confirmed_hits":978,"dup_confirmed":0,"hits_on_me":94,"pred_actions":238,"predicted_confirmed":95,"predicted_hits":213,"reconnects":0},"ev":"stats","hp":41.8999999999999,"in_bytes":4658754,"late":0,"local_entity":5,"match":{"countdown_until":300,"ctrl":-1,"final":false,"next":"","phase":3,"rot":1034,"scores":[39,20],"sd":false,"state":3,"tick":20566,"zone":"C"},"max_err":2.279,"mean_err":0.0251,"ms":349966,"out_bytes":1022499,"pending":3,"pos":[40.63,-2.46],"reconciles":6943,"server_tick":20866,"snaps":6953,"teleports":8}
[client] {"a":5,"dup":true,"ev":"game","ms":350049,"predicted":false,"t":2,"tick":20872,"type":"hit"}
[client] {"a":8,"dup":false,"ev":"game","ms":350146,"predicted":false,"t":2,"tick":20873,"type":"hit"}
[client] {"a":1,"dup":false,"ev":"game","ms":350298,"predicted":false,"t":8,"tick":20882,"type":"hit"}
[client] {"a":8,"dup":false,"ev":"game","ms":350298,"predicted":false,"t":-1,"tick":20882,"type":"ko"}
[client] {"a":2,"dup":false,"ev":"game","ms":350601,"predicted":false,"t":5,"tick":20900,"type":"hit"}
[client] {"a":0,"dup":false,"ev":"game","ms":350781,"predicted":false,"t":9,"tick":20911,"type":"hit"}
[client] {"a":2,"dup":false,"ev":"game","ms":350864,"predicted":false,"t":5,"tick":20916,"type":"hit"}
[client] {"a":4,"dup":false,"ev":"game","ms":351050,"predicted":false,"t":-1,"tick":20927,"type":"respawn"}
[client] {"a":0,"dup":false,"ev":"game","ms":351603,"predicted":false,"t":7,"tick":20960,"type":"hit"}
[client] {"a":1,"dup":false,"ev":"game","ms":351603,"predicted":false,"t":7,"tick":20960,"type":"hit"}
[client] {"a":9,"dup":false,"ev":"game","ms":351630,"predicted":false,"t":0,"tick":20962,"type":"hit"}
[client] {"a":9,"dup":false,"ev":"game","ms":351651,"predicted":false,"t":1,"tick":20963,"type":"hit"}
[client] {"a":5,"dup":false,"ev":"game","ms":351651,"predicted":false,"t":-1,"tick":20968,"type":"ko"}
[client] {"a":2,"dup":false,"ev":"game","ms":351733,"predicted":false,"t":5,"tick":20968,"type":"hit"}
[client] {"a":3,"dup":false,"ev":"game","ms":352485,"predicted":false,"t":-1,"tick":21013,"type":"respawn"}
[client] {"a":0,"dup":false,"ev":"game","ms":352734,"predicted":false,"t":9,"tick":21028,"type":"hit"}
[client] {"a":9,"dup":false,"ev":"game","ms":352734,"predicted":false,"t":-1,"tick":21028,"type":"ko"}
[client] {"a":7,"dup":false,"ev":"game","ms":353030,"predicted":false,"t":2,"tick":21046,"type":"hit"}
[client] {"a":2,"dup":false,"ev":"game","ms":353430,"predicted":false,"t":7,"tick":21070,"type":"hit"}
[client] {"a":7,"dup":false,"ev":"game","ms":353430,"predicted":false,"t":-1,"tick":21070,"type":"ko"}
[client] {"counts":{"blocks_on_me":0,"conf_actions":215,"confirmed_hits":992,"dup_confirmed":0,"hits_on_me":97,"pred_actions":241,"predicted_confirmed":96,"predicted_hits":215,"reconnects":0},"ev":"stats","hp":0.0,"in_bytes":4724592,"late":0,"local_entity":5,"match":{"countdown_until":300,"ctrl":-1,"final":false,"next":"B","phase":3,"rot":734,"scores":[39,20],"sd":false,"state":3,"tick":20866,"zone":"C"},"max_err":2.279,"mean_err":0.0248,"ms":354968,"out_bytes":1037199,"pending":3,"pos":[41.14,-2.83],"reconciles":7043,"server_tick":21166,"snaps":7053,"teleports":8}
[client] {"a":6,"dup":false,"ev":"game","ms":355638,"predicted":false,"t":1,"tick":21202,"type":"hit"}
[client] {"a":0,"dup":false,"ev":"game","ms":355866,"predicted":false,"t":6,"tick":21216,"type":"hit"}
[client] {"a":1,"dup":false,"ev":"game","ms":356039,"predicted":false,"t":6,"tick":21226,"type":"hit"}
[client] {"a":1,"dup":false,"ev":"game","ms":356349,"predicted":false,"t":6,"tick":21245,"type":"hit"}
[client] {"a":2,"dup":false,"ev":"game","ms":356370,"predicted":false,"t":6,"tick":21246,"type":"hit"}
[client] {"a":6,"dup":false,"ev":"game","ms":358067,"predicted":false,"t":1,"tick":21348,"type":"hit"}
[client] {"a":2,"dup":false,"ev":"game","ms":358488,"predicted":false,"t":6,"tick":21373,"type":"hit"}
[client] {"a":0,"dup":false,"ev":"game","ms":358902,"predicted":false,"t":6,"tick":21398,"type":"hit"}
[client] {"a":0,"dup":false,"ev":"game","ms":359220,"predicted":false,"t":6,"tick":21417,"type":"hit"}
[client] {"a":2,"dup":false,"ev":"game","ms":359408,"predicted":false,"t":6,"tick":21428,"type":"hit"}
[client] {"counts":{"blocks_on_me":0,"conf_actions":215,"confirmed_hits":1002,"dup_confirmed":0,"hits_on_me":97,"pred_actions":241,"predicted_confirmed":96,"predicted_hits":215,"reconnects":0},"ev":"stats","hp":0.0,"in_bytes":4786848,"late":0,"local_entity":5,"match":{"countdown_until":300,"ctrl":-1,"final":false,"next":"B","phase":3,"rot":434,"scores":[39,20],"sd":false,"state":3,"tick":21166,"zone":"C"},"max_err":2.279,"mean_err":0.0245,"ms":359971,"out_bytes":1051899,"pending":3,"pos":[41.14,-2.83],"reconciles":7143,"server_tick":21466,"snaps":7153,"teleports":8}
[client] {"a":8,"dup":false,"ev":"game","ms":360305,"predicted":false,"t":-1,"tick":21482,"type":"respawn"}
[client] {"a":1,"dup":false,"ev":"game","ms":361358,"predicted":false,"t":6,"tick":21545,"type":"hit"}
[client] {"a":5,"dup":false,"ev":"game","ms":361655,"predicted":false,"t":-1,"tick":21568,"type":"respawn"}
[client] {"a":1,"dup":false,"ev":"game","ms":361669,"predicted":false,"t":6,"tick":21564,"type":"hit"}
[client] {"a":6,"dup":false,"ev":"game","ms":362069,"predicted":false,"t":1,"tick":21588,"type":"hit"}
[client] {"a":1,"dup":false,"ev":"game","ms":362456,"predicted":false,"t":6,"tick":21611,"type":"hit"}
[client] {"a":9,"dup":false,"ev":"game","ms":362739,"predicted":false,"t":-1,"tick":21628,"type":"respawn"}
[client] {"a":1,"dup":false,"ev":"game","ms":362759,"predicted":false,"t":6,"tick":21629,"type":"hit"}
[client] {"a":1,"dup":false,"ev":"game","ms":363070,"predicted":false,"t":6,"tick":21648,"type":"hit"}
[client] {"a":7,"dup":false,"ev":"game","ms":363443,"predicted":false,"t":-1,"tick":21670,"type":"respawn"}
[client] {"a":6,"dup":false,"ev":"game","ms":363456,"predicted":false,"t":1,"tick":21671,"type":"hit"}
[client] {"a":6,"dup":false,"ev":"game","ms":364222,"predicted":false,"t":1,"tick":21717,"type":"hit"}
[client] {"a":4,"dup":false,"ev":"game","ms":364692,"predicted":false,"t":6,"tick":21745,"type":"hit"}
[client] {"a":6,"dup":false,"ev":"game","ms":364692,"predicted":false,"t":-1,"tick":21745,"type":"ko"}
[client] {"counts":{"blocks_on_me":0,"conf_actions":215,"confirmed_hits":1011,"dup_confirmed":0,"hits_on_me":97,"pred_actions":241,"predicted_confirmed":96,"predicted_hits":215,"reconnects":0},"ev":"stats","hp":220.0,"in_bytes":4855273,"late":0,"local_entity":5,"match":{"countdown_until":300,"ctrl":0,"final":false,"next":"B","phase":3,"rot":134,"scores":[39,20],"sd":false,"state":2,"tick":21466,"zone":"C"},"max_err":2.279,"mean_err":0.0241,"ms":364967,"out_bytes":1066599,"pending":3,"pos":[0.15,27.16],"reconciles":7242,"server_tick":21766,"snaps":7253,"teleports":9}
[client] {"a":-1,"dup":false,"ev":"game","ms":367265,"predicted":false,"t":-1,"tick":21899,"type":"zone_rotated"}
[client] {"counts":{"blocks_on_me":0,"conf_actions":215,"confirmed_hits":1011,"dup_confirmed":0,"hits_on_me":97,"pred_actions":241,"predicted_confirmed":96,"predicted_hits":215,"reconnects":0},"ev":"stats","hp":220.0,"in_bytes":4909626,"late":0,"local_entity":5,"match":{"countdown_until":300,"ctrl":1,"final":false,"next":"","phase":3,"rot":3434,"scores":[41,20],"sd":false,"state":2,"tick":21766,"zone":"B"},"max_err":2.279,"mean_err":0.0238,"ms":369969,"out_bytes":1081299,"pending":3,"pos":[5.77,4.19],"reconciles":7342,"server_tick":22066,"snaps":7353,"teleports":9}
[client] {"a":1,"dup":false,"ev":"game","ms":373453,"predicted":false,"t":5,"tick":22271,"type":"hit"}
[client] {"a":8,"dup":false,"ev":"game","ms":373558,"predicted":false,"t":1,"tick":22277,"type":"hit"}
[client] {"a":4,"dup":false,"ev":"game","ms":373771,"predicted":false,"t":5,"tick":22290,"type":"hit"}
[client] {"a":4,"dup":false,"ev":"game","ms":373771,"predicted":false,"t":8,"tick":22290,"type":"hit"}
[client] {"a":1,"dup":false,"ev":"game","ms":374089,"predicted":false,"t":5,"tick":22309,"type":"hit"}
[client] {"a":1,"dup":false,"ev":"game","ms":374123,"predicted":false,"t":8,"tick":22311,"type":"hit"}
[client] {"a":1,"dup":false,"ev":"game","ms":374405,"predicted":false,"t":5,"tick":22328,"type":"hit"}
[client] {"a":1,"dup":false,"ev":"game","ms":374441,"predicted":false,"t":8,"tick":22330,"type":"hit"}
[client] {"a":1,"dup":false,"ev":"game","ms":374454,"predicted":false,"t":7,"tick":22331,"type":"hit"}
[client] {"a":4,"dup":false,"ev":"game","ms":374474,"predicted":false,"t":5,"tick":22332,"type":"hit"}
[client] {"a":4,"dup":false,"ev":"game","ms":374475,"predicted":false,"t":8,"tick":22332,"type":"hit"}
[client] {"a":4,"dup":false,"ev":"game","ms":374510,"predicted":false,"t":7,"tick":22334,"type":"hit"}
[client] {"a":4,"dup":false,"ev":"game","ms":374510,"predicted":false,"t":9,"tick":22334,"type":"hit"}
[client] {"a":6,"dup":false,"ev":"game","ms":374689,"predicted":false,"t":-1,"tick":22345,"type":"respawn"}
[client] {"a":2,"dup":false,"ev":"game","ms":374938,"predicted":false,"t":9,"tick":22360,"type":"hit"}
[client] {"counts":{"blocks_on_me":0,"conf_actions":220,"confirmed_hits":1025,"dup_confirmed":0,"hits_on_me":102,"pred_actions":246,"predicted_confirmed":96,"predicted_hits":216,"reconnects":0},"ev":"stats","hp":110.0,"in_bytes":4979875,"late":0,"local_entity":5,"match":{"countdown_until":300,"ctrl":-1,"final":false,"next":"","phase":3,"rot":3134,"scores":[41,22],"sd":false,"state":3,"tick":22066,"zone":"B"},"max_err":2.279,"mean_err":0.024,"ms":374971,"out_bytes":1095999,"pending":5,"pos":[-1.69,-2.87],"reconciles":7442,"server_tick":22366,"snaps":7453,"teleports":9}
[client] {"a":2,"dup":false,"ev":"game","ms":375255,"predicted":false,"t":9,"tick":22379,"type":"hit"}
[client] {"a":5,"dup":true,"ev":"game","ms":375337,"predicted":false,"t":3,"tick":22389,"type":"hit"}
[client] {"a":8,"dup":false,"ev":"game","ms":375476,"predicted":false,"t":2,"tick":22392,"type":"hit"}
[client] {"a":8,"dup":false,"ev":"game","ms":375807,"predicted":false,"t":2,"tick":22412,"type":"hit"}
[client] {"a":7,"dup":false,"ev":"game","ms":375841,"predicted":false,"t":2,"tick":22414,"type":"hit"}
[client] {"a":2,"dup":false,"ev":"game","ms":376786,"predicted":false,"t":8,"tick":22470,"type":"hit"}
[client] {"a":2,"dup":false,"ev":"game","ms":377131,"predicted":false,"t":8,"tick":22491,"type":"hit"}
[client] {"a":2,"dup":false,"ev":"game","ms":377187,"predicted":false,"t":9,"tick":22494,"type":"hit"}
[client] {"a":3,"dup":false,"ev":"game","ms":377249,"predicted":false,"t":5,"tick":22498,"type":"hit"}
[client] {"a":7,"dup":false,"ev":"game","ms":377331,"predicted":false,"t":1,"tick":22503,"type":"hit"}
[client] {"a":0,"dup":false,"ev":"game","ms":377352,"predicted":false,"t":5,"tick":22504,"type":"hit"}
[client] {"a":7,"dup":false,"ev":"game","ms":377401,"predicted":false,"t":3,"tick":22507,"type":"hit"}
[client] {"a":4,"dup":false,"ev":"game","ms":377470,"predicted":false,"t":5,"tick":22511,"type":"hit"}
[client] {"a":2,"dup":false,"ev":"game","ms":377587,"predicted":false,"t":8,"tick":22518,"type":"hit"}
[client] {"a":2,"dup":false,"ev":"game","ms":377615,"predicted":false,"t":9,"tick":22520,"type":"hit"}
[client] {"a":5,"dup":true,"ev":"game","ms":377787,"predicted":false,"t":0,"tick":22535,"type":"hit"}
[client] {"a":4,"dup":false,"ev":"game","ms":377801,"predicted":false,"t":7,"tick":22531,"type":"hit"}
[client] {"a":2,"dup":false,"ev":"game","ms":377966,"predicted":false,"t":8,"tick":22541,"type":"block"}
[client] {"a":5,"dup":true,"ev":"game","ms":378104,"predicted":false,"t":4,"tick":22554,"type":"hit"}
[client] {"a":2,"dup":false,"ev":"game","ms":378201,"predicted":false,"t":8,"tick":22555,"type":"hit"}
[client] {"a":0,"dup":false,"ev":"game","ms":378236,"predicted":false,"t":5,"tick":22557,"type":"hit"}
[client] {"a":2,"dup":false,"ev":"game","ms":378236,"predicted":false,"t":9,"tick":22557,"type":"hit"}
[client] {"a":7,"dup":false,"ev":"game","ms":378566,"predicted":false,"t":4,"tick":22577,"type":"hit"}
[client] {"a":2,"dup":false,"ev":"game","ms":378753,"predicted":false,"t":8,"tick":22588,"type":"hit"}
[client] {"a":2,"dup":false,"ev":"game","ms":379118,"predicted":false,"t":8,"tick":22611,"type":"hit"}
[client] {"a":5,"dup":true,"ev":"game","ms":379188,"predicted":false,"t":1,"tick":22620,"type":"hit"}
[client] {"a":5,"dup":true,"ev":"game","ms":379519,"predicted":false,"t":1,"tick":22640,"type":"hit"}
[client] {"a":8,"dup":false,"ev":"game","ms":379533,"predicted":false,"t":2,"tick":22636,"type":"hit"}
[client] {"a":5,"dup":false,"ev":"game","ms":379850,"predicted":false,"t":-1,"tick":22660,"type":"ko"}
[client] {"a":4,"dup":false,"ev":"game","ms":379920,"predicted":false,"t":5,"tick":22659,"type":"hit"}
[client] {"a":3,"dup":false,"ev":"game","ms":379933,"predicted":false,"t":5,"tick":22660,"type":"hit"}
[client] {"counts":{"blocks_on_me":0,"conf_actions":230,"confirmed_hits":1054,"dup_confirmed":0,"hits_on_me":108,"pred_actions":258,"predicted_confirmed":101,"predicted_hits":233,"reconnects":0},"ev":"stats","hp":0.0,"in_bytes":5060946,"late":0,"local_entity":5,"match":{"countdown_until":300,"ctrl":-1,"final":false,"next":"","phase":3,"rot":2834,"scores":[41,22],"sd":false,"state":3,"tick":22366,"zone":"B"},"max_err":2.279,"mean_err":0.0241,"ms":379967,"out_bytes":1110699,"pending":5,"pos":[-1.22,-2.44],"reconciles":7542,"server_tick":22666,"snaps":7553,"teleports":9}
[client] {"a":9,"dup":false,"ev":"game","ms":380002,"predicted":false,"t":1,"tick":22664,"type":"hit"}
[client] {"a":1,"dup":false,"ev":"game","ms":380002,"predicted":false,"t":-1,"tick":22664,"type":"ko"}
[client] {"a":9,"dup":false,"ev":"game","ms":380050,"predicted":false,"t":4,"tick":22667,"type":"hit"}
[client] {"a":3,"dup":false,"ev":"game","ms":380567,"predicted":false,"t":9,"tick":22698,"type":"hit"}
[client] {"a":8,"dup":false,"ev":"game","ms":380602,"predicted":false,"t":0,"tick":22700,"type":"hit"}
[client] {"a":9,"dup":false,"ev":"game","ms":380919,"predicted":false,"t":0,"tick":22719,"type":"hit"}
[client] {"a":8,"dup":false,"ev":"game","ms":380954,"predicted":false,"t":0,"tick":22721,"type":"hit"}
[client] {"a":2,"dup":false,"ev":"game","ms":381071,"predicted":false,"t":8,"tick":22728,"type":"hit"}
[client] {"a":8,"dup":false,"ev":"game","ms":381071,"predicted":false,"t":-1,"tick":22728,"type":"ko"}
[client] {"a":3,"dup":false,"ev":"game","ms":381106,"predicted":false,"t":9,"tick":22730,"type":"hit"}
[client] {"a":0,"dup":false,"ev":"game","ms":381333,"predicted":false,"t":9,"tick":22744,"type":"hit"}
[client] {"a":3,"dup":false,"ev":"game","ms":381423,"predicted":false,"t":9,"tick":22749,"type":"hit"}
[client] {"a":7,"dup":false,"ev":"game","ms":381871,"predicted":false,"t":3,"tick":22776,"type":"hit"}
[client] {"a":7,"dup":false,"ev":"game","ms":381920,"predicted":false,"t":4,"tick":22779,"type":"hit"}
[client] {"a":2,"dup":false,"ev":"game","ms":382134,"predicted":false,"t":9,"tick":22792,"type":"hit"}
[client] {"a":3,"dup":false,"ev":"game","ms":382189,"predicted":false,"t":7,"tick":22795,"type":"hit"}
[client] {"a":0,"dup":false,"ev":"game","ms":382368,"predicted":false,"t":7,"tick":22806,"type":"hit"}
[client] {"a":0,"dup":false,"ev":"game","ms":382389,"predicted":false,"t":9,"tick":22807,"type":"hit"}
[client] {"a":2,"dup":false,"ev":"game","ms":382472,"predicted":false,"t":7,"tick":22812,"type":"hit"}
[client] {"a":0,"dup":false,"ev":"game","ms":382969,"predicted":false,"t":6,"tick":22842,"type":"hit"}
[client] {"a":9,"dup":false,"ev":"game","ms":383203,"predicted":false,"t":0,"tick":22856,"type":"hit"}
[client] {"a":6,"dup":false,"ev":"game","ms":383624,"predicted":false,"t":0,"tick":22881,"type":"hit"}
[client] {"a":2,"dup":false,"ev":"game","ms":383652,"predicted":false,"t":6,"tick":22883,"type":"hit"}
[client] {"a":7,"dup":false,"ev":"game","ms":383707,"predicted":false,"t":3,"tick":22886,"type":"hit"}
[client] {"a":3,"dup":false,"ev":"game","ms":384024,"predicted":false,"t":6,"tick":22905,"type":"hit"}
[client] {"a":7,"dup":false,"ev":"game","ms":384238,"predicted":false,"t":3,"tick":22918,"type":"hit"}
[client] {"a":2,"dup":false,"ev":"game","ms":384287,"predicted":false,"t":6,"tick":22921,"type":"hit"}
[client] {"a":7,"dup":false,"ev":"game","ms":384287,"predicted":false,"t":4,"tick":22921,"type":"hit"}
[client] {"a":9,"dup":false,"ev":"game","ms":384673,"predicted":false,"t":3,"tick":22944,"type":"hit"}
[client] {"a":4,"dup":false,"ev":"game","ms":384707,"predicted":false,"t":7,"tick":22946,"type":"hit"}
[client] {"a":6,"dup":false,"ev":"game","ms":384935,"predicted":false,"t":4,"tick":22960,"type":"hit"}
[client] {"counts":{"blocks_on_me":0,"conf_actions":230,"confirmed_hits":1083,"dup_confirmed":0,"hits_on_me":108,"pred_actions":258,"predicted_confirmed":101,"predicted_hits":233,"reconnects":0},"ev":"stats","hp":0.0,"in_bytes":5133564,"late":0,"local_entity":5,"match":{"countdown_until":300,"ctrl":-1,"final":false,"next":"","phase":3,"rot":2534,"scores":[41,22],"sd":false,"state":3,"tick":22666,"zone":"B"},"max_err":2.279,"mean_err":0.0238,"ms":384969,"out_bytes":1125399,"pending":5,"pos":[-1.22,-2.44],"reconciles":7642,"server_tick":22966,"snaps":7653,"teleports":9}
[client] {"a":0,"dup":false,"ev":"game","ms":385025,"predicted":false,"t":6,"tick":22965,"type":"hit"}
[client] {"a":2,"dup":false,"ev":"game","ms":385038,"predicted":false,"t":6,"tick":22966,"type":"hit"}
[client] {"a":3,"dup":false,"ev":"game","ms":385039,"predicted":false,"t":6,"tick":22966,"type":"hit"}
[client] {"a":2,"dup":false,"ev":"game","ms":385073,"predicted":false,"t":9,"tick":22968,"type":"hit"}
[client] {"a":9,"dup":false,"ev":"game","ms":385073,"predicted":false,"t":-1,"tick":22968,"type":"ko"}
[client] {"a":2,"dup":false,"ev":"game","ms":385107,"predicted":false,"t":7,"tick":22970,"type":"hit"}
[client] {"a":4,"dup":false,"ev":"game","ms":385356,"predicted":false,"t":6,"tick":22985,"type":"block"}
[client] {"a":2,"dup":false,"ev":"game","ms":385653,"predicted":false,"t":6,"tick":23003,"type":"block"}
[client] {"a":3,"dup":false,"ev":"game","ms":385653,"predicted":false,"t":6,"tick":23003,"type":"block"}
[client] {"a":0,"dup":false,"ev":"game","ms":385908,"predicted":false,"t":6,"tick":23018,"type":"block"}
[client] {"a":2,"dup":false,"ev":"game","ms":385991,"predicted":false,"t":6,"tick":23023,"type":"block"}
[client] {"a":2,"dup":false,"ev":"game","ms":386336,"predicted":false,"t":6,"tick":23044,"type":"hit"}
[client] {"a":3,"dup":false,"ev":"game","ms":386722,"predicted":false,"t":6,"tick":23067,"type":"hit"}
[client] {"a":0,"dup":false,"ev":"game","ms":386757,"predicted":false,"t":6,"tick":23069,"type":"hit"}
[client] {"a":2,"dup":false,"ev":"game","ms":386992,"predicted":false,"t":6,"tick":23083,"type":"hit"}
[client] {"a":7,"dup":false,"ev":"game","ms":387240,"predicted":false,"t":4,"tick":23098,"type":"block"}
[client] {"a":7,"dup":false,"ev":"game","ms":387253,"predicted":false,"t":0,"tick":23099,"type":"hit"}
[client] {"a":7,"dup":false,"ev":"game","ms":387309,"predicted":false,"t":3,"tick":23102,"type":"hit"}
[client] {"a":2,"dup":false,"ev":"game","ms":387371,"predicted":false,"t":7,"tick":23106,"type":"hit"}
[client] {"a":7,"dup":false,"ev":"game","ms":387371,"predicted":false,"t":-1,"tick":23106,"type":"ko"}
[client] {"a":6,"dup":false,"ev":"game","ms":387992,"predicted":false,"t":4,"tick":23143,"type":"block"}
[client] {"a":6,"dup":false,"ev":"game","ms":388443,"predicted":false,"t":4,"tick":23170,"type":"block"}
[client] {"a":6,"dup":false,"ev":"game","ms":389247,"predicted":false,"t":4,"tick":23219,"type":"hit"}
[client] {"a":5,"dup":false,"ev":"game","ms":389848,"predicted":false,"t":-1,"tick":23260,"type":"respawn"}
[client] {"counts":{"blocks_on_me":0,"conf_actions":230,"confirmed_hits":1096,"dup_confirmed":0,"hits_on_me":108,"pred_actions":258,"predicted_confirmed":101,"predicted_hits":233,"reconnects":0},"ev":"stats","hp":220.0,"in_bytes":5200032,"late":0,"local_entity":5,"match":{"countdown_until":300,"ctrl":-1,"final":false,"next":"","phase":3,"rot":2234,"scores":[41,22],"sd":false,"state":3,"tick":22966,"zone":"B"},"max_err":2.279,"mean_err":0.0235,"ms":389964,"out_bytes":1140099,"pending":5,"pos":[6.11,47.58],"reconciles":7741,"server_tick":23266,"snaps":7753,"teleports":10}
[client] {"a":1,"dup":false,"ev":"game","ms":390000,"predicted":false,"t":-1,"tick":23264,"type":"respawn"}
[client] {"a":2,"dup":false,"ev":"game","ms":390800,"predicted":false,"t":6,"tick":23312,"type":"hit"}
[client] {"a":6,"dup":false,"ev":"game","ms":390800,"predicted":false,"t":-1,"tick":23312,"type":"ko"}
[client] {"a":8,"dup":false,"ev":"game","ms":391069,"predicted":false,"t":-1,"tick":23328,"type":"respawn"}
[client] {"counts":{"blocks_on_me":0,"conf_actions":230,"confirmed_hits":1097,"dup_confirmed":0,"hits_on_me":108,"pred_actions":258,"predicted_confirmed":101,"predicted_hits":233,"reconnects":0},"ev":"stats","hp":220.0,"in_bytes":5254172,"late":0,"local_entity":5,"match":{"countdown_until":300,"ctrl":0,"final":false,"next":"","phase":3,"rot":1934,"scores":[45,22],"sd":false,"state":2,"tick":23266,"zone":"B"},"max_err":2.279,"mean_err":0.0232,"ms":394967,"out_bytes":1154799,"pending":5,"pos":[-0.99,12.47],"reconciles":7841,"server_tick":23566,"snaps":7853,"teleports":10}
[client] {"a":9,"dup":false,"ev":"game","ms":395074,"predicted":false,"t":-1,"tick":23568,"type":"respawn"}
[client] {"a":7,"dup":false,"ev":"game","ms":397369,"predicted":false,"t":-1,"tick":23706,"type":"respawn"}
[client] {"a":2,"dup":false,"ev":"game","ms":397521,"predicted":false,"t":5,"tick":23715,"type":"hit"}
[client] {"a":2,"dup":false,"ev":"game","ms":397859,"predicted":false,"t":5,"tick":23735,"type":"hit"}
[client] {"a":4,"dup":false,"ev":"game","ms":397873,"predicted":false,"t":5,"tick":23736,"type":"hit"}
[client] {"a":8,"dup":false,"ev":"game","ms":398155,"predicted":false,"t":2,"tick":23753,"type":"hit"}
[client] {"a":4,"dup":false,"ev":"game","ms":398356,"predicted":false,"t":5,"tick":23765,"type":"hit"}
[client] {"a":8,"dup":false,"ev":"game","ms":398390,"predicted":false,"t":2,"tick":23767,"type":"hit"}
[client] {"a":8,"dup":false,"ev":"game","ms":398425,"predicted":false,"t":4,"tick":23769,"type":"hit"}
[client] {"a":1,"dup":false,"ev":"game","ms":398839,"predicted":false,"t":5,"tick":23794,"type":"hit"}
[client] {"a":8,"dup":false,"ev":"game","ms":399349,"predicted":false,"t":1,"tick":23825,"type":"hit"}
[client] {"a":8,"dup":false,"ev":"game","ms":399397,"predicted":false,"t":0,"tick":23828,"type":"hit"}
[client] {"a":4,"dup":false,"ev":"game","ms":399468,"predicted":false,"t":8,"tick":23832,"type":"hit"}
[client] {"a":5,"dup":true,"ev":"game","ms":399798,"predicted":false,"t":4,"tick":23856,"type":"hit"}
[client] {"counts":{"blocks_on_me":0,"conf_actions":235,"confirmed_hits":1109,"dup_confirmed":0,"hits_on_me":113,"pred_actions":264,"predicted_confirmed":102,"predicted_hits":238,"reconnects":0},"ev":"stats","hp":110.0,"in_bytes":5322323,"late":0,"local_entity":5,"match":{"countdown_until":300,"ctrl":-1,"final":false,"next":"","phase":3,"rot":1634,"scores":[45,22],"sd":false,"state":3,"tick":23566,"zone":"B"},"max_err":2.279,"mean_err":0.0233,"ms":399962,"out_bytes":1169499,"pending":5,"pos":[-2.27,-1.97],"reconciles":7941,"server_tick":23866,"snaps":7953,"teleports":10}
[client] {"a":5,"dup":true,"ev":"game","ms":400115,"predicted":false,"t":4,"tick":23876,"type":"hit"}
[client] {"a":2,"dup":false,"ev":"game","ms":400398,"predicted":false,"t":5,"tick":23888,"type":"hit"}
[client] {"a":2,"dup":false,"ev":"game","ms":400653,"predicted":false,"t":5,"tick":23903,"type":"hit"}
[client] {"a":8,"dup":false,"ev":"game","ms":400653,"predicted":false,"t":4,"tick":23903,"type":"hit"}
[client] {"a":6,"dup":false,"ev":"game","ms":400798,"predicted":false,"t":-1,"tick":23912,"type":"respawn"}
[client] {"a":8,"dup":false,"ev":"game","ms":401703,"predicted":false,"t":2,"tick":23966,"type":"hit"}
[client] {"a":4,"dup":false,"ev":"game","ms":401981,"predicted":false,"t":5,"tick":23983,"type":"hit"}
[client] {"a":4,"dup":false,"ev":"game","ms":402333,"predicted":false,"t":5,"tick":24003,"type":"hit"}
[client] {"a":1,"dup":false,"ev":"game","ms":402382,"predicted":false,"t":5,"tick":24006,"type":"hit"}
[client] {"a":4,"dup":false,"ev":"game","ms":402702,"predicted":false,"t":8,"tick":24025,"type":"hit"}
[client] {"a":9,"dup":false,"ev":"game","ms":403100,"predicted":false,"t":4,"tick":24049,"type":"hit"}
[client] {"a":4,"dup":false,"ev":"game","ms":403100,"predicted":false,"t":-1,"tick":24049,"type":"ko"}
[client] {"a":9,"dup":false,"ev":"game","ms":403135,"predicted":false,"t":1,"tick":24051,"type":"hit"}
[client] {"a":5,"dup":true,"ev":"game","ms":403548,"predicted":false,"t":1,"tick":24082,"type":"hit"}
[client] {"a":5,"dup":true,"ev":"game","ms":403866,"predicted":false,"t":1,"tick":24101,"type":"hit"}
[client] {"a":3,"dup":false,"ev":"game","ms":403935,"predicted":false,"t":9,"tick":24100,"type":"hit"}
[client] {"a":5,"dup":false,"ev":"game","ms":404397,"predicted":false,"t":-1,"tick":24133,"type":"ko"}
[client] {"a":3,"dup":false,"ev":"game","ms":404480,"predicted":false,"t":5,"tick":24133,"type":"hit"}
[client] {"counts":{"blocks_on_me":0,"conf_actions":243,"confirmed_hits":1124,"dup_confirmed":0,"hits_on_me":119,"pred_actions":274,"predicted_confirmed":105,"predicted_hits":244,"reconnects":0},"ev":"stats","hp":0.0,"in_bytes":5396447,"late":0,"local_entity":5,"match":{"countdown_until":300,"ctrl":-1,"final":false,"next":"","phase":3,"rot":1334,"scores":[45,22],"sd":false,"state":3,"tick":23866,"zone":"B"},"max_err":2.279,"mean_err":0.0235,"ms":404969,"out_bytes":1184199,"pending":5,"pos":[-2.32,-2.57],"reconciles":8041,"server_tick":24166,"snaps":8053,"teleports":10}
[client] {"a":3,"dup":false,"ev":"game","ms":404970,"predicted":false,"t":9,"tick":24162,"type":"hit"}
[client] {"a":3,"dup":false,"ev":"game","ms":404985,"predicted":false,"t":7,"tick":24163,"type":"hit"}
[client] {"a":0,"dup":false,"ev":"game","ms":405032,"predicted":false,"t":8,"tick":24166,"type":"hit"}
[client] {"a":0,"dup":false,"ev":"game","ms":405336,"predicted":false,"t":8,"tick":24184,"type":"hit"}
[client] {"a":1,"dup":false,"ev":"game","ms":405770,"predicted":false,"t":8,"tick":24210,"type":"hit"}
[client] {"a":1,"dup":false,"ev":"game","ms":406171,"predicted":false,"t":8,"tick":24234,"type":"hit"}
[client] {"a":0,"dup":false,"ev":"game","ms":406315,"predicted":false,"t":8,"tick":24243,"type":"hit"}
[client] {"a":3,"dup":false,"ev":"game","ms":406336,"predicted":false,"t":9,"tick":24244,"type":"hit"}
[client] {"a":7,"dup":false,"ev":"game","ms":406619,"predicted":false,"t":3,"tick":24261,"type":"hit"}
[client] {"a":8,"dup":false,"ev":"game","ms":407254,"predicted":false,"t":1,"tick":24299,"type":"hit"}
[client] {"a":9,"dup":false,"ev":"game","ms":407985,"predicted":false,"t":2,"tick":24343,"type":"hit"}
[client] {"a":1,"dup":false,"ev":"game","ms":408034,"predicted":false,"t":7,"tick":24346,"type":"hit"}
[client] {"a":1,"dup":false,"ev":"game","ms":408054,"predicted":false,"t":9,"tick":24347,"type":"hit"}
[client] {"a":8,"dup":false,"ev":"game","ms":408337,"predicted":false,"t":3,"tick":24364,"type":"hit"}
[client] {"a":9,"dup":false,"ev":"game","ms":408552,"predicted":false,"t":1,"tick":24377,"type":"hit"}
[client] {"a":7,"dup":false,"ev":"game","ms":408668,"predicted":false,"t":3,"tick":24384,"type":"hit"}
[client] {"a":8,"dup":false,"ev":"game","ms":408868,"predicted":false,"t":1,"tick":24396,"type":"hit"}
[client] {"a":3,"dup":false,"ev":"game","ms":409137,"predicted":false,"t":8,"tick":24412,"type":"hit"}
[client] {"a":9,"dup":false,"ev":"game","ms":409199,"predicted":false,"t":1,"tick":24416,"type":"hit"}
[client] {"a":9,"dup":false,"ev":"game","ms":409199,"predicted":false,"t":2,"tick":24416,"type":"hit"}
[client] {"a":3,"dup":false,"ev":"game","ms":409821,"predicted":false,"t":7,"tick":24453,"type":"hit"}
[client] {"a":2,"dup":false,"ev":"game","ms":409835,"predicted":false,"t":7,"tick":24454,"type":"hit"}
[client] {"a":3,"dup":false,"ev":"game","ms":409869,"predicted":false,"t":9,"tick":24456,"type":"hit"}
[client] {"a":3,"dup":false,"ev":"game","ms":409917,"predicted":false,"t":6,"tick":24459,"type":"hit"}
[client] {"a":8,"dup":false,"ev":"game","ms":409917,"predicted":false,"t":2,"tick":24459,"type":"hit"}
[client] {"a":2,"dup":false,"ev":"game","ms":409917,"predicted":false,"t":-1,"tick":24459,"type":"ko"}
[client] {"counts":{"blocks_on_me":0,"conf_actions":243,"confirmed_hits":1149,"dup_confirmed":0,"hits_on_me":119,"pred_actions":274,"predicted_confirmed":105,"predicted_hits":244,"reconnects":0},"ev":"stats","hp":0.0,"in_bytes":5464431,"late":0,"local_entity":5,"match":{"countdown_until":300,"ctrl":-1,"final":false,"next":"","phase":3,"rot":1034,"scores":[45,22],"sd":false,"state":3,"tick":24166,"zone":"B"},"max_err":2.279,"mean_err":0.0232,"ms":409972,"out_bytes":1198899,"pending":5,"pos":[-2.32,-2.57],"reconciles":8141,"server_tick":24466,"snaps":8153,"teleports":10}
[client] {"a":7,"dup":false,"ev":"game","ms":410187,"predicted":false,"t":3,"tick":24475,"type":"hit"}
[client] {"a":1,"dup":false,"ev":"game","ms":410386,"predicted":false,"t":8,"tick":24487,"type":"hit"}
[client] {"a":3,"dup":false,"ev":"game","ms":410503,"predicted":false,"t":7,"tick":24494,"type":"hit"}
[client] {"a":0,"dup":false,"ev":"game","ms":410517,"predicted":false,"t":7,"tick":24495,"type":"hit"}
[client] {"a":3,"dup":false,"ev":"game","ms":410538,"predicted":false,"t":8,"tick":24496,"type":"hit"}
[client] {"a":1,"dup":false,"ev":"game","ms":410703,"predicted":false,"t":8,"tick":24506,"type":"hit"}
[client] {"a":1,"dup":false,"ev":"game","ms":410717,"predicted":false,"t":7,"tick":24507,"type":"hit"}
[client] {"a":3,"dup":false,"ev":"game","ms":410821,"predicted":false,"t":7,"tick":24513,"type":"hit"}
[client] {"a":8,"dup":false,"ev":"game","ms":411235,"predicted":false,"t":1,"tick":24538,"type":"hit"}
[client] {"a":1,"dup":false,"ev":"game","ms":411235,"predicted":false,"t":-1,"tick":24538,"type":"ko"}
[client] {"a":0,"dup":false,"ev":"game","ms":411318,"predicted":false,"t":9,"tick":24543,"type":"hit"}
[client] {"a":3,"dup":false,"ev":"game","ms":411469,"predicted":false,"t":9,"tick":24552,"type":"hit"}
[client] {"a":7,"dup":false,"ev":"game","ms":411470,"predicted":false,"t":3,"tick":24552,"type":"hit"}
[client] {"a":0,"dup":false,"ev":"game","ms":411953,"predicted":false,"t":7,"tick":24581,"type":"hit"}
[client] {"a":8,"dup":false,"ev":"game","ms":412001,"predicted":false,"t":0,"tick":24584,"type":"hit"}
[client] {"a":7,"dup":false,"ev":"game","ms":412353,"predicted":false,"t":3,"tick":24605,"type":"hit"}
[client] {"a":9,"dup":false,"ev":"game","ms":412518,"predicted":false,"t":0,"tick":24615,"type":"hit"}
[client] {"a":7,"dup":false,"ev":"game","ms":412719,"predicted":false,"t":3,"tick":24627,"type":"hit"}
[client] {"a":4,"dup":false,"ev":"game","ms":413092,"predicted":false,"t":-1,"tick":24649,"type":"respawn"}
[client] {"a":3,"dup":false,"ev":"game","ms":413470,"predicted":false,"t":7,"tick":24672,"type":"hit"}
[client] {"a":8,"dup":false,"ev":"game","ms":413492,"predicted":false,"t":0,"tick":24673,"type":"hit"}
[client] {"a":0,"dup":false,"ev":"game","ms":413492,"predicted":false,"t":-1,"tick":24673,"type":"ko"}
[client] {"a":5,"dup":false,"ev":"game","ms":414402,"predicted":false,"t":-1,"tick":24733,"type":"respawn"}
[client] {"a":6,"dup":false,"ev":"game","ms":414437,"predicted":false,"t":3,"tick":24730,"type":"hit"}
[client] {"a":8,"dup":false,"ev":"game","ms":414740,"predicted":false,"t":3,"tick":24748,"type":"hit"}
[client] {"a":6,"dup":false,"ev":"game","ms":414906,"predicted":false,"t":3,"tick":24758,"type":"hit"}
[client] {"a":3,"dup":false,"ev":"game","ms":414906,"predicted":false,"t":-1,"tick":24758,"type":"ko"}
[client] {"counts":{"blocks_on_me":0,"conf_actions":243,"confirmed_hits":1171,"dup_confirmed":0,"hits_on_me":119,"pred_actions":274,"predicted_confirmed":105,"predicted_hits":244,"reconnects":0},"ev":"stats","hp":220.0,"in_bytes":5528742,"late":0,"local_entity":5,"match":{"countdown_until":300,"ctrl":1,"final":false,"next":"A","phase":3,"rot":734,"scores":[45,22],"sd":false,"state":2,"tick":24466,"zone":"B"},"max_err":2.279,"mean_err":0.0229,"ms":414974,"out_bytes":1213599,"pending":5,"pos":[-5.17,44.63],"reconciles":8240,"server_tick":24766,"snaps":8253,"teleports":11}
[client] {"a":2,"dup":false,"ev":"game","ms":419915,"predicted":false,"t":-1,"tick":25059,"type":"respawn"}
[client] {"counts":{"blocks_on_me":0,"conf_actions":243,"confirmed_hits":1171,"dup_confirmed":0,"hits_on_me":119,"pred_actions":274,"predicted_confirmed":105,"predicted_hits":244,"reconnects":0},"ev":"stats","hp":220.0,"in_bytes":5577621,"late":0,"local_entity":5,"match":{"countdown_until":300,"ctrl":-1,"final":false,"next":"A","phase":3,"rot":434,"scores":[45,26],"sd":false,"state":3,"tick":24766,"zone":"B"},"max_err":2.279,"mean_err":0.0226,"ms":419970,"out_bytes":1228299,"pending":5,"pos":[-2.56,9.08],"reconciles":8340,"server_tick":25066,"snaps":8353,"teleports":11}
[client] {"a":7,"dup":false,"ev":"game","ms":420750,"predicted":false,"t":4,"tick":25109,"type":"hit"}
[client] {"a":8,"dup":false,"ev":"game","ms":420819,"predicted":false,"t":4,"tick":25113,"type":"hit"}
[client] {"a":6,"dup":false,"ev":"game","ms":421067,"predicted":false,"t":4,"tick":25128,"type":"hit"}
[client] {"a":7,"dup":false,"ev":"game","ms":421067,"predicted":false,"t":4,"tick":25128,"type":"hit"}
[client] {"a":9,"dup":false,"ev":"game","ms":421067,"predicted":false,"t":4,"tick":25128,"type":"hit"}
[client] {"a":1,"dup":false,"ev":"game","ms":421233,"predicted":false,"t":-1,"tick":25138,"type":"respawn"}
[client] {"a":4,"dup":false,"ev":"game","ms":422903,"predicted":false,"t":7,"tick":25238,"type":"hit"}
[client] {"a":7,"dup":false,"ev":"game","ms":422903,"predicted":false,"t":-1,"tick":25238,"type":"ko"}
[client] {"a":6,"dup":false,"ev":"game","ms":423406,"predicted":false,"t":4,"tick":25268,"type":"hit"}
[client] {"a":0,"dup":false,"ev":"game","ms":423490,"predicted":false,"t":-1,"tick":25273,"type":"respawn"}
[client] {"a":3,"dup":false,"ev":"game","ms":424904,"predicted":false,"t":-1,"tick":25358,"type":"respawn"}
[client] {"counts":{"blocks_on_me":0,"conf_actions":244,"confirmed_hits":1178,"dup_confirmed":0,"hits_on_me":119,"pred_actions":275,"predicted_confirmed":105,"predicted_hits":244,"reconnects":0},"ev":"stats","hp":220.0,"in_bytes":5634619,"late":0,"local_entity":5,"match":{"countdown_until":300,"ctrl":-1,"final":false,"next":"A","phase":3,"rot":134,"scores":[45,26],"sd":false,"state":3,"tick":25066,"zone":"B"},"max_err":2.279,"mean_err":0.0225,"ms":424972,"out_bytes":1242999,"pending":5,"pos":[-0.24,-2.71],"reconciles":8440,"server_tick":25366,"snaps":8453,"teleports":11}
[client] {"a":4,"dup":false,"ev":"game","ms":425007,"predicted":false,"t":6,"tick":25364,"type":"hit"}
[client] {"a":4,"dup":false,"ev":"game","ms":425470,"predicted":false,"t":9,"tick":25392,"type":"hit"}
[client] {"a":9,"dup":false,"ev":"game","ms":425788,"predicted":false,"t":4,"tick":25411,"type":"hit"}
[client] {"a":2,"dup":false,"ev":"game","ms":426070,"predicted":false,"t":5,"tick":25428,"type":"hit"}
[client] {"a":9,"dup":false,"ev":"game","ms":426173,"predicted":false,"t":4,"tick":25434,"type":"hit"}
[client] {"a":2,"dup":false,"ev":"game","ms":426325,"predicted":false,"t":5,"tick":25443,"type":"hit"}
[client] {"a":8,"dup":false,"ev":"game","ms":426739,"predicted":false,"t":2,"tick":25468,"type":"hit"}
[client] {"a":4,"dup":false,"ev":"game","ms":426808,"predicted":false,"t":9,"tick":25472,"type":"hit"}
[client] {"a":5,"dup":true,"ev":"game","ms":427057,"predicted":false,"t":2,"tick":25492,"type":"hit"}
[client] {"a":-1,"dup":false,"ev":"game","ms":427257,"predicted":false,"t":-1,"tick":25499,"type":"zone_rotated"}
[client] {"a":8,"dup":false,"ev":"game","ms":427437,"predicted":false,"t":2,"tick":25510,"type":"hit"}
[client] {"a":5,"dup":true,"ev":"game","ms":427457,"predicted":false,"t":2,"tick":25516,"type":"hit"}
[client] {"a":9,"dup":false,"ev":"game","ms":427527,"predicted":false,"t":4,"tick":25515,"type":"hit"}
[client] {"a":6,"dup":false,"ev":"game","ms":427623,"predicted":false,"t":4,"tick":25521,"type":"hit"}
[client] {"a":6,"dup":false,"ev":"game","ms":427968,"predicted":false,"t":4,"tick":25542,"type":"hit"}
[client] {"a":9,"dup":false,"ev":"game","ms":428064,"predicted":false,"t":2,"tick":25548,"type":"hit"}
[client] {"a":5,"dup":true,"ev":"game","ms":428299,"predicted":false,"t":2,"tick":25566,"type":"hit"}
[client] {"a":4,"dup":false,"ev":"game","ms":428348,"predicted":false,"t":6,"tick":25565,"type":"hit"}
[client] {"a":9,"dup":false,"ev":"game","ms":428382,"predicted":false,"t":2,"tick":25567,"type":"hit"}
[client] {"a":2,"dup":false,"ev":"game","ms":428747,"predicted":false,"t":9,"tick":25589,"type":"hit"}
[client] {"a":4,"dup":false,"ev":"game","ms":428816,"predicted":false,"t":6,"tick":25593,"type":"block"}
[client] {"a":9,"dup":false,"ev":"game","ms":429086,"predicted":false,"t":2,"tick":25609,"type":"hit"}
[client] {"a":4,"dup":false,"ev":"game","ms":429520,"predicted":false,"t":6,"tick":25634,"type":"hit"}
[client] {"a":4,"dup":false,"ev":"game","ms":429548,"predicted":false,"t":9,"tick":25636,"type":"hit"}
[client] {"a":2,"dup":false,"ev":"game","ms":429631,"predicted":false,"t":6,"tick":25641,"type":"hit"}
[client] {"counts":{"blocks_on_me":0,"conf_actions":251,"confirmed_hits":1201,"dup_confirmed":0,"hits_on_me":121,"pred_actions":282,"predicted_confirmed":108,"predicted_hits":251,"reconnects":0},"ev":"stats","hp":186.0,"in_bytes":5711292,"late":0,"local_entity":5,"match":{"countdown_until":300,"ctrl":-1,"final":true,"next":"","phase":3,"rot":3434,"scores":[45,26],"sd":false,"state":1,"tick":25366,"zone":"A"},"max_err":2.279,"mean_err":0.0224,"ms":429968,"out_bytes":1257699,"pending":5,"pos":[4.55,-7.49],"reconciles":8540,"server_tick":25666,"snaps":8553,"teleports":11}
[client] {"a":6,"dup":false,"ev":"game","ms":430735,"predicted":false,"t":4,"tick":25708,"type":"hit"}
[client] {"a":4,"dup":false,"ev":"game","ms":430735,"predicted":false,"t":-1,"tick":25708,"type":"ko"}
[client] {"a":7,"dup":false,"ev":"game","ms":432901,"predicted":false,"t":-1,"tick":25838,"type":"respawn"}
[client] {"a":1,"dup":false,"ev":"game","ms":434550,"predicted":false,"t":8,"tick":25937,"type":"hit"}
[client] {"a":1,"dup":false,"ev":"game","ms":434867,"predicted":false,"t":8,"tick":25956,"type":"hit"}
[client] {"a":8,"dup":false,"ev":"game","ms":434867,"predicted":false,"t":-1,"tick":25956,"type":"ko"}
[client] {"counts":{"blocks_on_me":0,"conf_actions":253,"confirmed_hits":1204,"dup_confirmed":0,"hits_on_me":121,"pred_actions":284,"predicted_confirmed":108,"predicted_hits":251,"reconnects":0},"ev":"stats","hp":186.0,"in_bytes":5775549,"late":0,"local_entity":5,"match":{"countdown_until":300,"ctrl":0,"final":true,"next":"","phase":3,"rot":3134,"scores":[45,26],"sd":false,"state":2,"tick":25666,"zone":"A"},"max_err":2.279,"mean_err":0.0221,"ms":434970,"out_bytes":1272399,"pending":5,"pos":[-22.01,-10.78],"reconciles":8640,"server_tick":25966,"snaps":8653,"teleports":11}
[client] {"a":9,"dup":false,"ev":"game","ms":437020,"predicted":false,"t":2,"tick":26085,"type":"hit"}
[client] {"a":9,"dup":false,"ev":"game","ms":437338,"predicted":false,"t":2,"tick":26104,"type":"hit"}
[client] {"a":2,"dup":false,"ev":"game","ms":437338,"predicted":false,"t":-1,"tick":26104,"type":"ko"}
[client] {"a":0,"dup":false,"ev":"game","ms":437490,"predicted":false,"t":9,"tick":26112,"type":"hit"}
[client] {"a":9,"dup":false,"ev":"game","ms":437821,"predicted":false,"t":0,"tick":26132,"type":"hit"}
[client] {"a":3,"dup":false,"ev":"game","ms":437938,"predicted":false,"t":9,"tick":26139,"type":"hit"}
[client] {"a":9,"dup":false,"ev":"game","ms":437938,"predicted":false,"t":-1,"tick":26139,"type":"ko"}
[client] {"a":5,"dup":true,"ev":"game","ms":438442,"predicted":false,"t":3,"tick":26175,"type":"hit"}
[client] {"a":0,"dup":false,"ev":"game","ms":438642,"predicted":false,"t":5,"tick":26181,"type":"hit"}
[client] {"a":1,"dup":false,"ev":"game","ms":438925,"predicted":false,"t":5,"tick":26199,"type":"hit"}
[client] {"a":0,"dup":false,"ev":"game","ms":438959,"predicted":false,"t":5,"tick":26201,"type":"hit"}
[client] {"a":1,"dup":false,"ev":"game","ms":438973,"predicted":false,"t":6,"tick":26202,"type":"hit"}
[client] {"a":5,"dup":true,"ev":"game","ms":439270,"predicted":false,"t":3,"tick":26225,"type":"hit"}
[client] {"a":1,"dup":false,"ev":"game","ms":439808,"predicted":false,"t":5,"tick":26252,"type":"hit"}
[client] {"a":1,"dup":false,"ev":"game","ms":439843,"predicted":false,"t":6,"tick":26254,"type":"hit"}
[client] {"a":0,"dup":false,"ev":"game","ms":439870,"predicted":false,"t":6,"tick":26256,"type":"hit"}
[client] {"counts":{"blocks_on_me":0,"conf_actions":257,"confirmed_hits":1218,"dup_confirmed":0,"hits_on_me":125,"pred_actions":288,"predicted_confirmed":110,"predicted_hits":256,"reconnects":0},"ev":"stats","hp":74.0,"in_bytes":5841000,"late":0,"local_entity":5,"match":{"countdown_until":300,"ctrl":-1,"final":true,"next":"","phase":3,"rot":2834,"scores":[45,26],"sd":false,"state":3,"tick":25966,"zone":"A"},"max_err":2.279,"mean_err":0.0222,"ms":439973,"out_bytes":1287099,"pending":5,"pos":[-39.44,-3.54],"reconciles":8740,"server_tick":26266,"snaps":8753,"teleports":11}
[client] {"a":6,"dup":false,"ev":"game","ms":440491,"predicted":false,"t":0,"tick":26293,"type":"hit"}
[client] {"a":4,"dup":false,"ev":"game","ms":440740,"predicted":false,"t":-1,"tick":26308,"type":"respawn"}
[client] {"a":6,"dup":false,"ev":"game","ms":440788,"predicted":false,"t":1,"tick":26311,"type":"hit"}
[client] {"a":5,"dup":true,"ev":"game","ms":440960,"predicted":false,"t":1,"tick":26326,"type":"hit"}
[client] {"a":0,"dup":false,"ev":"game","ms":441057,"predicted":false,"t":5,"tick":26327,"type":"hit"}
[client] {"a":0,"dup":false,"ev":"game","ms":441071,"predicted":false,"t":6,"tick":26328,"type":"hit"}
[client] {"a":5,"dup":true,"ev":"game","ms":442038,"predicted":false,"t":0,"tick":26391,"type":"hit"}
[client] {"a":6,"dup":false,"ev":"game","ms":442216,"predicted":false,"t":1,"tick":26397,"type":"hit"}
[client] {"a":3,"dup":false,"ev":"game","ms":442651,"predicted":false,"t":5,"tick":26423,"type":"hit"}
[client] {"a":5,"dup":true,"ev":"game","ms":442954,"predicted":false,"t":3,"tick":26446,"type":"hit"}
[client] {"a":3,"dup":false,"ev":"game","ms":443582,"predicted":false,"t":5,"tick":26479,"type":"block"}
[client] {"a":5,"dup":true,"ev":"game","ms":443755,"predicted":false,"t":3,"tick":26494,"type":"hit"}
[client] {"a":1,"dup":false,"ev":"game","ms":444155,"predicted":false,"t":5,"tick":26513,"type":"hit"}
[client] {"a":3,"dup":false,"ev":"game","ms":444155,"predicted":false,"t":5,"tick":26513,"type":"hit"}
[client] {"a":5,"dup":false,"ev":"game","ms":444555,"predicted":false,"t":-1,"tick":26542,"type":"ko"}
[client] {"a":3,"dup":false,"ev":"game","ms":444638,"predicted":false,"t":5,"tick":26542,"type":"hit"}
[client] {"a":6,"dup":false,"ev":"game","ms":444852,"predicted":false,"t":1,"tick":26555,"type":"hit"}
[client] {"a":8,"dup":false,"ev":"game","ms":444866,"predicted":false,"t":-1,"tick":26556,"type":"respawn"}
[client] {"a":7,"dup":false,"ev":"game","ms":444955,"predicted":false,"t":1,"tick":26561,"type":"hit"}
[client] {"counts":{"blocks_on_me":1,"conf_actions":264,"confirmed_hits":1233,"dup_confirmed":0,"hits_on_me":130,"pred_actions":295,"predicted_confirmed":114,"predicted_hits":266,"reconnects":0},"ev":"stats","hp":0.0,"in_bytes":5909150,"late":0,"local_entity":5,"match":{"countdown_until":300,"ctrl":-1,"final":true,"next":"","phase":3,"rot":2534,"scores":[45,26],"sd":false,"state":3,"tick":26266,"zone":"A"},"max_err":2.279,"mean_err":0.0223,"ms":444968,"out_bytes":1301799,"pending":5,"pos":[-41.06,-1.45],"reconciles":8840,"server_tick":26566,"snaps":8853,"teleports":11}
[client] {"a":0,"dup":false,"ev":"game","ms":445204,"predicted":false,"t":7,"tick":26576,"type":"hit"}
[client] {"a":7,"dup":false,"ev":"game","ms":445583,"predicted":false,"t":0,"tick":26599,"type":"hit"}
[client] {"a":3,"dup":false,"ev":"game","ms":445700,"predicted":false,"t":6,"tick":26606,"type":"hit"}
[client] {"a":0,"dup":false,"ev":"game","ms":445970,"predicted":false,"t":7,"tick":26622,"type":"hit"}
[client] {"a":1,"dup":false,"ev":"game","ms":446073,"predicted":false,"t":6,"tick":26628,"type":"hit"}
[client] {"a":3,"dup":false,"ev":"game","ms":446556,"predicted":false,"t":6,"tick":26657,"type":"hit"}
[client] {"a":6,"dup":false,"ev":"game","ms":446556,"predicted":false,"t":-1,"tick":26657,"type":"ko"}
[client] {"a":7,"dup":false,"ev":"game","ms":447123,"predicted":false,"t":0,"tick":26691,"type":"hit"}
[client] {"a":2,"dup":false,"ev":"game","ms":447336,"predicted":false,"t":-1,"tick":26704,"type":"respawn"}
[client] {"a":7,"dup":false,"ev":"game","ms":447440,"predicted":false,"t":0,"tick":26710,"type":"hit"}
[client] {"a":7,"dup":false,"ev":"game","ms":447922,"predicted":false,"t":0,"tick":26739,"type":"hit"}
[client] {"a":9,"dup":false,"ev":"game","ms":447922,"predicted":false,"t":-1,"tick":26739,"type":"respawn"}
[client] {"a":7,"dup":false,"ev":"game","ms":447958,"predicted":false,"t":3,"tick":26741,"type":"hit"}
[client] {"a":1,"dup":false,"ev":"game","ms":448207,"predicted":false,"t":7,"tick":26756,"type":"hit"}
[client] {"a":7,"dup":false,"ev":"game","ms":449219,"predicted":false,"t":0,"tick":26817,"type":"hit"}
[client] {"a":7,"dup":false,"ev":"game","ms":449537,"predicted":false,"t":0,"tick":26836,"type":"hit"}
[client] {"a":1,"dup":false,"ev":"game","ms":449558,"predicted":false,"t":7,"tick":26837,"type":"hit"}
[client] {"counts":{"blocks_on_me":1,"conf_actions":264,"confirmed_hits":1247,"dup_confirmed":0,"hits_on_me":130,"pred_actions":295,"predicted_confirmed":114,"predicted_hits":266,"reconnects":0},"ev":"stats","hp":0.0,"in_bytes":5974166,"late":0,"local_entity":5,"match":{"countdown_until":300,"ctrl":-1,"final":true,"next":"","phase":3,"rot":2234,"scores":[45,26],"sd":false,"state":3,"tick":26566,"zone":"A"},"max_err":2.279,"mean_err":0.022,"ms":449971,"out_bytes":1316499,"pending":5,"pos":[-41.06,-1.45],"reconciles":8940,"server_tick":26866,"snaps":8953,"teleports":11}
[client] {"a":7,"dup":false,"ev":"game","ms":451318,"predicted":false,"t":1,"tick":26942,"type":"hit"}
[client] {"a":7,"dup":false,"ev":"game","ms":451379,"predicted":false,"t":0,"tick":26946,"type":"hit"}
[client] {"a":0,"dup":false,"ev":"game","ms":451379,"predicted":false,"t":-1,"tick":26946,"type":"ko"}
[client] {"a":7,"dup":false,"ev":"game","ms":451980,"predicted":false,"t":3,"tick":26982,"type":"hit"}
[client] {"a":3,"dup":false,"ev":"game","ms":452331,"predicted":false,"t":7,"tick":27003,"type":"hit"}
[client] {"a":1,"dup":false,"ev":"game","ms":452400,"predicted":false,"t":7,"tick":27007,"type":"hit"}
[client] {"a":4,"dup":false,"ev":"game","ms":452731,"predicted":false,"t":7,"tick":27027,"type":"hit"}
[client] {"a":1,"dup":false,"ev":"game","ms":453084,"predicted":false,"t":7,"tick":27049,"type":"hit"}
[client] {"a":5,"dup":false,"ev":"game","ms":454554,"predicted":false,"t":-1,"tick":27142,"type":"respawn"}
[client] {"a":8,"dup":false,"ev":"game","ms":454802,"predicted":false,"t":4,"tick":27152,"type":"hit"}
[client] {"counts":{"blocks_on_me":1,"conf_actions":265,"confirmed_hits":1255,"dup_confirmed":0,"hits_on_me":130,"pred_actions":295,"predicted_confirmed":114,"predicted_hits":266,"reconnects":0},"ev":"stats","hp":220.0,"in_bytes":6039862,"late":0,"local_entity":5,"match":{"countdown_until":300,"ctrl":-1,"final":true,"next":"","phase":3,"rot":1934,"scores":[45,26],"sd":false,"state":3,"tick":26866,"zone":"A"},"max_err":2.279,"mean_err":0.0218,"ms":454967,"out_bytes":1331199,"pending":5,"pos":[5.9,47.71],"reconciles":9039,"server_tick":27166,"snaps":9053,"teleports":12}
[client] {"a":8,"dup":false,"ev":"game","ms":455133,"predicted":false,"t":4,"tick":27171,"type":"hit"}
[client] {"a":4,"dup":false,"ev":"game","ms":455485,"predicted":false,"t":8,"tick":27193,"type":"hit"}
[client] {"a":3,"dup":false,"ev":"game","ms":455885,"predicted":false,"t":7,"tick":27217,"type":"hit"}
[client] {"a":4,"dup":false,"ev":"game","ms":455885,"predicted":false,"t":7,"tick":27217,"type":"hit"}
[client] {"a":7,"dup":false,"ev":"game","ms":455885,"predicted":false,"t":-1,"tick":27217,"type":"ko"}
[client] {"a":6,"dup":false,"ev":"game","ms":456554,"predicted":false,"t":-1,"tick":27257,"type":"respawn"}
[client] {"a":3,"dup":false,"ev":"game","ms":457038,"predicted":false,"t":8,"tick":27286,"type":"hit"}
[client] {"a":1,"dup":false,"ev":"game","ms":457135,"predicted":false,"t":8,"tick":27292,"type":"hit"}
[client] {"a":3,"dup":false,"ev":"game","ms":457359,"predicted":false,"t":8,"tick":27305,"type":"hit"}
[client] {"a":1,"dup":false,"ev":"game","ms":457452,"predicted":false,"t":8,"tick":27311,"type":"hit"}
[client] {"a":4,"dup":false,"ev":"game","ms":457555,"predicted":false,"t":8,"tick":27317,"type":"hit"}
[client] {"a":1,"dup":false,"ev":"game","ms":458569,"predicted":false,"t":8,"tick":27378,"type":"hit"}
[client] {"a":1,"dup":false,"ev":"game","ms":458887,"predicted":false,"t":8,"tick":27397,"type":"hit"}
[client] {"a":2,"dup":false,"ev":"game","ms":459101,"predicted":false,"t":9,"tick":27410,"type":"hit"}
[client] {"a":1,"dup":false,"ev":"game","ms":459218,"predicted":false,"t":8,"tick":27417,"type":"hit"}
[client] {"counts":{"blocks_on_me":1,"conf_actions":265,"confirmed_hits":1268,"dup_confirmed":0,"hits_on_me":130,"pred_actions":295,"predicted_confirmed":114,"predicted_hits":266,"reconnects":0},"ev":"stats","hp":220.0,"in_bytes":6103470,"late":0,"local_entity":5,"match":{"countdown_until":300,"ctrl":-1,"final":true,"next":"","phase":3,"rot":1634,"scores":[45,26],"sd":false,"state":3,"tick":27166,"zone":"A"},"max_err":2.279,"mean_err":0.0215,"ms":459969,"out_bytes":1345899,"pending":5,"pos":[-8.31,18.24],"reconciles":9139,"server_tick":27466,"snaps":9153,"teleports":12}
[client] {"a":2,"dup":false,"ev":"game","ms":460172,"predicted":false,"t":9,"tick":27474,"type":"hit"}
[client] {"a":3,"dup":false,"ev":"game","ms":460932,"predicted":false,"t":8,"tick":27520,"type":"hit"}
[client] {"a":1,"dup":false,"ev":"game","ms":461283,"predicted":false,"t":8,"tick":27541,"type":"hit"}
[client] {"a":4,"dup":false,"ev":"game","ms":461366,"predicted":false,"t":8,"tick":27546,"type":"hit"}
[client] {"a":8,"dup":false,"ev":"game","ms":461366,"predicted":false,"t":-1,"tick":27546,"type":"ko"}
[client] {"a":0,"dup":false,"ev":"game","ms":461366,"predicted":false,"t":-1,"tick":27546,"type":"respawn"}
[client] {"a":2,"dup":false,"ev":"game","ms":461918,"predicted":false,"t":9,"tick":27579,"type":"hit"}
[client] {"a":2,"dup":false,"ev":"game","ms":462968,"predicted":false,"t":9,"tick":27642,"type":"hit"}
[client] {"a":1,"dup":false,"ev":"game","ms":463567,"predicted":false,"t":9,"tick":27678,"type":"hit"}
[client] {"a":9,"dup":false,"ev":"game","ms":464285,"predicted":false,"t":1,"tick":27721,"type":"hit"}
[client] {"a":9,"dup":false,"ev":"game","ms":464588,"predicted":false,"t":1,"tick":27739,"type":"hit"}
[client] {"a":9,"dup":false,"ev":"game","ms":464920,"predicted":false,"t":1,"tick":27759,"type":"hit"}
[client] {"a":1,"dup":false,"ev":"game","ms":464920,"predicted":false,"t":-1,"tick":27759,"type":"ko"}
[client] {"counts":{"blocks_on_me":1,"conf_actions":266,"confirmed_hits":1278,"dup_confirmed":0,"hits_on_me":130,"pred_actions":296,"predicted_confirmed":114,"predicted_hits":266,"reconnects":0},"ev":"stats","hp":220.0,"in_bytes":6168390,"late":0,"local_entity":5,"match":{"countdown_until":300,"ctrl":-1,"final":true,"next":"","phase":3,"rot":1334,"scores":[45,26],"sd":false,"state":3,"tick":27466,"zone":"A"},"max_err":2.279,"mean_err":0.0213,"ms":464967,"out_bytes":1360599,"pending":5,"pos":[-38.1,2.77],"reconciles":9239,"server_tick":27766,"snaps":9253,"teleports":12}
[client] {"a":7,"dup":false,"ev":"game","ms":465886,"predicted":false,"t":-1,"tick":27817,"type":"respawn"}
[client] {"a":5,"dup":true,"ev":"game","ms":466003,"predicted":false,"t":2,"tick":27829,"type":"hit"}
[client] {"a":9,"dup":false,"ev":"game","ms":466334,"predicted":false,"t":2,"tick":27844,"type":"hit"}
[client] {"a":5,"dup":true,"ev":"game","ms":467155,"predicted":false,"t":3,"tick":27898,"type":"hit"}
[client] {"a":5,"dup":true,"ev":"game","ms":467169,"predicted":false,"t":2,"tick":27899,"type":"hit"}
[client] {"a":5,"dup":true,"ev":"game","ms":467440,"predicted":false,"t":3,"tick":27915,"type":"hit"}
[client] {"a":2,"dup":false,"ev":"game","ms":467638,"predicted":false,"t":5,"tick":27922,"type":"hit"}
[client] {"a":9,"dup":false,"ev":"game","ms":467872,"predicted":false,"t":3,"tick":27936,"type":"hit"}
[client] {"a":9,"dup":false,"ev":"game","ms":467887,"predicted":false,"t":4,"tick":27937,"type":"hit"}
[client] {"a":5,"dup":true,"ev":"game","ms":467991,"predicted":false,"t":2,"tick":27948,"type":"hit"}
[client] {"a":5,"dup":true,"ev":"game","ms":468225,"predicted":false,"t":2,"tick":27962,"type":"hit"}
[client] {"a":2,"dup":false,"ev":"game","ms":468825,"predicted":false,"t":5,"tick":27993,"type":"hit"}
[client] {"a":2,"dup":false,"ev":"game","ms":469169,"predicted":false,"t":5,"tick":28014,"type":"hit"}
[client] {"a":2,"dup":false,"ev":"game","ms":469535,"predicted":false,"t":5,"tick":28036,"type":"hit"}
[client] {"a":2,"dup":false,"ev":"game","ms":469556,"predicted":false,"t":6,"tick":28037,"type":"hit"}
[client] {"a":3,"dup":false,"ev":"game","ms":469625,"predicted":false,"t":5,"tick":28041,"type":"hit"}
[client] {"a":9,"dup":false,"ev":"game","ms":469887,"predicted":false,"t":2,"tick":28057,"type":"hit"}
[client] {"counts":{"blocks_on_me":1,"conf_actions":274,"confirmed_hits":1294,"dup_confirmed":0,"hits_on_me":135,"pred_actions":304,"predicted_confirmed":120,"predicted_hits":279,"reconnects":0},"ev":"stats","hp":110.0,"in_bytes":6238471,"late":0,"local_entity":5,"match":{"countdown_until":300,"ctrl":-1,"final":true,"next":"","phase":3,"rot":1034,"scores":[45,26],"sd":false,"state":3,"tick":27766,"zone":"A"},"max_err":2.279,"mean_err":0.0214,"ms":469969,"out_bytes":1375299,"pending":5,"pos":[-38.73,0.42],"reconciles":9339,"server_tick":28066,"snaps":9353,"teleports":12}
[client] {"a":4,"dup":false,"ev":"game","ms":469971,"predicted":false,"t":9,"tick":28062,"type":"hit"}
[client] {"a":6,"dup":false,"ev":"game","ms":469971,"predicted":false,"t":2,"tick":28062,"type":"hit"}
[client] {"a":6,"dup":false,"ev":"game","ms":470308,"predicted":false,"t":2,"tick":28082,"type":"hit"}
[client] {"a":3,"dup":false,"ev":"game","ms":470522,"predicted":false,"t":6,"tick":28095,"type":"hit"}
[client] {"a":5,"dup":true,"ev":"game","ms":470770,"predicted":false,"t":3,"tick":28115,"type":"hit"}
[client] {"a":4,"dup":false,"ev":"game","ms":471074,"predicted":false,"t":9,"tick":28128,"type":"hit"}
[client] {"a":5,"dup":true,"ev":"game","ms":471337,"predicted":false,"t":4,"tick":28149,"type":"hit"}
[client] {"a":8,"dup":false,"ev":"game","ms":471371,"predicted":false,"t":-1,"tick":28146,"type":"respawn"}
[client] {"a":4,"dup":false,"ev":"game","ms":471405,"predicted":false,"t":9,"tick":28148,"type":"hit"}
[client] {"a":3,"dup":false,"ev":"game","ms":471488,"predicted":false,"t":5,"tick":28153,"type":"hit"}
[client] {"a":6,"dup":false,"ev":"game","ms":471654,"predicted":false,"t":4,"tick":28163,"type":"hit"}
[client] {"a":3,"dup":false,"ev":"game","ms":471840,"predicted":false,"t":5,"tick":28174,"type":"hit"}
[client] {"a":2,"dup":false,"ev":"game","ms":471854,"predicted":false,"t":5,"tick":28175,"type":"hit"}
[client] {"a":4,"dup":false,"ev":"game","ms":472026,"predicted":false,"t":5,"tick":28185,"type":"hit"}
[client] {"a":6,"dup":false,"ev":"game","ms":472026,"predicted":false,"t":3,"tick":28185,"type":"hit"}
[client] {"a":4,"dup":false,"ev":"game","ms":472074,"predicted":false,"t":6,"tick":28188,"type":"hit"}
[client] {"a":0,"dup":false,"ev":"game","ms":472448,"predicted":false,"t":6,"tick":28211,"type":"hit"}
[client] {"a":9,"dup":false,"ev":"game","ms":472482,"predicted":false,"t":4,"tick":28213,"type":"hit"}
[client] {"a":2,"dup":false,"ev":"game","ms":472619,"predicted":false,"t":9,"tick":28221,"type":"hit"}
[client] {"a":0,"dup":false,"ev":"game","ms":472786,"predicted":false,"t":6,"tick":28230,"type":"hit"}
[client] {"a":3,"dup":false,"ev":"game","ms":472882,"predicted":false,"t":6,"tick":28236,"type":"hit"}
[client] {"a":5,"dup":false,"ev":"game","ms":473103,"predicted":false,"t":-1,"tick":28255,"type":"ko"}
[client] {"a":0,"dup":false,"ev":"game","ms":473116,"predicted":false,"t":6,"tick":28250,"type":"hit"}
[client] {"a":4,"dup":false,"ev":"game","ms":473201,"predicted":false,"t":5,"tick":28255,"type":"hit"}
[client] {"a":9,"dup":false,"ev":"game","ms":473668,"predicted":false,"t":4,"tick":28283,"type":"hit"}
[client] {"a":0,"dup":false,"ev":"game","ms":473704,"predicted":false,"t":6,"tick":28285,"type":"hit"}
[client] {"a":9,"dup":false,"ev":"game","ms":473704,"predicted":false,"t":2,"tick":28285,"type":"hit"}
[client] {"a":9,"dup":false,"ev":"game","ms":473717,"predicted":false,"t":3,"tick":28286,"type":"hit"}
[client] {"a":6,"dup":false,"ev":"game","ms":474103,"predicted":false,"t":0,"tick":28309,"type":"hit"}
[client] {"a":6,"dup":false,"ev":"game","ms":474435,"predicted":false,"t":0,"tick":28329,"type":"hit"}
[client] {"a":4,"dup":false,"ev":"game","ms":474503,"predicted":false,"t":9,"tick":28333,"type":"hit"}
[client] {"a":9,"dup":false,"ev":"game","ms":474503,"predicted":false,"t":-1,"tick":28333,"type":"ko"}
[client] {"a":6,"dup":false,"ev":"game","ms":474800,"predicted":false,"t":0,"tick":28351,"type":"hit"}
[client] {"a":1,"dup":false,"ev":"game","ms":474938,"predicted":false,"t":-1,"tick":28359,"type":"respawn"}
[client] {"counts":{"blocks_on_me":1,"conf_actions":279,"confirmed_hits":1324,"dup_confirmed":0,"hits_on_me":140,"pred_actions":309,"predicted_confirmed":122,"predicted_hits":284,"reconnects":0},"ev":"stats","hp":0.0,"in_bytes":6313825,"late":0,"local_entity":5,"match":{"countdown_until":300,"ctrl":-1,"final":true,"next":"","phase":3,"rot":734,"scores":[45,26],"sd":false,"state":3,"tick":28066,"zone":"A"},"max_err":2.279,"mean_err":0.0214,"ms":474965,"out_bytes":1389999,"pending":5,"pos":[-41.15,0.34],"reconciles":9439,"server_tick":28366,"snaps":9453,"teleports":12}
[client] {"a":3,"dup":false,"ev":"game","ms":475048,"predicted":false,"t":6,"tick":28366,"type":"hit"}
[client] {"a":3,"dup":false,"ev":"game","ms":475387,"predicted":false,"t":6,"tick":28387,"type":"hit"}
[client] {"a":0,"dup":false,"ev":"game","ms":475621,"predicted":false,"t":6,"tick":28401,"type":"hit"}
[client] {"a":0,"dup":false,"ev":"game","ms":475939,"predicted":false,"t":6,"tick":28419,"type":"hit"}
[client] {"a":3,"dup":false,"ev":"game","ms":476305,"predicted":false,"t":6,"tick":28441,"type":"hit"}
[client] {"a":0,"dup":false,"ev":"game","ms":476387,"predicted":false,"t":6,"tick":28447,"type":"hit"}
[client] {"a":6,"dup":false,"ev":"game","ms":476387,"predicted":false,"t":-1,"tick":28447,"type":"ko"}
[client] {"a":7,"dup":false,"ev":"game","ms":478070,"predicted":false,"t":0,"tick":28547,"type":"hit"}
[client] {"a":7,"dup":false,"ev":"game","ms":478084,"predicted":false,"t":3,"tick":28548,"type":"hit"}
[client] {"a":3,"dup":false,"ev":"game","ms":478084,"predicted":false,"t":-1,"tick":28548,"type":"ko"}
[client] {"counts":{"blocks_on_me":1,"conf_actions":279,"confirmed_hits":1332,"dup_confirmed":0,"hits_on_me":140,"pred_actions":309,"predicted_confirmed":122,"predicted_hits":284,"reconnects":0},"ev":"stats","hp":0.0,"in_bytes":6376739,"late":0,"local_entity":5,"match":{"countdown_until":300,"ctrl":-1,"final":true,"next":"","phase":3,"rot":434,"scores":[45,26],"sd":false,"state":3,"tick":28366,"zone":"A"},"max_err":2.279,"mean_err":0.0212,"ms":479967,"out_bytes":1404699,"pending":5,"pos":[-41.15,0.34],"reconciles":9539,"server_tick":28666,"snaps":9553,"teleports":12}
[client] {"a":7,"dup":false,"ev":"game","ms":480223,"predicted":false,"t":4,"tick":28677,"type":"hit"}
[client] {"a":7,"dup":false,"ev":"game","ms":480741,"predicted":false,"t":4,"tick":28708,"type":"hit"}
[client] {"a":7,"dup":false,"ev":"game","ms":481134,"predicted":false,"t":4,"tick":28732,"type":"hit"}
[client] {"a":7,"dup":false,"ev":"game","ms":481183,"predicted":false,"t":0,"tick":28735,"type":"hit"}
[client] {"a":2,"dup":false,"ev":"game","ms":481245,"predicted":false,"t":7,"tick":28739,"type":"hit"}
[client] {"a":8,"dup":false,"ev":"game","ms":481514,"predicted":false,"t":4,"tick":28754,"type":"hit"}
[client] {"a":8,"dup":false,"ev":"game","ms":481831,"predicted":false,"t":4,"tick":28773,"type":"hit"}
[client] {"a":2,"dup":false,"ev":"game","ms":481879,"predicted":false,"t":8,"tick":28776,"type":"hit"}
[client] {"a":7,"dup":false,"ev":"game","ms":482135,"predicted":false,"t":2,"tick":28791,"type":"hit"}
[client] {"a":2,"dup":false,"ev":"game","ms":482135,"predicted":false,"t":-1,"tick":28791,"type":"ko"}
[client] {"a":4,"dup":false,"ev":"game","ms":482501,"predicted":false,"t":7,"tick":28813,"type":"hit"}
[client] {"a":4,"dup":false,"ev":"game","ms":482535,"predicted":false,"t":8,"tick":28815,"type":"hit"}
[client] {"a":5,"dup":false,"ev":"game","ms":483101,"predicted":false,"t":-1,"tick":28855,"type":"respawn"}
[client] {"a":7,"dup":false,"ev":"game","ms":483466,"predicted":false,"t":0,"tick":28871,"type":"hit"}
[client] {"a":7,"dup":false,"ev":"game","ms":483798,"predicted":false,"t":0,"tick":28891,"type":"hit"}
[client] {"a":4,"dup":false,"ev":"game","ms":484399,"predicted":false,"t":7,"tick":28927,"type":"hit"}
[client] {"a":9,"dup":false,"ev":"game","ms":484502,"predicted":false,"t":-1,"tick":28933,"type":"respawn"}
[client] {"a":0,"dup":false,"ev":"game","ms":484763,"predicted":false,"t":8,"tick":28949,"type":"hit"}
[client] {"counts":{"blocks_on_me":1,"conf_actions":279,"confirmed_hits":1347,"dup_confirmed":0,"hits_on_me":140,"pred_actions":309,"predicted_confirmed":122,"predicted_hits":284,"reconnects":0},"ev":"stats","hp":220.0,"in_bytes":6442405,"late":0,"local_entity":5,"match":{"countdown_until":300,"ctrl":-1,"final":true,"next":"","phase":3,"rot":134,"scores":[45,26],"sd":false,"state":3,"tick":28666,"zone":"A"},"max_err":2.279,"mean_err":0.021,"ms":484963,"out_bytes":1419399,"pending":5,"pos":[3.03,35.75],"reconciles":9638,"server_tick":28966,"snaps":9653,"teleports":13}
[client] {"a":7,"dup":false,"ev":"game","ms":485267,"predicted":false,"t":4,"tick":28979,"type":"hit"}
[client] {"a":4,"dup":false,"ev":"game","ms":485682,"predicted":false,"t":7,"tick":29004,"type":"hit"}
[client] {"a":8,"dup":false,"ev":"game","ms":485902,"predicted":false,"t":4,"tick":29017,"type":"hit"}
[client] {"a":4,"dup":false,"ev":"game","ms":485902,"predicted":false,"t":-1,"tick":29017,"type":"ko"}
[client] {"a":0,"dup":false,"ev":"game","ms":486282,"predicted":false,"t":8,"tick":29041,"type":"hit"}
[client] {"a":7,"dup":false,"ev":"game","ms":486317,"predicted":false,"t":1,"tick":29043,"type":"hit"}
[client] {"a":6,"dup":false,"ev":"game","ms":486385,"predicted":false,"t":-1,"tick":29047,"type":"respawn"}
[client] {"duration_s":480.0,"ev":"results","ms":487309,"reason":"time","score":[45,26],"winner":0}
[client] {"counts":{"blocks_on_me":1,"conf_actions":279,"confirmed_hits":1352,"dup_confirmed":0,"hits_on_me":140,"pred_actions":309,"predicted_confirmed":122,ERROR: Attempt to disconnect a nonexistent connection from 'Net:<Node#47596963389>'. Signal: 'tree_exited', callable: ''.
   at: _disconnect (core/object/object.cpp:1644)
"predicted_hits":284,"reconnects":0},"ev":"stats","hp":220.0,"in_bytes":6473248,"late":0,"local_entity":5,"match":{"countdown_until":300,"ctrl":-1,"final":true,"next":"","phase":3,"rot":2,"scores":[45,26],"sd":false,"state":3,"tick":28798,"zone":"A"},"max_err":2.279,"mean_err":0.0209,"ms":487309,"out_bytes":1426308,"pending":14,"pos":[-2.45,19.77],"reconciles":9682,"server_tick":29107,"snaps":9697,"teleports":13}
[client] {"a":-1,"dup":false,"ev":"game","ms":487337,"predicted":false,"t":-1,"tick":29099,"type":"match_end"}
