Godot Engine v4.7.2.stable.official.ed1daf0bf - https://godotengine.org

[client] {"detail":"127.0.0.1:24610","ev":"status","ms":0,"status":"connecting"}
[client] {"detail":"","ev":"status","ms":49,"status":"connected"}
[client] {"ev":"welcome","ms":63,"observer":false,"pid":4}
[client] {"ev":"pick","f":"bruno","ms":222}
[client] {"ev":"lock","f":"bruno","ms":1270}
[client] {"ev":"match_setup","fighters":10,"ms":2292,"you":5}
[client] {"counts":{"blocks_on_me":0,"conf_actions":0,"confirmed_hits":0,"dup_confirmed":0,"hits_on_me":0,"pred_actions":0,"predicted_confirmed":0,"predicted_hits":0,"reconnects":0},"ev":"stats","hp":280.0,"in_bytes":97789,"late":0,"local_entity":5,"match":{"countdown_until":300,"ctrl":-1,"final":false,"next":"","phase":2,"rot":3600,"scores":[0,0],"sd":false,"state":1,"tick":0,"zone":""},"max_err":0.21,"mean_err":0.2044,"ms":4964,"out_bytes":7909,"pending":6,"pos":[-5.96,47.76],"reconciles":52,"server_tick":161,"snaps":53,"teleports":1}
[client] {"counts":{"blocks_on_me":0,"conf_actions":0,"confirmed_hits":0,"dup_confirmed":0,"hits_on_me":0,"pred_actions":0,"predicted_confirmed":0,"predicted_hits":0,"reconnects":0},"ev":"stats","hp":280.0,"in_bytes":142197,"late":0,"local_entity":5,"match":{"countdown_until":300,"ctrl":-1,"final":false,"next":"","phase":3,"rot":3440,"scores":[0,0],"sd":false,"state":1,"tick":160,"zone":"B"},"max_err":0.21,"mean_err":0.1345,"ms":9966,"out_bytes":22609,"pending":6,"pos":[-2.29,30.74],"reconciles":152,"server_tick":460,"snaps":153,"teleports":1}
[client] {"counts":{"blocks_on_me":0,"conf_actions":0,"confirmed_hits":0,"dup_confirmed":0,"hits_on_me":0,"pred_actions":1,"predicted_confirmed":0,"predicted_hits":0,"reconnects":0},"ev":"stats","hp":280.0,"in_bytes":203761,"late":0,"local_entity":5,"match":{"countdown_until":300,"ctrl":-1,"final":false,"next":"","phase":3,"rot":3140,"scores":[0,0],"sd":false,"state":3,"tick":460,"zone":"B"},"max_err":0.21,"mean_err":0.0827,"ms":14969,"out_bytes":37309,"pending":6,"pos":[-2.35,-1.53],"reconciles":252,"server_tick":760,"snaps":253,"teleports":1}
[client] {"a":5,"dup":true,"ev":"game","ms":15266,"predicted":false,"t":2,"tick":779,"type":"hit"}
[client] {"a":6,"dup":false,"ev":"game","ms":15956,"predicted":false,"t":3,"tick":815,"type":"hit"}
[client] {"a":1,"dup":false,"ev":"game","ms":15970,"predicted":false,"t":7,"tick":816,"type":"hit"}
[client] {"a":6,"dup":false,"ev":"game","ms":15970,"predicted":false,"t":0,"tick":816,"type":"hit"}
[client] {"a":5,"dup":true,"ev":"game","ms":16101,"predicted":false,"t":4,"tick":829,"type":"hit"}
[client] {"a":5,"dup":true,"ev":"game","ms":16122,"predicted":false,"t":0,"tick":830,"type":"hit"}
[client] {"a":8,"dup":false,"ev":"game","ms":16287,"predicted":false,"t":2,"tick":835,"type":"hit"}
[client] {"a":9,"dup":false,"ev":"game","ms":16453,"predicted":false,"t":3,"tick":845,"type":"hit"}
[client] {"a":0,"dup":false,"ev":"game","ms":16805,"predicted":false,"t":6,"tick":866,"type":"hit"}
[client] {"a":4,"dup":false,"ev":"game","ms":16805,"predicted":false,"t":6,"tick":866,"type":"hit"}
[client] {"a":5,"dup":true,"ev":"game","ms":16840,"predicted":false,"t":2,"tick":873,"type":"hit"}
[client] {"a":1,"dup":false,"ev":"game","ms":16888,"predicted":false,"t":7,"tick":871,"type":"hit"}
[client] {"a":3,"dup":false,"ev":"game","ms":17019,"predicted":false,"t":6,"tick":879,"type":"hit"}
[client] {"a":5,"dup":true,"ev":"game","ms":17171,"predicted":false,"t":2,"tick":893,"type":"hit"}
[client] {"a":5,"dup":true,"ev":"game","ms":17536,"predicted":false,"t":2,"tick":915,"type":"hit"}
[client] {"a":8,"dup":false,"ev":"game","ms":17819,"predicted":false,"t":3,"tick":927,"type":"hit"}
[client] {"a":1,"dup":false,"ev":"game","ms":18005,"predicted":false,"t":9,"tick":938,"type":"hit"}
[client] {"a":2,"dup":false,"ev":"game","ms":18302,"predicted":false,"t":5,"tick":956,"type":"hit"}
[client] {"a":3,"dup":false,"ev":"game","ms":18441,"predicted":false,"t":8,"tick":964,"type":"hit"}
[client] {"a":6,"dup":false,"ev":"game","ms":18475,"predicted":false,"t":3,"tick":966,"type":"hit"}
[client] {"a":6,"dup":false,"ev":"game","ms":18475,"predicted":false,"t":4,"tick":966,"type":"hit"}
[client] {"a":2,"dup":false,"ev":"game","ms":18606,"predicted":false,"t":5,"tick":974,"type":"hit"}
[client] {"a":2,"dup":false,"ev":"game","ms":18654,"predicted":false,"t":9,"tick":977,"type":"hit"}
[client] {"a":5,"dup":true,"ev":"game","ms":18986,"predicted":false,"t":2,"tick":1002,"type":"hit"}
[client] {"a":3,"dup":false,"ev":"game","ms":19117,"predicted":false,"t":5,"tick":1005,"type":"hit"}
[client] {"a":4,"dup":false,"ev":"game","ms":19130,"predicted":false,"t":6,"tick":1006,"type":"hit"}
[client] {"a":7,"dup":false,"ev":"game","ms":19130,"predicted":false,"t":1,"tick":1006,"type":"hit"}
[client] {"a":2,"dup":false,"ev":"game","ms":19413,"predicted":false,"t":5,"tick":1023,"type":"hit"}
[client] {"a":3,"dup":false,"ev":"game","ms":19434,"predicted":false,"t":5,"tick":1024,"type":"hit"}
[client] {"a":0,"dup":false,"ev":"game","ms":19496,"predicted":false,"t":6,"tick":1028,"type":"hit"}
[client] {"a":8,"dup":false,"ev":"game","ms":19496,"predicted":false,"t":2,"tick":1028,"type":"hit"}
[client] {"a":9,"dup":false,"ev":"game","ms":19599,"predicted":false,"t":1,"tick":1034,"type":"hit"}
[client] {"a":3,"dup":false,"ev":"game","ms":19731,"predicted":false,"t":5,"tick":1042,"type":"hit"}
[client] {"a":8,"dup":false,"ev":"game","ms":19813,"predicted":false,"t":2,"tick":1047,"type":"hit"}
[client] {"a":9,"dup":false,"ev":"game","ms":19917,"predicted":false,"t":1,"tick":1053,"type":"hit"}
[client] {"counts":{"blocks_on_me":0,"conf_actions":11,"confirmed_hits":35,"dup_confirmed":0,"hits_on_me":6,"pred_actions":11,"predicted_confirmed":7,"predicted_hits":21,"reconnects":0},"ev":"stats","hp":172.0,"in_bytes":284297,"late":0,"local_entity":5,"match":{"countdown_until":300,"ctrl":-1,"final":false,"next":"","phase":3,"rot":2840,"scores":[0,0],"sd":false,"state":3,"tick":760,"zone":"B"},"max_err":0.603,"mean_err":0.0711,"ms":19964,"out_bytes":52009,"pending":6,"pos":[-0.92,-4.79],"reconciles":352,"server_tick":1060,"snaps":353,"teleports":1}
[client] {"a":5,"dup":true,"ev":"game","ms":20069,"predicted":false,"t":1,"tick":1067,"type":"hit"}
[client] {"a":5,"dup":true,"ev":"game","ms":20096,"predicted":false,"t":2,"tick":1069,"type":"hit"}
[client] {"a":6,"dup":false,"ev":"game","ms":20317,"predicted":false,"t":3,"tick":1077,"type":"hit"}
[client] {"a":7,"dup":false,"ev":"game","ms":20331,"predicted":false,"t":1,"tick":1078,"type":"hit"}
[client] {"a":5,"dup":true,"ev":"game","ms":20400,"predicted":false,"t":1,"tick":1087,"type":"hit"}
[client] {"a":5,"dup":true,"ev":"game","ms":20448,"predicted":false,"t":2,"tick":1090,"type":"hit"}
[client] {"a":1,"dup":false,"ev":"game","ms":20848,"predicted":false,"t":5,"tick":1109,"type":"hit"}
[client] {"a":0,"dup":false,"ev":"game","ms":20869,"predicted":false,"t":6,"tick":1110,"type":"hit"}
[client] {"a":2,"dup":false,"ev":"game","ms":20897,"predicted":false,"t":7,"tick":1112,"type":"hit"}
[client] {"a":3,"dup":false,"ev":"game","ms":21035,"predicted":false,"t":7,"tick":1120,"type":"hit"}
[client] {"a":5,"dup":true,"ev":"game","ms":21152,"predicted":false,"t":1,"tick":1132,"type":"hit"}
[client] {"a":0,"dup":false,"ev":"game","ms":21166,"predicted":false,"t":6,"tick":1128,"type":"hit"}
[client] {"a":9,"dup":false,"ev":"game","ms":21449,"predicted":false,"t":3,"tick":1145,"type":"hit"}
[client] {"a":1,"dup":false,"ev":"game","ms":21636,"predicted":false,"t":7,"tick":1156,"type":"hit"}
[client] {"a":2,"dup":false,"ev":"game","ms":21769,"predicted":false,"t":7,"tick":1164,"type":"hit"}
[client] {"a":0,"dup":false,"ev":"game","ms":21823,"predicted":false,"t":5,"tick":1167,"type":"hit"}
[client] {"a":0,"dup":false,"ev":"game","ms":21824,"predicted":false,"t":6,"tick":1167,"type":"hit"}
[client] {"a":7,"dup":false,"ev":"game","ms":22232,"predicted":false,"t":4,"tick":1192,"type":"hit"}
[client] {"a":2,"dup":false,"ev":"game","ms":22266,"predicted":false,"t":9,"tick":1194,"type":"hit"}
[client] {"a":1,"dup":false,"ev":"game","ms":22362,"predicted":false,"t":5,"tick":1199,"type":"hit"}
[client] {"a":8,"dup":false,"ev":"game","ms":22577,"predicted":false,"t":4,"tick":1212,"type":"hit"}
[client] {"a":1,"dup":false,"ev":"game","ms":22597,"predicted":false,"t":5,"tick":1213,"type":"hit"}
[client] {"a":3,"dup":false,"ev":"game","ms":22597,"predicted":false,"t":9,"tick":1213,"type":"hit"}
[client] {"a":2,"dup":false,"ev":"game","ms":22646,"predicted":false,"t":9,"tick":1216,"type":"hit"}
[client] {"a":7,"dup":false,"ev":"game","ms":22714,"predicted":false,"t":4,"tick":1220,"type":"hit"}
[client] {"a":5,"dup":true,"ev":"game","ms":23066,"predicted":false,"t":2,"tick":1247,"type":"hit"}
[client] {"a":6,"dup":false,"ev":"game","ms":23080,"predicted":false,"t":0,"tick":1242,"type":"hit"}
[client] {"a":3,"dup":false,"ev":"game","ms":23149,"predicted":false,"t":9,"tick":1246,"type":"hit"}
[client] {"a":2,"dup":false,"ev":"game","ms":23163,"predicted":false,"t":-1,"tick":1247,"type":"ko"}
[client] {"a":4,"dup":false,"ev":"game","ms":23280,"predicted":false,"t":7,"tick":1254,"type":"block"}
[client] {"a":8,"dup":false,"ev":"game","ms":23280,"predicted":false,"t":0,"tick":1254,"type":"hit"}
[client] {"a":1,"dup":false,"ev":"game","ms":23398,"predicted":false,"t":5,"tick":1261,"type":"hit"}
[client] {"a":9,"dup":false,"ev":"game","ms":23516,"predicted":false,"t":4,"tick":1268,"type":"hit"}
[client] {"a":6,"dup":false,"ev":"game","ms":23598,"predicted":false,"t":0,"tick":1273,"type":"hit"}
[client] {"a":7,"dup":false,"ev":"game","ms":23798,"predicted":false,"t":0,"tick":1285,"type":"hit"}
[client] {"a":7,"dup":false,"ev":"game","ms":23798,"predicted":false,"t":4,"tick":1285,"type":"hit"}
[client] {"a":8,"dup":false,"ev":"game","ms":23812,"predicted":false,"t":0,"tick":1286,"type":"hit"}
[client] {"a":1,"dup":false,"ev":"game","ms":23846,"predicted":false,"t":5,"tick":1288,"type":"hit"}
[client] {"a":8,"dup":false,"ev":"game","ms":24177,"predicted":false,"t":4,"tick":1308,"type":"hit"}
[client] {"a":0,"dup":false,"ev":"game","ms":24198,"predicted":false,"t":7,"tick":1309,"type":"hit"}
[client] {"a":1,"dup":false,"ev":"game","ms":24212,"predicted":false,"t":5,"tick":1310,"type":"hit"}
[client] {"a":0,"dup":false,"ev":"game","ms":24233,"predicted":false,"t":8,"tick":1311,"type":"hit"}
[client] {"a":9,"dup":false,"ev":"game","ms":24233,"predicted":false,"t":4,"tick":1311,"type":"hit"}
[client] {"a":0,"dup":false,"ev":"game","ms":24530,"predicted":false,"t":7,"tick":1329,"type":"hit"}
[client] {"a":0,"dup":false,"ev":"game","ms":24584,"predicted":false,"t":8,"tick":1332,"type":"hit"}
[client] {"a":9,"dup":false,"ev":"game","ms":24833,"predicted":false,"t":0,"tick":1347,"type":"hit"}
[client] {"a":3,"dup":false,"ev":"game","ms":24881,"predicted":false,"t":5,"tick":1350,"type":"hit"}
[client] {"counts":{"blocks_on_me":0,"conf_actions":19,"confirmed_hits":80,"dup_confirmed":0,"hits_on_me":14,"pred_actions":21,"predicted_confirmed":13,"predicted_hits":31,"reconnects":0},"ev":"stats","hp":8.0,"in_bytes":358635,"late":0,"local_entity":5,"match":{"countdown_until":300,"ctrl":-1,"final":false,"next":"","phase":3,"rot":2540,"scores":[0,0],"sd":false,"state":3,"tick":1060,"zone":"B"},"max_err":1.018,"mean_err":0.07,"ms":24963,"out_bytes":66709,"pending":6,"pos":[-2.85,-6.08],"reconciles":435,"server_tick":1360,"snaps":436,"teleports":1}
[client] {"a":3,"dup":false,"ev":"game","ms":25786,"predicted":false,"t":7,"tick":1405,"type":"hit"}
[client] {"a":1,"dup":false,"ev":"game","ms":25868,"predicted":false,"t":9,"tick":1410,"type":"hit"}
[client] {"a":5,"dup":true,"ev":"game","ms":25986,"predicted":false,"t":3,"tick":1422,"type":"hit"}
[client] {"a":6,"dup":false,"ev":"game","ms":26068,"predicted":false,"t":4,"tick":1422,"type":"block"}
[client] {"a":5,"dup":true,"ev":"game","ms":26316,"predicted":false,"t":3,"tick":1442,"type":"hit"}
[client] {"a":8,"dup":false,"ev":"game","ms":26330,"predicted":false,"t":1,"tick":1438,"type":"hit"}
[client] {"a":3,"dup":false,"ev":"game","ms":26386,"predicted":false,"t":7,"tick":1441,"type":"hit"}
[client] {"a":7,"dup":false,"ev":"game","ms":26386,"predicted":false,"t":-1,"tick":1441,"type":"ko"}
[client] {"a":9,"dup":false,"ev":"game","ms":26634,"predicted":false,"t":1,"tick":1456,"type":"hit"}
[client] {"a":0,"dup":false,"ev":"game","ms":26648,"predicted":false,"t":8,"tick":1457,"type":"hit"}
[client] {"a":5,"dup":true,"ev":"game","ms":26716,"predicted":false,"t":3,"tick":1466,"type":"hit"}
[client] {"a":6,"dup":false,"ev":"game","ms":26730,"predicted":false,"t":4,"tick":1462,"type":"block"}
[client] {"a":6,"dup":false,"ev":"game","ms":27069,"predicted":false,"t":4,"tick":1482,"type":"block"}
[client] {"a":3,"dup":false,"ev":"game","ms":27117,"predicted":false,"t":8,"tick":1485,"type":"hit"}
[client] {"a":9,"dup":false,"ev":"game","ms":27152,"predicted":false,"t":0,"tick":1487,"type":"hit"}
[client] {"a":1,"dup":false,"ev":"game","ms":27400,"predicted":false,"t":9,"tick":1502,"type":"hit"}
[client] {"a":6,"dup":false,"ev":"game","ms":27448,"predicted":false,"t":4,"tick":1505,"type":"block"}
[client] {"a":8,"dup":false,"ev":"game","ms":27634,"predicted":false,"t":4,"tick":1516,"type":"hit"}
[client] {"a":1,"dup":false,"ev":"game","ms":27786,"predicted":false,"t":9,"tick":1525,"type":"hit"}
[client] {"a":4,"dup":false,"ev":"game","ms":28000,"predicted":false,"t":6,"tick":1538,"type":"hit"}
[client] {"a":5,"dup":false,"ev":"game","ms":28034,"predicted":false,"t":-1,"tick":1545,"type":"ko"}
[client] {"a":3,"dup":false,"ev":"game","ms":28117,"predicted":false,"t":5,"tick":1545,"type":"hit"}
[client] {"a":9,"dup":false,"ev":"game","ms":28214,"predicted":false,"t":3,"tick":1551,"type":"hit"}
[client] {"a":6,"dup":false,"ev":"game","ms":28366,"predicted":false,"t":4,"tick":1560,"type":"hit"}
[client] {"a":9,"dup":false,"ev":"game","ms":28565,"predicted":false,"t":3,"tick":1572,"type":"hit"}
[client] {"a":3,"dup":false,"ev":"game","ms":28565,"predicted":false,"t":-1,"tick":1572,"type":"ko"}
[client] {"a":8,"dup":false,"ev":"game","ms":28648,"predicted":false,"t":4,"tick":1577,"type":"hit"}
[client] {"a":4,"dup":false,"ev":"game","ms":28648,"predicted":false,"t":-1,"tick":1577,"type":"ko"}
[client] {"a":9,"dup":false,"ev":"game","ms":29297,"predicted":false,"t":1,"tick":1616,"type":"hit"}
[client] {"a":9,"dup":false,"ev":"game","ms":29331,"predicted":false,"t":0,"tick":1618,"type":"hit"}
[client] {"a":6,"dup":false,"ev":"game","ms":29386,"predicted":false,"t":1,"tick":1621,"type":"hit"}
[client] {"a":1,"dup":false,"ev":"game","ms":29918,"predicted":false,"t":9,"tick":1653,"type":"hit"}
[client] {"counts":{"blocks_on_me":0,"conf_actions":23,"confirmed_hits":104,"dup_confirmed":0,"hits_on_me":15,"pred_actions":25,"predicted_confirmed":16,"predicted_hits":35,"reconnects":0},"ev":"stats","hp":0.0,"in_bytes":428773,"late":0,"local_entity":5,"match":{"countdown_until":300,"ctrl":-1,"final":false,"next":"","phase":3,"rot":2240,"scores":[0,0],"sd":false,"state":3,"tick":1360,"zone":"B"},"max_err":1.018,"mean_err":0.0577,"ms":29965,"out_bytes":81409,"pending":6,"pos":[-0.31,-3.41],"reconciles":532,"server_tick":1660,"snaps":533,"teleports":1}
[client] {"a":8,"dup":false,"ev":"game","ms":30014,"predicted":false,"t":1,"tick":1659,"type":"hit"}
[client] {"a":1,"dup":false,"ev":"game","ms":30014,"predicted":false,"t":-1,"tick":1659,"type":"ko"}
[client] {"a":9,"dup":false,"ev":"game","ms":30588,"predicted":false,"t":0,"tick":1693,"type":"hit"}
[client] {"a":0,"dup":false,"ev":"game","ms":30588,"predicted":false,"t":-1,"tick":1693,"type":"ko"}
[client] {"a":2,"dup":false,"ev":"game","ms":33146,"predicted":false,"t":-1,"tick":1847,"type":"respawn"}
[client] {"counts":{"blocks_on_me":0,"conf_actions":23,"confirmed_hits":106,"dup_confirmed":0,"hits_on_me":15,"pred_actions":25,"predicted_confirmed":16,"predicted_hits":35,"reconnects":0},"ev":"stats","hp":0.0,"in_bytes":479695,"late":0,"local_entity":5,"match":{"countdown_until":300,"ctrl":1,"final":false,"next":"","phase":3,"rot":1940,"scores":[0,4],"sd":false,"state":2,"tick":1660,"zone":"B"},"max_err":1.018,"mean_err":0.0486,"ms":34960,"out_bytes":96109,"pending":6,"pos":[-0.31,-3.41],"reconciles":632,"server_tick":1960,"snaps":633,"teleports":1}
[client] {"a":7,"dup":false,"ev":"game","ms":36382,"predicted":false,"t":-1,"tick":2041,"type":"respawn"}
[client] {"a":5,"dup":false,"ev":"game","ms":38032,"predicted":false,"t":-1,"tick":2145,"type":"respawn"}
[client] {"a":3,"dup":false,"ev":"game","ms":38562,"predicted":false,"t":-1,"tick":2172,"type":"respawn"}
[client] {"a":4,"dup":false,"ev":"game","ms":38646,"predicted":false,"t":-1,"tick":2177,"type":"respawn"}
[client] {"counts":{"blocks_on_me":0,"conf_actions":23,"confirmed_hits":106,"dup_confirmed":0,"hits_on_me":15,"pred_actions":25,"predicted_confirmed":16,"predicted_hits":35,"reconnects":0},"ev":"stats","hp":280.0,"in_bytes":531092,"late":0,"local_entity":5,"match":{"countdown_until":300,"ctrl":-1,"final":false,"next":"","phase":3,"rot":1640,"scores":[0,8],"sd":false,"state":3,"tick":1960,"zone":"B"},"max_err":1.018,"mean_err":0.042,"ms":39962,"out_bytes":110809,"pending":6,"pos":[3.4,36.67],"reconciles":731,"server_tick":2260,"snaps":733,"teleports":2}
[client] {"a":8,"dup":false,"ev":"game","ms":39997,"predicted":false,"t":2,"tick":2258,"type":"hit"}
[client] {"a":1,"dup":false,"ev":"game","ms":40011,"predicted":false,"t":-1,"tick":2259,"type":"respawn"}
[client] {"a":6,"dup":false,"ev":"game","ms":40129,"predicted":false,"t":2,"tick":2266,"type":"hit"}
[client] {"a":9,"dup":false,"ev":"game","ms":40149,"predicted":false,"t":2,"tick":2267,"type":"hit"}
[client] {"a":0,"dup":false,"ev":"game","ms":40585,"predicted":false,"t":-1,"tick":2293,"type":"respawn"}
[client] {"a":6,"dup":false,"ev":"game","ms":41067,"predicted":false,"t":2,"tick":2322,"type":"hit"}
[client] {"a":2,"dup":false,"ev":"game","ms":41433,"predicted":false,"t":9,"tick":2344,"type":"hit"}
[client] {"a":2,"dup":false,"ev":"game","ms":43931,"predicted":false,"t":9,"tick":2494,"type":"hit"}
[client] {"a":6,"dup":false,"ev":"game","ms":44221,"predicted":false,"t":2,"tick":2511,"type":"hit"}
[client] {"a":9,"dup":false,"ev":"game","ms":44283,"predicted":false,"t":2,"tick":2515,"type":"hit"}
[client] {"a":8,"dup":false,"ev":"game","ms":44352,"predicted":false,"t":2,"tick":2519,"type":"hit"}
[client] {"a":6,"dup":false,"ev":"game","ms":44524,"predicted":false,"t":2,"tick":2530,"type":"hit"}
[client] {"a":6,"dup":false,"ev":"game","ms":44862,"predicted":false,"t":2,"tick":2550,"type":"hit"}
[client] {"counts":{"blocks_on_me":0,"conf_actions":23,"confirmed_hits":117,"dup_confirmed":0,"hits_on_me":15,"pred_actions":25,"predicted_confirmed":16,"predicted_hits":35,"reconnects":0},"ev":"stats","hp":280.0,"in_bytes":593784,"late":0,"local_entity":5,"match":{"countdown_until":300,"ctrl":-1,"final":false,"next":"","phase":3,"rot":1340,"scores":[0,8],"sd":false,"state":3,"tick":2260,"zone":"B"},"max_err":1.018,"mean_err":0.037,"ms":44960,"out_bytes":125509,"pending":6,"pos":[-2.32,4.22],"reconciles":831,"server_tick":2560,"snaps":833,"teleports":2}
[client] {"a":2,"dup":false,"ev":"game","ms":45297,"predicted":false,"t":9,"tick":2575,"type":"hit"}
[client] {"a":2,"dup":false,"ev":"game","ms":45324,"predicted":false,"t":6,"tick":2577,"type":"hit"}
[client] {"a":2,"dup":false,"ev":"game","ms":45614,"predicted":false,"t":9,"tick":2594,"type":"hit"}
[client] {"a":4,"dup":false,"ev":"game","ms":45614,"predicted":false,"t":6,"tick":2594,"type":"hit"}
[client] {"a":3,"dup":false,"ev":"game","ms":45760,"predicted":false,"t":9,"tick":2603,"type":"hit"}
[client] {"a":4,"dup":false,"ev":"game","ms":45911,"predicted":false,"t":9,"tick":2612,"type":"hit"}
[client] {"a":6,"dup":false,"ev":"game","ms":46029,"predicted":false,"t":2,"tick":2619,"type":"block"}
[client] {"a":8,"dup":false,"ev":"game","ms":46194,"predicted":false,"t":2,"tick":2629,"type":"hit"}
[client] {"a":9,"dup":false,"ev":"game","ms":46346,"predicted":false,"t":2,"tick":2638,"type":"hit"}
[client] {"a":8,"dup":false,"ev":"game","ms":46511,"predicted":false,"t":2,"tick":2648,"type":"hit"}
[client] {"a":2,"dup":false,"ev":"game","ms":46511,"predicted":false,"t":-1,"tick":2648,"type":"ko"}
[client] {"a":6,"dup":false,"ev":"game","ms":47443,"predicted":false,"t":4,"tick":2704,"type":"hit"}
[client] {"a":3,"dup":false,"ev":"game","ms":47498,"predicted":false,"t":9,"tick":2707,"type":"hit"}
[client] {"a":9,"dup":false,"ev":"game","ms":47498,"predicted":false,"t":-1,"tick":2707,"type":"ko"}
[client] {"a":3,"dup":false,"ev":"game","ms":47582,"predicted":false,"t":7,"tick":2712,"type":"hit"}
[client] {"a":5,"dup":true,"ev":"game","ms":47877,"predicted":false,"t":3,"tick":2735,"type":"hit"}
[client] {"a":4,"dup":false,"ev":"game","ms":47899,"predicted":false,"t":6,"tick":2731,"type":"hit"}
[client] {"a":8,"dup":false,"ev":"game","ms":48114,"predicted":false,"t":4,"tick":2744,"type":"hit"}
[client] {"a":3,"dup":false,"ev":"game","ms":48280,"predicted":false,"t":5,"tick":2755,"type":"hit"}
[client] {"a":8,"dup":false,"ev":"game","ms":48315,"predicted":false,"t":4,"tick":2757,"type":"hit"}
[client] {"a":8,"dup":false,"ev":"game","ms":48329,"predicted":false,"t":3,"tick":2758,"type":"hit"}
[client] {"a":8,"dup":false,"ev":"game","ms":48349,"predicted":false,"t":1,"tick":2759,"type":"hit"}
[client] {"a":7,"dup":false,"ev":"game","ms":48480,"predicted":false,"t":4,"tick":2767,"type":"hit"}
[client] {"a":5,"dup":true,"ev":"game","ms":48666,"predicted":false,"t":3,"tick":2783,"type":"hit"}
[client] {"a":0,"dup":false,"ev":"game","ms":49188,"predicted":false,"t":5,"tick":2809,"type":"hit"}
[client] {"a":1,"dup":false,"ev":"game","ms":49267,"predicted":false,"t":6,"tick":2814,"type":"hit"}
[client] {"a":1,"dup":false,"ev":"game","ms":49315,"predicted":false,"t":7,"tick":2817,"type":"hit"}
[client] {"a":0,"dup":false,"ev":"game","ms":49468,"predicted":false,"t":5,"tick":2826,"type":"hit"}
[client] {"a":0,"dup":false,"ev":"game","ms":49481,"predicted":false,"t":7,"tick":2827,"type":"hit"}
[client] {"a":8,"dup":false,"ev":"game","ms":49536,"predicted":false,"t":4,"tick":2830,"type":"hit"}
[client] {"a":6,"dup":false,"ev":"game","ms":49646,"predicted":false,"t":1,"tick":2837,"type":"hit"}
[client] {"a":0,"dup":false,"ev":"game","ms":49916,"predicted":false,"t":5,"tick":2853,"type":"hit"}
[client] {"counts":{"blocks_on_me":0,"conf_actions":30,"confirmed_hits":146,"dup_confirmed":0,"hits_on_me":19,"pred_actions":33,"predicted_confirmed":18,"predicted_hits":39,"reconnects":0},"ev":"stats","hp":208.0,"in_bytes":669988,"late":0,"local_entity":5,"match":{"countdown_until":300,"ctrl":-1,"final":false,"next":"","phase":3,"rot":1040,"scores":[0,8],"sd":false,"state":3,"tick":2560,"zone":"B"},"max_err":1.018,"mean_err":0.0367,"ms":49963,"out_bytes":140209,"pending":6,"pos":[-0.97,-4.56],"reconciles":931,"server_tick":2860,"snaps":933,"teleports":2}
[client] {"a":7,"dup":false,"ev":"game","ms":50067,"predicted":false,"t":0,"tick":2862,"type":"hit"}
[client] {"a":7,"dup":false,"ev":"game","ms":50083,"predicted":false,"t":3,"tick":2863,"type":"hit"}
[client] {"a":7,"dup":false,"ev":"game","ms":50102,"predicted":false,"t":4,"tick":2864,"type":"block"}
[client] {"a":8,"dup":false,"ev":"game","ms":50586,"predicted":false,"t":0,"tick":2893,"type":"hit"}
[client] {"a":5,"dup":false,"ev":"game","ms":50586,"predicted":false,"t":4,"tick":2898,"type":"block"}
[client] {"a":8,"dup":false,"ev":"game","ms":50647,"predicted":false,"t":3,"tick":2897,"type":"hit"}
[client] {"a":7,"dup":false,"ev":"game","ms":51048,"predicted":false,"t":4,"tick":2921,"type":"block"}
[client] {"a":5,"dup":false,"ev":"game","ms":51248,"predicted":false,"t":4,"tick":2937,"type":"block"}
[client] {"a":7,"dup":false,"ev":"game","ms":51365,"predicted":false,"t":4,"tick":2940,"type":"block"}
[client] {"a":5,"dup":false,"ev":"game","ms":51551,"predicted":false,"t":4,"tick":2956,"type":"block"}
[client] {"a":5,"dup":false,"ev":"game","ms":51841,"predicted":false,"t":4,"tick":2974,"type":"block"}
[client] {"a":6,"dup":false,"ev":"game","ms":52277,"predicted":false,"t":0,"tick":2995,"type":"hit"}
[client] {"a":5,"dup":false,"ev":"game","ms":52359,"predicted":false,"t":4,"tick":3004,"type":"block"}
[client] {"a":3,"dup":false,"ev":"game","ms":52510,"predicted":false,"t":5,"tick":3009,"type":"hit"}
[client] {"a":1,"dup":false,"ev":"game","ms":52558,"predicted":false,"t":7,"tick":3012,"type":"hit"}
[client] {"a":6,"dup":false,"ev":"game","ms":52614,"predicted":false,"t":0,"tick":3015,"type":"hit"}
[client] {"a":3,"dup":false,"ev":"game","ms":52862,"predicted":false,"t":5,"tick":3030,"type":"hit"}
[client] {"a":1,"dup":false,"ev":"game","ms":52945,"predicted":false,"t":7,"tick":3035,"type":"hit"}
[client] {"a":4,"dup":false,"ev":"game","ms":53063,"predicted":false,"t":5,"tick":3042,"type":"hit"}
[client] {"a":0,"dup":false,"ev":"game","ms":53228,"predicted":false,"t":5,"tick":3052,"type":"hit"}
[client] {"a":3,"dup":false,"ev":"game","ms":53276,"predicted":false,"t":5,"tick":3055,"type":"hit"}
[client] {"a":7,"dup":false,"ev":"game","ms":53298,"predicted":false,"t":1,"tick":3056,"type":"hit"}
[client] {"a":1,"dup":false,"ev":"game","ms":53711,"predicted":false,"t":5,"tick":3081,"type":"hit"}
[client] {"a":1,"dup":false,"ev":"game","ms":53711,"predicted":false,"t":7,"tick":3081,"type":"hit"}
[client] {"a":8,"dup":false,"ev":"game","ms":53828,"predicted":false,"t":4,"tick":3088,"type":"hit"}
[client] {"a":1,"dup":false,"ev":"game","ms":53980,"predicted":false,"t":5,"tick":3097,"type":"hit"}
[client] {"a":7,"dup":false,"ev":"game","ms":54159,"predicted":false,"t":1,"tick":3108,"type":"hit"}
[client] {"a":0,"dup":false,"ev":"game","ms":54180,"predicted":false,"t":5,"tick":3109,"type":"hit"}
[client] {"a":8,"dup":false,"ev":"game","ms":54193,"predicted":false,"t":4,"tick":3110,"type":"hit"}
[client] {"a":6,"dup":false,"ev":"game","ms":54477,"predicted":false,"t":3,"tick":3127,"type":"hit"}
[client] {"a":7,"dup":false,"ev":"game","ms":54477,"predicted":false,"t":1,"tick":3127,"type":"hit"}
[client] {"a":0,"dup":false,"ev":"game","ms":54511,"predicted":false,"t":5,"tick":3129,"type":"hit"}
[client] {"a":8,"dup":false,"ev":"game","ms":54746,"predicted":false,"t":3,"tick":3143,"type":"hit"}
[client] {"a":5,"dup":false,"ev":"game","ms":54780,"predicted":false,"t":-1,"tick":3150,"type":"ko"}
[client] {"a":1,"dup":false,"ev":"game","ms":54842,"predicted":false,"t":7,"tick":3149,"type":"hit"}
[client] {"a":4,"dup":false,"ev":"game","ms":54863,"predicted":false,"t":5,"tick":3150,"type":"hit"}
[client] {"a":4,"dup":false,"ev":"game","ms":54911,"predicted":false,"t":7,"tick":3153,"type":"hit"}
[client] {"counts":{"blocks_on_me":0,"conf_actions":38,"confirmed_hits":174,"dup_confirmed":0,"hits_on_me":29,"pred_actions":42,"predicted_confirmed":18,"predicted_hits":47,"reconnects":0},"ev":"stats","hp":0.0,"in_bytes":747985,"late":0,"local_entity":5,"match":{"countdown_until":300,"ctrl":-1,"final":false,"next":"A","phase":3,"rot":740,"scores":[0,8],"sd":false,"state":3,"tick":2860,"zone":"B"},"max_err":1.018,"mean_err":0.0373,"ms":54959,"out_bytes":154909,"pending":6,"pos":[0.66,-3.88],"reconciles":1031,"server_tick":3160,"snaps":1033,"teleports":2}
[client] {"a":3,"dup":false,"ev":"game","ms":55111,"predicted":false,"t":6,"tick":3165,"type":"hit"}
[client] {"a":3,"dup":false,"ev":"game","ms":55546,"predicted":false,"t":6,"tick":3191,"type":"hit"}
[client] {"a":6,"dup":false,"ev":"game","ms":55546,"predicted":false,"t":-1,"tick":3191,"type":"ko"}
[client] {"a":1,"dup":false,"ev":"game","ms":55829,"predicted":false,"t":7,"tick":3208,"type":"hit"}
[client] {"a":3,"dup":false,"ev":"game","ms":56098,"predicted":false,"t":8,"tick":3224,"type":"hit"}
[client] {"a":3,"dup":false,"ev":"game","ms":56415,"predicted":false,"t":8,"tick":3243,"type":"hit"}
[client] {"a":2,"dup":false,"ev":"game","ms":56498,"predicted":false,"t":-1,"tick":3248,"type":"respawn"}
[client] {"a":3,"dup":false,"ev":"game","ms":56733,"predicted":false,"t":8,"tick":3262,"type":"hit"}
[client] {"a":0,"dup":false,"ev":"game","ms":57113,"predicted":false,"t":7,"tick":3285,"type":"hit"}
[client] {"a":7,"dup":false,"ev":"game","ms":57113,"predicted":false,"t":-1,"tick":3285,"type":"ko"}
[client] {"a":8,"dup":false,"ev":"game","ms":57278,"predicted":false,"t":3,"tick":3295,"type":"hit"}
[client] {"a":9,"dup":false,"ev":"game","ms":57478,"predicted":false,"t":-1,"tick":3307,"type":"respawn"}
[client] {"a":8,"dup":false,"ev":"game","ms":57878,"predicted":false,"t":3,"tick":3331,"type":"hit"}
[client] {"a":8,"dup":false,"ev":"game","ms":59030,"predicted":false,"t":4,"tick":3400,"type":"hit"}
[client] {"a":0,"dup":false,"ev":"game","ms":59700,"predicted":false,"t":8,"tick":3440,"type":"hit"}
[client] {"counts":{"blocks_on_me":0,"conf_actions":38,"confirmed_hits":185,"dup_confirmed":0,"hits_on_me":29,"pred_actions":42,"predicted_confirmed":18,"predicted_hits":47,"reconnects":0},"ev":"stats","hp":0.0,"in_bytes":812931,"late":0,"local_entity":5,"match":{"countdown_until":300,"ctrl":-1,"final":false,"next":"A","phase":3,"rot":440,"scores":[0,8],"sd":false,"state":3,"tick":3160,"zone":"B"},"max_err":1.018,"mean_err":0.034,"ms":59961,"out_bytes":169609,"pending":6,"pos":[0.66,-3.88],"reconciles":1131,"server_tick":3460,"snaps":1133,"teleports":2}
[client] {"a":8,"dup":false,"ev":"game","ms":60135,"predicted":false,"t":0,"tick":3466,"type":"hit"}
[client] {"a":8,"dup":false,"ev":"game","ms":60135,"predicted":false,"t":3,"tick":3466,"type":"hit"}
[client] {"a":8,"dup":false,"ev":"game","ms":60148,"predicted":false,"t":1,"tick":3467,"type":"block"}
[client] {"a":8,"dup":false,"ev":"game","ms":60362,"predicted":false,"t":0,"tick":3480,"type":"hit"}
[client] {"a":8,"dup":false,"ev":"game","ms":60418,"predicted":false,"t":1,"tick":3483,"type":"hit"}
[client] {"a":3,"dup":false,"ev":"game","ms":60535,"predicted":false,"t":8,"tick":3490,"type":"hit"}
[client] {"a":4,"dup":false,"ev":"game","ms":60617,"predicted":false,"t":8,"tick":3495,"type":"hit"}
[client] {"a":0,"dup":false,"ev":"game","ms":61866,"predicted":false,"t":8,"tick":3570,"type":"hit"}
[client] {"a":8,"dup":false,"ev":"game","ms":61866,"predicted":false,"t":-1,"tick":3570,"type":"ko"}
[client] {"a":5,"dup":false,"ev":"game","ms":64799,"predicted":false,"t":-1,"tick":3750,"type":"respawn"}
[client] {"counts":{"blocks_on_me":0,"conf_actions":39,"confirmed_hits":192,"dup_confirmed":0,"hits_on_me":29,"pred_actions":43,"predicted_confirmed":18,"predicted_hits":47,"reconnects":0},"ev":"stats","hp":280.0,"in_bytes":877955,"late":0,"local_entity":5,"match":{"countdown_until":300,"ctrl":-1,"final":false,"next":"A","phase":3,"rot":140,"scores":[2,8],"sd":false,"state":3,"tick":3460,"zone":"B"},"max_err":1.018,"mean_err":0.0313,"ms":64971,"out_bytes":184309,"pending":6,"pos":[-6.01,47.84],"reconciles":1230,"server_tick":3760,"snaps":1233,"teleports":3}
[client] {"a":6,"dup":false,"ev":"game","ms":65551,"predicted":false,"t":-1,"tick":3791,"type":"respawn"}
[client] {"a":9,"dup":false,"ev":"game","ms":65869,"predicted":false,"t":4,"tick":3810,"type":"hit"}
[client] {"a":2,"dup":false,"ev":"game","ms":66235,"predicted":false,"t":9,"tick":3832,"type":"hit"}
[client] {"a":7,"dup":false,"ev":"game","ms":67117,"predicted":false,"t":-1,"tick":3885,"type":"respawn"}
[client] {"a":-1,"dup":false,"ev":"game","ms":67352,"predicted":false,"t":-1,"tick":3899,"type":"zone_rotated"}
[client] {"counts":{"blocks_on_me":0,"conf_actions":39,"confirmed_hits":194,"dup_confirmed":0,"hits_on_me":29,"pred_actions":43,"predicted_confirmed":18,"predicted_hits":47,"reconnects":0},"ev":"stats","hp":280.0,"in_bytes":941935,"late":0,"local_entity":5,"match":{"countdown_until":300,"ctrl":-1,"final":false,"next":"","phase":3,"rot":3440,"scores":[2,8],"sd":false,"state":1,"tick":3760,"zone":"A"},"max_err":1.018,"mean_err":0.0293,"ms":69973,"out_bytes":199009,"pending":6,"pos":[-16.27,36.98],"reconciles":1330,"server_tick":4060,"snaps":1333,"teleports":3}
[client] {"a":8,"dup":false,"ev":"game","ms":71865,"predicted":false,"t":-1,"tick":4170,"type":"respawn"}
[client] {"a":1,"dup":false,"ev":"game","ms":73836,"predicted":false,"t":9,"tick":4288,"type":"hit"}
[client] {"a":9,"dup":false,"ev":"game","ms":74735,"predicted":false,"t":4,"tick":4342,"type":"hit"}
[client] {"a":3,"dup":false,"ev":"game","ms":74866,"predicted":false,"t":9,"tick":4350,"type":"hit"}
[client] {"a":1,"dup":false,"ev":"game","ms":74887,"predicted":false,"t":9,"tick":4351,"type":"hit"}
[client] {"counts":{"blocks_on_me":0,"conf_actions":39,"confirmed_hits":198,"dup_confirmed":0,"hits_on_me":29,"pred_actions":43,"predicted_confirmed":18,"predicted_hits":47,"reconnects":0},"ev":"stats","hp":280.0,"in_bytes":1005714,"late":0,"local_entity":5,"match":{"countdown_until":300,"ctrl":-1,"final":false,"next":"","phase":3,"rot":3140,"scores":[2,8],"sd":false,"state":3,"tick":4060,"zone":"A"},"max_err":1.018,"mean_err":0.0272,"ms":74969,"out_bytes":213709,"pending":6,"pos":[-27.36,9.41],"reconciles":1430,"server_tick":4360,"snaps":1433,"teleports":3}
[client] {"a":4,"dup":false,"ev":"game","ms":75101,"predicted":false,"t":9,"tick":4364,"type":"hit"}
[client] {"a":2,"dup":false,"ev":"game","ms":75197,"predicted":false,"t":9,"tick":4370,"type":"hit"}
[client] {"a":4,"dup":false,"ev":"game","ms":75467,"predicted":false,"t":9,"tick":4386,"type":"hit"}
[client] {"a":6,"dup":false,"ev":"game","ms":75597,"predicted":false,"t":0,"tick":4394,"type":"hit"}
[client] {"a":4,"dup":false,"ev":"game","ms":75784,"predicted":false,"t":9,"tick":4405,"type":"hit"}
[client] {"a":6,"dup":false,"ev":"game","ms":75833,"predicted":false,"t":0,"tick":4408,"type":"hit"}
[client] {"a":6,"dup":false,"ev":"game","ms":75888,"predicted":false,"t":1,"tick":4411,"type":"hit"}
[client] {"a":4,"dup":false,"ev":"game","ms":76437,"predicted":false,"t":9,"tick":4444,"type":"hit"}
[client] {"a":6,"dup":false,"ev":"game","ms":76647,"predicted":false,"t":0,"tick":4457,"type":"hit"}
[client] {"a":6,"dup":false,"ev":"game","ms":76695,"predicted":false,"t":3,"tick":4460,"type":"hit"}
[client] {"a":9,"dup":false,"ev":"game","ms":76792,"predicted":false,"t":4,"tick":4466,"type":"hit"}
[client] {"a":1,"dup":false,"ev":"game","ms":77026,"predicted":false,"t":6,"tick":4480,"type":"hit"}
[client] {"a":4,"dup":false,"ev":"game","ms":77212,"predicted":false,"t":9,"tick":4491,"type":"hit"}
[client] {"a":1,"dup":false,"ev":"game","ms":77399,"predicted":false,"t":6,"tick":4502,"type":"hit"}
[client] {"a":4,"dup":false,"ev":"game","ms":77530,"predicted":false,"t":9,"tick":4510,"type":"hit"}
[client] {"a":5,"dup":true,"ev":"game","ms":77764,"predicted":false,"t":1,"tick":4529,"type":"hit"}
[client] {"a":4,"dup":false,"ev":"game","ms":77882,"predicted":false,"t":9,"tick":4531,"type":"hit"}
[client] {"a":2,"dup":false,"ev":"game","ms":77909,"predicted":false,"t":6,"tick":4533,"type":"hit"}
[client] {"a":0,"dup":false,"ev":"game","ms":78165,"predicted":false,"t":7,"tick":4548,"type":"hit"}
[client] {"a":0,"dup":false,"ev":"game","ms":78178,"predicted":false,"t":5,"tick":4549,"type":"hit"}
[client] {"a":9,"dup":false,"ev":"game","ms":78613,"predicted":false,"t":4,"tick":4575,"type":"hit"}
[client] {"a":7,"dup":false,"ev":"game","ms":78979,"predicted":false,"t":1,"tick":4597,"type":"hit"}
[client] {"a":4,"dup":false,"ev":"game","ms":79047,"predicted":false,"t":9,"tick":4601,"type":"hit"}
[client] {"a":4,"dup":false,"ev":"game","ms":79461,"predicted":false,"t":9,"tick":4626,"type":"hit"}
[client] {"a":9,"dup":false,"ev":"game","ms":79461,"predicted":false,"t":-1,"tick":4626,"type":"ko"}
[client] {"a":7,"dup":false,"ev":"game","ms":79531,"predicted":false,"t":1,"tick":4630,"type":"hit"}
[client] {"a":7,"dup":false,"ev":"game","ms":79545,"predicted":false,"t":0,"tick":4631,"type":"hit"}
[client] {"counts":{"blocks_on_me":0,"conf_actions":44,"confirmed_hits":224,"dup_confirmed":0,"hits_on_me":30,"pred_actions":48,"predicted_confirmed":19,"predicted_hits":49,"reconnects":0},"ev":"stats","hp":260.0,"in_bytes":1079306,"late":0,"local_entity":5,"match":{"countdown_until":300,"ctrl":-1,"final":false,"next":"","phase":3,"rot":2840,"scores":[2,8],"sd":false,"state":3,"tick":4360,"zone":"A"},"max_err":1.314,"mean_err":0.0267,"ms":79965,"out_bytes":228409,"pending":6,"pos":[-41.08,0.97],"reconciles":1530,"server_tick":4660,"snaps":1533,"teleports":3}
[client] {"a":5,"dup":true,"ev":"game","ms":80048,"predicted":false,"t":2,"tick":4666,"type":"hit"}
[client] {"a":0,"dup":false,"ev":"game","ms":80400,"predicted":false,"t":5,"tick":4682,"type":"hit"}
[client] {"a":1,"dup":false,"ev":"game","ms":80428,"predicted":false,"t":5,"tick":4684,"type":"hit"}
[client] {"a":7,"dup":false,"ev":"game","ms":80697,"predicted":false,"t":0,"tick":4700,"type":"hit"}
[client] {"a":7,"dup":false,"ev":"game","ms":80732,"predicted":false,"t":3,"tick":4702,"type":"hit"}
[client] {"a":6,"dup":false,"ev":"game","ms":80745,"predicted":false,"t":2,"tick":4703,"type":"hit"}
[client] {"a":1,"dup":false,"ev":"game","ms":80814,"predicted":false,"t":5,"tick":4707,"type":"hit"}
[client] {"a":7,"dup":false,"ev":"game","ms":81332,"predicted":false,"t":1,"tick":4738,"type":"hit"}
[client] {"a":7,"dup":false,"ev":"game","ms":81366,"predicted":false,"t":4,"tick":4740,"type":"hit"}
[client] {"a":5,"dup":true,"ev":"game","ms":81382,"predicted":false,"t":1,"tick":4746,"type":"hit"}
[client] {"a":0,"dup":false,"ev":"game","ms":81629,"predicted":false,"t":5,"tick":4756,"type":"hit"}
[client] {"a":0,"dup":false,"ev":"game","ms":81629,"predicted":false,"t":7,"tick":4756,"type":"hit"}
[client] {"a":4,"dup":false,"ev":"game","ms":81732,"predicted":false,"t":5,"tick":4762,"type":"hit"}
[client] {"a":4,"dup":false,"ev":"game","ms":81732,"predicted":false,"t":7,"tick":4762,"type":"hit"}
[client] {"a":2,"dup":false,"ev":"game","ms":81766,"predicted":false,"t":6,"tick":4764,"type":"hit"}
[client] {"a":5,"dup":true,"ev":"game","ms":82147,"predicted":false,"t":4,"tick":4792,"type":"hit"}
[client] {"a":8,"dup":false,"ev":"game","ms":82346,"predicted":false,"t":4,"tick":4799,"type":"hit"}
[client] {"a":4,"dup":false,"ev":"game","ms":82346,"predicted":false,"t":-1,"tick":4799,"type":"ko"}
[client] {"a":0,"dup":false,"ev":"game","ms":82514,"predicted":false,"t":5,"tick":4809,"type":"hit"}
[client] {"a":7,"dup":false,"ev":"game","ms":82562,"predicted":false,"t":3,"tick":4812,"type":"hit"}
[client] {"a":3,"dup":false,"ev":"game","ms":82562,"predicted":false,"t":-1,"tick":4812,"type":"ko"}
[client] {"a":7,"dup":false,"ev":"game","ms":82596,"predicted":false,"t":1,"tick":4814,"type":"hit"}
[client] {"a":7,"dup":false,"ev":"game","ms":82631,"predicted":false,"t":0,"tick":4816,"type":"hit"}
[client] {"a":0,"dup":false,"ev":"game","ms":82631,"predicted":false,"t":-1,"tick":4816,"type":"ko"}
[client] {"a":8,"dup":false,"ev":"game","ms":83162,"predicted":false,"t":2,"tick":4848,"type":"hit"}
[client] {"a":7,"dup":false,"ev":"game","ms":83218,"predicted":false,"t":2,"tick":4851,"type":"hit"}
[client] {"a":1,"dup":false,"ev":"game","ms":83549,"predicted":false,"t":7,"tick":4871,"type":"hit"}
[client] {"a":8,"dup":false,"ev":"game","ms":83866,"predicted":false,"t":2,"tick":4890,"type":"hit"}
[client] {"a":8,"dup":false,"ev":"game","ms":83880,"predicted":false,"t":1,"tick":4891,"type":"hit"}
[client] {"a":7,"dup":false,"ev":"game","ms":83901,"predicted":false,"t":2,"tick":4892,"type":"hit"}
[client] {"a":7,"dup":false,"ev":"game","ms":83914,"predicted":false,"t":1,"tick":4893,"type":"hit"}
[client] {"a":6,"dup":false,"ev":"game","ms":84301,"predicted":false,"t":1,"tick":4916,"type":"hit"}
[client] {"a":1,"dup":false,"ev":"game","ms":84301,"predicted":false,"t":-1,"tick":4916,"type":"ko"}
[client] {"a":7,"dup":false,"ev":"game","ms":84632,"predicted":false,"t":2,"tick":4936,"type":"hit"}
[client] {"counts":{"blocks_on_me":0,"conf_actions":51,"confirmed_hits":254,"dup_confirmed":0,"hits_on_me":36,"pred_actions":55,"predicted_confirmed":22,"predicted_hits":59,"reconnects":0},"ev":"stats","hp":132.0,"in_bytes":1155594,"late":0,"local_entity":5,"match":{"countdown_until":300,"ctrl":-1,"final":false,"next":"","phase":3,"rot":2540,"scores":[2,8],"sd":false,"state":3,"tick":4660,"zone":"A"},"max_err":1.428,"mean_err":0.0274,"ms":84962,"out_bytes":243109,"pending":6,"pos":[-41.44,-0.18],"reconciles":1630,"server_tick":4960,"snaps":1633,"teleports":3}
[client] {"a":6,"dup":false,"ev":"game","ms":86267,"predicted":false,"t":2,"tick":5034,"type":"hit"}
[client] {"a":2,"dup":false,"ev":"game","ms":86267,"predicted":false,"t":-1,"tick":5034,"type":"ko"}
[client] {"a":9,"dup":false,"ev":"game","ms":89469,"predicted":false,"t":-1,"tick":5226,"type":"respawn"}
[client] {"counts":{"blocks_on_me":0,"conf_actions":51,"confirmed_hits":255,"dup_confirmed":0,"hits_on_me":36,"pred_actions":55,"predicted_confirmed":22,"predicted_hits":59,"reconnects":0},"ev":"stats","hp":144.9,"in_bytes":1205735,"late":0,"local_entity":5,"match":{"countdown_until":300,"ctrl":1,"final":false,"next":"","phase":3,"rot":2240,"scores":[2,11],"sd":false,"state":2,"tick":4960,"zone":"A"},"max_err":1.428,"mean_err":0.0261,"ms":89972,"out_bytes":257809,"pending":6,"pos":[-41.42,0.14],"reconciles":1730,"server_tick":5260,"snaps":1733,"teleports":3}
[client] {"a":4,"dup":false,"ev":"game","ms":92353,"predicted":false,"t":-1,"tick":5399,"type":"respawn"}
[client] {"a":3,"dup":false,"ev":"game","ms":92574,"predicted":false,"t":-1,"tick":5412,"type":"respawn"}
[client] {"a":0,"dup":false,"ev":"game","ms":92636,"predicted":false,"t":-1,"tick":5416,"type":"respawn"}
[client] {"a":1,"dup":false,"ev":"game","ms":94299,"predicted":false,"t":-1,"tick":5516,"type":"respawn"}
[client] {"counts":{"blocks_on_me":0,"conf_actions":51,"confirmed_hits":255,"dup_confirmed":0,"hits_on_me":36,"pred_actions":55,"predicted_confirmed":22,"predicted_hits":59,"reconnects":0},"ev":"stats","hp":234.900000000004,"in_bytes":1255413,"late":0,"local_entity":5,"match":{"countdown_until":300,"ctrl":1,"final":false,"next":"","phase":3,"rot":1940,"scores":[2,16],"sd":false,"state":2,"tick":5260,"zone":"A"},"max_err":1.428,"mean_err":0.0247,"ms":94967,"out_bytes":272509,"pending":6,"pos":[-41.42,0.14],"reconciles":1830,"server_tick":5560,"snaps":1833,"teleports":3}
[client] {"a":2,"dup":false,"ev":"game","ms":96265,"predicted":false,"t":-1,"tick":5634,"type":"respawn"}
[client] {"counts":{"blocks_on_me":0,"conf_actions":51,"confirmed_hits":255,"dup_confirmed":0,"hits_on_me":36,"pred_actions":55,"predicted_confirmed":22,"predicted_hits":59,"reconnects":0},"ev":"stats","hp":280.0,"in_bytes":1308620,"late":0,"local_entity":5,"match":{"countdown_until":300,"ctrl":1,"final":false,"next":"","phase":3,"rot":1640,"scores":[2,21],"sd":false,"state":2,"tick":5560,"zone":"A"},"max_err":1.428,"mean_err":0.0237,"ms":99970,"out_bytes":287209,"pending":6,"pos":[-41.41,-0.08],"reconciles":1930,"server_tick":5860,"snaps":1933,"teleports":3}
[client] {"a":3,"dup":false,"ev":"game","ms":103180,"predicted":false,"t":5,"tick":6048,"type":"hit"}
[client] {"a":6,"dup":false,"ev":"game","ms":103283,"predicted":false,"t":3,"tick":6054,"type":"hit"}
[client] {"a":6,"dup":false,"ev":"game","ms":103862,"predicted":false,"t":3,"tick":6089,"type":"hit"}
[client] {"a":5,"dup":true,"ev":"game","ms":104084,"predicted":false,"t":3,"tick":6107,"type":"hit"}
[client] {"a":0,"dup":false,"ev":"game","ms":104311,"predicted":false,"t":6,"tick":6116,"type":"hit"}
[client] {"a":4,"dup":false,"ev":"game","ms":104428,"predicted":false,"t":5,"tick":6123,"type":"hit"}
[client] {"a":8,"dup":false,"ev":"game","ms":104449,"predicted":false,"t":0,"tick":6124,"type":"hit"}
[client] {"a":5,"dup":true,"ev":"game","ms":104697,"predicted":false,"t":4,"tick":6145,"type":"hit"}
[client] {"a":0,"dup":false,"ev":"game","ms":104801,"predicted":false,"t":5,"tick":6146,"type":"hit"}
[client] {"a":0,"dup":false,"ev":"game","ms":104814,"predicted":false,"t":9,"tick":6147,"type":"hit"}
[client] {"counts":{"blocks_on_me":0,"conf_actions":54,"confirmed_hits":265,"dup_confirmed":0,"hits_on_me":39,"pred_actions":58,"predicted_confirmed":24,"predicted_hits":66,"reconnects":0},"ev":"stats","hp":226.0,"in_bytes":1377663,"late":0,"local_entity":5,"match":{"countdown_until":300,"ctrl":-1,"final":false,"next":"","phase":3,"rot":1340,"scores":[2,23],"sd":false,"state":3,"tick":5860,"zone":"A"},"max_err":1.428,"mean_err":0.0232,"ms":104965,"out_bytes":301909,"pending":6,"pos":[-40.45,-0.35],"reconciles":2030,"server_tick":6160,"snaps":2033,"teleports":3}
[client] {"a":1,"dup":false,"ev":"game","ms":105133,"predicted":false,"t":5,"tick":6166,"type":"hit"}
[client] {"a":9,"dup":false,"ev":"game","ms":105263,"predicted":false,"t":0,"tick":6174,"type":"hit"}
[client] {"a":9,"dup":false,"ev":"game","ms":105284,"predicted":false,"t":4,"tick":6175,"type":"hit"}
[client] {"a":8,"dup":false,"ev":"game","ms":105332,"predicted":false,"t":0,"tick":6178,"type":"hit"}
[client] {"a":8,"dup":false,"ev":"game","ms":105332,"predicted":false,"t":4,"tick":6178,"type":"hit"}
[client] {"a":1,"dup":false,"ev":"game","ms":105767,"predicted":false,"t":8,"tick":6204,"type":"hit"}
[client] {"a":8,"dup":false,"ev":"game","ms":106167,"predicted":false,"t":1,"tick":6228,"type":"hit"}
[client] {"a":0,"dup":false,"ev":"game","ms":106181,"predicted":false,"t":9,"tick":6229,"type":"hit"}
[client] {"a":6,"dup":false,"ev":"game","ms":106429,"predicted":false,"t":3,"tick":6244,"type":"hit"}
[client] {"a":0,"dup":false,"ev":"game","ms":106450,"predicted":false,"t":9,"tick":6245,"type":"hit"}
[client] {"a":7,"dup":false,"ev":"game","ms":106512,"predicted":false,"t":3,"tick":6249,"type":"hit"}
[client] {"a":4,"dup":false,"ev":"game","ms":106533,"predicted":false,"t":9,"tick":6250,"type":"hit"}
[client] {"a":4,"dup":false,"ev":"game","ms":106581,"predicted":false,"t":8,"tick":6253,"type":"hit"}
[client] {"a":6,"dup":false,"ev":"game","ms":106650,"predicted":false,"t":3,"tick":6257,"type":"hit"}
[client] {"a":2,"dup":false,"ev":"game","ms":106898,"predicted":false,"t":6,"tick":6272,"type":"hit"}
[client] {"a":7,"dup":false,"ev":"game","ms":107031,"predicted":false,"t":4,"tick":6280,"type":"hit"}
[client] {"a":1,"dup":false,"ev":"game","ms":107264,"predicted":false,"t":5,"tick":6294,"type":"hit"}
[client] {"a":9,"dup":false,"ev":"game","ms":107382,"predicted":false,"t":1,"tick":6301,"type":"hit"}
[client] {"a":7,"dup":false,"ev":"game","ms":107416,"predicted":false,"t":4,"tick":6303,"type":"hit"}
[client] {"a":8,"dup":false,"ev":"game","ms":107464,"predicted":false,"t":1,"tick":6306,"type":"hit"}
[client] {"a":5,"dup":true,"ev":"game","ms":107602,"predicted":false,"t":1,"tick":6318,"type":"hit"}
[client] {"a":7,"dup":false,"ev":"game","ms":107734,"predicted":false,"t":4,"tick":6322,"type":"hit"}
[client] {"a":2,"dup":false,"ev":"game","ms":107768,"predicted":false,"t":6,"tick":6324,"type":"hit"}
[client] {"a":7,"dup":false,"ev":"game","ms":107768,"predicted":false,"t":0,"tick":6324,"type":"hit"}
[client] {"a":3,"dup":false,"ev":"game","ms":107802,"predicted":false,"t":7,"tick":6326,"type":"hit"}
[client] {"a":1,"dup":false,"ev":"game","ms":108030,"predicted":false,"t":8,"tick":6340,"type":"hit"}
[client] {"a":1,"dup":false,"ev":"game","ms":108065,"predicted":false,"t":9,"tick":6342,"type":"hit"}
[client] {"a":2,"dup":false,"ev":"game","ms":108099,"predicted":false,"t":6,"tick":6344,"type":"hit"}
[client] {"a":7,"dup":false,"ev":"game","ms":108203,"predicted":false,"t":0,"tick":6350,"type":"hit"}
[client] {"a":5,"dup":true,"ev":"game","ms":108230,"predicted":false,"t":1,"tick":6357,"type":"hit"}
[client] {"a":6,"dup":false,"ev":"game","ms":108747,"predicted":false,"t":2,"tick":6383,"type":"hit"}
[client] {"a":4,"dup":false,"ev":"game","ms":108782,"predicted":false,"t":7,"tick":6385,"type":"hit"}
[client] {"a":8,"dup":false,"ev":"game","ms":108935,"predicted":false,"t":1,"tick":6394,"type":"hit"}
[client] {"a":3,"dup":false,"ev":"game","ms":108948,"predicted":false,"t":6,"tick":6395,"type":"hit"}
[client] {"a":3,"dup":false,"ev":"game","ms":109288,"predicted":false,"t":6,"tick":6415,"type":"hit"}
[client] {"a":3,"dup":false,"ev":"game","ms":109776,"predicted":false,"t":6,"tick":6445,"type":"hit"}
[client] {"a":5,"dup":true,"ev":"game","ms":109824,"predicted":false,"t":4,"tick":6452,"type":"hit"}
[client] {"counts":{"blocks_on_me":0,"conf_actions":57,"confirmed_hits":302,"dup_confirmed":0,"hits_on_me":41,"pred_actions":64,"predicted_confirmed":27,"predicted_hits":70,"reconnects":0},"ev":"stats","hp":170.0,"in_bytes":1456106,"late":0,"local_entity":5,"match":{"countdown_until":300,"ctrl":-1,"final":false,"next":"","phase":3,"rot":1040,"scores":[2,23],"sd":false,"state":3,"tick":6160,"zone":"A"},"max_err":1.428,"mean_err":0.0235,"ms":109961,"out_bytes":316609,"pending":6,"pos":[-41.65,0.36],"reconciles":2130,"server_tick":6460,"snaps":2133,"teleports":3}
[client] {"a":9,"dup":false,"ev":"game","ms":110058,"predicted":false,"t":4,"tick":6461,"type":"hit"}
[client] {"a":7,"dup":false,"ev":"game","ms":110079,"predicted":false,"t":2,"tick":6463,"type":"hit"}
[client] {"a":7,"dup":false,"ev":"game","ms":110079,"predicted":false,"t":4,"tick":6463,"type":"hit"}
[client] {"a":0,"dup":false,"ev":"game","ms":110114,"predicted":false,"t":7,"tick":6465,"type":"hit"}
[client] {"a":5,"dup":false,"ev":"game","ms":110279,"predicted":false,"t":2,"tick":6480,"type":"block"}
[client] {"a":0,"dup":false,"ev":"game","ms":110493,"predicted":false,"t":7,"tick":6487,"type":"hit"}
[client] {"a":1,"dup":false,"ev":"game","ms":110624,"predicted":false,"t":8,"tick":6495,"type":"hit"}
[client] {"a":3,"dup":false,"ev":"game","ms":110645,"predicted":false,"t":5,"tick":6496,"type":"hit"}
[client] {"a":0,"dup":false,"ev":"game","ms":110776,"predicted":false,"t":9,"tick":6504,"type":"hit"}
[client] {"a":2,"dup":false,"ev":"game","ms":110776,"predicted":false,"t":5,"tick":6504,"type":"hit"}
[client] {"a":4,"dup":false,"ev":"game","ms":110825,"predicted":false,"t":7,"tick":6507,"type":"hit"}
[client] {"a":4,"dup":false,"ev":"game","ms":110825,"predicted":false,"t":9,"tick":6507,"type":"hit"}
[client] {"a":4,"dup":false,"ev":"game","ms":110845,"predicted":false,"t":8,"tick":6508,"type":"hit"}
[client] {"a":1,"dup":false,"ev":"game","ms":110893,"predicted":false,"t":8,"tick":6511,"type":"hit"}
[client] {"a":3,"dup":false,"ev":"game","ms":110962,"predicted":false,"t":5,"tick":6515,"type":"hit"}
[client] {"a":2,"dup":false,"ev":"game","ms":111094,"predicted":false,"t":5,"tick":6523,"type":"hit"}
[client] {"a":2,"dup":false,"ev":"game","ms":111114,"predicted":false,"t":8,"tick":6524,"type":"hit"}
[client] {"a":1,"dup":false,"ev":"game","ms":111328,"predicted":false,"t":9,"tick":6537,"type":"hit"}
[client] {"a":2,"dup":false,"ev":"game","ms":111411,"predicted":false,"t":5,"tick":6542,"type":"hit"}
[client] {"a":2,"dup":false,"ev":"game","ms":111425,"predicted":false,"t":8,"tick":6543,"type":"hit"}
[client] {"a":0,"dup":false,"ev":"game","ms":111514,"predicted":false,"t":8,"tick":6548,"type":"hit"}
[client] {"a":0,"dup":false,"ev":"game","ms":111563,"predicted":false,"t":7,"tick":6551,"type":"hit"}
[client] {"a":0,"dup":false,"ev":"game","ms":111577,"predicted":false,"t":5,"tick":6552,"type":"hit"}
[client] {"a":4,"dup":false,"ev":"game","ms":111647,"predicted":false,"t":5,"tick":6556,"type":"hit"}
[client] {"a":4,"dup":false,"ev":"game","ms":111647,"predicted":false,"t":7,"tick":6556,"type":"hit"}
[client] {"a":6,"dup":false,"ev":"game","ms":111997,"predicted":false,"t":3,"tick":6578,"type":"hit"}
[client] {"a":9,"dup":false,"ev":"game","ms":112046,"predicted":false,"t":1,"tick":6581,"type":"hit"}
[client] {"a":2,"dup":false,"ev":"game","ms":112129,"predicted":false,"t":9,"tick":6586,"type":"hit"}
[client] {"a":8,"dup":false,"ev":"game","ms":112530,"predicted":false,"t":4,"tick":6610,"type":"hit"}
[client] {"a":1,"dup":false,"ev":"game","ms":112812,"predicted":false,"t":8,"tick":6627,"type":"hit"}
[client] {"a":2,"dup":false,"ev":"game","ms":112930,"predicted":false,"t":8,"tick":6634,"type":"hit"}
[client] {"a":8,"dup":false,"ev":"game","ms":112930,"predicted":false,"t":-1,"tick":6634,"type":"ko"}
[client] {"a":6,"dup":false,"ev":"game","ms":113012,"predicted":false,"t":2,"tick":6639,"type":"hit"}
[client] {"a":5,"dup":true,"ev":"game","ms":113046,"predicted":false,"t":2,"tick":6645,"type":"hit"}
[client] {"a":5,"dup":true,"ev":"game","ms":113046,"predicted":false,"t":4,"tick":6645,"type":"hit"}
[client] {"a":9,"dup":false,"ev":"game","ms":113212,"predicted":false,"t":0,"tick":6651,"type":"hit"}
[client] {"a":3,"dup":false,"ev":"game","ms":113364,"predicted":false,"t":9,"tick":6660,"type":"hit"}
[client] {"a":5,"dup":false,"ev":"game","ms":113529,"predicted":false,"t":-1,"tick":6675,"type":"ko"}
[client] {"a":0,"dup":false,"ev":"game","ms":113612,"predicted":false,"t":5,"tick":6675,"type":"hit"}
[client] {"a":1,"dup":false,"ev":"game","ms":113964,"predicted":false,"t":6,"tick":6696,"type":"hit"}
[client] {"a":7,"dup":false,"ev":"game","ms":114143,"predicted":false,"t":4,"tick":6707,"type":"block"}
[client] {"a":9,"dup":false,"ev":"game","ms":114378,"predicted":false,"t":4,"tick":6721,"type":"hit"}
[client] {"a":0,"dup":false,"ev":"game","ms":114661,"predicted":false,"t":9,"tick":6738,"type":"hit"}
[client] {"a":7,"dup":false,"ev":"game","ms":114764,"predicted":false,"t":0,"tick":6744,"type":"hit"}
[client] {"a":7,"dup":false,"ev":"game","ms":114778,"predicted":false,"t":2,"tick":6745,"type":"hit"}
[client] {"counts":{"blocks_on_me":0,"conf_actions":60,"confirmed_hits":343,"dup_confirmed":0,"hits_on_me":49,"pred_actions":69,"predicted_confirmed":29,"predicted_hits":80,"reconnects":0},"ev":"stats","hp":0.0,"in_bytes":1538398,"late":0,"local_entity":5,"match":{"countdown_until":300,"ctrl":-1,"final":false,"next":"C","phase":3,"rot":740,"scores":[2,23],"sd":false,"state":3,"tick":6460,"zone":"A"},"max_err":1.428,"mean_err":0.0248,"ms":114964,"out_bytes":331309,"pending":6,"pos":[-41.43,1.02],"reconciles":2229,"server_tick":6760,"snaps":2232,"teleports":3}
[client] {"a":3,"dup":false,"ev":"game","ms":114964,"predicted":false,"t":9,"tick":6756,"type":"hit"}
[client] {"a":2,"dup":false,"ev":"game","ms":115282,"predicted":false,"t":6,"tick":6775,"type":"hit"}
[client] {"a":3,"dup":false,"ev":"game","ms":115461,"predicted":false,"t":9,"tick":6786,"type":"hit"}
[client] {"a":9,"dup":false,"ev":"game","ms":115461,"predicted":false,"t":-1,"tick":6786,"type":"ko"}
[client] {"a":4,"dup":false,"ev":"game","ms":115565,"predicted":false,"t":7,"tick":6792,"type":"hit"}
[client] {"a":7,"dup":false,"ev":"game","ms":115565,"predicted":false,"t":-1,"tick":6792,"type":"ko"}
[client] {"a":6,"dup":false,"ev":"game","ms":115834,"predicted":false,"t":2,"tick":6808,"type":"hit"}
[client] {"a":6,"dup":false,"ev":"game","ms":116600,"predicted":false,"t":2,"tick":6854,"type":"hit"}
[client] {"a":2,"dup":false,"ev":"game","ms":116944,"predicted":false,"t":6,"tick":6875,"type":"hit"}
[client] {"a":2,"dup":false,"ev":"game","ms":117262,"predicted":false,"t":6,"tick":6894,"type":"hit"}
[client] {"a":6,"dup":false,"ev":"game","ms":117262,"predicted":false,"t":-1,"tick":6894,"type":"ko"}
[client] {"counts":{"blocks_on_me":0,"conf_actions":60,"confirmed_hits":351,"dup_confirmed":0,"hits_on_me":49,"pred_actions":69,"predicted_confirmed":29,"predicted_hits":80,"reconnects":0},"ev":"stats","hp":0.0,"in_bytes":1597046,"late":0,"local_entity":5,"match":{"countdown_until":300,"ctrl":0,"final":false,"next":"C","phase":3,"rot":440,"scores":[4,23],"sd":false,"state":2,"tick":6760,"zone":"A"},"max_err":1.428,"mean_err":0.0237,"ms":119966,"out_bytes":346009,"pending":6,"pos":[-41.43,1.02],"reconciles":2329,"server_tick":7060,"snaps":2332,"teleports":3}
[client] {"a":8,"dup":false,"ev":"game","ms":122926,"predicted":false,"t":-1,"tick":7234,"type":"respawn"}
[client] {"a":5,"dup":false,"ev":"game","ms":123547,"predicted":false,"t":-1,"tick":7275,"type":"respawn"}
[client] {"counts":{"blocks_on_me":0,"conf_actions":60,"confirmed_hits":351,"dup_confirmed":0,"hits_on_me":49,"pred_actions":69,"predicted_confirmed":29,"predicted_hits":80,"reconnects":0},"ev":"stats","hp":280.0,"in_bytes":1646378,"late":0,"local_entity":5,"match":{"countdown_until":300,"ctrl":0,"final":false,"next":"C","phase":3,"rot":140,"scores":[9,23],"sd":false,"state":2,"tick":7060,"zone":"A"},"max_err":1.428,"mean_err":0.0227,"ms":124961,"out_bytes":360709,"pending":6,"pos":[4.32,38.91],"reconciles":2428,"server_tick":7360,"snaps":2432,"teleports":4}
[client] {"a":9,"dup":false,"ev":"game","ms":125479,"predicted":false,"t":-1,"tick":7386,"type":"respawn"}
[client] {"a":7,"dup":false,"ev":"game","ms":125577,"predicted":false,"t":-1,"tick":7392,"type":"respawn"}
[client] {"a":6,"dup":false,"ev":"game","ms":127280,"predicted":false,"t":-1,"tick":7494,"type":"respawn"}
[client] {"a":-1,"dup":false,"ev":"game","ms":127363,"predicted":false,"t":-1,"tick":7499,"type":"zone_rotated"}
[client] {"counts":{"blocks_on_me":0,"conf_actions":60,"confirmed_hits":351,"dup_confirmed":0,"hits_on_me":49,"pred_actions":69,"predicted_confirmed":29,"predicted_hits":80,"reconnects":0},"ev":"stats","hp":280.0,"in_bytes":1695380,"late":0,"local_entity":5,"match":{"countdown_until":300,"ctrl":-1,"final":false,"next":"","phase":3,"rot":3440,"scores":[12,23],"sd":false,"state":1,"tick":7360,"zone":"C"},"max_err":1.428,"mean_err":0.0218,"ms":129963,"out_bytes":375409,"pending":6,"pos":[12.02,16.93],"reconciles":2528,"server_tick":7660,"snaps":2532,"teleports":4}
[client] {"counts":{"blocks_on_me":0,"conf_actions":60,"confirmed_hits":351,"dup_confirmed":0,"hits_on_me":49,"pred_actions":69,"predicted_confirmed":29,"predicted_hits":80,"reconnects":0},"ev":"stats","hp":280.0,"in_bytes":1757409,"late":0,"local_entity":5,"match":{"countdown_until":300,"ctrl":1,"final":false,"next":"","phase":3,"rot":3140,"scores":[12,24],"sd":false,"state":2,"tick":7660,"zone":"C"},"max_err":1.428,"mean_err":0.021,"ms":134966,"out_bytes":390109,"pending":6,"pos":[40.68,0.81],"reconciles":2628,"server_tick":7960,"snaps":2632,"teleports":4}
[client] {"a":2,"dup":false,"ev":"game","ms":139203,"predicted":false,"t":8,"tick":8210,"type":"hit"}
[client] {"a":6,"dup":false,"ev":"game","ms":139535,"predicted":false,"t":2,"tick":8230,"type":"hit"}
[client] {"a":9,"dup":false,"ev":"game","ms":139639,"predicted":false,"t":2,"tick":8236,"type":"hit"}
[client] {"a":6,"dup":false,"ev":"game","ms":139887,"predicted":false,"t":2,"tick":8251,"type":"hit"}
[client] {"counts":{"blocks_on_me":0,"conf_actions":60,"confirmed_hits":355,"dup_confirmed":0,"hits_on_me":49,"pred_actions":69,"predicted_confirmed":29,"predicted_hits":80,"reconnects":0},"ev":"stats","hp":280.0,"in_bytes":1813538,"late":0,"local_entity":5,"match":{"countdown_until":300,"ctrl":-1,"final":false,"next":"","phase":3,"rot":2840,"scores":[12,27],"sd":false,"state":3,"tick":7960,"zone":"C"},"max_err":1.428,"mean_err":0.0216,"ms":139968,"out_bytes":404809,"pending":6,"pos":[42.59,0.11],"reconciles":2728,"server_tick":8260,"snaps":2732,"teleports":4}
[client] {"a":1,"dup":false,"ev":"game","ms":140100,"predicted":false,"t":6,"tick":8264,"type":"hit"}
[client] {"a":2,"dup":false,"ev":"game","ms":140273,"predicted":false,"t":9,"tick":8274,"type":"hit"}
[client] {"a":8,"dup":false,"ev":"game","ms":140355,"predicted":false,"t":1,"tick":8279,"type":"hit"}
[client] {"a":8,"dup":false,"ev":"game","ms":140355,"predicted":false,"t":4,"tick":8279,"type":"hit"}
[client] {"a":8,"dup":false,"ev":"game","ms":140369,"predicted":false,"t":0,"tick":8280,"type":"hit"}
[client] {"a":3,"dup":false,"ev":"game","ms":140687,"predicted":false,"t":8,"tick":8299,"type":"hit"}
[client] {"a":2,"dup":false,"ev":"game","ms":140736,"predicted":false,"t":8,"tick":8302,"type":"hit"}
[client] {"a":7,"dup":false,"ev":"game","ms":140756,"predicted":false,"t":2,"tick":8303,"type":"hit"}
[client] {"a":3,"dup":false,"ev":"game","ms":141335,"predicted":false,"t":7,"tick":8338,"type":"hit"}
[client] {"a":8,"dup":false,"ev":"game","ms":141405,"predicted":false,"t":1,"tick":8342,"type":"hit"}
[client] {"a":8,"dup":false,"ev":"game","ms":141453,"predicted":false,"t":0,"tick":8345,"type":"hit"}
[client] {"a":3,"dup":false,"ev":"game","ms":141680,"predicted":false,"t":6,"tick":8359,"type":"hit"}
[client] {"a":7,"dup":false,"ev":"game","ms":141715,"predicted":false,"t":3,"tick":8361,"type":"hit"}
[client] {"a":8,"dup":false,"ev":"game","ms":141751,"predicted":false,"t":1,"tick":8363,"type":"hit"}
[client] {"a":8,"dup":false,"ev":"game","ms":141785,"predicted":false,"t":4,"tick":8365,"type":"hit"}
[client] {"a":3,"dup":false,"ev":"game","ms":142047,"predicted":false,"t":7,"tick":8381,"type":"hit"}
[client] {"a":9,"dup":false,"ev":"game","ms":142067,"predicted":false,"t":3,"tick":8382,"type":"hit"}
[client] {"a":6,"dup":false,"ev":"game","ms":142082,"predicted":false,"t":3,"tick":8383,"type":"hit"}
[client] {"a":0,"dup":false,"ev":"game","ms":142094,"predicted":false,"t":8,"tick":8384,"type":"hit"}
[client] {"a":1,"dup":false,"ev":"game","ms":142163,"predicted":false,"t":8,"tick":8388,"type":"hit"}
[client] {"a":0,"dup":false,"ev":"game","ms":142198,"predicted":false,"t":6,"tick":8390,"type":"hit"}
[client] {"a":3,"dup":false,"ev":"game","ms":142446,"predicted":false,"t":9,"tick":8405,"type":"hit"}
[client] {"a":4,"dup":false,"ev":"game","ms":143047,"predicted":false,"t":7,"tick":8441,"type":"hit"}
[client] {"a":8,"dup":false,"ev":"game","ms":143047,"predicted":false,"t":1,"tick":8441,"type":"hit"}
[client] {"a":4,"dup":false,"ev":"game","ms":143364,"predicted":false,"t":7,"tick":8460,"type":"hit"}
[client] {"a":4,"dup":false,"ev":"game","ms":143412,"predicted":false,"t":6,"tick":8463,"type":"hit"}
[client] {"a":1,"dup":false,"ev":"game","ms":143585,"predicted":false,"t":7,"tick":8473,"type":"hit"}
[client] {"a":9,"dup":false,"ev":"game","ms":143812,"predicted":false,"t":4,"tick":8487,"type":"hit"}
[client] {"a":7,"dup":false,"ev":"game","ms":143930,"predicted":false,"t":4,"tick":8494,"type":"hit"}
[client] {"a":6,"dup":false,"ev":"game","ms":144082,"predicted":false,"t":4,"tick":8503,"type":"hit"}
[client] {"a":6,"dup":false,"ev":"game","ms":144164,"predicted":false,"t":1,"tick":8508,"type":"hit"}
[client] {"a":0,"dup":false,"ev":"game","ms":144268,"predicted":false,"t":6,"tick":8514,"type":"hit"}
[client] {"a":0,"dup":false,"ev":"game","ms":144268,"predicted":false,"t":7,"tick":8514,"type":"hit"}
[client] {"a":9,"dup":false,"ev":"game","ms":144268,"predicted":false,"t":2,"tick":8514,"type":"hit"}
[client] {"a":5,"dup":true,"ev":"game","ms":144551,"predicted":false,"t":0,"tick":8535,"type":"hit"}
[client] {"a":9,"dup":false,"ev":"game","ms":144917,"predicted":false,"t":2,"tick":8552,"type":"hit"}
[client] {"counts":{"blocks_on_me":0,"conf_actions":64,"confirmed_hits":391,"dup_confirmed":0,"hits_on_me":49,"pred_actions":73,"predicted_confirmed":30,"predicted_hits":81,"reconnects":0},"ev":"stats","hp":280.0,"in_bytes":1893150,"late":0,"local_entity":5,"match":{"countdown_until":300,"ctrl":-1,"final":false,"next":"","phase":3,"rot":2540,"scores":[12,27],"sd":false,"state":3,"tick":8260,"zone":"C"},"max_err":1.428,"mean_err":0.0214,"ms":144964,"out_bytes":419509,"pending":6,"pos":[41.31,-0.11],"reconciles":2828,"server_tick":8560,"snaps":2832,"teleports":4}
[client] {"a":4,"dup":false,"ev":"game","ms":145048,"predicted":false,"t":7,"tick":8560,"type":"hit"}
[client] {"a":0,"dup":false,"ev":"game","ms":145165,"predicted":false,"t":5,"tick":8567,"type":"hit"}
[client] {"a":6,"dup":false,"ev":"game","ms":145199,"predicted":false,"t":0,"tick":8569,"type":"hit"}
[client] {"a":1,"dup":false,"ev":"game","ms":145331,"predicted":false,"t":9,"tick":8577,"type":"hit"}
[client] {"a":4,"dup":false,"ev":"game","ms":145352,"predicted":false,"t":9,"tick":8578,"type":"hit"}
[client] {"a":8,"dup":false,"ev":"game","ms":145470,"predicted":false,"t":2,"tick":8585,"type":"hit"}
[client] {"a":3,"dup":false,"ev":"game","ms":145587,"predicted":false,"t":5,"tick":8592,"type":"hit"}
[client] {"a":7,"dup":false,"ev":"game","ms":145587,"predicted":false,"t":4,"tick":8592,"type":"hit"}
[client] {"a":3,"dup":false,"ev":"game","ms":145613,"predicted":false,"t":8,"tick":8594,"type":"hit"}
[client] {"a":3,"dup":false,"ev":"game","ms":145634,"predicted":false,"t":6,"tick":8595,"type":"hit"}
[client] {"a":4,"dup":false,"ev":"game","ms":145951,"predicted":false,"t":7,"tick":8615,"type":"hit"}
[client] {"a":9,"dup":false,"ev":"game","ms":145951,"predicted":false,"t":1,"tick":8615,"type":"hit"}
[client] {"a":9,"dup":false,"ev":"game","ms":145951,"predicted":false,"t":4,"tick":8615,"type":"hit"}
[client] {"a":3,"dup":false,"ev":"game","ms":146214,"predicted":false,"t":9,"tick":8631,"type":"hit"}
[client] {"a":2,"dup":false,"ev":"game","ms":146248,"predicted":false,"t":9,"tick":8633,"type":"hit"}
[client] {"a":5,"dup":true,"ev":"game","ms":146400,"predicted":false,"t":3,"tick":8647,"type":"hit"}
[client] {"a":0,"dup":false,"ev":"game","ms":146800,"predicted":false,"t":5,"tick":8666,"type":"hit"}
[client] {"a":3,"dup":false,"ev":"game","ms":146800,"predicted":false,"t":9,"tick":8666,"type":"hit"}
[client] {"a":0,"dup":false,"ev":"game","ms":146814,"predicted":false,"t":9,"tick":8667,"type":"hit"}
[client] {"a":0,"dup":false,"ev":"game","ms":146903,"predicted":false,"t":8,"tick":8672,"type":"hit"}
[client] {"a":6,"dup":false,"ev":"game","ms":147104,"predicted":false,"t":0,"tick":8684,"type":"hit"}
[client] {"a":3,"dup":false,"ev":"game","ms":147304,"predicted":false,"t":6,"tick":8696,"type":"hit"}
[client] {"a":3,"dup":false,"ev":"game","ms":147320,"predicted":false,"t":7,"tick":8697,"type":"hit"}
[client] {"a":9,"dup":false,"ev":"game","ms":147366,"predicted":false,"t":2,"tick":8700,"type":"hit"}
[client] {"a":9,"dup":false,"ev":"game","ms":147704,"predicted":false,"t":2,"tick":8720,"type":"hit"}
[client] {"a":1,"dup":false,"ev":"game","ms":147918,"predicted":false,"t":5,"tick":8733,"type":"hit"}
[client] {"a":9,"dup":false,"ev":"game","ms":148014,"predicted":false,"t":2,"tick":8739,"type":"hit"}
[client] {"a":3,"dup":false,"ev":"game","ms":148270,"predicted":false,"t":8,"tick":8754,"type":"hit"}
[client] {"a":8,"dup":false,"ev":"game","ms":148270,"predicted":false,"t":-1,"tick":8754,"type":"ko"}
[client] {"a":0,"dup":false,"ev":"game","ms":148533,"predicted":false,"t":6,"tick":8770,"type":"hit"}
[client] {"a":3,"dup":false,"ev":"game","ms":148601,"predicted":false,"t":9,"tick":8774,"type":"parry"}
[client] {"a":4,"dup":false,"ev":"game","ms":148636,"predicted":false,"t":9,"tick":8776,"type":"hit"}
[client] {"a":7,"dup":false,"ev":"game","ms":148732,"predicted":false,"t":0,"tick":8782,"type":"hit"}
[client] {"a":1,"dup":false,"ev":"game","ms":148870,"predicted":false,"t":9,"tick":8790,"type":"hit"}
[client] {"a":7,"dup":false,"ev":"game","ms":149036,"predicted":false,"t":3,"tick":8800,"type":"hit"}
[client] {"a":1,"dup":false,"ev":"game","ms":149353,"predicted":false,"t":9,"tick":8819,"type":"hit"}
[client] {"a":0,"dup":false,"ev":"game","ms":149389,"predicted":false,"t":7,"tick":8821,"type":"hit"}
[client] {"a":3,"dup":false,"ev":"game","ms":149650,"predicted":false,"t":5,"tick":8837,"type":"block"}
[client] {"a":6,"dup":false,"ev":"game","ms":149719,"predicted":false,"t":0,"tick":8841,"type":"hit"}
[client] {"a":1,"dup":false,"ev":"game","ms":149733,"predicted":false,"t":9,"tick":8842,"type":"hit"}
[client] {"counts":{"blocks_on_me":1,"conf_actions":69,"confirmed_hits":428,"dup_confirmed":0,"hits_on_me":53,"pred_actions":79,"predicted_confirmed":31,"predicted_hits":83,"reconnects":0},"ev":"stats","hp":156.0,"in_bytes":1974095,"late":0,"local_entity":5,"match":{"countdown_until":300,"ctrl":-1,"final":false,"next":"","phase":3,"rot":2240,"scores":[12,27],"sd":false,"state":3,"tick":8560,"zone":"C"},"max_err":1.428,"mean_err":0.0227,"ms":149966,"out_bytes":434209,"pending":6,"pos":[43.52,-0.81],"reconciles":2928,"server_tick":8860,"snaps":2932,"teleports":4}
[client] {"a":7,"dup":false,"ev":"game","ms":150319,"predicted":false,"t":3,"tick":8877,"type":"hit"}
[client] {"a":6,"dup":false,"ev":"game","ms":150334,"predicted":false,"t":3,"tick":8878,"type":"hit"}
[client] {"a":9,"dup":false,"ev":"game","ms":150389,"predicted":false,"t":1,"tick":8881,"type":"hit"}
[client] {"a":3,"dup":false,"ev":"game","ms":150650,"predicted":false,"t":5,"tick":8897,"type":"block"}
[client] {"a":7,"dup":false,"ev":"game","ms":150906,"predicted":false,"t":3,"tick":8912,"type":"hit"}
[client] {"a":9,"dup":false,"ev":"game","ms":151119,"predicted":false,"t":4,"tick":8925,"type":"block"}
[client] {"a":3,"dup":false,"ev":"game","ms":151223,"predicted":false,"t":5,"tick":8931,"type":"block"}
[client] {"a":3,"dup":false,"ev":"game","ms":151271,"predicted":false,"t":7,"tick":8934,"type":"hit"}
[client] {"a":9,"dup":false,"ev":"game","ms":151402,"predicted":false,"t":4,"tick":8942,"type":"hit"}
[client] {"a":2,"dup":false,"ev":"game","ms":151423,"predicted":false,"t":9,"tick":8943,"type":"hit"}
[client] {"a":6,"dup":false,"ev":"game","ms":151423,"predicted":false,"t":0,"tick":8943,"type":"hit"}
[client] {"a":6,"dup":false,"ev":"game","ms":151451,"predicted":false,"t":3,"tick":8945,"type":"hit"}
[client] {"a":1,"dup":false,"ev":"game","ms":151520,"predicted":false,"t":6,"tick":8949,"type":"hit"}
[client] {"a":6,"dup":false,"ev":"game","ms":151520,"predicted":false,"t":-1,"tick":8949,"type":"ko"}
[client] {"a":2,"dup":false,"ev":"game","ms":151727,"predicted":false,"t":9,"tick":8962,"type":"hit"}
[client] {"a":9,"dup":false,"ev":"game","ms":151727,"predicted":false,"t":-1,"tick":8962,"type":"ko"}
[client] {"a":4,"dup":false,"ev":"game","ms":151761,"predicted":false,"t":5,"tick":8964,"type":"hit"}
[client] {"a":3,"dup":false,"ev":"game","ms":151830,"predicted":false,"t":5,"tick":8968,"type":"hit"}
[client] {"a":0,"dup":false,"ev":"game","ms":151927,"predicted":false,"t":5,"tick":8974,"type":"hit"}
[client] {"a":4,"dup":false,"ev":"game","ms":152128,"predicted":false,"t":5,"tick":8986,"type":"hit"}
[client] {"a":3,"dup":false,"ev":"game","ms":152148,"predicted":false,"t":5,"tick":8987,"type":"hit"}
[client] {"a":3,"dup":false,"ev":"game","ms":152196,"predicted":false,"t":7,"tick":8990,"type":"hit"}
[client] {"a":7,"dup":false,"ev":"game","ms":152196,"predicted":false,"t":-1,"tick":8990,"type":"ko"}
[client] {"a":0,"dup":false,"ev":"game","ms":152246,"predicted":false,"t":5,"tick":8993,"type":"hit"}
[client] {"a":3,"dup":false,"ev":"game","ms":152465,"predicted":false,"t":5,"tick":9006,"type":"hit"}
[client] {"a":4,"dup":false,"ev":"game","ms":152479,"predicted":false,"t":5,"tick":9007,"type":"hit"}
[client] {"a":5,"dup":false,"ev":"game","ms":152962,"predicted":false,"t":-1,"tick":9041,"type":"ko"}
[client] {"a":4,"dup":false,"ev":"game","ms":153045,"predicted":false,"t":5,"tick":9041,"type":"hit"}
[client] {"counts":{"blocks_on_me":3,"conf_actions":71,"confirmed_hits":449,"dup_confirmed":0,"hits_on_me":62,"pred_actions":84,"predicted_confirmed":31,"predicted_hits":83,"reconnects":0},"ev":"stats","hp":0.0,"in_bytes":2044549,"late":0,"local_entity":5,"match":{"countdown_until":300,"ctrl":0,"final":false,"next":"","phase":3,"rot":1940,"scores":[13,27],"sd":false,"state":2,"tick":8860,"zone":"C"},"max_err":1.428,"mean_err":0.0231,"ms":154962,"out_bytes":448909,"pending":6,"pos":[44.51,-1.12],"reconciles":3028,"server_tick":9160,"snaps":3032,"teleports":4}
[client] {"a":8,"dup":false,"ev":"game","ms":158268,"predicted":false,"t":-1,"tick":9354,"type":"respawn"}
[client] {"counts":{"blocks_on_me":3,"conf_actions":71,"confirmed_hits":449,"dup_confirmed":0,"hits_on_me":62,"pred_actions":84,"predicted_confirmed":31,"predicted_hits":83,"reconnects":0},"ev":"stats","hp":0.0,"in_bytes":2092589,"late":0,"local_entity":5,"match":{"countdown_until":300,"ctrl":0,"final":false,"next":"","phase":3,"rot":1640,"scores":[18,27],"sd":false,"state":2,"tick":9160,"zone":"C"},"max_err":1.428,"mean_err":0.0223,"ms":159965,"out_bytes":463609,"pending":6,"pos":[44.51,-1.12],"reconciles":3128,"server_tick":9460,"snaps":3132,"teleports":4}
[client] {"a":6,"dup":false,"ev":"game","ms":161518,"predicted":false,"t":-1,"tick":9549,"type":"respawn"}
[client] {"a":9,"dup":false,"ev":"game","ms":161739,"predicted":false,"t":-1,"tick":9562,"type":"respawn"}
[client] {"a":7,"dup":false,"ev":"game","ms":162201,"predicted":false,"t":-1,"tick":9590,"type":"respawn"}
[client] {"a":5,"dup":false,"ev":"game","ms":162967,"predicted":false,"t":-1,"tick":9641,"type":"respawn"}
[client] {"counts":{"blocks_on_me":3,"conf_actions":71,"confirmed_hits":449,"dup_confirmed":0,"hits_on_me":62,"pred_actions":84,"predicted_confirmed":31,"predicted_hits":83,"reconnects":0},"ev":"stats","hp":280.0,"in_bytes":2144684,"late":0,"local_entity":5,"match":{"countdown_until":300,"ctrl":0,"final":false,"next":"","phase":3,"rot":1340,"scores":[23,27],"sd":false,"state":2,"tick":9460,"zone":"C"},"max_err":1.428,"mean_err":0.0216,"ms":164967,"out_bytes":478309,"pending":6,"pos":[-3.3,36.85],"reconciles":3227,"server_tick":9760,"snaps":3232,"teleports":5}
[client] {"a":8,"dup":false,"ev":"game","ms":168984,"predicted":false,"t":1,"tick":9997,"type":"hit"}
[client] {"a":8,"dup":false,"ev":"game","ms":169301,"predicted":false,"t":1,"tick":10016,"type":"hit"}
[client] {"a":0,"dup":false,"ev":"game","ms":169549,"predicted":false,"t":8,"tick":10031,"type":"hit"}
[client] {"counts":{"blocks_on_me":3,"conf_actions":71,"confirmed_hits":452,"dup_confirmed":0,"hits_on_me":62,"pred_actions":84,"predicted_confirmed":31,"predicted_hits":83,"reconnects":0},"ev":"stats","hp":280.0,"in_bytes":2206619,"late":0,"local_entity":5,"match":{"countdown_until":300,"ctrl":-1,"final":false,"next":"","phase":3,"rot":1040,"scores":[26,27],"sd":false,"state":3,"tick":9760,"zone":"C"},"max_err":1.428,"mean_err":0.021,"ms":169963,"out_bytes":493009,"pending":6,"pos":[16.68,15.43],"reconciles":3327,"server_tick":10060,"snaps":3332,"teleports":5}
[client] {"a":1,"dup":false,"ev":"game","ms":171737,"predicted":false,"t":8,"tick":10162,"type":"hit"}
[client] {"a":1,"dup":false,"ev":"game","ms":172075,"predicted":false,"t":8,"tick":10183,"type":"hit"}
[client] {"a":6,"dup":false,"ev":"game","ms":172111,"predicted":false,"t":1,"tick":10185,"type":"hit"}
[client] {"a":2,"dup":false,"ev":"game","ms":172310,"predicted":false,"t":6,"tick":10197,"type":"hit"}
[client] {"a":4,"dup":false,"ev":"game","ms":172427,"predicted":false,"t":8,"tick":10203,"type":"hit"}
[client] {"a":0,"dup":false,"ev":"game","ms":172675,"predicted":false,"t":6,"tick":10218,"type":"hit"}
[client] {"a":3,"dup":false,"ev":"game","ms":172732,"predicted":false,"t":6,"tick":10221,"type":"hit"}
[client] {"a":8,"dup":false,"ev":"game","ms":172897,"predicted":false,"t":2,"tick":10231,"type":"hit"}
[client] {"a":0,"dup":false,"ev":"game","ms":173027,"predicted":false,"t":6,"tick":10239,"type":"hit"}
[client] {"a":2,"dup":false,"ev":"game","ms":173297,"predicted":false,"t":9,"tick":10255,"type":"hit"}
[client] {"a":9,"dup":false,"ev":"game","ms":173697,"predicted":false,"t":2,"tick":10279,"type":"hit"}
[client] {"a":6,"dup":false,"ev":"game","ms":173735,"predicted":false,"t":0,"tick":10281,"type":"hit"}
[client] {"a":6,"dup":false,"ev":"game","ms":174062,"predicted":false,"t":0,"tick":10301,"type":"hit"}
[client] {"a":2,"dup":false,"ev":"game","ms":174145,"predicted":false,"t":9,"tick":10306,"type":"hit"}
[client] {"a":4,"dup":false,"ev":"game","ms":174214,"predicted":false,"t":6,"tick":10310,"type":"hit"}
[client] {"a":8,"dup":false,"ev":"game","ms":174262,"predicted":false,"t":2,"tick":10313,"type":"hit"}
[client] {"a":7,"dup":false,"ev":"game","ms":174276,"predicted":false,"t":2,"tick":10314,"type":"hit"}
[client] {"a":5,"dup":true,"ev":"game","ms":174332,"predicted":false,"t":2,"tick":10323,"type":"hit"}
[client] {"counts":{"blocks_on_me":3,"conf_actions":73,"confirmed_hits":470,"dup_confirmed":0,"hits_on_me":62,"pred_actions":86,"predicted_confirmed":32,"predicted_hits":86,"reconnects":0},"ev":"stats","hp":280.0,"in_bytes":2277715,"late":0,"local_entity":5,"match":{"countdown_until":300,"ctrl":-1,"final":false,"next":"B","phase":3,"rot":740,"scores":[26,27],"sd":false,"state":3,"tick":10060,"zone":"C"},"max_err":1.428,"mean_err":0.0207,"ms":174965,"out_bytes":507709,"pending":6,"pos":[39.86,2.81],"reconciles":3426,"server_tick":10360,"snaps":3431,"teleports":5}
[client] {"a":3,"dup":false,"ev":"game","ms":175449,"predicted":false,"t":9,"tick":10384,"type":"hit"}
[client] {"a":4,"dup":false,"ev":"game","ms":176477,"predicted":false,"t":6,"tick":10446,"type":"hit"}
[client] {"a":7,"dup":false,"ev":"game","ms":176595,"predicted":false,"t":2,"tick":10453,"type":"hit"}
[client] {"a":8,"dup":false,"ev":"game","ms":176746,"predicted":false,"t":2,"tick":10462,"type":"hit"}
[client] {"a":4,"dup":false,"ev":"game","ms":176815,"predicted":false,"t":6,"tick":10466,"type":"hit"}
[client] {"a":4,"dup":false,"ev":"game","ms":177146,"predicted":false,"t":6,"tick":10486,"type":"hit"}
[client] {"a":3,"dup":false,"ev":"game","ms":177312,"predicted":false,"t":8,"tick":10496,"type":"hit"}
[client] {"a":7,"dup":false,"ev":"game","ms":177334,"predicted":false,"t":3,"tick":10497,"type":"hit"}
[client] {"a":6,"dup":false,"ev":"game","ms":177830,"predicted":false,"t":4,"tick":10527,"type":"hit"}
[client] {"a":6,"dup":false,"ev":"game","ms":178147,"predicted":false,"t":4,"tick":10547,"type":"hit"}
[client] {"a":2,"dup":false,"ev":"game","ms":178168,"predicted":false,"t":7,"tick":10548,"type":"hit"}
[client] {"a":2,"dup":false,"ev":"game","ms":178216,"predicted":false,"t":5,"tick":10551,"type":"block"}
[client] {"a":6,"dup":false,"ev":"game","ms":178464,"predicted":false,"t":4,"tick":10566,"type":"hit"}
[client] {"a":2,"dup":false,"ev":"game","ms":178534,"predicted":false,"t":5,"tick":10570,"type":"block"}
[client] {"a":2,"dup":false,"ev":"game","ms":178534,"predicted":false,"t":7,"tick":10570,"type":"hit"}
[client] {"a":8,"dup":false,"ev":"game","ms":178616,"predicted":false,"t":2,"tick":10575,"type":"hit"}
[client] {"a":9,"dup":false,"ev":"game","ms":178747,"predicted":false,"t":2,"tick":10583,"type":"hit"}
[client] {"a":2,"dup":false,"ev":"game","ms":178747,"predicted":false,"t":-1,"tick":10583,"type":"ko"}
[client] {"a":9,"dup":false,"ev":"game","ms":178768,"predicted":false,"t":3,"tick":10584,"type":"hit"}
[client] {"a":4,"dup":false,"ev":"game","ms":178864,"predicted":false,"t":6,"tick":10590,"type":"hit"}
[client] {"a":0,"dup":false,"ev":"game","ms":179300,"predicted":false,"t":9,"tick":10616,"type":"hit"}
[client] {"a":5,"dup":true,"ev":"game","ms":179865,"predicted":false,"t":0,"tick":10655,"type":"hit"}
[client] {"counts":{"blocks_on_me":5,"conf_actions":76,"confirmed_hits":489,"dup_confirmed":0,"hits_on_me":62,"pred_actions":90,"predicted_confirmed":33,"predicted_hits":88,"reconnects":0},"ev":"stats","hp":280.0,"in_bytes":2354591,"late":0,"local_entity":5,"match":{"countdown_until":300,"ctrl":-1,"final":false,"next":"B","phase":3,"rot":440,"scores":[26,27],"sd":false,"state":3,"tick":10360,"zone":"C"},"max_err":1.428,"mean_err":0.0209,"ms":179968,"out_bytes":522409,"pending":6,"pos":[41.65,1.28],"reconciles":3526,"server_tick":10660,"snaps":3531,"teleports":5}
[client] {"a":1,"dup":false,"ev":"game","ms":180051,"predicted":false,"t":9,"tick":10661,"type":"hit"}
[client] {"a":5,"dup":true,"ev":"game","ms":180183,"predicted":false,"t":0,"tick":10674,"type":"hit"}
[client] {"a":5,"dup":true,"ev":"game","ms":180513,"predicted":false,"t":0,"tick":10694,"type":"hit"}
[client] {"a":4,"dup":false,"ev":"game","ms":180631,"predicted":false,"t":9,"tick":10696,"type":"hit"}
[client] {"a":6,"dup":false,"ev":"game","ms":180769,"predicted":false,"t":1,"tick":10704,"type":"hit"}
[client] {"a":3,"dup":false,"ev":"game","ms":180796,"predicted":false,"t":5,"tick":10706,"type":"hit"}
[client] {"a":8,"dup":false,"ev":"game","ms":180817,"predicted":false,"t":0,"tick":10707,"type":"hit"}
[client] {"a":7,"dup":false,"ev":"game","ms":180887,"predicted":false,"t":3,"tick":10711,"type":"hit"}
[client] {"a":4,"dup":false,"ev":"game","ms":180948,"predicted":false,"t":9,"tick":10715,"type":"hit"}
[client] {"a":8,"dup":false,"ev":"game","ms":181169,"predicted":false,"t":0,"tick":10728,"type":"hit"}
[client] {"a":4,"dup":false,"ev":"game","ms":181288,"predicted":false,"t":9,"tick":10735,"type":"hit"}
[client] {"a":3,"dup":false,"ev":"game","ms":181397,"predicted":false,"t":8,"tick":10742,"type":"hit"}
[client] {"a":1,"dup":false,"ev":"game","ms":181535,"predicted":false,"t":9,"tick":10750,"type":"hit"}
[client] {"a":5,"dup":true,"ev":"game","ms":181735,"predicted":false,"t":0,"tick":10767,"type":"hit"}
[client] {"a":9,"dup":false,"ev":"game","ms":181887,"predicted":false,"t":1,"tick":10771,"type":"hit"}
[client] {"a":6,"dup":false,"ev":"game","ms":181914,"predicted":false,"t":0,"tick":10773,"type":"hit"}
[client] {"a":8,"dup":false,"ev":"game","ms":182087,"predicted":false,"t":4,"tick":10783,"type":"hit"}
[client] {"a":5,"dup":true,"ev":"game","ms":182101,"predicted":false,"t":0,"tick":10789,"type":"hit"}
[client] {"a":7,"dup":false,"ev":"game","ms":182170,"predicted":false,"t":0,"tick":10788,"type":"hit"}
[client] {"a":9,"dup":false,"ev":"game","ms":182198,"predicted":false,"t":1,"tick":10790,"type":"hit"}
[client] {"a":5,"dup":true,"ev":"game","ms":182466,"predicted":false,"t":0,"tick":10811,"type":"hit"}
[client] {"a":9,"dup":false,"ev":"game","ms":182536,"predicted":false,"t":1,"tick":10810,"type":"hit"}
[client] {"a":0,"dup":false,"ev":"game","ms":182549,"predicted":false,"t":-1,"tick":10811,"type":"ko"}
[client] {"a":7,"dup":false,"ev":"game","ms":182715,"predicted":false,"t":3,"tick":10821,"type":"hit"}
[client] {"a":5,"dup":true,"ev":"game","ms":182984,"predicted":false,"t":3,"tick":10842,"type":"hit"}
[client] {"a":3,"dup":false,"ev":"game","ms":183053,"predicted":false,"t":7,"tick":10841,"type":"hit"}
[client] {"a":4,"dup":false,"ev":"game","ms":183170,"predicted":false,"t":8,"tick":10848,"type":"hit"}
[client] {"a":9,"dup":false,"ev":"game","ms":183232,"predicted":false,"t":1,"tick":10852,"type":"hit"}
[client] {"a":4,"dup":false,"ev":"game","ms":183572,"predicted":false,"t":8,"tick":10872,"type":"hit"}
[client] {"a":3,"dup":false,"ev":"game","ms":183619,"predicted":false,"t":7,"tick":10875,"type":"hit"}
[client] {"a":5,"dup":true,"ev":"game","ms":183667,"predicted":false,"t":3,"tick":10883,"type":"hit"}
[client] {"a":4,"dup":false,"ev":"game","ms":183936,"predicted":false,"t":8,"tick":10894,"type":"hit"}
[client] {"a":4,"dup":false,"ev":"game","ms":184668,"predicted":false,"t":8,"tick":10938,"type":"hit"}
[client] {"a":8,"dup":false,"ev":"game","ms":184668,"predicted":false,"t":-1,"tick":10938,"type":"ko"}
[client] {"a":5,"dup":true,"ev":"game","ms":184689,"predicted":false,"t":3,"tick":10943,"type":"hit"}
[client] {"counts":{"blocks_on_me":5,"conf_actions":85,"confirmed_hits":522,"dup_confirmed":0,"hits_on_me":63,"pred_actions":99,"predicted_confirmed":41,"predicted_hits":101,"reconnects":0},"ev":"stats","hp":262.0,"in_bytes":2433099,"late":0,"local_entity":5,"match":{"countdown_until":300,"ctrl":-1,"final":false,"next":"B","phase":3,"rot":140,"scores":[26,27],"sd":false,"state":3,"tick":10660,"zone":"C"},"max_err":1.428,"mean_err":0.0207,"ms":184970,"out_bytes":537109,"pending":6,"pos":[43.21,-1.14],"reconciles":3625,"server_tick":10960,"snaps":3631,"teleports":5}
[client] {"a":1,"dup":false,"ev":"game","ms":185399,"predicted":false,"t":9,"tick":10982,"type":"hit"}
[client] {"a":3,"dup":false,"ev":"game","ms":185586,"predicted":false,"t":5,"tick":10993,"type":"hit"}
[client] {"a":3,"dup":false,"ev":"game","ms":185586,"predicted":false,"t":7,"tick":10993,"type":"hit"}
[client] {"a":9,"dup":false,"ev":"game","ms":185785,"predicted":false,"t":1,"tick":11005,"type":"hit"}
[client] {"a":4,"dup":false,"ev":"game","ms":185939,"predicted":false,"t":9,"tick":11014,"type":"hit"}
[client] {"a":6,"dup":false,"ev":"game","ms":186089,"predicted":false,"t":4,"tick":11023,"type":"hit"}
[client] {"a":3,"dup":false,"ev":"game","ms":187034,"predicted":false,"t":7,"tick":11080,"type":"hit"}
[client] {"a":4,"dup":false,"ev":"game","ms":187151,"predicted":false,"t":6,"tick":11087,"type":"hit"}
[client] {"a":6,"dup":false,"ev":"game","ms":187151,"predicted":false,"t":-1,"tick":11087,"type":"ko"}
[client] {"a":5,"dup":true,"ev":"game","ms":187317,"predicted":false,"t":3,"tick":11102,"type":"hit"}
[client] {"a":-1,"dup":false,"ev":"game","ms":187351,"predicted":false,"t":-1,"tick":11099,"type":"zone_rotated"}
[client] {"a":7,"dup":false,"ev":"game","ms":187420,"predicted":false,"t":3,"tick":11103,"type":"hit"}
[client] {"a":9,"dup":false,"ev":"game","ms":187669,"predicted":false,"t":4,"tick":11118,"type":"hit"}
[client] {"a":7,"dup":false,"ev":"game","ms":187739,"predicted":false,"t":3,"tick":11122,"type":"hit"}
[client] {"a":3,"dup":false,"ev":"game","ms":187740,"predicted":false,"t":-1,"tick":11122,"type":"ko"}
[client] {"a":9,"dup":false,"ev":"game","ms":188007,"predicted":false,"t":4,"tick":11138,"type":"hit"}
[client] {"a":1,"dup":false,"ev":"game","ms":188021,"predicted":false,"t":7,"tick":11139,"type":"hit"}
[client] {"a":9,"dup":false,"ev":"game","ms":188317,"predicted":false,"t":4,"tick":11157,"type":"hit"}
[client] {"a":1,"dup":false,"ev":"game","ms":188421,"predicted":false,"t":7,"tick":11163,"type":"hit"}
[client] {"a":1,"dup":false,"ev":"game","ms":188469,"predicted":false,"t":5,"tick":11166,"type":"hit"}
[client] {"a":2,"dup":false,"ev":"game","ms":188752,"predicted":false,"t":-1,"tick":11183,"type":"respawn"}
[client] {"a":1,"dup":false,"ev":"game","ms":188821,"predicted":false,"t":7,"tick":11187,"type":"hit"}
[client] {"a":1,"dup":false,"ev":"game","ms":188870,"predicted":false,"t":5,"tick":11190,"type":"hit"}
[client] {"a":4,"dup":false,"ev":"game","ms":188987,"predicted":false,"t":9,"tick":11197,"type":"hit"}
[client] {"a":9,"dup":false,"ev":"game","ms":188987,"predicted":false,"t":-1,"tick":11197,"type":"ko"}
[client] {"a":7,"dup":false,"ev":"game","ms":189236,"predicted":false,"t":1,"tick":11212,"type":"hit"}
[client] {"a":1,"dup":false,"ev":"game","ms":189236,"predicted":false,"t":-1,"tick":11212,"type":"ko"}
[client] {"counts":{"blocks_on_me":5,"conf_actions":93,"confirmed_hits":543,"dup_confirmed":0,"hits_on_me":66,"pred_actions":106,"predicted_confirmed":42,"predicted_hits":102,"reconnects":0},"ev":"stats","hp":174.0,"in_bytes":2501273,"late":0,"local_entity":5,"match":{"countdown_until":300,"ctrl":-1,"final":false,"next":"","phase":3,"rot":3440,"scores":[26,27],"sd":false,"state":1,"tick":10960,"zone":"B"},"max_err":1.428,"mean_err":0.0212,"ms":189973,"out_bytes":551809,"pending":6,"pos":[44.07,-1.85],"reconciles":3725,"server_tick":11260,"snaps":3731,"teleports":5}
[client] {"a":4,"dup":false,"ev":"game","ms":189974,"predicted":false,"t":5,"tick":11256,"type":"hit"}
[client] {"a":4,"dup":false,"ev":"game","ms":190656,"predicted":false,"t":7,"tick":11297,"type":"hit"}
[client] {"a":4,"dup":false,"ev":"game","ms":191008,"predicted":false,"t":7,"tick":11318,"type":"hit"}
[client] {"a":5,"dup":true,"ev":"game","ms":191250,"predicted":false,"t":4,"tick":11338,"type":"hit"}
[client] {"a":4,"dup":false,"ev":"game","ms":191333,"predicted":false,"t":7,"tick":11338,"type":"hit"}
[client] {"a":5,"dup":true,"ev":"game","ms":191567,"predicted":false,"t":4,"tick":11357,"type":"hit"}
[client] {"a":7,"dup":false,"ev":"game","ms":192285,"predicted":false,"t":4,"tick":11394,"type":"hit"}
[client] {"a":0,"dup":false,"ev":"game","ms":192547,"predicted":false,"t":-1,"tick":11411,"type":"respawn"}
[client] {"a":5,"dup":true,"ev":"game","ms":192568,"predicted":false,"t":4,"tick":11417,"type":"hit"}
[client] {"a":4,"dup":false,"ev":"game","ms":193983,"predicted":false,"t":7,"tick":11497,"type":"hit"}
[client] {"a":7,"dup":false,"ev":"game","ms":193983,"predicted":false,"t":-1,"tick":11497,"type":"ko"}
[client] {"a":8,"dup":false,"ev":"game","ms":194666,"predicted":false,"t":-1,"tick":11538,"type":"respawn"}
[client] {"counts":{"blocks_on_me":5,"conf_actions":97,"confirmed_hits":552,"dup_confirmed":0,"hits_on_me":67,"pred_actions":110,"predicted_confirmed":45,"predicted_hits":106,"reconnects":0},"ev":"stats","hp":174.0,"in_bytes":2559742,"late":0,"local_entity":5,"match":{"countdown_until":300,"ctrl":0,"final":false,"next":"","phase":3,"rot":3140,"scores":[26,27],"sd":false,"state":2,"tick":11260,"zone":"B"},"max_err":1.428,"mean_err":0.0207,"ms":194968,"out_bytes":566509,"pending":6,"pos":[30.79,-4.36],"reconciles":3825,"server_tick":11560,"snaps":3831,"teleports":5}
[client] {"a":6,"dup":false,"ev":"game","ms":197149,"predicted":false,"t":-1,"tick":11687,"type":"respawn"}
[client] {"a":3,"dup":false,"ev":"game","ms":197737,"predicted":false,"t":-1,"tick":11722,"type":"respawn"}
[client] {"a":9,"dup":false,"ev":"game","ms":198985,"predicted":false,"t":-1,"tick":11797,"type":"respawn"}
[client] {"a":1,"dup":false,"ev":"game","ms":199227,"predicted":false,"t":-1,"tick":11812,"type":"respawn"}
[client] {"a":5,"dup":true,"ev":"game","ms":199850,"predicted":false,"t":2,"tick":11854,"type":"hit"}
[client] {"a":5,"dup":true,"ev":"game","ms":199883,"predicted":false,"t":0,"tick":11855,"type":"hit"}
[client] {"counts":{"blocks_on_me":5,"conf_actions":98,"confirmed_hits":554,"dup_confirmed":0,"hits_on_me":67,"pred_actions":112,"predicted_confirmed":47,"predicted_hits":110,"reconnects":0},"ev":"stats","hp":194.100000000001,"in_bytes":2618093,"late":0,"local_entity":5,"match":{"countdown_until":300,"ctrl":-1,"final":false,"next":"","phase":3,"rot":2840,"scores":[29,27],"sd":false,"state":3,"tick":11560,"zone":"B"},"max_err":1.428,"mean_err":0.0202,"ms":199965,"out_bytes":581209,"pending":6,"pos":[1.15,-2.82],"reconciles":3925,"server_tick":11860,"snaps":3931,"teleports":5}
[client] {"a":5,"dup":true,"ev":"game","ms":200201,"predicted":false,"t":0,"tick":11874,"type":"hit"}
[client] {"a":5,"dup":true,"ev":"game","ms":200201,"predicted":false,"t":2,"tick":11874,"type":"hit"}
[client] {"a":5,"dup":true,"ev":"game","ms":200518,"predicted":false,"t":2,"tick":11894,"type":"hit"}
[client] {"a":5,"dup":true,"ev":"game","ms":200545,"predicted":false,"t":0,"tick":11895,"type":"hit"}
[client] {"a":5,"dup":true,"ev":"game","ms":201036,"predicted":false,"t":2,"tick":11924,"type":"hit"}
[client] {"a":0,"dup":false,"ev":"game","ms":201332,"predicted":false,"t":5,"tick":11938,"type":"hit"}
[client] {"a":0,"dup":false,"ev":"game","ms":201836,"predicted":false,"t":5,"tick":11968,"type":"hit"}
[client] {"a":5,"dup":false,"ev":"game","ms":202249,"predicted":false,"t":4,"tick":11998,"type":"block"}
[client] {"a":0,"dup":false,"ev":"game","ms":202498,"predicted":false,"t":5,"tick":12008,"type":"hit"}
[client] {"a":8,"dup":false,"ev":"game","ms":202981,"predicted":false,"t":2,"tick":12037,"type":"hit"}
[client] {"a":5,"dup":false,"ev":"game","ms":203402,"predicted":false,"t":4,"tick":12067,"type":"block"}
[client] {"a":5,"dup":false,"ev":"game","ms":203698,"predicted":false,"t":4,"tick":12085,"type":"block"}
[client] {"a":7,"dup":false,"ev":"game","ms":203982,"predicted":false,"t":-1,"tick":12097,"type":"respawn"}
[client] {"a":2,"dup":false,"ev":"game","ms":204002,"predicted":false,"t":8,"tick":12098,"type":"hit"}
[client] {"a":5,"dup":true,"ev":"game","ms":204320,"predicted":false,"t":4,"tick":12122,"type":"hit"}
[client] {"a":2,"dup":false,"ev":"game","ms":204637,"predicted":false,"t":8,"tick":12136,"type":"hit"}
[client] {"a":5,"dup":true,"ev":"game","ms":204650,"predicted":false,"t":4,"tick":12142,"type":"hit"}
[client] {"a":2,"dup":false,"ev":"game","ms":204664,"predicted":false,"t":6,"tick":12138,"type":"hit"}
[client] {"counts":{"blocks_on_me":5,"conf_actions":109,"confirmed_hits":568,"dup_confirmed":0,"hits_on_me":70,"pred_actions":123,"predicted_confirmed":54,"predicted_hits":131,"reconnects":0},"ev":"stats","hp":120.100000000001,"in_bytes":2694614,"late":0,"local_entity":5,"match":{"countdown_until":300,"ctrl":-1,"final":false,"next":"","phase":3,"rot":2540,"scores":[29,27],"sd":false,"state":3,"tick":11860,"zone":"B"},"max_err":1.428,"mean_err":0.0207,"ms":204967,"out_bytes":595909,"pending":6,"pos":[2.58,-2.56],"reconciles":4025,"server_tick":12160,"snaps":4031,"teleports":5}
[client] {"a":0,"dup":false,"ev":"game","ms":205051,"predicted":false,"t":5,"tick":12161,"type":"hit"}
[client] {"a":3,"dup":false,"ev":"game","ms":205051,"predicted":false,"t":8,"tick":12161,"type":"hit"}
[client] {"a":4,"dup":false,"ev":"game","ms":205099,"predicted":false,"t":5,"tick":12164,"type":"hit"}
[client] {"a":5,"dup":true,"ev":"game","ms":205465,"predicted":false,"t":4,"tick":12191,"type":"hit"}
[client] {"a":6,"dup":false,"ev":"game","ms":205548,"predicted":false,"t":2,"tick":12191,"type":"hit"}
[client] {"a":8,"dup":false,"ev":"game","ms":205651,"predicted":false,"t":0,"tick":12197,"type":"hit"}
[client] {"a":4,"dup":false,"ev":"game","ms":205921,"predicted":false,"t":8,"tick":12213,"type":"hit"}
[client] {"a":5,"dup":true,"ev":"game","ms":206038,"predicted":false,"t":0,"tick":12225,"type":"hit"}
[client] {"a":6,"dup":false,"ev":"game","ms":206182,"predicted":false,"t":2,"tick":12229,"type":"hit"}
[client] {"a":4,"dup":false,"ev":"game","ms":206638,"predicted":false,"t":5,"tick":12256,"type":"hit"}
[client] {"a":2,"dup":false,"ev":"game","ms":206770,"predicted":false,"t":6,"tick":12264,"type":"hit"}
[client] {"a":4,"dup":false,"ev":"game","ms":206969,"predicted":false,"t":5,"tick":12276,"type":"hit"}
[client] {"a":1,"dup":false,"ev":"game","ms":207052,"predicted":false,"t":8,"tick":12281,"type":"hit"}
[client] {"a":9,"dup":false,"ev":"game","ms":207252,"predicted":false,"t":2,"tick":12293,"type":"hit"}
[client] {"a":5,"dup":true,"ev":"game","ms":207252,"predicted":false,"t":4,"tick":12298,"type":"hit"}
[client] {"a":8,"dup":false,"ev":"game","ms":207866,"predicted":false,"t":4,"tick":12330,"type":"hit"}
[client] {"a":4,"dup":false,"ev":"game","ms":207866,"predicted":false,"t":-1,"tick":12330,"type":"ko"}
[client] {"a":3,"dup":false,"ev":"game","ms":207949,"predicted":false,"t":8,"tick":12335,"type":"hit"}
[client] {"a":2,"dup":false,"ev":"game","ms":207984,"predicted":false,"t":9,"tick":12337,"type":"hit"}
[client] {"a":6,"dup":false,"ev":"game","ms":208018,"predicted":false,"t":2,"tick":12339,"type":"hit"}
[client] {"a":5,"dup":false,"ev":"game","ms":208121,"predicted":false,"t":-1,"tick":12350,"type":"ko"}
[client] {"a":0,"dup":false,"ev":"game","ms":208204,"predicted":false,"t":5,"tick":12350,"type":"hit"}
[client] {"a":3,"dup":false,"ev":"game","ms":208239,"predicted":false,"t":8,"tick":12352,"type":"hit"}
[client] {"a":1,"dup":false,"ev":"game","ms":208487,"predicted":false,"t":8,"tick":12367,"type":"hit"}
[client] {"a":0,"dup":false,"ev":"game","ms":208784,"predicted":false,"t":8,"tick":12385,"type":"hit"}
[client] {"a":8,"dup":false,"ev":"game","ms":208785,"predicted":false,"t":-1,"tick":12385,"type":"ko"}
[client] {"a":6,"dup":false,"ev":"game","ms":209253,"predicted":false,"t":3,"tick":12413,"type":"hit"}
[client] {"a":6,"dup":false,"ev":"game","ms":209570,"predicted":false,"t":3,"tick":12432,"type":"hit"}
[client] {"counts":{"blocks_on_me":5,"conf_actions":115,"confirmed_hits":593,"dup_confirmed":0,"hits_on_me":75,"pred_actions":130,"predicted_confirmed":57,"predicted_hits":136,"reconnects":0},"ev":"stats","hp":0.0,"in_bytes":2769544,"late":0,"local_entity":5,"match":{"countdown_until":300,"ctrl":-1,"final":false,"next":"","phase":3,"rot":2240,"scores":[29,27],"sd":false,"state":3,"tick":12160,"zone":"B"},"max_err":1.428,"mean_err":0.021,"ms":209970,"out_bytes":610609,"pending":6,"pos":[2.69,-2.17],"reconciles":4125,"server_tick":12460,"snaps":4131,"teleports":5}
[client] {"a":9,"dup":false,"ev":"game","ms":210136,"predicted":false,"t":3,"tick":12466,"type":"hit"}
[client] {"a":0,"dup":false,"ev":"game","ms":210240,"predicted":false,"t":6,"tick":12472,"type":"hit"}
[client] {"a":2,"dup":false,"ev":"game","ms":210488,"predicted":false,"t":6,"tick":12487,"type":"hit"}
[client] {"a":2,"dup":false,"ev":"game","ms":210488,"predicted":false,"t":9,"tick":12487,"type":"hit"}
[client] {"a":0,"dup":false,"ev":"game","ms":210958,"predicted":false,"t":9,"tick":12515,"type":"hit"}
[client] {"a":1,"dup":false,"ev":"game","ms":210958,"predicted":false,"t":9,"tick":12515,"type":"hit"}
[client] {"a":0,"dup":false,"ev":"game","ms":211868,"predicted":false,"t":9,"tick":12570,"type":"hit"}
[client] {"a":3,"dup":false,"ev":"game","ms":211902,"predicted":false,"t":9,"tick":12572,"type":"hit"}
[client] {"a":1,"dup":false,"ev":"game","ms":211923,"predicted":false,"t":9,"tick":12573,"type":"hit"}
[client] {"a":0,"dup":false,"ev":"game","ms":212855,"predicted":false,"t":9,"tick":12629,"type":"hit"}
[client] {"a":2,"dup":false,"ev":"game","ms":212972,"predicted":false,"t":7,"tick":12636,"type":"hit"}
[client] {"a":1,"dup":false,"ev":"game","ms":213269,"predicted":false,"t":7,"tick":12654,"type":"hit"}
[client] {"a":2,"dup":false,"ev":"game","ms":213290,"predicted":false,"t":7,"tick":12655,"type":"hit"}
[client] {"a":7,"dup":false,"ev":"game","ms":213648,"predicted":false,"t":2,"tick":12677,"type":"hit"}
[client] {"a":2,"dup":false,"ev":"game","ms":213648,"predicted":false,"t":-1,"tick":12677,"type":"ko"}
[client] {"a":9,"dup":false,"ev":"game","ms":213862,"predicted":false,"t":0,"tick":12690,"type":"hit"}
[client] {"a":1,"dup":false,"ev":"game","ms":213897,"predicted":false,"t":7,"tick":12692,"type":"hit"}
[client] {"a":0,"dup":false,"ev":"game","ms":214318,"predicted":false,"t":9,"tick":12717,"type":"hit"}
[client] {"a":7,"dup":false,"ev":"game","ms":214318,"predicted":false,"t":3,"tick":12717,"type":"hit"}
[client] {"a":1,"dup":false,"ev":"game","ms":214331,"predicted":false,"t":7,"tick":12718,"type":"hit"}
[client] {"a":6,"dup":false,"ev":"game","ms":214566,"predicted":false,"t":1,"tick":12732,"type":"hit"}
[client] {"a":0,"dup":false,"ev":"game","ms":214635,"predicted":false,"t":9,"tick":12736,"type":"hit"}
[client] {"a":3,"dup":false,"ev":"game","ms":214801,"predicted":false,"t":9,"tick":12746,"type":"hit"}
[client] {"a":7,"dup":false,"ev":"game","ms":214849,"predicted":false,"t":1,"tick":12749,"type":"hit"}
[client] {"a":7,"dup":false,"ev":"game","ms":214918,"predicted":false,"t":3,"tick":12753,"type":"hit"}
[client] {"a":0,"dup":false,"ev":"game","ms":214952,"predicted":false,"t":9,"tick":12755,"type":"hit"}
[client] {"a":9,"dup":false,"ev":"game","ms":214952,"predicted":false,"t":-1,"tick":12755,"type":"ko"}
[client] {"counts":{"blocks_on_me":5,"conf_actions":115,"confirmed_hits":618,"dup_confirmed":0,"hits_on_me":75,"pred_actions":130,"predicted_confirmed":57,"predicted_hits":136,"reconnects":0},"ev":"stats","hp":0.0,"in_bytes":2840500,"late":0,"local_entity":5,"match":{"countdown_until":300,"ctrl":-1,"final":false,"next":"","phase":3,"rot":1940,"scores":[29,27],"sd":false,"state":3,"tick":12460,"zone":"B"},"max_err":1.428,"mean_err":0.0205,"ms":214965,"out_bytes":625309,"pending":6,"pos":[2.69,-2.17],"reconciles":4225,"server_tick":12760,"snaps":4231,"teleports":5}
[client] {"a":6,"dup":false,"ev":"game","ms":215719,"predicted":false,"t":3,"tick":12801,"type":"hit"}
[client] {"a":6,"dup":false,"ev":"game","ms":215732,"predicted":false,"t":0,"tick":12802,"type":"hit"}
[client] {"a":6,"dup":false,"ev":"game","ms":216132,"predicted":false,"t":0,"tick":12826,"type":"hit"}
[client] {"a":6,"dup":false,"ev":"game","ms":216167,"predicted":false,"t":3,"tick":12828,"type":"hit"}
[client] {"a":7,"dup":false,"ev":"game","ms":216367,"predicted":false,"t":0,"tick":12840,"type":"hit"}
[client] {"a":7,"dup":false,"ev":"game","ms":216381,"predicted":false,"t":3,"tick":12841,"type":"hit"}
[client] {"a":3,"dup":false,"ev":"game","ms":217554,"predicted":false,"t":7,"tick":12911,"type":"hit"}
[client] {"a":6,"dup":false,"ev":"game","ms":217650,"predicted":false,"t":3,"tick":12917,"type":"hit"}
[client] {"a":0,"dup":false,"ev":"game","ms":217685,"predicted":false,"t":7,"tick":12919,"type":"hit"}
[client] {"a":4,"dup":false,"ev":"game","ms":217871,"predicted":false,"t":-1,"tick":12930,"type":"respawn"}
[client] {"a":1,"dup":false,"ev":"game","ms":217898,"predicted":false,"t":6,"tick":12932,"type":"hit"}
[client] {"a":3,"dup":false,"ev":"game","ms":217968,"predicted":false,"t":6,"tick":12936,"type":"hit"}
[client] {"a":0,"dup":false,"ev":"game","ms":218016,"predicted":false,"t":6,"tick":12939,"type":"hit"}
[client] {"a":7,"dup":false,"ev":"game","ms":218050,"predicted":false,"t":0,"tick":12941,"type":"hit"}
[client] {"a":5,"dup":false,"ev":"game","ms":218119,"predicted":false,"t":-1,"tick":12950,"type":"respawn"}
[client] {"a":7,"dup":false,"ev":"game","ms":218437,"predicted":false,"t":3,"tick":12964,"type":"hit"}
[client] {"a":7,"dup":false,"ev":"game","ms":218471,"predicted":false,"t":0,"tick":12966,"type":"hit"}
[client] {"a":1,"dup":false,"ev":"game","ms":218582,"predicted":false,"t":6,"tick":12973,"type":"hit"}
[client] {"a":8,"dup":false,"ev":"game","ms":218782,"predicted":false,"t":-1,"tick":12985,"type":"respawn"}
[client] {"a":3,"dup":false,"ev":"game","ms":218954,"predicted":false,"t":7,"tick":12995,"type":"hit"}
[client] {"a":6,"dup":false,"ev":"game","ms":219300,"predicted":false,"t":1,"tick":13016,"type":"hit"}
[client] {"a":7,"dup":false,"ev":"game","ms":219300,"predicted":false,"t":0,"tick":13016,"type":"hit"}
[client] {"a":0,"dup":false,"ev":"game","ms":219300,"predicted":false,"t":-1,"tick":13016,"type":"ko"}
[client] {"a":3,"dup":false,"ev":"game","ms":219603,"predicted":false,"t":7,"tick":13034,"type":"hit"}
[client] {"a":6,"dup":false,"ev":"game","ms":219900,"predicted":false,"t":3,"tick":13052,"type":"hit"}
[client] {"counts":{"blocks_on_me":5,"conf_actions":115,"confirmed_hits":639,"dup_confirmed":0,"hits_on_me":75,"pred_actions":130,"predicted_confirmed":57,"predicted_hits":136,"reconnects":0},"ev":"stats","hp":280.0,"in_bytes":2904510,"late":0,"local_entity":5,"match":{"countdown_until":300,"ctrl":-1,"final":false,"next":"","phase":3,"rot":1640,"scores":[29,27],"sd":false,"state":3,"tick":12760,"zone":"B"},"max_err":1.428,"mean_err":0.02,"ms":219968,"out_bytes":640009,"pending":6,"pos":[-3.12,36.42],"reconciles":4324,"server_tick":13060,"snaps":4331,"teleports":6}
[client] {"a":1,"dup":false,"ev":"game","ms":220321,"predicted":false,"t":6,"tick":13077,"type":"hit"}
[client] {"a":1,"dup":false,"ev":"game","ms":220673,"predicted":false,"t":6,"tick":13098,"type":"hit"}
[client] {"a":7,"dup":false,"ev":"game","ms":220687,"predicted":false,"t":3,"tick":13099,"type":"hit"}
[client] {"a":7,"dup":false,"ev":"game","ms":221004,"predicted":false,"t":3,"tick":13118,"type":"hit"}
[client] {"a":1,"dup":false,"ev":"game","ms":221300,"predicted":false,"t":6,"tick":13136,"type":"hit"}
[client] {"a":6,"dup":false,"ev":"game","ms":221300,"predicted":false,"t":-1,"tick":13136,"type":"ko"}
[client] {"a":3,"dup":false,"ev":"game","ms":221845,"predicted":false,"t":7,"tick":13169,"type":"hit"}
[client] {"a":1,"dup":false,"ev":"game","ms":221963,"predicted":false,"t":7,"tick":13175,"type":"hit"}
[client] {"a":7,"dup":false,"ev":"game","ms":222680,"predicted":false,"t":1,"tick":13218,"type":"hit"}
[client] {"a":3,"dup":false,"ev":"game","ms":222881,"predicted":false,"t":7,"tick":13230,"type":"hit"}
[client] {"a":7,"dup":false,"ev":"game","ms":222881,"predicted":false,"t":-1,"tick":13230,"type":"ko"}
[client] {"a":2,"dup":false,"ev":"game","ms":223647,"predicted":false,"t":-1,"tick":13277,"type":"respawn"}
[client] {"a":9,"dup":false,"ev":"game","ms":224951,"predicted":false,"t":-1,"tick":13355,"type":"respawn"}
[client] {"counts":{"blocks_on_me":5,"conf_actions":115,"confirmed_hits":648,"dup_confirmed":0,"hits_on_me":75,"pred_actions":130,"predicted_confirmed":57,"predicted_hits":136,"reconnects":0},"ev":"stats","hp":280.0,"in_bytes":2963588,"late":0,"local_entity":5,"match":{"countdown_until":300,"ctrl":-1,"final":false,"next":"","phase":3,"rot":1340,"scores":[30,27],"sd":false,"state":3,"tick":13060,"zone":"B"},"max_err":1.428,"mean_err":0.0195,"ms":224963,"out_bytes":654709,"pending":6,"pos":[-2.7,3.56],"reconciles":4424,"server_tick":13360,"snaps":4431,"teleports":6}
[client] {"a":5,"dup":false,"ev":"game","ms":226208,"predicted":false,"t":3,"tick":13435,"type":"hit"}
[client] {"a":3,"dup":false,"ev":"game","ms":226292,"predicted":false,"t":-1,"tick":13435,"type":"ko"}
[client] {"a":4,"dup":false,"ev":"game","ms":226691,"predicted":false,"t":5,"tick":13460,"type":"hit"}
[client] {"a":4,"dup":false,"ev":"game","ms":226995,"predicted":false,"t":5,"tick":13478,"type":"hit"}
[client] {"a":8,"dup":false,"ev":"game","ms":227182,"predicted":false,"t":4,"tick":13489,"type":"hit"}
[client] {"a":4,"dup":false,"ev":"game","ms":227630,"predicted":false,"t":5,"tick":13516,"type":"hit"}
[client] {"a":8,"dup":false,"ev":"game","ms":227782,"predicted":false,"t":4,"tick":13525,"type":"hit"}
[client] {"a":5,"dup":true,"ev":"game","ms":227913,"predicted":false,"t":4,"tick":13538,"type":"hit"}
[client] {"a":5,"dup":true,"ev":"game","ms":228244,"predicted":false,"t":4,"tick":13558,"type":"hit"}
[client] {"a":5,"dup":true,"ev":"game","ms":228596,"predicted":false,"t":4,"tick":13579,"type":"hit"}
[client] {"a":0,"dup":false,"ev":"game","ms":229292,"predicted":false,"t":-1,"tick":13616,"type":"respawn"}
[client] {"a":1,"dup":false,"ev":"game","ms":229527,"predicted":false,"t":8,"tick":13630,"type":"hit"}
[client] {"a":1,"dup":false,"ev":"game","ms":229583,"predicted":false,"t":5,"tick":13633,"type":"hit"}
[client] {"a":5,"dup":true,"ev":"game","ms":229880,"predicted":false,"t":4,"tick":13656,"type":"hit"}
[client] {"counts":{"blocks_on_me":5,"conf_actions":124,"confirmed_hits":660,"dup_confirmed":0,"hits_on_me":79,"pred_actions":140,"predicted_confirmed":61,"predicted_hits":150,"reconnects":0},"ev":"stats","hp":208.0,"in_bytes":3028206,"late":0,"local_entity":5,"match":{"countdown_until":300,"ctrl":-1,"final":false,"next":"","phase":3,"rot":1040,"scores":[30,27],"sd":false,"state":3,"tick":13360,"zone":"B"},"max_err":1.438,"mean_err":0.0202,"ms":229961,"out_bytes":669409,"pending":6,"pos":[-0.87,-2.99],"reconciles":4523,"server_tick":13660,"snaps":4530,"teleports":6}
[client] {"a":8,"dup":false,"ev":"game","ms":230114,"predicted":false,"t":4,"tick":13665,"type":"hit"}
[client] {"a":8,"dup":false,"ev":"game","ms":230149,"predicted":false,"t":2,"tick":13667,"type":"hit"}
[client] {"a":5,"dup":true,"ev":"game","ms":230231,"predicted":false,"t":4,"tick":13677,"type":"hit"}
[client] {"a":5,"dup":true,"ev":"game","ms":230562,"predicted":false,"t":4,"tick":13697,"type":"hit"}
[client] {"a":8,"dup":false,"ev":"game","ms":230845,"predicted":false,"t":2,"tick":13709,"type":"hit"}
[client] {"a":8,"dup":false,"ev":"game","ms":230845,"predicted":false,"t":4,"tick":13709,"type":"hit"}
[client] {"a":1,"dup":false,"ev":"game","ms":231294,"predicted":false,"t":5,"tick":13736,"type":"hit"}
[client] {"a":6,"dup":false,"ev":"game","ms":231294,"predicted":false,"t":-1,"tick":13736,"type":"respawn"}
[client] {"a":4,"dup":false,"ev":"game","ms":231666,"predicted":false,"t":5,"tick":13758,"type":"hit"}
[client] {"a":2,"dup":false,"ev":"game","ms":231680,"predicted":false,"t":5,"tick":13759,"type":"hit"}
[client] {"a":4,"dup":false,"ev":"game","ms":231997,"predicted":false,"t":5,"tick":13778,"type":"hit"}
[client] {"a":2,"dup":false,"ev":"game","ms":232046,"predicted":false,"t":5,"tick":13781,"type":"hit"}
[client] {"a":1,"dup":false,"ev":"game","ms":232266,"predicted":false,"t":8,"tick":13794,"type":"hit"}
[client] {"a":2,"dup":false,"ev":"game","ms":232280,"predicted":false,"t":5,"tick":13795,"type":"hit"}
[client] {"a":4,"dup":false,"ev":"game","ms":232410,"predicted":false,"t":5,"tick":13803,"type":"hit"}
[client] {"a":1,"dup":false,"ev":"game","ms":232515,"predicted":false,"t":8,"tick":13809,"type":"hit"}
[client] {"a":2,"dup":false,"ev":"game","ms":232866,"predicted":false,"t":5,"tick":13830,"type":"hit"}
[client] {"a":7,"dup":false,"ev":"game","ms":232866,"predicted":false,"t":-1,"tick":13830,"type":"respawn"}
[client] {"a":4,"dup":false,"ev":"game","ms":233094,"predicted":false,"t":5,"tick":13844,"type":"hit"}
[client] {"a":9,"dup":false,"ev":"game","ms":233117,"predicted":false,"t":1,"tick":13845,"type":"hit"}
[client] {"a":4,"dup":false,"ev":"game","ms":233197,"predicted":false,"t":8,"tick":13850,"type":"hit"}
[client] {"a":5,"dup":false,"ev":"game","ms":233397,"predicted":false,"t":-1,"tick":13867,"type":"ko"}
[client] {"a":1,"dup":false,"ev":"game","ms":233480,"predicted":false,"t":5,"tick":13867,"type":"hit"}
[client] {"a":8,"dup":false,"ev":"game","ms":234363,"predicted":false,"t":1,"tick":13920,"type":"hit"}
[client] {"a":4,"dup":false,"ev":"game","ms":234501,"predicted":false,"t":8,"tick":13928,"type":"hit"}
[client] {"a":2,"dup":false,"ev":"game","ms":234611,"predicted":false,"t":8,"tick":13935,"type":"hit"}
[client] {"a":4,"dup":false,"ev":"game","ms":234867,"predicted":false,"t":8,"tick":13950,"type":"hit"}
[client] {"counts":{"blocks_on_me":5,"conf_actions":130,"confirmed_hits":684,"dup_confirmed":0,"hits_on_me":89,"pred_actions":145,"predicted_confirmed":63,"predicted_hits":157,"reconnects":0},"ev":"stats","hp":0.0,"in_bytes":3100025,"late":0,"local_entity":5,"match":{"countdown_until":300,"ctrl":-1,"final":false,"next":"A","phase":3,"rot":740,"scores":[30,27],"sd":false,"state":3,"tick":13660,"zone":"B"},"max_err":1.438,"mean_err":0.0208,"ms":234963,"out_bytes":684109,"pending":6,"pos":[0.46,-2.75],"reconciles":4623,"server_tick":13960,"snaps":4630,"teleports":6}
[client] {"a":2,"dup":false,"ev":"game","ms":234964,"predicted":false,"t":8,"tick":13956,"type":"hit"}
[client] {"a":9,"dup":false,"ev":"game","ms":235633,"predicted":false,"t":1,"tick":13996,"type":"hit"}
[client] {"a":8,"dup":false,"ev":"game","ms":235867,"predicted":false,"t":4,"tick":14010,"type":"hit"}
[client] {"a":1,"dup":false,"ev":"game","ms":236012,"predicted":false,"t":9,"tick":14019,"type":"hit"}
[client] {"a":8,"dup":false,"ev":"game","ms":236185,"predicted":false,"t":4,"tick":14029,"type":"hit"}
[client] {"a":3,"dup":false,"ev":"game","ms":236281,"predicted":false,"t":-1,"tick":14035,"type":"respawn"}
[client] {"a":9,"dup":false,"ev":"game","ms":236351,"predicted":false,"t":1,"tick":14039,"type":"hit"}
[client] {"a":8,"dup":false,"ev":"game","ms":236599,"predicted":false,"t":4,"tick":14054,"type":"hit"}
[client] {"a":0,"dup":false,"ev":"game","ms":236647,"predicted":false,"t":9,"tick":14057,"type":"hit"}
[client] {"a":2,"dup":false,"ev":"game","ms":236730,"predicted":false,"t":8,"tick":14062,"type":"hit"}
[client] {"a":8,"dup":false,"ev":"game","ms":237130,"predicted":false,"t":4,"tick":14086,"type":"hit"}
[client] {"a":1,"dup":false,"ev":"game","ms":237399,"predicted":false,"t":8,"tick":14102,"type":"hit"}
[client] {"a":1,"dup":false,"ev":"game","ms":237751,"predicted":false,"t":8,"tick":14123,"type":"hit"}
[client] {"a":0,"dup":false,"ev":"game","ms":237965,"predicted":false,"t":9,"tick":14136,"type":"hit"}
[client] {"a":1,"dup":false,"ev":"game","ms":238082,"predicted":false,"t":8,"tick":14143,"type":"hit"}
[client] {"a":8,"dup":false,"ev":"game","ms":238082,"predicted":false,"t":-1,"tick":14143,"type":"ko"}
[client] {"a":0,"dup":false,"ev":"game","ms":238551,"predicted":false,"t":6,"tick":14171,"type":"hit"}
[client] {"a":9,"dup":false,"ev":"game","ms":238869,"predicted":false,"t":0,"tick":14190,"type":"hit"}
[client] {"a":6,"dup":false,"ev":"game","ms":238917,"predicted":false,"t":0,"tick":14193,"type":"hit"}
[client] {"a":0,"dup":false,"ev":"game","ms":239304,"predicted":false,"t":6,"tick":14216,"type":"hit"}
[client] {"a":9,"dup":false,"ev":"game","ms":239552,"predicted":false,"t":0,"tick":14231,"type":"hit"}
[client] {"counts":{"blocks_on_me":5,"conf_actions":130,"confirmed_hits":703,"dup_confirmed":0,"hits_on_me":89,"pred_actions":145,"predicted_confirmed":63,"predicted_hits":157,"reconnects":0},"ev":"stats","hp":0.0,"in_bytes":3167007,"late":0,"local_entity":5,"match":{"countdown_until":300,"ctrl":-1,"final":false,"next":"A","phase":3,"rot":440,"scores":[30,27],"sd":false,"state":3,"tick":13960,"zone":"B"},"max_err":1.438,"mean_err":0.0204,"ms":239965,"out_bytes":698809,"pending":6,"pos":[0.46,-2.75],"reconciles":4723,"server_tick":14260,"snaps":4730,"teleports":6}
[client] {"a":6,"dup":false,"ev":"game","ms":240104,"predicted":false,"t":0,"tick":14264,"type":"hit"}
[client] {"a":9,"dup":false,"ev":"game","ms":240331,"predicted":false,"t":0,"tick":14278,"type":"hit"}
[client] {"a":7,"dup":false,"ev":"game","ms":241118,"predicted":false,"t":1,"tick":14325,"type":"hit"}
[client] {"a":9,"dup":false,"ev":"game","ms":241187,"predicted":false,"t":1,"tick":14329,"type":"hit"}
[client] {"a":1,"dup":false,"ev":"game","ms":241187,"predicted":false,"t":-1,"tick":14329,"type":"ko"}
[client] {"a":4,"dup":false,"ev":"game","ms":241222,"predicted":false,"t":7,"tick":14331,"type":"hit"}
[client] {"a":4,"dup":false,"ev":"game","ms":241836,"predicted":false,"t":9,"tick":14368,"type":"hit"}
[client] {"a":4,"dup":false,"ev":"game","ms":242188,"predicted":false,"t":9,"tick":14389,"type":"hit"}
[client] {"a":4,"dup":false,"ev":"game","ms":242553,"predicted":false,"t":9,"tick":14411,"type":"hit"}
[client] {"a":2,"dup":false,"ev":"game","ms":242905,"predicted":false,"t":7,"tick":14432,"type":"hit"}
[client] {"a":0,"dup":false,"ev":"game","ms":243154,"predicted":false,"t":6,"tick":14447,"type":"hit"}
[client] {"a":0,"dup":false,"ev":"game","ms":243223,"predicted":false,"t":7,"tick":14451,"type":"hit"}
[client] {"a":2,"dup":false,"ev":"game","ms":243271,"predicted":false,"t":7,"tick":14454,"type":"hit"}
[client] {"a":4,"dup":false,"ev":"game","ms":243333,"predicted":false,"t":7,"tick":14458,"type":"hit"}
[client] {"a":5,"dup":false,"ev":"game","ms":243402,"predicted":false,"t":-1,"tick":14467,"type":"respawn"}
[client] {"a":9,"dup":false,"ev":"game","ms":243558,"predicted":false,"t":4,"tick":14471,"type":"hit"}
[client] {"a":4,"dup":false,"ev":"game","ms":243558,"predicted":false,"t":-1,"tick":14471,"type":"ko"}
[client] {"a":3,"dup":false,"ev":"game","ms":244023,"predicted":false,"t":6,"tick":14499,"type":"hit"}
[client] {"a":3,"dup":false,"ev":"game","ms":244720,"predicted":false,"t":6,"tick":14541,"type":"hit"}
[client] {"counts":{"blocks_on_me":5,"conf_actions":131,"confirmed_hits":719,"dup_confirmed":0,"hits_on_me":89,"pred_actions":145,"predicted_confirmed":63,"predicted_hits":157,"reconnects":0},"ev":"stats","hp":280.0,"in_bytes":3238629,"late":0,"local_entity":5,"match":{"countdown_until":300,"ctrl":-1,"final":false,"next":"A","phase":3,"rot":140,"scores":[30,27],"sd":false,"state":3,"tick":14260,"zone":"B"},"max_err":1.438,"mean_err":0.0199,"ms":244968,"out_bytes":713509,"pending":6,"pos":[4.52,39.0],"reconciles":4822,"server_tick":14560,"snaps":4830,"teleports":7}
[client] {"a":0,"dup":false,"ev":"game","ms":245086,"predicted":false,"t":9,"tick":14563,"type":"hit"}
[client] {"a":7,"dup":false,"ev":"game","ms":245369,"predicted":false,"t":0,"tick":14580,"type":"hit"}
[client] {"a":9,"dup":false,"ev":"game","ms":245403,"predicted":false,"t":0,"tick":14582,"type":"hit"}
[client] {"a":9,"dup":false,"ev":"game","ms":245720,"predicted":false,"t":0,"tick":14601,"type":"hit"}
[client] {"a":9,"dup":false,"ev":"game","ms":246079,"predicted":false,"t":0,"tick":14623,"type":"hit"}
[client] {"a":2,"dup":false,"ev":"game","ms":246314,"predicted":false,"t":9,"tick":14637,"type":"hit"}
[client] {"a":2,"dup":false,"ev":"game","ms":246328,"predicted":false,"t":7,"tick":14638,"type":"hit"}
[client] {"a":3,"dup":false,"ev":"game","ms":246432,"predicted":false,"t":6,"tick":14644,"type":"hit"}
[client] {"a":9,"dup":false,"ev":"game","ms":246866,"predicted":false,"t":3,"tick":14670,"type":"hit"}
[client] {"a":7,"dup":false,"ev":"game","ms":247162,"predicted":false,"t":3,"tick":14687,"type":"hit"}
[client] {"a":-1,"dup":false,"ev":"game","ms":247363,"predicted":false,"t":-1,"tick":14699,"type":"zone_rotated"}
[client] {"a":3,"dup":false,"ev":"game","ms":247466,"predicted":false,"t":7,"tick":14706,"type":"hit"}
[client] {"a":3,"dup":false,"ev":"game","ms":247501,"predicted":false,"t":9,"tick":14708,"type":"hit"}
[client] {"a":0,"dup":false,"ev":"game","ms":247797,"predicted":false,"t":9,"tick":14726,"type":"hit"}
[client] {"a":6,"dup":false,"ev":"game","ms":247866,"predicted":false,"t":3,"tick":14730,"type":"hit"}
[client] {"a":8,"dup":false,"ev":"game","ms":248080,"predicted":false,"t":-1,"tick":14743,"type":"respawn"}
[client] {"a":0,"dup":false,"ev":"game","ms":248136,"predicted":false,"t":9,"tick":14746,"type":"hit"}
[client] {"a":3,"dup":false,"ev":"game","ms":248185,"predicted":false,"t":7,"tick":14749,"type":"hit"}
[client] {"a":3,"dup":false,"ev":"game","ms":248185,"predicted":false,"t":9,"tick":14749,"type":"hit"}
[client] {"a":9,"dup":false,"ev":"game","ms":248185,"predicted":false,"t":-1,"tick":14749,"type":"ko"}
[client] {"a":6,"dup":false,"ev":"game","ms":248198,"predicted":false,"t":3,"tick":14750,"type":"hit"}
[client] {"a":2,"dup":false,"ev":"game","ms":248363,"predicted":false,"t":7,"tick":14760,"type":"hit"}
[client] {"a":3,"dup":false,"ev":"game","ms":249164,"predicted":false,"t":7,"tick":14808,"type":"hit"}
[client] {"a":7,"dup":false,"ev":"game","ms":249164,"predicted":false,"t":-1,"tick":14808,"type":"ko"}
[client] {"a":6,"dup":false,"ev":"game","ms":249468,"predicted":false,"t":3,"tick":14826,"type":"hit"}
[client] {"a":6,"dup":false,"ev":"game","ms":249715,"predicted":false,"t":3,"tick":14841,"type":"hit"}
[client] {"a":6,"dup":false,"ev":"game","ms":249764,"predicted":false,"t":2,"tick":14844,"type":"hit"}
[client] {"counts":{"blocks_on_me":5,"conf_actions":131,"confirmed_hits":742,"dup_confirmed":0,"hits_on_me":89,"pred_actions":145,"predicted_confirmed":63,"predicted_hits":157,"reconnects":0},"ev":"stats","hp":280.0,"in_bytes":3303238,"late":0,"local_entity":5,"match":{"countdown_until":300,"ctrl":-1,"final":false,"next":"","phase":3,"rot":3440,"scores":[30,27],"sd":false,"state":1,"tick":14560,"zone":"A"},"max_err":1.438,"mean_err":0.0195,"ms":249963,"out_bytes":728209,"pending":6,"pos":[-13.79,16.36],"reconciles":4922,"server_tick":14860,"snaps":4930,"teleports":7}
[client] {"a":1,"dup":false,"ev":"game","ms":251186,"predicted":false,"t":-1,"tick":14929,"type":"respawn"}
[client] {"a":4,"dup":false,"ev":"game","ms":253552,"predicted":false,"t":-1,"tick":15071,"type":"respawn"}
[client] {"counts":{"blocks_on_me":5,"conf_actions":131,"confirmed_hits":742,"dup_confirmed":0,"hits_on_me":89,"pred_actions":145,"predicted_confirmed":63,"predicted_hits":157,"reconnects":0},"ev":"stats","hp":280.0,"in_bytes":3361633,"late":0,"local_entity":5,"match":{"countdown_until":300,"ctrl":-1,"final":false,"next":"","phase":3,"rot":3140,"scores":[30,28],"sd":false,"state":3,"tick":14860,"zone":"A"},"max_err":1.438,"mean_err":0.0191,"ms":254966,"out_bytes":742909,"pending":6,"pos":[-41.8,0.12],"reconciles":5022,"server_tick":15160,"snaps":5030,"teleports":7}
[client] {"a":0,"dup":false,"ev":"game","ms":256222,"predicted":false,"t":5,"tick":15231,"type":"hit"}
[client] {"a":0,"dup":false,"ev":"game","ms":256499,"predicted":false,"t":5,"tick":15248,"type":"hit"}
[client] {"a":2,"dup":false,"ev":"game","ms":256878,"predicted":false,"t":5,"tick":15271,"type":"hit"}
[client] {"a":2,"dup":false,"ev":"game","ms":257099,"predicted":false,"t":5,"tick":15284,"type":"hit"}
[client] {"a":0,"dup":false,"ev":"game","ms":257147,"predicted":false,"t":5,"tick":15287,"type":"hit"}
[client] {"a":0,"dup":false,"ev":"game","ms":257196,"predicted":false,"t":6,"tick":15290,"type":"hit"}
[client] {"a":8,"dup":false,"ev":"game","ms":258182,"predicted":false,"t":3,"tick":15349,"type":"hit"}
[client] {"a":9,"dup":false,"ev":"game","ms":258182,"predicted":false,"t":-1,"tick":15349,"type":"respawn"}
[client] {"a":2,"dup":false,"ev":"game","ms":258500,"predicted":false,"t":5,"tick":15368,"type":"hit"}
[client] {"a":5,"dup":true,"ev":"game","ms":258851,"predicted":false,"t":2,"tick":15394,"type":"hit"}
[client] {"a":8,"dup":false,"ev":"game","ms":258934,"predicted":false,"t":3,"tick":15394,"type":"hit"}
[client] {"a":7,"dup":false,"ev":"game","ms":259162,"predicted":false,"t":-1,"tick":15408,"type":"respawn"}
[client] {"a":2,"dup":false,"ev":"game","ms":259652,"predicted":false,"t":6,"tick":15437,"type":"hit"}
[client] {"a":5,"dup":true,"ev":"game","ms":259817,"predicted":false,"t":2,"tick":15451,"type":"hit"}
[client] {"a":8,"dup":false,"ev":"game","ms":259948,"predicted":false,"t":2,"tick":15455,"type":"hit"}
[client] {"counts":{"blocks_on_me":5,"conf_actions":139,"confirmed_hits":755,"dup_confirmed":0,"hits_on_me":95,"pred_actions":154,"predicted_confirmed":65,"predicted_hits":163,"reconnects":0},"ev":"stats","hp":152.0,"in_bytes":3428915,"late":0,"local_entity":5,"match":{"countdown_until":300,"ctrl":-1,"final":false,"next":"","phase":3,"rot":2840,"scores":[30,28],"sd":false,"state":3,"tick":15160,"zone":"A"},"max_err":1.438,"mean_err":0.0194,"ms":259961,"out_bytes":757609,"pending":6,"pos":[-43.08,-0.2],"reconciles":5122,"server_tick":15460,"snaps":5130,"teleports":7}
[client] {"a":8,"dup":false,"ev":"game","ms":260301,"predicted":false,"t":3,"tick":15476,"type":"hit"}
[client] {"a":6,"dup":false,"ev":"game","ms":260384,"predicted":false,"t":0,"tick":15481,"type":"hit"}
[client] {"a":3,"dup":false,"ev":"game","ms":260714,"predicted":false,"t":8,"tick":15501,"type":"hit"}
[client] {"a":6,"dup":false,"ev":"game","ms":260866,"predicted":false,"t":0,"tick":15510,"type":"hit"}
[client] {"a":2,"dup":false,"ev":"game","ms":261032,"predicted":false,"t":6,"tick":15520,"type":"hit"}
[client] {"a":1,"dup":false,"ev":"game","ms":261763,"predicted":false,"t":5,"tick":15564,"type":"block"}
[client] {"a":6,"dup":false,"ev":"game","ms":261936,"predicted":false,"t":2,"tick":15574,"type":"hit"}
[client] {"a":1,"dup":false,"ev":"game","ms":262053,"predicted":false,"t":8,"tick":15581,"type":"hit"}
[client] {"a":1,"dup":false,"ev":"game","ms":262083,"predicted":false,"t":5,"tick":15583,"type":"block"}
[client] {"a":3,"dup":false,"ev":"game","ms":262185,"predicted":false,"t":5,"tick":15589,"type":"block"}
[client] {"a":3,"dup":false,"ev":"game","ms":262233,"predicted":false,"t":8,"tick":15592,"type":"hit"}
[client] {"a":6,"dup":false,"ev":"game","ms":262736,"predicted":false,"t":2,"tick":15622,"type":"hit"}
[client] {"a":3,"dup":false,"ev":"game","ms":262950,"predicted":false,"t":5,"tick":15635,"type":"block"}
[client] {"a":6,"dup":false,"ev":"game","ms":263067,"predicted":false,"t":2,"tick":15642,"type":"hit"}
[client] {"a":8,"dup":false,"ev":"game","ms":263434,"predicted":false,"t":3,"tick":15664,"type":"hit"}
[client] {"a":2,"dup":false,"ev":"game","ms":263571,"predicted":false,"t":6,"tick":15672,"type":"hit"}
[client] {"a":6,"dup":false,"ev":"game","ms":263571,"predicted":false,"t":-1,"tick":15672,"type":"ko"}
[client] {"a":3,"dup":false,"ev":"game","ms":263751,"predicted":false,"t":5,"tick":15683,"type":"block"}
[client] {"a":8,"dup":false,"ev":"game","ms":263868,"predicted":false,"t":3,"tick":15690,"type":"hit"}
[client] {"a":1,"dup":false,"ev":"game","ms":264019,"predicted":false,"t":5,"tick":15699,"type":"hit"}
[client] {"a":1,"dup":false,"ev":"game","ms":264371,"predicted":false,"t":5,"tick":15720,"type":"hit"}
[client] {"a":3,"dup":false,"ev":"game","ms":264371,"predicted":false,"t":5,"tick":15720,"type":"hit"}
[client] {"a":2,"dup":false,"ev":"game","ms":264682,"predicted":false,"t":5,"tick":15739,"type":"hit"}
[client] {"a":1,"dup":false,"ev":"game","ms":264716,"predicted":false,"t":5,"tick":15741,"type":"hit"}
[client] {"a":0,"dup":false,"ev":"game","ms":264916,"predicted":false,"t":5,"tick":15753,"type":"hit"}
[client] {"counts":{"blocks_on_me":10,"conf_actions":144,"confirmed_hits":774,"dup_confirmed":0,"hits_on_me":101,"pred_actions":159,"predicted_confirmed":65,"predicted_hits":163,"reconnects":0},"ev":"stats","hp":4.0,"in_bytes":3508172,"late":0,"local_entity":5,"match":{"countdown_until":300,"ctrl":-1,"final":false,"next":"","phase":3,"rot":2540,"scores":[30,28],"sd":false,"state":3,"tick":15460,"zone":"A"},"max_err":1.438,"mean_err":0.0196,"ms":264971,"out_bytes":772309,"pending":6,"pos":[-44.44,-1.52],"reconciles":5222,"server_tick":15761,"snaps":5230,"teleports":7}
[client] {"a":5,"dup":false,"ev":"game","ms":265385,"predicted":false,"t":-1,"tick":15786,"type":"ko"}
[client] {"a":1,"dup":false,"ev":"game","ms":265469,"predicted":false,"t":5,"tick":15786,"type":"hit"}
[client] {"a":8,"dup":false,"ev":"game","ms":266434,"predicted":false,"t":4,"tick":15844,"type":"hit"}
[client] {"a":8,"dup":false,"ev":"game","ms":266455,"predicted":false,"t":3,"tick":15845,"type":"hit"}
[client] {"a":8,"dup":false,"ev":"game","ms":266538,"predicted":false,"t":0,"tick":15850,"type":"hit"}
[client] {"a":0,"dup":false,"ev":"game","ms":266538,"predicted":false,"t":-1,"tick":15850,"type":"ko"}
[client] {"a":2,"dup":false,"ev":"game","ms":267069,"predicted":false,"t":8,"tick":15882,"type":"hit"}
[client] {"a":2,"dup":false,"ev":"game","ms":267283,"predicted":false,"t":8,"tick":15895,"type":"hit"}
[client] {"a":4,"dup":false,"ev":"game","ms":267373,"predicted":false,"t":8,"tick":15900,"type":"hit"}
[client] {"a":1,"dup":false,"ev":"game","ms":267400,"predicted":false,"t":8,"tick":15902,"type":"hit"}
[client] {"a":2,"dup":false,"ev":"game","ms":269022,"predicted":false,"t":8,"tick":15999,"type":"hit"}
[client] {"a":1,"dup":false,"ev":"game","ms":269091,"predicted":false,"t":8,"tick":16003,"type":"hit"}
[client] {"a":1,"dup":false,"ev":"game","ms":269353,"predicted":false,"t":8,"tick":16019,"type":"hit"}
[client] {"a":2,"dup":false,"ev":"game","ms":269353,"predicted":false,"t":8,"tick":16019,"type":"hit"}
[client] {"a":8,"dup":false,"ev":"game","ms":269353,"predicted":false,"t":-1,"tick":16019,"type":"ko"}
[client] {"a":9,"dup":false,"ev":"game","ms":269836,"predicted":false,"t":3,"tick":16048,"type":"parry"}
[client] {"a":4,"dup":false,"ev":"game","ms":269871,"predicted":false,"t":9,"tick":16050,"type":"hit"}
[client] {"a":7,"dup":false,"ev":"game","ms":269871,"predicted":false,"t":3,"tick":16050,"type":"hit"}
[client] {"counts":{"blocks_on_me":10,"conf_actions":145,"confirmed_hits":788,"dup_confirmed":0,"hits_on_me":102,"pred_actions":160,"predicted_confirmed":65,"predicted_hits":163,"reconnects":0},"ev":"stats","hp":0.0,"in_bytes":3575543,"late":0,"local_entity":5,"match":{"countdown_until":300,"ctrl":-1,"final":false,"next":"","phase":3,"rot":2237,"scores":[30,28],"sd":false,"state":3,"tick":15763,"zone":"A"},"max_err":1.438,"mean_err":0.0193,"ms":269973,"out_bytes":787009,"pending":6,"pos":[-44.54,-1.53],"reconciles":5322,"server_tick":16061,"snaps":5331,"teleports":7}
[client] {"a":4,"dup":false,"ev":"game","ms":270174,"predicted":false,"t":9,"tick":16068,"type":"hit"}
[client] {"a":4,"dup":false,"ev":"game","ms":270222,"predicted":false,"t":7,"tick":16071,"type":"hit"}
[client] {"a":1,"dup":false,"ev":"game","ms":270291,"predicted":false,"t":9,"tick":16075,"type":"hit"}
[client] {"a":2,"dup":false,"ev":"game","ms":270374,"predicted":false,"t":7,"tick":16080,"type":"hit"}
[client] {"a":3,"dup":false,"ev":"game","ms":272113,"predicted":false,"t":7,"tick":16185,"type":"hit"}
[client] {"a":3,"dup":false,"ev":"game","ms":272168,"predicted":false,"t":9,"tick":16188,"type":"hit"}
[client] {"a":4,"dup":false,"ev":"game","ms":272168,"predicted":false,"t":7,"tick":16188,"type":"hit"}
[client] {"a":4,"dup":false,"ev":"game","ms":272196,"predicted":false,"t":9,"tick":16190,"type":"hit"}
[client] {"a":1,"dup":false,"ev":"game","ms":272217,"predicted":false,"t":7,"tick":16191,"type":"hit"}
[client] {"a":9,"dup":false,"ev":"game","ms":272851,"predicted":false,"t":4,"tick":16229,"type":"hit"}
[client] {"a":1,"dup":false,"ev":"game","ms":272913,"predicted":false,"t":9,"tick":16233,"type":"hit"}
[client] {"a":7,"dup":false,"ev":"game","ms":272948,"predicted":false,"t":4,"tick":16235,"type":"hit"}
[client] {"a":7,"dup":false,"ev":"game","ms":273286,"predicted":false,"t":4,"tick":16255,"type":"hit"}
[client] {"a":3,"dup":false,"ev":"game","ms":273396,"predicted":false,"t":7,"tick":16262,"type":"hit"}
[client] {"a":6,"dup":false,"ev":"game","ms":273569,"predicted":false,"t":-1,"tick":16272,"type":"respawn"}
[client] {"a":9,"dup":false,"ev":"game","ms":273949,"predicted":false,"t":3,"tick":16295,"type":"hit"}
[client] {"a":3,"dup":false,"ev":"game","ms":273949,"predicted":false,"t":-1,"tick":16295,"type":"ko"}
[client] {"counts":{"blocks_on_me":10,"conf_actions":145,"confirmed_hits":803,"dup_confirmed":0,"hits_on_me":102,"pred_actions":160,"predicted_confirmed":65,"predicted_hits":163,"reconnects":0},"ev":"stats","hp":0.0,"in_bytes":3642032,"late":0,"local_entity":5,"match":{"countdown_until":300,"ctrl":-1,"final":false,"next":"","phase":3,"rot":1940,"scores":[30,28],"sd":false,"state":3,"tick":16060,"zone":"A"},"max_err":1.438,"mean_err":0.0189,"ms":274969,"out_bytes":801709,"pending":6,"pos":[-44.54,-1.53],"reconciles":5422,"server_tick":16360,"snaps":5430,"teleports":7}
[client] {"a":7,"dup":false,"ev":"game","ms":275170,"predicted":false,"t":4,"tick":16368,"type":"hit"}
[client] {"a":5,"dup":false,"ev":"game","ms":275385,"predicted":false,"t":-1,"tick":16386,"type":"respawn"}
[client] {"a":4,"dup":false,"ev":"game","ms":275570,"predicted":false,"t":7,"tick":16392,"type":"hit"}
[client] {"a":1,"dup":false,"ev":"game","ms":275667,"predicted":false,"t":9,"tick":16398,"type":"hit"}
[client] {"a":4,"dup":false,"ev":"game","ms":275916,"predicted":false,"t":7,"tick":16413,"type":"hit"}
[client] {"a":7,"dup":false,"ev":"game","ms":276288,"predicted":false,"t":4,"tick":16435,"type":"hit"}
[client] {"a":0,"dup":false,"ev":"game","ms":276537,"predicted":false,"t":-1,"tick":16450,"type":"respawn"}
[client] {"a":7,"dup":false,"ev":"game","ms":276585,"predicted":false,"t":4,"tick":16453,"type":"block"}
[client] {"a":9,"dup":false,"ev":"game","ms":276785,"predicted":false,"t":4,"tick":16465,"type":"block"}
[client] {"a":2,"dup":false,"ev":"game","ms":276854,"predicted":false,"t":7,"tick":16469,"type":"hit"}
[client] {"a":7,"dup":false,"ev":"game","ms":276854,"predicted":false,"t":-1,"tick":16469,"type":"ko"}
[client] {"a":2,"dup":false,"ev":"game","ms":276888,"predicted":false,"t":9,"tick":16471,"type":"hit"}
[client] {"a":1,"dup":false,"ev":"game","ms":278351,"predicted":false,"t":9,"tick":16559,"type":"hit"}
[client] {"a":9,"dup":false,"ev":"game","ms":278351,"predicted":false,"t":-1,"tick":16559,"type":"ko"}
[client] {"a":8,"dup":false,"ev":"game","ms":279351,"predicted":false,"t":-1,"tick":16619,"type":"respawn"}
[client] {"counts":{"blocks_on_me":10,"conf_actions":145,"confirmed_hits":811,"dup_confirmed":0,"hits_on_me":102,"pred_actions":160,"predicted_confirmed":65,"predicted_hits":163,"reconnects":0},"ev":"stats","hp":280.0,"in_bytes":3701935,"late":0,"local_entity":5,"match":{"countdown_until":300,"ctrl":0,"final":false,"next":"","phase":3,"rot":1640,"scores":[31,28],"sd":false,"state":2,"tick":16360,"zone":"A"},"max_err":1.438,"mean_err":0.0186,"ms":279965,"out_bytes":816409,"pending":6,"pos":[-2.23,20.3],"reconciles":5521,"server_tick":16660,"snaps":5530,"teleports":8}
[client] {"a":1,"dup":false,"ev":"game","ms":283746,"predicted":false,"t":6,"tick":16883,"type":"hit"}
[client] {"a":4,"dup":false,"ev":"game","ms":283830,"predicted":false,"t":6,"tick":16888,"type":"hit"}
[client] {"a":3,"dup":false,"ev":"game","ms":283947,"predicted":false,"t":-1,"tick":16895,"type":"respawn"}
[client] {"a":4,"dup":false,"ev":"game","ms":284202,"predicted":false,"t":6,"tick":16910,"type":"hit"}
[client] {"counts":{"blocks_on_me":10,"conf_actions":145,"confirmed_hits":814,"dup_confirmed":0,"hits_on_me":102,"pred_actions":160,"predicted_confirmed":65,"predicted_hits":163,"reconnects":0},"ev":"stats","hp":280.0,"in_bytes":3763215,"late":0,"local_entity":5,"match":{"countdown_until":300,"ctrl":-1,"final":false,"next":"","phase":3,"rot":1340,"scores":[33,28],"sd":false,"state":3,"tick":16660,"zone":"A"},"max_err":1.438,"mean_err":0.0183,"ms":284967,"out_bytes":831109,"pending":6,"pos":[-31.45,6.25],"reconciles":5621,"server_tick":16960,"snaps":5630,"teleports":8}
[client] {"a":6,"dup":false,"ev":"game","ms":286323,"predicted":false,"t":2,"tick":17037,"type":"hit"}
[client] {"a":6,"dup":false,"ev":"game","ms":286348,"predicted":false,"t":1,"tick":17039,"type":"hit"}
[client] {"a":4,"dup":false,"ev":"game","ms":286500,"predicted":false,"t":6,"tick":17048,"type":"hit"}
[client] {"a":7,"dup":false,"ev":"game","ms":286852,"predicted":false,"t":-1,"tick":17069,"type":"respawn"}
[client] {"a":6,"dup":false,"ev":"game","ms":287149,"predicted":false,"t":2,"tick":17087,"type":"hit"}
[client] {"a":6,"dup":false,"ev":"game","ms":287149,"predicted":false,"t":4,"tick":17087,"type":"hit"}
[client] {"a":1,"dup":false,"ev":"game","ms":287183,"predicted":false,"t":6,"tick":17089,"type":"hit"}
[client] {"a":1,"dup":false,"ev":"game","ms":287550,"predicted":false,"t":6,"tick":17111,"type":"hit"}
[client] {"a":5,"dup":true,"ev":"game","ms":287749,"predicted":false,"t":4,"tick":17128,"type":"hit"}
[client] {"a":2,"dup":false,"ev":"game","ms":287887,"predicted":false,"t":5,"tick":17130,"type":"hit"}
[client] {"a":2,"dup":false,"ev":"game","ms":288169,"predicted":false,"t":5,"tick":17148,"type":"block"}
[client] {"a":9,"dup":false,"ev":"game","ms":288349,"predicted":false,"t":-1,"tick":17159,"type":"respawn"}
[client] {"a":2,"dup":false,"ev":"game","ms":288487,"predicted":false,"t":5,"tick":17166,"type":"block"}
[client] {"a":4,"dup":false,"ev":"game","ms":288687,"predicted":false,"t":5,"tick":17179,"type":"block"}
[client] {"a":2,"dup":false,"ev":"game","ms":288901,"predicted":false,"t":5,"tick":17192,"type":"block"}
[client] {"a":2,"dup":false,"ev":"game","ms":289104,"predicted":false,"t":5,"tick":17204,"type":"block"}
[client] {"a":6,"dup":false,"ev":"game","ms":289122,"predicted":false,"t":0,"tick":17205,"type":"hit"}
[client] {"a":4,"dup":false,"ev":"game","ms":289301,"predicted":false,"t":5,"tick":17216,"type":"block"}
[client] {"a":0,"dup":false,"ev":"game","ms":289522,"predicted":false,"t":6,"tick":17229,"type":"hit"}
[client] {"a":4,"dup":false,"ev":"game","ms":289653,"predicted":false,"t":5,"tick":17236,"type":"hit"}
[client] {"a":8,"dup":false,"ev":"game","ms":289722,"predicted":false,"t":4,"tick":17241,"type":"hit"}
[client] {"a":2,"dup":false,"ev":"game","ms":289749,"predicted":false,"t":5,"tick":17243,"type":"hit"}
[client] {"a":8,"dup":false,"ev":"game","ms":289770,"predicted":false,"t":2,"tick":17244,"type":"hit"}
[client] {"a":2,"dup":false,"ev":"game","ms":289770,"predicted":false,"t":-1,"tick":17244,"type":"ko"}
[client] {"a":0,"dup":false,"ev":"game","ms":289833,"predicted":false,"t":6,"tick":17247,"type":"hit"}
[client] {"a":1,"dup":false,"ev":"game","ms":289867,"predicted":false,"t":6,"tick":17249,"type":"hit"}
[client] {"counts":{"blocks_on_me":16,"conf_actions":149,"confirmed_hits":831,"dup_confirmed":0,"hits_on_me":105,"pred_actions":164,"predicted_confirmed":66,"predicted_hits":166,"reconnects":0},"ev":"stats","hp":226.0,"in_bytes":3835311,"late":0,"local_entity":5,"match":{"countdown_until":300,"ctrl":-1,"final":false,"next":"","phase":3,"rot":1040,"scores":[33,28],"sd":false,"state":3,"tick":16960,"zone":"A"},"max_err":1.438,"mean_err":0.0186,"ms":289969,"out_bytes":845809,"pending":6,"pos":[-38.77,1.61],"reconciles":5721,"server_tick":17260,"snaps":5730,"teleports":8}
[client] {"a":1,"dup":false,"ev":"game","ms":291068,"predicted":false,"t":6,"tick":17322,"type":"hit"}
[client] {"a":4,"dup":false,"ev":"game","ms":291206,"predicted":false,"t":6,"tick":17330,"type":"hit"}
[client] {"a":8,"dup":false,"ev":"game","ms":291206,"predicted":false,"t":4,"tick":17330,"type":"hit"}
[client] {"a":8,"dup":false,"ev":"game","ms":291302,"predicted":false,"t":1,"tick":17336,"type":"hit"}
[client] {"a":0,"dup":false,"ev":"game","ms":291585,"predicted":false,"t":8,"tick":17353,"type":"hit"}
[client] {"a":0,"dup":false,"ev":"game","ms":291619,"predicted":false,"t":5,"tick":17355,"type":"hit"}
[client] {"a":4,"dup":false,"ev":"game","ms":291861,"predicted":false,"t":6,"tick":17370,"type":"hit"}
[client] {"a":6,"dup":false,"ev":"game","ms":291861,"predicted":false,"t":-1,"tick":17370,"type":"ko"}
[client] {"a":0,"dup":false,"ev":"game","ms":292482,"predicted":false,"t":8,"tick":17407,"type":"hit"}
[client] {"a":0,"dup":false,"ev":"game","ms":292779,"predicted":false,"t":8,"tick":17425,"type":"hit"}
[client] {"a":0,"dup":false,"ev":"game","ms":292813,"predicted":false,"t":5,"tick":17427,"type":"hit"}
[client] {"a":4,"dup":false,"ev":"game","ms":292931,"predicted":false,"t":8,"tick":17434,"type":"hit"}
[client] {"a":4,"dup":false,"ev":"game","ms":292979,"predicted":false,"t":5,"tick":17437,"type":"hit"}
[client] {"a":8,"dup":false,"ev":"game","ms":294035,"predicted":false,"t":0,"tick":17500,"type":"hit"}
[client] {"a":8,"dup":false,"ev":"game","ms":294332,"predicted":false,"t":0,"tick":17518,"type":"hit"}
[client] {"a":5,"dup":true,"ev":"game","ms":294366,"predicted":false,"t":0,"tick":17525,"type":"hit"}
[client] {"a":5,"dup":true,"ev":"game","ms":294366,"predicted":false,"t":4,"tick":17525,"type":"hit"}
[client] {"a":1,"dup":false,"ev":"game","ms":294780,"predicted":false,"t":5,"tick":17545,"type":"hit"}
[client] {"counts":{"blocks_on_me":16,"conf_actions":156,"confirmed_hits":848,"dup_confirmed":0,"hits_on_me":109,"pred_actions":172,"predicted_confirmed":68,"predicted_hits":171,"reconnects":0},"ev":"stats","hp":94.0,"in_bytes":3906688,"late":0,"local_entity":5,"match":{"countdown_until":300,"ctrl":-1,"final":false,"next":"C","phase":3,"rot":740,"scores":[33,28],"sd":false,"state":3,"tick":17260,"zone":"A"},"max_err":1.476,"mean_err":0.0193,"ms":294965,"out_bytes":860509,"pending":6,"pos":[-39.28,0.55],"reconciles":5821,"server_tick":17560,"snaps":5830,"teleports":8}
[client] {"a":8,"dup":false,"ev":"game","ms":295345,"predicted":false,"t":1,"tick":17579,"type":"hit"}
[client] {"a":4,"dup":false,"ev":"game","ms":295614,"predicted":false,"t":8,"tick":17595,"type":"hit"}
[client] {"a":5,"dup":true,"ev":"game","ms":295684,"predicted":false,"t":3,"tick":17604,"type":"hit"}
[client] {"a":1,"dup":false,"ev":"game","ms":295732,"predicted":false,"t":8,"tick":17602,"type":"hit"}
[client] {"a":5,"dup":true,"ev":"game","ms":296001,"predicted":false,"t":3,"tick":17623,"type":"hit"}
[client] {"a":8,"dup":false,"ev":"game","ms":296118,"predicted":false,"t":1,"tick":17625,"type":"hit"}
[client] {"a":8,"dup":false,"ev":"game","ms":296132,"predicted":false,"t":4,"tick":17626,"type":"hit"}
[client] {"a":4,"dup":false,"ev":"game","ms":296132,"predicted":false,"t":-1,"tick":17626,"type":"ko"}
[client] {"a":0,"dup":false,"ev":"game","ms":296718,"predicted":false,"t":8,"tick":17661,"type":"hit"}
[client] {"a":3,"dup":false,"ev":"game","ms":296732,"predicted":false,"t":5,"tick":17662,"type":"hit"}
[client] {"a":1,"dup":false,"ev":"game","ms":297016,"predicted":false,"t":8,"tick":17679,"type":"hit"}
[client] {"a":0,"dup":false,"ev":"game","ms":297084,"predicted":false,"t":8,"tick":17683,"type":"hit"}
[client] {"a":3,"dup":false,"ev":"game","ms":297298,"predicted":false,"t":8,"tick":17696,"type":"hit"}
[client] {"a":8,"dup":false,"ev":"game","ms":297298,"predicted":false,"t":-1,"tick":17696,"type":"ko"}
[client] {"a":0,"dup":false,"ev":"game","ms":297981,"predicted":false,"t":7,"tick":17737,"type":"hit"}
[client] {"a":3,"dup":false,"ev":"game","ms":298036,"predicted":false,"t":5,"tick":17740,"type":"hit"}
[client] {"a":3,"dup":false,"ev":"game","ms":298354,"predicted":false,"t":5,"tick":17759,"type":"hit"}
[client] {"a":7,"dup":false,"ev":"game","ms":298568,"predicted":false,"t":0,"tick":17772,"type":"hit"}
[client] {"a":3,"dup":false,"ev":"game","ms":298733,"predicted":false,"t":5,"tick":17782,"type":"hit"}
[client] {"a":1,"dup":false,"ev":"game","ms":298768,"predicted":false,"t":5,"tick":17784,"type":"hit"}
[client] {"a":7,"dup":false,"ev":"game","ms":298899,"predicted":false,"t":0,"tick":17792,"type":"hit"}
[client] {"a":7,"dup":false,"ev":"game","ms":299210,"predicted":false,"t":0,"tick":17811,"type":"hit"}
[client] {"a":5,"dup":true,"ev":"game","ms":299313,"predicted":false,"t":3,"tick":17821,"type":"hit"}
[client] {"a":9,"dup":false,"ev":"game","ms":299527,"predicted":false,"t":1,"tick":17829,"type":"hit"}
[client] {"a":5,"dup":true,"ev":"game","ms":299644,"predicted":false,"t":3,"tick":17841,"type":"hit"}
[client] {"a":2,"dup":false,"ev":"game","ms":299775,"predicted":false,"t":-1,"tick":17844,"type":"respawn"}
[client] {"counts":{"blocks_on_me":16,"conf_actions":163,"confirmed_hits":871,"dup_confirmed":0,"hits_on_me":114,"pred_actions":180,"predicted_confirmed":72,"predicted_hits":179,"reconnects":0},"ev":"stats","hp":8.0,"in_bytes":3976387,"late":0,"local_entity":5,"match":{"countdown_until":300,"ctrl":-1,"final":false,"next":"C","phase":3,"rot":440,"scores":[33,28],"sd":false,"state":3,"tick":17560,"zone":"A"},"max_err":1.476,"mean_err":0.0194,"ms":299961,"out_bytes":875209,"pending":6,"pos":[-39.38,-0.07],"reconciles":5921,"server_tick":17860,"snaps":5930,"teleports":8}
[client] {"a":5,"dup":false,"ev":"game","ms":300258,"predicted":false,"t":-1,"tick":17878,"type":"ko"}
[client] {"a":3,"dup":false,"ev":"game","ms":300348,"predicted":false,"t":5,"tick":17878,"type":"hit"}
[client] {"a":3,"dup":false,"ev":"game","ms":300430,"predicted":false,"t":9,"tick":17883,"type":"hit"}
[client] {"a":1,"dup":false,"ev":"game","ms":300797,"predicted":false,"t":7,"tick":17905,"type":"hit"}
[client] {"a":3,"dup":false,"ev":"game","ms":301659,"predicted":false,"t":7,"tick":17957,"type":"hit"}
[client] {"a":6,"dup":false,"ev":"game","ms":301879,"predicted":false,"t":-1,"tick":17970,"type":"respawn"}
[client] {"a":9,"dup":false,"ev":"game","ms":302094,"predicted":false,"t":0,"tick":17983,"type":"hit"}
[client] {"a":7,"dup":false,"ev":"game","ms":302611,"predicted":false,"t":0,"tick":18014,"type":"hit"}
[client] {"a":1,"dup":false,"ev":"game","ms":302797,"predicted":false,"t":9,"tick":18025,"type":"hit"}
[client] {"a":0,"dup":false,"ev":"game","ms":302963,"predicted":false,"t":7,"tick":18035,"type":"hit"}
[client] {"a":0,"dup":false,"ev":"game","ms":303294,"predicted":false,"t":7,"tick":18055,"type":"hit"}
[client] {"a":3,"dup":false,"ev":"game","ms":303494,"predicted":false,"t":7,"tick":18067,"type":"hit"}
[client] {"a":9,"dup":false,"ev":"game","ms":303929,"predicted":false,"t":1,"tick":18093,"type":"hit"}
[client] {"a":7,"dup":false,"ev":"game","ms":304233,"predicted":false,"t":0,"tick":18111,"type":"hit"}
[client] {"a":0,"dup":false,"ev":"game","ms":304633,"predicted":false,"t":7,"tick":18135,"type":"hit"}
[client] {"a":9,"dup":false,"ev":"game","ms":304799,"predicted":false,"t":3,"tick":18146,"type":"hit"}
[client] {"counts":{"blocks_on_me":16,"conf_actions":164,"confirmed_hits":885,"dup_confirmed":0,"hits_on_me":115,"pred_actions":181,"predicted_confirmed":72,"predicted_hits":179,"reconnects":0},"ev":"stats","hp":0.0,"in_bytes":4040850,"late":0,"local_entity":5,"match":{"countdown_until":300,"ctrl":-1,"final":false,"next":"C","phase":3,"rot":140,"scores":[33,28],"sd":false,"state":3,"tick":17860,"zone":"A"},"max_err":1.476,"mean_err":0.0191,"ms":304963,"out_bytes":889909,"pending":6,"pos":[-39.39,0.11],"reconciles":6021,"server_tick":18160,"snaps":6030,"teleports":8}
[client] {"a":7,"dup":false,"ev":"game","ms":305516,"predicted":false,"t":0,"tick":18189,"type":"hit"}
[client] {"a":0,"dup":false,"ev":"game","ms":305516,"predicted":false,"t":-1,"tick":18189,"type":"ko"}
[client] {"a":3,"dup":false,"ev":"game","ms":305530,"predicted":false,"t":9,"tick":18190,"type":"hit"}
[client] {"a":7,"dup":false,"ev":"game","ms":305882,"predicted":false,"t":3,"tick":18211,"type":"hit"}
[client] {"a":4,"dup":false,"ev":"game","ms":306130,"predicted":false,"t":-1,"tick":18226,"type":"respawn"}
[client] {"a":9,"dup":false,"ev":"game","ms":306399,"predicted":false,"t":1,"tick":18242,"type":"hit"}
[client] {"a":3,"dup":false,"ev":"game","ms":306482,"predicted":false,"t":7,"tick":18247,"type":"hit"}
[client] {"a":3,"dup":false,"ev":"game","ms":306930,"predicted":false,"t":7,"tick":18274,"type":"hit"}
[client] {"a":7,"dup":false,"ev":"game","ms":306930,"predicted":false,"t":-1,"tick":18274,"type":"ko"}
[client] {"a":9,"dup":false,"ev":"game","ms":307013,"predicted":false,"t":1,"tick":18279,"type":"hit"}
[client] {"a":8,"dup":false,"ev":"game","ms":307296,"predicted":false,"t":-1,"tick":18296,"type":"respawn"}
[client] {"a":-1,"dup":false,"ev":"game","ms":307351,"predicted":false,"t":-1,"tick":18299,"type":"zone_rotated"}
[client] {"a":9,"dup":false,"ev":"game","ms":307613,"predicted":false,"t":3,"tick":18315,"type":"hit"}
[client] {"a":1,"dup":false,"ev":"game","ms":308131,"predicted":false,"t":9,"tick":18346,"type":"hit"}
[client] {"counts":{"blocks_on_me":16,"conf_actions":164,"confirmed_hits":894,"dup_confirmed":0,"hits_on_me":115,"pred_actions":181,"predicted_confirmed":72,"predicted_hits":179,"reconnects":0},"ev":"stats","hp":0.0,"in_bytes":4101874,"late":0,"local_entity":5,"match":{"countdown_until":300,"ctrl":-1,"final":false,"next":"","phase":3,"rot":3440,"scores":[33,28],"sd":false,"state":1,"tick":18160,"zone":"C"},"max_err":1.476,"mean_err":0.0188,"ms":309966,"out_bytes":904609,"pending":6,"pos":[-39.39,0.11],"reconciles":6121,"server_tick":18460,"snaps":6130,"teleports":8}
[client] {"a":5,"dup":false,"ev":"game","ms":310249,"predicted":false,"t":-1,"tick":18478,"type":"respawn"}
[client] {"counts":{"blocks_on_me":16,"conf_actions":164,"confirmed_hits":894,"dup_confirmed":0,"hits_on_me":115,"pred_actions":181,"predicted_confirmed":72,"predicted_hits":179,"reconnects":0},"ev":"stats","hp":280.0,"in_bytes":4160610,"late":0,"local_entity":5,"match":{"countdown_until":300,"ctrl":1,"final":false,"next":"","phase":3,"rot":3140,"scores":[33,28],"sd":false,"state":2,"tick":18460,"zone":"C"},"max_err":1.476,"mean_err":0.0185,"ms":314968,"out_bytes":919309,"pending":6,"pos":[24.27,30.67],"reconciles":6220,"server_tick":18760,"snaps":6230,"teleports":9}
[client] {"a":0,"dup":false,"ev":"game","ms":315522,"predicted":false,"t":-1,"tick":18789,"type":"respawn"}
[client] {"a":7,"dup":false,"ev":"game","ms":316936,"predicted":false,"t":-1,"tick":18874,"type":"respawn"}
[client] {"a":6,"dup":false,"ev":"game","ms":317894,"predicted":false,"t":4,"tick":18932,"type":"hit"}
[client] {"a":2,"dup":false,"ev":"game","ms":318095,"predicted":false,"t":6,"tick":18944,"type":"hit"}
[client] {"a":6,"dup":false,"ev":"game","ms":319130,"predicted":false,"t":2,"tick":19006,"type":"hit"}
[client] {"a":6,"dup":false,"ev":"game","ms":319185,"predicted":false,"t":4,"tick":19009,"type":"hit"}
[client] {"a":8,"dup":false,"ev":"game","ms":319199,"predicted":false,"t":2,"tick":19010,"type":"hit"}
[client] {"a":8,"dup":false,"ev":"game","ms":319847,"predicted":false,"t":2,"tick":19049,"type":"hit"}
[client] {"counts":{"blocks_on_me":16,"conf_actions":164,"confirmed_hits":900,"dup_confirmed":0,"hits_on_me":115,"pred_actions":181,"predicted_confirmed":72,"predicted_hits":179,"reconnects":0},"ev":"stats","hp":280.0,"in_bytes":4221824,"late":0,"local_entity":5,"match":{"countdown_until":300,"ctrl":-1,"final":false,"next":"","phase":3,"rot":2840,"scores":[33,29],"sd":false,"state":3,"tick":18760,"zone":"C"},"max_err":1.476,"mean_err":0.0182,"ms":319964,"out_bytes":934009,"pending":6,"pos":[37.29,3.14],"reconciles":6320,"server_tick":19060,"snaps":6330,"teleports":9}
[client] {"a":6,"dup":false,"ev":"game","ms":320103,"predicted":false,"t":4,"tick":19064,"type":"hit"}
[client] {"a":1,"dup":false,"ev":"game","ms":320517,"predicted":false,"t":6,"tick":19089,"type":"hit"}
[client] {"a":3,"dup":false,"ev":"game","ms":320530,"predicted":false,"t":6,"tick":19090,"type":"hit"}
[client] {"a":1,"dup":false,"ev":"game","ms":320799,"predicted":false,"t":8,"tick":19106,"type":"hit"}
[client] {"a":2,"dup":false,"ev":"game","ms":320814,"predicted":false,"t":6,"tick":19107,"type":"hit"}
[client] {"a":5,"dup":true,"ev":"game","ms":321200,"predicted":false,"t":3,"tick":19135,"type":"hit"}
[client] {"a":5,"dup":false,"ev":"game","ms":321269,"predicted":false,"t":1,"tick":19138,"type":"hit"}
[client] {"a":1,"dup":false,"ev":"game","ms":321317,"predicted":false,"t":6,"tick":19137,"type":"hit"}
[client] {"a":2,"dup":false,"ev":"game","ms":321765,"predicted":false,"t":5,"tick":19164,"type":"hit"}
[client] {"a":6,"dup":false,"ev":"game","ms":322048,"predicted":false,"t":1,"tick":19181,"type":"hit"}
[client] {"a":3,"dup":false,"ev":"game","ms":322103,"predicted":false,"t":6,"tick":19184,"type":"hit"}
[client] {"a":2,"dup":false,"ev":"game","ms":322166,"predicted":false,"t":5,"tick":19188,"type":"hit"}
[client] {"a":9,"dup":false,"ev":"game","ms":322269,"predicted":false,"t":4,"tick":19194,"type":"hit"}
[client] {"a":9,"dup":false,"ev":"game","ms":322283,"predicted":false,"t":1,"tick":19195,"type":"hit"}
[client] {"a":2,"dup":false,"ev":"game","ms":323038,"predicted":false,"t":5,"tick":19240,"type":"hit"}
[client] {"a":2,"dup":false,"ev":"game","ms":323069,"predicted":false,"t":8,"tick":19242,"type":"hit"}
[client] {"a":1,"dup":false,"ev":"game","ms":323118,"predicted":false,"t":5,"tick":19245,"type":"hit"}
[client] {"a":9,"dup":false,"ev":"game","ms":323269,"predicted":false,"t":1,"tick":19254,"type":"hit"}
[client] {"a":4,"dup":false,"ev":"game","ms":323566,"predicted":false,"t":9,"tick":19272,"type":"hit"}
[client] {"a":1,"dup":false,"ev":"game","ms":323637,"predicted":false,"t":9,"tick":19276,"type":"hit"}
[client] {"a":3,"dup":false,"ev":"game","ms":323801,"predicted":false,"t":5,"tick":19286,"type":"block"}
[client] {"a":9,"dup":false,"ev":"game","ms":324084,"predicted":false,"t":3,"tick":19303,"type":"hit"}
[client] {"a":8,"dup":false,"ev":"game","ms":324353,"predicted":false,"t":1,"tick":19319,"type":"hit"}
[client] {"a":2,"dup":false,"ev":"game","ms":324388,"predicted":false,"t":9,"tick":19321,"type":"hit"}
[client] {"a":8,"dup":false,"ev":"game","ms":324388,"predicted":false,"t":3,"tick":19321,"type":"hit"}
[client] {"a":6,"dup":false,"ev":"game","ms":324554,"predicted":false,"t":3,"tick":19331,"type":"hit"}
[client] {"a":6,"dup":false,"ev":"game","ms":324850,"predicted":false,"t":1,"tick":19349,"type":"hit"}
[client] {"a":1,"dup":false,"ev":"game","ms":324850,"predicted":false,"t":-1,"tick":19349,"type":"ko"}
[client] {"a":6,"dup":false,"ev":"game","ms":324905,"predicted":false,"t":4,"tick":19352,"type":"hit"}
[client] {"counts":{"blocks_on_me":17,"conf_actions":169,"confirmed_hits":927,"dup_confirmed":0,"hits_on_me":119,"pred_actions":186,"predicted_confirmed":73,"predicted_hits":184,"reconnects":0},"ev":"stats","hp":191.0,"in_bytes":4299758,"late":0,"local_entity":5,"match":{"countdown_until":300,"ctrl":-1,"final":false,"next":"","phase":3,"rot":2540,"scores":[33,29],"sd":false,"state":3,"tick":19060,"zone":"C"},"max_err":1.517,"mean_err":0.0184,"ms":324966,"out_bytes":948709,"pending":6,"pos":[40.16,-0.24],"reconciles":6420,"server_tick":19360,"snaps":6430,"teleports":9}
[client] {"a":8,"dup":false,"ev":"game","ms":324988,"predicted":false,"t":2,"tick":19357,"type":"hit"}
[client] {"a":9,"dup":false,"ev":"game","ms":325003,"predicted":false,"t":2,"tick":19358,"type":"hit"}
[client] {"a":6,"dup":false,"ev":"game","ms":325119,"predicted":false,"t":3,"tick":19365,"type":"hit"}
[client] {"a":6,"dup":false,"ev":"game","ms":325154,"predicted":false,"t":4,"tick":19367,"type":"hit"}
[client] {"a":0,"dup":false,"ev":"game","ms":325388,"predicted":false,"t":9,"tick":19381,"type":"hit"}
[client] {"a":0,"dup":false,"ev":"game","ms":325450,"predicted":false,"t":8,"tick":19385,"type":"hit"}
[client] {"a":5,"dup":true,"ev":"game","ms":325505,"predicted":false,"t":4,"tick":19393,"type":"hit"}
[client] {"a":6,"dup":false,"ev":"game","ms":325650,"predicted":false,"t":3,"tick":19397,"type":"hit"}
[client] {"a":2,"dup":false,"ev":"game","ms":325886,"predicted":false,"t":8,"tick":19411,"type":"hit"}
[client] {"a":3,"dup":false,"ev":"game","ms":325967,"predicted":false,"t":9,"tick":19416,"type":"hit"}
[client] {"a":6,"dup":false,"ev":"game","ms":326051,"predicted":false,"t":3,"tick":19421,"type":"hit"}
[client] {"a":4,"dup":false,"ev":"game","ms":326285,"predicted":false,"t":9,"tick":19435,"type":"hit"}
[client] {"a":0,"dup":false,"ev":"game","ms":326333,"predicted":false,"t":5,"tick":19438,"type":"hit"}
[client] {"a":4,"dup":false,"ev":"game","ms":326354,"predicted":false,"t":6,"tick":19439,"type":"hit"}
[client] {"a":3,"dup":false,"ev":"game","ms":326686,"predicted":false,"t":5,"tick":19459,"type":"hit"}
[client] {"a":0,"dup":false,"ev":"game","ms":326755,"predicted":false,"t":5,"tick":19463,"type":"hit"}
[client] {"a":4,"dup":false,"ev":"game","ms":327230,"predicted":false,"t":5,"tick":19492,"type":"hit"}
[client] {"a":3,"dup":false,"ev":"game","ms":327383,"predicted":false,"t":5,"tick":19501,"type":"hit"}
[client] {"a":2,"dup":false,"ev":"game","ms":327396,"predicted":false,"t":8,"tick":19502,"type":"hit"}
[client] {"a":6,"dup":false,"ev":"game","ms":327679,"predicted":false,"t":4,"tick":19519,"type":"hit"}
[client] {"a":6,"dup":false,"ev":"game","ms":327748,"predicted":false,"t":3,"tick":19523,"type":"hit"}
[client] {"a":7,"dup":false,"ev":"game","ms":327865,"predicted":false,"t":0,"tick":19530,"type":"hit"}
[client] {"a":7,"dup":false,"ev":"game","ms":327865,"predicted":false,"t":4,"tick":19530,"type":"hit"}
[client] {"a":7,"dup":false,"ev":"game","ms":328196,"predicted":false,"t":0,"tick":19550,"type":"hit"}
[client] {"a":6,"dup":false,"ev":"game","ms":328265,"predicted":false,"t":2,"tick":19554,"type":"hit"}
[client] {"a":0,"dup":false,"ev":"game","ms":328562,"predicted":false,"t":7,"tick":19572,"type":"hit"}
[client] {"a":4,"dup":false,"ev":"game","ms":328619,"predicted":false,"t":7,"tick":19575,"type":"hit"}
[client] {"a":2,"dup":false,"ev":"game","ms":328679,"predicted":false,"t":6,"tick":19579,"type":"hit"}
[client] {"a":4,"dup":false,"ev":"game","ms":328679,"predicted":false,"t":5,"tick":19579,"type":"hit"}
[client] {"a":8,"dup":false,"ev":"game","ms":328679,"predicted":false,"t":2,"tick":19579,"type":"hit"}
[client] {"a":8,"dup":false,"ev":"game","ms":329018,"predicted":false,"t":2,"tick":19599,"type":"hit"}
[client] {"a":8,"dup":false,"ev":"game","ms":329349,"predicted":false,"t":2,"tick":19619,"type":"hit"}
[client] {"a":2,"dup":false,"ev":"game","ms":329349,"predicted":false,"t":-1,"tick":19619,"type":"ko"}
[client] {"a":5,"dup":false,"ev":"game","ms":329763,"predicted":false,"t":-1,"tick":19649,"type":"ko"}
[client] {"a":4,"dup":false,"ev":"game","ms":329832,"predicted":false,"t":5,"tick":19648,"type":"hit"}
[client] {"a":0,"dup":false,"ev":"game","ms":329845,"predicted":false,"t":5,"tick":19649,"type":"hit"}
[client] {"counts":{"blocks_on_me":17,"conf_actions":175,"confirmed_hits":961,"dup_confirmed":0,"hits_on_me":127,"pred_actions":193,"predicted_confirmed":74,"predicted_hits":197,"reconnects":0},"ev":"stats","hp":0.0,"in_bytes":4374985,"late":0,"local_entity":5,"match":{"countdown_until":300,"ctrl":-1,"final":false,"next":"","phase":3,"rot":2240,"scores":[33,29],"sd":false,"state":3,"tick":19360,"zone":"C"},"max_err":1.673,"mean_err":0.0191,"ms":329962,"out_bytes":963409,"pending":6,"pos":[41.57,1.54],"reconciles":6520,"server_tick":19660,"snaps":6530,"teleports":9}
[client] {"a":8,"dup":false,"ev":"game","ms":329984,"predicted":false,"t":4,"tick":19657,"type":"hit"}
[client] {"a":3,"dup":false,"ev":"game","ms":330080,"predicted":false,"t":7,"tick":19663,"type":"hit"}
[client] {"a":3,"dup":false,"ev":"game","ms":330114,"predicted":false,"t":9,"tick":19665,"type":"hit"}
[client] {"a":0,"dup":false,"ev":"game","ms":330763,"predicted":false,"t":7,"tick":19704,"type":"hit"}
[client] {"a":0,"dup":false,"ev":"game","ms":330784,"predicted":false,"t":9,"tick":19705,"type":"hit"}
[client] {"a":3,"dup":false,"ev":"game","ms":330784,"predicted":false,"t":8,"tick":19705,"type":"hit"}
[client] {"a":6,"dup":false,"ev":"game","ms":330846,"predicted":false,"t":3,"tick":19709,"type":"hit"}
[client] {"a":4,"dup":false,"ev":"game","ms":330963,"predicted":false,"t":8,"tick":19716,"type":"hit"}
[client] {"a":6,"dup":false,"ev":"game","ms":331233,"predicted":false,"t":3,"tick":19732,"type":"hit"}
[client] {"a":0,"dup":false,"ev":"game","ms":331681,"predicted":false,"t":8,"tick":19759,"type":"hit"}
[client] {"a":7,"dup":false,"ev":"game","ms":331681,"predicted":false,"t":0,"tick":19759,"type":"hit"}
[client] {"a":8,"dup":false,"ev":"game","ms":331681,"predicted":false,"t":-1,"tick":19759,"type":"ko"}
[client] {"a":6,"dup":false,"ev":"game","ms":332116,"predicted":false,"t":0,"tick":19785,"type":"hit"}
[client] {"a":6,"dup":false,"ev":"game","ms":332164,"predicted":false,"t":4,"tick":19788,"type":"hit"}
[client] {"a":4,"dup":false,"ev":"game","ms":332164,"predicted":false,"t":-1,"tick":19788,"type":"ko"}
[client] {"a":7,"dup":false,"ev":"game","ms":332667,"predicted":false,"t":3,"tick":19818,"type":"hit"}
[client] {"a":3,"dup":false,"ev":"game","ms":332667,"predicted":false,"t":-1,"tick":19818,"type":"ko"}
[client] {"a":0,"dup":false,"ev":"game","ms":333682,"predicted":false,"t":7,"tick":19879,"type":"hit"}
[client] {"a":0,"dup":false,"ev":"game","ms":333702,"predicted":false,"t":9,"tick":19880,"type":"hit"}
[client] {"a":6,"dup":false,"ev":"game","ms":334338,"predicted":false,"t":0,"tick":19918,"type":"hit"}
[client] {"a":9,"dup":false,"ev":"game","ms":334799,"predicted":false,"t":0,"tick":19946,"type":"hit"}
[client] {"a":1,"dup":false,"ev":"game","ms":334848,"predicted":false,"t":-1,"tick":19949,"type":"respawn"}
[client] {"counts":{"blocks_on_me":17,"conf_actions":175,"confirmed_hits":979,"dup_confirmed":0,"hits_on_me":127,"pred_actions":193,"predicted_confirmed":74,"predicted_hits":197,"reconnects":0},"ev":"stats","hp":0.0,"in_bytes":4437793,"late":0,"local_entity":5,"match":{"countdown_until":300,"ctrl":-1,"final":false,"next":"","phase":3,"rot":1940,"scores":[33,29],"sd":false,"state":3,"tick":19660,"zone":"C"},"max_err":1.673,"mean_err":0.0188,"ms":334964,"out_bytes":978109,"pending":6,"pos":[41.57,1.54],"reconciles":6620,"server_tick":19961,"snaps":6630,"teleports":9}
[client] {"a":6,"dup":false,"ev":"game","ms":335048,"predicted":false,"t":0,"tick":19961,"type":"hit"}
[client] {"a":7,"dup":false,"ev":"game","ms":335069,"predicted":false,"t":0,"tick":19962,"type":"hit"}
[client] {"a":9,"dup":false,"ev":"game","ms":335138,"predicted":false,"t":0,"tick":19966,"type":"hit"}
[client] {"a":0,"dup":false,"ev":"game","ms":336048,"predicted":false,"t":7,"tick":20021,"type":"hit"}
[client] {"a":9,"dup":false,"ev":"game","ms":336504,"predicted":false,"t":0,"tick":20048,"type":"hit"}
[client] {"a":0,"dup":false,"ev":"game","ms":336504,"predicted":false,"t":-1,"tick":20048,"type":"ko"}
[client] {"a":2,"dup":false,"ev":"game","ms":339346,"predicted":false,"t":-1,"tick":20219,"type":"respawn"}
[client] {"a":5,"dup":false,"ev":"game","ms":339760,"predicted":false,"t":-1,"tick":20249,"type":"respawn"}
[client] {"counts":{"blocks_on_me":17,"conf_actions":175,"confirmed_hits":984,"dup_confirmed":0,"hits_on_me":127,"pred_actions":193,"predicted_confirmed":74,"predicted_hits":197,"reconnects":0},"ev":"stats","hp":280.0,"in_bytes":4487749,"late":0,"local_entity":5,"match":{"countdown_until":300,"ctrl":1,"final":false,"next":"","phase":3,"rot":1640,"scores":[33,32],"sd":false,"state":2,"tick":19960,"zone":"C"},"max_err":1.673,"mean_err":0.0185,"ms":339960,"out_bytes":992809,"pending":6,"pos":[-5.65,46.84],"reconciles":6719,"server_tick":20260,"snaps":6730,"teleports":10}
[client] {"a":8,"dup":false,"ev":"game","ms":341679,"predicted":false,"t":-1,"tick":20359,"type":"respawn"}
[client] {"a":4,"dup":false,"ev":"game","ms":342162,"predicted":false,"t":-1,"tick":20388,"type":"respawn"}
[client] {"a":3,"dup":false,"ev":"game","ms":342665,"predicted":false,"t":-1,"tick":20418,"type":"respawn"}
[client] {"counts":{"blocks_on_me":17,"conf_actions":175,"confirmed_hits":984,"dup_confirmed":0,"hits_on_me":127,"pred_actions":193,"predicted_confirmed":74,"predicted_hits":197,"reconnects":0},"ev":"stats","hp":280.0,"in_bytes":4540570,"late":0,"local_entity":5,"match":{"countdown_until":300,"ctrl":-1,"final":false,"next":"","phase":3,"rot":1340,"scores":[33,36],"sd":false,"state":3,"tick":20260,"zone":"C"},"max_err":1.673,"mean_err":0.0183,"ms":344962,"out_bytes":1007509,"pending":6,"pos":[6.97,18.8],"reconciles":6819,"server_tick":20560,"snaps":6830,"teleports":10}
[client] {"a":0,"dup":false,"ev":"game","ms":346502,"predicted":false,"t":-1,"tick":20648,"type":"respawn"}
[client] {"a":1,"dup":false,"ev":"game","ms":346764,"predicted":false,"t":9,"tick":20664,"type":"hit"}
[client] {"a":1,"dup":false,"ev":"game","ms":347454,"predicted":false,"t":7,"tick":20705,"type":"hit"}
[client] {"a":6,"dup":false,"ev":"game","ms":347454,"predicted":false,"t":1,"tick":20705,"type":"hit"}
[client] {"a":6,"dup":false,"ev":"game","ms":347668,"predicted":false,"t":1,"tick":20718,"type":"hit"}
[client] {"a":1,"dup":false,"ev":"game","ms":348655,"predicted":false,"t":9,"tick":20777,"type":"hit"}
[client] {"a":9,"dup":false,"ev":"game","ms":348655,"predicted":false,"t":-1,"tick":20777,"type":"ko"}
[client] {"a":1,"dup":false,"ev":"game","ms":348669,"predicted":false,"t":6,"tick":20778,"type":"hit"}
[client] {"a":1,"dup":false,"ev":"game","ms":349255,"predicted":false,"t":7,"tick":20813,"type":"hit"}
[client] {"a":1,"dup":false,"ev":"game","ms":349483,"predicted":false,"t":7,"tick":20827,"type":"hit"}
[client] {"a":1,"dup":false,"ev":"game","ms":349517,"predicted":false,"t":6,"tick":20829,"type":"hit"}
[client] {"counts":{"blocks_on_me":17,"conf_actions":175,"confirmed_hits":993,"dup_confirmed":0,"hits_on_me":127,"pred_actions":193,"predicted_confirmed":74,"predicted_hits":197,"reconnects":0},"ev":"stats","hp":280.0,"in_bytes":4602201,"late":0,"local_entity":5,"match":{"countdown_until":300,"ctrl":-1,"final":false,"next":"","phase":3,"rot":1040,"scores":[33,36],"sd":false,"state":3,"tick":20560,"zone":"C"},"max_err":1.673,"mean_err":0.018,"ms":349972,"out_bytes":1022209,"pending":6,"pos":[36.09,3.64],"reconciles":6919,"server_tick":20860,"snaps":6930,"teleports":10}
[client] {"a":2,"dup":false,"ev":"game","ms":350021,"predicted":false,"t":6,"tick":20859,"type":"hit"}
[client] {"a":6,"dup":false,"ev":"game","ms":350021,"predicted":false,"t":-1,"tick":20859,"type":"ko"}
[client] {"a":2,"dup":false,"ev":"game","ms":350069,"predicted":false,"t":7,"tick":20862,"type":"hit"}
[client] {"a":2,"dup":false,"ev":"game","ms":350387,"predicted":false,"t":7,"tick":20881,"type":"hit"}
[client] {"a":2,"dup":false,"ev":"game","ms":350684,"predicted":false,"t":7,"tick":20899,"type":"hit"}
[client] {"a":7,"dup":false,"ev":"game","ms":350684,"predicted":false,"t":-1,"tick":20899,"type":"ko"}
[client] {"a":2,"dup":false,"ev":"game","ms":351318,"predicted":false,"t":5,"tick":20937,"type":"hit"}
[client] {"a":1,"dup":false,"ev":"game","ms":352832,"predicted":false,"t":5,"tick":21028,"type":"hit"}
[client] {"a":1,"dup":false,"ev":"game","ms":352864,"predicted":false,"t":8,"tick":21030,"type":"hit"}
[client] {"a":5,"dup":false,"ev":"game","ms":354134,"predicted":false,"t":1,"tick":21110,"type":"hit"}
[client] {"a":1,"dup":false,"ev":"game","ms":354196,"predicted":false,"t":8,"tick":21110,"type":"hit"}
[client] {"a":4,"dup":false,"ev":"game","ms":354568,"predicted":false,"t":8,"tick":21132,"type":"hit"}
[client] {"a":8,"dup":false,"ev":"game","ms":354948,"predicted":false,"t":4,"tick":21155,"type":"hit"}
[client] {"counts":{"blocks_on_me":17,"conf_actions":181,"confirmed_hits":1004,"dup_confirmed":0,"hits_on_me":129,"pred_actions":199,"predicted_confirmed":74,"predicted_hits":200,"reconnects":0},"ev":"stats","hp":204.0,"in_bytes":4669998,"late":0,"local_entity":5,"match":{"countdown_until":300,"ctrl":-1,"final":false,"next":"B","phase":3,"rot":740,"scores":[33,36],"sd":false,"state":3,"tick":20860,"zone":"C"},"max_err":1.673,"mean_err":0.0181,"ms":354968,"out_bytes":1036909,"pending":6,"pos":[40.61,1.68],"reconciles":7019,"server_tick":21160,"snaps":7030,"teleports":10}
[client] {"a":8,"dup":false,"ev":"game","ms":355348,"predicted":false,"t":4,"tick":21179,"type":"hit"}
[client] {"a":1,"dup":false,"ev":"game","ms":355396,"predicted":false,"t":8,"tick":21182,"type":"hit"}
[client] {"a":2,"dup":false,"ev":"game","ms":355865,"predicted":false,"t":5,"tick":21210,"type":"block"}
[client] {"a":4,"dup":false,"ev":"game","ms":356017,"predicted":false,"t":5,"tick":21219,"type":"block"}
[client] {"a":2,"dup":false,"ev":"game","ms":356148,"predicted":false,"t":5,"tick":21227,"type":"block"}
[client] {"a":1,"dup":false,"ev":"game","ms":356252,"predicted":false,"t":5,"tick":21233,"type":"block"}
[client] {"a":4,"dup":false,"ev":"game","ms":356314,"predicted":false,"t":5,"tick":21237,"type":"block"}
[client] {"a":2,"dup":false,"ev":"game","ms":356466,"predicted":false,"t":5,"tick":21246,"type":"block"}
[client] {"a":1,"dup":false,"ev":"game","ms":356487,"predicted":false,"t":5,"tick":21247,"type":"block"}
[client] {"a":4,"dup":false,"ev":"game","ms":356632,"predicted":false,"t":5,"tick":21256,"type":"block"}
[client] {"a":4,"dup":false,"ev":"game","ms":356666,"predicted":false,"t":8,"tick":21258,"type":"hit"}
[client] {"a":3,"dup":false,"ev":"game","ms":356687,"predicted":false,"t":5,"tick":21259,"type":"block"}
[client] {"a":1,"dup":false,"ev":"game","ms":356997,"predicted":false,"t":5,"tick":21278,"type":"block"}
[client] {"a":1,"dup":false,"ev":"game","ms":357335,"predicted":false,"t":5,"tick":21298,"type":"guard_break"}
[client] {"a":2,"dup":false,"ev":"game","ms":357397,"predicted":false,"t":5,"tick":21302,"type":"hit"}
[client] {"a":1,"dup":false,"ev":"game","ms":357701,"predicted":false,"t":5,"tick":21320,"type":"hit"}
[client] {"a":8,"dup":false,"ev":"game","ms":357701,"predicted":false,"t":2,"tick":21320,"type":"hit"}
[client] {"a":3,"dup":false,"ev":"game","ms":357797,"predicted":false,"t":5,"tick":21326,"type":"hit"}
[client] {"a":8,"dup":false,"ev":"game","ms":358267,"predicted":false,"t":4,"tick":21354,"type":"hit"}
[client] {"a":4,"dup":false,"ev":"game","ms":358653,"predicted":false,"t":8,"tick":21377,"type":"hit"}
[client] {"a":9,"dup":false,"ev":"game","ms":358653,"predicted":false,"t":-1,"tick":21377,"type":"respawn"}
[client] {"a":1,"dup":false,"ev":"game","ms":359267,"predicted":false,"t":8,"tick":21414,"type":"hit"}
[client] {"a":1,"dup":false,"ev":"game","ms":359301,"predicted":false,"t":5,"tick":21416,"type":"hit"}
[client] {"counts":{"blocks_on_me":27,"conf_actions":184,"confirmed_hits":1015,"dup_confirmed":0,"hits_on_me":133,"pred_actions":204,"predicted_confirmed":74,"predicted_hits":200,"reconnects":0},"ev":"stats","hp":92.0,"in_bytes":4743458,"late":0,"local_entity":5,"match":{"countdown_until":300,"ctrl":-1,"final":false,"next":"B","phase":3,"rot":440,"scores":[33,36],"sd":false,"state":3,"tick":21160,"zone":"C"},"max_err":1.673,"mean_err":0.0186,"ms":359970,"out_bytes":1051609,"pending":6,"pos":[40.26,3.36],"reconciles":7119,"server_tick":21460,"snaps":7130,"teleports":10}
[client] {"a":6,"dup":false,"ev":"game","ms":360019,"predicted":false,"t":-1,"tick":21459,"type":"respawn"}
[client] {"a":7,"dup":false,"ev":"game","ms":360689,"predicted":false,"t":-1,"tick":21499,"type":"respawn"}
[client] {"a":5,"dup":true,"ev":"game","ms":361172,"predicted":false,"t":4,"tick":21533,"type":"hit"}
[client] {"a":5,"dup":true,"ev":"game","ms":361254,"predicted":false,"t":2,"tick":21537,"type":"hit"}
[client] {"a":8,"dup":false,"ev":"game","ms":361302,"predicted":false,"t":0,"tick":21536,"type":"hit"}
[client] {"a":3,"dup":false,"ev":"game","ms":361772,"predicted":false,"t":8,"tick":21564,"type":"hit"}
[client] {"a":1,"dup":false,"ev":"game","ms":362220,"predicted":false,"t":5,"tick":21591,"type":"hit"}
[client] {"a":1,"dup":false,"ev":"game","ms":362820,"predicted":false,"t":5,"tick":21627,"type":"hit"}
[client] {"a":8,"dup":false,"ev":"game","ms":362834,"predicted":false,"t":0,"tick":21628,"type":"hit"}
[client] {"a":8,"dup":false,"ev":"game","ms":362855,"predicted":false,"t":2,"tick":21629,"type":"hit"}
[client] {"a":8,"dup":false,"ev":"game","ms":363152,"predicted":false,"t":2,"tick":21647,"type":"hit"}
[client] {"a":0,"dup":false,"ev":"game","ms":363221,"predicted":false,"t":8,"tick":21651,"type":"hit"}
[client] {"a":8,"dup":false,"ev":"game","ms":363221,"predicted":false,"t":-1,"tick":21651,"type":"ko"}
[client] {"a":3,"dup":false,"ev":"game","ms":363504,"predicted":false,"t":5,"tick":21668,"type":"hit"}
[client] {"a":5,"dup":false,"ev":"game","ms":363552,"predicted":false,"t":-1,"tick":21676,"type":"ko"}
[client] {"a":1,"dup":false,"ev":"game","ms":363635,"predicted":false,"t":5,"tick":21676,"type":"hit"}
[client] {"counts":{"blocks_on_me":27,"conf_actions":190,"confirmed_hits":1027,"dup_confirmed":0,"hits_on_me":137,"pred_actions":209,"predicted_confirmed":76,"predicted_hits":210,"reconnects":0},"ev":"stats","hp":0.0,"in_bytes":4813463,"late":0,"local_entity":5,"match":{"countdown_until":300,"ctrl":0,"final":false,"next":"B","phase":3,"rot":140,"scores":[34,36],"sd":false,"state":2,"tick":21460,"zone":"C"},"max_err":1.673,"mean_err":0.0187,"ms":364972,"out_bytes":1066309,"pending":6,"pos":[39.9,2.58],"reconciles":7219,"server_tick":21760,"snaps":7230,"teleports":10}
[client] {"a":-1,"dup":false,"ev":"game","ms":367347,"predicted":false,"t":-1,"tick":21899,"type":"zone_rotated"}
[client] {"counts":{"blocks_on_me":27,"conf_actions":190,"confirmed_hits":1027,"dup_confirmed":0,"hits_on_me":137,"pred_actions":209,"predicted_confirmed":76,"predicted_hits":210,"reconnects":0},"ev":"stats","hp":0.0,"in_bytes":4874639,"late":0,"local_entity":5,"match":{"countdown_until":300,"ctrl":-1,"final":false,"next":"","phase":3,"rot":3440,"scores":[36,36],"sd":false,"state":1,"tick":21760,"zone":"B"},"max_err":1.673,"mean_err":0.0185,"ms":369968,"out_bytes":1081009,"pending":6,"pos":[39.9,2.58],"reconciles":7319,"server_tick":22060,"snaps":7330,"teleports":10}
[client] {"a":8,"dup":false,"ev":"game","ms":373219,"predicted":false,"t":-1,"tick":22251,"type":"respawn"}
[client] {"a":9,"dup":false,"ev":"game","ms":373232,"predicted":false,"t":1,"tick":22252,"type":"hit"}
[client] {"a":3,"dup":false,"ev":"game","ms":373405,"predicted":false,"t":9,"tick":22262,"type":"hit"}
[client] {"a":5,"dup":false,"ev":"game","ms":373550,"predicted":false,"t":-1,"tick":22276,"type":"respawn"}
[client] {"a":3,"dup":false,"ev":"game","ms":373702,"predicted":false,"t":9,"tick":22280,"type":"hit"}
[client] {"a":6,"dup":false,"ev":"game","ms":373853,"predicted":false,"t":1,"tick":22289,"type":"hit"}
[client] {"a":3,"dup":false,"ev":"game","ms":374006,"predicted":false,"t":9,"tick":22298,"type":"hit"}
[client] {"a":7,"dup":false,"ev":"game","ms":374033,"predicted":false,"t":1,"tick":22300,"type":"hit"}
[client] {"a":7,"dup":false,"ev":"game","ms":374033,"predicted":false,"t":3,"tick":22300,"type":"hit"}
[client] {"a":7,"dup":false,"ev":"game","ms":374067,"predicted":false,"t":2,"tick":22302,"type":"hit"}
[client] {"a":3,"dup":false,"ev":"game","ms":374523,"predicted":false,"t":7,"tick":22329,"type":"hit"}
[client] {"a":7,"dup":false,"ev":"game","ms":374951,"predicted":false,"t":4,"tick":22355,"type":"hit"}
[client] {"counts":{"blocks_on_me":27,"conf_actions":190,"confirmed_hits":1037,"dup_confirmed":0,"hits_on_me":137,"pred_actions":209,"predicted_confirmed":76,"predicted_hits":210,"reconnects":0},"ev":"stats","hp":280.0,"in_bytes":4943599,"late":0,"local_entity":5,"match":{"countdown_until":300,"ctrl":-1,"final":false,"next":"","phase":3,"rot":3140,"scores":[36,37],"sd":false,"state":3,"tick":22060,"zone":"B"},"max_err":1.673,"mean_err":0.0182,"ms":374971,"out_bytes":1095709,"pending":6,"pos":[-4.57,40.08],"reconciles":7418,"server_tick":22360,"snaps":7430,"teleports":11}
[client] {"a":6,"dup":false,"ev":"game","ms":375054,"predicted":false,"t":3,"tick":22361,"type":"hit"}
[client] {"a":7,"dup":false,"ev":"game","ms":375254,"predicted":false,"t":4,"tick":22373,"type":"hit"}
[client] {"a":2,"dup":false,"ev":"game","ms":375634,"predicted":false,"t":6,"tick":22396,"type":"hit"}
[client] {"a":4,"dup":false,"ev":"game","ms":375654,"predicted":false,"t":7,"tick":22397,"type":"hit"}
[client] {"a":2,"dup":false,"ev":"game","ms":375938,"predicted":false,"t":6,"tick":22414,"type":"hit"}
[client] {"a":9,"dup":false,"ev":"game","ms":376006,"predicted":false,"t":4,"tick":22418,"type":"hit"}
[client] {"a":2,"dup":false,"ev":"game","ms":376255,"predicted":false,"t":6,"tick":22433,"type":"hit"}
[client] {"a":2,"dup":false,"ev":"game","ms":376269,"predicted":false,"t":9,"tick":22434,"type":"hit"}
[client] {"a":7,"dup":false,"ev":"game","ms":376655,"predicted":false,"t":2,"tick":22457,"type":"hit"}
[client] {"a":4,"dup":false,"ev":"game","ms":376690,"predicted":false,"t":7,"tick":22459,"type":"hit"}
[client] {"a":4,"dup":false,"ev":"game","ms":376724,"predicted":false,"t":9,"tick":22461,"type":"hit"}
[client] {"a":6,"dup":false,"ev":"game","ms":377187,"predicted":false,"t":4,"tick":22489,"type":"hit"}
[client] {"a":3,"dup":false,"ev":"game","ms":377325,"predicted":false,"t":6,"tick":22497,"type":"hit"}
[client] {"a":2,"dup":false,"ev":"game","ms":377525,"predicted":false,"t":7,"tick":22509,"type":"hit"}
[client] {"a":2,"dup":false,"ev":"game","ms":377552,"predicted":false,"t":9,"tick":22511,"type":"hit"}
[client] {"a":6,"dup":false,"ev":"game","ms":378214,"predicted":false,"t":3,"tick":22551,"type":"block"}
[client] {"a":6,"dup":false,"ev":"game","ms":378249,"predicted":false,"t":0,"tick":22553,"type":"hit"}
[client] {"a":6,"dup":false,"ev":"game","ms":378263,"predicted":false,"t":2,"tick":22554,"type":"hit"}
[client] {"a":9,"dup":false,"ev":"game","ms":378429,"predicted":false,"t":3,"tick":22564,"type":"hit"}
[client] {"a":7,"dup":false,"ev":"game","ms":378566,"predicted":false,"t":3,"tick":22572,"type":"hit"}
[client] {"a":0,"dup":false,"ev":"game","ms":378602,"predicted":false,"t":7,"tick":22574,"type":"hit"}
[client] {"a":0,"dup":false,"ev":"game","ms":378602,"predicted":false,"t":9,"tick":22574,"type":"hit"}
[client] {"a":2,"dup":false,"ev":"game","ms":378663,"predicted":false,"t":7,"tick":22578,"type":"hit"}
[client] {"a":6,"dup":false,"ev":"game","ms":378663,"predicted":false,"t":3,"tick":22578,"type":"hit"}
[client] {"a":6,"dup":false,"ev":"game","ms":378718,"predicted":false,"t":2,"tick":22581,"type":"hit"}
[client] {"a":0,"dup":false,"ev":"game","ms":378918,"predicted":false,"t":7,"tick":22593,"type":"hit"}
[client] {"a":0,"dup":false,"ev":"game","ms":378946,"predicted":false,"t":9,"tick":22595,"type":"hit"}
[client] {"a":0,"dup":false,"ev":"game","ms":379236,"predicted":false,"t":6,"tick":22612,"type":"hit"}
[client] {"a":0,"dup":false,"ev":"game","ms":379236,"predicted":false,"t":7,"tick":22612,"type":"hit"}
[client] {"a":3,"dup":false,"ev":"game","ms":379285,"predicted":false,"t":6,"tick":22615,"type":"hit"}
[client] {"a":3,"dup":false,"ev":"game","ms":379318,"predicted":false,"t":7,"tick":22617,"type":"hit"}
[client] {"a":7,"dup":false,"ev":"game","ms":379318,"predicted":false,"t":-1,"tick":22617,"type":"ko"}
[client] {"a":9,"dup":false,"ev":"game","ms":379567,"predicted":false,"t":0,"tick":22632,"type":"hit"}
[client] {"a":9,"dup":false,"ev":"game","ms":379581,"predicted":false,"t":3,"tick":22633,"type":"hit"}
[client] {"a":9,"dup":false,"ev":"game","ms":379636,"predicted":false,"t":4,"tick":22636,"type":"hit"}
[client] {"counts":{"blocks_on_me":27,"conf_actions":190,"confirmed_hits":1070,"dup_confirmed":0,"hits_on_me":137,"pred_actions":209,"predicted_confirmed":76,"predicted_hits":210,"reconnects":0},"ev":"stats","hp":280.0,"in_bytes":5016899,"late":0,"local_entity":5,"match":{"countdown_until":300,"ctrl":-1,"final":false,"next":"","phase":3,"rot":2840,"scores":[36,37],"sd":false,"state":3,"tick":22360,"zone":"B"},"max_err":1.673,"mean_err":0.018,"ms":379966,"out_bytes":1110409,"pending":6,"pos":[-2.6,7.5],"reconciles":7518,"server_tick":22660,"snaps":7530,"teleports":11}
[client] {"a":2,"dup":false,"ev":"game","ms":380015,"predicted":false,"t":9,"tick":22659,"type":"hit"}
[client] {"a":2,"dup":false,"ev":"game","ms":380333,"predicted":false,"t":9,"tick":22678,"type":"hit"}
[client] {"a":6,"dup":false,"ev":"game","ms":380464,"predicted":false,"t":2,"tick":22686,"type":"hit"}
[client] {"a":0,"dup":false,"ev":"game","ms":380567,"predicted":false,"t":6,"tick":22692,"type":"hit"}
[client] {"a":0,"dup":false,"ev":"game","ms":381119,"predicted":false,"t":9,"tick":22725,"type":"hit"}
[client] {"a":8,"dup":false,"ev":"game","ms":381347,"predicted":false,"t":3,"tick":22739,"type":"hit"}
[client] {"a":0,"dup":false,"ev":"game","ms":381437,"predicted":false,"t":9,"tick":22744,"type":"hit"}
[client] {"a":6,"dup":false,"ev":"game","ms":381768,"predicted":false,"t":0,"tick":22764,"type":"hit"}
[client] {"a":6,"dup":false,"ev":"game","ms":381783,"predicted":false,"t":2,"tick":22765,"type":"hit"}
[client] {"a":9,"dup":false,"ev":"game","ms":381934,"predicted":false,"t":1,"tick":22774,"type":"hit"}
[client] {"a":4,"dup":false,"ev":"game","ms":382134,"predicted":false,"t":8,"tick":22786,"type":"hit"}
[client] {"a":4,"dup":false,"ev":"game","ms":382189,"predicted":false,"t":6,"tick":22789,"type":"hit"}
[client] {"a":1,"dup":false,"ev":"game","ms":382299,"predicted":false,"t":9,"tick":22796,"type":"hit"}
[client] {"a":9,"dup":false,"ev":"game","ms":382299,"predicted":false,"t":-1,"tick":22796,"type":"ko"}
[client] {"a":8,"dup":false,"ev":"game","ms":382500,"predicted":false,"t":4,"tick":22808,"type":"hit"}
[client] {"a":8,"dup":false,"ev":"game","ms":382548,"predicted":false,"t":3,"tick":22811,"type":"hit"}
[client] {"a":5,"dup":true,"ev":"game","ms":382699,"predicted":false,"t":4,"tick":22825,"type":"hit"}
[client] {"a":8,"dup":false,"ev":"game","ms":382817,"predicted":false,"t":4,"tick":22827,"type":"hit"}
[client] {"a":6,"dup":false,"ev":"game","ms":382865,"predicted":false,"t":1,"tick":22830,"type":"hit"}
[client] {"a":8,"dup":false,"ev":"game","ms":383134,"predicted":false,"t":4,"tick":22846,"type":"hit"}
[client] {"a":3,"dup":false,"ev":"game","ms":383169,"predicted":false,"t":8,"tick":22848,"type":"hit"}
[client] {"a":6,"dup":false,"ev":"game","ms":384087,"predicted":false,"t":3,"tick":22903,"type":"hit"}
[client] {"a":5,"dup":true,"ev":"game","ms":384204,"predicted":false,"t":2,"tick":22916,"type":"hit"}
[client] {"a":5,"dup":true,"ev":"game","ms":384204,"predicted":false,"t":3,"tick":22916,"type":"hit"}
[client] {"a":8,"dup":false,"ev":"game","ms":384287,"predicted":false,"t":3,"tick":22915,"type":"hit"}
[client] {"a":6,"dup":false,"ev":"game","ms":384452,"predicted":false,"t":2,"tick":22925,"type":"hit"}
[client] {"a":6,"dup":false,"ev":"game","ms":384452,"predicted":false,"t":3,"tick":22925,"type":"hit"}
[client] {"a":3,"dup":false,"ev":"game","ms":384452,"predicted":false,"t":-1,"tick":22925,"type":"ko"}
[client] {"a":4,"dup":false,"ev":"game","ms":384570,"predicted":false,"t":5,"tick":22932,"type":"hit"}
[client] {"a":1,"dup":false,"ev":"game","ms":384584,"predicted":false,"t":6,"tick":22933,"type":"hit"}
[client] {"a":1,"dup":false,"ev":"game","ms":384584,"predicted":false,"t":8,"tick":22933,"type":"hit"}
[client] {"a":2,"dup":false,"ev":"game","ms":384818,"predicted":false,"t":6,"tick":22947,"type":"hit"}
[client] {"a":6,"dup":false,"ev":"game","ms":384818,"predicted":false,"t":-1,"tick":22947,"type":"ko"}
[client] {"a":2,"dup":false,"ev":"game","ms":384852,"predicted":false,"t":5,"tick":22949,"type":"hit"}
[client] {"counts":{"blocks_on_me":27,"conf_actions":195,"confirmed_hits":1101,"dup_confirmed":0,"hits_on_me":139,"pred_actions":215,"predicted_confirmed":79,"predicted_hits":216,"reconnects":0},"ev":"stats","hp":244.0,"in_bytes":5095472,"late":0,"local_entity":5,"match":{"countdown_until":300,"ctrl":-1,"final":false,"next":"","phase":3,"rot":2540,"scores":[36,37],"sd":false,"state":3,"tick":22660,"zone":"B"},"max_err":1.673,"mean_err":0.0179,"ms":384969,"out_bytes":1125109,"pending":6,"pos":[-1.53,-2.96],"reconciles":7618,"server_tick":22961,"snaps":7630,"teleports":11}
[client] {"a":8,"dup":false,"ev":"game","ms":385170,"predicted":false,"t":4,"tick":22968,"type":"hit"}
[client] {"a":5,"dup":true,"ev":"game","ms":385239,"predicted":false,"t":0,"tick":22977,"type":"hit"}
[client] {"a":5,"dup":true,"ev":"game","ms":385239,"predicted":false,"t":2,"tick":22977,"type":"hit"}
[client] {"a":2,"dup":false,"ev":"game","ms":385266,"predicted":false,"t":8,"tick":22974,"type":"hit"}
[client] {"a":2,"dup":false,"ev":"game","ms":385322,"predicted":false,"t":-1,"tick":22977,"type":"ko"}
[client] {"a":4,"dup":false,"ev":"game","ms":385536,"predicted":false,"t":8,"tick":22990,"type":"hit"}
[client] {"a":0,"dup":false,"ev":"game","ms":385784,"predicted":false,"t":5,"tick":23005,"type":"hit"}
[client] {"a":4,"dup":false,"ev":"game","ms":385888,"predicted":false,"t":8,"tick":23011,"type":"hit"}
[client] {"a":5,"dup":true,"ev":"game","ms":386067,"predicted":false,"t":0,"tick":23027,"type":"hit"}
[client] {"a":1,"dup":false,"ev":"game","ms":386288,"predicted":false,"t":5,"tick":23035,"type":"hit"}
[client] {"a":0,"dup":false,"ev":"game","ms":386501,"predicted":false,"t":5,"tick":23048,"type":"hit"}
[client] {"a":8,"dup":false,"ev":"game","ms":386536,"predicted":false,"t":4,"tick":23050,"type":"hit"}
[client] {"a":1,"dup":false,"ev":"game","ms":387067,"predicted":false,"t":5,"tick":23082,"type":"hit"}
[client] {"a":0,"dup":false,"ev":"game","ms":387171,"predicted":false,"t":5,"tick":23088,"type":"hit"}
[client] {"a":0,"dup":false,"ev":"game","ms":387240,"predicted":false,"t":8,"tick":23092,"type":"hit"}
[client] {"a":0,"dup":false,"ev":"game","ms":387771,"predicted":false,"t":5,"tick":23124,"type":"hit"}
[client] {"a":0,"dup":false,"ev":"game","ms":388088,"predicted":false,"t":5,"tick":23143,"type":"hit"}
[client] {"a":0,"dup":false,"ev":"game","ms":388406,"predicted":false,"t":5,"tick":23162,"type":"hit"}
[client] {"a":4,"dup":false,"ev":"game","ms":388419,"predicted":false,"t":5,"tick":23163,"type":"hit"}
[client] {"a":5,"dup":true,"ev":"game","ms":388758,"predicted":false,"t":0,"tick":23189,"type":"hit"}
[client] {"a":4,"dup":false,"ev":"game","ms":389068,"predicted":false,"t":5,"tick":23202,"type":"hit"}
[client] {"a":8,"dup":false,"ev":"game","ms":389126,"predicted":false,"t":0,"tick":23205,"type":"hit"}
[client] {"a":8,"dup":false,"ev":"game","ms":389151,"predicted":false,"t":4,"tick":23207,"type":"hit"}
[client] {"a":7,"dup":false,"ev":"game","ms":389316,"predicted":false,"t":-1,"tick":23217,"type":"respawn"}
[client] {"counts":{"blocks_on_me":27,"conf_actions":205,"confirmed_hits":1123,"dup_confirmed":0,"hits_on_me":149,"pred_actions":226,"predicted_confirmed":83,"predicted_hits":229,"reconnects":0},"ev":"stats","hp":24.0,"in_bytes":5165591,"late":0,"local_entity":5,"match":{"countdown_until":300,"ctrl":-1,"final":false,"next":"","phase":3,"rot":2240,"scores":[36,37],"sd":false,"state":3,"tick":22960,"zone":"B"},"max_err":1.673,"mean_err":0.0184,"ms":389964,"out_bytes":1139809,"pending":6,"pos":[-0.98,-2.61],"reconciles":7718,"server_tick":23261,"snaps":7730,"teleports":11}
[client] {"a":5,"dup":true,"ev":"game","ms":390014,"predicted":false,"t":1,"tick":23264,"type":"hit"}
[client] {"a":4,"dup":false,"ev":"game","ms":390117,"predicted":false,"t":8,"tick":23265,"type":"hit"}
[client] {"a":5,"dup":false,"ev":"game","ms":390351,"predicted":false,"t":-1,"tick":23284,"type":"ko"}
[client] {"a":0,"dup":false,"ev":"game","ms":390434,"predicted":false,"t":5,"tick":23284,"type":"hit"}
[client] {"a":0,"dup":false,"ev":"game","ms":390434,"predicted":false,"t":8,"tick":23284,"type":"hit"}
[client] {"a":8,"dup":false,"ev":"game","ms":390434,"predicted":false,"t":-1,"tick":23284,"type":"ko"}
[client] {"a":9,"dup":false,"ev":"game","ms":392297,"predicted":false,"t":-1,"tick":23396,"type":"respawn"}
[client] {"a":3,"dup":false,"ev":"game","ms":394454,"predicted":false,"t":-1,"tick":23525,"type":"respawn"}
[client] {"a":6,"dup":false,"ev":"game","ms":394813,"predicted":false,"t":-1,"tick":23547,"type":"respawn"}
[client] {"counts":{"blocks_on_me":27,"conf_actions":206,"confirmed_hits":1127,"dup_confirmed":0,"hits_on_me":150,"pred_actions":227,"predicted_confirmed":84,"predicted_hits":231,"reconnects":0},"ev":"stats","hp":0.0,"in_bytes":5221511,"late":0,"local_entity":5,"match":{"countdown_until":300,"ctrl":0,"final":false,"next":"","phase":3,"rot":1940,"scores":[40,37],"sd":false,"state":2,"tick":23260,"zone":"B"},"max_err":1.673,"mean_err":0.0182,"ms":394964,"out_bytes":1154509,"pending":6,"pos":[-0.83,-2.66],"reconciles":7817,"server_tick":23560,"snaps":7829,"teleports":11}
[client] {"a":2,"dup":false,"ev":"game","ms":395316,"predicted":false,"t":-1,"tick":23577,"type":"respawn"}
[client] {"a":0,"dup":false,"ev":"game","ms":397331,"predicted":false,"t":7,"tick":23698,"type":"hit"}
[client] {"a":7,"dup":false,"ev":"game","ms":397966,"predicted":false,"t":0,"tick":23736,"type":"hit"}
[client] {"a":0,"dup":false,"ev":"game","ms":398332,"predicted":false,"t":7,"tick":23758,"type":"hit"}
[client] {"a":7,"dup":false,"ev":"game","ms":398767,"predicted":false,"t":0,"tick":23784,"type":"hit"}
[client] {"a":0,"dup":false,"ev":"game","ms":398767,"predicted":false,"t":-1,"tick":23784,"type":"ko"}
[client] {"counts":{"blocks_on_me":27,"conf_actions":206,"confirmed_hits":1131,"dup_confirmed":0,"hits_on_me":150,"pred_actions":227,"predicted_confirmed":84,"predicted_hits":231,"reconnects":0},"ev":"stats","hp":0.0,"in_bytes":5284049,"late":0,"local_entity":5,"match":{"countdown_until":300,"ctrl":-1,"final":false,"next":"","phase":3,"rot":1640,"scores":[40,37],"sd":false,"state":3,"tick":23560,"zone":"B"},"max_err":1.673,"mean_err":0.018,"ms":399966,"out_bytes":1169209,"pending":6,"pos":[-0.83,-2.66],"reconciles":7917,"server_tick":23860,"snaps":7929,"teleports":11}
[client] {"a":1,"dup":false,"ev":"game","ms":399967,"predicted":false,"t":7,"tick":23856,"type":"hit"}
[client] {"a":1,"dup":false,"ev":"game","ms":400285,"predicted":false,"t":7,"tick":23875,"type":"hit"}
[client] {"a":5,"dup":false,"ev":"game","ms":400353,"predicted":false,"t":-1,"tick":23884,"type":"respawn"}
[client] {"a":8,"dup":false,"ev":"game","ms":400439,"predicted":false,"t":-1,"tick":23884,"type":"respawn"}
[client] {"a":9,"dup":false,"ev":"game","ms":400651,"predicted":false,"t":1,"tick":23897,"type":"hit"}
[client] {"a":7,"dup":false,"ev":"game","ms":400933,"predicted":false,"t":1,"tick":23914,"type":"hit"}
[client] {"a":9,"dup":false,"ev":"game","ms":400954,"predicted":false,"t":1,"tick":23915,"type":"hit"}
[client] {"a":7,"dup":false,"ev":"game","ms":400968,"predicted":false,"t":4,"tick":23916,"type":"hit"}
[client] {"a":1,"dup":false,"ev":"game","ms":401451,"predicted":false,"t":7,"tick":23945,"type":"hit"}
[client] {"a":3,"dup":false,"ev":"game","ms":401520,"predicted":false,"t":7,"tick":23949,"type":"hit"}
[client] {"a":3,"dup":false,"ev":"game","ms":401602,"predicted":false,"t":9,"tick":23954,"type":"hit"}
[client] {"a":6,"dup":false,"ev":"game","ms":402355,"predicted":false,"t":1,"tick":23999,"type":"hit"}
[client] {"a":6,"dup":false,"ev":"game","ms":402355,"predicted":false,"t":3,"tick":23999,"type":"hit"}
[client] {"a":6,"dup":false,"ev":"game","ms":402438,"predicted":false,"t":2,"tick":24004,"type":"hit"}
[client] {"a":4,"dup":false,"ev":"game","ms":402603,"predicted":false,"t":6,"tick":24014,"type":"hit"}
[client] {"a":9,"dup":false,"ev":"game","ms":402603,"predicted":false,"t":4,"tick":24014,"type":"hit"}
[client] {"a":4,"dup":false,"ev":"game","ms":402603,"predicted":false,"t":-1,"tick":24014,"type":"ko"}
[client] {"a":3,"dup":false,"ev":"game","ms":403217,"predicted":false,"t":6,"tick":24051,"type":"hit"}
[client] {"a":1,"dup":false,"ev":"game","ms":403238,"predicted":false,"t":6,"tick":24052,"type":"hit"}
[client] {"a":1,"dup":false,"ev":"game","ms":403300,"predicted":false,"t":9,"tick":24056,"type":"hit"}
[client] {"a":1,"dup":false,"ev":"game","ms":403500,"predicted":false,"t":6,"tick":24068,"type":"hit"}
[client] {"a":1,"dup":false,"ev":"game","ms":403535,"predicted":false,"t":9,"tick":24070,"type":"block"}
[client] {"a":7,"dup":false,"ev":"game","ms":403887,"predicted":false,"t":3,"tick":24091,"type":"hit"}
[client] {"a":7,"dup":false,"ev":"game","ms":403900,"predicted":false,"t":1,"tick":24092,"type":"hit"}
[client] {"a":6,"dup":false,"ev":"game","ms":404487,"predicted":false,"t":2,"tick":24127,"type":"hit"}
[client] {"a":1,"dup":false,"ev":"game","ms":404721,"predicted":false,"t":9,"tick":24141,"type":"hit"}
[client] {"a":6,"dup":false,"ev":"game","ms":404873,"predicted":false,"t":2,"tick":24150,"type":"hit"}
[client] {"a":3,"dup":false,"ev":"game","ms":404887,"predicted":false,"t":9,"tick":24151,"type":"hit"}
[client] {"counts":{"blocks_on_me":27,"conf_actions":206,"confirmed_hits":1155,"dup_confirmed":0,"hits_on_me":150,"pred_actions":227,"predicted_confirmed":84,"predicted_hits":231,"reconnects":0},"ev":"stats","hp":280.0,"in_bytes":5351879,"late":0,"local_entity":5,"match":{"countdown_until":300,"ctrl":-1,"final":false,"next":"","phase":3,"rot":1340,"scores":[40,37],"sd":false,"state":3,"tick":23860,"zone":"B"},"max_err":1.673,"mean_err":0.0178,"ms":404962,"out_bytes":1183909,"pending":6,"pos":[0.04,18.99],"reconciles":8016,"server_tick":24160,"snaps":8029,"teleports":12}
[client] {"a":1,"dup":false,"ev":"game","ms":405494,"predicted":false,"t":9,"tick":24188,"type":"hit"}
[client] {"a":6,"dup":false,"ev":"game","ms":405563,"predicted":false,"t":1,"tick":24192,"type":"hit"}
[client] {"a":1,"dup":false,"ev":"game","ms":405563,"predicted":false,"t":-1,"tick":24192,"type":"ko"}
[client] {"a":3,"dup":false,"ev":"game","ms":405647,"predicted":false,"t":9,"tick":24197,"type":"hit"}
[client] {"a":6,"dup":false,"ev":"game","ms":405647,"predicted":false,"t":3,"tick":24197,"type":"hit"}
[client] {"a":2,"dup":false,"ev":"game","ms":405729,"predicted":false,"t":7,"tick":24202,"type":"hit"}
[client] {"a":6,"dup":false,"ev":"game","ms":406646,"predicted":false,"t":2,"tick":24257,"type":"hit"}
[client] {"a":9,"dup":false,"ev":"game","ms":406646,"predicted":false,"t":2,"tick":24257,"type":"hit"}
[client] {"a":6,"dup":false,"ev":"game","ms":406986,"predicted":false,"t":2,"tick":24277,"type":"hit"}
[client] {"a":3,"dup":false,"ev":"game","ms":407316,"predicted":false,"t":6,"tick":24297,"type":"hit"}
[client] {"a":7,"dup":false,"ev":"game","ms":407599,"predicted":false,"t":2,"tick":24314,"type":"hit"}
[client] {"a":9,"dup":false,"ev":"game","ms":407633,"predicted":false,"t":2,"tick":24316,"type":"hit"}
[client] {"a":7,"dup":false,"ev":"game","ms":407999,"predicted":false,"t":2,"tick":24338,"type":"hit"}
[client] {"a":3,"dup":false,"ev":"game","ms":408482,"predicted":false,"t":6,"tick":24367,"type":"hit"}
[client] {"a":0,"dup":false,"ev":"game","ms":408765,"predicted":false,"t":-1,"tick":24384,"type":"respawn"}
[client] {"a":3,"dup":false,"ev":"game","ms":408813,"predicted":false,"t":6,"tick":24387,"type":"hit"}
[client] {"a":2,"dup":false,"ev":"game","ms":409013,"predicted":false,"t":6,"tick":24399,"type":"hit"}
[client] {"a":7,"dup":false,"ev":"game","ms":409048,"predicted":false,"t":3,"tick":24401,"type":"hit"}
[client] {"a":2,"dup":false,"ev":"game","ms":409331,"predicted":false,"t":6,"tick":24418,"type":"hit"}
[client] {"a":3,"dup":false,"ev":"game","ms":409386,"predicted":false,"t":7,"tick":24421,"type":"hit"}
[client] {"a":3,"dup":false,"ev":"game","ms":409400,"predicted":false,"t":9,"tick":24422,"type":"block"}
[client] {"a":6,"dup":false,"ev":"game","ms":409765,"predicted":false,"t":2,"tick":24444,"type":"hit"}
[client] {"counts":{"blocks_on_me":27,"conf_actions":208,"confirmed_hits":1174,"dup_confirmed":0,"hits_on_me":150,"pred_actions":229,"predicted_confirmed":84,"predicted_hits":231,"reconnects":0},"ev":"stats","hp":280.0,"in_bytes":5414014,"late":0,"local_entity":5,"match":{"countdown_until":300,"ctrl":-1,"final":false,"next":"","phase":3,"rot":1040,"scores":[40,37],"sd":false,"state":3,"tick":24160,"zone":"B"},"max_err":1.673,"mean_err":0.0177,"ms":409965,"out_bytes":1198609,"pending":6,"pos":[-2.18,-2.12],"reconciles":8116,"server_tick":24460,"snaps":8129,"teleports":12}
[client] {"a":9,"dup":false,"ev":"game","ms":409966,"predicted":false,"t":3,"tick":24456,"type":"hit"}
[client] {"a":7,"dup":false,"ev":"game","ms":410269,"predicted":false,"t":3,"tick":24474,"type":"hit"}
[client] {"a":9,"dup":false,"ev":"game","ms":410284,"predicted":false,"t":3,"tick":24475,"type":"hit"}
[client] {"a":6,"dup":false,"ev":"game","ms":410400,"predicted":false,"t":2,"tick":24482,"type":"hit"}
[client] {"a":3,"dup":false,"ev":"game","ms":410614,"predicted":false,"t":9,"tick":24495,"type":"hit"}
[client] {"a":7,"dup":false,"ev":"game","ms":410848,"predicted":false,"t":3,"tick":24509,"type":"hit"}
[client] {"a":9,"dup":false,"ev":"game","ms":411214,"predicted":false,"t":3,"tick":24531,"type":"hit"}
[client] {"a":7,"dup":false,"ev":"game","ms":411518,"predicted":false,"t":3,"tick":24549,"type":"hit"}
[client] {"a":3,"dup":false,"ev":"game","ms":411518,"predicted":false,"t":-1,"tick":24549,"type":"ko"}
[client] {"a":2,"dup":false,"ev":"game","ms":411698,"predicted":false,"t":9,"tick":24560,"type":"hit"}
[client] {"a":2,"dup":false,"ev":"game","ms":411732,"predicted":false,"t":5,"tick":24562,"type":"hit"}
[client] {"a":6,"dup":false,"ev":"game","ms":411801,"predicted":false,"t":2,"tick":24566,"type":"hit"}
[client] {"a":2,"dup":false,"ev":"game","ms":411801,"predicted":false,"t":-1,"tick":24566,"type":"ko"}
[client] {"a":4,"dup":false,"ev":"game","ms":412601,"predicted":false,"t":-1,"tick":24614,"type":"respawn"}
[client] {"counts":{"blocks_on_me":27,"conf_actions":208,"confirmed_hits":1185,"dup_confirmed":0,"hits_on_me":151,"pred_actions":230,"predicted_confirmed":84,"predicted_hits":231,"reconnects":0},"ev":"stats","hp":242.0,"in_bytes":5472805,"late":0,"local_entity":5,"match":{"countdown_until":300,"ctrl":-1,"final":false,"next":"A","phase":3,"rot":740,"scores":[40,40],"sd":false,"state":3,"tick":24460,"zone":"B"},"max_err":1.673,"mean_err":0.0178,"ms":414967,"out_bytes":1213309,"pending":6,"pos":[-0.59,-2.72],"reconciles":8216,"server_tick":24760,"snaps":8229,"teleports":12}
[client] {"a":1,"dup":false,"ev":"game","ms":415568,"predicted":false,"t":-1,"tick":24792,"type":"respawn"}
[client] {"a":9,"dup":false,"ev":"game","ms":416037,"predicted":false,"t":0,"tick":24820,"type":"hit"}
[client] {"a":6,"dup":false,"ev":"game","ms":416306,"predicted":false,"t":0,"tick":24836,"type":"hit"}
[client] {"a":9,"dup":false,"ev":"game","ms":416438,"predicted":false,"t":0,"tick":24844,"type":"hit"}
[client] {"a":9,"dup":false,"ev":"game","ms":416769,"predicted":false,"t":0,"tick":24864,"type":"hit"}
[client] {"a":6,"dup":false,"ev":"game","ms":416886,"predicted":false,"t":0,"tick":24871,"type":"hit"}
[client] {"a":0,"dup":false,"ev":"game","ms":418645,"predicted":false,"t":6,"tick":24977,"type":"hit"}
[client] {"a":0,"dup":false,"ev":"game","ms":418666,"predicted":false,"t":9,"tick":24978,"type":"hit"}
[client] {"a":8,"dup":false,"ev":"game","ms":419101,"predicted":false,"t":0,"tick":25004,"type":"hit"}
[client] {"a":5,"dup":true,"ev":"game","ms":419301,"predicted":false,"t":0,"tick":25020,"type":"hit"}
[client] {"a":6,"dup":false,"ev":"game","ms":419481,"predicted":false,"t":0,"tick":25027,"type":"hit"}
[client] {"a":8,"dup":false,"ev":"game","ms":419481,"predicted":false,"t":0,"tick":25027,"type":"hit"}
[client] {"a":4,"dup":false,"ev":"game","ms":419929,"predicted":false,"t":8,"tick":25054,"type":"hit"}
[client] {"counts":{"blocks_on_me":27,"conf_actions":212,"confirmed_hits":1197,"dup_confirmed":0,"hits_on_me":151,"pred_actions":234,"predicted_confirmed":85,"predicted_hits":234,"reconnects":0},"ev":"stats","hp":224.0,"in_bytes":5533361,"late":0,"local_entity":5,"match":{"countdown_until":300,"ctrl":-1,"final":false,"next":"A","phase":3,"rot":440,"scores":[40,40],"sd":false,"state":3,"tick":24760,"zone":"B"},"max_err":1.673,"mean_err":0.018,"ms":419963,"out_bytes":1228009,"pending":6,"pos":[-0.74,-4.05],"reconciles":8316,"server_tick":25061,"snaps":8329,"teleports":12}
[client] {"a":4,"dup":false,"ev":"game","ms":419985,"predicted":false,"t":5,"tick":25057,"type":"hit"}
[client] {"a":0,"dup":false,"ev":"game","ms":420233,"predicted":false,"t":5,"tick":25072,"type":"hit"}
[client] {"a":0,"dup":false,"ev":"game","ms":420267,"predicted":false,"t":8,"tick":25074,"type":"hit"}
[client] {"a":0,"dup":false,"ev":"game","ms":420281,"predicted":false,"t":6,"tick":25075,"type":"hit"}
[client] {"a":6,"dup":false,"ev":"game","ms":420282,"predicted":false,"t":-1,"tick":25075,"type":"ko"}
[client] {"a":4,"dup":false,"ev":"game","ms":420798,"predicted":false,"t":5,"tick":25106,"type":"hit"}
[client] {"a":7,"dup":false,"ev":"game","ms":420915,"predicted":false,"t":4,"tick":25113,"type":"hit"}
[client] {"a":7,"dup":false,"ev":"game","ms":420930,"predicted":false,"t":0,"tick":25114,"type":"hit"}
[client] {"a":3,"dup":false,"ev":"game","ms":421516,"predicted":false,"t":-1,"tick":25149,"type":"respawn"}
[client] {"a":7,"dup":false,"ev":"game","ms":421682,"predicted":false,"t":1,"tick":25159,"type":"hit"}
[client] {"a":2,"dup":false,"ev":"game","ms":421799,"predicted":false,"t":-1,"tick":25166,"type":"respawn"}
[client] {"a":4,"dup":false,"ev":"game","ms":422068,"predicted":false,"t":7,"tick":25182,"type":"hit"}
[client] {"a":7,"dup":false,"ev":"game","ms":422068,"predicted":false,"t":-1,"tick":25182,"type":"ko"}
[client] {"a":4,"dup":false,"ev":"game","ms":422151,"predicted":false,"t":5,"tick":25187,"type":"hit"}
[client] {"a":1,"dup":false,"ev":"game","ms":422164,"predicted":false,"t":5,"tick":25188,"type":"hit"}
[client] {"a":0,"dup":false,"ev":"game","ms":422199,"predicted":false,"t":5,"tick":25190,"type":"hit"}
[client] {"a":0,"dup":false,"ev":"game","ms":422199,"predicted":false,"t":9,"tick":25190,"type":"hit"}
[client] {"a":9,"dup":false,"ev":"game","ms":422199,"predicted":false,"t":-1,"tick":25190,"type":"ko"}
[client] {"a":8,"dup":false,"ev":"game","ms":422848,"predicted":false,"t":4,"tick":25229,"type":"hit"}
[client] {"a":0,"dup":false,"ev":"game","ms":423068,"predicted":false,"t":8,"tick":25242,"type":"hit"}
[client] {"a":1,"dup":false,"ev":"game","ms":423117,"predicted":false,"t":8,"tick":25245,"type":"hit"}
[client] {"a":8,"dup":false,"ev":"game","ms":423586,"predicted":false,"t":0,"tick":25273,"type":"hit"}
[client] {"a":0,"dup":false,"ev":"game","ms":423586,"predicted":false,"t":-1,"tick":25273,"type":"ko"}
[client] {"a":1,"dup":false,"ev":"game","ms":423786,"predicted":false,"t":5,"tick":25285,"type":"block"}
[client] {"a":1,"dup":false,"ev":"game","ms":423786,"predicted":false,"t":8,"tick":25285,"type":"hit"}
[client] {"a":5,"dup":true,"ev":"game","ms":424103,"predicted":false,"t":1,"tick":25309,"type":"hit"}
[client] {"a":5,"dup":true,"ev":"game","ms":424483,"predicted":false,"t":4,"tick":25332,"type":"hit"}
[client] {"a":1,"dup":false,"ev":"game","ms":424835,"predicted":false,"t":5,"tick":25348,"type":"hit"}
[client] {"counts":{"blocks_on_me":28,"conf_actions":218,"confirmed_hits":1218,"dup_confirmed":0,"hits_on_me":158,"pred_actions":241,"predicted_confirmed":87,"predicted_hits":242,"reconnects":0},"ev":"stats","hp":4.0,"in_bytes":5603441,"late":0,"local_entity":5,"match":{"countdown_until":300,"ctrl":-1,"final":false,"next":"A","phase":3,"rot":140,"scores":[40,40],"sd":false,"state":3,"tick":25060,"zone":"B"},"max_err":1.673,"mean_err":0.0186,"ms":424965,"out_bytes":1242709,"pending":6,"pos":[-1.32,-2.45],"reconciles":8416,"server_tick":25360,"snaps":8429,"teleports":12}
[client] {"a":8,"dup":false,"ev":"game","ms":425187,"predicted":false,"t":1,"tick":25369,"type":"hit"}
[client] {"a":8,"dup":false,"ev":"game","ms":425470,"predicted":false,"t":4,"tick":25386,"type":"hit"}
[client] {"a":1,"dup":false,"ev":"game","ms":425566,"predicted":false,"t":8,"tick":25392,"type":"hit"}
[client] {"a":4,"dup":false,"ev":"game","ms":425870,"predicted":false,"t":8,"tick":25410,"type":"hit"}
[client] {"a":4,"dup":false,"ev":"game","ms":426189,"predicted":false,"t":8,"tick":25429,"type":"hit"}
[client] {"a":1,"dup":false,"ev":"game","ms":426236,"predicted":false,"t":8,"tick":25432,"type":"hit"}
[client] {"a":8,"dup":false,"ev":"game","ms":426236,"predicted":false,"t":-1,"tick":25432,"type":"ko"}
[client] {"a":4,"dup":false,"ev":"game","ms":426567,"predicted":false,"t":5,"tick":25452,"type":"block"}
[client] {"a":1,"dup":false,"ev":"game","ms":427140,"predicted":false,"t":5,"tick":25486,"type":"block"}
[client] {"a":4,"dup":false,"ev":"game","ms":427250,"predicted":false,"t":5,"tick":25493,"type":"block"}
[client] {"a":-1,"dup":false,"ev":"game","ms":427353,"predicted":false,"t":-1,"tick":25499,"type":"zone_rotated"}
[client] {"a":5,"dup":false,"ev":"game","ms":427871,"predicted":false,"t":-1,"tick":25535,"type":"ko"}
[client] {"a":4,"dup":false,"ev":"game","ms":427953,"predicted":false,"t":5,"tick":25535,"type":"hit"}
[client] {"counts":{"blocks_on_me":31,"conf_actions":221,"confirmed_hits":1225,"dup_confirmed":0,"hits_on_me":159,"pred_actions":244,"predicted_confirmed":87,"predicted_hits":242,"reconnects":0},"ev":"stats","hp":0.0,"in_bytes":5663708,"late":0,"local_entity":5,"match":{"countdown_until":300,"ctrl":-1,"final":true,"next":"","phase":3,"rot":3440,"scores":[40,40],"sd":false,"state":1,"tick":25360,"zone":"A"},"max_err":1.673,"mean_err":0.0185,"ms":429968,"out_bytes":1257409,"pending":6,"pos":[-1.0,-2.9],"reconciles":8516,"server_tick":25660,"snaps":8529,"teleports":12}
[client] {"a":6,"dup":false,"ev":"game","ms":430286,"predicted":false,"t":-1,"tick":25675,"type":"respawn"}
[client] {"a":7,"dup":false,"ev":"game","ms":432066,"predicted":false,"t":-1,"tick":25782,"type":"respawn"}
[client] {"a":9,"dup":false,"ev":"game","ms":432197,"predicted":false,"t":-1,"tick":25790,"type":"respawn"}
[client] {"a":0,"dup":false,"ev":"game","ms":433584,"predicted":false,"t":-1,"tick":25873,"type":"respawn"}
[client] {"counts":{"blocks_on_me":31,"conf_actions":221,"confirmed_hits":1225,"dup_confirmed":0,"hits_on_me":159,"pred_actions":244,"predicted_confirmed":87,"predicted_hits":242,"reconnects":0},"ev":"stats","hp":0.0,"in_bytes":5711776,"late":0,"local_entity":5,"match":{"countdown_until":300,"ctrl":0,"final":true,"next":"","phase":3,"rot":3140,"scores":[42,40],"sd":false,"state":2,"tick":25660,"zone":"A"},"max_err":1.673,"mean_err":0.0183,"ms":434963,"out_bytes":1272109,"pending":6,"pos":[-1.0,-2.9],"reconciles":8616,"server_tick":25960,"snaps":8629,"teleports":12}
[client] {"a":8,"dup":false,"ev":"game","ms":436234,"predicted":false,"t":-1,"tick":26032,"type":"respawn"}
[client] {"a":5,"dup":false,"ev":"game","ms":437855,"predicted":false,"t":-1,"tick":26135,"type":"respawn"}
[client] {"counts":{"blocks_on_me":31,"conf_actions":221,"confirmed_hits":1225,"dup_confirmed":0,"hits_on_me":159,"pred_actions":244,"predicted_confirmed":87,"predicted_hits":242,"reconnects":0},"ev":"stats","hp":280.0,"in_bytes":5767747,"late":0,"local_entity":5,"match":{"countdown_until":300,"ctrl":-1,"final":true,"next":"","phase":3,"rot":2840,"scores":[47,40],"sd":false,"state":3,"tick":25960,"zone":"A"},"max_err":1.673,"mean_err":0.0181,"ms":439966,"out_bytes":1286809,"pending":6,"pos":[2.86,35.38],"reconciles":8715,"server_tick":26261,"snaps":8729,"teleports":13}
[client] {"a":6,"dup":false,"ev":"game","ms":442198,"predicted":false,"t":3,"tick":26390,"type":"hit"}
[client] {"a":6,"dup":false,"ev":"game","ms":442453,"predicted":false,"t":3,"tick":26405,"type":"hit"}
[client] {"a":7,"dup":false,"ev":"game","ms":442764,"predicted":false,"t":2,"tick":26424,"type":"hit"}
[client] {"a":9,"dup":false,"ev":"game","ms":442985,"predicted":false,"t":3,"tick":26437,"type":"hit"}
[client] {"a":4,"dup":false,"ev":"game","ms":442998,"predicted":false,"t":7,"tick":26438,"type":"hit"}
[client] {"a":1,"dup":false,"ev":"game","ms":443253,"predicted":false,"t":6,"tick":26453,"type":"hit"}
[client] {"a":7,"dup":false,"ev":"game","ms":443385,"predicted":false,"t":4,"tick":26461,"type":"hit"}
[client] {"a":2,"dup":false,"ev":"game","ms":443482,"predicted":false,"t":7,"tick":26467,"type":"hit"}
[client] {"a":0,"dup":false,"ev":"game","ms":443502,"predicted":false,"t":7,"tick":26468,"type":"hit"}
[client] {"a":1,"dup":false,"ev":"game","ms":443654,"predicted":false,"t":6,"tick":26477,"type":"hit"}
[client] {"a":2,"dup":false,"ev":"game","ms":443985,"predicted":false,"t":9,"tick":26497,"type":"hit"}
[client] {"a":1,"dup":false,"ev":"game","ms":444033,"predicted":false,"t":6,"tick":26500,"type":"hit"}
[client] {"a":2,"dup":false,"ev":"game","ms":444620,"predicted":false,"t":7,"tick":26535,"type":"hit"}
[client] {"a":9,"dup":false,"ev":"game","ms":444716,"predicted":false,"t":2,"tick":26541,"type":"hit"}
[client] {"a":0,"dup":false,"ev":"game","ms":444882,"predicted":false,"t":9,"tick":26551,"type":"hit"}
[client] {"counts":{"blocks_on_me":31,"conf_actions":221,"confirmed_hits":1240,"dup_confirmed":0,"hits_on_me":159,"pred_actions":244,"predicted_confirmed":87,"predicted_hits":242,"reconnects":0},"ev":"stats","hp":280.0,"in_bytes":5836466,"late":0,"local_entity":5,"match":{"countdown_until":300,"ctrl":-1,"final":true,"next":"","phase":3,"rot":2540,"scores":[47,40],"sd":false,"state":3,"tick":26260,"zone":"A"},"max_err":1.673,"mean_err":0.0179,"ms":444964,"out_bytes":1301509,"pending":6,"pos":[-17.99,14.65],"reconciles":8815,"server_tick":26560,"snaps":8829,"teleports":13}
[client] {"a":7,"dup":false,"ev":"game","ms":445152,"predicted":false,"t":2,"tick":26567,"type":"hit"}
[client] {"a":0,"dup":false,"ev":"game","ms":445517,"predicted":false,"t":7,"tick":26589,"type":"hit"}
[client] {"a":1,"dup":false,"ev":"game","ms":445765,"predicted":false,"t":6,"tick":26604,"type":"hit"}
[client] {"a":2,"dup":false,"ev":"game","ms":445835,"predicted":false,"t":9,"tick":26608,"type":"hit"}
[client] {"a":3,"dup":false,"ev":"game","ms":445986,"predicted":false,"t":7,"tick":26617,"type":"hit"}
[client] {"a":6,"dup":false,"ev":"game","ms":446235,"predicted":false,"t":4,"tick":26632,"type":"hit"}
[client] {"a":1,"dup":false,"ev":"game","ms":446271,"predicted":false,"t":6,"tick":26634,"type":"hit"}
[client] {"a":7,"dup":false,"ev":"game","ms":446519,"predicted":false,"t":3,"tick":26649,"type":"hit"}
[client] {"a":8,"dup":false,"ev":"game","ms":446676,"predicted":false,"t":2,"tick":26659,"type":"hit"}
[client] {"a":7,"dup":false,"ev":"game","ms":446828,"predicted":false,"t":3,"tick":26668,"type":"hit"}
[client] {"a":6,"dup":false,"ev":"game","ms":446898,"predicted":false,"t":3,"tick":26672,"type":"hit"}
[client] {"a":8,"dup":false,"ev":"game","ms":446898,"predicted":false,"t":2,"tick":26672,"type":"hit"}
[client] {"a":4,"dup":false,"ev":"game","ms":446959,"predicted":false,"t":6,"tick":26676,"type":"hit"}
[client] {"a":4,"dup":false,"ev":"game","ms":446980,"predicted":false,"t":7,"tick":26677,"type":"hit"}
[client] {"a":0,"dup":false,"ev":"game","ms":447028,"predicted":false,"t":6,"tick":26680,"type":"hit"}
[client] {"a":9,"dup":false,"ev":"game","ms":447110,"predicted":false,"t":2,"tick":26685,"type":"hit"}
[client] {"a":9,"dup":false,"ev":"game","ms":447428,"predicted":false,"t":2,"tick":26704,"type":"hit"}
[client] {"a":3,"dup":false,"ev":"game","ms":447559,"predicted":false,"t":6,"tick":26712,"type":"hit"}
[client] {"a":8,"dup":false,"ev":"game","ms":447676,"predicted":false,"t":2,"tick":26719,"type":"hit"}
[client] {"a":8,"dup":false,"ev":"game","ms":447711,"predicted":false,"t":3,"tick":26720,"type":"hit"}
[client] {"a":4,"dup":false,"ev":"game","ms":447932,"predicted":false,"t":7,"tick":26734,"type":"hit"}
[client] {"a":0,"dup":false,"ev":"game","ms":448114,"predicted":false,"t":7,"tick":26744,"type":"hit"}
[client] {"a":3,"dup":false,"ev":"game","ms":448214,"predicted":false,"t":7,"tick":26751,"type":"hit"}
[client] {"a":3,"dup":false,"ev":"game","ms":448580,"predicted":false,"t":7,"tick":26773,"type":"hit"}
[client] {"a":8,"dup":false,"ev":"game","ms":448732,"predicted":false,"t":0,"tick":26782,"type":"hit"}
[client] {"a":8,"dup":false,"ev":"game","ms":448781,"predicted":false,"t":4,"tick":26785,"type":"hit"}
[client] {"a":3,"dup":false,"ev":"game","ms":448933,"predicted":false,"t":7,"tick":26794,"type":"hit"}
[client] {"a":1,"dup":false,"ev":"game","ms":449229,"predicted":false,"t":8,"tick":26812,"type":"hit"}
[client] {"a":1,"dup":false,"ev":"game","ms":449615,"predicted":false,"t":5,"tick":26835,"type":"hit"}
[client] {"a":9,"dup":false,"ev":"game","ms":449629,"predicted":false,"t":2,"tick":26836,"type":"hit"}
[client] {"a":7,"dup":false,"ev":"game","ms":449677,"predicted":false,"t":2,"tick":26838,"type":"hit"}
[client] {"a":2,"dup":false,"ev":"game","ms":449677,"predicted":false,"t":-1,"tick":26838,"type":"ko"}
[client] {"a":1,"dup":false,"ev":"game","ms":449946,"predicted":false,"t":5,"tick":26855,"type":"block"}
[client] {"counts":{"blocks_on_me":32,"conf_actions":224,"confirmed_hits":1271,"dup_confirmed":0,"hits_on_me":160,"pred_actions":247,"predicted_confirmed":87,"predicted_hits":242,"reconnects":0},"ev":"stats","hp":262.0,"in_bytes":5910840,"late":0,"local_entity":5,"match":{"countdown_until":300,"ctrl":-1,"final":true,"next":"","phase":3,"rot":2240,"scores":[47,40],"sd":false,"state":3,"tick":26560,"zone":"A"},"max_err":1.673,"mean_err":0.0177,"ms":449966,"out_bytes":1316209,"pending":6,"pos":[-40.96,0.81],"reconciles":8915,"server_tick":26860,"snaps":8929,"teleports":13}
[client] {"a":8,"dup":false,"ev":"game","ms":449967,"predicted":false,"t":1,"tick":26856,"type":"hit"}
[client] {"a":0,"dup":false,"ev":"game","ms":450333,"predicted":false,"t":8,"tick":26878,"type":"hit"}
[client] {"a":6,"dup":false,"ev":"game","ms":450416,"predicted":false,"t":1,"tick":26883,"type":"hit"}
[client] {"a":0,"dup":false,"ev":"game","ms":450665,"predicted":false,"t":9,"tick":26897,"type":"hit"}
[client] {"a":8,"dup":false,"ev":"game","ms":450712,"predicted":false,"t":0,"tick":26900,"type":"hit"}
[client] {"a":3,"dup":false,"ev":"game","ms":450733,"predicted":false,"t":9,"tick":26901,"type":"hit"}
[client] {"a":8,"dup":false,"ev":"game","ms":450996,"predicted":false,"t":0,"tick":26918,"type":"hit"}
[client] {"a":3,"dup":false,"ev":"game","ms":451035,"predicted":false,"t":7,"tick":26920,"type":"hit"}
[client] {"a":7,"dup":false,"ev":"game","ms":451035,"predicted":false,"t":-1,"tick":26920,"type":"ko"}
[client] {"a":9,"dup":false,"ev":"game","ms":451099,"predicted":false,"t":0,"tick":26923,"type":"hit"}
[client] {"a":6,"dup":false,"ev":"game","ms":451134,"predicted":false,"t":1,"tick":26925,"type":"hit"}
[client] {"a":4,"dup":false,"ev":"game","ms":451168,"predicted":false,"t":8,"tick":26928,"type":"hit"}
[client] {"a":5,"dup":true,"ev":"game","ms":451499,"predicted":false,"t":4,"tick":26953,"type":"hit"}
[client] {"a":3,"dup":false,"ev":"game","ms":451513,"predicted":false,"t":9,"tick":26948,"type":"block"}
[client] {"a":6,"dup":false,"ev":"game","ms":451535,"predicted":false,"t":1,"tick":26950,"type":"hit"}
[client] {"a":9,"dup":false,"ev":"game","ms":451747,"predicted":false,"t":3,"tick":26963,"type":"block"}
[client] {"a":4,"dup":false,"ev":"game","ms":451947,"predicted":false,"t":5,"tick":26975,"type":"hit"}
[client] {"a":9,"dup":false,"ev":"game","ms":452078,"predicted":false,"t":3,"tick":26982,"type":"hit"}
[client] {"a":0,"dup":false,"ev":"game","ms":452368,"predicted":false,"t":5,"tick":27000,"type":"hit"}
[client] {"a":8,"dup":false,"ev":"game","ms":452500,"predicted":false,"t":3,"tick":27007,"type":"hit"}
[client] {"a":1,"dup":false,"ev":"game","ms":452548,"predicted":false,"t":5,"tick":27011,"type":"hit"}
[client] {"a":9,"dup":false,"ev":"game","ms":452548,"predicted":false,"t":3,"tick":27011,"type":"hit"}
[client] {"a":6,"dup":false,"ev":"game","ms":452630,"predicted":false,"t":0,"tick":27016,"type":"hit"}
[client] {"a":0,"dup":false,"ev":"game","ms":453031,"predicted":false,"t":9,"tick":27040,"type":"hit"}
[client] {"a":6,"dup":false,"ev":"game","ms":453183,"predicted":false,"t":0,"tick":27049,"type":"hit"}
[client] {"a":3,"dup":false,"ev":"game","ms":453279,"predicted":false,"t":5,"tick":27055,"type":"hit"}
[client] {"a":5,"dup":true,"ev":"game","ms":453569,"predicted":false,"t":0,"tick":27077,"type":"hit"}
[client] {"a":1,"dup":false,"ev":"game","ms":453852,"predicted":false,"t":6,"tick":27089,"type":"hit"}
[client] {"a":0,"dup":false,"ev":"game","ms":453997,"predicted":false,"t":5,"tick":27098,"type":"hit"}
[client] {"a":3,"dup":false,"ev":"game","ms":454052,"predicted":false,"t":5,"tick":27101,"type":"hit"}
[client] {"a":1,"dup":false,"ev":"game","ms":454197,"predicted":false,"t":5,"tick":27110,"type":"hit"}
[client] {"a":1,"dup":false,"ev":"game","ms":454197,"predicted":false,"t":6,"tick":27110,"type":"hit"}
[client] {"a":8,"dup":false,"ev":"game","ms":454280,"predicted":false,"t":4,"tick":27115,"type":"hit"}
[client] {"a":0,"dup":false,"ev":"game","ms":454570,"predicted":false,"t":5,"tick":27132,"type":"hit"}
[client] {"a":8,"dup":false,"ev":"game","ms":454584,"predicted":false,"t":4,"tick":27133,"type":"hit"}
[client] {"a":1,"dup":false,"ev":"game","ms":454618,"predicted":false,"t":5,"tick":27135,"type":"hit"}
[client] {"a":6,"dup":false,"ev":"game","ms":454769,"predicted":false,"t":3,"tick":27144,"type":"hit"}
[client] {"a":9,"dup":false,"ev":"game","ms":454935,"predicted":false,"t":3,"tick":27154,"type":"hit"}
[client] {"counts":{"blocks_on_me":32,"conf_actions":231,"confirmed_hits":1306,"dup_confirmed":0,"hits_on_me":169,"pred_actions":254,"predicted_confirmed":89,"predicted_hits":250,"reconnects":0},"ev":"stats","hp":48.0,"in_bytes":5989231,"late":0,"local_entity":5,"match":{"countdown_until":300,"ctrl":-1,"final":true,"next":"","phase":3,"rot":1940,"scores":[47,40],"sd":false,"state":3,"tick":26860,"zone":"A"},"max_err":1.673,"mean_err":0.0182,"ms":454969,"out_bytes":1330909,"pending":6,"pos":[-45.75,-1.38],"reconciles":9015,"server_tick":27160,"snaps":9029,"teleports":13}
[client] {"a":6,"dup":false,"ev":"game","ms":455018,"predicted":false,"t":3,"tick":27159,"type":"hit"}
[client] {"a":3,"dup":false,"ev":"game","ms":455018,"predicted":false,"t":-1,"tick":27159,"type":"ko"}
[client] {"a":4,"dup":false,"ev":"game","ms":455101,"predicted":false,"t":8,"tick":27164,"type":"hit"}
[client] {"a":0,"dup":false,"ev":"game","ms":455480,"predicted":false,"t":6,"tick":27187,"type":"hit"}
[client] {"a":8,"dup":false,"ev":"game","ms":455785,"predicted":false,"t":4,"tick":27205,"type":"hit"}
[client] {"a":6,"dup":false,"ev":"game","ms":455985,"predicted":false,"t":0,"tick":27217,"type":"hit"}
[client] {"a":9,"dup":false,"ev":"game","ms":455985,"predicted":false,"t":0,"tick":27217,"type":"hit"}
[client] {"a":8,"dup":false,"ev":"game","ms":456088,"predicted":false,"t":4,"tick":27223,"type":"hit"}
[client] {"a":6,"dup":false,"ev":"game","ms":456301,"predicted":false,"t":0,"tick":27236,"type":"hit"}
[client] {"a":4,"dup":false,"ev":"game","ms":456467,"predicted":false,"t":8,"tick":27246,"type":"hit"}
[client] {"a":1,"dup":false,"ev":"game","ms":456537,"predicted":false,"t":8,"tick":27250,"type":"hit"}
[client] {"a":5,"dup":true,"ev":"game","ms":456619,"predicted":false,"t":0,"tick":27260,"type":"hit"}
[client] {"a":6,"dup":false,"ev":"game","ms":456653,"predicted":false,"t":0,"tick":27257,"type":"hit"}
[client] {"a":0,"dup":false,"ev":"game","ms":456701,"predicted":false,"t":-1,"tick":27260,"type":"ko"}
[client] {"a":4,"dup":false,"ev":"game","ms":456833,"predicted":false,"t":8,"tick":27268,"type":"hit"}
[client] {"a":6,"dup":false,"ev":"game","ms":457468,"predicted":false,"t":1,"tick":27306,"type":"hit"}
[client] {"a":1,"dup":false,"ev":"game","ms":457833,"predicted":false,"t":9,"tick":27328,"type":"hit"}
[client] {"a":6,"dup":false,"ev":"game","ms":457833,"predicted":false,"t":1,"tick":27328,"type":"hit"}
[client] {"a":8,"dup":false,"ev":"game","ms":458054,"predicted":false,"t":1,"tick":27341,"type":"hit"}
[client] {"a":5,"dup":true,"ev":"game","ms":458102,"predicted":false,"t":1,"tick":27349,"type":"hit"}
[client] {"a":6,"dup":false,"ev":"game","ms":458199,"predicted":false,"t":1,"tick":27350,"type":"hit"}
[client] {"a":5,"dup":true,"ev":"game","ms":458654,"predicted":false,"t":1,"tick":27382,"type":"hit"}
[client] {"a":9,"dup":false,"ev":"game","ms":458834,"predicted":false,"t":4,"tick":27388,"type":"hit"}
[client] {"a":8,"dup":false,"ev":"game","ms":458972,"predicted":false,"t":4,"tick":27396,"type":"hit"}
[client] {"a":9,"dup":false,"ev":"game","ms":459172,"predicted":false,"t":4,"tick":27408,"type":"hit"}
[client] {"a":8,"dup":false,"ev":"game","ms":459199,"predicted":false,"t":4,"tick":27410,"type":"hit"}
[client] {"a":9,"dup":false,"ev":"game","ms":459517,"predicted":false,"t":1,"tick":27429,"type":"hit"}
[client] {"a":1,"dup":false,"ev":"game","ms":459517,"predicted":false,"t":-1,"tick":27429,"type":"ko"}
[client] {"a":2,"dup":false,"ev":"game","ms":459668,"predicted":false,"t":-1,"tick":27438,"type":"respawn"}
[client] {"a":4,"dup":false,"ev":"game","ms":459717,"predicted":false,"t":8,"tick":27441,"type":"hit"}
[client] {"a":4,"dup":false,"ev":"game","ms":459751,"predicted":false,"t":9,"tick":27443,"type":"hit"}
[client] {"counts":{"blocks_on_me":32,"conf_actions":239,"confirmed_hits":1333,"dup_confirmed":0,"hits_on_me":169,"pred_actions":262,"predicted_confirmed":92,"predicted_hits":256,"reconnects":0},"ev":"stats","hp":48.0,"in_bytes":6058365,"late":0,"local_entity":5,"match":{"countdown_until":300,"ctrl":-1,"final":true,"next":"","phase":3,"rot":1640,"scores":[47,40],"sd":false,"state":3,"tick":27160,"zone":"A"},"max_err":1.673,"mean_err":0.0181,"ms":459971,"out_bytes":1345609,"pending":6,"pos":[-41.47,0.14],"reconciles":9115,"server_tick":27460,"snaps":9129,"teleports":13}
[client] {"a":4,"dup":false,"ev":"game","ms":460055,"predicted":false,"t":8,"tick":27461,"type":"hit"}
[client] {"a":9,"dup":false,"ev":"game","ms":460234,"predicted":false,"t":4,"tick":27472,"type":"hit"}
[client] {"a":8,"dup":false,"ev":"game","ms":460400,"predicted":false,"t":4,"tick":27482,"type":"hit"}
[client] {"a":9,"dup":false,"ev":"game","ms":460669,"predicted":false,"t":4,"tick":27498,"type":"hit"}
[client] {"a":4,"dup":false,"ev":"game","ms":460669,"predicted":false,"t":-1,"tick":27498,"type":"ko"}
[client] {"a":7,"dup":false,"ev":"game","ms":461035,"predicted":false,"t":-1,"tick":27520,"type":"respawn"}
[client] {"counts":{"blocks_on_me":32,"conf_actions":239,"confirmed_hits":1337,"dup_confirmed":0,"hits_on_me":169,"pred_actions":262,"predicted_confirmed":92,"predicted_hits":256,"reconnects":0},"ev":"stats","hp":48.0,"in_bytes":6109721,"late":0,"local_entity":5,"match":{"countdown_until":300,"ctrl":1,"final":true,"next":"","phase":3,"rot":1340,"scores":[47,44],"sd":false,"state":2,"tick":27460,"zone":"A"},"max_err":1.673,"mean_err":0.018,"ms":464967,"out_bytes":1360309,"pending":6,"pos":[-41.47,-0.28],"reconciles":9215,"server_tick":27760,"snaps":9229,"teleports":13}
[client] {"a":3,"dup":false,"ev":"game","ms":465016,"predicted":false,"t":-1,"tick":27759,"type":"respawn"}
[client] {"a":0,"dup":false,"ev":"game","ms":466700,"predicted":false,"t":-1,"tick":27860,"type":"respawn"}
[client] {"a":1,"dup":false,"ev":"game","ms":469515,"predicted":false,"t":-1,"tick":28029,"type":"respawn"}
[client] {"counts":{"blocks_on_me":32,"conf_actions":239,"confirmed_hits":1337,"dup_confirmed":0,"hits_on_me":169,"pred_actions":262,"predicted_confirmed":92,"predicted_hits":256,"reconnects":0},"ev":"stats","hp":132.599999999999,"in_bytes":6160716,"late":0,"local_entity":5,"match":{"countdown_until":300,"ctrl":-1,"final":true,"next":"","phase":3,"rot":1040,"scores":[47,48],"sd":false,"state":3,"tick":27760,"zone":"A"},"max_err":1.673,"mean_err":0.0178,"ms":469969,"out_bytes":1375009,"pending":6,"pos":[-41.47,-0.28],"reconciles":9315,"server_tick":28060,"snaps":9329,"teleports":13}
[client] {"a":4,"dup":false,"ev":"game","ms":470667,"predicted":false,"t":-1,"tick":28098,"type":"respawn"}
[client] {"a":7,"dup":false,"ev":"game","ms":471012,"predicted":false,"t":2,"tick":28119,"type":"hit"}
[client] {"a":5,"dup":true,"ev":"game","ms":471330,"predicted":false,"t":2,"tick":28142,"type":"hit"}
[client] {"a":7,"dup":false,"ev":"game","ms":471344,"predicted":false,"t":2,"tick":28138,"type":"hit"}
[client] {"a":9,"dup":false,"ev":"game","ms":471447,"predicted":false,"t":2,"tick":28144,"type":"hit"}
[client] {"a":2,"dup":false,"ev":"game","ms":472600,"predicted":false,"t":7,"tick":28214,"type":"hit"}
[client] {"a":2,"dup":false,"ev":"game","ms":472600,"predicted":false,"t":8,"tick":28214,"type":"hit"}
[client] {"a":2,"dup":false,"ev":"game","ms":472600,"predicted":false,"t":9,"tick":28214,"type":"hit"}
[client] {"a":6,"dup":false,"ev":"game","ms":473083,"predicted":false,"t":2,"tick":28243,"type":"hit"}
[client] {"a":5,"dup":true,"ev":"game","ms":473165,"predicted":false,"t":2,"tick":28253,"type":"hit"}
[client] {"a":6,"dup":false,"ev":"game","ms":473413,"predicted":false,"t":2,"tick":28263,"type":"hit"}
[client] {"a":5,"dup":true,"ev":"game","ms":473649,"predicted":false,"t":2,"tick":28282,"type":"hit"}
[client] {"a":5,"dup":true,"ev":"game","ms":474516,"predicted":false,"t":2,"tick":28334,"type":"hit"}
[client] {"a":8,"dup":false,"ev":"game","ms":474564,"predicted":false,"t":2,"tick":28331,"type":"hit"}
[client] {"a":2,"dup":false,"ev":"game","ms":474612,"predicted":false,"t":-1,"tick":28334,"type":"ko"}
[client] {"counts":{"blocks_on_me":32,"conf_actions":247,"confirmed_hits":1350,"dup_confirmed":0,"hits_on_me":169,"pred_actions":270,"predicted_confirmed":96,"predicted_hits":265,"reconnects":0},"ev":"stats","hp":138.9,"in_bytes":6228248,"late":0,"local_entity":5,"match":{"countdown_until":300,"ctrl":1,"final":true,"next":"","phase":3,"rot":740,"scores":[47,48],"sd":false,"state":2,"tick":28060,"zone":"A"},"max_err":1.673,"mean_err":0.0178,"ms":474964,"out_bytes":1389709,"pending":6,"pos":[-42.62,-0.95],"reconciles":9414,"server_tick":28360,"snaps":9429,"teleports":13}
[client] {"a":6,"dup":false,"ev":"game","ms":476613,"predicted":false,"t":3,"tick":28455,"type":"hit"}
[client] {"a":6,"dup":false,"ev":"game","ms":476862,"predicted":false,"t":3,"tick":28470,"type":"hit"}
[client] {"a":3,"dup":false,"ev":"game","ms":478263,"predicted":false,"t":5,"tick":28554,"type":"hit"}
[client] {"a":6,"dup":false,"ev":"game","ms":478897,"predicted":false,"t":3,"tick":28592,"type":"hit"}
[client] {"a":7,"dup":false,"ev":"game","ms":478897,"predicted":false,"t":3,"tick":28592,"type":"hit"}
[client] {"a":7,"dup":false,"ev":"game","ms":479215,"predicted":false,"t":3,"tick":28611,"type":"hit"}
[client] {"a":6,"dup":false,"ev":"game","ms":479318,"predicted":false,"t":0,"tick":28617,"type":"hit"}
[client] {"a":3,"dup":false,"ev":"game","ms":479533,"predicted":false,"t":7,"tick":28630,"type":"hit"}
[client] {"a":0,"dup":false,"ev":"game","ms":479684,"predicted":false,"t":5,"tick":28639,"type":"hit"}
[client] {"counts":{"blocks_on_me":32,"conf_actions":251,"confirmed_hits":1359,"dup_confirmed":0,"hits_on_me":171,"pred_actions":274,"predicted_confirmed":96,"predicted_hits":267,"reconnects":0},"ev":"stats","hp":88.8999999999997,"in_bytes":6293402,"late":0,"local_entity":5,"match":{"countdown_until":300,"ctrl":-1,"final":true,"next":"","phase":3,"rot":440,"scores":[47,48],"sd":false,"state":3,"tick":28360,"zone":"A"},"max_err":1.673,"mean_err":0.018,"ms":479966,"out_bytes":1404409,"pending":6,"pos":[-42.17,-1.01],"reconciles":9514,"server_tick":28660,"snaps":9529,"teleports":13}
[client] {"a":0,"dup":false,"ev":"game","ms":479981,"predicted":false,"t":5,"tick":28657,"type":"hit"}
[client] {"a":6,"dup":false,"ev":"game","ms":480133,"predicted":false,"t":0,"tick":28666,"type":"hit"}
[client] {"a":1,"dup":false,"ev":"game","ms":480264,"predicted":false,"t":7,"tick":28674,"type":"hit"}
[client] {"a":5,"dup":true,"ev":"game","ms":480285,"predicted":false,"t":0,"tick":28680,"type":"hit"}
[client] {"a":3,"dup":false,"ev":"game","ms":480636,"predicted":false,"t":6,"tick":28696,"type":"hit"}
[client] {"a":6,"dup":false,"ev":"game","ms":481002,"predicted":false,"t":3,"tick":28718,"type":"hit"}
[client] {"a":8,"dup":false,"ev":"game","ms":481050,"predicted":false,"t":0,"tick":28721,"type":"hit"}
[client] {"a":0,"dup":false,"ev":"game","ms":481402,"predicted":false,"t":8,"tick":28742,"type":"hit"}
[client] {"a":1,"dup":false,"ev":"game","ms":481402,"predicted":false,"t":6,"tick":28742,"type":"hit"}
[client] {"a":7,"dup":false,"ev":"game","ms":481464,"predicted":false,"t":1,"tick":28746,"type":"hit"}
[client] {"a":7,"dup":false,"ev":"game","ms":481533,"predicted":false,"t":3,"tick":28750,"type":"hit"}
[client] {"a":8,"dup":false,"ev":"game","ms":481782,"predicted":false,"t":0,"tick":28765,"type":"hit"}
[client] {"a":5,"dup":true,"ev":"game","ms":482747,"predicted":false,"t":3,"tick":28828,"type":"hit"}
[client] {"a":7,"dup":false,"ev":"game","ms":482837,"predicted":false,"t":3,"tick":28828,"type":"hit"}
[client] {"a":1,"dup":false,"ev":"game","ms":482947,"predicted":false,"t":7,"tick":28835,"type":"hit"}
[client] {"a":5,"dup":true,"ev":"game","ms":483086,"predicted":false,"t":3,"tick":28848,"type":"hit"}
[client] {"a":6,"dup":false,"ev":"game","ms":483120,"predicted":false,"t":3,"tick":28845,"type":"hit"}
[client] {"a":5,"dup":true,"ev":"game","ms":483135,"predicted":false,"t":1,"tick":28851,"type":"hit"}
[client] {"a":4,"dup":false,"ev":"game","ms":483238,"predicted":false,"t":7,"tick":28852,"type":"hit"}
[client] {"a":8,"dup":false,"ev":"game","ms":483238,"predicted":false,"t":0,"tick":28852,"type":"hit"}
[client] {"a":4,"dup":false,"ev":"game","ms":483265,"predicted":false,"t":6,"tick":28854,"type":"hit"}
[client] {"a":3,"dup":false,"ev":"game","ms":483486,"predicted":false,"t":5,"tick":28867,"type":"hit"}
[client] {"a":0,"dup":false,"ev":"game","ms":483605,"predicted":false,"t":8,"tick":28874,"type":"hit"}
[client] {"a":9,"dup":false,"ev":"game","ms":483769,"predicted":false,"t":4,"tick":28884,"type":"hit"}
[client] {"a":3,"dup":false,"ev":"game","ms":483803,"predicted":false,"t":5,"tick":28886,"type":"hit"}
[client] {"a":1,"dup":false,"ev":"game","ms":483865,"predicted":false,"t":5,"tick":28890,"type":"hit"}
[client] {"a":8,"dup":false,"ev":"game","ms":483983,"predicted":false,"t":0,"tick":28897,"type":"hit"}
[client] {"a":0,"dup":false,"ev":"game","ms":484335,"predicted":false,"t":8,"tick":28918,"type":"hit"}
[client] {"a":6,"dup":false,"ev":"game","ms":484452,"predicted":false,"t":3,"tick":28925,"type":"hit"}
[client] {"a":7,"dup":false,"ev":"game","ms":484500,"predicted":false,"t":3,"tick":28928,"type":"hit"}
[client] {"a":9,"dup":false,"ev":"game","ms":484500,"predicted":false,"t":3,"tick":28928,"type":"hit"}
[client] {"a":3,"dup":false,"ev":"game","ms":484500,"predicted":false,"t":-1,"tick":28928,"type":"ko"}
[client] {"a":2,"dup":false,"ev":"game","ms":484604,"predicted":false,"t":-1,"tick":28934,"type":"respawn"}
[client] {"a":7,"dup":false,"ev":"game","ms":484936,"predicted":false,"t":4,"tick":28954,"type":"hit"}
[client] {"a":0,"dup":false,"ev":"game","ms":484949,"predicted":false,"t":8,"tick":28955,"type":"hit"}
[client] {"counts":{"blocks_on_me":32,"conf_actions":258,"confirmed_hits":1392,"dup_confirmed":0,"hits_on_me":175,"pred_actions":282,"predicted_confirmed":100,"predicted_hits":275,"reconnects":0},"ev":"stats","hp":34.8999999999997,"in_bytes":6371302,"late":0,"local_entity":5,"match":{"countdown_until":300,"ctrl":-1,"final":true,"next":"","phase":3,"rot":140,"scores":[47,48],"sd":false,"state":3,"tick":28660,"zone":"A"},"max_err":1.673,"mean_err":0.0181,"ms":484968,"out_bytes":1419109,"pending":6,"pos":[-41.93,-0.32],"reconciles":9614,"server_tick":28960,"snaps":9629,"teleports":13}
[client] {"a":7,"dup":false,"ev":"game","ms":484984,"predicted":false,"t":1,"tick":28957,"type":"hit"}
[client] {"a":4,"dup":false,"ev":"game","ms":485521,"predicted":false,"t":7,"tick":28989,"type":"hit"}
[client] {"a":1,"dup":false,"ev":"game","ms":485721,"predicted":false,"t":7,"tick":29001,"type":"hit"}
[client] {"a":4,"dup":false,"ev":"game","ms":486018,"predicted":false,"t":7,"tick":29019,"type":"hit"}
[client] {"a":1,"dup":false,"ev":"game","ms":486066,"predicted":false,"t":7,"tick":29022,"type":"hit"}
[client] {"a":5,"dup":true,"ev":"game","ms":486322,"predicted":false,"t":0,"tick":29042,"type":"hit"}
[client] {"a":7,"dup":false,"ev":"game","ms":486466,"predicted":false,"t":4,"tick":29046,"type":"hit"}
[client] {"a":0,"dup":false,"ev":"game","ms":486784,"predicted":false,"t":5,"tick":29065,"type":"hit"}
[client] {"a":7,"dup":false,"ev":"game","ms":486784,"predicted":false,"t":4,"tick":29065,"type":"hit"}
[client] {"a":5,"dup":true,"ev":"game","ms":487088,"predicted":false,"t":0,"tick":29088,"type":"hit"}
[client] {"a":1,"dup":false,"ev":"game","ms":487101,"predicted":false,"t":7,"tick":29084,"type":"hit"}
[client] {"a":8,"dup":false,"ev":"game","ms":487170,"predicted":false,"t":0,"tick":29088,"type":"hit"}
[client] {"duration_s":480.0,"ev":"results","ms":487397,"reason":"time","score":[47,48],"winner":1}
[client] {"counts":{"blocks_on_me":32,"conf_actions":261,"confirmed_hits":1404,"dup_confirmed":0,"hits_on_me":176,"pred_actions":286,"predicted_confirmed":102,"predicted_hits":279,"reconnects":0},"ev":"stats","hp":16.8999999999997,"in_bytes":6406540,"late":0,"local_entity":5,"match":{"countdown_until":300,"ctrl":-1,"final":true,"next":"","phase":3,"rot":2,"scores":[47,48],"sd":false,"state":3,"tick":28798,"zone":"A"},"max_err":1.673,"mean_err":0.0181,"ms":487397,"out_bytes":1426263,"pending":14,"pos":[-41.66,-1.38],"reconciles":9660,"server_tick":29106,"snaps":9675,"teleports":13}
[client] {"a":-1,"dup":false,"ev":"game","ms":487405,"predicted":false,"t":-1,"tick":29099,"type":"match_end"}
ERROR: Attempt to disconnect a nonexistent connection from 'Net:<Node#47596963389>'. Signal: 'tree_exited', callable: ''.
   at: _disconnect (core/object/object.cpp:1644)
