Godot Engine v4.7.2.stable.official.ed1daf0bf - https://godotengine.org

[client] {"detail":"127.0.0.1:24610","ev":"status","ms":0,"status":"connecting"}
[client] {"detail":"","ev":"status","ms":49,"status":"connected"}
[client] {"ev":"welcome","ms":56,"observer":false,"pid":3}
[client] {"ev":"pick","f":"nyx","ms":650}
[client] {"ev":"lock","f":"nyx","ms":1464}
[client] {"ev":"match_setup","fighters":10,"ms":2487,"you":1}
[client] {"counts":{"blocks_on_me":0,"conf_actions":0,"confirmed_hits":0,"dup_confirmed":0,"hits_on_me":0,"pred_actions":0,"predicted_confirmed":0,"predicted_hits":0,"reconnects":0},"ev":"stats","hp":220.0,"in_bytes":94792,"late":0,"local_entity":1,"match":{"countdown_until":300,"ctrl":-1,"final":false,"next":"","phase":2,"rot":3600,"scores":[0,0],"sd":false,"state":1,"tick":0,"zone":""},"max_err":0.14,"mean_err":0.1312,"ms":4945,"out_bytes":7268,"pending":3,"pos":[-3.02,-46.43],"reconciles":48,"server_tick":148,"snaps":49,"teleports":1}
[client] {"counts":{"blocks_on_me":0,"conf_actions":0,"confirmed_hits":0,"dup_confirmed":0,"hits_on_me":0,"pred_actions":0,"predicted_confirmed":0,"predicted_hits":0,"reconnects":0},"ev":"stats","hp":220.0,"in_bytes":138529,"late":0,"local_entity":1,"match":{"countdown_until":300,"ctrl":-1,"final":false,"next":"","phase":3,"rot":3452,"scores":[0,0],"sd":false,"state":1,"tick":148,"zone":"B"},"max_err":0.14,"mean_err":0.0868,"ms":9947,"out_bytes":21968,"pending":3,"pos":[-1.95,-29.59],"reconciles":148,"server_tick":448,"snaps":149,"teleports":1}
[client] {"a":3,"dup":false,"ev":"game","ms":14633,"predicted":false,"t":6,"tick":724,"type":"hit"}
[client] {"counts":{"blocks_on_me":0,"conf_actions":1,"confirmed_hits":1,"dup_confirmed":0,"hits_on_me":0,"pred_actions":1,"predicted_confirmed":0,"predicted_hits":0,"reconnects":0},"ev":"stats","hp":220.0,"in_bytes":201253,"late":0,"local_entity":1,"match":{"countdown_until":300,"ctrl":-1,"final":false,"next":"","phase":3,"rot":3152,"scores":[0,0],"sd":false,"state":3,"tick":448,"zone":"B"},"max_err":0.14,"mean_err":0.0526,"ms":14950,"out_bytes":36668,"pending":3,"pos":[-5.74,-4.56],"reconciles":248,"server_tick":748,"snaps":249,"teleports":1}
[client] {"a":5,"dup":false,"ev":"game","ms":15220,"predicted":false,"t":3,"tick":759,"type":"hit"}
[client] {"a":3,"dup":false,"ev":"game","ms":16151,"predicted":false,"t":5,"tick":815,"type":"hit"}
[client] {"a":2,"dup":false,"ev":"game","ms":16482,"predicted":false,"t":5,"tick":835,"type":"hit"}
[client] {"a":2,"dup":false,"ev":"game","ms":16482,"predicted":false,"t":9,"tick":835,"type":"hit"}
[client] {"a":1,"dup":true,"ev":"game","ms":16503,"predicted":false,"t":6,"tick":842,"type":"hit"}
[client] {"a":1,"dup":true,"ev":"game","ms":16538,"predicted":false,"t":5,"tick":844,"type":"hit"}
[client] {"a":1,"dup":true,"ev":"game","ms":16538,"predicted":false,"t":9,"tick":844,"type":"hit"}
[client] {"a":2,"dup":false,"ev":"game","ms":16572,"predicted":false,"t":6,"tick":840,"type":"hit"}
[client] {"a":3,"dup":false,"ev":"game","ms":16883,"predicted":false,"t":7,"tick":859,"type":"hit"}
[client] {"a":8,"dup":false,"ev":"game","ms":17283,"predicted":false,"t":4,"tick":883,"type":"hit"}
[client] {"a":2,"dup":false,"ev":"game","ms":17517,"predicted":false,"t":6,"tick":897,"type":"hit"}
[client] {"a":1,"dup":true,"ev":"game","ms":17538,"predicted":false,"t":5,"tick":904,"type":"hit"}
[client] {"a":1,"dup":true,"ev":"game","ms":17538,"predicted":false,"t":6,"tick":904,"type":"hit"}
[client] {"a":1,"dup":true,"ev":"game","ms":17573,"predicted":false,"t":9,"tick":906,"type":"hit"}
[client] {"a":1,"dup":true,"ev":"game","ms":17587,"predicted":false,"t":7,"tick":907,"type":"hit"}
[client] {"a":8,"dup":false,"ev":"game","ms":17897,"predicted":false,"t":4,"tick":920,"type":"hit"}
[client] {"a":7,"dup":false,"ev":"game","ms":18547,"predicted":false,"t":3,"tick":959,"type":"hit"}
[client] {"a":8,"dup":false,"ev":"game","ms":18596,"predicted":false,"t":2,"tick":962,"type":"hit"}
[client] {"a":7,"dup":false,"ev":"game","ms":18849,"predicted":false,"t":3,"tick":977,"type":"hit"}
[client] {"a":4,"dup":false,"ev":"game","ms":18884,"predicted":false,"t":8,"tick":979,"type":"hit"}
[client] {"a":7,"dup":false,"ev":"game","ms":19194,"predicted":false,"t":3,"tick":998,"type":"hit"}
[client] {"a":2,"dup":false,"ev":"game","ms":19230,"predicted":false,"t":8,"tick":1000,"type":"hit"}
[client] {"a":4,"dup":false,"ev":"game","ms":19263,"predicted":false,"t":8,"tick":1002,"type":"hit"}
[client] {"a":9,"dup":false,"ev":"game","ms":19452,"predicted":false,"t":3,"tick":1013,"type":"hit"}
[client] {"a":8,"dup":false,"ev":"game","ms":19663,"predicted":false,"t":0,"tick":1026,"type":"hit"}
[client] {"counts":{"blocks_on_me":0,"conf_actions":5,"confirmed_hits":26,"dup_confirmed":0,"hits_on_me":0,"pred_actions":5,"predicted_confirmed":7,"predicted_hits":13,"reconnects":0},"ev":"stats","hp":220.0,"in_bytes":275945,"late":0,"local_entity":1,"match":{"countdown_until":300,"ctrl":-1,"final":false,"next":"","phase":3,"rot":2852,"scores":[0,0],"sd":false,"state":3,"tick":748,"zone":"B"},"max_err":0.14,"mean_err":0.0415,"ms":19945,"out_bytes":51368,"pending":3,"pos":[0.02,-2.72],"reconciles":348,"server_tick":1048,"snaps":349,"teleports":1}
[client] {"a":2,"dup":false,"ev":"game","ms":19967,"predicted":false,"t":8,"tick":1044,"type":"hit"}
[client] {"a":7,"dup":false,"ev":"game","ms":19967,"predicted":false,"t":3,"tick":1044,"type":"hit"}
[client] {"a":2,"dup":false,"ev":"game","ms":20285,"predicted":false,"t":8,"tick":1063,"type":"hit"}
[client] {"a":9,"dup":false,"ev":"game","ms":20394,"predicted":false,"t":4,"tick":1070,"type":"hit"}
[client] {"a":9,"dup":false,"ev":"game","ms":20415,"predicted":false,"t":1,"tick":1071,"type":"hit"}
[client] {"a":2,"dup":false,"ev":"game","ms":20595,"predicted":false,"t":8,"tick":1082,"type":"hit"}
[client] {"a":8,"dup":false,"ev":"game","ms":21030,"predicted":false,"t":1,"tick":1108,"type":"hit"}
[client] {"a":7,"dup":false,"ev":"game","ms":21084,"predicted":false,"t":3,"tick":1111,"type":"block"}
[client] {"a":9,"dup":false,"ev":"game","ms":21112,"predicted":false,"t":3,"tick":1113,"type":"block"}
[client] {"a":6,"dup":false,"ev":"game","ms":21333,"predicted":false,"t":3,"tick":1126,"type":"block"}
[client] {"a":0,"dup":false,"ev":"game","ms":21367,"predicted":false,"t":8,"tick":1128,"type":"hit"}
[client] {"a":7,"dup":false,"ev":"game","ms":21367,"predicted":false,"t":3,"tick":1128,"type":"block"}
[client] {"a":9,"dup":false,"ev":"game","ms":21430,"predicted":false,"t":3,"tick":1132,"type":"block"}
[client] {"a":0,"dup":false,"ev":"game","ms":21466,"predicted":false,"t":6,"tick":1134,"type":"hit"}
[client] {"a":0,"dup":false,"ev":"game","ms":21466,"predicted":false,"t":9,"tick":1134,"type":"hit"}
[client] {"a":1,"dup":true,"ev":"game","ms":22217,"predicted":false,"t":6,"tick":1184,"type":"hit"}
[client] {"a":4,"dup":false,"ev":"game","ms":22266,"predicted":false,"t":7,"tick":1182,"type":"hit"}
[client] {"a":5,"dup":false,"ev":"game","ms":22465,"predicted":false,"t":3,"tick":1194,"type":"hit"}
[client] {"a":2,"dup":false,"ev":"game","ms":22617,"predicted":false,"t":5,"tick":1203,"type":"hit"}
[client] {"a":2,"dup":false,"ev":"game","ms":22617,"predicted":false,"t":6,"tick":1203,"type":"hit"}
[client] {"a":6,"dup":false,"ev":"game","ms":22617,"predicted":false,"t":-1,"tick":1203,"type":"ko"}
[client] {"a":9,"dup":false,"ev":"game","ms":23171,"predicted":false,"t":0,"tick":1236,"type":"hit"}
[client] {"a":3,"dup":false,"ev":"game","ms":23231,"predicted":false,"t":5,"tick":1240,"type":"hit"}
[client] {"a":3,"dup":false,"ev":"game","ms":23286,"predicted":false,"t":7,"tick":1243,"type":"hit"}
[client] {"a":1,"dup":true,"ev":"game","ms":23548,"predicted":false,"t":8,"tick":1264,"type":"hit"}
[client] {"a":2,"dup":false,"ev":"game","ms":23569,"predicted":false,"t":8,"tick":1260,"type":"hit"}
[client] {"a":4,"dup":false,"ev":"game","ms":23569,"predicted":false,"t":8,"tick":1260,"type":"hit"}
[client] {"a":5,"dup":false,"ev":"game","ms":23597,"predicted":false,"t":3,"tick":1262,"type":"hit"}
[client] {"a":0,"dup":false,"ev":"game","ms":23665,"predicted":false,"t":8,"tick":1266,"type":"hit"}
[client] {"a":4,"dup":false,"ev":"game","ms":23831,"predicted":false,"t":8,"tick":1276,"type":"hit"}
[client] {"a":8,"dup":false,"ev":"game","ms":23831,"predicted":false,"t":-1,"tick":1276,"type":"ko"}
[client] {"a":7,"dup":false,"ev":"game","ms":23935,"predicted":false,"t":3,"tick":1282,"type":"hit"}
[client] {"a":5,"dup":false,"ev":"game","ms":24514,"predicted":false,"t":1,"tick":1317,"type":"hit"}
[client] {"a":0,"dup":false,"ev":"game","ms":24535,"predicted":false,"t":9,"tick":1318,"type":"hit"}
[client] {"a":3,"dup":false,"ev":"game","ms":24770,"predicted":false,"t":5,"tick":1332,"type":"hit"}
[client] {"counts":{"blocks_on_me":0,"conf_actions":14,"confirmed_hits":54,"dup_confirmed":0,"hits_on_me":3,"pred_actions":14,"predicted_confirmed":9,"predicted_hits":17,"reconnects":0},"ev":"stats","hp":146.0,"in_bytes":355548,"late":0,"local_entity":1,"match":{"countdown_until":300,"ctrl":-1,"final":false,"next":"","phase":3,"rot":2552,"scores":[0,0],"sd":false,"state":3,"tick":1048,"zone":"B"},"max_err":0.552,"mean_err":0.0393,"ms":24948,"out_bytes":66068,"pending":3,"pos":[0.34,-2.91],"reconciles":448,"server_tick":1348,"snaps":449,"teleports":1}
[client] {"a":1,"dup":true,"ev":"game","ms":25004,"predicted":false,"t":9,"tick":1351,"type":"hit"}
[client] {"a":4,"dup":false,"ev":"game","ms":25053,"predicted":false,"t":9,"tick":1349,"type":"hit"}
[client] {"a":5,"dup":false,"ev":"game","ms":25232,"predicted":false,"t":3,"tick":1360,"type":"hit"}
[client] {"a":1,"dup":true,"ev":"game","ms":25370,"predicted":false,"t":7,"tick":1374,"type":"hit"}
[client] {"a":7,"dup":false,"ev":"game","ms":25418,"predicted":false,"t":3,"tick":1371,"type":"hit"}
[client] {"a":9,"dup":false,"ev":"game","ms":25487,"predicted":false,"t":3,"tick":1375,"type":"hit"}
[client] {"a":4,"dup":false,"ev":"game","ms":25536,"predicted":false,"t":9,"tick":1378,"type":"hit"}
[client] {"a":5,"dup":false,"ev":"game","ms":25784,"predicted":false,"t":3,"tick":1393,"type":"hit"}
[client] {"a":3,"dup":false,"ev":"game","ms":25784,"predicted":false,"t":-1,"tick":1393,"type":"ko"}
[client] {"a":4,"dup":false,"ev":"game","ms":25887,"predicted":false,"t":9,"tick":1399,"type":"hit"}
[client] {"a":9,"dup":false,"ev":"game","ms":25887,"predicted":false,"t":-1,"tick":1399,"type":"ko"}
[client] {"a":4,"dup":false,"ev":"game","ms":25901,"predicted":false,"t":5,"tick":1400,"type":"hit"}
[client] {"a":2,"dup":false,"ev":"game","ms":25949,"predicted":false,"t":5,"tick":1403,"type":"hit"}
[client] {"a":5,"dup":false,"ev":"game","ms":26315,"predicted":false,"t":2,"tick":1425,"type":"hit"}
[client] {"a":2,"dup":false,"ev":"game","ms":27081,"predicted":false,"t":5,"tick":1471,"type":"block"}
[client] {"a":0,"dup":false,"ev":"game","ms":27329,"predicted":false,"t":5,"tick":1486,"type":"block"}
[client] {"a":0,"dup":false,"ev":"game","ms":27378,"predicted":false,"t":7,"tick":1489,"type":"hit"}
[client] {"a":2,"dup":false,"ev":"game","ms":27398,"predicted":false,"t":5,"tick":1490,"type":"block"}
[client] {"a":0,"dup":false,"ev":"game","ms":27646,"predicted":false,"t":5,"tick":1505,"type":"block"}
[client] {"a":4,"dup":false,"ev":"game","ms":27764,"predicted":false,"t":7,"tick":1512,"type":"hit"}
[client] {"a":2,"dup":false,"ev":"game","ms":27798,"predicted":false,"t":5,"tick":1514,"type":"block"}
[client] {"a":1,"dup":true,"ev":"game","ms":27827,"predicted":false,"t":7,"tick":1521,"type":"hit"}
[client] {"a":0,"dup":false,"ev":"game","ms":28047,"predicted":false,"t":5,"tick":1529,"type":"block"}
[client] {"a":0,"dup":false,"ev":"game","ms":28081,"predicted":false,"t":7,"tick":1531,"type":"hit"}
[client] {"a":2,"dup":false,"ev":"game","ms":28343,"predicted":false,"t":5,"tick":1547,"type":"block"}
[client] {"a":7,"dup":false,"ev":"game","ms":28398,"predicted":false,"t":1,"tick":1550,"type":"hit"}
[client] {"a":0,"dup":false,"ev":"game","ms":28598,"predicted":false,"t":5,"tick":1562,"type":"block"}
[client] {"a":7,"dup":false,"ev":"game","ms":28709,"predicted":false,"t":1,"tick":1569,"type":"hit"}
[client] {"a":4,"dup":false,"ev":"game","ms":28909,"predicted":false,"t":7,"tick":1581,"type":"hit"}
[client] {"a":7,"dup":false,"ev":"game","ms":29227,"predicted":false,"t":1,"tick":1600,"type":"hit"}
[client] {"a":4,"dup":false,"ev":"game","ms":29248,"predicted":false,"t":7,"tick":1601,"type":"hit"}
[client] {"a":7,"dup":false,"ev":"game","ms":29248,"predicted":false,"t":-1,"tick":1601,"type":"ko"}
[client] {"a":2,"dup":false,"ev":"game","ms":29399,"predicted":false,"t":5,"tick":1610,"type":"block"}
[client] {"a":0,"dup":false,"ev":"game","ms":29648,"predicted":false,"t":5,"tick":1625,"type":"hit"}
[client] {"a":2,"dup":false,"ev":"game","ms":29731,"predicted":false,"t":5,"tick":1630,"type":"hit"}
[client] {"a":1,"dup":true,"ev":"game","ms":29883,"predicted":false,"t":5,"tick":1645,"type":"hit"}
[client] {"counts":{"blocks_on_me":0,"conf_actions":20,"confirmed_hits":78,"dup_confirmed":0,"hits_on_me":6,"pred_actions":21,"predicted_confirmed":13,"predicted_hits":25,"reconnects":0},"ev":"stats","hp":92.0,"in_bytes":426377,"late":0,"local_entity":1,"match":{"countdown_until":300,"ctrl":0,"final":false,"next":"","phase":3,"rot":2252,"scores":[0,0],"sd":false,"state":2,"tick":1348,"zone":"B"},"max_err":0.807,"mean_err":0.0369,"ms":29944,"out_bytes":80768,"pending":3,"pos":[-2.36,-2.63],"reconciles":548,"server_tick":1648,"snaps":549,"teleports":1}
[client] {"a":0,"dup":false,"ev":"game","ms":29978,"predicted":false,"t":5,"tick":1645,"type":"hit"}
[client] {"a":5,"dup":false,"ev":"game","ms":29979,"predicted":false,"t":-1,"tick":1645,"type":"ko"}
[client] {"a":6,"dup":false,"ev":"game","ms":32614,"predicted":false,"t":-1,"tick":1803,"type":"respawn"}
[client] {"a":8,"dup":false,"ev":"game","ms":33829,"predicted":false,"t":-1,"tick":1876,"type":"respawn"}
[client] {"counts":{"blocks_on_me":0,"conf_actions":20,"confirmed_hits":79,"dup_confirmed":0,"hits_on_me":6,"pred_actions":21,"predicted_confirmed":13,"predicted_hits":25,"reconnects":0},"ev":"stats","hp":92.0,"in_bytes":476107,"late":0,"local_entity":1,"match":{"countdown_until":300,"ctrl":0,"final":false,"next":"","phase":3,"rot":1952,"scores":[5,0],"sd":false,"state":2,"tick":1648,"zone":"B"},"max_err":0.807,"mean_err":0.0325,"ms":34946,"out_bytes":95468,"pending":3,"pos":[0.05,-2.72],"reconciles":648,"server_tick":1948,"snaps":649,"teleports":1}
[client] {"a":3,"dup":false,"ev":"game","ms":35768,"predicted":false,"t":-1,"tick":1993,"type":"respawn"}
[client] {"a":9,"dup":false,"ev":"game","ms":35864,"predicted":false,"t":-1,"tick":1999,"type":"respawn"}
[client] {"a":7,"dup":false,"ev":"game","ms":39252,"predicted":false,"t":-1,"tick":2201,"type":"respawn"}
[client] {"counts":{"blocks_on_me":0,"conf_actions":20,"confirmed_hits":79,"dup_confirmed":0,"hits_on_me":6,"pred_actions":21,"predicted_confirmed":13,"predicted_hits":25,"reconnects":0},"ev":"stats","hp":165.800000000001,"in_bytes":530871,"late":0,"local_entity":1,"match":{"countdown_until":300,"ctrl":-1,"final":false,"next":"","phase":3,"rot":1652,"scores":[8,0],"sd":false,"state":3,"tick":1948,"zone":"B"},"max_err":0.807,"mean_err":0.0285,"ms":39948,"out_bytes":110168,"pending":3,"pos":[0.05,-2.72],"reconciles":748,"server_tick":2248,"snaps":749,"teleports":1}
[client] {"a":5,"dup":false,"ev":"game","ms":39984,"predicted":false,"t":-1,"tick":2245,"type":"respawn"}
[client] {"a":6,"dup":false,"ev":"game","ms":40149,"predicted":false,"t":0,"tick":2255,"type":"hit"}
[client] {"a":6,"dup":false,"ev":"game","ms":40370,"predicted":false,"t":0,"tick":2268,"type":"hit"}
[client] {"a":6,"dup":false,"ev":"game","ms":40384,"predicted":false,"t":4,"tick":2269,"type":"hit"}
[client] {"a":6,"dup":false,"ev":"game","ms":40853,"predicted":false,"t":0,"tick":2297,"type":"hit"}
[client] {"a":6,"dup":false,"ev":"game","ms":40867,"predicted":false,"t":1,"tick":2298,"type":"hit"}
[client] {"a":1,"dup":true,"ev":"game","ms":41150,"predicted":false,"t":6,"tick":2320,"type":"hit"}
[client] {"a":6,"dup":false,"ev":"game","ms":41205,"predicted":false,"t":0,"tick":2318,"type":"hit"}
[client] {"a":4,"dup":false,"ev":"game","ms":41315,"predicted":false,"t":6,"tick":2325,"type":"hit"}
[client] {"a":1,"dup":true,"ev":"game","ms":41481,"predicted":false,"t":6,"tick":2340,"type":"hit"}
[client] {"a":0,"dup":false,"ev":"game","ms":41543,"predicted":false,"t":8,"tick":2339,"type":"hit"}
[client] {"a":4,"dup":false,"ev":"game","ms":41682,"predicted":false,"t":6,"tick":2347,"type":"hit"}
[client] {"a":0,"dup":false,"ev":"game","ms":41882,"predicted":false,"t":8,"tick":2359,"type":"hit"}
[client] {"a":0,"dup":false,"ev":"game","ms":41916,"predicted":false,"t":6,"tick":2361,"type":"hit"}
[client] {"a":0,"dup":false,"ev":"game","ms":42281,"predicted":false,"t":8,"tick":2383,"type":"hit"}
[client] {"a":1,"dup":true,"ev":"game","ms":42482,"predicted":false,"t":6,"tick":2400,"type":"hit"}
[client] {"a":8,"dup":false,"ev":"game","ms":42716,"predicted":false,"t":0,"tick":2409,"type":"hit"}
[client] {"a":8,"dup":false,"ev":"game","ms":43048,"predicted":false,"t":1,"tick":2429,"type":"hit"}
[client] {"a":3,"dup":false,"ev":"game","ms":43317,"predicted":false,"t":6,"tick":2445,"type":"hit"}
[client] {"a":6,"dup":false,"ev":"game","ms":43834,"predicted":false,"t":0,"tick":2476,"type":"hit"}
[client] {"a":3,"dup":false,"ev":"game","ms":43917,"predicted":false,"t":6,"tick":2481,"type":"hit"}
[client] {"a":1,"dup":true,"ev":"game","ms":43917,"predicted":false,"t":8,"tick":2486,"type":"hit"}
[client] {"a":9,"dup":false,"ev":"game","ms":44262,"predicted":false,"t":1,"tick":2502,"type":"hit"}
[client] {"a":8,"dup":false,"ev":"game","ms":44648,"predicted":false,"t":1,"tick":2525,"type":"hit"}
[client] {"counts":{"blocks_on_me":0,"conf_actions":28,"confirmed_hits":102,"dup_confirmed":0,"hits_on_me":10,"pred_actions":29,"predicted_confirmed":17,"predicted_hits":30,"reconnects":0},"ev":"stats","hp":58.4000000000012,"in_bytes":606397,"late":0,"local_entity":1,"match":{"countdown_until":300,"ctrl":-1,"final":false,"next":"","phase":3,"rot":1352,"scores":[8,0],"sd":false,"state":3,"tick":2248,"zone":"B"},"max_err":0.807,"mean_err":0.0282,"ms":44944,"out_bytes":124868,"pending":3,"pos":[0.39,-3.29],"reconciles":848,"server_tick":2548,"snaps":849,"teleports":1}
[client] {"a":9,"dup":false,"ev":"game","ms":44966,"predicted":false,"t":1,"tick":2544,"type":"hit"}
[client] {"a":9,"dup":false,"ev":"game","ms":45000,"predicted":false,"t":0,"tick":2546,"type":"hit"}
[client] {"a":9,"dup":false,"ev":"game","ms":45767,"predicted":false,"t":2,"tick":2592,"type":"block"}
[client] {"a":8,"dup":false,"ev":"game","ms":45780,"predicted":false,"t":2,"tick":2593,"type":"hit"}
[client] {"a":9,"dup":false,"ev":"game","ms":45814,"predicted":false,"t":4,"tick":2595,"type":"hit"}
[client] {"a":8,"dup":false,"ev":"game","ms":46097,"predicted":false,"t":2,"tick":2612,"type":"hit"}
[client] {"a":9,"dup":false,"ev":"game","ms":46097,"predicted":false,"t":2,"tick":2612,"type":"hit"}
[client] {"a":9,"dup":false,"ev":"game","ms":46132,"predicted":false,"t":4,"tick":2614,"type":"hit"}
[client] {"a":8,"dup":false,"ev":"game","ms":46152,"predicted":false,"t":4,"tick":2615,"type":"hit"}
[client] {"a":1,"dup":true,"ev":"game","ms":46201,"predicted":false,"t":6,"tick":2624,"type":"hit"}
[client] {"a":3,"dup":false,"ev":"game","ms":46263,"predicted":false,"t":9,"tick":2622,"type":"hit"}
[client] {"a":0,"dup":false,"ev":"game","ms":46649,"predicted":false,"t":8,"tick":2645,"type":"hit"}
[client] {"a":2,"dup":false,"ev":"game","ms":46719,"predicted":false,"t":8,"tick":2649,"type":"hit"}
[client] {"a":3,"dup":false,"ev":"game","ms":46732,"predicted":false,"t":8,"tick":2650,"type":"hit"}
[client] {"a":1,"dup":true,"ev":"game","ms":47118,"predicted":false,"t":6,"tick":2679,"type":"hit"}
[client] {"a":6,"dup":false,"ev":"game","ms":47215,"predicted":false,"t":-1,"tick":2679,"type":"ko"}
[client] {"a":8,"dup":false,"ev":"game","ms":47450,"predicted":false,"t":1,"tick":2693,"type":"hit"}
[client] {"a":9,"dup":false,"ev":"game","ms":47450,"predicted":false,"t":2,"tick":2693,"type":"hit"}
[client] {"a":3,"dup":false,"ev":"game","ms":47753,"predicted":false,"t":9,"tick":2711,"type":"hit"}
[client] {"a":2,"dup":false,"ev":"game","ms":47767,"predicted":false,"t":9,"tick":2712,"type":"hit"}
[client] {"a":8,"dup":false,"ev":"game","ms":47781,"predicted":false,"t":1,"tick":2713,"type":"hit"}
[client] {"a":7,"dup":false,"ev":"game","ms":47836,"predicted":false,"t":2,"tick":2716,"type":"hit"}
[client] {"a":3,"dup":false,"ev":"game","ms":47850,"predicted":false,"t":7,"tick":2717,"type":"hit"}
[client] {"a":9,"dup":false,"ev":"game","ms":48181,"predicted":false,"t":3,"tick":2737,"type":"hit"}
[client] {"a":9,"dup":false,"ev":"game","ms":48201,"predicted":false,"t":2,"tick":2738,"type":"hit"}
[client] {"a":4,"dup":false,"ev":"game","ms":48298,"predicted":false,"t":9,"tick":2744,"type":"hit"}
[client] {"a":8,"dup":false,"ev":"game","ms":48520,"predicted":false,"t":4,"tick":2757,"type":"hit"}
[client] {"a":3,"dup":false,"ev":"game","ms":48581,"predicted":false,"t":8,"tick":2761,"type":"hit"}
[client] {"a":3,"dup":false,"ev":"game","ms":48919,"predicted":false,"t":8,"tick":2781,"type":"hit"}
[client] {"a":7,"dup":false,"ev":"game","ms":49061,"predicted":false,"t":3,"tick":2790,"type":"hit"}
[client] {"a":8,"dup":false,"ev":"game","ms":49312,"predicted":false,"t":3,"tick":2805,"type":"hit"}
[client] {"a":1,"dup":true,"ev":"game","ms":49348,"predicted":false,"t":8,"tick":2812,"type":"hit"}
[client] {"a":8,"dup":false,"ev":"game","ms":49361,"predicted":false,"t":2,"tick":2808,"type":"hit"}
[client] {"a":1,"dup":true,"ev":"game","ms":49409,"predicted":false,"t":9,"tick":2816,"type":"hit"}
[client] {"a":2,"dup":false,"ev":"game","ms":49713,"predicted":false,"t":7,"tick":2829,"type":"hit"}
[client] {"counts":{"blocks_on_me":0,"conf_actions":35,"confirmed_hits":135,"dup_confirmed":0,"hits_on_me":13,"pred_actions":37,"predicted_confirmed":21,"predicted_hits":39,"reconnects":0},"ev":"stats","hp":22.4000000000012,"in_bytes":682425,"late":0,"local_entity":1,"match":{"countdown_until":300,"ctrl":-1,"final":false,"next":"","phase":3,"rot":1052,"scores":[8,0],"sd":false,"state":3,"tick":2548,"zone":"B"},"max_err":1.218,"mean_err":0.0292,"ms":49946,"out_bytes":139568,"pending":3,"pos":[-2.59,-3.64],"reconciles":947,"server_tick":2848,"snaps":948,"teleports":1}
[client] {"a":3,"dup":false,"ev":"game","ms":50013,"predicted":false,"t":5,"tick":2845,"type":"block"}
[client] {"a":3,"dup":false,"ev":"game","ms":50015,"predicted":false,"t":7,"tick":2847,"type":"hit"}
[client] {"a":1,"dup":true,"ev":"game","ms":50037,"predicted":false,"t":7,"tick":2850,"type":"hit"}
[client] {"a":0,"dup":false,"ev":"game","ms":50154,"predicted":false,"t":5,"tick":2855,"type":"block"}
[client] {"a":1,"dup":true,"ev":"game","ms":50285,"predicted":false,"t":8,"tick":2869,"type":"hit"}
[client] {"a":8,"dup":false,"ev":"game","ms":50354,"predicted":false,"t":3,"tick":2867,"type":"hit"}
[client] {"a":8,"dup":false,"ev":"game","ms":50381,"predicted":false,"t":-1,"tick":2869,"type":"ko"}
[client] {"a":0,"dup":false,"ev":"game","ms":50437,"predicted":false,"t":5,"tick":2872,"type":"block"}
[client] {"a":1,"dup":false,"ev":"game","ms":50581,"predicted":false,"t":5,"tick":2887,"type":"block"}
[client] {"a":1,"dup":false,"ev":"game","ms":50636,"predicted":false,"t":7,"tick":2889,"type":"hit"}
[client] {"a":7,"dup":false,"ev":"game","ms":50685,"predicted":false,"t":3,"tick":2887,"type":"block"}
[client] {"a":2,"dup":false,"ev":"game","ms":50851,"predicted":false,"t":5,"tick":2897,"type":"block"}
[client] {"a":1,"dup":false,"ev":"game","ms":51085,"predicted":false,"t":5,"tick":2916,"type":"block"}
[client] {"a":2,"dup":false,"ev":"game","ms":51133,"predicted":false,"t":5,"tick":2915,"type":"block"}
[client] {"a":1,"dup":false,"ev":"game","ms":51285,"predicted":false,"t":5,"tick":2929,"type":"block"}
[client] {"a":7,"dup":false,"ev":"game","ms":51368,"predicted":false,"t":1,"tick":2929,"type":"hit"}
[client] {"a":2,"dup":false,"ev":"game","ms":51437,"predicted":false,"t":5,"tick":2933,"type":"block"}
[client] {"a":1,"dup":true,"ev":"game","ms":51933,"predicted":false,"t":5,"tick":2968,"type":"hit"}
[client] {"a":1,"dup":true,"ev":"game","ms":51954,"predicted":false,"t":7,"tick":2969,"type":"hit"}
[client] {"a":7,"dup":false,"ev":"game","ms":52016,"predicted":false,"t":3,"tick":2968,"type":"block"}
[client] {"a":0,"dup":false,"ev":"game","ms":52051,"predicted":false,"t":5,"tick":2970,"type":"hit"}
[client] {"a":1,"dup":false,"ev":"game","ms":52133,"predicted":false,"t":-1,"tick":2980,"type":"ko"}
[client] {"a":9,"dup":false,"ev":"game","ms":52216,"predicted":false,"t":1,"tick":2980,"type":"hit"}
[client] {"a":9,"dup":false,"ev":"game","ms":52252,"predicted":false,"t":3,"tick":2982,"type":"block"}
[client] {"a":2,"dup":false,"ev":"game","ms":52320,"predicted":false,"t":5,"tick":2986,"type":"hit"}
[client] {"a":2,"dup":false,"ev":"game","ms":52320,"predicted":false,"t":9,"tick":2986,"type":"hit"}
[client] {"a":2,"dup":false,"ev":"game","ms":53065,"predicted":false,"t":7,"tick":3031,"type":"hit"}
[client] {"a":2,"dup":false,"ev":"game","ms":53382,"predicted":false,"t":5,"tick":3050,"type":"hit"}
[client] {"a":9,"dup":false,"ev":"game","ms":53520,"predicted":false,"t":2,"tick":3058,"type":"hit"}
[client] {"a":5,"dup":false,"ev":"game","ms":53776,"predicted":false,"t":2,"tick":3073,"type":"hit"}
[client] {"a":2,"dup":false,"ev":"game","ms":54093,"predicted":false,"t":5,"tick":3092,"type":"hit"}
[client] {"a":2,"dup":false,"ev":"game","ms":54093,"predicted":false,"t":9,"tick":3092,"type":"hit"}
[client] {"a":2,"dup":false,"ev":"game","ms":54459,"predicted":false,"t":5,"tick":3114,"type":"hit"}
[client] {"a":2,"dup":false,"ev":"game","ms":54459,"predicted":false,"t":7,"tick":3114,"type":"hit"}
[client] {"a":9,"dup":false,"ev":"game","ms":54680,"predicted":false,"t":2,"tick":3127,"type":"hit"}
[client] {"a":7,"dup":false,"ev":"game","ms":54776,"predicted":false,"t":2,"tick":3133,"type":"hit"}
[client] {"counts":{"blocks_on_me":0,"conf_actions":39,"confirmed_hits":157,"dup_confirmed":0,"hits_on_me":15,"pred_actions":41,"predicted_confirmed":25,"predicted_hits":49,"reconnects":0},"ev":"stats","hp":0.0,"in_bytes":755352,"late":0,"local_entity":1,"match":{"countdown_until":300,"ctrl":-1,"final":false,"next":"A","phase":3,"rot":752,"scores":[8,0],"sd":false,"state":3,"tick":2848,"zone":"B"},"max_err":1.218,"mean_err":0.0277,"ms":54948,"out_bytes":154268,"pending":4,"pos":[-2.47,-2.78],"reconciles":1047,"server_tick":3148,"snaps":1048,"teleports":1}
[client] {"a":5,"dup":false,"ev":"game","ms":54949,"predicted":false,"t":2,"tick":3143,"type":"hit"}
[client] {"a":2,"dup":false,"ev":"game","ms":55376,"predicted":false,"t":7,"tick":3169,"type":"hit"}
[client] {"a":9,"dup":false,"ev":"game","ms":55811,"predicted":false,"t":2,"tick":3195,"type":"hit"}
[client] {"a":3,"dup":false,"ev":"game","ms":56211,"predicted":false,"t":9,"tick":3219,"type":"hit"}
[client] {"a":9,"dup":false,"ev":"game","ms":56211,"predicted":false,"t":-1,"tick":3219,"type":"ko"}
[client] {"a":3,"dup":false,"ev":"game","ms":56550,"predicted":false,"t":5,"tick":3239,"type":"hit"}
[client] {"a":3,"dup":false,"ev":"game","ms":56860,"predicted":false,"t":5,"tick":3258,"type":"hit"}
[client] {"a":7,"dup":false,"ev":"game","ms":57115,"predicted":false,"t":3,"tick":3273,"type":"hit"}
[client] {"a":6,"dup":false,"ev":"game","ms":57212,"predicted":false,"t":-1,"tick":3279,"type":"respawn"}
[client] {"a":7,"dup":false,"ev":"game","ms":57433,"predicted":false,"t":0,"tick":3292,"type":"hit"}
[client] {"a":7,"dup":false,"ev":"game","ms":57433,"predicted":false,"t":3,"tick":3292,"type":"hit"}
[client] {"a":5,"dup":false,"ev":"game","ms":57667,"predicted":false,"t":3,"tick":3306,"type":"hit"}
[client] {"a":5,"dup":false,"ev":"game","ms":57716,"predicted":false,"t":0,"tick":3309,"type":"hit"}
[client] {"a":7,"dup":false,"ev":"game","ms":58495,"predicted":false,"t":2,"tick":3356,"type":"hit"}
[client] {"a":2,"dup":false,"ev":"game","ms":58495,"predicted":false,"t":-1,"tick":3356,"type":"ko"}
[client] {"a":7,"dup":false,"ev":"game","ms":59199,"predicted":false,"t":4,"tick":3398,"type":"hit"}
[client] {"a":7,"dup":false,"ev":"game","ms":59213,"predicted":false,"t":0,"tick":3399,"type":"hit"}
[client] {"a":7,"dup":false,"ev":"game","ms":59234,"predicted":false,"t":3,"tick":3400,"type":"hit"}
[client] {"a":5,"dup":false,"ev":"game","ms":59634,"predicted":false,"t":4,"tick":3424,"type":"hit"}
[client] {"a":5,"dup":false,"ev":"game","ms":59647,"predicted":false,"t":3,"tick":3425,"type":"hit"}
[client] {"counts":{"blocks_on_me":0,"conf_actions":39,"confirmed_hits":174,"dup_confirmed":0,"hits_on_me":15,"pred_actions":41,"predicted_confirmed":25,"predicted_hits":49,"reconnects":0},"ev":"stats","hp":0.0,"in_bytes":817654,"late":0,"local_entity":1,"match":{"countdown_until":300,"ctrl":-1,"final":false,"next":"A","phase":3,"rot":452,"scores":[8,0],"sd":false,"state":3,"tick":3148,"zone":"B"},"max_err":1.218,"mean_err":0.0253,"ms":59950,"out_bytes":168968,"pending":4,"pos":[-2.47,-2.78],"reconciles":1147,"server_tick":3448,"snaps":1148,"teleports":1}
[client] {"a":8,"dup":false,"ev":"game","ms":60379,"predicted":false,"t":-1,"tick":3469,"type":"respawn"}
[client] {"a":5,"dup":false,"ev":"game","ms":60531,"predicted":false,"t":0,"tick":3478,"type":"hit"}
[client] {"a":0,"dup":false,"ev":"game","ms":60531,"predicted":false,"t":-1,"tick":3478,"type":"ko"}
[client] {"a":5,"dup":false,"ev":"game","ms":60565,"predicted":false,"t":4,"tick":3480,"type":"hit"}
[client] {"a":3,"dup":false,"ev":"game","ms":60835,"predicted":false,"t":5,"tick":3496,"type":"hit"}
[client] {"a":7,"dup":false,"ev":"game","ms":61497,"predicted":false,"t":3,"tick":3536,"type":"hit"}
[client] {"a":7,"dup":false,"ev":"game","ms":61532,"predicted":false,"t":4,"tick":3538,"type":"hit"}
[client] {"a":1,"dup":false,"ev":"game","ms":62153,"predicted":false,"t":-1,"tick":3580,"type":"respawn"}
[client] {"a":3,"dup":false,"ev":"game","ms":62436,"predicted":false,"t":7,"tick":3592,"type":"hit"}
[client] {"a":4,"dup":false,"ev":"game","ms":62470,"predicted":false,"t":7,"tick":3594,"type":"hit"}
[client] {"a":3,"dup":false,"ev":"game","ms":62781,"predicted":false,"t":7,"tick":3613,"type":"hit"}
[client] {"a":7,"dup":false,"ev":"game","ms":62781,"predicted":false,"t":-1,"tick":3613,"type":"ko"}
[client] {"a":3,"dup":false,"ev":"game","ms":63119,"predicted":false,"t":5,"tick":3633,"type":"hit"}
[client] {"a":5,"dup":false,"ev":"game","ms":63518,"predicted":false,"t":3,"tick":3657,"type":"hit"}
[client] {"a":5,"dup":false,"ev":"game","ms":63836,"predicted":false,"t":3,"tick":3676,"type":"hit"}
[client] {"a":4,"dup":false,"ev":"game","ms":63850,"predicted":false,"t":5,"tick":3677,"type":"hit"}
[client] {"a":5,"dup":false,"ev":"game","ms":64271,"predicted":false,"t":4,"tick":3702,"type":"hit"}
[client] {"a":3,"dup":false,"ev":"game","ms":64588,"predicted":false,"t":5,"tick":3721,"type":"hit"}
[client] {"a":5,"dup":false,"ev":"game","ms":64589,"predicted":false,"t":-1,"tick":3721,"type":"ko"}
[client] {"counts":{"blocks_on_me":0,"conf_actions":39,"confirmed_hits":188,"dup_confirmed":0,"hits_on_me":15,"pred_actions":41,"predicted_confirmed":25,"predicted_hits":49,"reconnects":0},"ev":"stats","hp":220.0,"in_bytes":881312,"late":0,"local_entity":1,"match":{"countdown_until":300,"ctrl":-1,"final":false,"next":"A","phase":3,"rot":152,"scores":[8,0],"sd":false,"state":3,"tick":3448,"zone":"B"},"max_err":1.218,"mean_err":0.0233,"ms":64953,"out_bytes":183668,"pending":4,"pos":[-1.91,-29.17],"reconciles":1246,"server_tick":3748,"snaps":1248,"teleports":2}
[client] {"a":6,"dup":false,"ev":"game","ms":65251,"predicted":false,"t":3,"tick":3761,"type":"hit"}
[client] {"a":3,"dup":false,"ev":"game","ms":65251,"predicted":false,"t":-1,"tick":3761,"type":"ko"}
[client] {"a":4,"dup":false,"ev":"game","ms":65837,"predicted":false,"t":6,"tick":3796,"type":"hit"}
[client] {"a":9,"dup":false,"ev":"game","ms":66210,"predicted":false,"t":-1,"tick":3819,"type":"respawn"}
[client] {"a":4,"dup":false,"ev":"game","ms":66913,"predicted":false,"t":6,"tick":3861,"type":"hit"}
[client] {"a":4,"dup":false,"ev":"game","ms":67244,"predicted":false,"t":6,"tick":3881,"type":"hit"}
[client] {"a":-1,"dup":false,"ev":"game","ms":67548,"predicted":false,"t":-1,"tick":3899,"type":"zone_rotated"}
[client] {"a":4,"dup":false,"ev":"game","ms":67596,"predicted":false,"t":6,"tick":3902,"type":"hit"}
[client] {"a":6,"dup":false,"ev":"game","ms":68293,"predicted":false,"t":4,"tick":3944,"type":"hit"}
[client] {"a":2,"dup":false,"ev":"game","ms":68493,"predicted":false,"t":-1,"tick":3956,"type":"respawn"}
[client] {"a":6,"dup":false,"ev":"game","ms":68583,"predicted":false,"t":4,"tick":3961,"type":"hit"}
[client] {"a":4,"dup":false,"ev":"game","ms":69011,"predicted":false,"t":6,"tick":3987,"type":"hit"}
[client] {"a":4,"dup":false,"ev":"game","ms":69646,"predicted":false,"t":6,"tick":4025,"type":"hit"}
[client] {"counts":{"blocks_on_me":0,"conf_actions":39,"confirmed_hits":197,"dup_confirmed":0,"hits_on_me":15,"pred_actions":41,"predicted_confirmed":25,"predicted_hits":49,"reconnects":0},"ev":"stats","hp":220.0,"in_bytes":937426,"late":0,"local_entity":1,"match":{"countdown_until":300,"ctrl":-1,"final":false,"next":"","phase":3,"rot":3452,"scores":[8,0],"sd":false,"state":1,"tick":3748,"zone":"A"},"max_err":1.218,"mean_err":0.0216,"ms":69949,"out_bytes":198368,"pending":4,"pos":[-15.6,-10.55],"reconciles":1346,"server_tick":4048,"snaps":1348,"teleports":2}
[client] {"a":0,"dup":false,"ev":"game","ms":70530,"predicted":false,"t":-1,"tick":4078,"type":"respawn"}
[client] {"a":7,"dup":false,"ev":"game","ms":72778,"predicted":false,"t":-1,"tick":4213,"type":"respawn"}
[client] {"a":5,"dup":false,"ev":"game","ms":74579,"predicted":false,"t":-1,"tick":4321,"type":"respawn"}
[client] {"counts":{"blocks_on_me":0,"conf_actions":40,"confirmed_hits":197,"dup_confirmed":0,"hits_on_me":15,"pred_actions":42,"predicted_confirmed":25,"predicted_hits":49,"reconnects":0},"ev":"stats","hp":220.0,"in_bytes":994412,"late":0,"local_entity":1,"match":{"countdown_until":300,"ctrl":-1,"final":false,"next":"","phase":3,"rot":3152,"scores":[8,0],"sd":false,"state":3,"tick":4048,"zone":"A"},"max_err":1.218,"mean_err":0.0201,"ms":74944,"out_bytes":213068,"pending":4,"pos":[-41.77,-0.13],"reconciles":1446,"server_tick":4348,"snaps":1448,"teleports":2}
[client] {"a":8,"dup":false,"ev":"game","ms":75041,"predicted":false,"t":1,"tick":4349,"type":"hit"}
[client] {"a":3,"dup":false,"ev":"game","ms":75242,"predicted":false,"t":-1,"tick":4361,"type":"respawn"}
[client] {"a":8,"dup":false,"ev":"game","ms":75394,"predicted":false,"t":1,"tick":4370,"type":"hit"}
[client] {"a":8,"dup":false,"ev":"game","ms":76049,"predicted":false,"t":1,"tick":4409,"type":"hit"}
[client] {"a":1,"dup":true,"ev":"game","ms":76933,"predicted":false,"t":8,"tick":4467,"type":"hit"}
[client] {"a":1,"dup":true,"ev":"game","ms":76933,"predicted":false,"t":9,"tick":4467,"type":"hit"}
[client] {"a":9,"dup":false,"ev":"game","ms":77602,"predicted":false,"t":4,"tick":4503,"type":"hit"}
[client] {"a":4,"dup":false,"ev":"game","ms":77602,"predicted":false,"t":-1,"tick":4503,"type":"ko"}
[client] {"a":1,"dup":true,"ev":"game","ms":77801,"predicted":false,"t":6,"tick":4520,"type":"hit"}
[client] {"a":1,"dup":true,"ev":"game","ms":78153,"predicted":false,"t":6,"tick":4540,"type":"hit"}
[client] {"a":8,"dup":false,"ev":"game","ms":78416,"predicted":false,"t":1,"tick":4552,"type":"hit"}
[client] {"a":6,"dup":false,"ev":"game","ms":78671,"predicted":false,"t":1,"tick":4566,"type":"hit"}
[client] {"a":1,"dup":true,"ev":"game","ms":79285,"predicted":false,"t":6,"tick":4609,"type":"hit"}
[client] {"a":8,"dup":false,"ev":"game","ms":79609,"predicted":false,"t":2,"tick":4623,"type":"hit"}
[client] {"a":9,"dup":false,"ev":"game","ms":79631,"predicted":false,"t":2,"tick":4624,"type":"hit"}
[client] {"a":1,"dup":true,"ev":"game","ms":79631,"predicted":false,"t":6,"tick":4629,"type":"hit"}
[client] {"counts":{"blocks_on_me":0,"conf_actions":48,"confirmed_hits":211,"dup_confirmed":0,"hits_on_me":20,"pred_actions":51,"predicted_confirmed":31,"predicted_hits":57,"reconnects":0},"ev":"stats","hp":110.0,"in_bytes":1064692,"late":0,"local_entity":1,"match":{"countdown_until":300,"ctrl":-1,"final":false,"next":"","phase":3,"rot":2852,"scores":[8,0],"sd":false,"state":3,"tick":4348,"zone":"A"},"max_err":1.22,"mean_err":0.0208,"ms":79947,"out_bytes":227768,"pending":4,"pos":[-42.95,-0.22],"reconciles":1546,"server_tick":4648,"snaps":1548,"teleports":2}
[client] {"a":8,"dup":false,"ev":"game","ms":79962,"predicted":false,"t":2,"tick":4644,"type":"parry"}
[client] {"a":9,"dup":false,"ev":"game","ms":80328,"predicted":false,"t":2,"tick":4666,"type":"hit"}
[client] {"a":6,"dup":false,"ev":"game","ms":80465,"predicted":false,"t":1,"tick":4674,"type":"hit"}
[client] {"a":8,"dup":false,"ev":"game","ms":81113,"predicted":false,"t":1,"tick":4713,"type":"hit"}
[client] {"a":9,"dup":false,"ev":"game","ms":81914,"predicted":false,"t":0,"tick":4761,"type":"hit"}
[client] {"a":2,"dup":false,"ev":"game","ms":82066,"predicted":false,"t":9,"tick":4770,"type":"hit"}
[client] {"a":0,"dup":false,"ev":"game","ms":82266,"predicted":false,"t":9,"tick":4782,"type":"hit"}
[client] {"a":8,"dup":false,"ev":"game","ms":82432,"predicted":false,"t":1,"tick":4792,"type":"hit"}
[client] {"a":2,"dup":false,"ev":"game","ms":82999,"predicted":false,"t":9,"tick":4826,"type":"hit"}
[client] {"a":1,"dup":true,"ev":"game","ms":83481,"predicted":false,"t":8,"tick":4860,"type":"hit"}
[client] {"a":6,"dup":false,"ev":"game","ms":83632,"predicted":false,"t":1,"tick":4864,"type":"hit"}
[client] {"a":9,"dup":false,"ev":"game","ms":83681,"predicted":false,"t":0,"tick":4867,"type":"hit"}
[client] {"a":9,"dup":false,"ev":"game","ms":83998,"predicted":false,"t":0,"tick":4886,"type":"hit"}
[client] {"a":7,"dup":false,"ev":"game","ms":84046,"predicted":false,"t":1,"tick":4889,"type":"hit"}
[client] {"a":8,"dup":false,"ev":"game","ms":84267,"predicted":false,"t":2,"tick":4902,"type":"hit"}
[client] {"a":1,"dup":true,"ev":"game","ms":84316,"predicted":false,"t":7,"tick":4910,"type":"hit"}
[client] {"a":9,"dup":false,"ev":"game","ms":84384,"predicted":false,"t":2,"tick":4909,"type":"hit"}
[client] {"a":0,"dup":false,"ev":"game","ms":84716,"predicted":false,"t":8,"tick":4929,"type":"hit"}
[client] {"a":0,"dup":false,"ev":"game","ms":84730,"predicted":false,"t":9,"tick":4930,"type":"hit"}
[client] {"a":1,"dup":true,"ev":"game","ms":84785,"predicted":false,"t":7,"tick":4938,"type":"hit"}
[client] {"counts":{"blocks_on_me":0,"conf_actions":57,"confirmed_hits":230,"dup_confirmed":0,"hits_on_me":25,"pred_actions":61,"predicted_confirmed":34,"predicted_hits":63,"reconnects":0},"ev":"stats","hp":20.0,"in_bytes":1140150,"late":0,"local_entity":1,"match":{"countdown_until":300,"ctrl":-1,"final":false,"next":"","phase":3,"rot":2552,"scores":[8,0],"sd":false,"state":3,"tick":4648,"zone":"A"},"max_err":1.22,"mean_err":0.0213,"ms":84949,"out_bytes":242468,"pending":4,"pos":[-40.51,1.07],"reconciles":1646,"server_tick":4948,"snaps":1648,"teleports":2}
[client] {"a":1,"dup":true,"ev":"game","ms":85115,"predicted":false,"t":7,"tick":4958,"type":"hit"}
[client] {"a":9,"dup":false,"ev":"game","ms":85833,"predicted":false,"t":0,"tick":4996,"type":"hit"}
[client] {"a":8,"dup":false,"ev":"game","ms":85868,"predicted":false,"t":2,"tick":4998,"type":"hit"}
[client] {"a":7,"dup":false,"ev":"game","ms":86082,"predicted":false,"t":1,"tick":5011,"type":"hit"}
[client] {"a":2,"dup":false,"ev":"game","ms":86434,"predicted":false,"t":5,"tick":5032,"type":"hit"}
[client] {"a":1,"dup":false,"ev":"game","ms":86518,"predicted":false,"t":-1,"tick":5042,"type":"ko"}
[client] {"a":7,"dup":false,"ev":"game","ms":86599,"predicted":false,"t":1,"tick":5042,"type":"hit"}
[client] {"a":2,"dup":false,"ev":"game","ms":86930,"predicted":false,"t":5,"tick":5062,"type":"hit"}
[client] {"a":9,"dup":false,"ev":"game","ms":86999,"predicted":false,"t":0,"tick":5066,"type":"hit"}
[client] {"a":9,"dup":false,"ev":"game","ms":87021,"predicted":false,"t":3,"tick":5067,"type":"hit"}
[client] {"a":6,"dup":false,"ev":"game","ms":87199,"predicted":false,"t":2,"tick":5078,"type":"hit"}
[client] {"a":3,"dup":false,"ev":"game","ms":87386,"predicted":false,"t":9,"tick":5089,"type":"hit"}
[client] {"a":4,"dup":false,"ev":"game","ms":87620,"predicted":false,"t":-1,"tick":5103,"type":"respawn"}
[client] {"a":3,"dup":false,"ev":"game","ms":87731,"predicted":false,"t":9,"tick":5110,"type":"hit"}
[client] {"a":3,"dup":false,"ev":"game","ms":88151,"predicted":false,"t":9,"tick":5135,"type":"hit"}
[client] {"a":5,"dup":false,"ev":"game","ms":88448,"predicted":false,"t":2,"tick":5153,"type":"hit"}
[client] {"a":8,"dup":false,"ev":"game","ms":88552,"predicted":false,"t":3,"tick":5159,"type":"hit"}
[client] {"a":6,"dup":false,"ev":"game","ms":88669,"predicted":false,"t":3,"tick":5166,"type":"hit"}
[client] {"a":6,"dup":false,"ev":"game","ms":89077,"predicted":false,"t":3,"tick":5191,"type":"hit"}
[client] {"a":9,"dup":false,"ev":"game","ms":89077,"predicted":false,"t":0,"tick":5191,"type":"hit"}
[client] {"a":8,"dup":false,"ev":"game","ms":89311,"predicted":false,"t":3,"tick":5205,"type":"hit"}
[client] {"a":0,"dup":false,"ev":"game","ms":89429,"predicted":false,"t":9,"tick":5212,"type":"hit"}
[client] {"a":8,"dup":false,"ev":"game","ms":89897,"predicted":false,"t":0,"tick":5240,"type":"hit"}
[client] {"counts":{"blocks_on_me":0,"conf_actions":60,"confirmed_hits":251,"dup_confirmed":0,"hits_on_me":27,"pred_actions":63,"predicted_confirmed":35,"predicted_hits":67,"reconnects":0},"ev":"stats","hp":0.0,"in_bytes":1212699,"late":0,"local_entity":1,"match":{"countdown_until":300,"ctrl":-1,"final":false,"next":"","phase":3,"rot":2252,"scores":[8,0],"sd":false,"state":3,"tick":4948,"zone":"A"},"max_err":1.22,"mean_err":0.0227,"ms":89945,"out_bytes":257168,"pending":4,"pos":[-38.11,3.25],"reconciles":1746,"server_tick":5248,"snaps":1748,"teleports":2}
[client] {"a":9,"dup":false,"ev":"game","ms":90077,"predicted":false,"t":0,"tick":5251,"type":"hit"}
[client] {"a":8,"dup":false,"ev":"game","ms":90159,"predicted":false,"t":0,"tick":5256,"type":"hit"}
[client] {"a":2,"dup":false,"ev":"game","ms":90498,"predicted":false,"t":5,"tick":5276,"type":"hit"}
[client] {"a":3,"dup":false,"ev":"game","ms":90581,"predicted":false,"t":9,"tick":5281,"type":"hit"}
[client] {"a":9,"dup":false,"ev":"game","ms":90581,"predicted":false,"t":-1,"tick":5281,"type":"ko"}
[client] {"a":8,"dup":false,"ev":"game","ms":90712,"predicted":false,"t":3,"tick":5289,"type":"hit"}
[client] {"a":5,"dup":false,"ev":"game","ms":90863,"predicted":false,"t":2,"tick":5298,"type":"hit"}
[client] {"a":3,"dup":false,"ev":"game","ms":91132,"predicted":false,"t":8,"tick":5314,"type":"hit"}
[client] {"a":2,"dup":false,"ev":"game","ms":91181,"predicted":false,"t":5,"tick":5317,"type":"hit"}
[client] {"a":2,"dup":false,"ev":"game","ms":91498,"predicted":false,"t":5,"tick":5336,"type":"hit"}
[client] {"a":2,"dup":false,"ev":"game","ms":92015,"predicted":false,"t":5,"tick":5367,"type":"hit"}
[client] {"a":0,"dup":false,"ev":"game","ms":92643,"predicted":false,"t":6,"tick":5405,"type":"hit"}
[client] {"a":6,"dup":false,"ev":"game","ms":92643,"predicted":false,"t":-1,"tick":5405,"type":"ko"}
[client] {"a":5,"dup":false,"ev":"game","ms":92747,"predicted":false,"t":2,"tick":5411,"type":"hit"}
[client] {"a":5,"dup":false,"ev":"game","ms":93080,"predicted":false,"t":2,"tick":5431,"type":"hit"}
[client] {"a":5,"dup":false,"ev":"game","ms":93464,"predicted":false,"t":2,"tick":5454,"type":"hit"}
[client] {"a":2,"dup":false,"ev":"game","ms":93464,"predicted":false,"t":-1,"tick":5454,"type":"ko"}
[client] {"a":0,"dup":false,"ev":"game","ms":93534,"predicted":false,"t":7,"tick":5458,"type":"hit"}
[client] {"a":3,"dup":false,"ev":"game","ms":93865,"predicted":false,"t":8,"tick":5478,"type":"hit"}
[client] {"a":8,"dup":false,"ev":"game","ms":94265,"predicted":false,"t":3,"tick":5502,"type":"hit"}
[client] {"a":0,"dup":false,"ev":"game","ms":94417,"predicted":false,"t":7,"tick":5511,"type":"hit"}
[client] {"a":3,"dup":false,"ev":"game","ms":94734,"predicted":false,"t":8,"tick":5530,"type":"hit"}
[client] {"counts":{"blocks_on_me":0,"conf_actions":60,"confirmed_hits":270,"dup_confirmed":0,"hits_on_me":27,"pred_actions":63,"predicted_confirmed":35,"predicted_hits":67,"reconnects":0},"ev":"stats","hp":0.0,"in_bytes":1281549,"late":0,"local_entity":1,"match":{"countdown_until":300,"ctrl":-1,"final":false,"next":"","phase":3,"rot":1952,"scores":[8,0],"sd":false,"state":3,"tick":5248,"zone":"A"},"max_err":1.22,"mean_err":0.0214,"ms":94947,"out_bytes":271868,"pending":4,"pos":[-38.11,3.25],"reconciles":1846,"server_tick":5548,"snaps":1848,"teleports":2}
[client] {"a":3,"dup":false,"ev":"game","ms":95134,"predicted":false,"t":8,"tick":5554,"type":"hit"}
[client] {"a":5,"dup":false,"ev":"game","ms":95396,"predicted":false,"t":0,"tick":5570,"type":"hit"}
[client] {"a":3,"dup":false,"ev":"game","ms":95466,"predicted":false,"t":8,"tick":5574,"type":"hit"}
[client] {"a":0,"dup":false,"ev":"game","ms":95983,"predicted":false,"t":5,"tick":5605,"type":"hit"}
[client] {"a":8,"dup":false,"ev":"game","ms":96135,"predicted":false,"t":3,"tick":5614,"type":"hit"}
[client] {"a":8,"dup":false,"ev":"game","ms":96466,"predicted":false,"t":3,"tick":5634,"type":"hit"}
[client] {"a":1,"dup":false,"ev":"game","ms":96500,"predicted":false,"t":-1,"tick":5642,"type":"respawn"}
[client] {"a":8,"dup":false,"ev":"game","ms":96832,"predicted":false,"t":3,"tick":5657,"type":"hit"}
[client] {"a":3,"dup":false,"ev":"game","ms":97315,"predicted":false,"t":8,"tick":5685,"type":"hit"}
[client] {"a":0,"dup":false,"ev":"game","ms":97418,"predicted":false,"t":5,"tick":5691,"type":"hit"}
[client] {"a":0,"dup":false,"ev":"game","ms":97453,"predicted":false,"t":7,"tick":5693,"type":"hit"}
[client] {"a":3,"dup":false,"ev":"game","ms":97653,"predicted":false,"t":8,"tick":5705,"type":"hit"}
[client] {"a":5,"dup":false,"ev":"game","ms":97784,"predicted":false,"t":0,"tick":5713,"type":"hit"}
[client] {"a":0,"dup":false,"ev":"game","ms":97784,"predicted":false,"t":-1,"tick":5713,"type":"ko"}
[client] {"a":4,"dup":false,"ev":"game","ms":97853,"predicted":false,"t":5,"tick":5717,"type":"hit"}
[client] {"a":8,"dup":false,"ev":"game","ms":98267,"predicted":false,"t":3,"tick":5742,"type":"hit"}
[client] {"a":5,"dup":false,"ev":"game","ms":98364,"predicted":false,"t":4,"tick":5748,"type":"hit"}
[client] {"a":3,"dup":false,"ev":"game","ms":98633,"predicted":false,"t":8,"tick":5764,"type":"block"}
[client] {"a":5,"dup":false,"ev":"game","ms":98819,"predicted":false,"t":4,"tick":5775,"type":"hit"}
[client] {"a":3,"dup":false,"ev":"game","ms":98964,"predicted":false,"t":8,"tick":5784,"type":"hit"}
[client] {"a":8,"dup":false,"ev":"game","ms":98964,"predicted":false,"t":-1,"tick":5784,"type":"ko"}
[client] {"a":4,"dup":false,"ev":"game","ms":99254,"predicted":false,"t":5,"tick":5801,"type":"block"}
[client] {"a":4,"dup":false,"ev":"game","ms":99468,"predicted":false,"t":5,"tick":5814,"type":"block"}
[client] {"counts":{"blocks_on_me":0,"conf_actions":60,"confirmed_hits":287,"dup_confirmed":0,"hits_on_me":27,"pred_actions":63,"predicted_confirmed":35,"predicted_hits":67,"reconnects":0},"ev":"stats","hp":220.0,"in_bytes":1344102,"late":0,"local_entity":1,"match":{"countdown_until":300,"ctrl":-1,"final":false,"next":"","phase":3,"rot":1652,"scores":[8,0],"sd":false,"state":3,"tick":5548,"zone":"A"},"max_err":1.22,"mean_err":0.0203,"ms":99950,"out_bytes":286568,"pending":4,"pos":[-0.42,-25.32],"reconciles":1945,"server_tick":5848,"snaps":1948,"teleports":3}
[client] {"a":4,"dup":false,"ev":"game","ms":100116,"predicted":false,"t":5,"tick":5853,"type":"block"}
[client] {"a":9,"dup":false,"ev":"game","ms":100585,"predicted":false,"t":-1,"tick":5881,"type":"respawn"}
[client] {"a":4,"dup":false,"ev":"game","ms":100820,"predicted":false,"t":5,"tick":5895,"type":"hit"}
[client] {"a":3,"dup":false,"ev":"game","ms":100938,"predicted":false,"t":5,"tick":5902,"type":"hit"}
[client] {"a":5,"dup":false,"ev":"game","ms":101351,"predicted":false,"t":3,"tick":5927,"type":"hit"}
[client] {"a":7,"dup":false,"ev":"game","ms":101455,"predicted":false,"t":3,"tick":5933,"type":"hit"}
[client] {"a":4,"dup":false,"ev":"game","ms":101482,"predicted":false,"t":5,"tick":5935,"type":"hit"}
[client] {"a":5,"dup":false,"ev":"game","ms":101903,"predicted":false,"t":4,"tick":5960,"type":"hit"}
[client] {"a":3,"dup":false,"ev":"game","ms":102386,"predicted":false,"t":7,"tick":5989,"type":"hit"}
[client] {"a":5,"dup":false,"ev":"game","ms":102386,"predicted":false,"t":3,"tick":5989,"type":"hit"}
[client] {"a":3,"dup":false,"ev":"game","ms":102386,"predicted":false,"t":-1,"tick":5989,"type":"ko"}
[client] {"a":4,"dup":false,"ev":"game","ms":102635,"predicted":false,"t":5,"tick":6004,"type":"hit"}
[client] {"a":6,"dup":false,"ev":"game","ms":102655,"predicted":false,"t":-1,"tick":6005,"type":"respawn"}
[client] {"a":7,"dup":false,"ev":"game","ms":103028,"predicted":false,"t":4,"tick":6028,"type":"hit"}
[client] {"a":2,"dup":false,"ev":"game","ms":103463,"predicted":false,"t":-1,"tick":6054,"type":"respawn"}
[client] {"a":4,"dup":false,"ev":"game","ms":103566,"predicted":false,"t":7,"tick":6060,"type":"hit"}
[client] {"a":4,"dup":false,"ev":"game","ms":103897,"predicted":false,"t":5,"tick":6080,"type":"hit"}
[client] {"a":4,"dup":false,"ev":"game","ms":104511,"predicted":false,"t":5,"tick":6117,"type":"hit"}
[client] {"a":5,"dup":false,"ev":"game","ms":104511,"predicted":false,"t":-1,"tick":6117,"type":"ko"}
[client] {"a":7,"dup":false,"ev":"game","ms":104629,"predicted":false,"t":4,"tick":6124,"type":"hit"}
[client] {"counts":{"blocks_on_me":0,"conf_actions":60,"confirmed_hits":301,"dup_confirmed":0,"hits_on_me":27,"pred_actions":63,"predicted_confirmed":35,"predicted_hits":67,"reconnects":0},"ev":"stats","hp":220.0,"in_bytes":1405119,"late":0,"local_entity":1,"match":{"countdown_until":300,"ctrl":-1,"final":false,"next":"","phase":3,"rot":1352,"scores":[8,0],"sd":false,"state":3,"tick":5848,"zone":"A"},"max_err":1.22,"mean_err":0.0193,"ms":104945,"out_bytes":301268,"pending":4,"pos":[-27.2,-8.76],"reconciles":2045,"server_tick":6148,"snaps":2048,"teleports":3}
[client] {"a":4,"dup":false,"ev":"game","ms":105015,"predicted":false,"t":7,"tick":6147,"type":"parry"}
[client] {"a":7,"dup":false,"ev":"game","ms":105533,"predicted":false,"t":4,"tick":6178,"type":"hit"}
[client] {"a":7,"dup":false,"ev":"game","ms":105850,"predicted":false,"t":4,"tick":6197,"type":"hit"}
[client] {"a":7,"dup":false,"ev":"game","ms":106230,"predicted":false,"t":4,"tick":6220,"type":"hit"}
[client] {"a":7,"dup":false,"ev":"game","ms":107216,"predicted":false,"t":4,"tick":6279,"type":"hit"}
[client] {"a":1,"dup":true,"ev":"game","ms":107616,"predicted":false,"t":7,"tick":6308,"type":"hit"}
[client] {"a":0,"dup":false,"ev":"game","ms":107782,"predicted":false,"t":-1,"tick":6313,"type":"respawn"}
[client] {"a":7,"dup":false,"ev":"game","ms":108079,"predicted":false,"t":1,"tick":6331,"type":"block"}
[client] {"a":7,"dup":false,"ev":"game","ms":108168,"predicted":false,"t":4,"tick":6336,"type":"hit"}
[client] {"a":1,"dup":true,"ev":"game","ms":108382,"predicted":false,"t":7,"tick":6354,"type":"hit"}
[client] {"a":4,"dup":false,"ev":"game","ms":108548,"predicted":false,"t":7,"tick":6359,"type":"hit"}
[client] {"a":7,"dup":false,"ev":"game","ms":108866,"predicted":false,"t":1,"tick":6378,"type":"hit"}
[client] {"a":4,"dup":false,"ev":"game","ms":108914,"predicted":false,"t":7,"tick":6381,"type":"hit"}
[client] {"a":8,"dup":false,"ev":"game","ms":108969,"predicted":false,"t":-1,"tick":6384,"type":"respawn"}
[client] {"a":1,"dup":true,"ev":"game","ms":109135,"predicted":false,"t":7,"tick":6400,"type":"hit"}
[client] {"a":4,"dup":false,"ev":"game","ms":109432,"predicted":false,"t":7,"tick":6412,"type":"hit"}
[client] {"a":7,"dup":false,"ev":"game","ms":109432,"predicted":false,"t":-1,"tick":6412,"type":"ko"}
[client] {"counts":{"blocks_on_me":1,"conf_actions":65,"confirmed_hits":313,"dup_confirmed":0,"hits_on_me":28,"pred_actions":68,"predicted_confirmed":38,"predicted_hits":73,"reconnects":0},"ev":"stats","hp":202.0,"in_bytes":1466874,"late":0,"local_entity":1,"match":{"countdown_until":300,"ctrl":0,"final":false,"next":"","phase":3,"rot":1052,"scores":[8,0],"sd":false,"state":2,"tick":6148,"zone":"A"},"max_err":1.22,"mean_err":0.0188,"ms":109948,"out_bytes":315968,"pending":4,"pos":[-41.29,-1.43],"reconciles":2145,"server_tick":6448,"snaps":2148,"teleports":3}
[client] {"a":1,"dup":true,"ev":"game","ms":111453,"predicted":false,"t":9,"tick":6538,"type":"hit"}
[client] {"a":3,"dup":false,"ev":"game","ms":112371,"predicted":false,"t":-1,"tick":6589,"type":"respawn"}
[client] {"a":4,"dup":false,"ev":"game","ms":112668,"predicted":false,"t":6,"tick":6607,"type":"hit"}
[client] {"a":6,"dup":false,"ev":"game","ms":114454,"predicted":false,"t":4,"tick":6713,"type":"hit"}
[client] {"a":5,"dup":false,"ev":"game","ms":114517,"predicted":false,"t":-1,"tick":6717,"type":"respawn"}
[client] {"a":9,"dup":false,"ev":"game","ms":114572,"predicted":false,"t":4,"tick":6720,"type":"hit"}
[client] {"a":4,"dup":false,"ev":"game","ms":114572,"predicted":false,"t":-1,"tick":6720,"type":"ko"}
[client] {"counts":{"blocks_on_me":1,"conf_actions":70,"confirmed_hits":317,"dup_confirmed":0,"hits_on_me":28,"pred_actions":73,"predicted_confirmed":39,"predicted_hits":74,"reconnects":0},"ev":"stats","hp":202.0,"in_bytes":1530353,"late":0,"local_entity":1,"match":{"countdown_until":300,"ctrl":-1,"final":false,"next":"C","phase":3,"rot":752,"scores":[8,0],"sd":false,"state":3,"tick":6448,"zone":"A"},"max_err":1.22,"mean_err":0.0182,"ms":114943,"out_bytes":330668,"pending":4,"pos":[-42.49,-0.83],"reconciles":2245,"server_tick":6748,"snaps":2248,"teleports":3}
[client] {"a":1,"dup":true,"ev":"game","ms":115096,"predicted":false,"t":9,"tick":6757,"type":"hit"}
[client] {"a":6,"dup":false,"ev":"game","ms":115462,"predicted":false,"t":2,"tick":6774,"type":"hit"}
[client] {"a":1,"dup":true,"ev":"game","ms":115496,"predicted":false,"t":9,"tick":6781,"type":"hit"}
[client] {"a":9,"dup":false,"ev":"game","ms":115932,"predicted":false,"t":1,"tick":6802,"type":"hit"}
[client] {"a":2,"dup":false,"ev":"game","ms":115980,"predicted":false,"t":6,"tick":6805,"type":"hit"}
[client] {"a":2,"dup":false,"ev":"game","ms":116296,"predicted":false,"t":6,"tick":6824,"type":"hit"}
[client] {"a":1,"dup":true,"ev":"game","ms":116483,"predicted":false,"t":9,"tick":6841,"type":"hit"}
[client] {"a":6,"dup":false,"ev":"game","ms":116648,"predicted":false,"t":2,"tick":6845,"type":"hit"}
[client] {"a":6,"dup":false,"ev":"game","ms":116967,"predicted":false,"t":2,"tick":6864,"type":"hit"}
[client] {"a":1,"dup":true,"ev":"game","ms":117249,"predicted":false,"t":6,"tick":6886,"type":"hit"}
[client] {"a":2,"dup":false,"ev":"game","ms":117428,"predicted":false,"t":6,"tick":6892,"type":"hit"}
[client] {"a":1,"dup":true,"ev":"game","ms":117732,"predicted":false,"t":9,"tick":6916,"type":"hit"}
[client] {"a":2,"dup":false,"ev":"game","ms":117767,"predicted":false,"t":6,"tick":6912,"type":"hit"}
[client] {"a":2,"dup":false,"ev":"game","ms":117801,"predicted":false,"t":9,"tick":6914,"type":"hit"}
[client] {"a":9,"dup":false,"ev":"game","ms":118312,"predicted":false,"t":2,"tick":6945,"type":"hit"}
[client] {"a":1,"dup":true,"ev":"game","ms":118450,"predicted":false,"t":9,"tick":6958,"type":"hit"}
[client] {"a":1,"dup":true,"ev":"game","ms":118685,"predicted":false,"t":9,"tick":6972,"type":"hit"}
[client] {"a":2,"dup":false,"ev":"game","ms":118732,"predicted":false,"t":9,"tick":6970,"type":"hit"}
[client] {"a":8,"dup":false,"ev":"game","ms":119050,"predicted":false,"t":1,"tick":6989,"type":"hit"}
[client] {"a":1,"dup":true,"ev":"game","ms":119367,"predicted":false,"t":8,"tick":7013,"type":"hit"}
[client] {"a":8,"dup":false,"ev":"game","ms":119402,"predicted":false,"t":2,"tick":7010,"type":"hit"}
[client] {"a":7,"dup":false,"ev":"game","ms":119429,"predicted":false,"t":-1,"tick":7012,"type":"respawn"}
[client] {"a":9,"dup":false,"ev":"game","ms":119567,"predicted":false,"t":1,"tick":7020,"type":"hit"}
[client] {"counts":{"blocks_on_me":1,"conf_actions":79,"confirmed_hits":339,"dup_confirmed":0,"hits_on_me":31,"pred_actions":82,"predicted_confirmed":47,"predicted_hits":86,"reconnects":0},"ev":"stats","hp":146.0,"in_bytes":1601059,"late":0,"local_entity":1,"match":{"countdown_until":300,"ctrl":-1,"final":false,"next":"C","phase":3,"rot":452,"scores":[8,0],"sd":false,"state":3,"tick":6748,"zone":"A"},"max_err":1.22,"mean_err":0.0182,"ms":119946,"out_bytes":345368,"pending":4,"pos":[-41.36,0.18],"reconciles":2345,"server_tick":7048,"snaps":2348,"teleports":3}
[client] {"a":8,"dup":false,"ev":"game","ms":120430,"predicted":false,"t":0,"tick":7072,"type":"hit"}
[client] {"a":9,"dup":false,"ev":"game","ms":120430,"predicted":false,"t":0,"tick":7072,"type":"hit"}
[client] {"a":8,"dup":false,"ev":"game","ms":120485,"predicted":false,"t":1,"tick":7075,"type":"hit"}
[client] {"a":9,"dup":false,"ev":"game","ms":120830,"predicted":false,"t":0,"tick":7096,"type":"hit"}
[client] {"a":6,"dup":false,"ev":"game","ms":120851,"predicted":false,"t":2,"tick":7097,"type":"hit"}
[client] {"a":1,"dup":true,"ev":"game","ms":120968,"predicted":false,"t":8,"tick":7109,"type":"hit"}
[client] {"a":2,"dup":false,"ev":"game","ms":121216,"predicted":false,"t":6,"tick":7119,"type":"hit"}
[client] {"a":0,"dup":false,"ev":"game","ms":121334,"predicted":false,"t":8,"tick":7126,"type":"hit"}
[client] {"a":0,"dup":false,"ev":"game","ms":121334,"predicted":false,"t":9,"tick":7126,"type":"hit"}
[client] {"a":2,"dup":false,"ev":"game","ms":121534,"predicted":false,"t":6,"tick":7138,"type":"hit"}
[client] {"a":9,"dup":false,"ev":"game","ms":121700,"predicted":false,"t":0,"tick":7148,"type":"hit"}
[client] {"a":8,"dup":false,"ev":"game","ms":121769,"predicted":false,"t":0,"tick":7152,"type":"hit"}
[client] {"a":8,"dup":false,"ev":"game","ms":121803,"predicted":false,"t":1,"tick":7154,"type":"hit"}
[client] {"a":8,"dup":false,"ev":"game","ms":122031,"predicted":false,"t":0,"tick":7168,"type":"hit"}
[client] {"a":1,"dup":true,"ev":"game","ms":122203,"predicted":false,"t":8,"tick":7184,"type":"hit"}
[client] {"a":6,"dup":false,"ev":"game","ms":122265,"predicted":false,"t":2,"tick":7182,"type":"hit"}
[client] {"a":8,"dup":false,"ev":"game","ms":122810,"predicted":false,"t":2,"tick":7215,"type":"hit"}
[client] {"a":1,"dup":true,"ev":"game","ms":122880,"predicted":false,"t":9,"tick":7224,"type":"hit"}
[client] {"a":9,"dup":false,"ev":"game","ms":122907,"predicted":false,"t":2,"tick":7221,"type":"hit"}
[client] {"a":9,"dup":false,"ev":"game","ms":122962,"predicted":false,"t":-1,"tick":7224,"type":"ko"}
[client] {"a":2,"dup":false,"ev":"game","ms":123293,"predicted":false,"t":8,"tick":7244,"type":"hit"}
[client] {"a":0,"dup":false,"ev":"game","ms":123329,"predicted":false,"t":6,"tick":7246,"type":"hit"}
[client] {"a":1,"dup":true,"ev":"game","ms":123493,"predicted":false,"t":8,"tick":7261,"type":"hit"}
[client] {"a":2,"dup":false,"ev":"game","ms":123708,"predicted":false,"t":8,"tick":7269,"type":"hit"}
[client] {"a":8,"dup":false,"ev":"game","ms":124128,"predicted":false,"t":1,"tick":7294,"type":"hit"}
[client] {"a":0,"dup":false,"ev":"game","ms":124377,"predicted":false,"t":6,"tick":7309,"type":"hit"}
[client] {"a":8,"dup":false,"ev":"game","ms":124529,"predicted":false,"t":3,"tick":7318,"type":"hit"}
[client] {"a":4,"dup":false,"ev":"game","ms":124563,"predicted":false,"t":-1,"tick":7320,"type":"respawn"}
[client] {"a":1,"dup":true,"ev":"game","ms":124811,"predicted":false,"t":8,"tick":7340,"type":"hit"}
[client] {"a":0,"dup":false,"ev":"game","ms":124915,"predicted":false,"t":6,"tick":7341,"type":"hit"}
[client] {"a":6,"dup":false,"ev":"game","ms":124915,"predicted":false,"t":-1,"tick":7341,"type":"ko"}
[client] {"counts":{"blocks_on_me":1,"conf_actions":87,"confirmed_hits":367,"dup_confirmed":0,"hits_on_me":34,"pred_actions":92,"predicted_confirmed":52,"predicted_hits":95,"reconnects":0},"ev":"stats","hp":95.0,"in_bytes":1675512,"late":0,"local_entity":1,"match":{"countdown_until":300,"ctrl":-1,"final":false,"next":"C","phase":3,"rot":152,"scores":[8,0],"sd":false,"state":3,"tick":7048,"zone":"A"},"max_err":1.22,"mean_err":0.0182,"ms":124942,"out_bytes":360068,"pending":4,"pos":[-38.75,0.54],"reconciles":2445,"server_tick":7348,"snaps":2448,"teleports":3}
[client] {"a":1,"dup":true,"ev":"game","ms":125916,"predicted":false,"t":5,"tick":7406,"type":"hit"}
[client] {"a":1,"dup":true,"ev":"game","ms":126178,"predicted":false,"t":5,"tick":7423,"type":"hit"}
[client] {"a":-1,"dup":false,"ev":"game","ms":127545,"predicted":false,"t":-1,"tick":7499,"type":"zone_rotated"}
[client] {"a":8,"dup":false,"ev":"game","ms":127661,"predicted":false,"t":3,"tick":7506,"type":"hit"}
[client] {"a":5,"dup":false,"ev":"game","ms":127695,"predicted":false,"t":1,"tick":7508,"type":"hit"}
[client] {"a":5,"dup":false,"ev":"game","ms":127695,"predicted":false,"t":3,"tick":7508,"type":"hit"}
[client] {"a":8,"dup":false,"ev":"game","ms":128379,"predicted":false,"t":2,"tick":7549,"type":"hit"}
[client] {"a":3,"dup":false,"ev":"game","ms":128731,"predicted":false,"t":5,"tick":7570,"type":"hit"}
[client] {"a":2,"dup":false,"ev":"game","ms":128745,"predicted":false,"t":5,"tick":7571,"type":"hit"}
[client] {"a":1,"dup":false,"ev":"game","ms":128766,"predicted":false,"t":5,"tick":7577,"type":"hit"}
[client] {"a":1,"dup":true,"ev":"game","ms":129531,"predicted":false,"t":5,"tick":7623,"type":"hit"}
[client] {"a":1,"dup":true,"ev":"game","ms":129883,"predicted":false,"t":5,"tick":7644,"type":"hit"}
[client] {"counts":{"blocks_on_me":1,"conf_actions":95,"confirmed_hits":378,"dup_confirmed":0,"hits_on_me":35,"pred_actions":100,"predicted_confirmed":56,"predicted_hits":101,"reconnects":0},"ev":"stats","hp":69.0,"in_bytes":1742689,"late":0,"local_entity":1,"match":{"countdown_until":300,"ctrl":-1,"final":false,"next":"","phase":3,"rot":3452,"scores":[8,0],"sd":false,"state":1,"tick":7348,"zone":"C"},"max_err":1.22,"mean_err":0.0189,"ms":129944,"out_bytes":374768,"pending":4,"pos":[-40.98,1.68],"reconciles":2545,"server_tick":7648,"snaps":2548,"teleports":3}
[client] {"a":0,"dup":false,"ev":"game","ms":129980,"predicted":false,"t":5,"tick":7645,"type":"hit"}
[client] {"a":1,"dup":true,"ev":"game","ms":130200,"predicted":false,"t":5,"tick":7663,"type":"hit"}
[client] {"a":2,"dup":false,"ev":"game","ms":130262,"predicted":false,"t":5,"tick":7662,"type":"hit"}
[client] {"a":3,"dup":false,"ev":"game","ms":130318,"predicted":false,"t":5,"tick":7665,"type":"hit"}
[client] {"a":0,"dup":false,"ev":"game","ms":130346,"predicted":false,"t":5,"tick":7667,"type":"hit"}
[client] {"a":0,"dup":false,"ev":"game","ms":130684,"predicted":false,"t":5,"tick":7687,"type":"hit"}
[client] {"a":1,"dup":true,"ev":"game","ms":130849,"predicted":false,"t":5,"tick":7702,"type":"hit"}
[client] {"a":5,"dup":false,"ev":"game","ms":131297,"predicted":false,"t":1,"tick":7724,"type":"hit"}
[client] {"a":1,"dup":true,"ev":"game","ms":131601,"predicted":false,"t":5,"tick":7747,"type":"hit"}
[client] {"a":5,"dup":false,"ev":"game","ms":131684,"predicted":false,"t":-1,"tick":7747,"type":"ko"}
[client] {"a":9,"dup":false,"ev":"game","ms":132967,"predicted":false,"t":-1,"tick":7824,"type":"respawn"}
[client] {"a":6,"dup":false,"ev":"game","ms":134913,"predicted":false,"t":-1,"tick":7941,"type":"respawn"}
[client] {"counts":{"blocks_on_me":1,"conf_actions":99,"confirmed_hits":387,"dup_confirmed":0,"hits_on_me":36,"pred_actions":105,"predicted_confirmed":59,"predicted_hits":106,"reconnects":0},"ev":"stats","hp":51.0,"in_bytes":1803923,"late":0,"local_entity":1,"match":{"countdown_until":300,"ctrl":-1,"final":false,"next":"","phase":3,"rot":3152,"scores":[8,0],"sd":false,"state":1,"tick":7648,"zone":"C"},"max_err":1.22,"mean_err":0.0188,"ms":134940,"out_bytes":389468,"pending":4,"pos":[-21.47,5.11],"reconciles":2645,"server_tick":7948,"snaps":2648,"teleports":3}
[client] {"a":4,"dup":false,"ev":"game","ms":139895,"predicted":false,"t":7,"tick":8240,"type":"hit"}
[client] {"counts":{"blocks_on_me":1,"conf_actions":99,"confirmed_hits":388,"dup_confirmed":0,"hits_on_me":36,"pred_actions":105,"predicted_confirmed":59,"predicted_hits":106,"reconnects":0},"ev":"stats","hp":92.0999999999996,"in_bytes":1858837,"late":0,"local_entity":1,"match":{"countdown_until":300,"ctrl":-1,"final":false,"next":"","phase":3,"rot":2852,"scores":[8,1],"sd":false,"state":3,"tick":7948,"zone":"C"},"max_err":1.22,"mean_err":0.0181,"ms":139949,"out_bytes":404168,"pending":4,"pos":[13.95,-0.72],"reconciles":2745,"server_tick":8247,"snaps":2748,"teleports":3}
[client] {"a":4,"dup":false,"ev":"game","ms":141047,"predicted":false,"t":7,"tick":8309,"type":"hit"}
[client] {"a":7,"dup":false,"ev":"game","ms":141365,"predicted":false,"t":4,"tick":8328,"type":"hit"}
[client] {"a":8,"dup":false,"ev":"game","ms":141579,"predicted":false,"t":4,"tick":8341,"type":"hit"}
[client] {"a":5,"dup":false,"ev":"game","ms":141682,"predicted":false,"t":-1,"tick":8347,"type":"respawn"}
[client] {"a":4,"dup":false,"ev":"game","ms":144048,"predicted":false,"t":8,"tick":8489,"type":"hit"}
[client] {"a":1,"dup":true,"ev":"game","ms":144166,"predicted":false,"t":7,"tick":8501,"type":"hit"}
[client] {"a":9,"dup":false,"ev":"game","ms":144366,"predicted":false,"t":4,"tick":8508,"type":"hit"}
[client] {"a":8,"dup":false,"ev":"game","ms":144662,"predicted":false,"t":1,"tick":8526,"type":"hit"}
[client] {"a":6,"dup":false,"ev":"game","ms":144780,"predicted":false,"t":1,"tick":8533,"type":"hit"}
[client] {"counts":{"blocks_on_me":1,"conf_actions":102,"confirmed_hits":396,"dup_confirmed":0,"hits_on_me":38,"pred_actions":108,"predicted_confirmed":60,"predicted_hits":108,"reconnects":0},"ev":"stats","hp":105.6,"in_bytes":1925735,"late":0,"local_entity":1,"match":{"countdown_until":300,"ctrl":-1,"final":false,"next":"","phase":3,"rot":2552,"scores":[8,1],"sd":false,"state":3,"tick":8248,"zone":"C"},"max_err":1.22,"mean_err":0.0178,"ms":144952,"out_bytes":418868,"pending":4,"pos":[40.86,-1.69],"reconciles":2845,"server_tick":8547,"snaps":2848,"teleports":3}
[client] {"a":8,"dup":false,"ev":"game","ms":145015,"predicted":false,"t":1,"tick":8547,"type":"hit"}
[client] {"a":4,"dup":false,"ev":"game","ms":145049,"predicted":false,"t":9,"tick":8549,"type":"hit"}
[client] {"a":7,"dup":false,"ev":"game","ms":145049,"predicted":false,"t":1,"tick":8549,"type":"hit"}
[client] {"a":6,"dup":false,"ev":"game","ms":145083,"predicted":false,"t":3,"tick":8551,"type":"block"}
[client] {"a":0,"dup":false,"ev":"game","ms":145166,"predicted":false,"t":6,"tick":8556,"type":"hit"}
[client] {"a":0,"dup":false,"ev":"game","ms":145166,"predicted":false,"t":8,"tick":8556,"type":"hit"}
[client] {"a":4,"dup":false,"ev":"game","ms":145401,"predicted":false,"t":9,"tick":8570,"type":"hit"}
[client] {"a":4,"dup":false,"ev":"game","ms":145729,"predicted":false,"t":9,"tick":8590,"type":"hit"}
[client] {"a":7,"dup":false,"ev":"game","ms":145894,"predicted":false,"t":3,"tick":8600,"type":"hit"}
[client] {"a":7,"dup":false,"ev":"game","ms":145915,"predicted":false,"t":0,"tick":8601,"type":"hit"}
[client] {"a":1,"dup":true,"ev":"game","ms":146068,"predicted":false,"t":7,"tick":8615,"type":"hit"}
[client] {"a":8,"dup":false,"ev":"game","ms":146081,"predicted":false,"t":4,"tick":8611,"type":"hit"}
[client] {"a":1,"dup":true,"ev":"game","ms":146378,"predicted":false,"t":7,"tick":8634,"type":"hit"}
[client] {"a":2,"dup":false,"ev":"game","ms":146598,"predicted":false,"t":7,"tick":8642,"type":"hit"}
[client] {"a":3,"dup":false,"ev":"game","ms":146836,"predicted":false,"t":7,"tick":8656,"type":"hit"}
[client] {"a":6,"dup":false,"ev":"game","ms":146846,"predicted":false,"t":1,"tick":8657,"type":"hit"}
[client] {"a":9,"dup":false,"ev":"game","ms":146915,"predicted":false,"t":2,"tick":8661,"type":"hit"}
[client] {"a":9,"dup":false,"ev":"game","ms":146929,"predicted":false,"t":1,"tick":8662,"type":"hit"}
[client] {"a":9,"dup":false,"ev":"game","ms":146929,"predicted":false,"t":3,"tick":8662,"type":"hit"}
[client] {"a":4,"dup":false,"ev":"game","ms":147350,"predicted":false,"t":7,"tick":8687,"type":"hit"}
[client] {"a":6,"dup":false,"ev":"game","ms":147578,"predicted":false,"t":0,"tick":8701,"type":"hit"}
[client] {"a":6,"dup":false,"ev":"game","ms":147637,"predicted":false,"t":2,"tick":8704,"type":"hit"}
[client] {"a":4,"dup":false,"ev":"game","ms":147695,"predicted":false,"t":7,"tick":8708,"type":"hit"}
[client] {"a":1,"dup":true,"ev":"game","ms":147764,"predicted":false,"t":6,"tick":8717,"type":"hit"}
[client] {"a":3,"dup":false,"ev":"game","ms":147778,"predicted":false,"t":6,"tick":8713,"type":"hit"}
[client] {"a":9,"dup":false,"ev":"game","ms":147897,"predicted":false,"t":1,"tick":8720,"type":"hit"}
[client] {"a":4,"dup":false,"ev":"game","ms":147950,"predicted":false,"t":7,"tick":8723,"type":"hit"}
[client] {"a":3,"dup":false,"ev":"game","ms":148067,"predicted":false,"t":6,"tick":8730,"type":"hit"}
[client] {"a":6,"dup":false,"ev":"game","ms":148413,"predicted":false,"t":3,"tick":8751,"type":"hit"}
[client] {"a":2,"dup":false,"ev":"game","ms":148564,"predicted":false,"t":9,"tick":8760,"type":"hit"}
[client] {"a":8,"dup":false,"ev":"game","ms":148564,"predicted":false,"t":3,"tick":8760,"type":"hit"}
[client] {"a":0,"dup":false,"ev":"game","ms":148668,"predicted":false,"t":6,"tick":8766,"type":"hit"}
[client] {"a":6,"dup":false,"ev":"game","ms":149034,"predicted":false,"t":3,"tick":8788,"type":"hit"}
[client] {"a":6,"dup":false,"ev":"game","ms":149082,"predicted":false,"t":0,"tick":8791,"type":"hit"}
[client] {"a":3,"dup":false,"ev":"game","ms":149435,"predicted":false,"t":6,"tick":8812,"type":"hit"}
[client] {"a":8,"dup":false,"ev":"game","ms":149634,"predicted":false,"t":3,"tick":8824,"type":"hit"}
[client] {"a":7,"dup":false,"ev":"game","ms":149682,"predicted":false,"t":3,"tick":8827,"type":"hit"}
[client] {"a":1,"dup":true,"ev":"game","ms":149869,"predicted":false,"t":9,"tick":8843,"type":"hit"}
[client] {"counts":{"blocks_on_me":1,"conf_actions":111,"confirmed_hits":433,"dup_confirmed":0,"hits_on_me":43,"pred_actions":118,"predicted_confirmed":64,"predicted_hits":115,"reconnects":0},"ev":"stats","hp":9.60000000000048,"in_bytes":2005764,"late":0,"local_entity":1,"match":{"countdown_until":300,"ctrl":-1,"final":false,"next":"","phase":3,"rot":2252,"scores":[8,1],"sd":false,"state":3,"tick":8548,"zone":"C"},"max_err":1.22,"mean_err":0.0183,"ms":149950,"out_bytes":433568,"pending":4,"pos":[40.21,-0.99],"reconciles":2945,"server_tick":8848,"snaps":2948,"teleports":3}
[client] {"a":2,"dup":false,"ev":"game","ms":149952,"predicted":false,"t":6,"tick":8843,"type":"hit"}
[client] {"a":0,"dup":false,"ev":"game","ms":150097,"predicted":false,"t":6,"tick":8852,"type":"hit"}
[client] {"a":0,"dup":false,"ev":"game","ms":150152,"predicted":false,"t":8,"tick":8855,"type":"hit"}
[client] {"a":4,"dup":false,"ev":"game","ms":150380,"predicted":false,"t":7,"tick":8869,"type":"hit"}
[client] {"a":1,"dup":true,"ev":"game","ms":150552,"predicted":false,"t":9,"tick":8884,"type":"hit"}
[client] {"a":2,"dup":false,"ev":"game","ms":150648,"predicted":false,"t":6,"tick":8885,"type":"hit"}
[client] {"a":6,"dup":false,"ev":"game","ms":150648,"predicted":false,"t":-1,"tick":8885,"type":"ko"}
[client] {"a":0,"dup":false,"ev":"game","ms":150814,"predicted":false,"t":7,"tick":8895,"type":"hit"}
[client] {"a":1,"dup":true,"ev":"game","ms":150869,"predicted":false,"t":9,"tick":8903,"type":"hit"}
[client] {"a":8,"dup":false,"ev":"game","ms":151048,"predicted":false,"t":4,"tick":8909,"type":"hit"}
[client] {"a":0,"dup":false,"ev":"game","ms":151152,"predicted":false,"t":7,"tick":8915,"type":"hit"}
[client] {"a":7,"dup":false,"ev":"game","ms":151152,"predicted":false,"t":-1,"tick":8915,"type":"ko"}
[client] {"a":1,"dup":true,"ev":"game","ms":151235,"predicted":false,"t":9,"tick":8925,"type":"hit"}
[client] {"a":1,"dup":false,"ev":"game","ms":151780,"predicted":false,"t":8,"tick":8958,"type":"hit"}
[client] {"a":9,"dup":false,"ev":"game","ms":152035,"predicted":false,"t":4,"tick":8968,"type":"hit"}
[client] {"a":1,"dup":true,"ev":"game","ms":152485,"predicted":false,"t":8,"tick":9000,"type":"hit"}
[client] {"a":3,"dup":false,"ev":"game","ms":153100,"predicted":false,"t":9,"tick":9032,"type":"hit"}
[client] {"a":8,"dup":false,"ev":"game","ms":153519,"predicted":false,"t":2,"tick":9057,"type":"hit"}
[client] {"a":0,"dup":false,"ev":"game","ms":154321,"predicted":false,"t":8,"tick":9105,"type":"hit"}
[client] {"a":8,"dup":false,"ev":"game","ms":154321,"predicted":false,"t":-1,"tick":9105,"type":"ko"}
[client] {"a":5,"dup":false,"ev":"game","ms":154369,"predicted":false,"t":3,"tick":9108,"type":"hit"}
[client] {"a":4,"dup":false,"ev":"game","ms":154402,"predicted":false,"t":5,"tick":9110,"type":"hit"}
[client] {"a":2,"dup":false,"ev":"game","ms":154471,"predicted":false,"t":5,"tick":9114,"type":"hit"}
[client] {"a":4,"dup":false,"ev":"game","ms":154719,"predicted":false,"t":5,"tick":9129,"type":"hit"}
[client] {"a":2,"dup":false,"ev":"game","ms":154802,"predicted":false,"t":5,"tick":9134,"type":"hit"}
[client] {"a":0,"dup":false,"ev":"game","ms":154919,"predicted":false,"t":9,"tick":9141,"type":"hit"}
[client] {"a":3,"dup":false,"ev":"game","ms":154933,"predicted":false,"t":5,"tick":9142,"type":"hit"}
[client] {"counts":{"blocks_on_me":1,"conf_actions":118,"confirmed_hits":457,"dup_confirmed":0,"hits_on_me":43,"pred_actions":125,"predicted_confirmed":68,"predicted_hits":121,"reconnects":0},"ev":"stats","hp":9.60000000000048,"in_bytes":2081669,"late":0,"local_entity":1,"match":{"countdown_until":300,"ctrl":-1,"final":false,"next":"","phase":3,"rot":1952,"scores":[8,1],"sd":false,"state":3,"tick":8848,"zone":"C"},"max_err":1.22,"mean_err":0.018,"ms":154953,"out_bytes":448268,"pending":4,"pos":[42.37,1.51],"reconciles":3045,"server_tick":9148,"snaps":3048,"teleports":3}
[client] {"a":3,"dup":false,"ev":"game","ms":155271,"predicted":false,"t":5,"tick":9162,"type":"hit"}
[client] {"a":4,"dup":false,"ev":"game","ms":155368,"predicted":false,"t":5,"tick":9168,"type":"hit"}
[client] {"a":9,"dup":false,"ev":"game","ms":155789,"predicted":false,"t":0,"tick":9193,"type":"hit"}
[client] {"a":9,"dup":false,"ev":"game","ms":156099,"predicted":false,"t":0,"tick":9212,"type":"hit"}
[client] {"a":1,"dup":true,"ev":"game","ms":156189,"predicted":false,"t":9,"tick":9223,"type":"hit"}
[client] {"a":1,"dup":true,"ev":"game","ms":156403,"predicted":false,"t":9,"tick":9236,"type":"hit"}
[client] {"a":0,"dup":false,"ev":"game","ms":156810,"predicted":false,"t":9,"tick":9255,"type":"hit"}
[client] {"a":9,"dup":false,"ev":"game","ms":156810,"predicted":false,"t":-1,"tick":9255,"type":"ko"}
[client] {"a":2,"dup":false,"ev":"game","ms":157010,"predicted":false,"t":5,"tick":9267,"type":"block"}
[client] {"a":3,"dup":false,"ev":"game","ms":157997,"predicted":false,"t":5,"tick":9326,"type":"hit"}
[client] {"a":3,"dup":false,"ev":"game","ms":158328,"predicted":false,"t":5,"tick":9346,"type":"hit"}
[client] {"a":2,"dup":false,"ev":"game","ms":158528,"predicted":false,"t":5,"tick":9358,"type":"hit"}
[client] {"a":3,"dup":false,"ev":"game","ms":158680,"predicted":false,"t":5,"tick":9367,"type":"hit"}
[client] {"a":2,"dup":false,"ev":"game","ms":158928,"predicted":false,"t":5,"tick":9382,"type":"hit"}
[client] {"a":2,"dup":false,"ev":"game","ms":159211,"predicted":false,"t":5,"tick":9399,"type":"hit"}
[client] {"counts":{"blocks_on_me":1,"conf_actions":120,"confirmed_hits":470,"dup_confirmed":0,"hits_on_me":43,"pred_actions":127,"predicted_confirmed":70,"predicted_hits":124,"reconnects":0},"ev":"stats","hp":9.60000000000048,"in_bytes":2140338,"late":0,"local_entity":1,"match":{"countdown_until":300,"ctrl":-1,"final":false,"next":"","phase":3,"rot":1652,"scores":[8,1],"sd":false,"state":3,"tick":9148,"zone":"C"},"max_err":1.22,"mean_err":0.0177,"ms":159948,"out_bytes":462968,"pending":4,"pos":[41.97,-0.31],"reconciles":3145,"server_tick":9448,"snaps":3148,"teleports":3}
[client] {"a":2,"dup":false,"ev":"game","ms":159997,"predicted":false,"t":5,"tick":9446,"type":"hit"}
[client] {"a":5,"dup":false,"ev":"game","ms":160550,"predicted":false,"t":3,"tick":9479,"type":"hit"}
[client] {"a":2,"dup":false,"ev":"game","ms":160632,"predicted":false,"t":5,"tick":9484,"type":"hit"}
[client] {"a":5,"dup":false,"ev":"game","ms":160632,"predicted":false,"t":-1,"tick":9484,"type":"ko"}
[client] {"a":6,"dup":false,"ev":"game","ms":160646,"predicted":false,"t":-1,"tick":9485,"type":"respawn"}
[client] {"a":7,"dup":false,"ev":"game","ms":161150,"predicted":false,"t":-1,"tick":9515,"type":"respawn"}
[client] {"a":8,"dup":false,"ev":"game","ms":164317,"predicted":false,"t":-1,"tick":9705,"type":"respawn"}
[client] {"counts":{"blocks_on_me":1,"conf_actions":120,"confirmed_hits":473,"dup_confirmed":0,"hits_on_me":43,"pred_actions":127,"predicted_confirmed":70,"predicted_hits":124,"reconnects":0},"ev":"stats","hp":49.2000000000004,"in_bytes":2191477,"late":0,"local_entity":1,"match":{"countdown_until":300,"ctrl":0,"final":false,"next":"","phase":3,"rot":1352,"scores":[12,1],"sd":false,"state":2,"tick":9448,"zone":"C"},"max_err":1.22,"mean_err":0.0173,"ms":164951,"out_bytes":477668,"pending":4,"pos":[42.25,-0.54],"reconciles":3245,"server_tick":9748,"snaps":3248,"teleports":3}
[client] {"a":9,"dup":false,"ev":"game","ms":166816,"predicted":false,"t":-1,"tick":9855,"type":"respawn"}
[client] {"counts":{"blocks_on_me":1,"conf_actions":120,"confirmed_hits":473,"dup_confirmed":0,"hits_on_me":43,"pred_actions":127,"predicted_confirmed":70,"predicted_hits":124,"reconnects":0},"ev":"stats","hp":139.2,"in_bytes":2243434,"late":0,"local_entity":1,"match":{"countdown_until":300,"ctrl":-1,"final":false,"next":"","phase":3,"rot":1052,"scores":[17,1],"sd":false,"state":3,"tick":9748,"zone":"C"},"max_err":1.22,"mean_err":0.0168,"ms":169942,"out_bytes":492368,"pending":4,"pos":[42.25,-0.54],"reconciles":3345,"server_tick":10047,"snaps":3348,"teleports":3}
[client] {"a":5,"dup":false,"ev":"game","ms":170627,"predicted":false,"t":-1,"tick":10084,"type":"respawn"}
[client] {"a":6,"dup":false,"ev":"game","ms":171214,"predicted":false,"t":3,"tick":10119,"type":"hit"}
[client] {"a":4,"dup":false,"ev":"game","ms":171380,"predicted":false,"t":6,"tick":10129,"type":"hit"}
[client] {"a":2,"dup":false,"ev":"game","ms":171546,"predicted":false,"t":6,"tick":10139,"type":"hit"}
[client] {"a":7,"dup":false,"ev":"game","ms":172725,"predicted":false,"t":0,"tick":10210,"type":"hit"}
[client] {"a":3,"dup":false,"ev":"game","ms":172760,"predicted":false,"t":6,"tick":10212,"type":"hit"}
[client] {"a":4,"dup":false,"ev":"game","ms":173229,"predicted":false,"t":7,"tick":10240,"type":"hit"}
[client] {"a":3,"dup":false,"ev":"game","ms":173829,"predicted":false,"t":7,"tick":10276,"type":"hit"}
[client] {"a":4,"dup":false,"ev":"game","ms":173926,"predicted":false,"t":6,"tick":10282,"type":"hit"}
[client] {"a":8,"dup":false,"ev":"game","ms":174015,"predicted":false,"t":3,"tick":10287,"type":"hit"}
[client] {"a":4,"dup":false,"ev":"game","ms":174346,"predicted":false,"t":6,"tick":10307,"type":"hit"}
[client] {"a":3,"dup":false,"ev":"game","ms":174415,"predicted":false,"t":6,"tick":10311,"type":"hit"}
[client] {"a":8,"dup":false,"ev":"game","ms":174664,"predicted":false,"t":3,"tick":10326,"type":"block"}
[client] {"counts":{"blocks_on_me":1,"conf_actions":121,"confirmed_hits":484,"dup_confirmed":0,"hits_on_me":43,"pred_actions":128,"predicted_confirmed":70,"predicted_hits":124,"reconnects":0},"ev":"stats","hp":162.900000000001,"in_bytes":2309227,"late":0,"local_entity":1,"match":{"countdown_until":300,"ctrl":-1,"final":false,"next":"B","phase":3,"rot":752,"scores":[17,1],"sd":false,"state":3,"tick":10048,"zone":"C"},"max_err":1.22,"mean_err":0.0164,"ms":174946,"out_bytes":507068,"pending":4,"pos":[42.08,0.41],"reconciles":3445,"server_tick":10347,"snaps":3448,"teleports":3}
[client] {"a":7,"dup":false,"ev":"game","ms":175064,"predicted":false,"t":3,"tick":10350,"type":"block"}
[client] {"a":8,"dup":false,"ev":"game","ms":175078,"predicted":false,"t":3,"tick":10351,"type":"block"}
[client] {"a":7,"dup":false,"ev":"game","ms":175361,"predicted":false,"t":3,"tick":10368,"type":"block"}
[client] {"a":8,"dup":false,"ev":"game","ms":175630,"predicted":false,"t":3,"tick":10384,"type":"block"}
[client] {"a":6,"dup":false,"ev":"game","ms":175816,"predicted":false,"t":3,"tick":10395,"type":"guard_break"}
[client] {"a":8,"dup":false,"ev":"game","ms":176064,"predicted":false,"t":3,"tick":10410,"type":"hit"}
[client] {"a":7,"dup":false,"ev":"game","ms":176148,"predicted":false,"t":3,"tick":10415,"type":"hit"}
[client] {"a":2,"dup":false,"ev":"game","ms":177348,"predicted":false,"t":7,"tick":10487,"type":"hit"}
[client] {"a":9,"dup":false,"ev":"game","ms":177617,"predicted":false,"t":3,"tick":10503,"type":"hit"}
[client] {"a":6,"dup":false,"ev":"game","ms":177748,"predicted":false,"t":3,"tick":10511,"type":"hit"}
[client] {"a":6,"dup":false,"ev":"game","ms":177748,"predicted":false,"t":4,"tick":10511,"type":"hit"}
[client] {"a":8,"dup":false,"ev":"game","ms":178114,"predicted":false,"t":4,"tick":10533,"type":"hit"}
[client] {"a":8,"dup":false,"ev":"game","ms":178148,"predicted":false,"t":3,"tick":10535,"type":"hit"}
[client] {"a":3,"dup":false,"ev":"game","ms":178148,"predicted":false,"t":-1,"tick":10535,"type":"ko"}
[client] {"a":2,"dup":false,"ev":"game","ms":178231,"predicted":false,"t":6,"tick":10540,"type":"hit"}
[client] {"a":7,"dup":false,"ev":"game","ms":178466,"predicted":false,"t":2,"tick":10554,"type":"hit"}
[client] {"a":8,"dup":false,"ev":"game","ms":178466,"predicted":false,"t":4,"tick":10554,"type":"hit"}
[client] {"a":8,"dup":false,"ev":"game","ms":178797,"predicted":false,"t":4,"tick":10574,"type":"hit"}
[client] {"a":8,"dup":false,"ev":"game","ms":178831,"predicted":false,"t":2,"tick":10576,"type":"hit"}
[client] {"a":6,"dup":false,"ev":"game","ms":179184,"predicted":false,"t":0,"tick":10597,"type":"hit"}
[client] {"a":4,"dup":false,"ev":"game","ms":179218,"predicted":false,"t":8,"tick":10599,"type":"hit"}
[client] {"a":1,"dup":false,"ev":"game","ms":179584,"predicted":false,"t":9,"tick":10626,"type":"hit"}
[client] {"a":8,"dup":false,"ev":"game","ms":179881,"predicted":false,"t":4,"tick":10639,"type":"hit"}
[client] {"counts":{"blocks_on_me":1,"conf_actions":125,"confirmed_hits":501,"dup_confirmed":0,"hits_on_me":43,"pred_actions":132,"predicted_confirmed":70,"predicted_hits":125,"reconnects":0},"ev":"stats","hp":174.000000000001,"in_bytes":2382722,"late":0,"local_entity":1,"match":{"countdown_until":300,"ctrl":-1,"final":false,"next":"B","phase":3,"rot":452,"scores":[17,1],"sd":false,"state":3,"tick":10348,"zone":"C"},"max_err":1.22,"mean_err":0.0163,"ms":179948,"out_bytes":521768,"pending":4,"pos":[38.57,4.3],"reconciles":3544,"server_tick":10647,"snaps":3547,"teleports":3}
[client] {"a":1,"dup":true,"ev":"game","ms":179963,"predicted":false,"t":9,"tick":10649,"type":"hit"}
[client] {"a":2,"dup":false,"ev":"game","ms":180184,"predicted":false,"t":7,"tick":10657,"type":"hit"}
[client] {"a":6,"dup":false,"ev":"game","ms":180364,"predicted":false,"t":2,"tick":10668,"type":"hit"}
[client] {"a":9,"dup":false,"ev":"game","ms":180432,"predicted":false,"t":1,"tick":10672,"type":"hit"}
[client] {"a":7,"dup":false,"ev":"game","ms":180502,"predicted":false,"t":2,"tick":10676,"type":"hit"}
[client] {"a":4,"dup":false,"ev":"game","ms":180536,"predicted":false,"t":6,"tick":10678,"type":"hit"}
[client] {"a":4,"dup":false,"ev":"game","ms":180737,"predicted":false,"t":7,"tick":10690,"type":"hit"}
[client] {"a":1,"dup":true,"ev":"game","ms":180737,"predicted":false,"t":9,"tick":10695,"type":"hit"}
[client] {"a":6,"dup":false,"ev":"game","ms":180985,"predicted":false,"t":2,"tick":10705,"type":"hit"}
[client] {"a":8,"dup":false,"ev":"game","ms":181282,"predicted":false,"t":2,"tick":10723,"type":"hit"}
[client] {"a":9,"dup":false,"ev":"game","ms":181564,"predicted":false,"t":1,"tick":10740,"type":"hit"}
[client] {"a":2,"dup":false,"ev":"game","ms":181598,"predicted":false,"t":6,"tick":10742,"type":"hit"}
[client] {"a":7,"dup":false,"ev":"game","ms":181764,"predicted":false,"t":2,"tick":10752,"type":"hit"}
[client] {"a":0,"dup":false,"ev":"game","ms":182137,"predicted":false,"t":8,"tick":10774,"type":"hit"}
[client] {"a":6,"dup":false,"ev":"game","ms":182254,"predicted":false,"t":4,"tick":10781,"type":"hit"}
[client] {"a":6,"dup":false,"ev":"game","ms":182302,"predicted":false,"t":2,"tick":10784,"type":"hit"}
[client] {"a":1,"dup":true,"ev":"game","ms":182619,"predicted":false,"t":5,"tick":10808,"type":"hit"}
[client] {"a":9,"dup":false,"ev":"game","ms":182785,"predicted":false,"t":0,"tick":10813,"type":"hit"}
[client] {"a":6,"dup":false,"ev":"game","ms":182882,"predicted":false,"t":0,"tick":10819,"type":"hit"}
[client] {"a":0,"dup":false,"ev":"game","ms":183282,"predicted":false,"t":9,"tick":10843,"type":"hit"}
[client] {"a":4,"dup":false,"ev":"game","ms":183351,"predicted":false,"t":7,"tick":10847,"type":"hit"}
[client] {"a":2,"dup":false,"ev":"game","ms":183434,"predicted":false,"t":7,"tick":10852,"type":"hit"}
[client] {"a":2,"dup":false,"ev":"game","ms":183516,"predicted":false,"t":6,"tick":10857,"type":"hit"}
[client] {"a":6,"dup":false,"ev":"game","ms":183516,"predicted":false,"t":-1,"tick":10857,"type":"ko"}
[client] {"a":0,"dup":false,"ev":"game","ms":183588,"predicted":false,"t":9,"tick":10861,"type":"hit"}
[client] {"a":9,"dup":false,"ev":"game","ms":183965,"predicted":false,"t":2,"tick":10884,"type":"hit"}
[client] {"a":2,"dup":false,"ev":"game","ms":183965,"predicted":false,"t":-1,"tick":10884,"type":"ko"}
[client] {"a":1,"dup":true,"ev":"game","ms":184000,"predicted":false,"t":7,"tick":10891,"type":"hit"}
[client] {"a":0,"dup":false,"ev":"game","ms":184317,"predicted":false,"t":8,"tick":10905,"type":"hit"}
[client] {"a":5,"dup":false,"ev":"game","ms":184317,"predicted":false,"t":4,"tick":10905,"type":"hit"}
[client] {"a":9,"dup":false,"ev":"game","ms":184338,"predicted":false,"t":4,"tick":10906,"type":"hit"}
[client] {"a":4,"dup":false,"ev":"game","ms":184338,"predicted":false,"t":-1,"tick":10906,"type":"ko"}
[client] {"a":1,"dup":true,"ev":"game","ms":184469,"predicted":false,"t":7,"tick":10919,"type":"hit"}
[client] {"a":1,"dup":false,"ev":"game","ms":184503,"predicted":false,"t":8,"tick":10921,"type":"hit"}
[client] {"a":0,"dup":false,"ev":"game","ms":184917,"predicted":false,"t":9,"tick":10941,"type":"hit"}
[client] {"a":7,"dup":false,"ev":"game","ms":184917,"predicted":false,"t":1,"tick":10941,"type":"hit"}
[client] {"counts":{"blocks_on_me":1,"conf_actions":132,"confirmed_hits":534,"dup_confirmed":0,"hits_on_me":46,"pred_actions":139,"predicted_confirmed":75,"predicted_hits":132,"reconnects":0},"ev":"stats","hp":82.0000000000014,"in_bytes":2463372,"late":0,"local_entity":1,"match":{"countdown_until":300,"ctrl":-1,"final":false,"next":"B","phase":3,"rot":152,"scores":[17,1],"sd":false,"state":3,"tick":10648,"zone":"C"},"max_err":1.22,"mean_err":0.0163,"ms":184951,"out_bytes":536468,"pending":4,"pos":[40.37,2.52],"reconciles":3644,"server_tick":10947,"snaps":3647,"teleports":3}
[client] {"a":8,"dup":false,"ev":"game","ms":185020,"predicted":false,"t":1,"tick":10947,"type":"hit"}
[client] {"a":0,"dup":false,"ev":"game","ms":185283,"predicted":false,"t":9,"tick":10963,"type":"hit"}
[client] {"a":5,"dup":false,"ev":"game","ms":185386,"predicted":false,"t":0,"tick":10969,"type":"hit"}
[client] {"a":8,"dup":false,"ev":"game","ms":185538,"predicted":false,"t":1,"tick":10978,"type":"hit"}
[client] {"a":8,"dup":false,"ev":"game","ms":185884,"predicted":false,"t":1,"tick":10999,"type":"hit"}
[client] {"a":5,"dup":false,"ev":"game","ms":186187,"predicted":false,"t":0,"tick":11017,"type":"hit"}
[client] {"a":9,"dup":false,"ev":"game","ms":186539,"predicted":false,"t":1,"tick":11038,"type":"hit"}
[client] {"a":0,"dup":false,"ev":"game","ms":187118,"predicted":false,"t":5,"tick":11073,"type":"hit"}
[client] {"a":-1,"dup":false,"ev":"game","ms":187546,"predicted":false,"t":-1,"tick":11099,"type":"zone_rotated"}
[client] {"a":5,"dup":false,"ev":"game","ms":187615,"predicted":false,"t":0,"tick":11103,"type":"hit"}
[client] {"a":7,"dup":false,"ev":"game","ms":187815,"predicted":false,"t":0,"tick":11115,"type":"hit"}
[client] {"a":0,"dup":false,"ev":"game","ms":187815,"predicted":false,"t":-1,"tick":11115,"type":"ko"}
[client] {"a":3,"dup":false,"ev":"game","ms":188146,"predicted":false,"t":-1,"tick":11135,"type":"respawn"}
[client] {"a":8,"dup":false,"ev":"game","ms":188312,"predicted":false,"t":1,"tick":11145,"type":"hit"}
[client] {"a":1,"dup":true,"ev":"game","ms":188616,"predicted":false,"t":5,"tick":11168,"type":"hit"}
[client] {"a":1,"dup":false,"ev":"game","ms":188829,"predicted":false,"t":-1,"tick":11181,"type":"ko"}
[client] {"a":7,"dup":false,"ev":"game","ms":188912,"predicted":false,"t":1,"tick":11181,"type":"hit"}
[client] {"counts":{"blocks_on_me":1,"conf_actions":139,"confirmed_hits":547,"dup_confirmed":0,"hits_on_me":52,"pred_actions":146,"predicted_confirmed":76,"predicted_hits":136,"reconnects":0},"ev":"stats","hp":0.0,"in_bytes":2530216,"late":0,"local_entity":1,"match":{"countdown_until":300,"ctrl":-1,"final":false,"next":"","phase":3,"rot":3452,"scores":[17,1],"sd":false,"state":1,"tick":10948,"zone":"B"},"max_err":1.22,"mean_err":0.0167,"ms":189946,"out_bytes":551168,"pending":4,"pos":[43.22,-1.54],"reconciles":3744,"server_tick":11247,"snaps":3747,"teleports":3}
[client] {"a":6,"dup":false,"ev":"game","ms":193514,"predicted":false,"t":-1,"tick":11457,"type":"respawn"}
[client] {"a":2,"dup":false,"ev":"game","ms":193970,"predicted":false,"t":-1,"tick":11484,"type":"respawn"}
[client] {"a":4,"dup":false,"ev":"game","ms":194336,"predicted":false,"t":-1,"tick":11506,"type":"respawn"}
[client] {"counts":{"blocks_on_me":1,"conf_actions":139,"confirmed_hits":547,"dup_confirmed":0,"hits_on_me":52,"pred_actions":146,"predicted_confirmed":76,"predicted_hits":136,"reconnects":0},"ev":"stats","hp":0.0,"in_bytes":2584738,"late":0,"local_entity":1,"match":{"countdown_until":300,"ctrl":-1,"final":false,"next":"","phase":3,"rot":3152,"scores":[17,1],"sd":false,"state":3,"tick":11248,"zone":"B"},"max_err":1.22,"mean_err":0.0162,"ms":194949,"out_bytes":565868,"pending":4,"pos":[43.22,-1.54],"reconciles":3844,"server_tick":11547,"snaps":3847,"teleports":3}
[client] {"a":9,"dup":false,"ev":"game","ms":195736,"predicted":false,"t":3,"tick":11590,"type":"hit"}
[client] {"a":9,"dup":false,"ev":"game","ms":196033,"predicted":false,"t":3,"tick":11608,"type":"block"}
[client] {"a":8,"dup":false,"ev":"game","ms":196067,"predicted":false,"t":3,"tick":11610,"type":"block"}
[client] {"a":5,"dup":false,"ev":"game","ms":196199,"predicted":false,"t":3,"tick":11618,"type":"block"}
[client] {"a":9,"dup":false,"ev":"game","ms":196350,"predicted":false,"t":3,"tick":11627,"type":"block"}
[client] {"a":5,"dup":false,"ev":"game","ms":196585,"predicted":false,"t":3,"tick":11641,"type":"block"}
[client] {"a":8,"dup":false,"ev":"game","ms":196833,"predicted":false,"t":3,"tick":11656,"type":"hit"}
[client] {"a":5,"dup":false,"ev":"game","ms":196902,"predicted":false,"t":3,"tick":11660,"type":"hit"}
[client] {"a":8,"dup":false,"ev":"game","ms":197171,"predicted":false,"t":3,"tick":11676,"type":"hit"}
[client] {"a":5,"dup":false,"ev":"game","ms":197434,"predicted":false,"t":3,"tick":11692,"type":"hit"}
[client] {"a":8,"dup":false,"ev":"game","ms":197517,"predicted":false,"t":3,"tick":11697,"type":"hit"}
[client] {"a":0,"dup":false,"ev":"game","ms":197820,"predicted":false,"t":-1,"tick":11715,"type":"respawn"}
[client] {"a":8,"dup":false,"ev":"game","ms":197903,"predicted":false,"t":3,"tick":11720,"type":"hit"}
[client] {"a":9,"dup":false,"ev":"game","ms":197952,"predicted":false,"t":3,"tick":11723,"type":"hit"}
[client] {"a":8,"dup":false,"ev":"game","ms":198151,"predicted":false,"t":3,"tick":11735,"type":"hit"}
[client] {"a":9,"dup":false,"ev":"game","ms":198503,"predicted":false,"t":3,"tick":11756,"type":"hit"}
[client] {"a":1,"dup":false,"ev":"game","ms":198828,"predicted":false,"t":-1,"tick":11781,"type":"respawn"}
[client] {"a":9,"dup":false,"ev":"game","ms":198896,"predicted":false,"t":3,"tick":11780,"type":"hit"}
[client] {"a":8,"dup":false,"ev":"game","ms":198945,"predicted":false,"t":3,"tick":11783,"type":"hit"}
[client] {"counts":{"blocks_on_me":1,"conf_actions":139,"confirmed_hits":559,"dup_confirmed":0,"hits_on_me":52,"pred_actions":146,"predicted_confirmed":76,"predicted_hits":136,"reconnects":0},"ev":"stats","hp":220.0,"in_bytes":2650939,"late":0,"local_entity":1,"match":{"countdown_until":300,"ctrl":-1,"final":false,"next":"","phase":3,"rot":2852,"scores":[17,1],"sd":false,"state":3,"tick":11548,"zone":"B"},"max_err":1.22,"mean_err":0.0158,"ms":199940,"out_bytes":580568,"pending":4,"pos":[5.68,-41.89],"reconciles":3943,"server_tick":11847,"snaps":3947,"teleports":4}
[client] {"a":8,"dup":false,"ev":"game","ms":200544,"predicted":false,"t":3,"tick":11879,"type":"hit"}
[client] {"a":8,"dup":false,"ev":"game","ms":200592,"predicted":false,"t":2,"tick":11882,"type":"hit"}
[client] {"a":8,"dup":false,"ev":"game","ms":200882,"predicted":false,"t":3,"tick":11899,"type":"hit"}
[client] {"a":2,"dup":false,"ev":"game","ms":200944,"predicted":false,"t":8,"tick":11903,"type":"hit"}
[client] {"a":7,"dup":false,"ev":"game","ms":201144,"predicted":false,"t":2,"tick":11915,"type":"hit"}
[client] {"a":7,"dup":false,"ev":"game","ms":201165,"predicted":false,"t":3,"tick":11916,"type":"hit"}
[client] {"a":3,"dup":false,"ev":"game","ms":201165,"predicted":false,"t":-1,"tick":11916,"type":"ko"}
[client] {"a":5,"dup":false,"ev":"game","ms":201379,"predicted":false,"t":2,"tick":11929,"type":"hit"}
[client] {"a":6,"dup":false,"ev":"game","ms":201696,"predicted":false,"t":4,"tick":11948,"type":"hit"}
[client] {"a":2,"dup":false,"ev":"game","ms":202248,"predicted":false,"t":5,"tick":11981,"type":"hit"}
[client] {"a":2,"dup":false,"ev":"game","ms":202283,"predicted":false,"t":8,"tick":11983,"type":"hit"}
[client] {"a":4,"dup":false,"ev":"game","ms":203049,"predicted":false,"t":7,"tick":12029,"type":"hit"}
[client] {"a":4,"dup":false,"ev":"game","ms":203483,"predicted":false,"t":6,"tick":12055,"type":"hit"}
[client] {"a":4,"dup":false,"ev":"game","ms":203511,"predicted":false,"t":7,"tick":12057,"type":"hit"}
[client] {"a":2,"dup":false,"ev":"game","ms":203711,"predicted":false,"t":5,"tick":12069,"type":"hit"}
[client] {"a":4,"dup":false,"ev":"game","ms":203816,"predicted":false,"t":6,"tick":12075,"type":"hit"}
[client] {"a":8,"dup":false,"ev":"game","ms":203829,"predicted":false,"t":2,"tick":12076,"type":"hit"}
[client] {"a":4,"dup":false,"ev":"game","ms":203849,"predicted":false,"t":7,"tick":12077,"type":"hit"}
[client] {"a":7,"dup":false,"ev":"game","ms":203849,"predicted":false,"t":-1,"tick":12077,"type":"ko"}
[client] {"a":4,"dup":false,"ev":"game","ms":203863,"predicted":false,"t":9,"tick":12078,"type":"hit"}
[client] {"a":2,"dup":false,"ev":"game","ms":204146,"predicted":false,"t":5,"tick":12095,"type":"hit"}
[client] {"a":8,"dup":false,"ev":"game","ms":204229,"predicted":false,"t":2,"tick":12100,"type":"hit"}
[client] {"a":6,"dup":false,"ev":"game","ms":204284,"predicted":false,"t":4,"tick":12103,"type":"hit"}
[client] {"a":0,"dup":false,"ev":"game","ms":204484,"predicted":false,"t":5,"tick":12115,"type":"hit"}
[client] {"a":8,"dup":false,"ev":"game","ms":204615,"predicted":false,"t":2,"tick":12123,"type":"hit"}
[client] {"a":4,"dup":false,"ev":"game","ms":204767,"predicted":false,"t":6,"tick":12132,"type":"hit"}
[client] {"counts":{"blocks_on_me":1,"conf_actions":139,"confirmed_hits":583,"dup_confirmed":0,"hits_on_me":52,"pred_actions":146,"predicted_confirmed":76,"predicted_hits":136,"reconnects":0},"ev":"stats","hp":220.0,"in_bytes":2724383,"late":0,"local_entity":1,"match":{"countdown_until":300,"ctrl":-1,"final":false,"next":"","phase":3,"rot":2552,"scores":[17,1],"sd":false,"state":3,"tick":11848,"zone":"B"},"max_err":1.22,"mean_err":0.0154,"ms":204945,"out_bytes":595268,"pending":4,"pos":[0.32,-6.67],"reconciles":4043,"server_tick":12148,"snaps":4047,"teleports":4}
[client] {"a":8,"dup":false,"ev":"game","ms":205015,"predicted":false,"t":0,"tick":12147,"type":"hit"}
[client] {"a":8,"dup":false,"ev":"game","ms":205264,"predicted":false,"t":0,"tick":12162,"type":"hit"}
[client] {"a":1,"dup":true,"ev":"game","ms":205546,"predicted":false,"t":8,"tick":12185,"type":"hit"}
[client] {"a":2,"dup":false,"ev":"game","ms":205582,"predicted":false,"t":8,"tick":12181,"type":"hit"}
[client] {"a":2,"dup":false,"ev":"game","ms":205933,"predicted":false,"t":8,"tick":12202,"type":"hit"}
[client] {"a":4,"dup":false,"ev":"game","ms":205982,"predicted":false,"t":9,"tick":12205,"type":"hit"}
[client] {"a":2,"dup":false,"ev":"game","ms":206250,"predicted":false,"t":8,"tick":12221,"type":"hit"}
[client] {"a":1,"dup":true,"ev":"game","ms":206699,"predicted":false,"t":5,"tick":12253,"type":"hit"}
[client] {"a":4,"dup":false,"ev":"game","ms":206850,"predicted":false,"t":9,"tick":12257,"type":"hit"}
[client] {"a":2,"dup":false,"ev":"game","ms":206886,"predicted":false,"t":5,"tick":12259,"type":"hit"}
[client] {"a":8,"dup":false,"ev":"game","ms":207031,"predicted":false,"t":2,"tick":12268,"type":"hit"}
[client] {"a":4,"dup":false,"ev":"game","ms":207113,"predicted":false,"t":9,"tick":12273,"type":"hit"}
[client] {"a":6,"dup":false,"ev":"game","ms":207147,"predicted":false,"t":2,"tick":12275,"type":"hit"}
[client] {"a":4,"dup":false,"ev":"game","ms":207168,"predicted":false,"t":6,"tick":12276,"type":"hit"}
[client] {"a":0,"dup":false,"ev":"game","ms":207416,"predicted":false,"t":6,"tick":12291,"type":"hit"}
[client] {"a":0,"dup":false,"ev":"game","ms":207430,"predicted":false,"t":8,"tick":12292,"type":"hit"}
[client] {"a":9,"dup":false,"ev":"game","ms":207969,"predicted":false,"t":1,"tick":12324,"type":"hit"}
[client] {"a":5,"dup":false,"ev":"game","ms":208251,"predicted":false,"t":1,"tick":12341,"type":"hit"}
[client] {"a":5,"dup":false,"ev":"game","ms":208286,"predicted":false,"t":0,"tick":12343,"type":"hit"}
[client] {"a":5,"dup":false,"ev":"game","ms":208286,"predicted":false,"t":2,"tick":12343,"type":"hit"}
[client] {"a":5,"dup":false,"ev":"game","ms":209231,"predicted":false,"t":1,"tick":12400,"type":"hit"}
[client] {"a":4,"dup":false,"ev":"game","ms":209265,"predicted":false,"t":5,"tick":12402,"type":"hit"}
[client] {"a":0,"dup":false,"ev":"game","ms":209404,"predicted":false,"t":5,"tick":12410,"type":"hit"}
[client] {"a":6,"dup":false,"ev":"game","ms":209418,"predicted":false,"t":4,"tick":12411,"type":"hit"}
[client] {"a":1,"dup":true,"ev":"game","ms":209514,"predicted":false,"t":5,"tick":12422,"type":"hit"}
[client] {"a":6,"dup":false,"ev":"game","ms":209784,"predicted":false,"t":4,"tick":12433,"type":"hit"}
[client] {"a":0,"dup":false,"ev":"game","ms":209832,"predicted":false,"t":5,"tick":12436,"type":"hit"}
[client] {"a":5,"dup":false,"ev":"game","ms":209832,"predicted":false,"t":-1,"tick":12436,"type":"ko"}
[client] {"counts":{"blocks_on_me":1,"conf_actions":146,"confirmed_hits":610,"dup_confirmed":0,"hits_on_me":55,"pred_actions":154,"predicted_confirmed":79,"predicted_hits":143,"reconnects":0},"ev":"stats","hp":146.0,"in_bytes":2795527,"late":0,"local_entity":1,"match":{"countdown_until":300,"ctrl":-1,"final":false,"next":"","phase":3,"rot":2252,"scores":[17,1],"sd":false,"state":3,"tick":12148,"zone":"B"},"max_err":1.22,"mean_err":0.0159,"ms":209948,"out_bytes":609968,"pending":4,"pos":[-1.03,-4.89],"reconciles":4143,"server_tick":12448,"snaps":4147,"teleports":4}
[client] {"a":6,"dup":false,"ev":"game","ms":210604,"predicted":false,"t":4,"tick":12482,"type":"hit"}
[client] {"a":8,"dup":false,"ev":"game","ms":210845,"predicted":false,"t":2,"tick":12497,"type":"hit"}
[client] {"a":0,"dup":false,"ev":"game","ms":211142,"predicted":false,"t":8,"tick":12515,"type":"hit"}
[client] {"a":8,"dup":false,"ev":"game","ms":211142,"predicted":false,"t":-1,"tick":12515,"type":"ko"}
[client] {"a":3,"dup":false,"ev":"game","ms":211163,"predicted":false,"t":-1,"tick":12516,"type":"respawn"}
[client] {"a":6,"dup":false,"ev":"game","ms":211308,"predicted":false,"t":2,"tick":12525,"type":"hit"}
[client] {"a":4,"dup":false,"ev":"game","ms":211460,"predicted":false,"t":6,"tick":12534,"type":"hit"}
[client] {"a":0,"dup":false,"ev":"game","ms":212081,"predicted":false,"t":6,"tick":12571,"type":"hit"}
[client] {"a":1,"dup":true,"ev":"game","ms":212178,"predicted":false,"t":6,"tick":12582,"type":"hit"}
[client] {"a":6,"dup":false,"ev":"game","ms":212612,"predicted":false,"t":1,"tick":12603,"type":"hit"}
[client] {"a":1,"dup":true,"ev":"game","ms":212881,"predicted":false,"t":6,"tick":12624,"type":"hit"}
[client] {"a":4,"dup":false,"ev":"game","ms":212895,"predicted":false,"t":6,"tick":12620,"type":"hit"}
[client] {"a":6,"dup":false,"ev":"game","ms":213426,"predicted":false,"t":0,"tick":12652,"type":"hit"}
[client] {"a":1,"dup":true,"ev":"game","ms":213495,"predicted":false,"t":6,"tick":12661,"type":"hit"}
[client] {"a":9,"dup":false,"ev":"game","ms":213544,"predicted":false,"t":0,"tick":12659,"type":"hit"}
[client] {"a":6,"dup":false,"ev":"game","ms":213578,"predicted":false,"t":-1,"tick":12661,"type":"ko"}
[client] {"a":9,"dup":false,"ev":"game","ms":213813,"predicted":false,"t":0,"tick":12675,"type":"hit"}
[client] {"a":7,"dup":false,"ev":"game","ms":213848,"predicted":false,"t":-1,"tick":12677,"type":"respawn"}
[client] {"a":2,"dup":false,"ev":"game","ms":214199,"predicted":false,"t":9,"tick":12698,"type":"hit"}
[client] {"counts":{"blocks_on_me":1,"conf_actions":155,"confirmed_hits":625,"dup_confirmed":0,"hits_on_me":56,"pred_actions":163,"predicted_confirmed":82,"predicted_hits":150,"reconnects":0},"ev":"stats","hp":128.0,"in_bytes":2862017,"late":0,"local_entity":1,"match":{"countdown_until":300,"ctrl":-1,"final":false,"next":"","phase":3,"rot":1952,"scores":[17,1],"sd":false,"state":3,"tick":12448,"zone":"B"},"max_err":1.22,"mean_err":0.0157,"ms":214945,"out_bytes":624668,"pending":4,"pos":[-1.72,-4.08],"reconciles":4242,"server_tick":12748,"snaps":4246,"teleports":4}
[client] {"a":0,"dup":false,"ev":"game","ms":215014,"predicted":false,"t":9,"tick":12747,"type":"hit"}
[client] {"a":9,"dup":false,"ev":"game","ms":215496,"predicted":false,"t":1,"tick":12776,"type":"hit"}
[client] {"a":1,"dup":true,"ev":"game","ms":215813,"predicted":false,"t":9,"tick":12799,"type":"hit"}
[client] {"a":9,"dup":false,"ev":"game","ms":215884,"predicted":false,"t":-1,"tick":12799,"type":"ko"}
[client] {"a":5,"dup":false,"ev":"game","ms":219817,"predicted":false,"t":-1,"tick":13036,"type":"respawn"}
[client] {"counts":{"blocks_on_me":1,"conf_actions":156,"confirmed_hits":628,"dup_confirmed":0,"hits_on_me":57,"pred_actions":164,"predicted_confirmed":83,"predicted_hits":154,"reconnects":0},"ev":"stats","hp":110.0,"in_bytes":2913120,"late":0,"local_entity":1,"match":{"countdown_until":300,"ctrl":0,"final":false,"next":"","phase":3,"rot":1652,"scores":[21,1],"sd":false,"state":2,"tick":12748,"zone":"B"},"max_err":1.22,"mean_err":0.0157,"ms":219947,"out_bytes":639368,"pending":4,"pos":[0.01,-2.72],"reconciles":4341,"server_tick":13048,"snaps":4345,"teleports":4}
[client] {"a":8,"dup":false,"ev":"game","ms":221149,"predicted":false,"t":-1,"tick":13115,"type":"respawn"}
[client] {"a":7,"dup":false,"ev":"game","ms":223253,"predicted":false,"t":4,"tick":13241,"type":"hit"}
[client] {"a":0,"dup":false,"ev":"game","ms":223364,"predicted":false,"t":7,"tick":13248,"type":"hit"}
[client] {"a":6,"dup":false,"ev":"game","ms":223578,"predicted":false,"t":-1,"tick":13261,"type":"respawn"}
[client] {"a":4,"dup":false,"ev":"game","ms":223730,"predicted":false,"t":7,"tick":13270,"type":"hit"}
[client] {"a":4,"dup":false,"ev":"game","ms":223999,"predicted":false,"t":7,"tick":13286,"type":"hit"}
[client] {"a":0,"dup":false,"ev":"game","ms":224316,"predicted":false,"t":7,"tick":13305,"type":"hit"}
[client] {"a":4,"dup":false,"ev":"game","ms":224599,"predicted":false,"t":7,"tick":13322,"type":"hit"}
[client] {"counts":{"blocks_on_me":1,"conf_actions":158,"confirmed_hits":634,"dup_confirmed":0,"hits_on_me":57,"pred_actions":166,"predicted_confirmed":83,"predicted_hits":154,"reconnects":0},"ev":"stats","hp":153.500000000001,"in_bytes":2971171,"late":0,"local_entity":1,"match":{"countdown_until":300,"ctrl":-1,"final":false,"next":"","phase":3,"rot":1352,"scores":[21,1],"sd":false,"state":3,"tick":13048,"zone":"B"},"max_err":1.22,"mean_err":0.0155,"ms":224943,"out_bytes":654068,"pending":4,"pos":[-0.9,-2.57],"reconciles":4441,"server_tick":13348,"snaps":4445,"teleports":4}
[client] {"a":4,"dup":false,"ev":"game","ms":225047,"predicted":false,"t":7,"tick":13349,"type":"hit"}
[client] {"a":7,"dup":false,"ev":"game","ms":225364,"predicted":false,"t":1,"tick":13368,"type":"hit"}
[client] {"a":4,"dup":false,"ev":"game","ms":225413,"predicted":false,"t":7,"tick":13371,"type":"hit"}
[client] {"a":3,"dup":false,"ev":"game","ms":225516,"predicted":false,"t":7,"tick":13377,"type":"hit"}
[client] {"a":3,"dup":false,"ev":"game","ms":225814,"predicted":false,"t":7,"tick":13395,"type":"hit"}
[client] {"a":9,"dup":false,"ev":"game","ms":225883,"predicted":false,"t":-1,"tick":13399,"type":"respawn"}
[client] {"a":0,"dup":false,"ev":"game","ms":225917,"predicted":false,"t":7,"tick":13401,"type":"hit"}
[client] {"a":1,"dup":true,"ev":"game","ms":226048,"predicted":false,"t":7,"tick":13413,"type":"hit"}
[client] {"a":1,"dup":true,"ev":"game","ms":226344,"predicted":false,"t":7,"tick":13432,"type":"hit"}
[client] {"a":0,"dup":false,"ev":"game","ms":226413,"predicted":false,"t":7,"tick":13431,"type":"hit"}
[client] {"a":1,"dup":true,"ev":"game","ms":226683,"predicted":false,"t":7,"tick":13452,"type":"hit"}
[client] {"a":4,"dup":false,"ev":"game","ms":226697,"predicted":false,"t":7,"tick":13448,"type":"hit"}
[client] {"a":3,"dup":false,"ev":"game","ms":226766,"predicted":false,"t":7,"tick":13452,"type":"hit"}
[client] {"a":7,"dup":false,"ev":"game","ms":226766,"predicted":false,"t":-1,"tick":13452,"type":"ko"}
[client] {"a":4,"dup":false,"ev":"game","ms":228298,"predicted":false,"t":5,"tick":13544,"type":"hit"}
[client] {"a":4,"dup":false,"ev":"game","ms":228615,"predicted":false,"t":5,"tick":13563,"type":"hit"}
[client] {"a":4,"dup":false,"ev":"game","ms":228932,"predicted":false,"t":5,"tick":13582,"type":"hit"}
[client] {"a":4,"dup":false,"ev":"game","ms":228981,"predicted":false,"t":8,"tick":13585,"type":"hit"}
[client] {"a":5,"dup":false,"ev":"game","ms":229498,"predicted":false,"t":4,"tick":13616,"type":"hit"}
[client] {"a":5,"dup":false,"ev":"game","ms":229533,"predicted":false,"t":3,"tick":13618,"type":"hit"}
[client] {"a":4,"dup":false,"ev":"game","ms":229898,"predicted":false,"t":5,"tick":13640,"type":"hit"}
[client] {"counts":{"blocks_on_me":1,"conf_actions":163,"confirmed_hits":653,"dup_confirmed":0,"hits_on_me":58,"pred_actions":171,"predicted_confirmed":86,"predicted_hits":160,"reconnects":0},"ev":"stats","hp":135.500000000001,"in_bytes":3039353,"late":0,"local_entity":1,"match":{"countdown_until":300,"ctrl":-1,"final":false,"next":"","phase":3,"rot":1052,"scores":[21,1],"sd":false,"state":3,"tick":13348,"zone":"B"},"max_err":1.22,"mean_err":0.0161,"ms":229948,"out_bytes":668768,"pending":7,"pos":[-0.22,-3.15],"reconciles":4540,"server_tick":13647,"snaps":4545,"teleports":4}
[client] {"a":5,"dup":false,"ev":"game","ms":230296,"predicted":false,"t":4,"tick":13664,"type":"hit"}
[client] {"a":4,"dup":false,"ev":"game","ms":230965,"predicted":false,"t":5,"tick":13704,"type":"block"}
[client] {"a":3,"dup":false,"ev":"game","ms":231000,"predicted":false,"t":5,"tick":13706,"type":"block"}
[client] {"a":8,"dup":false,"ev":"game","ms":231048,"predicted":false,"t":2,"tick":13709,"type":"hit"}
[client] {"a":6,"dup":false,"ev":"game","ms":231200,"predicted":false,"t":3,"tick":13718,"type":"hit"}
[client] {"a":6,"dup":false,"ev":"game","ms":231428,"predicted":false,"t":3,"tick":13732,"type":"hit"}
[client] {"a":6,"dup":false,"ev":"game","ms":231462,"predicted":false,"t":2,"tick":13734,"type":"hit"}
[client] {"a":4,"dup":false,"ev":"game","ms":231883,"predicted":false,"t":5,"tick":13759,"type":"hit"}
[client] {"a":4,"dup":false,"ev":"game","ms":231917,"predicted":false,"t":6,"tick":13761,"type":"hit"}
[client] {"a":0,"dup":false,"ev":"game","ms":231966,"predicted":false,"t":8,"tick":13764,"type":"hit"}
[client] {"a":4,"dup":false,"ev":"game","ms":232215,"predicted":false,"t":5,"tick":13779,"type":"hit"}
[client] {"a":3,"dup":false,"ev":"game","ms":232228,"predicted":false,"t":6,"tick":13780,"type":"hit"}
[client] {"a":2,"dup":false,"ev":"game","ms":232463,"predicted":false,"t":5,"tick":13795,"type":"hit"}
[client] {"a":4,"dup":false,"ev":"game","ms":232635,"predicted":false,"t":5,"tick":13805,"type":"hit"}
[client] {"a":8,"dup":false,"ev":"game","ms":233064,"predicted":false,"t":0,"tick":13831,"type":"hit"}
[client] {"a":5,"dup":false,"ev":"game","ms":233285,"predicted":false,"t":3,"tick":13844,"type":"hit"}
[client] {"a":6,"dup":false,"ev":"game","ms":233380,"predicted":false,"t":2,"tick":13850,"type":"hit"}
[client] {"a":8,"dup":false,"ev":"game","ms":233415,"predicted":false,"t":0,"tick":13852,"type":"hit"}
[client] {"a":4,"dup":false,"ev":"game","ms":233615,"predicted":false,"t":5,"tick":13864,"type":"hit"}
[client] {"a":8,"dup":false,"ev":"game","ms":233815,"predicted":false,"t":1,"tick":13876,"type":"hit"}
[client] {"a":4,"dup":false,"ev":"game","ms":233884,"predicted":false,"t":5,"tick":13880,"type":"hit"}
[client] {"a":4,"dup":false,"ev":"game","ms":234401,"predicted":false,"t":5,"tick":13911,"type":"hit"}
[client] {"a":6,"dup":false,"ev":"game","ms":234437,"predicted":false,"t":1,"tick":13913,"type":"hit"}
[client] {"a":6,"dup":false,"ev":"game","ms":234437,"predicted":false,"t":4,"tick":13913,"type":"hit"}
[client] {"a":9,"dup":false,"ev":"game","ms":234698,"predicted":false,"t":4,"tick":13929,"type":"hit"}
[client] {"a":6,"dup":false,"ev":"game","ms":234746,"predicted":false,"t":1,"tick":13932,"type":"hit"}
[client] {"a":9,"dup":false,"ev":"game","ms":234746,"predicted":false,"t":1,"tick":13932,"type":"hit"}
[client] {"a":6,"dup":false,"ev":"game","ms":234767,"predicted":false,"t":4,"tick":13933,"type":"hit"}
[client] {"counts":{"blocks_on_me":1,"conf_actions":169,"confirmed_hits":679,"dup_confirmed":0,"hits_on_me":62,"pred_actions":177,"predicted_confirmed":86,"predicted_hits":161,"reconnects":0},"ev":"stats","hp":49.5000000000008,"in_bytes":3115595,"late":0,"local_entity":1,"match":{"countdown_until":300,"ctrl":-1,"final":false,"next":"A","phase":3,"rot":752,"scores":[21,1],"sd":false,"state":3,"tick":13648,"zone":"B"},"max_err":1.277,"mean_err":0.0167,"ms":234946,"out_bytes":683468,"pending":4,"pos":[-1.21,-3.09],"reconciles":4641,"server_tick":13948,"snaps":4645,"teleports":4}
[client] {"a":4,"dup":false,"ev":"game","ms":235133,"predicted":false,"t":5,"tick":13955,"type":"hit"}
[client] {"a":2,"dup":false,"ev":"game","ms":235417,"predicted":false,"t":8,"tick":13972,"type":"hit"}
[client] {"a":5,"dup":false,"ev":"game","ms":235547,"predicted":false,"t":4,"tick":13980,"type":"hit"}
[client] {"a":9,"dup":false,"ev":"game","ms":235637,"predicted":false,"t":4,"tick":13985,"type":"hit"}
[client] {"a":2,"dup":false,"ev":"game","ms":235768,"predicted":false,"t":8,"tick":13993,"type":"hit"}
[client] {"a":0,"dup":false,"ev":"game","ms":236037,"predicted":false,"t":8,"tick":14009,"type":"hit"}
[client] {"a":8,"dup":false,"ev":"game","ms":236368,"predicted":false,"t":0,"tick":14029,"type":"hit"}
[client] {"a":2,"dup":false,"ev":"game","ms":236568,"predicted":false,"t":8,"tick":14041,"type":"hit"}
[client] {"a":5,"dup":false,"ev":"game","ms":236637,"predicted":false,"t":4,"tick":14045,"type":"hit"}
[client] {"a":4,"dup":false,"ev":"game","ms":236637,"predicted":false,"t":-1,"tick":14045,"type":"ko"}
[client] {"a":5,"dup":false,"ev":"game","ms":236651,"predicted":false,"t":3,"tick":14046,"type":"hit"}
[client] {"a":7,"dup":false,"ev":"game","ms":236748,"predicted":false,"t":-1,"tick":14052,"type":"respawn"}
[client] {"a":0,"dup":false,"ev":"game","ms":236817,"predicted":false,"t":8,"tick":14056,"type":"hit"}
[client] {"a":2,"dup":false,"ev":"game","ms":236900,"predicted":false,"t":8,"tick":14061,"type":"hit"}
[client] {"a":8,"dup":false,"ev":"game","ms":237265,"predicted":false,"t":0,"tick":14083,"type":"hit"}
[client] {"a":2,"dup":false,"ev":"game","ms":237534,"predicted":false,"t":8,"tick":14099,"type":"hit"}
[client] {"a":9,"dup":false,"ev":"game","ms":237665,"predicted":false,"t":1,"tick":14107,"type":"hit"}
[client] {"a":5,"dup":false,"ev":"game","ms":238369,"predicted":false,"t":3,"tick":14149,"type":"hit"}
[client] {"a":2,"dup":false,"ev":"game","ms":238818,"predicted":false,"t":5,"tick":14176,"type":"hit"}
[client] {"a":1,"dup":true,"ev":"game","ms":238818,"predicted":false,"t":5,"tick":14181,"type":"hit"}
[client] {"a":1,"dup":true,"ev":"game","ms":238818,"predicted":false,"t":9,"tick":14181,"type":"hit"}
[client] {"a":1,"dup":true,"ev":"game","ms":238839,"predicted":false,"t":6,"tick":14182,"type":"hit"}
[client] {"counts":{"blocks_on_me":1,"conf_actions":172,"confirmed_hits":699,"dup_confirmed":0,"hits_on_me":63,"pred_actions":180,"predicted_confirmed":89,"predicted_hits":165,"reconnects":0},"ev":"stats","hp":11.5000000000008,"in_bytes":3186049,"late":0,"local_entity":1,"match":{"countdown_until":300,"ctrl":-1,"final":false,"next":"A","phase":3,"rot":452,"scores":[21,1],"sd":false,"state":3,"tick":13948,"zone":"B"},"max_err":1.277,"mean_err":0.0169,"ms":239948,"out_bytes":698168,"pending":4,"pos":[-0.67,-2.64],"reconciles":4741,"server_tick":14248,"snaps":4745,"teleports":4}
[client] {"a":1,"dup":false,"ev":"game","ms":239963,"predicted":false,"t":-1,"tick":14249,"type":"ko"}
[client] {"a":8,"dup":false,"ev":"game","ms":240011,"predicted":false,"t":3,"tick":14248,"type":"hit"}
[client] {"a":9,"dup":false,"ev":"game","ms":240032,"predicted":false,"t":1,"tick":14249,"type":"hit"}
[client] {"a":9,"dup":false,"ev":"game","ms":240529,"predicted":false,"t":3,"tick":14279,"type":"hit"}
[client] {"a":5,"dup":false,"ev":"game","ms":240564,"predicted":false,"t":3,"tick":14281,"type":"hit"}
[client] {"a":2,"dup":false,"ev":"game","ms":240846,"predicted":false,"t":5,"tick":14298,"type":"hit"}
[client] {"a":5,"dup":false,"ev":"game","ms":240846,"predicted":false,"t":-1,"tick":14298,"type":"ko"}
[client] {"a":6,"dup":false,"ev":"game","ms":240895,"predicted":false,"t":3,"tick":14301,"type":"hit"}
[client] {"a":8,"dup":false,"ev":"game","ms":240929,"predicted":false,"t":0,"tick":14303,"type":"hit"}
[client] {"a":6,"dup":false,"ev":"game","ms":240963,"predicted":false,"t":2,"tick":14305,"type":"hit"}
[client] {"a":2,"dup":false,"ev":"game","ms":240963,"predicted":false,"t":-1,"tick":14305,"type":"ko"}
[client] {"a":6,"dup":false,"ev":"game","ms":241495,"predicted":false,"t":0,"tick":14337,"type":"hit"}
[client] {"a":9,"dup":false,"ev":"game","ms":241495,"predicted":false,"t":0,"tick":14337,"type":"hit"}
[client] {"a":0,"dup":false,"ev":"game","ms":241495,"predicted":false,"t":-1,"tick":14337,"type":"ko"}
[client] {"a":8,"dup":false,"ev":"game","ms":241516,"predicted":false,"t":3,"tick":14338,"type":"hit"}
[client] {"a":3,"dup":false,"ev":"game","ms":241516,"predicted":false,"t":-1,"tick":14338,"type":"ko"}
[client] {"counts":{"blocks_on_me":1,"conf_actions":172,"confirmed_hits":710,"dup_confirmed":0,"hits_on_me":64,"pred_actions":180,"predicted_confirmed":89,"predicted_hits":165,"reconnects":0},"ev":"stats","hp":0.0,"in_bytes":3245245,"late":0,"local_entity":1,"match":{"countdown_until":300,"ctrl":1,"final":false,"next":"A","phase":3,"rot":152,"scores":[21,4],"sd":false,"state":2,"tick":14248,"zone":"B"},"max_err":1.277,"mean_err":0.0165,"ms":244951,"out_bytes":712868,"pending":4,"pos":[-0.62,-2.65],"reconciles":4841,"server_tick":14548,"snaps":4845,"teleports":4}
[client] {"a":4,"dup":false,"ev":"game","ms":246635,"predicted":false,"t":-1,"tick":14645,"type":"respawn"}
[client] {"a":-1,"dup":false,"ev":"game","ms":247532,"predicted":false,"t":-1,"tick":14699,"type":"zone_rotated"}
[client] {"counts":{"blocks_on_me":1,"conf_actions":172,"confirmed_hits":710,"dup_confirmed":0,"hits_on_me":64,"pred_actions":180,"predicted_confirmed":89,"predicted_hits":165,"reconnects":0},"ev":"stats","hp":0.0,"in_bytes":3296489,"late":0,"local_entity":1,"match":{"countdown_until":300,"ctrl":-1,"final":false,"next":"","phase":3,"rot":3452,"scores":[21,7],"sd":false,"state":1,"tick":14548,"zone":"A"},"max_err":1.277,"mean_err":0.0162,"ms":249953,"out_bytes":727568,"pending":4,"pos":[-0.62,-2.65],"reconciles":4941,"server_tick":14848,"snaps":4945,"teleports":4}
[client] {"a":1,"dup":false,"ev":"game","ms":249955,"predicted":false,"t":-1,"tick":14849,"type":"respawn"}
[client] {"a":5,"dup":false,"ev":"game","ms":250851,"predicted":false,"t":-1,"tick":14898,"type":"respawn"}
[client] {"a":2,"dup":false,"ev":"game","ms":250969,"predicted":false,"t":-1,"tick":14905,"type":"respawn"}
[client] {"a":0,"dup":false,"ev":"game","ms":251500,"predicted":false,"t":-1,"tick":14937,"type":"respawn"}
[client] {"a":3,"dup":false,"ev":"game","ms":251521,"predicted":false,"t":-1,"tick":14938,"type":"respawn"}
[client] {"counts":{"blocks_on_me":1,"conf_actions":172,"confirmed_hits":710,"dup_confirmed":0,"hits_on_me":64,"pred_actions":180,"predicted_confirmed":89,"predicted_hits":165,"reconnects":0},"ev":"stats","hp":220.0,"in_bytes":3354643,"late":0,"local_entity":1,"match":{"countdown_until":300,"ctrl":1,"final":false,"next":"","phase":3,"rot":3152,"scores":[21,9],"sd":false,"state":2,"tick":14848,"zone":"A"},"max_err":1.277,"mean_err":0.0159,"ms":254949,"out_bytes":742268,"pending":4,"pos":[-7.89,-19.18],"reconciles":5040,"server_tick":15148,"snaps":5045,"teleports":5}
[client] {"a":4,"dup":false,"ev":"game","ms":258497,"predicted":false,"t":6,"tick":15356,"type":"hit"}
[client] {"a":4,"dup":false,"ev":"game","ms":258517,"predicted":false,"t":9,"tick":15357,"type":"hit"}
[client] {"a":8,"dup":false,"ev":"game","ms":258800,"predicted":false,"t":4,"tick":15374,"type":"hit"}
[client] {"a":9,"dup":false,"ev":"game","ms":258884,"predicted":false,"t":4,"tick":15379,"type":"hit"}
[client] {"counts":{"blocks_on_me":1,"conf_actions":172,"confirmed_hits":714,"dup_confirmed":0,"hits_on_me":64,"pred_actions":180,"predicted_confirmed":89,"predicted_hits":165,"reconnects":0},"ev":"stats","hp":220.0,"in_bytes":3418250,"late":0,"local_entity":1,"match":{"countdown_until":300,"ctrl":-1,"final":false,"next":"","phase":3,"rot":2852,"scores":[21,10],"sd":false,"state":3,"tick":15148,"zone":"A"},"max_err":1.277,"mean_err":0.0156,"ms":259952,"out_bytes":756968,"pending":4,"pos":[-37.16,-2.78],"reconciles":5140,"server_tick":15448,"snaps":5145,"teleports":5}
[client] {"a":4,"dup":false,"ev":"game","ms":259966,"predicted":false,"t":9,"tick":15444,"type":"hit"}
[client] {"a":4,"dup":false,"ev":"game","ms":260001,"predicted":false,"t":7,"tick":15446,"type":"hit"}
[client] {"a":4,"dup":false,"ev":"game","ms":260001,"predicted":false,"t":8,"tick":15446,"type":"block"}
[client] {"a":1,"dup":true,"ev":"game","ms":260865,"predicted":false,"t":7,"tick":15503,"type":"hit"}
[client] {"a":9,"dup":false,"ev":"game","ms":260911,"predicted":false,"t":4,"tick":15501,"type":"hit"}
[client] {"a":1,"dup":true,"ev":"game","ms":261181,"predicted":false,"t":7,"tick":15522,"type":"hit"}
[client] {"a":7,"dup":false,"ev":"game","ms":261609,"predicted":false,"t":1,"tick":15543,"type":"hit"}
[client] {"a":7,"dup":false,"ev":"game","ms":261946,"predicted":false,"t":1,"tick":15563,"type":"hit"}
[client] {"a":4,"dup":false,"ev":"game","ms":262195,"predicted":false,"t":6,"tick":15578,"type":"hit"}
[client] {"a":1,"dup":true,"ev":"game","ms":262209,"predicted":false,"t":7,"tick":15584,"type":"hit"}
[client] {"a":4,"dup":false,"ev":"game","ms":262230,"predicted":false,"t":9,"tick":15580,"type":"hit"}
[client] {"a":2,"dup":false,"ev":"game","ms":262526,"predicted":false,"t":7,"tick":15598,"type":"hit"}
[client] {"a":4,"dup":false,"ev":"game","ms":262526,"predicted":false,"t":6,"tick":15598,"type":"hit"}
[client] {"a":4,"dup":false,"ev":"game","ms":262561,"predicted":false,"t":9,"tick":15600,"type":"hit"}
[client] {"a":5,"dup":false,"ev":"game","ms":262712,"predicted":false,"t":1,"tick":15609,"type":"hit"}
[client] {"a":5,"dup":false,"ev":"game","ms":262712,"predicted":false,"t":2,"tick":15609,"type":"hit"}
[client] {"a":3,"dup":false,"ev":"game","ms":262809,"predicted":false,"t":5,"tick":15615,"type":"hit"}
[client] {"a":0,"dup":false,"ev":"game","ms":262879,"predicted":false,"t":9,"tick":15619,"type":"hit"}
[client] {"a":6,"dup":false,"ev":"game","ms":262879,"predicted":false,"t":4,"tick":15619,"type":"hit"}
[client] {"a":8,"dup":false,"ev":"game","ms":263265,"predicted":false,"t":4,"tick":15642,"type":"hit"}
[client] {"a":7,"dup":false,"ev":"game","ms":263913,"predicted":false,"t":1,"tick":15681,"type":"hit"}
[client] {"a":7,"dup":false,"ev":"game","ms":264209,"predicted":false,"t":1,"tick":15699,"type":"hit"}
[client] {"a":9,"dup":false,"ev":"game","ms":264282,"predicted":false,"t":0,"tick":15703,"type":"hit"}
[client] {"a":4,"dup":false,"ev":"game","ms":264431,"predicted":false,"t":9,"tick":15712,"type":"hit"}
[client] {"a":2,"dup":false,"ev":"game","ms":264445,"predicted":false,"t":7,"tick":15713,"type":"hit"}
[client] {"a":8,"dup":false,"ev":"game","ms":264528,"predicted":false,"t":4,"tick":15718,"type":"hit"}
[client] {"a":7,"dup":false,"ev":"game","ms":264783,"predicted":false,"t":2,"tick":15733,"type":"hit"}
[client] {"a":1,"dup":true,"ev":"game","ms":264796,"predicted":false,"t":7,"tick":15739,"type":"hit"}
[client] {"a":1,"dup":true,"ev":"game","ms":264900,"predicted":false,"t":9,"tick":15745,"type":"hit"}
[client] {"a":8,"dup":false,"ev":"game","ms":264928,"predicted":false,"t":4,"tick":15742,"type":"hit"}
[client] {"counts":{"blocks_on_me":1,"conf_actions":182,"confirmed_hits":743,"dup_confirmed":0,"hits_on_me":69,"pred_actions":190,"predicted_confirmed":94,"predicted_hits":175,"reconnects":0},"ev":"stats","hp":122.0,"in_bytes":3497776,"late":0,"local_entity":1,"match":{"countdown_until":300,"ctrl":-1,"final":false,"next":"","phase":3,"rot":2552,"scores":[21,10],"sd":false,"state":3,"tick":15448,"zone":"A"},"max_err":1.277,"mean_err":0.0157,"ms":264947,"out_bytes":771668,"pending":4,"pos":[-42.89,-2.0],"reconciles":5240,"server_tick":15748,"snaps":5245,"teleports":5}
[client] {"a":8,"dup":false,"ev":"game","ms":264948,"predicted":false,"t":0,"tick":15743,"type":"hit"}
[client] {"a":4,"dup":false,"ev":"game","ms":265328,"predicted":false,"t":8,"tick":15766,"type":"hit"}
[client] {"a":3,"dup":false,"ev":"game","ms":265383,"predicted":false,"t":5,"tick":15769,"type":"hit"}
[client] {"a":2,"dup":false,"ev":"game","ms":265466,"predicted":false,"t":8,"tick":15774,"type":"hit"}
[client] {"a":6,"dup":false,"ev":"game","ms":265500,"predicted":false,"t":3,"tick":15776,"type":"hit"}
[client] {"a":0,"dup":false,"ev":"game","ms":265528,"predicted":false,"t":5,"tick":15778,"type":"hit"}
[client] {"a":0,"dup":false,"ev":"game","ms":265528,"predicted":false,"t":6,"tick":15778,"type":"hit"}
[client] {"a":0,"dup":false,"ev":"game","ms":265548,"predicted":false,"t":8,"tick":15779,"type":"hit"}
[client] {"a":7,"dup":false,"ev":"game","ms":265796,"predicted":false,"t":1,"tick":15794,"type":"hit"}
[client] {"a":7,"dup":false,"ev":"game","ms":266100,"predicted":false,"t":1,"tick":15812,"type":"hit"}
[client] {"a":3,"dup":false,"ev":"game","ms":266211,"predicted":false,"t":8,"tick":15819,"type":"hit"}
[client] {"a":3,"dup":false,"ev":"game","ms":266232,"predicted":false,"t":6,"tick":15820,"type":"hit"}
[client] {"a":7,"dup":false,"ev":"game","ms":266480,"predicted":false,"t":1,"tick":15835,"type":"hit"}
[client] {"a":9,"dup":false,"ev":"game","ms":266528,"predicted":false,"t":2,"tick":15838,"type":"hit"}
[client] {"a":9,"dup":false,"ev":"game","ms":266584,"predicted":false,"t":1,"tick":15841,"type":"hit"}
[client] {"a":5,"dup":false,"ev":"game","ms":266611,"predicted":false,"t":3,"tick":15843,"type":"hit"}
[client] {"a":5,"dup":false,"ev":"game","ms":266680,"predicted":false,"t":4,"tick":15847,"type":"hit"}
[client] {"a":0,"dup":false,"ev":"game","ms":267128,"predicted":false,"t":9,"tick":15874,"type":"hit"}
[client] {"a":0,"dup":false,"ev":"game","ms":267149,"predicted":false,"t":7,"tick":15875,"type":"hit"}
[client] {"a":8,"dup":false,"ev":"game","ms":267446,"predicted":false,"t":0,"tick":15893,"type":"hit"}
[client] {"a":6,"dup":false,"ev":"game","ms":267515,"predicted":false,"t":0,"tick":15897,"type":"hit"}
[client] {"a":3,"dup":false,"ev":"game","ms":267646,"predicted":false,"t":5,"tick":15905,"type":"hit"}
[client] {"a":8,"dup":false,"ev":"game","ms":267811,"predicted":false,"t":0,"tick":15915,"type":"hit"}
[client] {"a":3,"dup":false,"ev":"game","ms":267963,"predicted":false,"t":5,"tick":15924,"type":"block"}
[client] {"a":3,"dup":false,"ev":"game","ms":268302,"predicted":false,"t":5,"tick":15944,"type":"block"}
[client] {"a":1,"dup":true,"ev":"game","ms":268302,"predicted":false,"t":6,"tick":15949,"type":"hit"}
[client] {"a":1,"dup":true,"ev":"game","ms":268302,"predicted":false,"t":8,"tick":15949,"type":"hit"}
[client] {"a":4,"dup":false,"ev":"game","ms":268433,"predicted":false,"t":6,"tick":15952,"type":"hit"}
[client] {"a":4,"dup":false,"ev":"game","ms":268467,"predicted":false,"t":8,"tick":15954,"type":"hit"}
[client] {"a":0,"dup":false,"ev":"game","ms":268729,"predicted":false,"t":7,"tick":15970,"type":"hit"}
[client] {"a":4,"dup":false,"ev":"game","ms":268798,"predicted":false,"t":5,"tick":15974,"type":"block"}
[client] {"a":6,"dup":false,"ev":"game","ms":268964,"predicted":false,"t":1,"tick":15984,"type":"hit"}
[client] {"a":6,"dup":false,"ev":"game","ms":269019,"predicted":false,"t":4,"tick":15987,"type":"hit"}
[client] {"a":3,"dup":false,"ev":"game","ms":269081,"predicted":false,"t":5,"tick":15991,"type":"hit"}
[client] {"a":0,"dup":false,"ev":"game","ms":269302,"predicted":false,"t":9,"tick":16004,"type":"hit"}
[client] {"a":9,"dup":false,"ev":"game","ms":269302,"predicted":false,"t":-1,"tick":16004,"type":"ko"}
[client] {"a":3,"dup":false,"ev":"game","ms":269419,"predicted":false,"t":5,"tick":16011,"type":"hit"}
[client] {"a":6,"dup":false,"ev":"game","ms":269634,"predicted":false,"t":3,"tick":16024,"type":"hit"}
[client] {"a":7,"dup":false,"ev":"game","ms":269647,"predicted":false,"t":0,"tick":16025,"type":"hit"}
[client] {"a":6,"dup":false,"ev":"game","ms":269681,"predicted":false,"t":4,"tick":16027,"type":"hit"}
[client] {"a":4,"dup":false,"ev":"game","ms":269681,"predicted":false,"t":-1,"tick":16027,"type":"ko"}
[client] {"counts":{"blocks_on_me":1,"conf_actions":192,"confirmed_hits":779,"dup_confirmed":0,"hits_on_me":74,"pred_actions":200,"predicted_confirmed":96,"predicted_hits":180,"reconnects":0},"ev":"stats","hp":12.0,"in_bytes":3578079,"late":0,"local_entity":1,"match":{"countdown_until":300,"ctrl":-1,"final":false,"next":"","phase":3,"rot":2252,"scores":[21,10],"sd":false,"state":3,"tick":15748,"zone":"A"},"max_err":1.277,"mean_err":0.0163,"ms":269949,"out_bytes":786368,"pending":4,"pos":[-45.03,-1.22],"reconciles":5340,"server_tick":16048,"snaps":5345,"teleports":5}
[client] {"a":0,"dup":false,"ev":"game","ms":270047,"predicted":false,"t":7,"tick":16049,"type":"hit"}
[client] {"a":2,"dup":false,"ev":"game","ms":270102,"predicted":false,"t":6,"tick":16052,"type":"hit"}
[client] {"a":0,"dup":false,"ev":"game","ms":270365,"predicted":false,"t":7,"tick":16068,"type":"hit"}
[client] {"a":2,"dup":false,"ev":"game","ms":270420,"predicted":false,"t":6,"tick":16071,"type":"hit"}
[client] {"a":8,"dup":false,"ev":"game","ms":270468,"predicted":false,"t":0,"tick":16074,"type":"hit"}
[client] {"a":1,"dup":false,"ev":"game","ms":270599,"predicted":false,"t":-1,"tick":16087,"type":"ko"}
[client] {"a":7,"dup":false,"ev":"game","ms":270682,"predicted":false,"t":1,"tick":16087,"type":"hit"}
[client] {"a":3,"dup":false,"ev":"game","ms":270716,"predicted":false,"t":5,"tick":16089,"type":"hit"}
[client] {"a":2,"dup":false,"ev":"game","ms":270730,"predicted":false,"t":6,"tick":16090,"type":"hit"}
[client] {"a":6,"dup":false,"ev":"game","ms":270730,"predicted":false,"t":-1,"tick":16090,"type":"ko"}
[client] {"a":8,"dup":false,"ev":"game","ms":271330,"predicted":false,"t":2,"tick":16126,"type":"hit"}
[client] {"a":8,"dup":false,"ev":"game","ms":271648,"predicted":false,"t":2,"tick":16145,"type":"hit"}
[client] {"a":3,"dup":false,"ev":"game","ms":271848,"predicted":false,"t":8,"tick":16157,"type":"hit"}
[client] {"a":3,"dup":false,"ev":"game","ms":272448,"predicted":false,"t":5,"tick":16193,"type":"hit"}
[client] {"a":2,"dup":false,"ev":"game","ms":272683,"predicted":false,"t":5,"tick":16207,"type":"hit"}
[client] {"a":7,"dup":false,"ev":"game","ms":272931,"predicted":false,"t":3,"tick":16223,"type":"hit"}
[client] {"a":0,"dup":false,"ev":"game","ms":272952,"predicted":false,"t":7,"tick":16224,"type":"hit"}
[client] {"a":7,"dup":false,"ev":"game","ms":272952,"predicted":false,"t":-1,"tick":16224,"type":"ko"}
[client] {"a":3,"dup":false,"ev":"game","ms":273331,"predicted":false,"t":5,"tick":16247,"type":"hit"}
[client] {"a":3,"dup":false,"ev":"game","ms":273670,"predicted":false,"t":5,"tick":16267,"type":"hit"}
[client] {"a":2,"dup":false,"ev":"game","ms":274318,"predicted":false,"t":8,"tick":16306,"type":"hit"}
[client] {"a":3,"dup":false,"ev":"game","ms":274318,"predicted":false,"t":5,"tick":16306,"type":"hit"}
[client] {"a":0,"dup":false,"ev":"game","ms":274704,"predicted":false,"t":5,"tick":16329,"type":"hit"}
[client] {"a":5,"dup":false,"ev":"game","ms":274704,"predicted":false,"t":-1,"tick":16329,"type":"ko"}
[client] {"counts":{"blocks_on_me":1,"conf_actions":193,"confirmed_hits":799,"dup_confirmed":0,"hits_on_me":75,"pred_actions":201,"predicted_confirmed":96,"predicted_hits":180,"reconnects":0},"ev":"stats","hp":0.0,"in_bytes":3645725,"late":0,"local_entity":1,"match":{"countdown_until":300,"ctrl":-1,"final":false,"next":"","phase":3,"rot":1952,"scores":[21,10],"sd":false,"state":3,"tick":16048,"zone":"A"},"max_err":1.277,"mean_err":0.0161,"ms":274952,"out_bytes":801068,"pending":4,"pos":[-45.29,-1.33],"reconciles":5440,"server_tick":16348,"snaps":5445,"teleports":5}
[client] {"a":3,"dup":false,"ev":"game","ms":275546,"predicted":false,"t":8,"tick":16379,"type":"hit"}
[client] {"a":8,"dup":false,"ev":"game","ms":275546,"predicted":false,"t":-1,"tick":16379,"type":"ko"}
[client] {"a":9,"dup":false,"ev":"game","ms":279300,"predicted":false,"t":-1,"tick":16604,"type":"respawn"}
[client] {"a":4,"dup":false,"ev":"game","ms":279679,"predicted":false,"t":-1,"tick":16627,"type":"respawn"}
[client] {"counts":{"blocks_on_me":1,"conf_actions":193,"confirmed_hits":800,"dup_confirmed":0,"hits_on_me":75,"pred_actions":201,"predicted_confirmed":96,"predicted_hits":180,"reconnects":0},"ev":"stats","hp":0.0,"in_bytes":3694794,"late":0,"local_entity":1,"match":{"countdown_until":300,"ctrl":0,"final":false,"next":"","phase":3,"rot":1652,"scores":[25,10],"sd":false,"state":2,"tick":16348,"zone":"A"},"max_err":1.277,"mean_err":0.0158,"ms":279948,"out_bytes":815768,"pending":4,"pos":[-45.29,-1.33],"reconciles":5539,"server_tick":16648,"snaps":5544,"teleports":5}
[client] {"a":1,"dup":false,"ev":"game","ms":280583,"predicted":false,"t":-1,"tick":16687,"type":"respawn"}
[client] {"a":6,"dup":false,"ev":"game","ms":280736,"predicted":false,"t":-1,"tick":16690,"type":"respawn"}
[client] {"a":7,"dup":false,"ev":"game","ms":282964,"predicted":false,"t":-1,"tick":16824,"type":"respawn"}
[client] {"a":5,"dup":false,"ev":"game","ms":284717,"predicted":false,"t":-1,"tick":16929,"type":"respawn"}
[client] {"counts":{"blocks_on_me":1,"conf_actions":193,"confirmed_hits":800,"dup_confirmed":0,"hits_on_me":75,"pred_actions":201,"predicted_confirmed":96,"predicted_hits":180,"reconnects":0},"ev":"stats","hp":220.0,"in_bytes":3743812,"late":0,"local_entity":1,"match":{"countdown_until":300,"ctrl":0,"final":false,"next":"","phase":3,"rot":1352,"scores":[30,10],"sd":false,"state":2,"tick":16648,"zone":"A"},"max_err":1.277,"mean_err":0.0155,"ms":284950,"out_bytes":830468,"pending":4,"pos":[-24.35,-28.72],"reconciles":5638,"server_tick":16948,"snaps":5644,"teleports":6}
[client] {"a":8,"dup":false,"ev":"game","ms":285551,"predicted":false,"t":-1,"tick":16979,"type":"respawn"}
[client] {"counts":{"blocks_on_me":1,"conf_actions":193,"confirmed_hits":800,"dup_confirmed":0,"hits_on_me":75,"pred_actions":201,"predicted_confirmed":96,"predicted_hits":180,"reconnects":0},"ev":"stats","hp":220.0,"in_bytes":3796575,"late":0,"local_entity":1,"match":{"countdown_until":300,"ctrl":-1,"final":false,"next":"","phase":3,"rot":1052,"scores":[34,10],"sd":false,"state":3,"tick":16948,"zone":"A"},"max_err":1.277,"mean_err":0.0153,"ms":289946,"out_bytes":845168,"pending":4,"pos":[-40.69,-0.7],"reconciles":5738,"server_tick":17248,"snaps":5744,"teleports":6}
[client] {"a":9,"dup":false,"ev":"game","ms":290161,"predicted":false,"t":2,"tick":17256,"type":"parry"}
[client] {"a":9,"dup":false,"ev":"game","ms":290913,"predicted":false,"t":1,"tick":17301,"type":"hit"}
[client] {"a":2,"dup":false,"ev":"game","ms":291113,"predicted":false,"t":9,"tick":17313,"type":"hit"}
[client] {"a":2,"dup":false,"ev":"game","ms":291700,"predicted":false,"t":6,"tick":17348,"type":"hit"}
[client] {"a":1,"dup":true,"ev":"game","ms":291783,"predicted":false,"t":9,"tick":17358,"type":"hit"}
[client] {"a":2,"dup":false,"ev":"game","ms":292101,"predicted":false,"t":6,"tick":17372,"type":"hit"}
[client] {"a":1,"dup":true,"ev":"game","ms":292101,"predicted":false,"t":9,"tick":17377,"type":"hit"}
[client] {"a":6,"dup":false,"ev":"game","ms":292452,"predicted":false,"t":2,"tick":17393,"type":"hit"}
[client] {"a":3,"dup":false,"ev":"game","ms":292769,"predicted":false,"t":6,"tick":17412,"type":"hit"}
[client] {"a":2,"dup":false,"ev":"game","ms":292817,"predicted":false,"t":6,"tick":17415,"type":"hit"}
[client] {"a":9,"dup":false,"ev":"game","ms":292831,"predicted":false,"t":1,"tick":17416,"type":"hit"}
[client] {"a":3,"dup":false,"ev":"game","ms":293138,"predicted":false,"t":6,"tick":17434,"type":"hit"}
[client] {"a":7,"dup":false,"ev":"game","ms":293281,"predicted":false,"t":1,"tick":17443,"type":"hit"}
[client] {"a":2,"dup":false,"ev":"game","ms":293569,"predicted":false,"t":6,"tick":17460,"type":"hit"}
[client] {"a":9,"dup":false,"ev":"game","ms":294398,"predicted":false,"t":1,"tick":17510,"type":"hit"}
[client] {"a":9,"dup":false,"ev":"game","ms":294453,"predicted":false,"t":2,"tick":17513,"type":"hit"}
[client] {"a":6,"dup":false,"ev":"game","ms":294598,"predicted":false,"t":2,"tick":17522,"type":"hit"}
[client] {"counts":{"blocks_on_me":1,"conf_actions":201,"confirmed_hits":816,"dup_confirmed":0,"hits_on_me":79,"pred_actions":210,"predicted_confirmed":98,"predicted_hits":184,"reconnects":0},"ev":"stats","hp":126.0,"in_bytes":3867527,"late":0,"local_entity":1,"match":{"countdown_until":300,"ctrl":-1,"final":false,"next":"C","phase":3,"rot":752,"scores":[34,10],"sd":false,"state":3,"tick":17248,"zone":"A"},"max_err":1.559,"mean_err":0.0156,"ms":294949,"out_bytes":859868,"pending":4,"pos":[-36.8,0.12],"reconciles":5836,"server_tick":17548,"snaps":5842,"teleports":6}
[client] {"a":1,"dup":true,"ev":"game","ms":295136,"predicted":false,"t":6,"tick":17559,"type":"hit"}
[client] {"a":5,"dup":false,"ev":"game","ms":295267,"predicted":false,"t":2,"tick":17562,"type":"hit"}
[client] {"a":1,"dup":true,"ev":"game","ms":295433,"predicted":false,"t":6,"tick":17578,"type":"hit"}
[client] {"a":4,"dup":false,"ev":"game","ms":295584,"predicted":false,"t":9,"tick":17581,"type":"hit"}
[client] {"a":7,"dup":false,"ev":"game","ms":295653,"predicted":false,"t":2,"tick":17585,"type":"hit"}
[client] {"a":5,"dup":false,"ev":"game","ms":295716,"predicted":false,"t":2,"tick":17590,"type":"hit"}
[client] {"a":1,"dup":true,"ev":"game","ms":295771,"predicted":false,"t":6,"tick":17598,"type":"hit"}
[client] {"a":6,"dup":false,"ev":"game","ms":296633,"predicted":false,"t":1,"tick":17645,"type":"hit"}
[client] {"a":7,"dup":false,"ev":"game","ms":296654,"predicted":false,"t":1,"tick":17646,"type":"hit"}
[client] {"a":4,"dup":false,"ev":"game","ms":296682,"predicted":false,"t":9,"tick":17648,"type":"hit"}
[client] {"a":5,"dup":false,"ev":"game","ms":296785,"predicted":false,"t":2,"tick":17654,"type":"hit"}
[client] {"a":5,"dup":false,"ev":"game","ms":296820,"predicted":false,"t":3,"tick":17656,"type":"hit"}
[client] {"a":0,"dup":false,"ev":"game","ms":296951,"predicted":false,"t":8,"tick":17664,"type":"hit"}
[client] {"a":4,"dup":false,"ev":"game","ms":297020,"predicted":false,"t":9,"tick":17668,"type":"hit"}
[client] {"a":0,"dup":false,"ev":"game","ms":297585,"predicted":false,"t":8,"tick":17702,"type":"hit"}
[client] {"a":4,"dup":false,"ev":"game","ms":297637,"predicted":false,"t":9,"tick":17705,"type":"hit"}
[client] {"a":6,"dup":false,"ev":"game","ms":297669,"predicted":false,"t":1,"tick":17707,"type":"hit"}
[client] {"a":4,"dup":false,"ev":"game","ms":297836,"predicted":false,"t":9,"tick":17717,"type":"hit"}
[client] {"a":3,"dup":false,"ev":"game","ms":298172,"predicted":false,"t":8,"tick":17737,"type":"hit"}
[client] {"a":0,"dup":false,"ev":"game","ms":298351,"predicted":false,"t":5,"tick":17748,"type":"hit"}
[client] {"a":4,"dup":false,"ev":"game","ms":298717,"predicted":false,"t":9,"tick":17770,"type":"hit"}
[client] {"a":5,"dup":false,"ev":"game","ms":299000,"predicted":false,"t":0,"tick":17787,"type":"hit"}
[client] {"a":4,"dup":false,"ev":"game","ms":299021,"predicted":false,"t":9,"tick":17788,"type":"hit"}
[client] {"a":8,"dup":false,"ev":"game","ms":299394,"predicted":false,"t":0,"tick":17811,"type":"hit"}
[client] {"a":2,"dup":false,"ev":"game","ms":299428,"predicted":false,"t":5,"tick":17813,"type":"hit"}
[client] {"a":6,"dup":false,"ev":"game","ms":299545,"predicted":false,"t":3,"tick":17819,"type":"hit"}
[client] {"a":1,"dup":true,"ev":"game","ms":299783,"predicted":false,"t":7,"tick":17838,"type":"hit"}
[client] {"a":5,"dup":false,"ev":"game","ms":299818,"predicted":false,"t":3,"tick":17835,"type":"hit"}
[client] {"counts":{"blocks_on_me":1,"conf_actions":209,"confirmed_hits":844,"dup_confirmed":0,"hits_on_me":82,"pred_actions":217,"predicted_confirmed":102,"predicted_hits":190,"reconnects":0},"ev":"stats","hp":32.0,"in_bytes":3946376,"late":0,"local_entity":1,"match":{"countdown_until":300,"ctrl":-1,"final":false,"next":"C","phase":3,"rot":452,"scores":[34,10],"sd":false,"state":3,"tick":17548,"zone":"A"},"max_err":1.559,"mean_err":0.0157,"ms":299947,"out_bytes":874568,"pending":4,"pos":[-38.96,-0.23],"reconciles":5936,"server_tick":17848,"snaps":5942,"teleports":6}
[client] {"a":6,"dup":false,"ev":"game","ms":299983,"predicted":false,"t":0,"tick":17845,"type":"hit"}
[client] {"a":5,"dup":false,"ev":"game","ms":300148,"predicted":false,"t":2,"tick":17855,"type":"hit"}
[client] {"a":5,"dup":false,"ev":"game","ms":300148,"predicted":false,"t":3,"tick":17855,"type":"hit"}
[client] {"a":0,"dup":false,"ev":"game","ms":300335,"predicted":false,"t":6,"tick":17866,"type":"hit"}
[client] {"a":1,"dup":true,"ev":"game","ms":300433,"predicted":false,"t":7,"tick":17877,"type":"hit"}
[client] {"a":5,"dup":false,"ev":"game","ms":300486,"predicted":false,"t":2,"tick":17875,"type":"hit"}
[client] {"a":5,"dup":false,"ev":"game","ms":300486,"predicted":false,"t":3,"tick":17875,"type":"hit"}
[client] {"a":1,"dup":false,"ev":"game","ms":300535,"predicted":false,"t":-1,"tick":17883,"type":"ko"}
[client] {"a":8,"dup":false,"ev":"game","ms":300618,"predicted":false,"t":3,"tick":17883,"type":"hit"}
[client] {"a":9,"dup":false,"ev":"game","ms":300618,"predicted":false,"t":1,"tick":17883,"type":"hit"}
[client] {"a":8,"dup":false,"ev":"game","ms":300632,"predicted":false,"t":2,"tick":17884,"type":"hit"}
[client] {"a":8,"dup":false,"ev":"game","ms":300852,"predicted":false,"t":2,"tick":17897,"type":"hit"}
[client] {"a":7,"dup":false,"ev":"game","ms":300935,"predicted":false,"t":2,"tick":17902,"type":"hit"}
[client] {"a":7,"dup":false,"ev":"game","ms":300949,"predicted":false,"t":3,"tick":17903,"type":"hit"}
[client] {"a":6,"dup":false,"ev":"game","ms":300984,"predicted":false,"t":0,"tick":17905,"type":"hit"}
[client] {"a":8,"dup":false,"ev":"game","ms":301369,"predicted":false,"t":2,"tick":17928,"type":"hit"}
[client] {"a":7,"dup":false,"ev":"game","ms":301487,"predicted":false,"t":2,"tick":17935,"type":"hit"}
[client] {"a":2,"dup":false,"ev":"game","ms":301487,"predicted":false,"t":-1,"tick":17935,"type":"ko"}
[client] {"a":6,"dup":false,"ev":"game","ms":301887,"predicted":false,"t":4,"tick":17959,"type":"hit"}
[client] {"a":0,"dup":false,"ev":"game","ms":301970,"predicted":false,"t":6,"tick":17964,"type":"hit"}
[client] {"a":8,"dup":false,"ev":"game","ms":302053,"predicted":false,"t":4,"tick":17969,"type":"hit"}
[client] {"a":6,"dup":false,"ev":"game","ms":302349,"predicted":false,"t":0,"tick":17987,"type":"hit"}
[client] {"a":3,"dup":false,"ev":"game","ms":302370,"predicted":false,"t":8,"tick":17988,"type":"hit"}
[client] {"a":6,"dup":false,"ev":"game","ms":302653,"predicted":false,"t":0,"tick":18005,"type":"hit"}
[client] {"a":3,"dup":false,"ev":"game","ms":302715,"predicted":false,"t":8,"tick":18009,"type":"hit"}
[client] {"a":6,"dup":false,"ev":"game","ms":302971,"predicted":false,"t":0,"tick":18024,"type":"hit"}
[client] {"a":7,"dup":false,"ev":"game","ms":303026,"predicted":false,"t":3,"tick":18028,"type":"hit"}
[client] {"a":8,"dup":false,"ev":"game","ms":303081,"predicted":false,"t":3,"tick":18031,"type":"hit"}
[client] {"a":3,"dup":false,"ev":"game","ms":303543,"predicted":false,"t":7,"tick":18059,"type":"hit"}
[client] {"a":3,"dup":false,"ev":"game","ms":303578,"predicted":false,"t":5,"tick":18061,"type":"block"}
[client] {"a":8,"dup":false,"ev":"game","ms":303648,"predicted":false,"t":3,"tick":18065,"type":"hit"}
[client] {"a":6,"dup":false,"ev":"game","ms":303826,"predicted":false,"t":0,"tick":18076,"type":"hit"}
[client] {"a":4,"dup":false,"ev":"game","ms":303981,"predicted":false,"t":5,"tick":18085,"type":"block"}
[client] {"a":3,"dup":false,"ev":"game","ms":304014,"predicted":false,"t":5,"tick":18087,"type":"block"}
[client] {"a":9,"dup":false,"ev":"game","ms":304095,"predicted":false,"t":3,"tick":18092,"type":"hit"}
[client] {"a":8,"dup":false,"ev":"game","ms":304281,"predicted":false,"t":3,"tick":18103,"type":"hit"}
[client] {"a":7,"dup":false,"ev":"game","ms":304509,"predicted":false,"t":3,"tick":18117,"type":"hit"}
[client] {"a":7,"dup":false,"ev":"game","ms":304564,"predicted":false,"t":4,"tick":18120,"type":"hit"}
[client] {"a":7,"dup":false,"ev":"game","ms":304827,"predicted":false,"t":3,"tick":18136,"type":"hit"}
[client] {"a":3,"dup":false,"ev":"game","ms":304827,"predicted":false,"t":-1,"tick":18136,"type":"ko"}
[client] {"a":6,"dup":false,"ev":"game","ms":304862,"predicted":false,"t":0,"tick":18138,"type":"hit"}
[client] {"a":0,"dup":false,"ev":"game","ms":304862,"predicted":false,"t":-1,"tick":18138,"type":"ko"}
[client] {"counts":{"blocks_on_me":1,"conf_actions":210,"confirmed_hits":879,"dup_confirmed":0,"hits_on_me":83,"pred_actions":218,"predicted_confirmed":103,"predicted_hits":191,"reconnects":0},"ev":"stats","hp":0.0,"in_bytes":4026771,"late":0,"local_entity":1,"match":{"countdown_until":300,"ctrl":-1,"final":false,"next":"C","phase":3,"rot":152,"scores":[34,10],"sd":false,"state":3,"tick":17848,"zone":"A"},"max_err":1.559,"mean_err":0.0154,"ms":304943,"out_bytes":889268,"pending":4,"pos":[-39.4,-0.34],"reconciles":6036,"server_tick":18148,"snaps":6042,"teleports":6}
[client] {"a":6,"dup":false,"ev":"game","ms":305905,"predicted":false,"t":4,"tick":18201,"type":"hit"}
[client] {"a":6,"dup":false,"ev":"game","ms":306244,"predicted":false,"t":4,"tick":18221,"type":"hit"}
[client] {"a":4,"dup":false,"ev":"game","ms":306610,"predicted":false,"t":6,"tick":18243,"type":"hit"}
[client] {"a":6,"dup":false,"ev":"game","ms":306610,"predicted":false,"t":-1,"tick":18243,"type":"ko"}
[client] {"a":4,"dup":false,"ev":"game","ms":307541,"predicted":false,"t":8,"tick":18299,"type":"hit"}
[client] {"a":-1,"dup":false,"ev":"game","ms":307541,"predicted":false,"t":-1,"tick":18299,"type":"zone_rotated"}
[client] {"a":5,"dup":false,"ev":"game","ms":308176,"predicted":false,"t":4,"tick":18337,"type":"hit"}
[client] {"a":7,"dup":false,"ev":"game","ms":309742,"predicted":false,"t":4,"tick":18431,"type":"hit"}
[client] {"counts":{"blocks_on_me":1,"conf_actions":210,"confirmed_hits":885,"dup_confirmed":0,"hits_on_me":83,"pred_actions":218,"predicted_confirmed":103,"predicted_hits":191,"reconnects":0},"ev":"stats","hp":0.0,"in_bytes":4090485,"late":0,"local_entity":1,"match":{"countdown_until":300,"ctrl":-1,"final":false,"next":"","phase":3,"rot":3452,"scores":[34,10],"sd":false,"state":1,"tick":18148,"zone":"C"},"max_err":1.559,"mean_err":0.0151,"ms":309941,"out_bytes":903968,"pending":4,"pos":[-39.4,-0.34],"reconciles":6136,"server_tick":18447,"snaps":6142,"teleports":6}
[client] {"a":7,"dup":false,"ev":"game","ms":310060,"predicted":false,"t":4,"tick":18450,"type":"hit"}
[client] {"a":1,"dup":false,"ev":"game","ms":310529,"predicted":false,"t":-1,"tick":18483,"type":"respawn"}
[client] {"a":7,"dup":false,"ev":"game","ms":310894,"predicted":false,"t":4,"tick":18500,"type":"hit"}
[client] {"a":7,"dup":false,"ev":"game","ms":311398,"predicted":false,"t":4,"tick":18530,"type":"hit"}
[client] {"a":2,"dup":false,"ev":"game","ms":311481,"predicted":false,"t":-1,"tick":18535,"type":"respawn"}
[client] {"a":7,"dup":false,"ev":"game","ms":312046,"predicted":false,"t":4,"tick":18569,"type":"hit"}
[client] {"a":4,"dup":false,"ev":"game","ms":312047,"predicted":false,"t":-1,"tick":18569,"type":"ko"}
[client] {"a":3,"dup":false,"ev":"game","ms":314828,"predicted":false,"t":-1,"tick":18736,"type":"respawn"}
[client] {"a":0,"dup":false,"ev":"game","ms":314862,"predicted":false,"t":-1,"tick":18738,"type":"respawn"}
[client] {"counts":{"blocks_on_me":1,"conf_actions":210,"confirmed_hits":889,"dup_confirmed":0,"hits_on_me":83,"pred_actions":218,"predicted_confirmed":103,"predicted_hits":191,"reconnects":0},"ev":"stats","hp":220.0,"in_bytes":4146978,"late":0,"local_entity":1,"match":{"countdown_until":300,"ctrl":-1,"final":false,"next":"","phase":3,"rot":3152,"scores":[34,10],"sd":false,"state":1,"tick":18448,"zone":"C"},"max_err":1.559,"mean_err":0.0149,"ms":314944,"out_bytes":918668,"pending":4,"pos":[24.71,-28.12],"reconciles":6235,"server_tick":18747,"snaps":6242,"teleports":7}
[client] {"a":6,"dup":false,"ev":"game","ms":316616,"predicted":false,"t":-1,"tick":18843,"type":"respawn"}
[client] {"counts":{"blocks_on_me":1,"conf_actions":211,"confirmed_hits":889,"dup_confirmed":0,"hits_on_me":83,"pred_actions":219,"predicted_confirmed":103,"predicted_hits":191,"reconnects":0},"ev":"stats","hp":220.0,"in_bytes":4204089,"late":0,"local_entity":1,"match":{"countdown_until":300,"ctrl":-1,"final":false,"next":"","phase":3,"rot":2852,"scores":[34,10],"sd":false,"state":3,"tick":18748,"zone":"C"},"max_err":1.559,"mean_err":0.0147,"ms":319946,"out_bytes":933368,"pending":4,"pos":[38.44,-2.15],"reconciles":6335,"server_tick":19048,"snaps":6342,"teleports":7}
[client] {"a":1,"dup":true,"ev":"game","ms":320809,"predicted":false,"t":8,"tick":19100,"type":"hit"}
[client] {"a":2,"dup":false,"ev":"game","ms":321376,"predicted":false,"t":8,"tick":19129,"type":"hit"}
[client] {"a":1,"dup":true,"ev":"game","ms":321879,"predicted":false,"t":9,"tick":19163,"type":"hit"}
[client] {"a":5,"dup":false,"ev":"game","ms":322010,"predicted":false,"t":2,"tick":19167,"type":"hit"}
[client] {"a":4,"dup":false,"ev":"game","ms":322045,"predicted":false,"t":-1,"tick":19169,"type":"respawn"}
[client] {"a":1,"dup":true,"ev":"game","ms":322196,"predicted":false,"t":9,"tick":19183,"type":"hit"}
[client] {"a":8,"dup":false,"ev":"game","ms":322796,"predicted":false,"t":1,"tick":19214,"type":"hit"}
[client] {"a":9,"dup":false,"ev":"game","ms":322941,"predicted":false,"t":2,"tick":19223,"type":"hit"}
[client] {"a":9,"dup":false,"ev":"game","ms":322996,"predicted":false,"t":1,"tick":19226,"type":"hit"}
[client] {"a":8,"dup":false,"ev":"game","ms":323114,"predicted":false,"t":1,"tick":19233,"type":"hit"}
[client] {"a":8,"dup":false,"ev":"game","ms":323128,"predicted":false,"t":2,"tick":19234,"type":"hit"}
[client] {"a":1,"dup":true,"ev":"game","ms":323679,"predicted":false,"t":5,"tick":19272,"type":"hit"}
[client] {"a":1,"dup":true,"ev":"game","ms":323680,"predicted":false,"t":8,"tick":19272,"type":"hit"}
[client] {"a":9,"dup":false,"ev":"game","ms":323796,"predicted":false,"t":2,"tick":19274,"type":"hit"}
[client] {"a":1,"dup":true,"ev":"game","ms":324728,"predicted":false,"t":9,"tick":19335,"type":"hit"}
[client] {"a":2,"dup":false,"ev":"game","ms":324762,"predicted":false,"t":9,"tick":19332,"type":"hit"}
[client] {"counts":{"blocks_on_me":1,"conf_actions":220,"confirmed_hits":904,"dup_confirmed":0,"hits_on_me":86,"pred_actions":229,"predicted_confirmed":109,"predicted_hits":201,"reconnects":0},"ev":"stats","hp":146.0,"in_bytes":4276218,"late":0,"local_entity":1,"match":{"countdown_until":300,"ctrl":-1,"final":false,"next":"","phase":3,"rot":2552,"scores":[34,10],"sd":false,"state":3,"tick":19048,"zone":"C"},"max_err":1.559,"mean_err":0.0149,"ms":324941,"out_bytes":948068,"pending":5,"pos":[41.78,-0.36],"reconciles":6432,"server_tick":19347,"snaps":6441,"teleports":7}
[client] {"a":1,"dup":true,"ev":"game","ms":325080,"predicted":false,"t":9,"tick":19356,"type":"hit"}
[client] {"a":2,"dup":false,"ev":"game","ms":325128,"predicted":false,"t":9,"tick":19354,"type":"hit"}
[client] {"a":9,"dup":false,"ev":"game","ms":325515,"predicted":false,"t":1,"tick":19377,"type":"hit"}
[client] {"a":9,"dup":false,"ev":"game","ms":325529,"predicted":false,"t":2,"tick":19378,"type":"hit"}
[client] {"a":8,"dup":false,"ev":"game","ms":325846,"predicted":false,"t":1,"tick":19397,"type":"hit"}
[client] {"a":9,"dup":false,"ev":"game","ms":325963,"predicted":false,"t":1,"tick":19404,"type":"hit"}
[client] {"a":9,"dup":false,"ev":"game","ms":325963,"predicted":false,"t":2,"tick":19404,"type":"hit"}
[client] {"a":8,"dup":false,"ev":"game","ms":326094,"predicted":false,"t":1,"tick":19412,"type":"hit"}
[client] {"a":2,"dup":false,"ev":"game","ms":326280,"predicted":false,"t":9,"tick":19423,"type":"hit"}
[client] {"a":5,"dup":false,"ev":"game","ms":326280,"predicted":false,"t":0,"tick":19423,"type":"hit"}
[client] {"a":3,"dup":false,"ev":"game","ms":326363,"predicted":false,"t":5,"tick":19428,"type":"hit"}
[client] {"a":2,"dup":false,"ev":"game","ms":326633,"predicted":false,"t":9,"tick":19444,"type":"hit"}
[client] {"a":5,"dup":false,"ev":"game","ms":326881,"predicted":false,"t":3,"tick":19459,"type":"hit"}
[client] {"a":0,"dup":false,"ev":"game","ms":326916,"predicted":false,"t":6,"tick":19461,"type":"hit"}
[client] {"a":9,"dup":false,"ev":"game","ms":326977,"predicted":false,"t":2,"tick":19465,"type":"hit"}
[client] {"a":8,"dup":false,"ev":"game","ms":326998,"predicted":false,"t":2,"tick":19466,"type":"hit"}
[client] {"a":9,"dup":false,"ev":"game","ms":326998,"predicted":false,"t":1,"tick":19466,"type":"hit"}
[client] {"a":5,"dup":false,"ev":"game","ms":327233,"predicted":false,"t":3,"tick":19480,"type":"hit"}
[client] {"a":0,"dup":false,"ev":"game","ms":327247,"predicted":false,"t":6,"tick":19481,"type":"hit"}
[client] {"a":2,"dup":false,"ev":"game","ms":327378,"predicted":false,"t":9,"tick":19489,"type":"hit"}
[client] {"a":0,"dup":false,"ev":"game","ms":327544,"predicted":false,"t":6,"tick":19499,"type":"hit"}
[client] {"a":3,"dup":false,"ev":"game","ms":327598,"predicted":false,"t":5,"tick":19502,"type":"hit"}
[client] {"a":9,"dup":false,"ev":"game","ms":327764,"predicted":false,"t":2,"tick":19512,"type":"hit"}
[client] {"a":7,"dup":false,"ev":"game","ms":327812,"predicted":false,"t":2,"tick":19515,"type":"hit"}
[client] {"a":3,"dup":false,"ev":"game","ms":327931,"predicted":false,"t":5,"tick":19522,"type":"hit"}
[client] {"a":8,"dup":false,"ev":"game","ms":328047,"predicted":false,"t":1,"tick":19529,"type":"hit"}
[client] {"a":0,"dup":false,"ev":"game","ms":328143,"predicted":false,"t":6,"tick":19535,"type":"hit"}
[client] {"a":5,"dup":false,"ev":"game","ms":328579,"predicted":false,"t":3,"tick":19561,"type":"hit"}
[client] {"a":1,"dup":false,"ev":"game","ms":328730,"predicted":false,"t":-1,"tick":19575,"type":"ko"}
[client] {"a":7,"dup":false,"ev":"game","ms":328778,"predicted":false,"t":2,"tick":19573,"type":"hit"}
[client] {"a":2,"dup":false,"ev":"game","ms":328778,"predicted":false,"t":-1,"tick":19573,"type":"ko"}
[client] {"a":9,"dup":false,"ev":"game","ms":328812,"predicted":false,"t":1,"tick":19575,"type":"hit"}
[client] {"a":0,"dup":false,"ev":"game","ms":329282,"predicted":false,"t":6,"tick":19603,"type":"hit"}
[client] {"a":3,"dup":false,"ev":"game","ms":329551,"predicted":false,"t":5,"tick":19619,"type":"hit"}
[client] {"a":6,"dup":false,"ev":"game","ms":329647,"predicted":false,"t":0,"tick":19625,"type":"hit"}
[client] {"counts":{"blocks_on_me":1,"conf_actions":225,"confirmed_hits":937,"dup_confirmed":0,"hits_on_me":93,"pred_actions":234,"predicted_confirmed":110,"predicted_hits":203,"reconnects":0},"ev":"stats","hp":0.0,"in_bytes":4355044,"late":0,"local_entity":1,"match":{"countdown_until":300,"ctrl":-1,"final":false,"next":"","phase":3,"rot":2252,"scores":[34,10],"sd":false,"state":3,"tick":19348,"zone":"C"},"max_err":1.559,"mean_err":0.0154,"ms":329950,"out_bytes":962768,"pending":5,"pos":[42.98,-3.69],"reconciles":6532,"server_tick":19647,"snaps":6541,"teleports":7}
[client] {"a":6,"dup":false,"ev":"game","ms":329981,"predicted":false,"t":0,"tick":19645,"type":"hit"}
[client] {"a":6,"dup":false,"ev":"game","ms":330579,"predicted":false,"t":3,"tick":19681,"type":"hit"}
[client] {"a":6,"dup":false,"ev":"game","ms":331000,"predicted":false,"t":3,"tick":19706,"type":"hit"}
[client] {"a":8,"dup":false,"ev":"game","ms":331000,"predicted":false,"t":3,"tick":19706,"type":"hit"}
[client] {"a":9,"dup":false,"ev":"game","ms":331152,"predicted":false,"t":3,"tick":19715,"type":"hit"}
[client] {"a":0,"dup":false,"ev":"game","ms":331566,"predicted":false,"t":5,"tick":19740,"type":"hit"}
[client] {"a":0,"dup":false,"ev":"game","ms":331580,"predicted":false,"t":8,"tick":19741,"type":"hit"}
[client] {"a":5,"dup":false,"ev":"game","ms":331931,"predicted":false,"t":0,"tick":19762,"type":"hit"}
[client] {"a":8,"dup":false,"ev":"game","ms":331967,"predicted":false,"t":0,"tick":19764,"type":"hit"}
[client] {"a":4,"dup":false,"ev":"game","ms":332166,"predicted":false,"t":6,"tick":19776,"type":"hit"}
[client] {"a":5,"dup":false,"ev":"game","ms":332753,"predicted":false,"t":0,"tick":19811,"type":"hit"}
[client] {"a":4,"dup":false,"ev":"game","ms":332815,"predicted":false,"t":6,"tick":19815,"type":"hit"}
[client] {"a":5,"dup":false,"ev":"game","ms":333601,"predicted":false,"t":0,"tick":19862,"type":"hit"}
[client] {"a":0,"dup":false,"ev":"game","ms":334063,"predicted":false,"t":5,"tick":19890,"type":"hit"}
[client] {"a":3,"dup":false,"ev":"game","ms":334602,"predicted":false,"t":5,"tick":19922,"type":"hit"}
[client] {"a":4,"dup":false,"ev":"game","ms":334733,"predicted":false,"t":9,"tick":19930,"type":"hit"}
[client] {"counts":{"blocks_on_me":1,"conf_actions":225,"confirmed_hits":953,"dup_confirmed":0,"hits_on_me":93,"pred_actions":234,"predicted_confirmed":110,"predicted_hits":203,"reconnects":0},"ev":"stats","hp":0.0,"in_bytes":4424772,"late":0,"local_entity":1,"match":{"countdown_until":300,"ctrl":-1,"final":false,"next":"","phase":3,"rot":1952,"scores":[34,10],"sd":false,"state":3,"tick":19648,"zone":"C"},"max_err":1.559,"mean_err":0.0152,"ms":334953,"out_bytes":977468,"pending":5,"pos":[42.98,-3.69],"reconciles":6632,"server_tick":19948,"snaps":6641,"teleports":7}
[client] {"a":8,"dup":false,"ev":"game","ms":335202,"predicted":false,"t":4,"tick":19958,"type":"hit"}
[client] {"a":9,"dup":false,"ev":"game","ms":335299,"predicted":false,"t":4,"tick":19964,"type":"hit"}
[client] {"a":5,"dup":false,"ev":"game","ms":335464,"predicted":false,"t":0,"tick":19974,"type":"hit"}
[client] {"a":9,"dup":false,"ev":"game","ms":335568,"predicted":false,"t":4,"tick":19980,"type":"hit"}
[client] {"a":6,"dup":false,"ev":"game","ms":335782,"predicted":false,"t":4,"tick":19993,"type":"hit"}
[client] {"a":3,"dup":false,"ev":"game","ms":335885,"predicted":false,"t":6,"tick":19999,"type":"hit"}
[client] {"a":9,"dup":false,"ev":"game","ms":335885,"predicted":false,"t":4,"tick":19999,"type":"hit"}
[client] {"a":0,"dup":false,"ev":"game","ms":336154,"predicted":false,"t":5,"tick":20015,"type":"hit"}
[client] {"a":3,"dup":false,"ev":"game","ms":336182,"predicted":false,"t":6,"tick":20017,"type":"hit"}
[client] {"a":4,"dup":false,"ev":"game","ms":336465,"predicted":false,"t":8,"tick":20034,"type":"hit"}
[client] {"a":9,"dup":false,"ev":"game","ms":336554,"predicted":false,"t":3,"tick":20039,"type":"hit"}
[client] {"a":4,"dup":false,"ev":"game","ms":336810,"predicted":false,"t":8,"tick":20055,"type":"hit"}
[client] {"a":4,"dup":false,"ev":"game","ms":337065,"predicted":false,"t":8,"tick":20070,"type":"hit"}
[client] {"a":5,"dup":false,"ev":"game","ms":337079,"predicted":false,"t":3,"tick":20071,"type":"hit"}
[client] {"a":9,"dup":false,"ev":"game","ms":337196,"predicted":false,"t":0,"tick":20078,"type":"hit"}
[client] {"a":9,"dup":false,"ev":"game","ms":337513,"predicted":false,"t":0,"tick":20097,"type":"hit"}
[client] {"a":3,"dup":false,"ev":"game","ms":337693,"predicted":false,"t":5,"tick":20108,"type":"hit"}
[client] {"a":9,"dup":false,"ev":"game","ms":337810,"predicted":false,"t":0,"tick":20115,"type":"hit"}
[client] {"a":0,"dup":false,"ev":"game","ms":337810,"predicted":false,"t":-1,"tick":20115,"type":"ko"}
[client] {"a":3,"dup":false,"ev":"game","ms":338031,"predicted":false,"t":5,"tick":20128,"type":"hit"}
[client] {"a":5,"dup":false,"ev":"game","ms":338410,"predicted":false,"t":3,"tick":20151,"type":"hit"}
[client] {"a":7,"dup":false,"ev":"game","ms":338514,"predicted":false,"t":3,"tick":20157,"type":"hit"}
[client] {"a":4,"dup":false,"ev":"game","ms":338562,"predicted":false,"t":8,"tick":20160,"type":"hit"}
[client] {"a":1,"dup":false,"ev":"game","ms":338729,"predicted":false,"t":-1,"tick":20175,"type":"respawn"}
[client] {"a":2,"dup":false,"ev":"game","ms":338777,"predicted":false,"t":-1,"tick":20173,"type":"respawn"}
[client] {"a":5,"dup":false,"ev":"game","ms":338797,"predicted":false,"t":3,"tick":20174,"type":"hit"}
[client] {"a":3,"dup":false,"ev":"game","ms":338797,"predicted":false,"t":-1,"tick":20174,"type":"ko"}
[client] {"a":4,"dup":false,"ev":"game","ms":338896,"predicted":false,"t":8,"tick":20180,"type":"hit"}
[client] {"counts":{"blocks_on_me":1,"conf_actions":225,"confirmed_hits":977,"dup_confirmed":0,"hits_on_me":93,"pred_actions":234,"predicted_confirmed":110,"predicted_hits":203,"reconnects":0},"ev":"stats","hp":220.0,"in_bytes":4496241,"late":0,"local_entity":1,"match":{"countdown_until":300,"ctrl":-1,"final":false,"next":"","phase":3,"rot":1652,"scores":[34,10],"sd":false,"state":3,"tick":19948,"zone":"C"},"max_err":1.559,"mean_err":0.015,"ms":339948,"out_bytes":992168,"pending":5,"pos":[4.13,-42.6],"reconciles":6731,"server_tick":20248,"snaps":6741,"teleports":8}
[client] {"a":6,"dup":false,"ev":"game","ms":340081,"predicted":false,"t":4,"tick":20251,"type":"hit"}
[client] {"a":6,"dup":false,"ev":"game","ms":340315,"predicted":false,"t":4,"tick":20265,"type":"hit"}
[client] {"a":6,"dup":false,"ev":"game","ms":340812,"predicted":false,"t":4,"tick":20295,"type":"hit"}
[client] {"a":6,"dup":false,"ev":"game","ms":341129,"predicted":false,"t":4,"tick":20314,"type":"hit"}
[client] {"a":6,"dup":false,"ev":"game","ms":341481,"predicted":false,"t":4,"tick":20335,"type":"hit"}
[client] {"a":4,"dup":false,"ev":"game","ms":342047,"predicted":false,"t":6,"tick":20369,"type":"hit"}
[client] {"a":4,"dup":false,"ev":"game","ms":342399,"predicted":false,"t":6,"tick":20390,"type":"hit"}
[client] {"a":6,"dup":false,"ev":"game","ms":342399,"predicted":false,"t":-1,"tick":20390,"type":"ko"}
[client] {"a":4,"dup":false,"ev":"game","ms":343835,"predicted":false,"t":7,"tick":20476,"type":"hit"}
[client] {"a":4,"dup":false,"ev":"game","ms":343868,"predicted":false,"t":9,"tick":20478,"type":"hit"}
[client] {"a":8,"dup":false,"ev":"game","ms":344131,"predicted":false,"t":4,"tick":20494,"type":"hit"}
[client] {"a":7,"dup":false,"ev":"game","ms":344200,"predicted":false,"t":4,"tick":20498,"type":"hit"}
[client] {"a":4,"dup":false,"ev":"game","ms":344200,"predicted":false,"t":-1,"tick":20498,"type":"ko"}
[client] {"counts":{"blocks_on_me":1,"conf_actions":225,"confirmed_hits":988,"dup_confirmed":0,"hits_on_me":93,"pred_actions":234,"predicted_confirmed":110,"predicted_hits":203,"reconnects":0},"ev":"stats","hp":220.0,"in_bytes":4562058,"late":0,"local_entity":1,"match":{"countdown_until":300,"ctrl":1,"final":false,"next":"","phase":3,"rot":1352,"scores":[34,10],"sd":false,"state":2,"tick":20248,"zone":"C"},"max_err":1.559,"mean_err":0.0147,"ms":344951,"out_bytes":1006868,"pending":5,"pos":[25.97,-19.84],"reconciles":6831,"server_tick":20548,"snaps":6841,"teleports":8}
[client] {"a":0,"dup":false,"ev":"game","ms":347816,"predicted":false,"t":-1,"tick":20715,"type":"respawn"}
[client] {"a":3,"dup":false,"ev":"game","ms":348795,"predicted":false,"t":-1,"tick":20774,"type":"respawn"}
[client] {"a":8,"dup":false,"ev":"game","ms":349182,"predicted":false,"t":1,"tick":20797,"type":"hit"}
[client] {"a":7,"dup":false,"ev":"game","ms":349327,"predicted":false,"t":1,"tick":20806,"type":"hit"}
[client] {"a":9,"dup":false,"ev":"game","ms":349347,"predicted":false,"t":1,"tick":20807,"type":"hit"}
[client] {"a":1,"dup":true,"ev":"game","ms":349666,"predicted":false,"t":9,"tick":20831,"type":"hit"}
[client] {"a":9,"dup":false,"ev":"game","ms":349748,"predicted":false,"t":-1,"tick":20831,"type":"ko"}
[client] {"counts":{"blocks_on_me":1,"conf_actions":228,"confirmed_hits":992,"dup_confirmed":0,"hits_on_me":96,"pred_actions":237,"predicted_confirmed":111,"predicted_hits":205,"reconnects":0},"ev":"stats","hp":149.0,"in_bytes":4622538,"late":0,"local_entity":1,"match":{"countdown_until":300,"ctrl":-1,"final":false,"next":"","phase":3,"rot":1052,"scores":[34,13],"sd":false,"state":3,"tick":20548,"zone":"C"},"max_err":1.559,"mean_err":0.0148,"ms":349947,"out_bytes":1021568,"pending":5,"pos":[39.43,-1.98],"reconciles":6931,"server_tick":20848,"snaps":6941,"teleports":8}
[client] {"a":1,"dup":true,"ev":"game","ms":350358,"predicted":false,"t":7,"tick":20873,"type":"hit"}
[client] {"a":1,"dup":true,"ev":"game","ms":350958,"predicted":false,"t":7,"tick":20909,"type":"hit"}
[client] {"a":7,"dup":false,"ev":"game","ms":351841,"predicted":false,"t":1,"tick":20957,"type":"hit"}
[client] {"a":7,"dup":false,"ev":"game","ms":351911,"predicted":false,"t":2,"tick":20961,"type":"hit"}
[client] {"a":6,"dup":false,"ev":"game","ms":352394,"predicted":false,"t":-1,"tick":20990,"type":"respawn"}
[client] {"a":7,"dup":false,"ev":"game","ms":353346,"predicted":false,"t":1,"tick":21047,"type":"hit"}
[client] {"a":7,"dup":false,"ev":"game","ms":353381,"predicted":false,"t":2,"tick":21049,"type":"hit"}
[client] {"a":4,"dup":false,"ev":"game","ms":354194,"predicted":false,"t":-1,"tick":21098,"type":"respawn"}
[client] {"a":1,"dup":true,"ev":"game","ms":354794,"predicted":false,"t":7,"tick":21139,"type":"hit"}
[client] {"counts":{"blocks_on_me":1,"conf_actions":234,"confirmed_hits":999,"dup_confirmed":0,"hits_on_me":98,"pred_actions":244,"predicted_confirmed":114,"predicted_hits":208,"reconnects":0},"ev":"stats","hp":73.0,"in_bytes":4687726,"late":0,"local_entity":1,"match":{"countdown_until":300,"ctrl":-1,"final":false,"next":"B","phase":3,"rot":752,"scores":[34,13],"sd":false,"state":3,"tick":20848,"zone":"C"},"max_err":1.559,"mean_err":0.0151,"ms":354946,"out_bytes":1036268,"pending":5,"pos":[40.86,-1.46],"reconciles":7031,"server_tick":21147,"snaps":7041,"teleports":8}
[client] {"a":5,"dup":false,"ev":"game","ms":355126,"predicted":false,"t":1,"tick":21154,"type":"hit"}
[client] {"a":7,"dup":false,"ev":"game","ms":355298,"predicted":false,"t":1,"tick":21164,"type":"hit"}
[client] {"a":7,"dup":false,"ev":"game","ms":355312,"predicted":false,"t":2,"tick":21165,"type":"hit"}
[client] {"a":5,"dup":false,"ev":"game","ms":355443,"predicted":false,"t":2,"tick":21173,"type":"hit"}
[client] {"a":7,"dup":false,"ev":"game","ms":356478,"predicted":false,"t":1,"tick":21235,"type":"hit"}
[client] {"a":2,"dup":false,"ev":"game","ms":356527,"predicted":false,"t":5,"tick":21238,"type":"block"}
[client] {"a":7,"dup":false,"ev":"game","ms":357065,"predicted":false,"t":2,"tick":21270,"type":"hit"}
[client] {"a":2,"dup":false,"ev":"game","ms":357465,"predicted":false,"t":5,"tick":21294,"type":"block"}
[client] {"a":1,"dup":false,"ev":"game","ms":357528,"predicted":false,"t":5,"tick":21303,"type":"block"}
[client] {"a":7,"dup":false,"ev":"game","ms":357880,"predicted":false,"t":2,"tick":21319,"type":"hit"}
[client] {"a":1,"dup":false,"ev":"game","ms":357962,"predicted":false,"t":5,"tick":21329,"type":"block"}
[client] {"a":2,"dup":false,"ev":"game","ms":358396,"predicted":false,"t":5,"tick":21350,"type":"block"}
[client] {"a":7,"dup":false,"ev":"game","ms":358432,"predicted":false,"t":2,"tick":21352,"type":"hit"}
[client] {"a":0,"dup":false,"ev":"game","ms":358610,"predicted":false,"t":7,"tick":21363,"type":"hit"}
[client] {"a":2,"dup":false,"ev":"game","ms":358764,"predicted":false,"t":5,"tick":21372,"type":"hit"}
[client] {"a":2,"dup":false,"ev":"game","ms":358764,"predicted":false,"t":7,"tick":21372,"type":"hit"}
[client] {"a":5,"dup":false,"ev":"game","ms":358764,"predicted":false,"t":-1,"tick":21372,"type":"ko"}
[client] {"a":1,"dup":true,"ev":"game","ms":358962,"predicted":false,"t":7,"tick":21389,"type":"hit"}
[client] {"a":2,"dup":false,"ev":"game","ms":359100,"predicted":false,"t":7,"tick":21392,"type":"hit"}
[client] {"a":9,"dup":false,"ev":"game","ms":359749,"predicted":false,"t":-1,"tick":21431,"type":"respawn"}
[client] {"a":8,"dup":false,"ev":"game","ms":359866,"predicted":false,"t":1,"tick":21438,"type":"hit"}
[client] {"a":8,"dup":false,"ev":"game","ms":359901,"predicted":false,"t":2,"tick":21440,"type":"hit"}
[client] {"counts":{"blocks_on_me":1,"conf_actions":240,"confirmed_hits":1014,"dup_confirmed":0,"hits_on_me":102,"pred_actions":250,"predicted_confirmed":115,"predicted_hits":213,"reconnects":0},"ev":"stats","hp":8.0,"in_bytes":4757038,"late":0,"local_entity":1,"match":{"countdown_until":300,"ctrl":-1,"final":false,"next":"B","phase":3,"rot":452,"scores":[34,13],"sd":false,"state":3,"tick":21148,"zone":"C"},"max_err":1.559,"mean_err":0.0154,"ms":359948,"out_bytes":1050968,"pending":5,"pos":[40.68,-0.71],"reconciles":7131,"server_tick":21447,"snaps":7141,"teleports":8}
[client] {"a":7,"dup":false,"ev":"game","ms":359984,"predicted":false,"t":0,"tick":21445,"type":"hit"}
[client] {"a":1,"dup":false,"ev":"game","ms":360011,"predicted":false,"t":-1,"tick":21452,"type":"ko"}
[client] {"a":8,"dup":false,"ev":"game","ms":360101,"predicted":false,"t":1,"tick":21452,"type":"hit"}
[client] {"a":8,"dup":false,"ev":"game","ms":360149,"predicted":false,"t":2,"tick":21455,"type":"hit"}
[client] {"a":0,"dup":false,"ev":"game","ms":360529,"predicted":false,"t":7,"tick":21478,"type":"hit"}
[client] {"a":0,"dup":false,"ev":"game","ms":360563,"predicted":false,"t":8,"tick":21480,"type":"hit"}
[client] {"a":0,"dup":false,"ev":"game","ms":361267,"predicted":false,"t":7,"tick":21522,"type":"hit"}
[client] {"a":8,"dup":false,"ev":"game","ms":361363,"predicted":false,"t":0,"tick":21528,"type":"hit"}
[client] {"a":0,"dup":false,"ev":"game","ms":362447,"predicted":false,"t":7,"tick":21593,"type":"hit"}
[client] {"a":7,"dup":false,"ev":"game","ms":363316,"predicted":false,"t":0,"tick":21646,"type":"hit"}
[client] {"a":7,"dup":false,"ev":"game","ms":363316,"predicted":false,"t":3,"tick":21646,"type":"block"}
[client] {"a":6,"dup":false,"ev":"game","ms":363482,"predicted":false,"t":2,"tick":21656,"type":"hit"}
[client] {"a":0,"dup":false,"ev":"game","ms":363668,"predicted":false,"t":7,"tick":21667,"type":"hit"}
[client] {"a":7,"dup":false,"ev":"game","ms":363668,"predicted":false,"t":-1,"tick":21667,"type":"ko"}
[client] {"a":6,"dup":false,"ev":"game","ms":363820,"predicted":false,"t":2,"tick":21676,"type":"hit"}
[client] {"a":0,"dup":false,"ev":"game","ms":364669,"predicted":false,"t":6,"tick":21727,"type":"hit"}
[client] {"a":8,"dup":false,"ev":"game","ms":364751,"predicted":false,"t":3,"tick":21732,"type":"hit"}
[client] {"counts":{"blocks_on_me":1,"conf_actions":240,"confirmed_hits":1028,"dup_confirmed":0,"hits_on_me":103,"pred_actions":251,"predicted_confirmed":115,"predicted_hits":213,"reconnects":0},"ev":"stats","hp":0.0,"in_bytes":4821304,"late":0,"local_entity":1,"match":{"countdown_until":300,"ctrl":-1,"final":false,"next":"B","phase":3,"rot":152,"scores":[34,13],"sd":false,"state":3,"tick":21448,"zone":"C"},"max_err":1.559,"mean_err":0.0152,"ms":364951,"out_bytes":1065668,"pending":5,"pos":[40.66,-0.71],"reconciles":7231,"server_tick":21748,"snaps":7241,"teleports":8}
[client] {"a":3,"dup":false,"ev":"game","ms":365365,"predicted":false,"t":8,"tick":21769,"type":"hit"}
[client] {"a":6,"dup":false,"ev":"game","ms":365552,"predicted":false,"t":2,"tick":21780,"type":"hit"}
[client] {"a":3,"dup":false,"ev":"game","ms":365717,"predicted":false,"t":8,"tick":21790,"type":"hit"}
[client] {"a":8,"dup":false,"ev":"game","ms":365717,"predicted":false,"t":-1,"tick":21790,"type":"ko"}
[client] {"a":2,"dup":false,"ev":"game","ms":365869,"predicted":false,"t":6,"tick":21799,"type":"hit"}
[client] {"a":2,"dup":false,"ev":"game","ms":366187,"predicted":false,"t":6,"tick":21818,"type":"hit"}
[client] {"a":4,"dup":false,"ev":"game","ms":366200,"predicted":false,"t":6,"tick":21819,"type":"hit"}
[client] {"a":4,"dup":false,"ev":"game","ms":367387,"predicted":false,"t":6,"tick":21890,"type":"hit"}
[client] {"a":-1,"dup":false,"ev":"game","ms":367532,"predicted":false,"t":-1,"tick":21899,"type":"zone_rotated"}
[client] {"a":6,"dup":false,"ev":"game","ms":367753,"predicted":false,"t":3,"tick":21912,"type":"hit"}
[client] {"a":4,"dup":false,"ev":"game","ms":368022,"predicted":false,"t":6,"tick":21928,"type":"hit"}
[client] {"a":5,"dup":false,"ev":"game","ms":368753,"predicted":false,"t":-1,"tick":21972,"type":"respawn"}
[client] {"a":6,"dup":false,"ev":"game","ms":369001,"predicted":false,"t":3,"tick":21987,"type":"hit"}
[client] {"a":6,"dup":false,"ev":"game","ms":369305,"predicted":false,"t":3,"tick":22005,"type":"hit"}
[client] {"a":6,"dup":false,"ev":"game","ms":369623,"predicted":false,"t":3,"tick":22024,"type":"hit"}
[client] {"counts":{"blocks_on_me":1,"conf_actions":240,"confirmed_hits":1040,"dup_confirmed":0,"hits_on_me":103,"pred_actions":251,"predicted_confirmed":115,"predicted_hits":213,"reconnects":0},"ev":"stats","hp":0.0,"in_bytes":4880066,"late":0,"local_entity":1,"match":{"countdown_until":300,"ctrl":-1,"final":false,"next":"","phase":3,"rot":3452,"scores":[34,13],"sd":false,"state":1,"tick":21748,"zone":"B"},"max_err":1.559,"mean_err":0.015,"ms":369953,"out_bytes":1080368,"pending":5,"pos":[40.66,-0.71],"reconciles":7331,"server_tick":22048,"snaps":7341,"teleports":8}
[client] {"a":3,"dup":false,"ev":"game","ms":370002,"predicted":false,"t":6,"tick":22047,"type":"hit"}
[client] {"a":1,"dup":false,"ev":"game","ms":370002,"predicted":false,"t":-1,"tick":22052,"type":"respawn"}
[client] {"a":3,"dup":false,"ev":"game","ms":370361,"predicted":false,"t":6,"tick":22069,"type":"hit"}
[client] {"a":6,"dup":false,"ev":"game","ms":370734,"predicted":false,"t":3,"tick":22090,"type":"hit"}
[client] {"a":6,"dup":false,"ev":"game","ms":371045,"predicted":false,"t":3,"tick":22109,"type":"hit"}
[client] {"a":3,"dup":false,"ev":"game","ms":371700,"predicted":false,"t":6,"tick":22148,"type":"hit"}
[client] {"a":6,"dup":false,"ev":"game","ms":371700,"predicted":false,"t":-1,"tick":22148,"type":"ko"}
[client] {"a":7,"dup":false,"ev":"game","ms":373680,"predicted":false,"t":-1,"tick":22267,"type":"respawn"}
[client] {"a":4,"dup":false,"ev":"game","ms":374433,"predicted":false,"t":9,"tick":22312,"type":"hit"}
[client] {"a":4,"dup":false,"ev":"game","ms":374667,"predicted":false,"t":9,"tick":22326,"type":"hit"}
[client] {"counts":{"blocks_on_me":1,"conf_actions":240,"confirmed_hits":1047,"dup_confirmed":0,"hits_on_me":103,"pred_actions":251,"predicted_confirmed":115,"predicted_hits":213,"reconnects":0},"ev":"stats","hp":220.0,"in_bytes":4936856,"late":0,"local_entity":1,"match":{"countdown_until":300,"ctrl":-1,"final":false,"next":"","phase":3,"rot":3152,"scores":[34,15],"sd":false,"state":3,"tick":22048,"zone":"B"},"max_err":1.559,"mean_err":0.0148,"ms":374949,"out_bytes":1095068,"pending":5,"pos":[-0.84,-14.25],"reconciles":7430,"server_tick":22348,"snaps":7441,"teleports":9}
[client] {"a":9,"dup":false,"ev":"game","ms":375350,"predicted":false,"t":2,"tick":22367,"type":"hit"}
[client] {"a":4,"dup":false,"ev":"game","ms":375667,"predicted":false,"t":9,"tick":22386,"type":"hit"}
[client] {"a":8,"dup":false,"ev":"game","ms":375737,"predicted":false,"t":-1,"tick":22390,"type":"respawn"}
[client] {"a":4,"dup":false,"ev":"game","ms":375985,"predicted":false,"t":9,"tick":22405,"type":"hit"}
[client] {"a":2,"dup":false,"ev":"game","ms":376046,"predicted":false,"t":9,"tick":22409,"type":"hit"}
[client] {"a":9,"dup":false,"ev":"game","ms":376456,"predicted":false,"t":2,"tick":22433,"type":"hit"}
[client] {"a":9,"dup":false,"ev":"game","ms":376737,"predicted":false,"t":2,"tick":22450,"type":"hit"}
[client] {"a":9,"dup":false,"ev":"game","ms":376737,"predicted":false,"t":4,"tick":22450,"type":"hit"}
[client] {"a":2,"dup":false,"ev":"game","ms":376737,"predicted":false,"t":-1,"tick":22450,"type":"ko"}
[client] {"a":1,"dup":true,"ev":"game","ms":376799,"predicted":false,"t":9,"tick":22459,"type":"hit"}
[client] {"a":1,"dup":true,"ev":"game","ms":377116,"predicted":false,"t":9,"tick":22478,"type":"hit"}
[client] {"a":9,"dup":false,"ev":"game","ms":377553,"predicted":false,"t":1,"tick":22499,"type":"hit"}
[client] {"a":1,"dup":true,"ev":"game","ms":377820,"predicted":false,"t":9,"tick":22520,"type":"hit"}
[client] {"a":0,"dup":false,"ev":"game","ms":377854,"predicted":false,"t":9,"tick":22517,"type":"hit"}
[client] {"a":1,"dup":false,"ev":"game","ms":377854,"predicted":false,"t":5,"tick":22522,"type":"block"}
[client] {"a":4,"dup":false,"ev":"game","ms":378117,"predicted":false,"t":5,"tick":22533,"type":"block"}
[client] {"a":4,"dup":false,"ev":"game","ms":378117,"predicted":false,"t":9,"tick":22533,"type":"hit"}
[client] {"a":0,"dup":false,"ev":"game","ms":378165,"predicted":false,"t":9,"tick":22536,"type":"hit"}
[client] {"a":1,"dup":true,"ev":"game","ms":378365,"predicted":false,"t":9,"tick":22553,"type":"hit"}
[client] {"a":1,"dup":false,"ev":"game","ms":378400,"predicted":false,"t":5,"tick":22555,"type":"block"}
[client] {"a":0,"dup":false,"ev":"game","ms":378469,"predicted":false,"t":9,"tick":22554,"type":"hit"}
[client] {"a":9,"dup":false,"ev":"game","ms":378469,"predicted":false,"t":-1,"tick":22554,"type":"ko"}
[client] {"a":4,"dup":false,"ev":"game","ms":378538,"predicted":false,"t":5,"tick":22558,"type":"block"}
[client] {"a":1,"dup":false,"ev":"game","ms":378697,"predicted":false,"t":5,"tick":22573,"type":"block"}
[client] {"a":4,"dup":false,"ev":"game","ms":378862,"predicted":false,"t":5,"tick":22578,"type":"block"}
[client] {"a":0,"dup":false,"ev":"game","ms":379159,"predicted":false,"t":5,"tick":22596,"type":"block"}
[client] {"a":1,"dup":false,"ev":"game","ms":379262,"predicted":false,"t":5,"tick":22607,"type":"block"}
[client] {"a":4,"dup":false,"ev":"game","ms":379580,"predicted":false,"t":5,"tick":22621,"type":"block"}
[client] {"a":0,"dup":false,"ev":"game","ms":379732,"predicted":false,"t":5,"tick":22630,"type":"block"}
[client] {"a":1,"dup":true,"ev":"game","ms":379932,"predicted":false,"t":5,"tick":22647,"type":"hit"}
[client] {"counts":{"blocks_on_me":1,"conf_actions":248,"confirmed_hits":1064,"dup_confirmed":0,"hits_on_me":104,"pred_actions":259,"predicted_confirmed":120,"predicted_hits":230,"reconnects":0},"ev":"stats","hp":202.0,"in_bytes":5006664,"late":0,"local_entity":1,"match":{"countdown_until":300,"ctrl":-1,"final":false,"next":"","phase":3,"rot":2852,"scores":[34,15],"sd":false,"state":3,"tick":22348,"zone":"B"},"max_err":1.559,"mean_err":0.0147,"ms":379944,"out_bytes":1109768,"pending":5,"pos":[-1.94,-2.02],"reconciles":7530,"server_tick":22647,"snaps":7541,"teleports":9}
[client] {"a":4,"dup":false,"ev":"game","ms":381146,"predicted":false,"t":5,"tick":22715,"type":"hit"}
[client] {"a":7,"dup":false,"ev":"game","ms":381594,"predicted":false,"t":4,"tick":22742,"type":"hit"}
[client] {"a":6,"dup":false,"ev":"game","ms":381698,"predicted":false,"t":-1,"tick":22748,"type":"respawn"}
[client] {"a":0,"dup":false,"ev":"game","ms":382982,"predicted":false,"t":7,"tick":22825,"type":"hit"}
[client] {"a":0,"dup":false,"ev":"game","ms":383050,"predicted":false,"t":5,"tick":22829,"type":"hit"}
[client] {"a":0,"dup":false,"ev":"game","ms":383064,"predicted":false,"t":8,"tick":22830,"type":"hit"}
[client] {"a":4,"dup":false,"ev":"game","ms":384168,"predicted":false,"t":7,"tick":22896,"type":"hit"}
[client] {"a":0,"dup":false,"ev":"game","ms":384431,"predicted":false,"t":5,"tick":22912,"type":"hit"}
[client] {"a":0,"dup":false,"ev":"game","ms":384465,"predicted":false,"t":7,"tick":22914,"type":"hit"}
[client] {"a":4,"dup":false,"ev":"game","ms":384582,"predicted":false,"t":7,"tick":22921,"type":"hit"}
[client] {"a":4,"dup":false,"ev":"game","ms":384817,"predicted":false,"t":7,"tick":22935,"type":"hit"}
[client] {"a":4,"dup":false,"ev":"game","ms":384830,"predicted":false,"t":5,"tick":22936,"type":"hit"}
[client] {"counts":{"blocks_on_me":1,"conf_actions":249,"confirmed_hits":1075,"dup_confirmed":0,"hits_on_me":104,"pred_actions":260,"predicted_confirmed":120,"predicted_hits":230,"reconnects":0},"ev":"stats","hp":202.0,"in_bytes":5070687,"late":0,"local_entity":1,"match":{"countdown_until":300,"ctrl":-1,"final":false,"next":"","phase":3,"rot":2552,"scores":[34,15],"sd":false,"state":3,"tick":22648,"zone":"B"},"max_err":1.559,"mean_err":0.0148,"ms":384947,"out_bytes":1124468,"pending":5,"pos":[0.1,-2.72],"reconciles":7630,"server_tick":22947,"snaps":7641,"teleports":9}
[client] {"a":8,"dup":false,"ev":"game","ms":384996,"predicted":false,"t":0,"tick":22946,"type":"hit"}
[client] {"a":7,"dup":false,"ev":"game","ms":385335,"predicted":false,"t":0,"tick":22966,"type":"hit"}
[client] {"a":4,"dup":false,"ev":"game","ms":385534,"predicted":false,"t":8,"tick":22978,"type":"hit"}
[client] {"a":7,"dup":false,"ev":"game","ms":385665,"predicted":false,"t":0,"tick":22986,"type":"hit"}
[client] {"a":5,"dup":false,"ev":"game","ms":385679,"predicted":false,"t":0,"tick":22987,"type":"hit"}
[client] {"a":3,"dup":false,"ev":"game","ms":385949,"predicted":false,"t":8,"tick":23003,"type":"hit"}
[client] {"a":0,"dup":false,"ev":"game","ms":386431,"predicted":false,"t":8,"tick":23032,"type":"hit"}
[client] {"a":5,"dup":false,"ev":"game","ms":386632,"predicted":false,"t":4,"tick":23044,"type":"hit"}
[client] {"a":2,"dup":false,"ev":"game","ms":386735,"predicted":false,"t":-1,"tick":23050,"type":"respawn"}
[client] {"a":0,"dup":false,"ev":"game","ms":386949,"predicted":false,"t":8,"tick":23063,"type":"hit"}
[client] {"a":7,"dup":false,"ev":"game","ms":386970,"predicted":false,"t":4,"tick":23064,"type":"hit"}
[client] {"a":4,"dup":false,"ev":"game","ms":387335,"predicted":false,"t":5,"tick":23086,"type":"hit"}
[client] {"a":7,"dup":false,"ev":"game","ms":387369,"predicted":false,"t":4,"tick":23088,"type":"hit"}
[client] {"a":8,"dup":false,"ev":"game","ms":387397,"predicted":false,"t":0,"tick":23090,"type":"hit"}
[client] {"a":8,"dup":false,"ev":"game","ms":387666,"predicted":false,"t":0,"tick":23106,"type":"hit"}
[client] {"a":4,"dup":false,"ev":"game","ms":387770,"predicted":false,"t":5,"tick":23112,"type":"hit"}
[client] {"a":7,"dup":false,"ev":"game","ms":387784,"predicted":false,"t":4,"tick":23113,"type":"hit"}
[client] {"a":9,"dup":false,"ev":"game","ms":388467,"predicted":false,"t":-1,"tick":23154,"type":"respawn"}
[client] {"a":0,"dup":false,"ev":"game","ms":388515,"predicted":false,"t":8,"tick":23157,"type":"hit"}
[client] {"a":4,"dup":false,"ev":"game","ms":388667,"predicted":false,"t":7,"tick":23166,"type":"hit"}
[client] {"a":0,"dup":false,"ev":"game","ms":388833,"predicted":false,"t":8,"tick":23176,"type":"hit"}
[client] {"a":5,"dup":false,"ev":"game","ms":389101,"predicted":false,"t":4,"tick":23192,"type":"hit"}
[client] {"a":0,"dup":false,"ev":"game","ms":389454,"predicted":false,"t":6,"tick":23213,"type":"hit"}
[client] {"a":0,"dup":false,"ev":"game","ms":389750,"predicted":false,"t":6,"tick":23231,"type":"hit"}
[client] {"a":3,"dup":false,"ev":"game","ms":389750,"predicted":false,"t":5,"tick":23231,"type":"hit"}
[client] {"a":3,"dup":false,"ev":"game","ms":389833,"predicted":false,"t":7,"tick":23236,"type":"hit"}
[client] {"counts":{"blocks_on_me":1,"conf_actions":249,"confirmed_hits":1099,"dup_confirmed":0,"hits_on_me":104,"pred_actions":260,"predicted_confirmed":120,"predicted_hits":230,"reconnects":0},"ev":"stats","hp":220.0,"in_bytes":5139090,"late":0,"local_entity":1,"match":{"countdown_until":300,"ctrl":-1,"final":false,"next":"","phase":3,"rot":2252,"scores":[34,15],"sd":false,"state":3,"tick":22948,"zone":"B"},"max_err":1.559,"mean_err":0.0147,"ms":389949,"out_bytes":1139168,"pending":5,"pos":[0.59,-2.68],"reconciles":7730,"server_tick":23248,"snaps":7741,"teleports":9}
[client] {"a":0,"dup":false,"ev":"game","ms":390054,"predicted":false,"t":6,"tick":23249,"type":"hit"}
[client] {"a":8,"dup":false,"ev":"game","ms":390502,"predicted":false,"t":0,"tick":23276,"type":"hit"}
[client] {"a":4,"dup":false,"ev":"game","ms":391455,"predicted":false,"t":5,"tick":23333,"type":"hit"}
[client] {"a":5,"dup":false,"ev":"game","ms":391813,"predicted":false,"t":4,"tick":23355,"type":"hit"}
[client] {"a":8,"dup":false,"ev":"game","ms":392379,"predicted":false,"t":0,"tick":23389,"type":"hit"}
[client] {"a":0,"dup":false,"ev":"game","ms":392379,"predicted":false,"t":-1,"tick":23389,"type":"ko"}
[client] {"a":5,"dup":false,"ev":"game","ms":392593,"predicted":false,"t":4,"tick":23402,"type":"hit"}
[client] {"a":6,"dup":false,"ev":"game","ms":392614,"predicted":false,"t":4,"tick":23403,"type":"hit"}
[client] {"a":3,"dup":false,"ev":"game","ms":392862,"predicted":false,"t":5,"tick":23418,"type":"hit"}
[client] {"a":4,"dup":false,"ev":"game","ms":393083,"predicted":false,"t":5,"tick":23431,"type":"hit"}
[client] {"a":4,"dup":false,"ev":"game","ms":393132,"predicted":false,"t":6,"tick":23434,"type":"hit"}
[client] {"a":8,"dup":false,"ev":"game","ms":393448,"predicted":false,"t":4,"tick":23453,"type":"hit"}
[client] {"a":4,"dup":false,"ev":"game","ms":393449,"predicted":false,"t":-1,"tick":23453,"type":"ko"}
[client] {"a":3,"dup":false,"ev":"game","ms":393545,"predicted":false,"t":5,"tick":23459,"type":"hit"}
[client] {"a":5,"dup":false,"ev":"game","ms":393545,"predicted":false,"t":-1,"tick":23459,"type":"ko"}
[client] {"a":3,"dup":false,"ev":"game","ms":393581,"predicted":false,"t":8,"tick":23461,"type":"hit"}
[client] {"a":3,"dup":false,"ev":"game","ms":393593,"predicted":false,"t":6,"tick":23462,"type":"hit"}
[client] {"a":1,"dup":false,"ev":"game","ms":394228,"predicted":false,"t":7,"tick":23505,"type":"hit"}
[client] {"a":3,"dup":false,"ev":"game","ms":394297,"predicted":false,"t":7,"tick":23504,"type":"hit"}
[client] {"a":3,"dup":false,"ev":"game","ms":394684,"predicted":false,"t":6,"tick":23527,"type":"hit"}
[client] {"a":8,"dup":false,"ev":"game","ms":394771,"predicted":false,"t":3,"tick":23532,"type":"hit"}
[client] {"counts":{"blocks_on_me":1,"conf_actions":254,"confirmed_hits":1117,"dup_confirmed":0,"hits_on_me":104,"pred_actions":265,"predicted_confirmed":120,"predicted_hits":231,"reconnects":0},"ev":"stats","hp":220.0,"in_bytes":5212891,"late":0,"local_entity":1,"match":{"countdown_until":300,"ctrl":-1,"final":false,"next":"","phase":3,"rot":1952,"scores":[34,15],"sd":false,"state":3,"tick":23248,"zone":"B"},"max_err":1.559,"mean_err":0.0145,"ms":394945,"out_bytes":1153868,"pending":5,"pos":[-1.3,-2.5],"reconciles":7830,"server_tick":23548,"snaps":7841,"teleports":9}
[client] {"a":7,"dup":false,"ev":"game","ms":394967,"predicted":false,"t":3,"tick":23544,"type":"hit"}
[client] {"a":1,"dup":true,"ev":"game","ms":395063,"predicted":false,"t":6,"tick":23555,"type":"hit"}
[client] {"a":1,"dup":true,"ev":"game","ms":395064,"predicted":false,"t":7,"tick":23555,"type":"hit"}
[client] {"a":2,"dup":false,"ev":"game","ms":395485,"predicted":false,"t":8,"tick":23575,"type":"hit"}
[client] {"a":1,"dup":true,"ev":"game","ms":396050,"predicted":false,"t":6,"tick":23614,"type":"hit"}
[client] {"a":7,"dup":false,"ev":"game","ms":396381,"predicted":false,"t":1,"tick":23629,"type":"hit"}
[client] {"a":8,"dup":false,"ev":"game","ms":396395,"predicted":false,"t":3,"tick":23630,"type":"block"}
[client] {"a":9,"dup":false,"ev":"game","ms":396617,"predicted":false,"t":1,"tick":23643,"type":"hit"}
[client] {"a":7,"dup":false,"ev":"game","ms":396699,"predicted":false,"t":1,"tick":23648,"type":"hit"}
[client] {"a":2,"dup":false,"ev":"game","ms":396816,"predicted":false,"t":8,"tick":23655,"type":"hit"}
[client] {"a":8,"dup":false,"ev":"game","ms":396816,"predicted":false,"t":-1,"tick":23655,"type":"ko"}
[client] {"a":7,"dup":false,"ev":"game","ms":397265,"predicted":false,"t":1,"tick":23682,"type":"hit"}
[client] {"a":6,"dup":false,"ev":"game","ms":397499,"predicted":false,"t":1,"tick":23696,"type":"hit"}
[client] {"a":6,"dup":false,"ev":"game","ms":397568,"predicted":false,"t":2,"tick":23700,"type":"hit"}
[client] {"a":6,"dup":false,"ev":"game","ms":398534,"predicted":false,"t":3,"tick":23758,"type":"block"}
[client] {"a":1,"dup":true,"ev":"game","ms":398603,"predicted":false,"t":6,"tick":23767,"type":"hit"}
[client] {"a":1,"dup":true,"ev":"game","ms":398899,"predicted":false,"t":6,"tick":23786,"type":"hit"}
[client] {"a":6,"dup":false,"ev":"game","ms":399003,"predicted":false,"t":-1,"tick":23786,"type":"ko"}
[client] {"a":9,"dup":false,"ev":"game","ms":399203,"predicted":false,"t":3,"tick":23798,"type":"hit"}
[client] {"a":9,"dup":false,"ev":"game","ms":399231,"predicted":false,"t":1,"tick":23800,"type":"hit"}
[client] {"a":9,"dup":false,"ev":"game","ms":399251,"predicted":false,"t":2,"tick":23801,"type":"hit"}
[client] {"counts":{"blocks_on_me":1,"conf_actions":264,"confirmed_hits":1134,"dup_confirmed":0,"hits_on_me":110,"pred_actions":275,"predicted_confirmed":125,"predicted_hits":247,"reconnects":0},"ev":"stats","hp":52.0,"in_bytes":5281169,"late":0,"local_entity":1,"match":{"countdown_until":300,"ctrl":-1,"final":false,"next":"","phase":3,"rot":1652,"scores":[34,15],"sd":false,"state":3,"tick":23548,"zone":"B"},"max_err":1.559,"mean_err":0.0154,"ms":399947,"out_bytes":1168568,"pending":5,"pos":[-0.45,-6.21],"reconciles":7930,"server_tick":23848,"snaps":7941,"teleports":9}
[client] {"a":9,"dup":false,"ev":"game","ms":400169,"predicted":false,"t":3,"tick":23856,"type":"hit"}
[client] {"a":9,"dup":false,"ev":"game","ms":400204,"predicted":false,"t":2,"tick":23858,"type":"hit"}
[client] {"a":7,"dup":false,"ev":"game","ms":400452,"predicted":false,"t":3,"tick":23873,"type":"hit"}
[client] {"a":2,"dup":false,"ev":"game","ms":400535,"predicted":false,"t":9,"tick":23878,"type":"hit"}
[client] {"a":9,"dup":false,"ev":"game","ms":400887,"predicted":false,"t":2,"tick":23899,"type":"hit"}
[client] {"a":1,"dup":true,"ev":"game","ms":400887,"predicted":false,"t":7,"tick":23905,"type":"hit"}
[client] {"a":1,"dup":true,"ev":"game","ms":401287,"predicted":false,"t":7,"tick":23929,"type":"hit"}
[client] {"a":7,"dup":false,"ev":"game","ms":401384,"predicted":false,"t":-1,"tick":23929,"type":"ko"}
[client] {"a":0,"dup":false,"ev":"game","ms":402384,"predicted":false,"t":-1,"tick":23989,"type":"respawn"}
[client] {"a":9,"dup":false,"ev":"game","ms":402487,"predicted":false,"t":1,"tick":23995,"type":"hit"}
[client] {"a":9,"dup":false,"ev":"game","ms":402487,"predicted":false,"t":3,"tick":23995,"type":"hit"}
[client] {"a":3,"dup":false,"ev":"game","ms":402487,"predicted":false,"t":-1,"tick":23995,"type":"ko"}
[client] {"a":2,"dup":false,"ev":"game","ms":403288,"predicted":false,"t":9,"tick":24043,"type":"hit"}
[client] {"a":4,"dup":false,"ev":"game","ms":403453,"predicted":false,"t":-1,"tick":24053,"type":"respawn"}
[client] {"a":1,"dup":true,"ev":"game","ms":403516,"predicted":false,"t":9,"tick":24062,"type":"hit"}
[client] {"a":5,"dup":false,"ev":"game","ms":403550,"predicted":false,"t":-1,"tick":24059,"type":"respawn"}
[client] {"a":2,"dup":false,"ev":"game","ms":403606,"predicted":false,"t":9,"tick":24062,"type":"hit"}
[client] {"a":1,"dup":true,"ev":"game","ms":404089,"predicted":false,"t":9,"tick":24097,"type":"hit"}
[client] {"a":2,"dup":false,"ev":"game","ms":404282,"predicted":false,"t":9,"tick":24103,"type":"hit"}
[client] {"counts":{"blocks_on_me":1,"conf_actions":273,"confirmed_hits":1148,"dup_confirmed":0,"hits_on_me":111,"pred_actions":284,"predicted_confirmed":129,"predicted_hits":254,"reconnects":0},"ev":"stats","hp":14.0,"in_bytes":5345808,"late":0,"local_entity":1,"match":{"countdown_until":300,"ctrl":-1,"final":false,"next":"","phase":3,"rot":1352,"scores":[34,15],"sd":false,"state":3,"tick":23848,"zone":"B"},"max_err":1.658,"mean_err":0.0155,"ms":404943,"out_bytes":1183268,"pending":5,"pos":[-0.38,-3.14],"reconciles":8030,"server_tick":24148,"snaps":8041,"teleports":9}
[client] {"a":1,"dup":true,"ev":"game","ms":405843,"predicted":false,"t":9,"tick":24202,"type":"hit"}
[client] {"a":1,"dup":true,"ev":"game","ms":406044,"predicted":false,"t":9,"tick":24214,"type":"hit"}
[client] {"a":1,"dup":false,"ev":"game","ms":406596,"predicted":false,"t":-1,"tick":24247,"type":"ko"}
[client] {"a":9,"dup":false,"ev":"game","ms":406678,"predicted":false,"t":1,"tick":24247,"type":"hit"}
[client] {"a":8,"dup":false,"ev":"game","ms":406810,"predicted":false,"t":-1,"tick":24255,"type":"respawn"}
[client] {"a":2,"dup":false,"ev":"game","ms":408260,"predicted":false,"t":9,"tick":24342,"type":"hit"}
[client] {"a":6,"dup":false,"ev":"game","ms":408997,"predicted":false,"t":-1,"tick":24386,"type":"respawn"}
[client] {"a":9,"dup":false,"ev":"game","ms":409045,"predicted":false,"t":2,"tick":24389,"type":"hit"}
[client] {"a":0,"dup":false,"ev":"game","ms":409197,"predicted":false,"t":9,"tick":24398,"type":"hit"}
[client] {"a":9,"dup":false,"ev":"game","ms":409766,"predicted":false,"t":0,"tick":24432,"type":"hit"}
[client] {"counts":{"blocks_on_me":1,"conf_actions":275,"confirmed_hits":1155,"dup_confirmed":0,"hits_on_me":112,"pred_actions":286,"predicted_confirmed":131,"predicted_hits":257,"reconnects":0},"ev":"stats","hp":0.0,"in_bytes":5403849,"late":0,"local_entity":1,"match":{"countdown_until":300,"ctrl":-1,"final":false,"next":"","phase":3,"rot":1052,"scores":[34,15],"sd":false,"state":3,"tick":24148,"zone":"B"},"max_err":1.658,"mean_err":0.0154,"ms":409950,"out_bytes":1197968,"pending":8,"pos":[-1.2,-4.16],"reconciles":8129,"server_tick":24447,"snaps":8141,"teleports":9}
[client] {"a":0,"dup":false,"ev":"game","ms":410116,"predicted":false,"t":9,"tick":24453,"type":"hit"}
[client] {"a":4,"dup":false,"ev":"game","ms":410116,"predicted":false,"t":9,"tick":24453,"type":"hit"}
[client] {"a":9,"dup":false,"ev":"game","ms":410116,"predicted":false,"t":-1,"tick":24453,"type":"ko"}
[client] {"a":7,"dup":false,"ev":"game","ms":411372,"predicted":false,"t":-1,"tick":24529,"type":"respawn"}
[client] {"a":5,"dup":false,"ev":"game","ms":411910,"predicted":false,"t":2,"tick":24561,"type":"hit"}
[client] {"a":2,"dup":false,"ev":"game","ms":412228,"predicted":false,"t":5,"tick":24580,"type":"hit"}
[client] {"a":4,"dup":false,"ev":"game","ms":412331,"predicted":false,"t":5,"tick":24586,"type":"hit"}
[client] {"a":3,"dup":false,"ev":"game","ms":412483,"predicted":false,"t":-1,"tick":24595,"type":"respawn"}
[client] {"a":5,"dup":false,"ev":"game","ms":412710,"predicted":false,"t":2,"tick":24609,"type":"parry"}
[client] {"a":4,"dup":false,"ev":"game","ms":413014,"predicted":false,"t":5,"tick":24627,"type":"hit"}
[client] {"a":2,"dup":false,"ev":"game","ms":413262,"predicted":false,"t":5,"tick":24642,"type":"hit"}
[client] {"counts":{"blocks_on_me":1,"conf_actions":275,"confirmed_hits":1162,"dup_confirmed":0,"hits_on_me":112,"pred_actions":286,"predicted_confirmed":131,"predicted_hits":257,"reconnects":0},"ev":"stats","hp":0.0,"in_bytes":5466025,"late":0,"local_entity":1,"match":{"countdown_until":300,"ctrl":-1,"final":false,"next":"A","phase":3,"rot":752,"scores":[34,15],"sd":false,"state":3,"tick":24448,"zone":"B"},"max_err":1.658,"mean_err":0.0152,"ms":414945,"out_bytes":1212668,"pending":5,"pos":[-1.2,-4.16],"reconciles":8230,"server_tick":24748,"snaps":8241,"teleports":9}
[client] {"a":4,"dup":false,"ev":"game","ms":415250,"predicted":false,"t":8,"tick":24761,"type":"hit"}
[client] {"a":4,"dup":false,"ev":"game","ms":415298,"predicted":false,"t":5,"tick":24764,"type":"hit"}
[client] {"a":5,"dup":false,"ev":"game","ms":416567,"predicted":false,"t":4,"tick":24840,"type":"hit"}
[client] {"a":1,"dup":false,"ev":"game","ms":416602,"predicted":false,"t":-1,"tick":24847,"type":"respawn"}
[client] {"a":0,"dup":false,"ev":"game","ms":416899,"predicted":false,"t":5,"tick":24860,"type":"hit"}
[client] {"a":5,"dup":false,"ev":"game","ms":417259,"predicted":false,"t":0,"tick":24882,"type":"hit"}
[client] {"a":5,"dup":false,"ev":"game","ms":417259,"predicted":false,"t":2,"tick":24882,"type":"hit"}
[client] {"a":8,"dup":false,"ev":"game","ms":417460,"predicted":false,"t":4,"tick":24894,"type":"hit"}
[client] {"a":0,"dup":false,"ev":"game","ms":417612,"predicted":false,"t":5,"tick":24903,"type":"hit"}
[client] {"a":2,"dup":false,"ev":"game","ms":417708,"predicted":false,"t":5,"tick":24909,"type":"hit"}
[client] {"a":6,"dup":false,"ev":"game","ms":417743,"predicted":false,"t":2,"tick":24911,"type":"hit"}
[client] {"a":6,"dup":false,"ev":"game","ms":417763,"predicted":false,"t":0,"tick":24912,"type":"hit"}
[client] {"a":8,"dup":false,"ev":"game","ms":417812,"predicted":false,"t":4,"tick":24915,"type":"hit"}
[client] {"a":8,"dup":false,"ev":"game","ms":418163,"predicted":false,"t":4,"tick":24936,"type":"hit"}
[client] {"a":2,"dup":false,"ev":"game","ms":418577,"predicted":false,"t":6,"tick":24961,"type":"hit"}
[client] {"a":2,"dup":false,"ev":"game","ms":418598,"predicted":false,"t":5,"tick":24962,"type":"hit"}
[client] {"a":8,"dup":false,"ev":"game","ms":418647,"predicted":false,"t":0,"tick":24965,"type":"hit"}
[client] {"a":8,"dup":false,"ev":"game","ms":418881,"predicted":false,"t":0,"tick":24979,"type":"hit"}
[client] {"a":8,"dup":false,"ev":"game","ms":419465,"predicted":false,"t":4,"tick":25014,"type":"hit"}
[client] {"a":2,"dup":false,"ev":"game","ms":419625,"predicted":false,"t":8,"tick":25024,"type":"hit"}
[client] {"a":3,"dup":false,"ev":"game","ms":419741,"predicted":false,"t":6,"tick":25031,"type":"hit"}
[client] {"a":0,"dup":false,"ev":"game","ms":419762,"predicted":false,"t":6,"tick":25032,"type":"hit"}
[client] {"counts":{"blocks_on_me":1,"conf_actions":276,"confirmed_hits":1183,"dup_confirmed":0,"hits_on_me":112,"pred_actions":286,"predicted_confirmed":131,"predicted_hits":257,"reconnects":0},"ev":"stats","hp":220.0,"in_bytes":5534077,"late":0,"local_entity":1,"match":{"countdown_until":300,"ctrl":-1,"final":false,"next":"A","phase":3,"rot":452,"scores":[34,15],"sd":false,"state":3,"tick":24748,"zone":"B"},"max_err":1.658,"mean_err":0.015,"ms":419941,"out_bytes":1227368,"pending":5,"pos":[-1.82,-27.48],"reconciles":8329,"server_tick":25047,"snaps":8341,"teleports":10}
[client] {"a":9,"dup":false,"ev":"game","ms":420114,"predicted":false,"t":-1,"tick":25053,"type":"respawn"}
[client] {"a":3,"dup":false,"ev":"game","ms":420163,"predicted":false,"t":7,"tick":25056,"type":"hit"}
[client] {"a":5,"dup":false,"ev":"game","ms":420294,"predicted":false,"t":0,"tick":25064,"type":"hit"}
[client] {"a":5,"dup":false,"ev":"game","ms":420314,"predicted":false,"t":3,"tick":25065,"type":"hit"}
[client] {"a":4,"dup":false,"ev":"game","ms":420563,"predicted":false,"t":5,"tick":25080,"type":"hit"}
[client] {"a":4,"dup":false,"ev":"game","ms":420825,"predicted":false,"t":5,"tick":25096,"type":"hit"}
[client] {"a":4,"dup":false,"ev":"game","ms":420860,"predicted":false,"t":7,"tick":25098,"type":"hit"}
[client] {"a":2,"dup":false,"ev":"game","ms":420881,"predicted":false,"t":5,"tick":25099,"type":"hit"}
[client] {"a":4,"dup":false,"ev":"game","ms":420881,"predicted":false,"t":6,"tick":25099,"type":"hit"}
[client] {"a":8,"dup":false,"ev":"game","ms":421431,"predicted":false,"t":2,"tick":25132,"type":"hit"}
[client] {"a":2,"dup":false,"ev":"game","ms":421431,"predicted":false,"t":-1,"tick":25132,"type":"ko"}
[client] {"a":4,"dup":false,"ev":"game","ms":421625,"predicted":false,"t":7,"tick":25144,"type":"hit"}
[client] {"a":5,"dup":false,"ev":"game","ms":421714,"predicted":false,"t":4,"tick":25149,"type":"hit"}
[client] {"a":3,"dup":false,"ev":"game","ms":421962,"predicted":false,"t":6,"tick":25164,"type":"hit"}
[client] {"a":5,"dup":false,"ev":"game","ms":422045,"predicted":false,"t":0,"tick":25169,"type":"hit"}
[client] {"a":4,"dup":false,"ev":"game","ms":422113,"predicted":false,"t":5,"tick":25173,"type":"hit"}
[client] {"a":5,"dup":false,"ev":"game","ms":422114,"predicted":false,"t":-1,"tick":25173,"type":"ko"}
[client] {"a":3,"dup":false,"ev":"game","ms":422293,"predicted":false,"t":6,"tick":25184,"type":"hit"}
[client] {"a":3,"dup":false,"ev":"game","ms":422625,"predicted":false,"t":6,"tick":25204,"type":"hit"}
[client] {"a":4,"dup":false,"ev":"game","ms":422914,"predicted":false,"t":7,"tick":25221,"type":"hit"}
[client] {"a":0,"dup":false,"ev":"game","ms":422962,"predicted":false,"t":7,"tick":25224,"type":"hit"}
[client] {"a":0,"dup":false,"ev":"game","ms":423314,"predicted":false,"t":7,"tick":25245,"type":"hit"}
[client] {"a":3,"dup":false,"ev":"game","ms":423328,"predicted":false,"t":7,"tick":25246,"type":"hit"}
[client] {"a":8,"dup":false,"ev":"game","ms":423425,"predicted":false,"t":4,"tick":25252,"type":"hit"}
[client] {"a":6,"dup":false,"ev":"game","ms":423611,"predicted":false,"t":3,"tick":25263,"type":"hit"}
[client] {"a":7,"dup":false,"ev":"game","ms":424612,"predicted":false,"t":0,"tick":25323,"type":"hit"}
[client] {"a":4,"dup":false,"ev":"game","ms":424825,"predicted":false,"t":7,"tick":25336,"type":"hit"}
[client] {"counts":{"blocks_on_me":1,"conf_actions":277,"confirmed_hits":1207,"dup_confirmed":0,"hits_on_me":112,"pred_actions":287,"predicted_confirmed":131,"predicted_hits":257,"reconnects":0},"ev":"stats","hp":220.0,"in_bytes":5606410,"late":0,"local_entity":1,"match":{"countdown_until":300,"ctrl":-1,"final":false,"next":"A","phase":3,"rot":152,"scores":[34,15],"sd":false,"state":3,"tick":25048,"zone":"B"},"max_err":1.658,"mean_err":0.0151,"ms":424942,"out_bytes":1242068,"pending":5,"pos":[2.97,-2.5],"reconciles":8429,"server_tick":25348,"snaps":8441,"teleports":10}
[client] {"a":8,"dup":false,"ev":"game","ms":425227,"predicted":false,"t":4,"tick":25360,"type":"hit"}
[client] {"a":0,"dup":false,"ev":"game","ms":425281,"predicted":false,"t":6,"tick":25363,"type":"hit"}
[client] {"a":7,"dup":false,"ev":"game","ms":425398,"predicted":false,"t":0,"tick":25370,"type":"hit"}
[client] {"a":7,"dup":false,"ev":"game","ms":425398,"predicted":false,"t":4,"tick":25370,"type":"hit"}
[client] {"a":4,"dup":false,"ev":"game","ms":425798,"predicted":false,"t":7,"tick":25394,"type":"hit"}
[client] {"a":1,"dup":true,"ev":"game","ms":425826,"predicted":false,"t":8,"tick":25401,"type":"hit"}
[client] {"a":4,"dup":false,"ev":"game","ms":426461,"predicted":false,"t":6,"tick":25434,"type":"hit"}
[client] {"a":7,"dup":false,"ev":"game","ms":426779,"predicted":false,"t":4,"tick":25453,"type":"hit"}
[client] {"a":-1,"dup":false,"ev":"game","ms":427544,"predicted":false,"t":-1,"tick":25499,"type":"zone_rotated"}
[client] {"a":8,"dup":false,"ev":"game","ms":427613,"predicted":false,"t":3,"tick":25503,"type":"hit"}
[client] {"a":0,"dup":false,"ev":"game","ms":427944,"predicted":false,"t":6,"tick":25523,"type":"hit"}
[client] {"a":6,"dup":false,"ev":"game","ms":427944,"predicted":false,"t":-1,"tick":25523,"type":"ko"}
[client] {"a":3,"dup":false,"ev":"game","ms":427980,"predicted":false,"t":7,"tick":25525,"type":"hit"}
[client] {"a":9,"dup":false,"ev":"game","ms":428235,"predicted":false,"t":3,"tick":25540,"type":"hit"}
[client] {"a":7,"dup":false,"ev":"game","ms":428331,"predicted":false,"t":3,"tick":25546,"type":"hit"}
[client] {"a":1,"dup":true,"ev":"game","ms":428482,"predicted":false,"t":8,"tick":25560,"type":"hit"}
[client] {"a":0,"dup":false,"ev":"game","ms":428531,"predicted":false,"t":7,"tick":25558,"type":"hit"}
[client] {"a":0,"dup":false,"ev":"game","ms":428579,"predicted":false,"t":9,"tick":25561,"type":"hit"}
[client] {"a":7,"dup":false,"ev":"game","ms":428979,"predicted":false,"t":0,"tick":25585,"type":"hit"}
[client] {"a":9,"dup":false,"ev":"game","ms":429048,"predicted":false,"t":3,"tick":25589,"type":"hit"}
[client] {"a":1,"dup":true,"ev":"game","ms":429145,"predicted":false,"t":8,"tick":25600,"type":"hit"}
[client] {"a":9,"dup":false,"ev":"game","ms":429365,"predicted":false,"t":3,"tick":25608,"type":"hit"}
[client] {"a":9,"dup":false,"ev":"game","ms":429717,"predicted":false,"t":3,"tick":25629,"type":"hit"}
[client] {"a":0,"dup":false,"ev":"game","ms":429766,"predicted":false,"t":7,"tick":25632,"type":"hit"}
[client] {"counts":{"blocks_on_me":1,"conf_actions":283,"confirmed_hits":1229,"dup_confirmed":0,"hits_on_me":112,"pred_actions":293,"predicted_confirmed":134,"predicted_hits":264,"reconnects":0},"ev":"stats","hp":220.0,"in_bytes":5676564,"late":0,"local_entity":1,"match":{"countdown_until":300,"ctrl":-1,"final":true,"next":"","phase":3,"rot":3452,"scores":[34,15],"sd":false,"state":1,"tick":25348,"zone":"A"},"max_err":1.658,"mean_err":0.0149,"ms":429944,"out_bytes":1256768,"pending":5,"pos":[-1.84,-2.92],"reconciles":8529,"server_tick":25648,"snaps":8541,"teleports":10}
[client] {"a":1,"dup":true,"ev":"game","ms":430062,"predicted":false,"t":9,"tick":25655,"type":"hit"}
[client] {"a":3,"dup":false,"ev":"game","ms":430084,"predicted":false,"t":9,"tick":25651,"type":"hit"}
[client] {"a":0,"dup":false,"ev":"game","ms":430166,"predicted":false,"t":7,"tick":25656,"type":"hit"}
[client] {"a":7,"dup":false,"ev":"game","ms":430166,"predicted":false,"t":-1,"tick":25656,"type":"ko"}
[client] {"a":2,"dup":false,"ev":"game","ms":431437,"predicted":false,"t":-1,"tick":25732,"type":"respawn"}
[client] {"a":5,"dup":false,"ev":"game","ms":432118,"predicted":false,"t":-1,"tick":25773,"type":"respawn"}
[client] {"counts":{"blocks_on_me":1,"conf_actions":283,"confirmed_hits":1232,"dup_confirmed":0,"hits_on_me":112,"pred_actions":293,"predicted_confirmed":135,"predicted_hits":267,"reconnects":0},"ev":"stats","hp":220.0,"in_bytes":5733672,"late":0,"local_entity":1,"match":{"countdown_until":300,"ctrl":-1,"final":true,"next":"","phase":3,"rot":3152,"scores":[35,15],"sd":false,"state":3,"tick":25648,"zone":"A"},"max_err":1.658,"mean_err":0.0148,"ms":434954,"out_bytes":1271468,"pending":5,"pos":[-30.4,-6.48],"reconciles":8629,"server_tick":25948,"snaps":8641,"teleports":10}
[client] {"a":4,"dup":false,"ev":"game","ms":435334,"predicted":false,"t":8,"tick":25966,"type":"hit"}
[client] {"a":4,"dup":false,"ev":"game","ms":435728,"predicted":false,"t":8,"tick":25990,"type":"hit"}
[client] {"a":4,"dup":false,"ev":"game","ms":436058,"predicted":false,"t":8,"tick":26010,"type":"hit"}
[client] {"a":0,"dup":false,"ev":"game","ms":436459,"predicted":false,"t":8,"tick":26034,"type":"hit"}
[client] {"a":8,"dup":false,"ev":"game","ms":436459,"predicted":false,"t":-1,"tick":26034,"type":"ko"}
[client] {"a":9,"dup":false,"ev":"game","ms":436549,"predicted":false,"t":4,"tick":26039,"type":"hit"}
[client] {"a":4,"dup":false,"ev":"game","ms":436949,"predicted":false,"t":9,"tick":26063,"type":"hit"}
[client] {"a":9,"dup":false,"ev":"game","ms":437729,"predicted":false,"t":0,"tick":26110,"type":"hit"}
[client] {"a":0,"dup":false,"ev":"game","ms":437729,"predicted":false,"t":-1,"tick":26110,"type":"ko"}
[client] {"a":4,"dup":false,"ev":"game","ms":437763,"predicted":false,"t":9,"tick":26112,"type":"hit"}
[client] {"a":3,"dup":false,"ev":"game","ms":437832,"predicted":false,"t":9,"tick":26116,"type":"hit"}
[client] {"a":6,"dup":false,"ev":"game","ms":437949,"predicted":false,"t":-1,"tick":26123,"type":"respawn"}
[client] {"a":4,"dup":false,"ev":"game","ms":438094,"predicted":false,"t":9,"tick":26132,"type":"hit"}
[client] {"a":3,"dup":false,"ev":"game","ms":438163,"predicted":false,"t":9,"tick":26136,"type":"hit"}
[client] {"a":1,"dup":false,"ev":"game","ms":438282,"predicted":false,"t":9,"tick":26148,"type":"hit"}
[client] {"a":9,"dup":false,"ev":"game","ms":439350,"predicted":false,"t":1,"tick":26207,"type":"hit"}
[client] {"counts":{"blocks_on_me":1,"conf_actions":288,"confirmed_hits":1245,"dup_confirmed":0,"hits_on_me":113,"pred_actions":298,"predicted_confirmed":135,"predicted_hits":268,"reconnects":0},"ev":"stats","hp":182.0,"in_bytes":5796254,"late":0,"local_entity":1,"match":{"countdown_until":300,"ctrl":-1,"final":true,"next":"","phase":3,"rot":2852,"scores":[35,15],"sd":false,"state":3,"tick":25948,"zone":"A"},"max_err":1.658,"mean_err":0.015,"ms":439945,"out_bytes":1286168,"pending":5,"pos":[-40.14,0.28],"reconciles":8729,"server_tick":26247,"snaps":8741,"teleports":10}
[client] {"a":7,"dup":false,"ev":"game","ms":440160,"predicted":false,"t":-1,"tick":26256,"type":"respawn"}
[client] {"a":1,"dup":true,"ev":"game","ms":440257,"predicted":false,"t":9,"tick":26267,"type":"hit"}
[client] {"a":9,"dup":false,"ev":"game","ms":441032,"predicted":false,"t":1,"tick":26308,"type":"hit"}
[client] {"a":1,"dup":true,"ev":"game","ms":442150,"predicted":false,"t":9,"tick":26380,"type":"hit"}
[client] {"a":9,"dup":false,"ev":"game","ms":442233,"predicted":false,"t":-1,"tick":26380,"type":"ko"}
[client] {"a":4,"dup":false,"ev":"game","ms":442729,"predicted":false,"t":5,"tick":26410,"type":"hit"}
[client] {"a":5,"dup":false,"ev":"game","ms":444717,"predicted":false,"t":4,"tick":26529,"type":"hit"}
[client] {"counts":{"blocks_on_me":1,"conf_actions":293,"confirmed_hits":1250,"dup_confirmed":0,"hits_on_me":114,"pred_actions":303,"predicted_confirmed":137,"predicted_hits":271,"reconnects":0},"ev":"stats","hp":144.0,"in_bytes":5854913,"late":0,"local_entity":1,"match":{"countdown_until":300,"ctrl":-1,"final":true,"next":"","phase":3,"rot":2552,"scores":[35,15],"sd":false,"state":3,"tick":26248,"zone":"A"},"max_err":1.658,"mean_err":0.0152,"ms":444950,"out_bytes":1300868,"pending":5,"pos":[-42.25,0.27],"reconciles":8829,"server_tick":26548,"snaps":8841,"teleports":10}
[client] {"a":3,"dup":false,"ev":"game","ms":445248,"predicted":false,"t":5,"tick":26561,"type":"hit"}
[client] {"a":8,"dup":false,"ev":"game","ms":446469,"predicted":false,"t":-1,"tick":26634,"type":"respawn"}
[client] {"a":5,"dup":false,"ev":"game","ms":446600,"predicted":false,"t":3,"tick":26642,"type":"hit"}
[client] {"a":5,"dup":false,"ev":"game","ms":446918,"predicted":false,"t":3,"tick":26661,"type":"hit"}
[client] {"a":1,"dup":true,"ev":"game","ms":447414,"predicted":false,"t":5,"tick":26696,"type":"hit"}
[client] {"a":3,"dup":false,"ev":"game","ms":447436,"predicted":false,"t":5,"tick":26692,"type":"hit"}
[client] {"a":0,"dup":false,"ev":"game","ms":447732,"predicted":false,"t":-1,"tick":26710,"type":"respawn"}
[client] {"a":6,"dup":false,"ev":"game","ms":447884,"predicted":false,"t":4,"tick":26719,"type":"hit"}
[client] {"a":4,"dup":false,"ev":"game","ms":447884,"predicted":false,"t":-1,"tick":26719,"type":"ko"}
[client] {"a":5,"dup":false,"ev":"game","ms":449367,"predicted":false,"t":3,"tick":26808,"type":"block"}
[client] {"a":6,"dup":false,"ev":"game","ms":449487,"predicted":false,"t":3,"tick":26815,"type":"block"}
[client] {"a":5,"dup":false,"ev":"game","ms":449699,"predicted":false,"t":3,"tick":26828,"type":"block"}
[client] {"counts":{"blocks_on_me":1,"conf_actions":297,"confirmed_hits":1256,"dup_confirmed":0,"hits_on_me":114,"pred_actions":307,"predicted_confirmed":138,"predicted_hits":273,"reconnects":0},"ev":"stats","hp":144.0,"in_bytes":5919422,"late":0,"local_entity":1,"match":{"countdown_until":300,"ctrl":-1,"final":true,"next":"","phase":3,"rot":2252,"scores":[35,15],"sd":false,"state":3,"tick":26548,"zone":"A"},"max_err":1.658,"mean_err":0.0152,"ms":449953,"out_bytes":1315568,"pending":5,"pos":[-35.54,0.18],"reconciles":8929,"server_tick":26848,"snaps":8941,"teleports":10}
[client] {"a":6,"dup":false,"ev":"game","ms":449988,"predicted":false,"t":3,"tick":26845,"type":"block"}
[client] {"a":2,"dup":false,"ev":"game","ms":450099,"predicted":false,"t":5,"tick":26852,"type":"hit"}
[client] {"a":3,"dup":false,"ev":"game","ms":450795,"predicted":false,"t":5,"tick":26894,"type":"hit"}
[client] {"a":7,"dup":false,"ev":"game","ms":451182,"predicted":false,"t":3,"tick":26917,"type":"hit"}
[client] {"a":5,"dup":false,"ev":"game","ms":451196,"predicted":false,"t":3,"tick":26918,"type":"hit"}
[client] {"a":5,"dup":false,"ev":"game","ms":451244,"predicted":false,"t":2,"tick":26921,"type":"hit"}
[client] {"a":6,"dup":false,"ev":"game","ms":451264,"predicted":false,"t":3,"tick":26922,"type":"hit"}
[client] {"a":6,"dup":false,"ev":"game","ms":451582,"predicted":false,"t":3,"tick":26941,"type":"block"}
[client] {"a":5,"dup":false,"ev":"game","ms":451596,"predicted":false,"t":3,"tick":26942,"type":"hit"}
[client] {"a":5,"dup":false,"ev":"game","ms":451927,"predicted":false,"t":3,"tick":26962,"type":"hit"}
[client] {"a":5,"dup":false,"ev":"game","ms":451983,"predicted":false,"t":2,"tick":26965,"type":"hit"}
[client] {"a":7,"dup":false,"ev":"game","ms":452162,"predicted":false,"t":3,"tick":26976,"type":"hit"}
[client] {"a":3,"dup":false,"ev":"game","ms":452162,"predicted":false,"t":-1,"tick":26976,"type":"ko"}
[client] {"a":9,"dup":false,"ev":"game","ms":452231,"predicted":false,"t":-1,"tick":26980,"type":"respawn"}
[client] {"a":1,"dup":true,"ev":"game","ms":452562,"predicted":false,"t":5,"tick":27005,"type":"hit"}
[client] {"a":6,"dup":false,"ev":"game","ms":452866,"predicted":false,"t":2,"tick":27018,"type":"hit"}
[client] {"a":1,"dup":true,"ev":"game","ms":452962,"predicted":false,"t":5,"tick":27029,"type":"hit"}
[client] {"a":6,"dup":false,"ev":"game","ms":453184,"predicted":false,"t":2,"tick":27037,"type":"hit"}
[client] {"a":7,"dup":false,"ev":"game","ms":453328,"predicted":false,"t":2,"tick":27046,"type":"hit"}
[client] {"a":1,"dup":true,"ev":"game","ms":453549,"predicted":false,"t":5,"tick":27064,"type":"hit"}
[client] {"a":2,"dup":false,"ev":"game","ms":453949,"predicted":false,"t":6,"tick":27083,"type":"hit"}
[client] {"a":2,"dup":false,"ev":"game","ms":453949,"predicted":false,"t":7,"tick":27083,"type":"hit"}
[client] {"a":5,"dup":false,"ev":"game","ms":453997,"predicted":false,"t":1,"tick":27086,"type":"hit"}
[client] {"a":5,"dup":false,"ev":"game","ms":454494,"predicted":false,"t":1,"tick":27116,"type":"hit"}
[client] {"counts":{"blocks_on_me":1,"conf_actions":305,"confirmed_hits":1276,"dup_confirmed":0,"hits_on_me":116,"pred_actions":316,"predicted_confirmed":141,"predicted_hits":279,"reconnects":0},"ev":"stats","hp":108.0,"in_bytes":5993597,"late":0,"local_entity":1,"match":{"countdown_until":300,"ctrl":-1,"final":true,"next":"","phase":3,"rot":1952,"scores":[35,15],"sd":false,"state":3,"tick":26848,"zone":"A"},"max_err":1.658,"mean_err":0.0152,"ms":454948,"out_bytes":1330268,"pending":5,"pos":[-38.22,0.04],"reconciles":9029,"server_tick":27148,"snaps":9041,"teleports":10}
[client] {"a":7,"dup":false,"ev":"game","ms":455081,"predicted":false,"t":1,"tick":27151,"type":"hit"}
[client] {"a":5,"dup":false,"ev":"game","ms":455149,"predicted":false,"t":1,"tick":27155,"type":"hit"}
[client] {"a":7,"dup":false,"ev":"game","ms":455881,"predicted":false,"t":1,"tick":27199,"type":"hit"}
[client] {"a":2,"dup":false,"ev":"game","ms":455998,"predicted":false,"t":5,"tick":27206,"type":"hit"}
[client] {"a":2,"dup":false,"ev":"game","ms":456467,"predicted":false,"t":5,"tick":27234,"type":"hit"}
[client] {"a":6,"dup":false,"ev":"game","ms":456750,"predicted":false,"t":1,"tick":27251,"type":"block"}
[client] {"a":2,"dup":false,"ev":"game","ms":456812,"predicted":false,"t":5,"tick":27255,"type":"hit"}
[client] {"a":1,"dup":true,"ev":"game","ms":456916,"predicted":false,"t":6,"tick":27266,"type":"hit"}
[client] {"a":1,"dup":true,"ev":"game","ms":457233,"predicted":false,"t":6,"tick":27285,"type":"hit"}
[client] {"a":7,"dup":false,"ev":"game","ms":457434,"predicted":false,"t":2,"tick":27292,"type":"hit"}
[client] {"a":4,"dup":false,"ev":"game","ms":457882,"predicted":false,"t":-1,"tick":27319,"type":"respawn"}
[client] {"a":1,"dup":false,"ev":"game","ms":457882,"predicted":false,"t":-1,"tick":27324,"type":"ko"}
[client] {"a":2,"dup":false,"ev":"game","ms":457902,"predicted":false,"t":5,"tick":27320,"type":"hit"}
[client] {"a":5,"dup":false,"ev":"game","ms":457902,"predicted":false,"t":-1,"tick":27320,"type":"ko"}
[client] {"a":6,"dup":false,"ev":"game","ms":457965,"predicted":false,"t":1,"tick":27324,"type":"hit"}
[client] {"a":2,"dup":false,"ev":"game","ms":458351,"predicted":false,"t":7,"tick":27347,"type":"hit"}
[client] {"a":8,"dup":false,"ev":"game","ms":458765,"predicted":false,"t":2,"tick":27372,"type":"hit"}
[client] {"a":0,"dup":false,"ev":"game","ms":458986,"predicted":false,"t":7,"tick":27385,"type":"hit"}
[client] {"a":6,"dup":false,"ev":"game","ms":459282,"predicted":false,"t":0,"tick":27403,"type":"hit"}
[client] {"a":2,"dup":false,"ev":"game","ms":459400,"predicted":false,"t":7,"tick":27410,"type":"hit"}
[client] {"a":6,"dup":false,"ev":"game","ms":459848,"predicted":false,"t":2,"tick":27437,"type":"hit"}
[client] {"a":7,"dup":false,"ev":"game","ms":459903,"predicted":false,"t":2,"tick":27440,"type":"hit"}
[client] {"counts":{"blocks_on_me":2,"conf_actions":310,"confirmed_hits":1294,"dup_confirmed":0,"hits_on_me":120,"pred_actions":321,"predicted_confirmed":143,"predicted_hits":285,"reconnects":0},"ev":"stats","hp":0.0,"in_bytes":6065103,"late":0,"local_entity":1,"match":{"countdown_until":300,"ctrl":-1,"final":true,"next":"","phase":3,"rot":1652,"scores":[35,15],"sd":false,"state":3,"tick":27148,"zone":"A"},"max_err":1.658,"mean_err":0.0155,"ms":459951,"out_bytes":1344968,"pending":5,"pos":[-35.13,1.49],"reconciles":9129,"server_tick":27448,"snaps":9141,"teleports":10}
[client] {"a":0,"dup":false,"ev":"game","ms":460152,"predicted":false,"t":6,"tick":27455,"type":"hit"}
[client] {"a":7,"dup":false,"ev":"game","ms":460669,"predicted":false,"t":2,"tick":27486,"type":"hit"}
[client] {"a":0,"dup":false,"ev":"game","ms":460987,"predicted":false,"t":7,"tick":27505,"type":"hit"}
[client] {"a":0,"dup":false,"ev":"game","ms":461035,"predicted":false,"t":8,"tick":27508,"type":"hit"}
[client] {"a":6,"dup":false,"ev":"game","ms":461083,"predicted":false,"t":2,"tick":27511,"type":"hit"}
[client] {"a":2,"dup":false,"ev":"game","ms":461636,"predicted":false,"t":7,"tick":27544,"type":"hit"}
[client] {"a":2,"dup":false,"ev":"game","ms":461966,"predicted":false,"t":7,"tick":27564,"type":"hit"}
[client] {"a":0,"dup":false,"ev":"game","ms":462104,"predicted":false,"t":8,"tick":27572,"type":"hit"}
[client] {"a":3,"dup":false,"ev":"game","ms":462153,"predicted":false,"t":-1,"tick":27576,"type":"respawn"}
[client] {"a":7,"dup":false,"ev":"game","ms":462305,"predicted":false,"t":2,"tick":27585,"type":"hit"}
[client] {"a":8,"dup":false,"ev":"game","ms":462787,"predicted":false,"t":0,"tick":27614,"type":"hit"}
[client] {"a":2,"dup":false,"ev":"game","ms":462919,"predicted":false,"t":7,"tick":27622,"type":"hit"}
[client] {"a":0,"dup":false,"ev":"game","ms":464002,"predicted":false,"t":8,"tick":27687,"type":"hit"}
[client] {"a":0,"dup":false,"ev":"game","ms":464050,"predicted":false,"t":9,"tick":27690,"type":"hit"}
[client] {"a":6,"dup":false,"ev":"game","ms":464196,"predicted":false,"t":0,"tick":27699,"type":"hit"}
[client] {"a":7,"dup":false,"ev":"game","ms":464278,"predicted":false,"t":0,"tick":27704,"type":"hit"}
[client] {"a":2,"dup":false,"ev":"game","ms":464795,"predicted":false,"t":7,"tick":27734,"type":"hit"}
[client] {"counts":{"blocks_on_me":2,"conf_actions":310,"confirmed_hits":1310,"dup_confirmed":0,"hits_on_me":120,"pred_actions":321,"predicted_confirmed":143,"predicted_hits":285,"reconnects":0},"ev":"stats","hp":0.0,"in_bytes":6133191,"late":0,"local_entity":1,"match":{"countdown_until":300,"ctrl":-1,"final":true,"next":"","phase":3,"rot":1352,"scores":[35,15],"sd":false,"state":3,"tick":27448,"zone":"A"},"max_err":1.658,"mean_err":0.0153,"ms":464947,"out_bytes":1359668,"pending":5,"pos":[-35.13,1.49],"reconciles":9229,"server_tick":27748,"snaps":9241,"teleports":10}
[client] {"a":2,"dup":false,"ev":"game","ms":465279,"predicted":false,"t":7,"tick":27763,"type":"hit"}
[client] {"a":9,"dup":false,"ev":"game","ms":465279,"predicted":false,"t":2,"tick":27763,"type":"hit"}
[client] {"a":2,"dup":false,"ev":"game","ms":465279,"predicted":false,"t":-1,"tick":27763,"type":"ko"}
[client] {"a":8,"dup":false,"ev":"game","ms":465513,"predicted":false,"t":0,"tick":27777,"type":"hit"}
[client] {"a":8,"dup":false,"ev":"game","ms":465865,"predicted":false,"t":0,"tick":27798,"type":"hit"}
[client] {"a":6,"dup":false,"ev":"game","ms":466631,"predicted":false,"t":0,"tick":27844,"type":"hit"}
[client] {"a":7,"dup":false,"ev":"game","ms":466748,"predicted":false,"t":0,"tick":27851,"type":"hit"}
[client] {"a":0,"dup":false,"ev":"game","ms":467100,"predicted":false,"t":7,"tick":27872,"type":"hit"}
[client] {"a":7,"dup":false,"ev":"game","ms":467100,"predicted":false,"t":-1,"tick":27872,"type":"ko"}
[client] {"a":8,"dup":false,"ev":"game","ms":467218,"predicted":false,"t":0,"tick":27879,"type":"hit"}
[client] {"a":8,"dup":false,"ev":"game","ms":467631,"predicted":false,"t":0,"tick":27904,"type":"hit"}
[client] {"a":1,"dup":false,"ev":"game","ms":467880,"predicted":false,"t":-1,"tick":27924,"type":"respawn"}
[client] {"a":5,"dup":false,"ev":"game","ms":467900,"predicted":false,"t":-1,"tick":27920,"type":"respawn"}
[client] {"a":0,"dup":false,"ev":"game","ms":467984,"predicted":false,"t":8,"tick":27925,"type":"hit"}
[client] {"a":9,"dup":false,"ev":"game","ms":468115,"predicted":false,"t":0,"tick":27933,"type":"hit"}
[client] {"a":0,"dup":false,"ev":"game","ms":468115,"predicted":false,"t":-1,"tick":27933,"type":"ko"}
[client] {"a":9,"dup":false,"ev":"game","ms":468129,"predicted":false,"t":4,"tick":27934,"type":"hit"}
[client] {"counts":{"blocks_on_me":2,"conf_actions":310,"confirmed_hits":1322,"dup_confirmed":0,"hits_on_me":120,"pred_actions":321,"predicted_confirmed":143,"predicted_hits":285,"reconnects":0},"ev":"stats","hp":220.0,"in_bytes":6197208,"late":0,"local_entity":1,"match":{"countdown_until":300,"ctrl":-1,"final":true,"next":"","phase":3,"rot":1052,"scores":[35,15],"sd":false,"state":3,"tick":27748,"zone":"A"},"max_err":1.658,"mean_err":0.0151,"ms":469949,"out_bytes":1374368,"pending":5,"pos":[2.54,-34.3],"reconciles":9328,"server_tick":28048,"snaps":9341,"teleports":11}
[client] {"a":4,"dup":false,"ev":"game","ms":470033,"predicted":false,"t":9,"tick":28048,"type":"hit"}
[client] {"a":8,"dup":false,"ev":"game","ms":470564,"predicted":false,"t":4,"tick":28080,"type":"hit"}
[client] {"a":8,"dup":false,"ev":"game","ms":470902,"predicted":false,"t":4,"tick":28100,"type":"hit"}
[client] {"a":8,"dup":false,"ev":"game","ms":471233,"predicted":false,"t":4,"tick":28120,"type":"hit"}
[client] {"a":4,"dup":false,"ev":"game","ms":472020,"predicted":false,"t":6,"tick":28167,"type":"hit"}
[client] {"a":8,"dup":false,"ev":"game","ms":473035,"predicted":false,"t":4,"tick":28228,"type":"hit"}
[client] {"a":8,"dup":false,"ev":"game","ms":473365,"predicted":false,"t":4,"tick":28248,"type":"hit"}
[client] {"a":4,"dup":false,"ev":"game","ms":473786,"predicted":false,"t":8,"tick":28273,"type":"hit"}
[client] {"a":3,"dup":false,"ev":"game","ms":473821,"predicted":false,"t":9,"tick":28275,"type":"hit"}
[client] {"a":4,"dup":false,"ev":"game","ms":474469,"predicted":false,"t":6,"tick":28314,"type":"hit"}
[client] {"a":9,"dup":false,"ev":"game","ms":474800,"predicted":false,"t":3,"tick":28334,"type":"hit"}
[client] {"a":6,"dup":false,"ev":"game","ms":474869,"predicted":false,"t":4,"tick":28338,"type":"hit"}
[client] {"counts":{"blocks_on_me":2,"conf_actions":310,"confirmed_hits":1334,"dup_confirmed":0,"hits_on_me":120,"pred_actions":321,"predicted_confirmed":143,"predicted_hits":285,"reconnects":0},"ev":"stats","hp":220.0,"in_bytes":6260459,"late":0,"local_entity":1,"match":{"countdown_until":300,"ctrl":-1,"final":true,"next":"","phase":3,"rot":755,"scores":[35,15],"sd":false,"state":3,"tick":28045,"zone":"A"},"max_err":1.658,"mean_err":0.015,"ms":474945,"out_bytes":1389068,"pending":8,"pos":[-22.24,-16.8],"reconciles":9427,"server_tick":28348,"snaps":9440,"teleports":11}
[client] {"a":3,"dup":false,"ev":"game","ms":475263,"predicted":false,"t":9,"tick":28362,"type":"hit"}
[client] {"a":2,"dup":false,"ev":"game","ms":475277,"predicted":false,"t":-1,"tick":28363,"type":"respawn"}
[client] {"a":4,"dup":false,"ev":"game","ms":475511,"predicted":false,"t":8,"tick":28377,"type":"hit"}
[client] {"a":6,"dup":false,"ev":"game","ms":475946,"predicted":false,"t":3,"tick":28403,"type":"hit"}
[client] {"a":9,"dup":false,"ev":"game","ms":476078,"predicted":false,"t":3,"tick":28411,"type":"hit"}
[client] {"a":6,"dup":false,"ev":"game","ms":476263,"predicted":false,"t":3,"tick":28422,"type":"hit"}
[client] {"a":4,"dup":false,"ev":"game","ms":476429,"predicted":false,"t":8,"tick":28432,"type":"hit"}
[client] {"a":9,"dup":false,"ev":"game","ms":476512,"predicted":false,"t":3,"tick":28437,"type":"hit"}
[client] {"a":6,"dup":false,"ev":"game","ms":476560,"predicted":false,"t":3,"tick":28440,"type":"hit"}
[client] {"a":4,"dup":false,"ev":"game","ms":476760,"predicted":false,"t":8,"tick":28452,"type":"hit"}
[client] {"a":9,"dup":false,"ev":"game","ms":476830,"predicted":false,"t":3,"tick":28456,"type":"hit"}
[client] {"a":7,"dup":false,"ev":"game","ms":477099,"predicted":false,"t":-1,"tick":28472,"type":"respawn"}
[client] {"a":8,"dup":false,"ev":"game","ms":477160,"predicted":false,"t":4,"tick":28476,"type":"hit"}
[client] {"a":9,"dup":false,"ev":"game","ms":477430,"predicted":false,"t":3,"tick":28492,"type":"hit"}
[client] {"a":8,"dup":false,"ev":"game","ms":477650,"predicted":false,"t":4,"tick":28505,"type":"hit"}
[client] {"a":6,"dup":false,"ev":"game","ms":477748,"predicted":false,"t":3,"tick":28511,"type":"hit"}
[client] {"a":4,"dup":false,"ev":"game","ms":478051,"predicted":false,"t":8,"tick":28529,"type":"hit"}
[client] {"a":6,"dup":false,"ev":"game","ms":478051,"predicted":false,"t":3,"tick":28529,"type":"hit"}
[client] {"a":0,"dup":false,"ev":"game","ms":478113,"predicted":false,"t":-1,"tick":28533,"type":"respawn"}
[client] {"a":9,"dup":false,"ev":"game","ms":478216,"predicted":false,"t":3,"tick":28539,"type":"hit"}
[client] {"a":4,"dup":false,"ev":"game","ms":478416,"predicted":false,"t":8,"tick":28551,"type":"hit"}
[client] {"a":9,"dup":false,"ev":"game","ms":478534,"predicted":false,"t":3,"tick":28558,"type":"hit"}
[client] {"a":6,"dup":false,"ev":"game","ms":478651,"predicted":false,"t":3,"tick":28565,"type":"hit"}
[client] {"a":4,"dup":false,"ev":"game","ms":478761,"predicted":false,"t":8,"tick":28572,"type":"hit"}
[client] {"a":8,"dup":false,"ev":"game","ms":478761,"predicted":false,"t":-1,"tick":28572,"type":"ko"}
[client] {"a":1,"dup":true,"ev":"game","ms":478879,"predicted":false,"t":6,"tick":28584,"type":"hit"}
[client] {"a":9,"dup":false,"ev":"game","ms":478934,"predicted":false,"t":3,"tick":28582,"type":"hit"}
[client] {"a":1,"dup":true,"ev":"game","ms":479217,"predicted":false,"t":6,"tick":28604,"type":"hit"}
[client] {"a":9,"dup":false,"ev":"game","ms":479465,"predicted":false,"t":1,"tick":28614,"type":"hit"}
[client] {"a":3,"dup":false,"ev":"game","ms":479513,"predicted":false,"t":9,"tick":28617,"type":"hit"}
[client] {"a":4,"dup":false,"ev":"game","ms":479735,"predicted":false,"t":5,"tick":28630,"type":"hit"}
[client] {"a":9,"dup":false,"ev":"game","ms":479865,"predicted":false,"t":3,"tick":28638,"type":"block"}
[client] {"counts":{"blocks_on_me":2,"conf_actions":314,"confirmed_hits":1361,"dup_confirmed":0,"hits_on_me":121,"pred_actions":325,"predicted_confirmed":145,"predicted_hits":288,"reconnects":0},"ev":"stats","hp":200.0,"in_bytes":6331514,"late":0,"local_entity":1,"match":{"countdown_until":300,"ctrl":-1,"final":true,"next":"","phase":3,"rot":452,"scores":[35,15],"sd":false,"state":3,"tick":28348,"zone":"A"},"max_err":1.658,"mean_err":0.0149,"ms":479947,"out_bytes":1403768,"pending":5,"pos":[-39.94,-0.89],"reconciles":9527,"server_tick":28648,"snaps":9540,"teleports":11}
[client] {"a":4,"dup":false,"ev":"game","ms":480079,"predicted":false,"t":5,"tick":28651,"type":"hit"}
[client] {"a":6,"dup":false,"ev":"game","ms":480251,"predicted":false,"t":3,"tick":28661,"type":"block"}
[client] {"a":4,"dup":false,"ev":"game","ms":480313,"predicted":false,"t":5,"tick":28665,"type":"hit"}
[client] {"a":9,"dup":false,"ev":"game","ms":480466,"predicted":false,"t":3,"tick":28674,"type":"block"}
[client] {"a":6,"dup":false,"ev":"game","ms":480818,"predicted":false,"t":3,"tick":28695,"type":"block"}
[client] {"a":1,"dup":true,"ev":"game","ms":480818,"predicted":false,"t":5,"tick":28700,"type":"hit"}
[client] {"a":6,"dup":false,"ev":"game","ms":481700,"predicted":false,"t":3,"tick":28748,"type":"hit"}
[client] {"a":3,"dup":false,"ev":"game","ms":481700,"predicted":false,"t":-1,"tick":28748,"type":"ko"}
[client] {"a":5,"dup":false,"ev":"game","ms":481832,"predicted":false,"t":1,"tick":28756,"type":"hit"}
[client] {"a":1,"dup":true,"ev":"game","ms":482902,"predicted":false,"t":9,"tick":28825,"type":"hit"}
[client] {"a":6,"dup":false,"ev":"game","ms":483281,"predicted":false,"t":1,"tick":28843,"type":"hit"}
[client] {"a":4,"dup":false,"ev":"game","ms":483598,"predicted":false,"t":9,"tick":28862,"type":"hit"}
[client] {"a":6,"dup":false,"ev":"game","ms":483716,"predicted":false,"t":1,"tick":28869,"type":"hit"}
[client] {"a":6,"dup":false,"ev":"game","ms":484033,"predicted":false,"t":1,"tick":28888,"type":"hit"}
[client] {"a":4,"dup":false,"ev":"game","ms":484233,"predicted":false,"t":9,"tick":28900,"type":"hit"}
[client] {"counts":{"blocks_on_me":2,"conf_actions":323,"confirmed_hits":1372,"dup_confirmed":0,"hits_on_me":125,"pred_actions":334,"predicted_confirmed":147,"predicted_hits":293,"reconnects":0},"ev":"stats","hp":120.0,"in_bytes":6401864,"late":0,"local_entity":1,"match":{"countdown_until":300,"ctrl":-1,"final":true,"next":"","phase":3,"rot":152,"scores":[35,15],"sd":false,"state":3,"tick":28648,"zone":"A"},"max_err":1.658,"mean_err":0.0152,"ms":484950,"out_bytes":1418468,"pending":5,"pos":[-37.75,-0.12],"reconciles":9627,"server_tick":28948,"snaps":9640,"teleports":11}
[client] {"a":1,"dup":true,"ev":"game","ms":485020,"predicted":false,"t":9,"tick":28952,"type":"hit"}
[client] {"a":5,"dup":false,"ev":"game","ms":485268,"predicted":false,"t":4,"tick":28962,"type":"hit"}
[client] {"a":9,"dup":false,"ev":"game","ms":485620,"predicted":false,"t":1,"tick":28983,"type":"hit"}
[client] {"a":4,"dup":false,"ev":"game","ms":485682,"predicted":false,"t":5,"tick":28987,"type":"hit"}
[client] {"a":1,"dup":false,"ev":"game","ms":486083,"predicted":false,"t":9,"tick":29016,"type":"block"}
[client] {"a":9,"dup":false,"ev":"game","ms":486420,"predicted":false,"t":1,"tick":29031,"type":"hit"}
[client] {"a":4,"dup":false,"ev":"game","ms":486517,"predicted":false,"t":5,"tick":29037,"type":"hit"}
[client] {"a":9,"dup":false,"ev":"game","ms":486738,"predicted":false,"t":1,"tick":29050,"type":"hit"}
[client] {"a":6,"dup":false,"ev":"game","ms":486987,"predicted":false,"t":4,"tick":29065,"type":"hit"}
[client] {"a":1,"dup":true,"ev":"game","ms":487000,"predicted":false,"t":9,"tick":29071,"type":"hit"}
[client] {"a":9,"dup":false,"ev":"game","ms":487083,"predicted":false,"t":-1,"tick":29071,"type":"ko"}
[client] {"a":6,"dup":false,"ev":"game","ms":487304,"predicted":false,"t":4,"tick":29084,"type":"hit"}
[client] {"a":4,"dup":false,"ev":"game","ms":487304,"predicted":false,"t":-1,"tick":29084,"type":"ko"}
[client] {"a":2,"dup":false,"ev":"game","ms":487400,"predicted":false,"t":6,"tick":29090,"type":"hit"}
[client] {"duration_s":480.0,"ev":"results","ms":487592,"reason":"time","score":[35,15],"winner":0}
[client] {"counts":{"blocks_on_me":2,"conf_actions":327,"confirmed_hits":1383,"dup_confirmed":0,"hits_on_me":128,"pred_actions":339,"predicted_confirmed":149,"predicted_hits":301,"reconnects":0},"ev":"stats","hp":56.0,"in_bytes":6442793,"late":0,"local_entity":1,"match":{"countdown_until":300,"ctrl":-1,"final":true,"next":"","phase":3,"rot":2,"scores":[35,15],"sd":false,"state":3,"tick":28798,"zone":"A"},"max_err":1.658,"mean_err":0.0153,"ms":487592,"out_bytes":1426259,"pending":14,"pos":[-37.48,-0.86],"reconciles":9677,"server_tick":29107,"snaps":9690,"teleports":11}
[client] {"a":-1,"dup":false,"ev":"game","ms":487600,"predicted":false,"t":-1,"tick":29099,"type":"match_end"}
ERROR: Attempt to disconnect a nonexistent connection from 'Net:<Node#47596963389>'. Signal: 'tree_exited', callable: ''.
   at: _disconnect (core/object/object.cpp:1644)
