Godot Engine v4.7.2.stable.official.ed1daf0bf - https://godotengine.org

[client] {"detail":"127.0.0.1:24610","ev":"status","ms":0,"status":"connecting"}
[client] {"detail":"","ev":"status","ms":48,"status":"connected"}
[client] {"ev":"welcome","ms":56,"observer":false,"pid":7}
[client] {"ev":"pick","f":"hops","ms":152}
[client] {"ev":"lock","f":"hops","ms":1201}
[client] {"ev":"match_setup","fighters":10,"ms":2225,"you":6}
[client] {"counts":{"blocks_on_me":0,"conf_actions":0,"confirmed_hits":0,"dup_confirmed":0,"hits_on_me":0,"pred_actions":0,"predicted_confirmed":0,"predicted_hits":0,"reconnects":0},"ev":"stats","hp":230.0,"in_bytes":95078,"late":0,"local_entity":6,"match":{"countdown_until":300,"ctrl":-1,"final":false,"next":"","phase":2,"rot":3600,"scores":[0,0],"sd":false,"state":1,"tick":0,"zone":""},"max_err":0.257,"mean_err":0.2139,"ms":4955,"out_bytes":8101,"pending":7,"pos":[-3.11,46.19],"reconciles":53,"server_tick":164,"snaps":55,"teleports":1}
[client] {"counts":{"blocks_on_me":0,"conf_actions":0,"confirmed_hits":0,"dup_confirmed":0,"hits_on_me":0,"pred_actions":0,"predicted_confirmed":0,"predicted_hits":0,"reconnects":0},"ev":"stats","hp":230.0,"in_bytes":139769,"late":0,"local_entity":6,"match":{"countdown_until":300,"ctrl":-1,"final":false,"next":"","phase":3,"rot":3434,"scores":[0,0],"sd":false,"state":1,"tick":166,"zone":"B"},"max_err":0.257,"mean_err":0.1411,"ms":9957,"out_bytes":22801,"pending":7,"pos":[-2.26,26.23],"reconciles":153,"server_tick":464,"snaps":155,"teleports":1}
[client] {"counts":{"blocks_on_me":0,"conf_actions":1,"confirmed_hits":0,"dup_confirmed":0,"hits_on_me":0,"pred_actions":1,"predicted_confirmed":0,"predicted_hits":0,"reconnects":0},"ev":"stats","hp":230.0,"in_bytes":203250,"late":0,"local_entity":6,"match":{"countdown_until":300,"ctrl":-1,"final":false,"next":"","phase":3,"rot":3134,"scores":[0,0],"sd":false,"state":3,"tick":466,"zone":"B"},"max_err":0.82,"mean_err":0.0927,"ms":14959,"out_bytes":37501,"pending":7,"pos":[3.47,-3.31],"reconciles":252,"server_tick":764,"snaps":254,"teleports":1}
[client] {"a":5,"dup":false,"ev":"game","ms":15278,"predicted":false,"t":2,"tick":779,"type":"hit"}
[client] {"a":6,"dup":true,"ev":"game","ms":15795,"predicted":false,"t":3,"tick":815,"type":"hit"}
[client] {"a":6,"dup":true,"ev":"game","ms":15809,"predicted":false,"t":0,"tick":816,"type":"hit"}
[client] {"a":1,"dup":false,"ev":"game","ms":15892,"predicted":false,"t":7,"tick":816,"type":"hit"}
[client] {"a":5,"dup":false,"ev":"game","ms":16113,"predicted":false,"t":4,"tick":829,"type":"hit"}
[client] {"a":5,"dup":false,"ev":"game","ms":16127,"predicted":false,"t":0,"tick":830,"type":"hit"}
[client] {"a":8,"dup":false,"ev":"game","ms":16217,"predicted":false,"t":2,"tick":835,"type":"hit"}
[client] {"a":9,"dup":false,"ev":"game","ms":16375,"predicted":false,"t":3,"tick":845,"type":"hit"}
[client] {"a":0,"dup":false,"ev":"game","ms":16727,"predicted":false,"t":6,"tick":866,"type":"hit"}
[client] {"a":4,"dup":false,"ev":"game","ms":16727,"predicted":false,"t":6,"tick":866,"type":"hit"}
[client] {"a":1,"dup":false,"ev":"game","ms":16810,"predicted":false,"t":7,"tick":871,"type":"hit"}
[client] {"a":5,"dup":false,"ev":"game","ms":16844,"predicted":false,"t":2,"tick":873,"type":"hit"}
[client] {"a":3,"dup":false,"ev":"game","ms":16948,"predicted":false,"t":6,"tick":879,"type":"hit"}
[client] {"a":5,"dup":false,"ev":"game","ms":17176,"predicted":false,"t":2,"tick":893,"type":"hit"}
[client] {"a":5,"dup":false,"ev":"game","ms":17549,"predicted":false,"t":2,"tick":915,"type":"hit"}
[client] {"a":8,"dup":false,"ev":"game","ms":17749,"predicted":false,"t":3,"tick":927,"type":"hit"}
[client] {"a":1,"dup":false,"ev":"game","ms":17927,"predicted":false,"t":9,"tick":938,"type":"hit"}
[client] {"a":2,"dup":false,"ev":"game","ms":18231,"predicted":false,"t":5,"tick":956,"type":"hit"}
[client] {"a":6,"dup":true,"ev":"game","ms":18314,"predicted":false,"t":3,"tick":966,"type":"hit"}
[client] {"a":6,"dup":true,"ev":"game","ms":18314,"predicted":false,"t":4,"tick":966,"type":"hit"}
[client] {"a":3,"dup":false,"ev":"game","ms":18362,"predicted":false,"t":8,"tick":964,"type":"hit"}
[client] {"a":2,"dup":false,"ev":"game","ms":18529,"predicted":false,"t":5,"tick":974,"type":"hit"}
[client] {"a":2,"dup":false,"ev":"game","ms":18569,"predicted":false,"t":9,"tick":977,"type":"hit"}
[client] {"a":5,"dup":false,"ev":"game","ms":18990,"predicted":false,"t":2,"tick":1002,"type":"hit"}
[client] {"a":3,"dup":false,"ev":"game","ms":19039,"predicted":false,"t":5,"tick":1005,"type":"hit"}
[client] {"a":4,"dup":false,"ev":"game","ms":19052,"predicted":false,"t":6,"tick":1006,"type":"hit"}
[client] {"a":7,"dup":false,"ev":"game","ms":19052,"predicted":false,"t":1,"tick":1006,"type":"hit"}
[client] {"a":2,"dup":false,"ev":"game","ms":19342,"predicted":false,"t":5,"tick":1023,"type":"hit"}
[client] {"a":3,"dup":false,"ev":"game","ms":19357,"predicted":false,"t":5,"tick":1024,"type":"hit"}
[client] {"a":0,"dup":false,"ev":"game","ms":19425,"predicted":false,"t":6,"tick":1028,"type":"hit"}
[client] {"a":8,"dup":false,"ev":"game","ms":19425,"predicted":false,"t":2,"tick":1028,"type":"hit"}
[client] {"a":9,"dup":false,"ev":"game","ms":19522,"predicted":false,"t":1,"tick":1034,"type":"hit"}
[client] {"a":3,"dup":false,"ev":"game","ms":19653,"predicted":false,"t":5,"tick":1042,"type":"hit"}
[client] {"a":8,"dup":false,"ev":"game","ms":19742,"predicted":false,"t":2,"tick":1047,"type":"hit"}
[client] {"a":9,"dup":false,"ev":"game","ms":19839,"predicted":false,"t":1,"tick":1053,"type":"hit"}
[client] {"counts":{"blocks_on_me":0,"conf_actions":9,"confirmed_hits":35,"dup_confirmed":0,"hits_on_me":5,"pred_actions":9,"predicted_confirmed":4,"predicted_hits":12,"reconnects":0},"ev":"stats","hp":120.0,"in_bytes":282943,"late":0,"local_entity":6,"match":{"countdown_until":300,"ctrl":-1,"final":false,"next":"","phase":3,"rot":2834,"scores":[0,0],"sd":false,"state":3,"tick":766,"zone":"B"},"max_err":1.404,"mean_err":0.0828,"ms":19955,"out_bytes":52201,"pending":7,"pos":[0.53,-5.17],"reconciles":352,"server_tick":1064,"snaps":354,"teleports":1}
[client] {"a":5,"dup":false,"ev":"game","ms":20087,"predicted":false,"t":1,"tick":1067,"type":"hit"}
[client] {"a":5,"dup":false,"ev":"game","ms":20108,"predicted":false,"t":2,"tick":1069,"type":"hit"}
[client] {"a":6,"dup":true,"ev":"game","ms":20157,"predicted":false,"t":3,"tick":1077,"type":"hit"}
[client] {"a":7,"dup":false,"ev":"game","ms":20252,"predicted":false,"t":1,"tick":1078,"type":"hit"}
[client] {"a":5,"dup":false,"ev":"game","ms":20404,"predicted":false,"t":1,"tick":1087,"type":"hit"}
[client] {"a":5,"dup":false,"ev":"game","ms":20453,"predicted":false,"t":2,"tick":1090,"type":"hit"}
[client] {"a":1,"dup":false,"ev":"game","ms":20770,"predicted":false,"t":5,"tick":1109,"type":"hit"}
[client] {"a":0,"dup":false,"ev":"game","ms":20791,"predicted":false,"t":6,"tick":1110,"type":"hit"}
[client] {"a":2,"dup":false,"ev":"game","ms":20826,"predicted":false,"t":7,"tick":1112,"type":"hit"}
[client] {"a":3,"dup":false,"ev":"game","ms":20956,"predicted":false,"t":7,"tick":1120,"type":"hit"}
[client] {"a":0,"dup":false,"ev":"game","ms":21109,"predicted":false,"t":6,"tick":1128,"type":"hit"}
[client] {"a":5,"dup":false,"ev":"game","ms":21170,"predicted":false,"t":1,"tick":1132,"type":"hit"}
[client] {"a":9,"dup":false,"ev":"game","ms":21371,"predicted":false,"t":3,"tick":1145,"type":"hit"}
[client] {"a":1,"dup":false,"ev":"game","ms":21557,"predicted":false,"t":7,"tick":1156,"type":"hit"}
[client] {"a":2,"dup":false,"ev":"game","ms":21709,"predicted":false,"t":7,"tick":1164,"type":"hit"}
[client] {"a":0,"dup":false,"ev":"game","ms":21757,"predicted":false,"t":5,"tick":1167,"type":"hit"}
[client] {"a":0,"dup":false,"ev":"game","ms":21757,"predicted":false,"t":6,"tick":1167,"type":"hit"}
[client] {"a":7,"dup":false,"ev":"game","ms":22158,"predicted":false,"t":4,"tick":1192,"type":"hit"}
[client] {"a":2,"dup":false,"ev":"game","ms":22192,"predicted":false,"t":9,"tick":1194,"type":"hit"}
[client] {"a":1,"dup":false,"ev":"game","ms":22289,"predicted":false,"t":5,"tick":1199,"type":"hit"}
[client] {"a":8,"dup":false,"ev":"game","ms":22509,"predicted":false,"t":4,"tick":1212,"type":"hit"}
[client] {"a":1,"dup":false,"ev":"game","ms":22523,"predicted":false,"t":5,"tick":1213,"type":"hit"}
[client] {"a":3,"dup":false,"ev":"game","ms":22523,"predicted":false,"t":9,"tick":1213,"type":"hit"}
[client] {"a":2,"dup":false,"ev":"game","ms":22557,"predicted":false,"t":9,"tick":1216,"type":"hit"}
[client] {"a":7,"dup":false,"ev":"game","ms":22640,"predicted":false,"t":4,"tick":1220,"type":"hit"}
[client] {"a":6,"dup":true,"ev":"game","ms":22910,"predicted":false,"t":0,"tick":1242,"type":"hit"}
[client] {"a":3,"dup":false,"ev":"game","ms":23075,"predicted":false,"t":9,"tick":1246,"type":"hit"}
[client] {"a":5,"dup":false,"ev":"game","ms":23089,"predicted":false,"t":2,"tick":1247,"type":"hit"}
[client] {"a":2,"dup":false,"ev":"game","ms":23089,"predicted":false,"t":-1,"tick":1247,"type":"ko"}
[client] {"a":4,"dup":false,"ev":"game","ms":23192,"predicted":false,"t":7,"tick":1254,"type":"block"}
[client] {"a":8,"dup":false,"ev":"game","ms":23192,"predicted":false,"t":0,"tick":1254,"type":"hit"}
[client] {"a":1,"dup":false,"ev":"game","ms":23310,"predicted":false,"t":5,"tick":1261,"type":"hit"}
[client] {"a":6,"dup":true,"ev":"game","ms":23427,"predicted":false,"t":0,"tick":1273,"type":"hit"}
[client] {"a":9,"dup":false,"ev":"game","ms":23441,"predicted":false,"t":4,"tick":1268,"type":"hit"}
[client] {"a":7,"dup":false,"ev":"game","ms":23710,"predicted":false,"t":0,"tick":1285,"type":"hit"}
[client] {"a":7,"dup":false,"ev":"game","ms":23710,"predicted":false,"t":4,"tick":1285,"type":"hit"}
[client] {"a":8,"dup":false,"ev":"game","ms":23723,"predicted":false,"t":0,"tick":1286,"type":"hit"}
[client] {"a":1,"dup":false,"ev":"game","ms":23759,"predicted":false,"t":5,"tick":1288,"type":"hit"}
[client] {"a":8,"dup":false,"ev":"game","ms":24089,"predicted":false,"t":4,"tick":1308,"type":"hit"}
[client] {"a":0,"dup":false,"ev":"game","ms":24110,"predicted":false,"t":7,"tick":1309,"type":"hit"}
[client] {"a":1,"dup":false,"ev":"game","ms":24124,"predicted":false,"t":5,"tick":1310,"type":"hit"}
[client] {"a":0,"dup":false,"ev":"game","ms":24144,"predicted":false,"t":8,"tick":1311,"type":"hit"}
[client] {"a":9,"dup":false,"ev":"game","ms":24144,"predicted":false,"t":4,"tick":1311,"type":"hit"}
[client] {"a":0,"dup":false,"ev":"game","ms":24441,"predicted":false,"t":7,"tick":1329,"type":"hit"}
[client] {"a":0,"dup":false,"ev":"game","ms":24489,"predicted":false,"t":8,"tick":1332,"type":"hit"}
[client] {"a":9,"dup":false,"ev":"game","ms":24745,"predicted":false,"t":0,"tick":1347,"type":"hit"}
[client] {"a":3,"dup":false,"ev":"game","ms":24793,"predicted":false,"t":5,"tick":1350,"type":"hit"}
[client] {"counts":{"blocks_on_me":0,"conf_actions":14,"confirmed_hits":80,"dup_confirmed":0,"hits_on_me":8,"pred_actions":14,"predicted_confirmed":7,"predicted_hits":19,"reconnects":0},"ev":"stats","hp":64.0,"in_bytes":370811,"late":0,"local_entity":6,"match":{"countdown_until":300,"ctrl":-1,"final":false,"next":"","phase":3,"rot":2534,"scores":[0,0],"sd":false,"state":3,"tick":1066,"zone":"B"},"max_err":1.404,"mean_err":0.0753,"ms":24958,"out_bytes":66901,"pending":7,"pos":[7.04,-2.56],"reconciles":452,"server_tick":1364,"snaps":454,"teleports":1}
[client] {"a":3,"dup":false,"ev":"game","ms":25711,"predicted":false,"t":7,"tick":1405,"type":"hit"}
[client] {"a":1,"dup":false,"ev":"game","ms":25794,"predicted":false,"t":9,"tick":1410,"type":"hit"}
[client] {"a":6,"dup":false,"ev":"game","ms":25911,"predicted":false,"t":4,"tick":1422,"type":"block"}
[client] {"a":5,"dup":false,"ev":"game","ms":25993,"predicted":false,"t":3,"tick":1422,"type":"hit"}
[client] {"a":8,"dup":false,"ev":"game","ms":26256,"predicted":false,"t":1,"tick":1438,"type":"hit"}
[client] {"a":3,"dup":false,"ev":"game","ms":26312,"predicted":false,"t":7,"tick":1441,"type":"hit"}
[client] {"a":7,"dup":false,"ev":"game","ms":26312,"predicted":false,"t":-1,"tick":1441,"type":"ko"}
[client] {"a":5,"dup":false,"ev":"game","ms":26325,"predicted":false,"t":3,"tick":1442,"type":"hit"}
[client] {"a":9,"dup":false,"ev":"game","ms":26560,"predicted":false,"t":1,"tick":1456,"type":"hit"}
[client] {"a":0,"dup":false,"ev":"game","ms":26573,"predicted":false,"t":8,"tick":1457,"type":"hit"}
[client] {"a":6,"dup":false,"ev":"game","ms":26573,"predicted":false,"t":4,"tick":1462,"type":"block"}
[client] {"a":5,"dup":false,"ev":"game","ms":26725,"predicted":false,"t":3,"tick":1466,"type":"hit"}
[client] {"a":6,"dup":false,"ev":"game","ms":26912,"predicted":false,"t":4,"tick":1482,"type":"block"}
[client] {"a":3,"dup":false,"ev":"game","ms":27042,"predicted":false,"t":8,"tick":1485,"type":"hit"}
[client] {"a":9,"dup":false,"ev":"game","ms":27077,"predicted":false,"t":0,"tick":1487,"type":"hit"}
[client] {"a":6,"dup":false,"ev":"game","ms":27291,"predicted":false,"t":4,"tick":1505,"type":"block"}
[client] {"a":1,"dup":false,"ev":"game","ms":27325,"predicted":false,"t":9,"tick":1502,"type":"hit"}
[client] {"a":8,"dup":false,"ev":"game","ms":27560,"predicted":false,"t":4,"tick":1516,"type":"hit"}
[client] {"a":1,"dup":false,"ev":"game","ms":27712,"predicted":false,"t":9,"tick":1525,"type":"hit"}
[client] {"a":4,"dup":false,"ev":"game","ms":27925,"predicted":false,"t":6,"tick":1538,"type":"hit"}
[client] {"a":3,"dup":false,"ev":"game","ms":28043,"predicted":false,"t":5,"tick":1545,"type":"hit"}
[client] {"a":5,"dup":false,"ev":"game","ms":28043,"predicted":false,"t":-1,"tick":1545,"type":"ko"}
[client] {"a":9,"dup":false,"ev":"game","ms":28139,"predicted":false,"t":3,"tick":1551,"type":"hit"}
[client] {"a":6,"dup":true,"ev":"game","ms":28209,"predicted":false,"t":4,"tick":1560,"type":"hit"}
[client] {"a":9,"dup":false,"ev":"game","ms":28491,"predicted":false,"t":3,"tick":1572,"type":"hit"}
[client] {"a":3,"dup":false,"ev":"game","ms":28491,"predicted":false,"t":-1,"tick":1572,"type":"ko"}
[client] {"a":8,"dup":false,"ev":"game","ms":28574,"predicted":false,"t":4,"tick":1577,"type":"hit"}
[client] {"a":4,"dup":false,"ev":"game","ms":28574,"predicted":false,"t":-1,"tick":1577,"type":"ko"}
[client] {"a":9,"dup":false,"ev":"game","ms":29230,"predicted":false,"t":1,"tick":1616,"type":"hit"}
[client] {"a":6,"dup":true,"ev":"game","ms":29230,"predicted":false,"t":1,"tick":1621,"type":"hit"}
[client] {"a":9,"dup":false,"ev":"game","ms":29258,"predicted":false,"t":0,"tick":1618,"type":"hit"}
[client] {"a":1,"dup":false,"ev":"game","ms":29844,"predicted":false,"t":9,"tick":1653,"type":"hit"}
[client] {"a":8,"dup":false,"ev":"game","ms":29947,"predicted":false,"t":1,"tick":1659,"type":"hit"}
[client] {"a":1,"dup":false,"ev":"game","ms":29947,"predicted":false,"t":-1,"tick":1659,"type":"ko"}
[client] {"counts":{"blocks_on_me":0,"conf_actions":23,"confirmed_hits":105,"dup_confirmed":0,"hits_on_me":9,"pred_actions":23,"predicted_confirmed":9,"predicted_hits":33,"reconnects":0},"ev":"stats","hp":46.0,"in_bytes":444303,"late":0,"local_entity":6,"match":{"countdown_until":300,"ctrl":-1,"final":false,"next":"","phase":3,"rot":2234,"scores":[0,0],"sd":false,"state":3,"tick":1366,"zone":"B"},"max_err":1.404,"mean_err":0.0638,"ms":29960,"out_bytes":81601,"pending":7,"pos":[1.88,-3.59],"reconciles":552,"server_tick":1664,"snaps":554,"teleports":1}
[client] {"a":9,"dup":false,"ev":"game","ms":30514,"predicted":false,"t":0,"tick":1693,"type":"hit"}
[client] {"a":0,"dup":false,"ev":"game","ms":30514,"predicted":false,"t":-1,"tick":1693,"type":"ko"}
[client] {"a":2,"dup":false,"ev":"game","ms":33079,"predicted":false,"t":-1,"tick":1847,"type":"respawn"}
[client] {"counts":{"blocks_on_me":0,"conf_actions":24,"confirmed_hits":106,"dup_confirmed":0,"hits_on_me":9,"pred_actions":24,"predicted_confirmed":9,"predicted_hits":33,"reconnects":0},"ev":"stats","hp":46.0,"in_bytes":495528,"late":0,"local_entity":6,"match":{"countdown_until":300,"ctrl":1,"final":false,"next":"","phase":3,"rot":1934,"scores":[0,4],"sd":false,"state":2,"tick":1666,"zone":"B"},"max_err":1.404,"mean_err":0.0547,"ms":34955,"out_bytes":96301,"pending":7,"pos":[0.38,-2.7],"reconciles":652,"server_tick":1964,"snaps":654,"teleports":1}
[client] {"a":7,"dup":false,"ev":"game","ms":36308,"predicted":false,"t":-1,"tick":2041,"type":"respawn"}
[client] {"a":5,"dup":false,"ev":"game","ms":38040,"predicted":false,"t":-1,"tick":2145,"type":"respawn"}
[client] {"a":3,"dup":false,"ev":"game","ms":38489,"predicted":false,"t":-1,"tick":2172,"type":"respawn"}
[client] {"a":4,"dup":false,"ev":"game","ms":38573,"predicted":false,"t":-1,"tick":2177,"type":"respawn"}
[client] {"a":8,"dup":false,"ev":"game","ms":39924,"predicted":false,"t":2,"tick":2258,"type":"hit"}
[client] {"a":1,"dup":false,"ev":"game","ms":39944,"predicted":false,"t":-1,"tick":2259,"type":"respawn"}
[client] {"counts":{"blocks_on_me":0,"conf_actions":26,"confirmed_hits":107,"dup_confirmed":0,"hits_on_me":9,"pred_actions":26,"predicted_confirmed":9,"predicted_hits":34,"reconnects":0},"ev":"stats","hp":100.599999999999,"in_bytes":548302,"late":0,"local_entity":6,"match":{"countdown_until":300,"ctrl":-1,"final":false,"next":"","phase":3,"rot":1634,"scores":[0,8],"sd":false,"state":3,"tick":1966,"zone":"B"},"max_err":1.404,"mean_err":0.0475,"ms":39957,"out_bytes":111001,"pending":7,"pos":[0.15,-2.96],"reconciles":752,"server_tick":2264,"snaps":754,"teleports":1}
[client] {"a":6,"dup":true,"ev":"game","ms":39972,"predicted":false,"t":2,"tick":2266,"type":"hit"}
[client] {"a":9,"dup":false,"ev":"game","ms":40075,"predicted":false,"t":2,"tick":2267,"type":"hit"}
[client] {"a":0,"dup":false,"ev":"game","ms":40510,"predicted":false,"t":-1,"tick":2293,"type":"respawn"}
[client] {"a":6,"dup":true,"ev":"game","ms":40912,"predicted":false,"t":2,"tick":2322,"type":"hit"}
[client] {"a":2,"dup":false,"ev":"game","ms":41359,"predicted":false,"t":9,"tick":2344,"type":"hit"}
[client] {"a":2,"dup":false,"ev":"game","ms":43864,"predicted":false,"t":9,"tick":2494,"type":"hit"}
[client] {"a":6,"dup":true,"ev":"game","ms":44064,"predicted":false,"t":2,"tick":2511,"type":"hit"}
[client] {"a":9,"dup":false,"ev":"game","ms":44209,"predicted":false,"t":2,"tick":2515,"type":"hit"}
[client] {"a":8,"dup":false,"ev":"game","ms":44278,"predicted":false,"t":2,"tick":2519,"type":"hit"}
[client] {"a":6,"dup":true,"ev":"game","ms":44370,"predicted":false,"t":2,"tick":2530,"type":"hit"}
[client] {"a":6,"dup":true,"ev":"game","ms":44706,"predicted":false,"t":2,"tick":2550,"type":"hit"}
[client] {"counts":{"blocks_on_me":0,"conf_actions":33,"confirmed_hits":117,"dup_confirmed":0,"hits_on_me":9,"pred_actions":33,"predicted_confirmed":14,"predicted_hits":41,"reconnects":0},"ev":"stats","hp":100.599999999999,"in_bytes":617476,"late":0,"local_entity":6,"match":{"countdown_until":300,"ctrl":-1,"final":false,"next":"","phase":3,"rot":1337,"scores":[0,8],"sd":false,"state":3,"tick":2263,"zone":"B"},"max_err":1.404,"mean_err":0.0455,"ms":44953,"out_bytes":125701,"pending":7,"pos":[-0.39,-3.18],"reconciles":852,"server_tick":2564,"snaps":853,"teleports":1}
[client] {"a":2,"dup":false,"ev":"game","ms":45203,"predicted":false,"t":9,"tick":2575,"type":"hit"}
[client] {"a":2,"dup":false,"ev":"game","ms":45237,"predicted":false,"t":6,"tick":2577,"type":"hit"}
[client] {"a":2,"dup":false,"ev":"game","ms":45520,"predicted":false,"t":9,"tick":2594,"type":"hit"}
[client] {"a":4,"dup":false,"ev":"game","ms":45520,"predicted":false,"t":6,"tick":2594,"type":"hit"}
[client] {"a":3,"dup":false,"ev":"game","ms":45685,"predicted":false,"t":9,"tick":2603,"type":"hit"}
[client] {"a":4,"dup":false,"ev":"game","ms":45837,"predicted":false,"t":9,"tick":2612,"type":"hit"}
[client] {"a":6,"dup":false,"ev":"game","ms":45872,"predicted":false,"t":2,"tick":2619,"type":"block"}
[client] {"a":8,"dup":false,"ev":"game","ms":46107,"predicted":false,"t":2,"tick":2629,"type":"hit"}
[client] {"a":9,"dup":false,"ev":"game","ms":46272,"predicted":false,"t":2,"tick":2638,"type":"hit"}
[client] {"a":8,"dup":false,"ev":"game","ms":46438,"predicted":false,"t":2,"tick":2648,"type":"hit"}
[client] {"a":2,"dup":false,"ev":"game","ms":46438,"predicted":false,"t":-1,"tick":2648,"type":"ko"}
[client] {"a":6,"dup":true,"ev":"game","ms":47286,"predicted":false,"t":4,"tick":2704,"type":"hit"}
[client] {"a":3,"dup":false,"ev":"game","ms":47424,"predicted":false,"t":9,"tick":2707,"type":"hit"}
[client] {"a":9,"dup":false,"ev":"game","ms":47424,"predicted":false,"t":-1,"tick":2707,"type":"ko"}
[client] {"a":3,"dup":false,"ev":"game","ms":47486,"predicted":false,"t":7,"tick":2712,"type":"hit"}
[client] {"a":4,"dup":false,"ev":"game","ms":47825,"predicted":false,"t":6,"tick":2731,"type":"hit"}
[client] {"a":5,"dup":false,"ev":"game","ms":47873,"predicted":false,"t":3,"tick":2735,"type":"hit"}
[client] {"a":8,"dup":false,"ev":"game","ms":48038,"predicted":false,"t":4,"tick":2744,"type":"hit"}
[client] {"a":3,"dup":false,"ev":"game","ms":48225,"predicted":false,"t":5,"tick":2755,"type":"hit"}
[client] {"a":8,"dup":false,"ev":"game","ms":48260,"predicted":false,"t":4,"tick":2757,"type":"hit"}
[client] {"a":8,"dup":false,"ev":"game","ms":48273,"predicted":false,"t":3,"tick":2758,"type":"hit"}
[client] {"a":8,"dup":false,"ev":"game","ms":48287,"predicted":false,"t":1,"tick":2759,"type":"hit"}
[client] {"a":7,"dup":false,"ev":"game","ms":48404,"predicted":false,"t":4,"tick":2767,"type":"hit"}
[client] {"a":5,"dup":false,"ev":"game","ms":48673,"predicted":false,"t":3,"tick":2783,"type":"hit"}
[client] {"a":0,"dup":false,"ev":"game","ms":49108,"predicted":false,"t":5,"tick":2809,"type":"hit"}
[client] {"a":1,"dup":false,"ev":"game","ms":49204,"predicted":false,"t":6,"tick":2814,"type":"hit"}
[client] {"a":1,"dup":false,"ev":"game","ms":49260,"predicted":false,"t":7,"tick":2817,"type":"hit"}
[client] {"a":0,"dup":false,"ev":"game","ms":49405,"predicted":false,"t":5,"tick":2826,"type":"hit"}
[client] {"a":0,"dup":false,"ev":"game","ms":49426,"predicted":false,"t":7,"tick":2827,"type":"hit"}
[client] {"a":8,"dup":false,"ev":"game","ms":49474,"predicted":false,"t":4,"tick":2830,"type":"hit"}
[client] {"a":6,"dup":true,"ev":"game","ms":49509,"predicted":false,"t":1,"tick":2837,"type":"hit"}
[client] {"a":0,"dup":false,"ev":"game","ms":49860,"predicted":false,"t":5,"tick":2853,"type":"hit"}
[client] {"counts":{"blocks_on_me":0,"conf_actions":40,"confirmed_hits":146,"dup_confirmed":0,"hits_on_me":13,"pred_actions":42,"predicted_confirmed":16,"predicted_hits":48,"reconnects":0},"ev":"stats","hp":20.5999999999995,"in_bytes":695487,"late":0,"local_entity":6,"match":{"countdown_until":300,"ctrl":-1,"final":false,"next":"","phase":3,"rot":1037,"scores":[0,8],"sd":false,"state":3,"tick":2563,"zone":"B"},"max_err":1.404,"mean_err":0.0458,"ms":49956,"out_bytes":140401,"pending":7,"pos":[0.44,-3.67],"reconciles":949,"server_tick":2864,"snaps":950,"teleports":1}
[client] {"a":7,"dup":false,"ev":"game","ms":50005,"predicted":false,"t":0,"tick":2862,"type":"hit"}
[client] {"a":7,"dup":false,"ev":"game","ms":50026,"predicted":false,"t":3,"tick":2863,"type":"hit"}
[client] {"a":7,"dup":false,"ev":"game","ms":50039,"predicted":false,"t":4,"tick":2864,"type":"block"}
[client] {"a":8,"dup":false,"ev":"game","ms":50508,"predicted":false,"t":0,"tick":2893,"type":"hit"}
[client] {"a":8,"dup":false,"ev":"game","ms":50592,"predicted":false,"t":3,"tick":2897,"type":"hit"}
[client] {"a":5,"dup":false,"ev":"game","ms":50605,"predicted":false,"t":4,"tick":2898,"type":"block"}
[client] {"a":7,"dup":false,"ev":"game","ms":50992,"predicted":false,"t":4,"tick":2921,"type":"block"}
[client] {"a":5,"dup":false,"ev":"game","ms":51261,"predicted":false,"t":4,"tick":2937,"type":"block"}
[client] {"a":7,"dup":false,"ev":"game","ms":51288,"predicted":false,"t":4,"tick":2940,"type":"block"}
[client] {"a":5,"dup":false,"ev":"game","ms":51557,"predicted":false,"t":4,"tick":2956,"type":"block"}
[client] {"a":5,"dup":false,"ev":"game","ms":51861,"predicted":false,"t":4,"tick":2974,"type":"block"}
[client] {"a":6,"dup":true,"ev":"game","ms":52124,"predicted":false,"t":0,"tick":2995,"type":"hit"}
[client] {"a":5,"dup":false,"ev":"game","ms":52358,"predicted":false,"t":4,"tick":3004,"type":"block"}
[client] {"a":3,"dup":false,"ev":"game","ms":52441,"predicted":false,"t":5,"tick":3009,"type":"hit"}
[client] {"a":6,"dup":true,"ev":"game","ms":52462,"predicted":false,"t":0,"tick":3015,"type":"hit"}
[client] {"a":1,"dup":false,"ev":"game","ms":52489,"predicted":false,"t":7,"tick":3012,"type":"hit"}
[client] {"a":3,"dup":false,"ev":"game","ms":52792,"predicted":false,"t":5,"tick":3030,"type":"hit"}
[client] {"a":1,"dup":false,"ev":"game","ms":52875,"predicted":false,"t":7,"tick":3035,"type":"hit"}
[client] {"a":4,"dup":false,"ev":"game","ms":52993,"predicted":false,"t":5,"tick":3042,"type":"hit"}
[client] {"a":0,"dup":false,"ev":"game","ms":53158,"predicted":false,"t":5,"tick":3052,"type":"hit"}
[client] {"a":3,"dup":false,"ev":"game","ms":53208,"predicted":false,"t":5,"tick":3055,"type":"hit"}
[client] {"a":7,"dup":false,"ev":"game","ms":53227,"predicted":false,"t":1,"tick":3056,"type":"hit"}
[client] {"a":1,"dup":false,"ev":"game","ms":53641,"predicted":false,"t":5,"tick":3081,"type":"hit"}
[client] {"a":1,"dup":false,"ev":"game","ms":53641,"predicted":false,"t":7,"tick":3081,"type":"hit"}
[client] {"a":8,"dup":false,"ev":"game","ms":53759,"predicted":false,"t":4,"tick":3088,"type":"hit"}
[client] {"a":1,"dup":false,"ev":"game","ms":53911,"predicted":false,"t":5,"tick":3097,"type":"hit"}
[client] {"a":7,"dup":false,"ev":"game","ms":54090,"predicted":false,"t":1,"tick":3108,"type":"hit"}
[client] {"a":0,"dup":false,"ev":"game","ms":54111,"predicted":false,"t":5,"tick":3109,"type":"hit"}
[client] {"a":8,"dup":false,"ev":"game","ms":54124,"predicted":false,"t":4,"tick":3110,"type":"hit"}
[client] {"a":6,"dup":true,"ev":"game","ms":54324,"predicted":false,"t":3,"tick":3127,"type":"hit"}
[client] {"a":7,"dup":false,"ev":"game","ms":54407,"predicted":false,"t":1,"tick":3127,"type":"hit"}
[client] {"a":0,"dup":false,"ev":"game","ms":54441,"predicted":false,"t":5,"tick":3129,"type":"hit"}
[client] {"a":8,"dup":false,"ev":"game","ms":54676,"predicted":false,"t":3,"tick":3143,"type":"hit"}
[client] {"a":1,"dup":false,"ev":"game","ms":54780,"predicted":false,"t":7,"tick":3149,"type":"hit"}
[client] {"a":4,"dup":false,"ev":"game","ms":54793,"predicted":false,"t":5,"tick":3150,"type":"hit"}
[client] {"a":5,"dup":false,"ev":"game","ms":54793,"predicted":false,"t":-1,"tick":3150,"type":"ko"}
[client] {"a":4,"dup":false,"ev":"game","ms":54841,"predicted":false,"t":7,"tick":3153,"type":"hit"}
[client] {"counts":{"blocks_on_me":0,"conf_actions":47,"confirmed_hits":174,"dup_confirmed":0,"hits_on_me":13,"pred_actions":49,"predicted_confirmed":19,"predicted_hits":55,"reconnects":0},"ev":"stats","hp":20.5999999999995,"in_bytes":775900,"late":0,"local_entity":6,"match":{"countdown_until":300,"ctrl":-1,"final":false,"next":"A","phase":3,"rot":734,"scores":[0,8],"sd":false,"state":3,"tick":2866,"zone":"B"},"max_err":1.404,"mean_err":0.0426,"ms":54958,"out_bytes":155101,"pending":7,"pos":[0.87,-6.51],"reconciles":1049,"server_tick":3164,"snaps":1051,"teleports":1}
[client] {"a":3,"dup":false,"ev":"game","ms":55042,"predicted":false,"t":6,"tick":3165,"type":"hit"}
[client] {"a":6,"dup":false,"ev":"game","ms":55394,"predicted":false,"t":-1,"tick":3191,"type":"ko"}
[client] {"a":3,"dup":false,"ev":"game","ms":55477,"predicted":false,"t":6,"tick":3191,"type":"hit"}
[client] {"a":1,"dup":false,"ev":"game","ms":55760,"predicted":false,"t":7,"tick":3208,"type":"hit"}
[client] {"a":3,"dup":false,"ev":"game","ms":56028,"predicted":false,"t":8,"tick":3224,"type":"hit"}
[client] {"a":3,"dup":false,"ev":"game","ms":56346,"predicted":false,"t":8,"tick":3243,"type":"hit"}
[client] {"a":2,"dup":false,"ev":"game","ms":56429,"predicted":false,"t":-1,"tick":3248,"type":"respawn"}
[client] {"a":3,"dup":false,"ev":"game","ms":56656,"predicted":false,"t":8,"tick":3262,"type":"hit"}
[client] {"a":0,"dup":false,"ev":"game","ms":57057,"predicted":false,"t":7,"tick":3285,"type":"hit"}
[client] {"a":7,"dup":false,"ev":"game","ms":57057,"predicted":false,"t":-1,"tick":3285,"type":"ko"}
[client] {"a":8,"dup":false,"ev":"game","ms":57222,"predicted":false,"t":3,"tick":3295,"type":"hit"}
[client] {"a":9,"dup":false,"ev":"game","ms":57422,"predicted":false,"t":-1,"tick":3307,"type":"respawn"}
[client] {"a":8,"dup":false,"ev":"game","ms":57822,"predicted":false,"t":3,"tick":3331,"type":"hit"}
[client] {"a":8,"dup":false,"ev":"game","ms":58975,"predicted":false,"t":4,"tick":3400,"type":"hit"}
[client] {"a":0,"dup":false,"ev":"game","ms":59637,"predicted":false,"t":8,"tick":3440,"type":"hit"}
[client] {"counts":{"blocks_on_me":0,"conf_actions":48,"confirmed_hits":185,"dup_confirmed":0,"hits_on_me":15,"pred_actions":50,"predicted_confirmed":19,"predicted_hits":55,"reconnects":0},"ev":"stats","hp":0.0,"in_bytes":840706,"late":0,"local_entity":6,"match":{"countdown_until":300,"ctrl":-1,"final":false,"next":"A","phase":3,"rot":437,"scores":[0,8],"sd":false,"state":3,"tick":3163,"zone":"B"},"max_err":1.404,"mean_err":0.0392,"ms":59954,"out_bytes":169801,"pending":7,"pos":[1.12,-6.82],"reconciles":1149,"server_tick":3464,"snaps":1150,"teleports":1}
[client] {"a":8,"dup":false,"ev":"game","ms":60072,"predicted":false,"t":0,"tick":3466,"type":"hit"}
[client] {"a":8,"dup":false,"ev":"game","ms":60072,"predicted":false,"t":3,"tick":3466,"type":"hit"}
[client] {"a":8,"dup":false,"ev":"game","ms":60092,"predicted":false,"t":1,"tick":3467,"type":"block"}
[client] {"a":8,"dup":false,"ev":"game","ms":60306,"predicted":false,"t":0,"tick":3480,"type":"hit"}
[client] {"a":8,"dup":false,"ev":"game","ms":60355,"predicted":false,"t":1,"tick":3483,"type":"hit"}
[client] {"a":3,"dup":false,"ev":"game","ms":60472,"predicted":false,"t":8,"tick":3490,"type":"hit"}
[client] {"a":4,"dup":false,"ev":"game","ms":60555,"predicted":false,"t":8,"tick":3495,"type":"hit"}
[client] {"a":0,"dup":false,"ev":"game","ms":61811,"predicted":false,"t":8,"tick":3570,"type":"hit"}
[client] {"a":8,"dup":false,"ev":"game","ms":61811,"predicted":false,"t":-1,"tick":3570,"type":"ko"}
[client] {"a":5,"dup":false,"ev":"game","ms":64812,"predicted":false,"t":-1,"tick":3750,"type":"respawn"}
[client] {"counts":{"blocks_on_me":0,"conf_actions":48,"confirmed_hits":192,"dup_confirmed":0,"hits_on_me":15,"pred_actions":50,"predicted_confirmed":19,"predicted_hits":55,"reconnects":0},"ev":"stats","hp":0.0,"in_bytes":905786,"late":0,"local_entity":6,"match":{"countdown_until":300,"ctrl":-1,"final":false,"next":"A","phase":3,"rot":137,"scores":[2,8],"sd":false,"state":3,"tick":3463,"zone":"B"},"max_err":1.404,"mean_err":0.0361,"ms":64956,"out_bytes":184501,"pending":7,"pos":[1.12,-6.82],"reconciles":1249,"server_tick":3764,"snaps":1250,"teleports":1}
[client] {"a":6,"dup":false,"ev":"game","ms":65413,"predicted":false,"t":-1,"tick":3791,"type":"respawn"}
[client] {"a":9,"dup":false,"ev":"game","ms":65813,"predicted":false,"t":4,"tick":3810,"type":"hit"}
[client] {"a":2,"dup":false,"ev":"game","ms":66179,"predicted":false,"t":9,"tick":3832,"type":"hit"}
[client] {"a":7,"dup":false,"ev":"game","ms":67041,"predicted":false,"t":-1,"tick":3885,"type":"respawn"}
[client] {"a":-1,"dup":false,"ev":"game","ms":67275,"predicted":false,"t":-1,"tick":3899,"type":"zone_rotated"}
[client] {"counts":{"blocks_on_me":0,"conf_actions":48,"confirmed_hits":194,"dup_confirmed":0,"hits_on_me":15,"pred_actions":50,"predicted_confirmed":19,"predicted_hits":55,"reconnects":0},"ev":"stats","hp":230.0,"in_bytes":967994,"late":0,"local_entity":6,"match":{"countdown_until":300,"ctrl":-1,"final":false,"next":"","phase":3,"rot":3437,"scores":[2,8],"sd":false,"state":1,"tick":3763,"zone":"A"},"max_err":1.404,"mean_err":0.0337,"ms":69952,"out_bytes":199201,"pending":7,"pos":[-6.05,18.93],"reconciles":1348,"server_tick":4064,"snaps":1350,"teleports":2}
[client] {"a":8,"dup":false,"ev":"game","ms":71809,"predicted":false,"t":-1,"tick":4170,"type":"respawn"}
[client] {"a":1,"dup":false,"ev":"game","ms":73776,"predicted":false,"t":9,"tick":4288,"type":"hit"}
[client] {"a":9,"dup":false,"ev":"game","ms":74659,"predicted":false,"t":4,"tick":4342,"type":"hit"}
[client] {"a":3,"dup":false,"ev":"game","ms":74811,"predicted":false,"t":9,"tick":4350,"type":"hit"}
[client] {"a":1,"dup":false,"ev":"game","ms":74812,"predicted":false,"t":9,"tick":4351,"type":"hit"}
[client] {"counts":{"blocks_on_me":0,"conf_actions":48,"confirmed_hits":198,"dup_confirmed":0,"hits_on_me":15,"pred_actions":50,"predicted_confirmed":19,"predicted_hits":55,"reconnects":0},"ev":"stats","hp":230.0,"in_bytes":1032176,"late":0,"local_entity":6,"match":{"countdown_until":300,"ctrl":-1,"final":false,"next":"","phase":3,"rot":3137,"scores":[2,8],"sd":false,"state":3,"tick":4063,"zone":"A"},"max_err":1.404,"mean_err":0.0314,"ms":74954,"out_bytes":213901,"pending":7,"pos":[-39.54,1.46],"reconciles":1448,"server_tick":4364,"snaps":1450,"teleports":2}
[client] {"a":4,"dup":false,"ev":"game","ms":75024,"predicted":false,"t":9,"tick":4364,"type":"hit"}
[client] {"a":2,"dup":false,"ev":"game","ms":75141,"predicted":false,"t":9,"tick":4370,"type":"hit"}
[client] {"a":4,"dup":false,"ev":"game","ms":75411,"predicted":false,"t":9,"tick":4386,"type":"hit"}
[client] {"a":6,"dup":true,"ev":"game","ms":75459,"predicted":false,"t":0,"tick":4394,"type":"hit"}
[client] {"a":6,"dup":true,"ev":"game","ms":75693,"predicted":false,"t":0,"tick":4408,"type":"hit"}
[client] {"a":4,"dup":false,"ev":"game","ms":75708,"predicted":false,"t":9,"tick":4405,"type":"hit"}
[client] {"a":6,"dup":true,"ev":"game","ms":75729,"predicted":false,"t":1,"tick":4411,"type":"hit"}
[client] {"a":4,"dup":false,"ev":"game","ms":76377,"predicted":false,"t":9,"tick":4444,"type":"hit"}
[client] {"a":6,"dup":true,"ev":"game","ms":76494,"predicted":false,"t":0,"tick":4457,"type":"hit"}
[client] {"a":6,"dup":true,"ev":"game","ms":76542,"predicted":false,"t":3,"tick":4460,"type":"hit"}
[client] {"a":9,"dup":false,"ev":"game","ms":76742,"predicted":false,"t":4,"tick":4466,"type":"hit"}
[client] {"a":1,"dup":false,"ev":"game","ms":76977,"predicted":false,"t":6,"tick":4480,"type":"hit"}
[client] {"a":4,"dup":false,"ev":"game","ms":77156,"predicted":false,"t":9,"tick":4491,"type":"hit"}
[client] {"a":1,"dup":false,"ev":"game","ms":77343,"predicted":false,"t":6,"tick":4502,"type":"hit"}
[client] {"a":4,"dup":false,"ev":"game","ms":77460,"predicted":false,"t":9,"tick":4510,"type":"hit"}
[client] {"a":5,"dup":false,"ev":"game","ms":77791,"predicted":false,"t":1,"tick":4529,"type":"hit"}
[client] {"a":4,"dup":false,"ev":"game","ms":77812,"predicted":false,"t":9,"tick":4531,"type":"hit"}
[client] {"a":2,"dup":false,"ev":"game","ms":77846,"predicted":false,"t":6,"tick":4533,"type":"hit"}
[client] {"a":0,"dup":false,"ev":"game","ms":78095,"predicted":false,"t":7,"tick":4548,"type":"hit"}
[client] {"a":0,"dup":false,"ev":"game","ms":78108,"predicted":false,"t":5,"tick":4549,"type":"hit"}
[client] {"a":9,"dup":false,"ev":"game","ms":78545,"predicted":false,"t":4,"tick":4575,"type":"hit"}
[client] {"a":7,"dup":false,"ev":"game","ms":78909,"predicted":false,"t":1,"tick":4597,"type":"hit"}
[client] {"a":4,"dup":false,"ev":"game","ms":78978,"predicted":false,"t":9,"tick":4601,"type":"hit"}
[client] {"a":4,"dup":false,"ev":"game","ms":79385,"predicted":false,"t":9,"tick":4626,"type":"hit"}
[client] {"a":9,"dup":false,"ev":"game","ms":79385,"predicted":false,"t":-1,"tick":4626,"type":"ko"}
[client] {"a":7,"dup":false,"ev":"game","ms":79454,"predicted":false,"t":1,"tick":4630,"type":"hit"}
[client] {"a":7,"dup":false,"ev":"game","ms":79468,"predicted":false,"t":0,"tick":4631,"type":"hit"}
[client] {"counts":{"blocks_on_me":0,"conf_actions":53,"confirmed_hits":224,"dup_confirmed":0,"hits_on_me":18,"pred_actions":58,"predicted_confirmed":24,"predicted_hits":65,"reconnects":0},"ev":"stats","hp":176.0,"in_bytes":1108470,"late":0,"local_entity":6,"match":{"countdown_until":300,"ctrl":-1,"final":false,"next":"","phase":3,"rot":2837,"scores":[2,8],"sd":false,"state":3,"tick":4363,"zone":"A"},"max_err":1.404,"mean_err":0.0312,"ms":79950,"out_bytes":228601,"pending":7,"pos":[-44.93,3.69],"reconciles":1548,"server_tick":4664,"snaps":1550,"teleports":2}
[client] {"a":5,"dup":false,"ev":"game","ms":80055,"predicted":false,"t":2,"tick":4666,"type":"hit"}
[client] {"a":0,"dup":false,"ev":"game","ms":80324,"predicted":false,"t":5,"tick":4682,"type":"hit"}
[client] {"a":1,"dup":false,"ev":"game","ms":80351,"predicted":false,"t":5,"tick":4684,"type":"hit"}
[client] {"a":6,"dup":true,"ev":"game","ms":80606,"predicted":false,"t":2,"tick":4703,"type":"hit"}
[client] {"a":7,"dup":false,"ev":"game","ms":80620,"predicted":false,"t":0,"tick":4700,"type":"hit"}
[client] {"a":7,"dup":false,"ev":"game","ms":80655,"predicted":false,"t":3,"tick":4702,"type":"hit"}
[client] {"a":1,"dup":false,"ev":"game","ms":80737,"predicted":false,"t":5,"tick":4707,"type":"hit"}
[client] {"a":7,"dup":false,"ev":"game","ms":81260,"predicted":false,"t":1,"tick":4738,"type":"hit"}
[client] {"a":7,"dup":false,"ev":"game","ms":81293,"predicted":false,"t":4,"tick":4740,"type":"hit"}
[client] {"a":5,"dup":false,"ev":"game","ms":81390,"predicted":false,"t":1,"tick":4746,"type":"hit"}
[client] {"a":0,"dup":false,"ev":"game","ms":81556,"predicted":false,"t":5,"tick":4756,"type":"hit"}
[client] {"a":0,"dup":false,"ev":"game","ms":81556,"predicted":false,"t":7,"tick":4756,"type":"hit"}
[client] {"a":4,"dup":false,"ev":"game","ms":81659,"predicted":false,"t":5,"tick":4762,"type":"hit"}
[client] {"a":4,"dup":false,"ev":"game","ms":81659,"predicted":false,"t":7,"tick":4762,"type":"hit"}
[client] {"a":2,"dup":false,"ev":"game","ms":81694,"predicted":false,"t":6,"tick":4764,"type":"hit"}
[client] {"a":5,"dup":false,"ev":"game","ms":82148,"predicted":false,"t":4,"tick":4792,"type":"hit"}
[client] {"a":8,"dup":false,"ev":"game","ms":82266,"predicted":false,"t":4,"tick":4799,"type":"hit"}
[client] {"a":4,"dup":false,"ev":"game","ms":82266,"predicted":false,"t":-1,"tick":4799,"type":"ko"}
[client] {"a":0,"dup":false,"ev":"game","ms":82454,"predicted":false,"t":5,"tick":4809,"type":"hit"}
[client] {"a":7,"dup":false,"ev":"game","ms":82502,"predicted":false,"t":3,"tick":4812,"type":"hit"}
[client] {"a":3,"dup":false,"ev":"game","ms":82503,"predicted":false,"t":-1,"tick":4812,"type":"ko"}
[client] {"a":7,"dup":false,"ev":"game","ms":82536,"predicted":false,"t":1,"tick":4814,"type":"hit"}
[client] {"a":7,"dup":false,"ev":"game","ms":82571,"predicted":false,"t":0,"tick":4816,"type":"hit"}
[client] {"a":0,"dup":false,"ev":"game","ms":82571,"predicted":false,"t":-1,"tick":4816,"type":"ko"}
[client] {"a":8,"dup":false,"ev":"game","ms":83088,"predicted":false,"t":2,"tick":4848,"type":"hit"}
[client] {"a":7,"dup":false,"ev":"game","ms":83136,"predicted":false,"t":2,"tick":4851,"type":"hit"}
[client] {"a":1,"dup":false,"ev":"game","ms":83468,"predicted":false,"t":7,"tick":4871,"type":"hit"}
[client] {"a":8,"dup":false,"ev":"game","ms":83785,"predicted":false,"t":2,"tick":4890,"type":"hit"}
[client] {"a":8,"dup":false,"ev":"game","ms":83799,"predicted":false,"t":1,"tick":4891,"type":"hit"}
[client] {"a":7,"dup":false,"ev":"game","ms":83819,"predicted":false,"t":2,"tick":4892,"type":"hit"}
[client] {"a":7,"dup":false,"ev":"game","ms":83834,"predicted":false,"t":1,"tick":4893,"type":"hit"}
[client] {"a":6,"dup":true,"ev":"game","ms":84137,"predicted":false,"t":1,"tick":4916,"type":"hit"}
[client] {"a":1,"dup":false,"ev":"game","ms":84220,"predicted":false,"t":-1,"tick":4916,"type":"ko"}
[client] {"a":7,"dup":false,"ev":"game","ms":84551,"predicted":false,"t":2,"tick":4936,"type":"hit"}
[client] {"counts":{"blocks_on_me":0,"conf_actions":61,"confirmed_hits":254,"dup_confirmed":0,"hits_on_me":19,"pred_actions":65,"predicted_confirmed":26,"predicted_hits":67,"reconnects":0},"ev":"stats","hp":138.0,"in_bytes":1185463,"late":0,"local_entity":6,"match":{"countdown_until":300,"ctrl":-1,"final":false,"next":"","phase":3,"rot":2534,"scores":[2,8],"sd":false,"state":3,"tick":4666,"zone":"A"},"max_err":1.404,"mean_err":0.0302,"ms":84950,"out_bytes":243301,"pending":7,"pos":[-39.65,-3.54],"reconciles":1648,"server_tick":4964,"snaps":1651,"teleports":2}
[client] {"a":6,"dup":true,"ev":"game","ms":86118,"predicted":false,"t":2,"tick":5034,"type":"hit"}
[client] {"a":2,"dup":false,"ev":"game","ms":86186,"predicted":false,"t":-1,"tick":5034,"type":"ko"}
[client] {"a":9,"dup":false,"ev":"game","ms":89388,"predicted":false,"t":-1,"tick":5226,"type":"respawn"}
[client] {"counts":{"blocks_on_me":0,"conf_actions":62,"confirmed_hits":255,"dup_confirmed":0,"hits_on_me":19,"pred_actions":66,"predicted_confirmed":27,"predicted_hits":69,"reconnects":0},"ev":"stats","hp":138.0,"in_bytes":1236304,"late":0,"local_entity":6,"match":{"countdown_until":300,"ctrl":1,"final":false,"next":"","phase":3,"rot":2234,"scores":[2,11],"sd":false,"state":2,"tick":4966,"zone":"A"},"max_err":1.404,"mean_err":0.0296,"ms":89953,"out_bytes":258001,"pending":7,"pos":[-41.84,-0.43],"reconciles":1748,"server_tick":5264,"snaps":1751,"teleports":2}
[client] {"a":4,"dup":false,"ev":"game","ms":92272,"predicted":false,"t":-1,"tick":5399,"type":"respawn"}
[client] {"a":3,"dup":false,"ev":"game","ms":92493,"predicted":false,"t":-1,"tick":5412,"type":"respawn"}
[client] {"a":0,"dup":false,"ev":"game","ms":92555,"predicted":false,"t":-1,"tick":5416,"type":"respawn"}
[client] {"a":1,"dup":false,"ev":"game","ms":94224,"predicted":false,"t":-1,"tick":5516,"type":"respawn"}
[client] {"counts":{"blocks_on_me":0,"conf_actions":62,"confirmed_hits":255,"dup_confirmed":0,"hits_on_me":19,"pred_actions":66,"predicted_confirmed":27,"predicted_hits":69,"reconnects":0},"ev":"stats","hp":190.800000000002,"in_bytes":1286148,"late":0,"local_entity":6,"match":{"countdown_until":300,"ctrl":1,"final":false,"next":"","phase":3,"rot":1934,"scores":[2,16],"sd":false,"state":2,"tick":5266,"zone":"A"},"max_err":1.404,"mean_err":0.028,"ms":94955,"out_bytes":272701,"pending":7,"pos":[-41.84,-0.43],"reconciles":1848,"server_tick":5564,"snaps":1851,"teleports":2}
[client] {"a":2,"dup":false,"ev":"game","ms":96191,"predicted":false,"t":-1,"tick":5634,"type":"respawn"}
[client] {"counts":{"blocks_on_me":0,"conf_actions":62,"confirmed_hits":255,"dup_confirmed":0,"hits_on_me":19,"pred_actions":66,"predicted_confirmed":27,"predicted_hits":69,"reconnects":0},"ev":"stats","hp":230.0,"in_bytes":1339382,"late":0,"local_entity":6,"match":{"countdown_until":300,"ctrl":1,"final":false,"next":"","phase":3,"rot":1637,"scores":[2,21],"sd":false,"state":2,"tick":5563,"zone":"A"},"max_err":1.404,"mean_err":0.0267,"ms":99951,"out_bytes":287401,"pending":7,"pos":[-41.88,-0.58],"reconciles":1948,"server_tick":5864,"snaps":1950,"teleports":2}
[client] {"a":3,"dup":false,"ev":"game","ms":103105,"predicted":false,"t":5,"tick":6048,"type":"hit"}
[client] {"a":6,"dup":true,"ev":"game","ms":103127,"predicted":false,"t":3,"tick":6054,"type":"hit"}
[client] {"a":6,"dup":true,"ev":"game","ms":103691,"predicted":false,"t":3,"tick":6089,"type":"hit"}
[client] {"a":5,"dup":false,"ev":"game","ms":104092,"predicted":false,"t":3,"tick":6107,"type":"hit"}
[client] {"a":0,"dup":false,"ev":"game","ms":104244,"predicted":false,"t":6,"tick":6116,"type":"hit"}
[client] {"a":4,"dup":false,"ev":"game","ms":104354,"predicted":false,"t":5,"tick":6123,"type":"hit"}
[client] {"a":8,"dup":false,"ev":"game","ms":104375,"predicted":false,"t":0,"tick":6124,"type":"hit"}
[client] {"a":5,"dup":false,"ev":"game","ms":104726,"predicted":false,"t":4,"tick":6145,"type":"hit"}
[client] {"a":0,"dup":false,"ev":"game","ms":104740,"predicted":false,"t":5,"tick":6146,"type":"hit"}
[client] {"a":0,"dup":false,"ev":"game","ms":104754,"predicted":false,"t":9,"tick":6147,"type":"hit"}
[client] {"counts":{"blocks_on_me":0,"conf_actions":66,"confirmed_hits":265,"dup_confirmed":0,"hits_on_me":20,"pred_actions":70,"predicted_confirmed":29,"predicted_hits":71,"reconnects":0},"ev":"stats","hp":192.0,"in_bytes":1410713,"late":0,"local_entity":6,"match":{"countdown_until":300,"ctrl":-1,"final":false,"next":"","phase":3,"rot":1334,"scores":[2,23],"sd":false,"state":3,"tick":5866,"zone":"A"},"max_err":1.458,"mean_err":0.0266,"ms":104953,"out_bytes":302101,"pending":7,"pos":[-40.45,-0.95],"reconciles":2048,"server_tick":6164,"snaps":2051,"teleports":2}
[client] {"a":1,"dup":false,"ev":"game","ms":105058,"predicted":false,"t":5,"tick":6166,"type":"hit"}
[client] {"a":9,"dup":false,"ev":"game","ms":105189,"predicted":false,"t":0,"tick":6174,"type":"hit"}
[client] {"a":9,"dup":false,"ev":"game","ms":105209,"predicted":false,"t":4,"tick":6175,"type":"hit"}
[client] {"a":8,"dup":false,"ev":"game","ms":105258,"predicted":false,"t":0,"tick":6178,"type":"hit"}
[client] {"a":8,"dup":false,"ev":"game","ms":105258,"predicted":false,"t":4,"tick":6178,"type":"hit"}
[client] {"a":1,"dup":false,"ev":"game","ms":105692,"predicted":false,"t":8,"tick":6204,"type":"hit"}
[client] {"a":8,"dup":false,"ev":"game","ms":106093,"predicted":false,"t":1,"tick":6228,"type":"hit"}
[client] {"a":0,"dup":false,"ev":"game","ms":106107,"predicted":false,"t":9,"tick":6229,"type":"hit"}
[client] {"a":6,"dup":true,"ev":"game","ms":106272,"predicted":false,"t":3,"tick":6244,"type":"hit"}
[client] {"a":0,"dup":false,"ev":"game","ms":106376,"predicted":false,"t":9,"tick":6245,"type":"hit"}
[client] {"a":7,"dup":false,"ev":"game","ms":106445,"predicted":false,"t":3,"tick":6249,"type":"hit"}
[client] {"a":4,"dup":false,"ev":"game","ms":106459,"predicted":false,"t":9,"tick":6250,"type":"hit"}
[client] {"a":6,"dup":true,"ev":"game","ms":106493,"predicted":false,"t":3,"tick":6257,"type":"hit"}
[client] {"a":4,"dup":false,"ev":"game","ms":106507,"predicted":false,"t":8,"tick":6253,"type":"hit"}
[client] {"a":2,"dup":false,"ev":"game","ms":106824,"predicted":false,"t":6,"tick":6272,"type":"hit"}
[client] {"a":7,"dup":false,"ev":"game","ms":106955,"predicted":false,"t":4,"tick":6280,"type":"hit"}
[client] {"a":1,"dup":false,"ev":"game","ms":107190,"predicted":false,"t":5,"tick":6294,"type":"hit"}
[client] {"a":9,"dup":false,"ev":"game","ms":107307,"predicted":false,"t":1,"tick":6301,"type":"hit"}
[client] {"a":7,"dup":false,"ev":"game","ms":107341,"predicted":false,"t":4,"tick":6303,"type":"hit"}
[client] {"a":8,"dup":false,"ev":"game","ms":107390,"predicted":false,"t":1,"tick":6306,"type":"hit"}
[client] {"a":5,"dup":false,"ev":"game","ms":107590,"predicted":false,"t":1,"tick":6318,"type":"hit"}
[client] {"a":7,"dup":false,"ev":"game","ms":107659,"predicted":false,"t":4,"tick":6322,"type":"hit"}
[client] {"a":2,"dup":false,"ev":"game","ms":107693,"predicted":false,"t":6,"tick":6324,"type":"hit"}
[client] {"a":7,"dup":false,"ev":"game","ms":107693,"predicted":false,"t":0,"tick":6324,"type":"hit"}
[client] {"a":3,"dup":false,"ev":"game","ms":107728,"predicted":false,"t":7,"tick":6326,"type":"hit"}
[client] {"a":1,"dup":false,"ev":"game","ms":107956,"predicted":false,"t":8,"tick":6340,"type":"hit"}
[client] {"a":1,"dup":false,"ev":"game","ms":107990,"predicted":false,"t":9,"tick":6342,"type":"hit"}
[client] {"a":2,"dup":false,"ev":"game","ms":108024,"predicted":false,"t":6,"tick":6344,"type":"hit"}
[client] {"a":7,"dup":false,"ev":"game","ms":108128,"predicted":false,"t":0,"tick":6350,"type":"hit"}
[client] {"a":5,"dup":false,"ev":"game","ms":108245,"predicted":false,"t":1,"tick":6357,"type":"hit"}
[client] {"a":6,"dup":true,"ev":"game","ms":108591,"predicted":false,"t":2,"tick":6383,"type":"hit"}
[client] {"a":4,"dup":false,"ev":"game","ms":108708,"predicted":false,"t":7,"tick":6385,"type":"hit"}
[client] {"a":8,"dup":false,"ev":"game","ms":108860,"predicted":false,"t":1,"tick":6394,"type":"hit"}
[client] {"a":3,"dup":false,"ev":"game","ms":108873,"predicted":false,"t":6,"tick":6395,"type":"hit"}
[client] {"a":3,"dup":false,"ev":"game","ms":109212,"predicted":false,"t":6,"tick":6415,"type":"hit"}
[client] {"a":3,"dup":false,"ev":"game","ms":109708,"predicted":false,"t":6,"tick":6445,"type":"hit"}
[client] {"a":5,"dup":false,"ev":"game","ms":109825,"predicted":false,"t":4,"tick":6452,"type":"hit"}
[client] {"counts":{"blocks_on_me":0,"conf_actions":71,"confirmed_hits":302,"dup_confirmed":0,"hits_on_me":26,"pred_actions":76,"predicted_confirmed":32,"predicted_hits":79,"reconnects":0},"ev":"stats","hp":72.0,"in_bytes":1492046,"late":0,"local_entity":6,"match":{"countdown_until":300,"ctrl":-1,"final":false,"next":"","phase":3,"rot":1034,"scores":[2,23],"sd":false,"state":3,"tick":6166,"zone":"A"},"max_err":1.458,"mean_err":0.0277,"ms":109963,"out_bytes":316801,"pending":7,"pos":[-37.02,2.36],"reconciles":2148,"server_tick":6464,"snaps":2151,"teleports":2}
[client] {"a":9,"dup":false,"ev":"game","ms":109978,"predicted":false,"t":4,"tick":6461,"type":"hit"}
[client] {"a":7,"dup":false,"ev":"game","ms":110012,"predicted":false,"t":2,"tick":6463,"type":"hit"}
[client] {"a":7,"dup":false,"ev":"game","ms":110012,"predicted":false,"t":4,"tick":6463,"type":"hit"}
[client] {"a":0,"dup":false,"ev":"game","ms":110046,"predicted":false,"t":7,"tick":6465,"type":"hit"}
[client] {"a":5,"dup":false,"ev":"game","ms":110295,"predicted":false,"t":2,"tick":6480,"type":"block"}
[client] {"a":0,"dup":false,"ev":"game","ms":110412,"predicted":false,"t":7,"tick":6487,"type":"hit"}
[client] {"a":1,"dup":false,"ev":"game","ms":110543,"predicted":false,"t":8,"tick":6495,"type":"hit"}
[client] {"a":3,"dup":false,"ev":"game","ms":110564,"predicted":false,"t":5,"tick":6496,"type":"hit"}
[client] {"a":0,"dup":false,"ev":"game","ms":110695,"predicted":false,"t":9,"tick":6504,"type":"hit"}
[client] {"a":2,"dup":false,"ev":"game","ms":110695,"predicted":false,"t":5,"tick":6504,"type":"hit"}
[client] {"a":4,"dup":false,"ev":"game","ms":110743,"predicted":false,"t":7,"tick":6507,"type":"hit"}
[client] {"a":4,"dup":false,"ev":"game","ms":110743,"predicted":false,"t":9,"tick":6507,"type":"hit"}
[client] {"a":4,"dup":false,"ev":"game","ms":110764,"predicted":false,"t":8,"tick":6508,"type":"hit"}
[client] {"a":1,"dup":false,"ev":"game","ms":110812,"predicted":false,"t":8,"tick":6511,"type":"hit"}
[client] {"a":3,"dup":false,"ev":"game","ms":110874,"predicted":false,"t":5,"tick":6515,"type":"hit"}
[client] {"a":2,"dup":false,"ev":"game","ms":111013,"predicted":false,"t":5,"tick":6523,"type":"hit"}
[client] {"a":2,"dup":false,"ev":"game","ms":111026,"predicted":false,"t":8,"tick":6524,"type":"hit"}
[client] {"a":1,"dup":false,"ev":"game","ms":111247,"predicted":false,"t":9,"tick":6537,"type":"hit"}
[client] {"a":2,"dup":false,"ev":"game","ms":111330,"predicted":false,"t":5,"tick":6542,"type":"hit"}
[client] {"a":2,"dup":false,"ev":"game","ms":111344,"predicted":false,"t":8,"tick":6543,"type":"hit"}
[client] {"a":0,"dup":false,"ev":"game","ms":111426,"predicted":false,"t":8,"tick":6548,"type":"hit"}
[client] {"a":0,"dup":false,"ev":"game","ms":111475,"predicted":false,"t":7,"tick":6551,"type":"hit"}
[client] {"a":0,"dup":false,"ev":"game","ms":111495,"predicted":false,"t":5,"tick":6552,"type":"hit"}
[client] {"a":4,"dup":false,"ev":"game","ms":111567,"predicted":false,"t":5,"tick":6556,"type":"hit"}
[client] {"a":4,"dup":false,"ev":"game","ms":111567,"predicted":false,"t":7,"tick":6556,"type":"hit"}
[client] {"a":6,"dup":true,"ev":"game","ms":111841,"predicted":false,"t":3,"tick":6578,"type":"hit"}
[client] {"a":9,"dup":false,"ev":"game","ms":111971,"predicted":false,"t":1,"tick":6581,"type":"hit"}
[client] {"a":2,"dup":false,"ev":"game","ms":112054,"predicted":false,"t":9,"tick":6586,"type":"hit"}
[client] {"a":8,"dup":false,"ev":"game","ms":112454,"predicted":false,"t":4,"tick":6610,"type":"hit"}
[client] {"a":1,"dup":false,"ev":"game","ms":112738,"predicted":false,"t":8,"tick":6627,"type":"hit"}
[client] {"a":2,"dup":false,"ev":"game","ms":112855,"predicted":false,"t":8,"tick":6634,"type":"hit"}
[client] {"a":8,"dup":false,"ev":"game","ms":112855,"predicted":false,"t":-1,"tick":6634,"type":"ko"}
[client] {"a":6,"dup":true,"ev":"game","ms":112874,"predicted":false,"t":2,"tick":6639,"type":"hit"}
[client] {"a":5,"dup":false,"ev":"game","ms":113041,"predicted":false,"t":2,"tick":6645,"type":"hit"}
[client] {"a":5,"dup":false,"ev":"game","ms":113041,"predicted":false,"t":4,"tick":6645,"type":"hit"}
[client] {"a":9,"dup":false,"ev":"game","ms":113137,"predicted":false,"t":0,"tick":6651,"type":"hit"}
[client] {"a":3,"dup":false,"ev":"game","ms":113289,"predicted":false,"t":9,"tick":6660,"type":"hit"}
[client] {"a":0,"dup":false,"ev":"game","ms":113538,"predicted":false,"t":5,"tick":6675,"type":"hit"}
[client] {"a":5,"dup":false,"ev":"game","ms":113538,"predicted":false,"t":-1,"tick":6675,"type":"ko"}
[client] {"a":1,"dup":false,"ev":"game","ms":113890,"predicted":false,"t":6,"tick":6696,"type":"hit"}
[client] {"a":7,"dup":false,"ev":"game","ms":114069,"predicted":false,"t":4,"tick":6707,"type":"block"}
[client] {"a":9,"dup":false,"ev":"game","ms":114304,"predicted":false,"t":4,"tick":6721,"type":"hit"}
[client] {"a":0,"dup":false,"ev":"game","ms":114586,"predicted":false,"t":9,"tick":6738,"type":"hit"}
[client] {"a":7,"dup":false,"ev":"game","ms":114690,"predicted":false,"t":0,"tick":6744,"type":"hit"}
[client] {"a":7,"dup":false,"ev":"game","ms":114704,"predicted":false,"t":2,"tick":6745,"type":"hit"}
[client] {"a":3,"dup":false,"ev":"game","ms":114890,"predicted":false,"t":9,"tick":6756,"type":"hit"}
[client] {"counts":{"blocks_on_me":0,"conf_actions":76,"confirmed_hits":344,"dup_confirmed":0,"hits_on_me":27,"pred_actions":81,"predicted_confirmed":34,"predicted_hits":82,"reconnects":0},"ev":"stats","hp":42.0,"in_bytes":1574129,"late":0,"local_entity":6,"match":{"countdown_until":300,"ctrl":-1,"final":false,"next":"C","phase":3,"rot":734,"scores":[2,23],"sd":false,"state":3,"tick":6466,"zone":"A"},"max_err":1.458,"mean_err":0.027,"ms":114958,"out_bytes":331501,"pending":7,"pos":[-39.28,1.24],"reconciles":2248,"server_tick":6764,"snaps":2251,"teleports":2}
[client] {"a":2,"dup":false,"ev":"game","ms":115208,"predicted":false,"t":6,"tick":6775,"type":"hit"}
[client] {"a":3,"dup":false,"ev":"game","ms":115387,"predicted":false,"t":9,"tick":6786,"type":"hit"}
[client] {"a":9,"dup":false,"ev":"game","ms":115387,"predicted":false,"t":-1,"tick":6786,"type":"ko"}
[client] {"a":4,"dup":false,"ev":"game","ms":115491,"predicted":false,"t":7,"tick":6792,"type":"hit"}
[client] {"a":7,"dup":false,"ev":"game","ms":115491,"predicted":false,"t":-1,"tick":6792,"type":"ko"}
[client] {"a":6,"dup":true,"ev":"game","ms":115677,"predicted":false,"t":2,"tick":6808,"type":"hit"}
[client] {"a":6,"dup":true,"ev":"game","ms":116443,"predicted":false,"t":2,"tick":6854,"type":"hit"}
[client] {"a":2,"dup":false,"ev":"game","ms":116877,"predicted":false,"t":6,"tick":6875,"type":"hit"}
[client] {"a":6,"dup":false,"ev":"game","ms":117105,"predicted":false,"t":-1,"tick":6894,"type":"ko"}
[client] {"a":2,"dup":false,"ev":"game","ms":117188,"predicted":false,"t":6,"tick":6894,"type":"hit"}
[client] {"counts":{"blocks_on_me":0,"conf_actions":79,"confirmed_hits":351,"dup_confirmed":0,"hits_on_me":30,"pred_actions":85,"predicted_confirmed":36,"predicted_hits":87,"reconnects":0},"ev":"stats","hp":0.0,"in_bytes":1633749,"late":0,"local_entity":6,"match":{"countdown_until":300,"ctrl":0,"final":false,"next":"C","phase":3,"rot":434,"scores":[4,23],"sd":false,"state":2,"tick":6766,"zone":"A"},"max_err":1.458,"mean_err":0.0265,"ms":119961,"out_bytes":346201,"pending":7,"pos":[-39.48,1.71],"reconciles":2348,"server_tick":7064,"snaps":2351,"teleports":2}
[client] {"a":8,"dup":false,"ev":"game","ms":122859,"predicted":false,"t":-1,"tick":7234,"type":"respawn"}
[client] {"a":5,"dup":false,"ev":"game","ms":123542,"predicted":false,"t":-1,"tick":7275,"type":"respawn"}
[client] {"counts":{"blocks_on_me":0,"conf_actions":79,"confirmed_hits":351,"dup_confirmed":0,"hits_on_me":30,"pred_actions":85,"predicted_confirmed":36,"predicted_hits":87,"reconnects":0},"ev":"stats","hp":0.0,"in_bytes":1683373,"late":0,"local_entity":6,"match":{"countdown_until":300,"ctrl":0,"final":false,"next":"C","phase":3,"rot":134,"scores":[9,23],"sd":false,"state":2,"tick":7066,"zone":"A"},"max_err":1.458,"mean_err":0.0254,"ms":124963,"out_bytes":360901,"pending":7,"pos":[-39.48,1.71],"reconciles":2448,"server_tick":7364,"snaps":2451,"teleports":2}
[client] {"a":9,"dup":false,"ev":"game","ms":125392,"predicted":false,"t":-1,"tick":7386,"type":"respawn"}
[client] {"a":7,"dup":false,"ev":"game","ms":125488,"predicted":false,"t":-1,"tick":7392,"type":"respawn"}
[client] {"a":6,"dup":false,"ev":"game","ms":127124,"predicted":false,"t":-1,"tick":7494,"type":"respawn"}
[client] {"a":-1,"dup":false,"ev":"game","ms":127289,"predicted":false,"t":-1,"tick":7499,"type":"zone_rotated"}
[client] {"counts":{"blocks_on_me":0,"conf_actions":79,"confirmed_hits":351,"dup_confirmed":0,"hits_on_me":30,"pred_actions":85,"predicted_confirmed":36,"predicted_hits":87,"reconnects":0},"ev":"stats","hp":230.0,"in_bytes":1733350,"late":0,"local_entity":6,"match":{"countdown_until":300,"ctrl":-1,"final":false,"next":"","phase":3,"rot":3434,"scores":[12,23],"sd":false,"state":1,"tick":7366,"zone":"C"},"max_err":1.458,"mean_err":0.0244,"ms":129959,"out_bytes":375601,"pending":7,"pos":[17.69,36.64],"reconciles":2547,"server_tick":7664,"snaps":2551,"teleports":3}
[client] {"counts":{"blocks_on_me":0,"conf_actions":79,"confirmed_hits":351,"dup_confirmed":0,"hits_on_me":30,"pred_actions":85,"predicted_confirmed":36,"predicted_hits":87,"reconnects":0},"ev":"stats","hp":230.0,"in_bytes":1795485,"late":0,"local_entity":6,"match":{"countdown_until":300,"ctrl":1,"final":false,"next":"","phase":3,"rot":3134,"scores":[12,24],"sd":false,"state":2,"tick":7666,"zone":"C"},"max_err":1.458,"mean_err":0.0235,"ms":134962,"out_bytes":390301,"pending":7,"pos":[33.15,5.91],"reconciles":2647,"server_tick":7964,"snaps":2651,"teleports":3}
[client] {"a":2,"dup":false,"ev":"game","ms":139123,"predicted":false,"t":8,"tick":8210,"type":"hit"}
[client] {"a":6,"dup":true,"ev":"game","ms":139392,"predicted":false,"t":2,"tick":8230,"type":"hit"}
[client] {"a":9,"dup":false,"ev":"game","ms":139559,"predicted":false,"t":2,"tick":8236,"type":"hit"}
[client] {"a":6,"dup":true,"ev":"game","ms":139737,"predicted":false,"t":2,"tick":8251,"type":"hit"}
[client] {"counts":{"blocks_on_me":0,"conf_actions":81,"confirmed_hits":355,"dup_confirmed":0,"hits_on_me":30,"pred_actions":87,"predicted_confirmed":38,"predicted_hits":90,"reconnects":0},"ev":"stats","hp":230.0,"in_bytes":1852907,"late":0,"local_entity":6,"match":{"countdown_until":300,"ctrl":-1,"final":false,"next":"","phase":3,"rot":2834,"scores":[12,27],"sd":false,"state":3,"tick":7966,"zone":"C"},"max_err":1.458,"mean_err":0.0235,"ms":139957,"out_bytes":405001,"pending":7,"pos":[40.53,0.13],"reconciles":2747,"server_tick":8264,"snaps":2751,"teleports":3}
[client] {"a":1,"dup":false,"ev":"game","ms":140041,"predicted":false,"t":6,"tick":8264,"type":"hit"}
[client] {"a":2,"dup":false,"ev":"game","ms":140193,"predicted":false,"t":9,"tick":8274,"type":"hit"}
[client] {"a":8,"dup":false,"ev":"game","ms":140289,"predicted":false,"t":1,"tick":8279,"type":"hit"}
[client] {"a":8,"dup":false,"ev":"game","ms":140289,"predicted":false,"t":4,"tick":8279,"type":"hit"}
[client] {"a":8,"dup":false,"ev":"game","ms":140310,"predicted":false,"t":0,"tick":8280,"type":"hit"}
[client] {"a":3,"dup":false,"ev":"game","ms":140607,"predicted":false,"t":8,"tick":8299,"type":"hit"}
[client] {"a":2,"dup":false,"ev":"game","ms":140676,"predicted":false,"t":8,"tick":8302,"type":"hit"}
[client] {"a":7,"dup":false,"ev":"game","ms":140689,"predicted":false,"t":2,"tick":8303,"type":"hit"}
[client] {"a":3,"dup":false,"ev":"game","ms":141255,"predicted":false,"t":7,"tick":8338,"type":"hit"}
[client] {"a":8,"dup":false,"ev":"game","ms":141324,"predicted":false,"t":1,"tick":8342,"type":"hit"}
[client] {"a":8,"dup":false,"ev":"game","ms":141372,"predicted":false,"t":0,"tick":8345,"type":"hit"}
[client] {"a":3,"dup":false,"ev":"game","ms":141608,"predicted":false,"t":6,"tick":8359,"type":"hit"}
[client] {"a":7,"dup":false,"ev":"game","ms":141642,"predicted":false,"t":3,"tick":8361,"type":"hit"}
[client] {"a":8,"dup":false,"ev":"game","ms":141676,"predicted":false,"t":1,"tick":8363,"type":"hit"}
[client] {"a":8,"dup":false,"ev":"game","ms":141711,"predicted":false,"t":4,"tick":8365,"type":"hit"}
[client] {"a":6,"dup":true,"ev":"game","ms":141925,"predicted":false,"t":3,"tick":8383,"type":"hit"}
[client] {"a":3,"dup":false,"ev":"game","ms":141973,"predicted":false,"t":7,"tick":8381,"type":"hit"}
[client] {"a":9,"dup":false,"ev":"game","ms":141994,"predicted":false,"t":3,"tick":8382,"type":"hit"}
[client] {"a":0,"dup":false,"ev":"game","ms":142028,"predicted":false,"t":8,"tick":8384,"type":"hit"}
[client] {"a":1,"dup":false,"ev":"game","ms":142090,"predicted":false,"t":8,"tick":8388,"type":"hit"}
[client] {"a":0,"dup":false,"ev":"game","ms":142125,"predicted":false,"t":6,"tick":8390,"type":"hit"}
[client] {"a":3,"dup":false,"ev":"game","ms":142373,"predicted":false,"t":9,"tick":8405,"type":"hit"}
[client] {"a":4,"dup":false,"ev":"game","ms":142973,"predicted":false,"t":7,"tick":8441,"type":"hit"}
[client] {"a":8,"dup":false,"ev":"game","ms":142973,"predicted":false,"t":1,"tick":8441,"type":"hit"}
[client] {"a":4,"dup":false,"ev":"game","ms":143291,"predicted":false,"t":7,"tick":8460,"type":"hit"}
[client] {"a":4,"dup":false,"ev":"game","ms":143339,"predicted":false,"t":6,"tick":8463,"type":"hit"}
[client] {"a":1,"dup":false,"ev":"game","ms":143512,"predicted":false,"t":7,"tick":8473,"type":"hit"}
[client] {"a":9,"dup":false,"ev":"game","ms":143739,"predicted":false,"t":4,"tick":8487,"type":"hit"}
[client] {"a":7,"dup":false,"ev":"game","ms":143858,"predicted":false,"t":4,"tick":8494,"type":"hit"}
[client] {"a":6,"dup":true,"ev":"game","ms":143939,"predicted":false,"t":4,"tick":8503,"type":"hit"}
[client] {"a":6,"dup":false,"ev":"game","ms":144030,"predicted":false,"t":1,"tick":8508,"type":"hit"}
[client] {"a":0,"dup":false,"ev":"game","ms":144194,"predicted":false,"t":6,"tick":8514,"type":"hit"}
[client] {"a":0,"dup":false,"ev":"game","ms":144195,"predicted":false,"t":7,"tick":8514,"type":"hit"}
[client] {"a":9,"dup":false,"ev":"game","ms":144195,"predicted":false,"t":2,"tick":8514,"type":"hit"}
[client] {"a":5,"dup":false,"ev":"game","ms":144546,"predicted":false,"t":0,"tick":8535,"type":"hit"}
[client] {"a":9,"dup":false,"ev":"game","ms":144843,"predicted":false,"t":2,"tick":8552,"type":"hit"}
[client] {"counts":{"blocks_on_me":0,"conf_actions":88,"confirmed_hits":391,"dup_confirmed":0,"hits_on_me":35,"pred_actions":95,"predicted_confirmed":40,"predicted_hits":97,"reconnects":0},"ev":"stats","hp":120.0,"in_bytes":1932537,"late":0,"local_entity":6,"match":{"countdown_until":300,"ctrl":-1,"final":false,"next":"","phase":3,"rot":2537,"scores":[12,27],"sd":false,"state":3,"tick":8263,"zone":"C"},"max_err":1.458,"mean_err":0.0247,"ms":144960,"out_bytes":419701,"pending":7,"pos":[41.89,0.26],"reconciles":2847,"server_tick":8564,"snaps":2850,"teleports":3}
[client] {"a":4,"dup":false,"ev":"game","ms":144975,"predicted":false,"t":7,"tick":8560,"type":"hit"}
[client] {"a":6,"dup":false,"ev":"game","ms":145031,"predicted":false,"t":0,"tick":8569,"type":"hit"}
[client] {"a":0,"dup":false,"ev":"game","ms":145092,"predicted":false,"t":5,"tick":8567,"type":"hit"}
[client] {"a":1,"dup":false,"ev":"game","ms":145257,"predicted":false,"t":9,"tick":8577,"type":"hit"}
[client] {"a":4,"dup":false,"ev":"game","ms":145279,"predicted":false,"t":9,"tick":8578,"type":"hit"}
[client] {"a":8,"dup":false,"ev":"game","ms":145395,"predicted":false,"t":2,"tick":8585,"type":"hit"}
[client] {"a":3,"dup":false,"ev":"game","ms":145513,"predicted":false,"t":5,"tick":8592,"type":"hit"}
[client] {"a":7,"dup":false,"ev":"game","ms":145513,"predicted":false,"t":4,"tick":8592,"type":"hit"}
[client] {"a":3,"dup":false,"ev":"game","ms":145540,"predicted":false,"t":8,"tick":8594,"type":"hit"}
[client] {"a":3,"dup":false,"ev":"game","ms":145562,"predicted":false,"t":6,"tick":8595,"type":"hit"}
[client] {"a":4,"dup":false,"ev":"game","ms":145878,"predicted":false,"t":7,"tick":8615,"type":"hit"}
[client] {"a":9,"dup":false,"ev":"game","ms":145878,"predicted":false,"t":1,"tick":8615,"type":"hit"}
[client] {"a":9,"dup":false,"ev":"game","ms":145878,"predicted":false,"t":4,"tick":8615,"type":"hit"}
[client] {"a":3,"dup":false,"ev":"game","ms":146141,"predicted":false,"t":9,"tick":8631,"type":"hit"}
[client] {"a":2,"dup":false,"ev":"game","ms":146175,"predicted":false,"t":9,"tick":8633,"type":"hit"}
[client] {"a":5,"dup":false,"ev":"game","ms":146410,"predicted":false,"t":3,"tick":8647,"type":"hit"}
[client] {"a":0,"dup":false,"ev":"game","ms":146727,"predicted":false,"t":5,"tick":8666,"type":"hit"}
[client] {"a":3,"dup":false,"ev":"game","ms":146727,"predicted":false,"t":9,"tick":8666,"type":"hit"}
[client] {"a":0,"dup":false,"ev":"game","ms":146741,"predicted":false,"t":9,"tick":8667,"type":"hit"}
[client] {"a":0,"dup":false,"ev":"game","ms":146830,"predicted":false,"t":8,"tick":8672,"type":"hit"}
[client] {"a":6,"dup":true,"ev":"game","ms":146941,"predicted":false,"t":0,"tick":8684,"type":"hit"}
[client] {"a":3,"dup":false,"ev":"game","ms":147230,"predicted":false,"t":6,"tick":8696,"type":"hit"}
[client] {"a":3,"dup":false,"ev":"game","ms":147244,"predicted":false,"t":7,"tick":8697,"type":"hit"}
[client] {"a":9,"dup":false,"ev":"game","ms":147293,"predicted":false,"t":2,"tick":8700,"type":"hit"}
[client] {"a":9,"dup":false,"ev":"game","ms":147631,"predicted":false,"t":2,"tick":8720,"type":"hit"}
[client] {"a":1,"dup":false,"ev":"game","ms":147844,"predicted":false,"t":5,"tick":8733,"type":"hit"}
[client] {"a":9,"dup":false,"ev":"game","ms":147948,"predicted":false,"t":2,"tick":8739,"type":"hit"}
[client] {"a":3,"dup":false,"ev":"game","ms":148196,"predicted":false,"t":8,"tick":8754,"type":"hit"}
[client] {"a":8,"dup":false,"ev":"game","ms":148197,"predicted":false,"t":-1,"tick":8754,"type":"ko"}
[client] {"a":0,"dup":false,"ev":"game","ms":148460,"predicted":false,"t":6,"tick":8770,"type":"hit"}
[client] {"a":3,"dup":false,"ev":"game","ms":148528,"predicted":false,"t":9,"tick":8774,"type":"parry"}
[client] {"a":4,"dup":false,"ev":"game","ms":148562,"predicted":false,"t":9,"tick":8776,"type":"hit"}
[client] {"a":7,"dup":false,"ev":"game","ms":148659,"predicted":false,"t":0,"tick":8782,"type":"hit"}
[client] {"a":1,"dup":false,"ev":"game","ms":148798,"predicted":false,"t":9,"tick":8790,"type":"hit"}
[client] {"a":7,"dup":false,"ev":"game","ms":148956,"predicted":false,"t":3,"tick":8800,"type":"hit"}
[client] {"a":1,"dup":false,"ev":"game","ms":149273,"predicted":false,"t":9,"tick":8819,"type":"hit"}
[client] {"a":0,"dup":false,"ev":"game","ms":149310,"predicted":false,"t":7,"tick":8821,"type":"hit"}
[client] {"a":6,"dup":true,"ev":"game","ms":149557,"predicted":false,"t":0,"tick":8841,"type":"hit"}
[client] {"a":3,"dup":false,"ev":"game","ms":149569,"predicted":false,"t":5,"tick":8837,"type":"block"}
[client] {"a":1,"dup":false,"ev":"game","ms":149653,"predicted":false,"t":9,"tick":8842,"type":"hit"}
[client] {"counts":{"blocks_on_me":0,"conf_actions":93,"confirmed_hits":428,"dup_confirmed":0,"hits_on_me":38,"pred_actions":102,"predicted_confirmed":42,"predicted_hits":100,"reconnects":0},"ev":"stats","hp":30.0,"in_bytes":2013351,"late":0,"local_entity":6,"match":{"countdown_until":300,"ctrl":-1,"final":false,"next":"","phase":3,"rot":2234,"scores":[12,27],"sd":false,"state":3,"tick":8566,"zone":"C"},"max_err":1.479,"mean_err":0.0253,"ms":149955,"out_bytes":434401,"pending":7,"pos":[43.52,1.04],"reconciles":2947,"server_tick":8864,"snaps":2951,"teleports":3}
[client] {"a":6,"dup":true,"ev":"game","ms":150170,"predicted":false,"t":3,"tick":8878,"type":"hit"}
[client] {"a":7,"dup":false,"ev":"game","ms":150239,"predicted":false,"t":3,"tick":8877,"type":"hit"}
[client] {"a":9,"dup":false,"ev":"game","ms":150308,"predicted":false,"t":1,"tick":8881,"type":"hit"}
[client] {"a":3,"dup":false,"ev":"game","ms":150570,"predicted":false,"t":5,"tick":8897,"type":"block"}
[client] {"a":7,"dup":false,"ev":"game","ms":150825,"predicted":false,"t":3,"tick":8912,"type":"hit"}
[client] {"a":9,"dup":false,"ev":"game","ms":151039,"predicted":false,"t":4,"tick":8925,"type":"block"}
[client] {"a":3,"dup":false,"ev":"game","ms":151143,"predicted":false,"t":5,"tick":8931,"type":"block"}
[client] {"a":3,"dup":false,"ev":"game","ms":151192,"predicted":false,"t":7,"tick":8934,"type":"hit"}
[client] {"a":6,"dup":true,"ev":"game","ms":151256,"predicted":false,"t":0,"tick":8943,"type":"hit"}
[client] {"a":6,"dup":false,"ev":"game","ms":151288,"predicted":false,"t":3,"tick":8945,"type":"hit"}
[client] {"a":9,"dup":false,"ev":"game","ms":151323,"predicted":false,"t":4,"tick":8942,"type":"hit"}
[client] {"a":2,"dup":false,"ev":"game","ms":151343,"predicted":false,"t":9,"tick":8943,"type":"hit"}
[client] {"a":6,"dup":false,"ev":"game","ms":151357,"predicted":false,"t":-1,"tick":8949,"type":"ko"}
[client] {"a":1,"dup":false,"ev":"game","ms":151439,"predicted":false,"t":6,"tick":8949,"type":"hit"}
[client] {"a":2,"dup":false,"ev":"game","ms":151654,"predicted":false,"t":9,"tick":8962,"type":"hit"}
[client] {"a":9,"dup":false,"ev":"game","ms":151654,"predicted":false,"t":-1,"tick":8962,"type":"ko"}
[client] {"a":4,"dup":false,"ev":"game","ms":151688,"predicted":false,"t":5,"tick":8964,"type":"hit"}
[client] {"a":3,"dup":false,"ev":"game","ms":151757,"predicted":false,"t":5,"tick":8968,"type":"hit"}
[client] {"a":0,"dup":false,"ev":"game","ms":151854,"predicted":false,"t":5,"tick":8974,"type":"hit"}
[client] {"a":4,"dup":false,"ev":"game","ms":152055,"predicted":false,"t":5,"tick":8986,"type":"hit"}
[client] {"a":3,"dup":false,"ev":"game","ms":152074,"predicted":false,"t":5,"tick":8987,"type":"hit"}
[client] {"a":3,"dup":false,"ev":"game","ms":152123,"predicted":false,"t":7,"tick":8990,"type":"hit"}
[client] {"a":7,"dup":false,"ev":"game","ms":152123,"predicted":false,"t":-1,"tick":8990,"type":"ko"}
[client] {"a":0,"dup":false,"ev":"game","ms":152171,"predicted":false,"t":5,"tick":8993,"type":"hit"}
[client] {"a":3,"dup":false,"ev":"game","ms":152392,"predicted":false,"t":5,"tick":9006,"type":"hit"}
[client] {"a":4,"dup":false,"ev":"game","ms":152406,"predicted":false,"t":5,"tick":9007,"type":"hit"}
[client] {"a":4,"dup":false,"ev":"game","ms":152972,"predicted":false,"t":5,"tick":9041,"type":"hit"}
[client] {"a":5,"dup":false,"ev":"game","ms":152972,"predicted":false,"t":-1,"tick":9041,"type":"ko"}
[client] {"counts":{"blocks_on_me":0,"conf_actions":97,"confirmed_hits":449,"dup_confirmed":0,"hits_on_me":39,"pred_actions":105,"predicted_confirmed":44,"predicted_hits":104,"reconnects":0},"ev":"stats","hp":0.0,"in_bytes":2083134,"late":0,"local_entity":6,"match":{"countdown_until":300,"ctrl":0,"final":false,"next":"","phase":3,"rot":1934,"scores":[14,27],"sd":false,"state":2,"tick":8866,"zone":"C"},"max_err":1.479,"mean_err":0.0245,"ms":154958,"out_bytes":449101,"pending":7,"pos":[43.08,0.41],"reconciles":3047,"server_tick":9164,"snaps":3051,"teleports":3}
[client] {"a":8,"dup":false,"ev":"game","ms":158188,"predicted":false,"t":-1,"tick":9354,"type":"respawn"}
[client] {"counts":{"blocks_on_me":0,"conf_actions":97,"confirmed_hits":449,"dup_confirmed":0,"hits_on_me":39,"pred_actions":105,"predicted_confirmed":44,"predicted_hits":104,"reconnects":0},"ev":"stats","hp":0.0,"in_bytes":2130342,"late":0,"local_entity":6,"match":{"countdown_until":300,"ctrl":0,"final":false,"next":"","phase":3,"rot":1637,"scores":[19,27],"sd":false,"state":2,"tick":9163,"zone":"C"},"max_err":1.479,"mean_err":0.0237,"ms":159953,"out_bytes":463801,"pending":7,"pos":[43.08,0.41],"reconciles":3147,"server_tick":9464,"snaps":3150,"teleports":3}
[client] {"a":6,"dup":false,"ev":"game","ms":161369,"predicted":false,"t":-1,"tick":9549,"type":"respawn"}
[client] {"a":9,"dup":false,"ev":"game","ms":161660,"predicted":false,"t":-1,"tick":9562,"type":"respawn"}
[client] {"a":7,"dup":false,"ev":"game","ms":162121,"predicted":false,"t":-1,"tick":9590,"type":"respawn"}
[client] {"a":5,"dup":false,"ev":"game","ms":162990,"predicted":false,"t":-1,"tick":9641,"type":"respawn"}
[client] {"counts":{"blocks_on_me":0,"conf_actions":97,"confirmed_hits":449,"dup_confirmed":0,"hits_on_me":39,"pred_actions":105,"predicted_confirmed":44,"predicted_hits":104,"reconnects":0},"ev":"stats","hp":230.0,"in_bytes":2182076,"late":0,"local_entity":6,"match":{"countdown_until":300,"ctrl":0,"final":false,"next":"","phase":3,"rot":1337,"scores":[24,27],"sd":false,"state":2,"tick":9463,"zone":"C"},"max_err":1.479,"mean_err":0.023,"ms":164956,"out_bytes":478501,"pending":7,"pos":[1.41,23.44],"reconciles":3246,"server_tick":9764,"snaps":3250,"teleports":4}
[client] {"a":8,"dup":false,"ev":"game","ms":168911,"predicted":false,"t":1,"tick":9997,"type":"hit"}
[client] {"a":8,"dup":false,"ev":"game","ms":169228,"predicted":false,"t":1,"tick":10016,"type":"hit"}
[client] {"a":0,"dup":false,"ev":"game","ms":169476,"predicted":false,"t":8,"tick":10031,"type":"hit"}
[client] {"counts":{"blocks_on_me":0,"conf_actions":97,"confirmed_hits":452,"dup_confirmed":0,"hits_on_me":39,"pred_actions":105,"predicted_confirmed":44,"predicted_hits":104,"reconnects":0},"ev":"stats","hp":230.0,"in_bytes":2245041,"late":0,"local_entity":6,"match":{"countdown_until":300,"ctrl":-1,"final":false,"next":"","phase":3,"rot":1034,"scores":[26,27],"sd":false,"state":3,"tick":9766,"zone":"C"},"max_err":1.479,"mean_err":0.0223,"ms":169958,"out_bytes":493201,"pending":7,"pos":[33.08,5.49],"reconciles":3346,"server_tick":10064,"snaps":3351,"teleports":4}
[client] {"a":1,"dup":false,"ev":"game","ms":171671,"predicted":false,"t":8,"tick":10162,"type":"hit"}
[client] {"a":6,"dup":true,"ev":"game","ms":171975,"predicted":false,"t":1,"tick":10185,"type":"hit"}
[client] {"a":1,"dup":false,"ev":"game","ms":172023,"predicted":false,"t":8,"tick":10183,"type":"hit"}
[client] {"a":2,"dup":false,"ev":"game","ms":172258,"predicted":false,"t":6,"tick":10197,"type":"hit"}
[client] {"a":4,"dup":false,"ev":"game","ms":172353,"predicted":false,"t":8,"tick":10203,"type":"hit"}
[client] {"a":0,"dup":false,"ev":"game","ms":172602,"predicted":false,"t":6,"tick":10218,"type":"hit"}
[client] {"a":3,"dup":false,"ev":"game","ms":172658,"predicted":false,"t":6,"tick":10221,"type":"hit"}
[client] {"a":8,"dup":false,"ev":"game","ms":172823,"predicted":false,"t":2,"tick":10231,"type":"hit"}
[client] {"a":0,"dup":false,"ev":"game","ms":172954,"predicted":false,"t":6,"tick":10239,"type":"hit"}
[client] {"a":2,"dup":false,"ev":"game","ms":173224,"predicted":false,"t":9,"tick":10255,"type":"hit"}
[client] {"a":6,"dup":true,"ev":"game","ms":173576,"predicted":false,"t":0,"tick":10281,"type":"hit"}
[client] {"a":9,"dup":false,"ev":"game","ms":173624,"predicted":false,"t":2,"tick":10279,"type":"hit"}
[client] {"a":6,"dup":true,"ev":"game","ms":173892,"predicted":false,"t":0,"tick":10301,"type":"hit"}
[client] {"a":2,"dup":false,"ev":"game","ms":174072,"predicted":false,"t":9,"tick":10306,"type":"hit"}
[client] {"a":4,"dup":false,"ev":"game","ms":174141,"predicted":false,"t":6,"tick":10310,"type":"hit"}
[client] {"a":8,"dup":false,"ev":"game","ms":174189,"predicted":false,"t":2,"tick":10313,"type":"hit"}
[client] {"a":7,"dup":false,"ev":"game","ms":174202,"predicted":false,"t":2,"tick":10314,"type":"hit"}
[client] {"a":5,"dup":false,"ev":"game","ms":174354,"predicted":false,"t":2,"tick":10323,"type":"hit"}
[client] {"counts":{"blocks_on_me":0,"conf_actions":103,"confirmed_hits":470,"dup_confirmed":0,"hits_on_me":44,"pred_actions":112,"predicted_confirmed":47,"predicted_hits":111,"reconnects":0},"ev":"stats","hp":90.0,"in_bytes":2317625,"late":0,"local_entity":6,"match":{"countdown_until":300,"ctrl":-1,"final":false,"next":"B","phase":3,"rot":737,"scores":[26,27],"sd":false,"state":3,"tick":10063,"zone":"C"},"max_err":1.479,"mean_err":0.023,"ms":174954,"out_bytes":507901,"pending":7,"pos":[40.84,-2.9],"reconciles":3446,"server_tick":10364,"snaps":3450,"teleports":4}
[client] {"a":3,"dup":false,"ev":"game","ms":175376,"predicted":false,"t":9,"tick":10384,"type":"hit"}
[client] {"a":4,"dup":false,"ev":"game","ms":176404,"predicted":false,"t":6,"tick":10446,"type":"hit"}
[client] {"a":7,"dup":false,"ev":"game","ms":176522,"predicted":false,"t":2,"tick":10453,"type":"hit"}
[client] {"a":8,"dup":false,"ev":"game","ms":176673,"predicted":false,"t":2,"tick":10462,"type":"hit"}
[client] {"a":4,"dup":false,"ev":"game","ms":176742,"predicted":false,"t":6,"tick":10466,"type":"hit"}
[client] {"a":4,"dup":false,"ev":"game","ms":177073,"predicted":false,"t":6,"tick":10486,"type":"hit"}
[client] {"a":3,"dup":false,"ev":"game","ms":177239,"predicted":false,"t":8,"tick":10496,"type":"hit"}
[client] {"a":7,"dup":false,"ev":"game","ms":177260,"predicted":false,"t":3,"tick":10497,"type":"hit"}
[client] {"a":6,"dup":true,"ev":"game","ms":177674,"predicted":false,"t":4,"tick":10527,"type":"hit"}
[client] {"a":6,"dup":true,"ev":"game","ms":177991,"predicted":false,"t":4,"tick":10547,"type":"hit"}
[client] {"a":2,"dup":false,"ev":"game","ms":178094,"predicted":false,"t":7,"tick":10548,"type":"hit"}
[client] {"a":2,"dup":false,"ev":"game","ms":178143,"predicted":false,"t":5,"tick":10551,"type":"block"}
[client] {"a":6,"dup":true,"ev":"game","ms":178309,"predicted":false,"t":4,"tick":10566,"type":"hit"}
[client] {"a":2,"dup":false,"ev":"game","ms":178461,"predicted":false,"t":5,"tick":10570,"type":"block"}
[client] {"a":2,"dup":false,"ev":"game","ms":178461,"predicted":false,"t":7,"tick":10570,"type":"hit"}
[client] {"a":8,"dup":false,"ev":"game","ms":178543,"predicted":false,"t":2,"tick":10575,"type":"hit"}
[client] {"a":9,"dup":false,"ev":"game","ms":178674,"predicted":false,"t":2,"tick":10583,"type":"hit"}
[client] {"a":2,"dup":false,"ev":"game","ms":178674,"predicted":false,"t":-1,"tick":10583,"type":"ko"}
[client] {"a":9,"dup":false,"ev":"game","ms":178694,"predicted":false,"t":3,"tick":10584,"type":"hit"}
[client] {"a":4,"dup":false,"ev":"game","ms":178791,"predicted":false,"t":6,"tick":10590,"type":"hit"}
[client] {"a":0,"dup":false,"ev":"game","ms":179226,"predicted":false,"t":9,"tick":10616,"type":"hit"}
[client] {"a":5,"dup":false,"ev":"game","ms":179874,"predicted":false,"t":0,"tick":10655,"type":"hit"}
[client] {"counts":{"blocks_on_me":0,"conf_actions":111,"confirmed_hits":489,"dup_confirmed":0,"hits_on_me":48,"pred_actions":121,"predicted_confirmed":50,"predicted_hits":118,"reconnects":0},"ev":"stats","hp":18.0,"in_bytes":2395910,"late":0,"local_entity":6,"match":{"countdown_until":300,"ctrl":-1,"final":false,"next":"B","phase":3,"rot":434,"scores":[26,27],"sd":false,"state":3,"tick":10366,"zone":"C"},"max_err":1.479,"mean_err":0.0237,"ms":179957,"out_bytes":522601,"pending":7,"pos":[41.44,4.01],"reconciles":3546,"server_tick":10664,"snaps":3551,"teleports":4}
[client] {"a":1,"dup":false,"ev":"game","ms":179978,"predicted":false,"t":9,"tick":10661,"type":"hit"}
[client] {"a":5,"dup":false,"ev":"game","ms":180194,"predicted":false,"t":0,"tick":10674,"type":"hit"}
[client] {"a":5,"dup":false,"ev":"game","ms":180523,"predicted":false,"t":0,"tick":10694,"type":"hit"}
[client] {"a":4,"dup":false,"ev":"game","ms":180558,"predicted":false,"t":9,"tick":10696,"type":"hit"}
[client] {"a":6,"dup":true,"ev":"game","ms":180613,"predicted":false,"t":1,"tick":10704,"type":"hit"}
[client] {"a":3,"dup":false,"ev":"game","ms":180723,"predicted":false,"t":5,"tick":10706,"type":"hit"}
[client] {"a":8,"dup":false,"ev":"game","ms":180744,"predicted":false,"t":0,"tick":10707,"type":"hit"}
[client] {"a":7,"dup":false,"ev":"game","ms":180814,"predicted":false,"t":3,"tick":10711,"type":"hit"}
[client] {"a":4,"dup":false,"ev":"game","ms":180875,"predicted":false,"t":9,"tick":10715,"type":"hit"}
[client] {"a":8,"dup":false,"ev":"game","ms":181096,"predicted":false,"t":0,"tick":10728,"type":"hit"}
[client] {"a":4,"dup":false,"ev":"game","ms":181213,"predicted":false,"t":9,"tick":10735,"type":"hit"}
[client] {"a":3,"dup":false,"ev":"game","ms":181317,"predicted":false,"t":8,"tick":10742,"type":"hit"}
[client] {"a":1,"dup":false,"ev":"game","ms":181455,"predicted":false,"t":9,"tick":10750,"type":"hit"}
[client] {"a":5,"dup":false,"ev":"game","ms":181738,"predicted":false,"t":0,"tick":10767,"type":"hit"}
[client] {"a":6,"dup":true,"ev":"game","ms":181772,"predicted":false,"t":0,"tick":10773,"type":"hit"}
[client] {"a":9,"dup":false,"ev":"game","ms":181807,"predicted":false,"t":1,"tick":10771,"type":"hit"}
[client] {"a":8,"dup":false,"ev":"game","ms":182007,"predicted":false,"t":4,"tick":10783,"type":"hit"}
[client] {"a":7,"dup":false,"ev":"game","ms":182089,"predicted":false,"t":0,"tick":10788,"type":"hit"}
[client] {"a":5,"dup":false,"ev":"game","ms":182104,"predicted":false,"t":0,"tick":10789,"type":"hit"}
[client] {"a":9,"dup":false,"ev":"game","ms":182118,"predicted":false,"t":1,"tick":10790,"type":"hit"}
[client] {"a":9,"dup":false,"ev":"game","ms":182455,"predicted":false,"t":1,"tick":10810,"type":"hit"}
[client] {"a":5,"dup":false,"ev":"game","ms":182469,"predicted":false,"t":0,"tick":10811,"type":"hit"}
[client] {"a":0,"dup":false,"ev":"game","ms":182469,"predicted":false,"t":-1,"tick":10811,"type":"ko"}
[client] {"a":7,"dup":false,"ev":"game","ms":182634,"predicted":false,"t":3,"tick":10821,"type":"hit"}
[client] {"a":3,"dup":false,"ev":"game","ms":182986,"predicted":false,"t":7,"tick":10841,"type":"hit"}
[client] {"a":5,"dup":false,"ev":"game","ms":183007,"predicted":false,"t":3,"tick":10842,"type":"hit"}
[client] {"a":4,"dup":false,"ev":"game","ms":183104,"predicted":false,"t":8,"tick":10848,"type":"hit"}
[client] {"a":9,"dup":false,"ev":"game","ms":183173,"predicted":false,"t":1,"tick":10852,"type":"hit"}
[client] {"a":4,"dup":false,"ev":"game","ms":183490,"predicted":false,"t":8,"tick":10872,"type":"hit"}
[client] {"a":3,"dup":false,"ev":"game","ms":183552,"predicted":false,"t":7,"tick":10875,"type":"hit"}
[client] {"a":5,"dup":false,"ev":"game","ms":183670,"predicted":false,"t":3,"tick":10883,"type":"hit"}
[client] {"a":4,"dup":false,"ev":"game","ms":183856,"predicted":false,"t":8,"tick":10894,"type":"hit"}
[client] {"a":4,"dup":false,"ev":"game","ms":184608,"predicted":false,"t":8,"tick":10938,"type":"hit"}
[client] {"a":8,"dup":false,"ev":"game","ms":184608,"predicted":false,"t":-1,"tick":10938,"type":"ko"}
[client] {"a":5,"dup":false,"ev":"game","ms":184691,"predicted":false,"t":3,"tick":10943,"type":"hit"}
[client] {"counts":{"blocks_on_me":0,"conf_actions":118,"confirmed_hits":522,"dup_confirmed":0,"hits_on_me":48,"pred_actions":127,"predicted_confirmed":52,"predicted_hits":121,"reconnects":0},"ev":"stats","hp":18.0,"in_bytes":2472722,"late":0,"local_entity":6,"match":{"countdown_until":300,"ctrl":-1,"final":false,"next":"B","phase":3,"rot":137,"scores":[26,27],"sd":false,"state":3,"tick":10663,"zone":"C"},"max_err":1.479,"mean_err":0.0235,"ms":184952,"out_bytes":537301,"pending":7,"pos":[42.33,-0.08],"reconciles":3646,"server_tick":10964,"snaps":3650,"teleports":4}
[client] {"a":1,"dup":false,"ev":"game","ms":185339,"predicted":false,"t":9,"tick":10982,"type":"hit"}
[client] {"a":3,"dup":false,"ev":"game","ms":185506,"predicted":false,"t":5,"tick":10993,"type":"hit"}
[client] {"a":3,"dup":false,"ev":"game","ms":185506,"predicted":false,"t":7,"tick":10993,"type":"hit"}
[client] {"a":9,"dup":false,"ev":"game","ms":185705,"predicted":false,"t":1,"tick":11005,"type":"hit"}
[client] {"a":4,"dup":false,"ev":"game","ms":185857,"predicted":false,"t":9,"tick":11014,"type":"hit"}
[client] {"a":6,"dup":true,"ev":"game","ms":185926,"predicted":false,"t":4,"tick":11023,"type":"hit"}
[client] {"a":3,"dup":false,"ev":"game","ms":186975,"predicted":false,"t":7,"tick":11080,"type":"hit"}
[client] {"a":6,"dup":false,"ev":"game","ms":187009,"predicted":false,"t":-1,"tick":11087,"type":"ko"}
[client] {"a":4,"dup":false,"ev":"game","ms":187071,"predicted":false,"t":6,"tick":11087,"type":"hit"}
[client] {"a":-1,"dup":false,"ev":"game","ms":187271,"predicted":false,"t":-1,"tick":11099,"type":"zone_rotated"}
[client] {"a":5,"dup":false,"ev":"game","ms":187340,"predicted":false,"t":3,"tick":11102,"type":"hit"}
[client] {"a":7,"dup":false,"ev":"game","ms":187354,"predicted":false,"t":3,"tick":11103,"type":"hit"}
[client] {"a":9,"dup":false,"ev":"game","ms":187609,"predicted":false,"t":4,"tick":11118,"type":"hit"}
[client] {"a":7,"dup":false,"ev":"game","ms":187658,"predicted":false,"t":3,"tick":11122,"type":"hit"}
[client] {"a":3,"dup":false,"ev":"game","ms":187658,"predicted":false,"t":-1,"tick":11122,"type":"ko"}
[client] {"a":9,"dup":false,"ev":"game","ms":187941,"predicted":false,"t":4,"tick":11138,"type":"hit"}
[client] {"a":1,"dup":false,"ev":"game","ms":187954,"predicted":false,"t":7,"tick":11139,"type":"hit"}
[client] {"a":9,"dup":false,"ev":"game","ms":188237,"predicted":false,"t":4,"tick":11157,"type":"hit"}
[client] {"a":1,"dup":false,"ev":"game","ms":188355,"predicted":false,"t":7,"tick":11163,"type":"hit"}
[client] {"a":1,"dup":false,"ev":"game","ms":188410,"predicted":false,"t":5,"tick":11166,"type":"hit"}
[client] {"a":2,"dup":false,"ev":"game","ms":188672,"predicted":false,"t":-1,"tick":11183,"type":"respawn"}
[client] {"a":1,"dup":false,"ev":"game","ms":188755,"predicted":false,"t":7,"tick":11187,"type":"hit"}
[client] {"a":1,"dup":false,"ev":"game","ms":188810,"predicted":false,"t":5,"tick":11190,"type":"hit"}
[client] {"a":4,"dup":false,"ev":"game","ms":188906,"predicted":false,"t":9,"tick":11197,"type":"hit"}
[client] {"a":9,"dup":false,"ev":"game","ms":188906,"predicted":false,"t":-1,"tick":11197,"type":"ko"}
[client] {"a":7,"dup":false,"ev":"game","ms":189176,"predicted":false,"t":1,"tick":11212,"type":"hit"}
[client] {"a":1,"dup":false,"ev":"game","ms":189176,"predicted":false,"t":-1,"tick":11212,"type":"ko"}
[client] {"a":4,"dup":false,"ev":"game","ms":189893,"predicted":false,"t":5,"tick":11256,"type":"hit"}
[client] {"counts":{"blocks_on_me":0,"conf_actions":120,"confirmed_hits":544,"dup_confirmed":0,"hits_on_me":49,"pred_actions":129,"predicted_confirmed":53,"predicted_hits":123,"reconnects":0},"ev":"stats","hp":0.0,"in_bytes":2539297,"late":0,"local_entity":6,"match":{"countdown_until":300,"ctrl":-1,"final":false,"next":"","phase":3,"rot":3437,"scores":[26,27],"sd":false,"state":1,"tick":10963,"zone":"B"},"max_err":1.479,"mean_err":0.0229,"ms":189955,"out_bytes":552001,"pending":7,"pos":[41.64,0.06],"reconciles":3746,"server_tick":11264,"snaps":3750,"teleports":4}
[client] {"a":4,"dup":false,"ev":"game","ms":190590,"predicted":false,"t":7,"tick":11297,"type":"hit"}
[client] {"a":4,"dup":false,"ev":"game","ms":190942,"predicted":false,"t":7,"tick":11318,"type":"hit"}
[client] {"a":4,"dup":false,"ev":"game","ms":191260,"predicted":false,"t":7,"tick":11338,"type":"hit"}
[client] {"a":5,"dup":false,"ev":"game","ms":191260,"predicted":false,"t":4,"tick":11338,"type":"hit"}
[client] {"a":5,"dup":false,"ev":"game","ms":191591,"predicted":false,"t":4,"tick":11357,"type":"hit"}
[client] {"a":7,"dup":false,"ev":"game","ms":192212,"predicted":false,"t":4,"tick":11394,"type":"hit"}
[client] {"a":0,"dup":false,"ev":"game","ms":192474,"predicted":false,"t":-1,"tick":11411,"type":"respawn"}
[client] {"a":5,"dup":false,"ev":"game","ms":192591,"predicted":false,"t":4,"tick":11417,"type":"hit"}
[client] {"a":4,"dup":false,"ev":"game","ms":193909,"predicted":false,"t":7,"tick":11497,"type":"hit"}
[client] {"a":7,"dup":false,"ev":"game","ms":193909,"predicted":false,"t":-1,"tick":11497,"type":"ko"}
[client] {"a":8,"dup":false,"ev":"game","ms":194592,"predicted":false,"t":-1,"tick":11538,"type":"respawn"}
[client] {"counts":{"blocks_on_me":0,"conf_actions":120,"confirmed_hits":552,"dup_confirmed":0,"hits_on_me":49,"pred_actions":129,"predicted_confirmed":53,"predicted_hits":123,"reconnects":0},"ev":"stats","hp":0.0,"in_bytes":2595921,"late":0,"local_entity":6,"match":{"countdown_until":300,"ctrl":0,"final":false,"next":"","phase":3,"rot":3134,"scores":[26,27],"sd":false,"state":2,"tick":11266,"zone":"B"},"max_err":1.479,"mean_err":0.0223,"ms":194957,"out_bytes":566701,"pending":7,"pos":[41.64,0.06],"reconciles":3846,"server_tick":11564,"snaps":3851,"teleports":4}
[client] {"a":6,"dup":false,"ev":"game","ms":196993,"predicted":false,"t":-1,"tick":11687,"type":"respawn"}
[client] {"a":3,"dup":false,"ev":"game","ms":197656,"predicted":false,"t":-1,"tick":11722,"type":"respawn"}
[client] {"a":9,"dup":false,"ev":"game","ms":198926,"predicted":false,"t":-1,"tick":11797,"type":"respawn"}
[client] {"a":1,"dup":false,"ev":"game","ms":199174,"predicted":false,"t":-1,"tick":11812,"type":"respawn"}
[client] {"a":5,"dup":false,"ev":"game","ms":199857,"predicted":false,"t":2,"tick":11854,"type":"hit"}
[client] {"a":5,"dup":false,"ev":"game","ms":199892,"predicted":false,"t":0,"tick":11855,"type":"hit"}
[client] {"counts":{"blocks_on_me":0,"conf_actions":120,"confirmed_hits":554,"dup_confirmed":0,"hits_on_me":49,"pred_actions":129,"predicted_confirmed":53,"predicted_hits":123,"reconnects":0},"ev":"stats","hp":230.0,"in_bytes":2652960,"late":0,"local_entity":6,"match":{"countdown_until":300,"ctrl":-1,"final":false,"next":"","phase":3,"rot":2834,"scores":[29,27],"sd":false,"state":3,"tick":11566,"zone":"B"},"max_err":1.479,"mean_err":0.0218,"ms":199960,"out_bytes":581401,"pending":7,"pos":[1.38,27.39],"reconciles":3945,"server_tick":11864,"snaps":3951,"teleports":5}
[client] {"a":5,"dup":false,"ev":"game","ms":200188,"predicted":false,"t":0,"tick":11874,"type":"hit"}
[client] {"a":5,"dup":false,"ev":"game","ms":200188,"predicted":false,"t":2,"tick":11874,"type":"hit"}
[client] {"a":5,"dup":false,"ev":"game","ms":200540,"predicted":false,"t":2,"tick":11894,"type":"hit"}
[client] {"a":5,"dup":false,"ev":"game","ms":200561,"predicted":false,"t":0,"tick":11895,"type":"hit"}
[client] {"a":5,"dup":false,"ev":"game","ms":201044,"predicted":false,"t":2,"tick":11924,"type":"hit"}
[client] {"a":0,"dup":false,"ev":"game","ms":201272,"predicted":false,"t":5,"tick":11938,"type":"hit"}
[client] {"a":0,"dup":false,"ev":"game","ms":201775,"predicted":false,"t":5,"tick":11968,"type":"hit"}
[client] {"a":5,"dup":false,"ev":"game","ms":202258,"predicted":false,"t":4,"tick":11998,"type":"block"}
[client] {"a":0,"dup":false,"ev":"game","ms":202423,"predicted":false,"t":5,"tick":12008,"type":"hit"}
[client] {"a":8,"dup":false,"ev":"game","ms":202907,"predicted":false,"t":2,"tick":12037,"type":"hit"}
[client] {"a":5,"dup":false,"ev":"game","ms":203411,"predicted":false,"t":4,"tick":12067,"type":"block"}
[client] {"a":5,"dup":false,"ev":"game","ms":203707,"predicted":false,"t":4,"tick":12085,"type":"block"}
[client] {"a":7,"dup":false,"ev":"game","ms":203929,"predicted":false,"t":-1,"tick":12097,"type":"respawn"}
[client] {"a":2,"dup":false,"ev":"game","ms":203942,"predicted":false,"t":8,"tick":12098,"type":"hit"}
[client] {"a":5,"dup":false,"ev":"game","ms":204342,"predicted":false,"t":4,"tick":12122,"type":"hit"}
[client] {"a":2,"dup":false,"ev":"game","ms":204563,"predicted":false,"t":8,"tick":12136,"type":"hit"}
[client] {"a":2,"dup":false,"ev":"game","ms":204590,"predicted":false,"t":6,"tick":12138,"type":"hit"}
[client] {"a":5,"dup":false,"ev":"game","ms":204659,"predicted":false,"t":4,"tick":12142,"type":"hit"}
[client] {"counts":{"blocks_on_me":0,"conf_actions":122,"confirmed_hits":568,"dup_confirmed":0,"hits_on_me":50,"pred_actions":131,"predicted_confirmed":53,"predicted_hits":124,"reconnects":0},"ev":"stats","hp":192.0,"in_bytes":2723126,"late":0,"local_entity":6,"match":{"countdown_until":300,"ctrl":-1,"final":false,"next":"","phase":3,"rot":2534,"scores":[29,27],"sd":false,"state":3,"tick":11866,"zone":"B"},"max_err":1.479,"mean_err":0.0216,"ms":204962,"out_bytes":596101,"pending":7,"pos":[-3.93,-1.73],"reconciles":4045,"server_tick":12164,"snaps":4051,"teleports":5}
[client] {"a":0,"dup":false,"ev":"game","ms":204977,"predicted":false,"t":5,"tick":12161,"type":"hit"}
[client] {"a":3,"dup":false,"ev":"game","ms":204977,"predicted":false,"t":8,"tick":12161,"type":"hit"}
[client] {"a":4,"dup":false,"ev":"game","ms":205025,"predicted":false,"t":5,"tick":12164,"type":"hit"}
[client] {"a":6,"dup":true,"ev":"game","ms":205391,"predicted":false,"t":2,"tick":12191,"type":"hit"}
[client] {"a":5,"dup":false,"ev":"game","ms":205494,"predicted":false,"t":4,"tick":12191,"type":"hit"}
[client] {"a":8,"dup":false,"ev":"game","ms":205577,"predicted":false,"t":0,"tick":12197,"type":"hit"}
[client] {"a":4,"dup":false,"ev":"game","ms":205846,"predicted":false,"t":8,"tick":12213,"type":"hit"}
[client] {"a":6,"dup":true,"ev":"game","ms":206025,"predicted":false,"t":2,"tick":12229,"type":"hit"}
[client] {"a":5,"dup":false,"ev":"game","ms":206047,"predicted":false,"t":0,"tick":12225,"type":"hit"}
[client] {"a":4,"dup":false,"ev":"game","ms":206564,"predicted":false,"t":5,"tick":12256,"type":"hit"}
[client] {"a":2,"dup":false,"ev":"game","ms":206708,"predicted":false,"t":6,"tick":12264,"type":"hit"}
[client] {"a":4,"dup":false,"ev":"game","ms":206908,"predicted":false,"t":5,"tick":12276,"type":"hit"}
[client] {"a":1,"dup":false,"ev":"game","ms":206978,"predicted":false,"t":8,"tick":12281,"type":"hit"}
[client] {"a":9,"dup":false,"ev":"game","ms":207178,"predicted":false,"t":2,"tick":12293,"type":"hit"}
[client] {"a":5,"dup":false,"ev":"game","ms":207261,"predicted":false,"t":4,"tick":12298,"type":"hit"}
[client] {"a":8,"dup":false,"ev":"game","ms":207792,"predicted":false,"t":4,"tick":12330,"type":"hit"}
[client] {"a":4,"dup":false,"ev":"game","ms":207792,"predicted":false,"t":-1,"tick":12330,"type":"ko"}
[client] {"a":6,"dup":true,"ev":"game","ms":207882,"predicted":false,"t":2,"tick":12339,"type":"hit"}
[client] {"a":3,"dup":false,"ev":"game","ms":207895,"predicted":false,"t":8,"tick":12335,"type":"hit"}
[client] {"a":2,"dup":false,"ev":"game","ms":207930,"predicted":false,"t":9,"tick":12337,"type":"hit"}
[client] {"a":0,"dup":false,"ev":"game","ms":208144,"predicted":false,"t":5,"tick":12350,"type":"hit"}
[client] {"a":5,"dup":false,"ev":"game","ms":208144,"predicted":false,"t":-1,"tick":12350,"type":"ko"}
[client] {"a":3,"dup":false,"ev":"game","ms":208165,"predicted":false,"t":8,"tick":12352,"type":"hit"}
[client] {"a":1,"dup":false,"ev":"game","ms":208415,"predicted":false,"t":8,"tick":12367,"type":"hit"}
[client] {"a":0,"dup":false,"ev":"game","ms":208719,"predicted":false,"t":8,"tick":12385,"type":"hit"}
[client] {"a":8,"dup":false,"ev":"game","ms":208719,"predicted":false,"t":-1,"tick":12385,"type":"ko"}
[client] {"a":6,"dup":true,"ev":"game","ms":209084,"predicted":false,"t":3,"tick":12413,"type":"hit"}
[client] {"a":6,"dup":true,"ev":"game","ms":209402,"predicted":false,"t":3,"tick":12432,"type":"hit"}
[client] {"counts":{"blocks_on_me":0,"conf_actions":131,"confirmed_hits":593,"dup_confirmed":0,"hits_on_me":51,"pred_actions":140,"predicted_confirmed":58,"predicted_hits":131,"reconnects":0},"ev":"stats","hp":174.0,"in_bytes":2797481,"late":0,"local_entity":6,"match":{"countdown_until":300,"ctrl":-1,"final":false,"next":"","phase":3,"rot":2234,"scores":[29,27],"sd":false,"state":3,"tick":12166,"zone":"B"},"max_err":1.479,"mean_err":0.0213,"ms":209953,"out_bytes":610801,"pending":7,"pos":[0.35,-2.72],"reconciles":4145,"server_tick":12464,"snaps":4151,"teleports":5}
[client] {"a":9,"dup":false,"ev":"game","ms":210071,"predicted":false,"t":3,"tick":12466,"type":"hit"}
[client] {"a":0,"dup":false,"ev":"game","ms":210167,"predicted":false,"t":6,"tick":12472,"type":"hit"}
[client] {"a":2,"dup":false,"ev":"game","ms":210402,"predicted":false,"t":6,"tick":12487,"type":"hit"}
[client] {"a":2,"dup":false,"ev":"game","ms":210402,"predicted":false,"t":9,"tick":12487,"type":"hit"}
[client] {"a":0,"dup":false,"ev":"game","ms":210885,"predicted":false,"t":9,"tick":12515,"type":"hit"}
[client] {"a":1,"dup":false,"ev":"game","ms":210885,"predicted":false,"t":9,"tick":12515,"type":"hit"}
[client] {"a":0,"dup":false,"ev":"game","ms":211782,"predicted":false,"t":9,"tick":12570,"type":"hit"}
[client] {"a":3,"dup":false,"ev":"game","ms":211816,"predicted":false,"t":9,"tick":12572,"type":"hit"}
[client] {"a":1,"dup":false,"ev":"game","ms":211837,"predicted":false,"t":9,"tick":12573,"type":"hit"}
[client] {"a":0,"dup":false,"ev":"game","ms":212769,"predicted":false,"t":9,"tick":12629,"type":"hit"}
[client] {"a":2,"dup":false,"ev":"game","ms":212900,"predicted":false,"t":7,"tick":12636,"type":"hit"}
[client] {"a":1,"dup":false,"ev":"game","ms":213190,"predicted":false,"t":7,"tick":12654,"type":"hit"}
[client] {"a":2,"dup":false,"ev":"game","ms":213204,"predicted":false,"t":7,"tick":12655,"type":"hit"}
[client] {"a":7,"dup":false,"ev":"game","ms":213569,"predicted":false,"t":2,"tick":12677,"type":"hit"}
[client] {"a":2,"dup":false,"ev":"game","ms":213569,"predicted":false,"t":-1,"tick":12677,"type":"ko"}
[client] {"a":9,"dup":false,"ev":"game","ms":213790,"predicted":false,"t":0,"tick":12690,"type":"hit"}
[client] {"a":1,"dup":false,"ev":"game","ms":213817,"predicted":false,"t":7,"tick":12692,"type":"hit"}
[client] {"a":0,"dup":false,"ev":"game","ms":214238,"predicted":false,"t":9,"tick":12717,"type":"hit"}
[client] {"a":7,"dup":false,"ev":"game","ms":214239,"predicted":false,"t":3,"tick":12717,"type":"hit"}
[client] {"a":1,"dup":false,"ev":"game","ms":214252,"predicted":false,"t":7,"tick":12718,"type":"hit"}
[client] {"a":6,"dup":true,"ev":"game","ms":214404,"predicted":false,"t":1,"tick":12732,"type":"hit"}
[client] {"a":0,"dup":false,"ev":"game","ms":214556,"predicted":false,"t":9,"tick":12736,"type":"hit"}
[client] {"a":3,"dup":false,"ev":"game","ms":214735,"predicted":false,"t":9,"tick":12746,"type":"hit"}
[client] {"a":7,"dup":false,"ev":"game","ms":214770,"predicted":false,"t":1,"tick":12749,"type":"hit"}
[client] {"a":7,"dup":false,"ev":"game","ms":214839,"predicted":false,"t":3,"tick":12753,"type":"hit"}
[client] {"a":0,"dup":false,"ev":"game","ms":214887,"predicted":false,"t":9,"tick":12755,"type":"hit"}
[client] {"a":9,"dup":false,"ev":"game","ms":214887,"predicted":false,"t":-1,"tick":12755,"type":"ko"}
[client] {"counts":{"blocks_on_me":0,"conf_actions":137,"confirmed_hits":618,"dup_confirmed":0,"hits_on_me":53,"pred_actions":147,"predicted_confirmed":59,"predicted_hits":135,"reconnects":0},"ev":"stats","hp":116.0,"in_bytes":2872021,"late":0,"local_entity":6,"match":{"countdown_until":300,"ctrl":-1,"final":false,"next":"","phase":3,"rot":1934,"scores":[29,27],"sd":false,"state":3,"tick":12466,"zone":"B"},"max_err":1.695,"mean_err":0.022,"ms":214955,"out_bytes":625501,"pending":7,"pos":[1.18,-2.47],"reconciles":4245,"server_tick":12764,"snaps":4251,"teleports":5}
[client] {"a":6,"dup":true,"ev":"game","ms":215570,"predicted":false,"t":3,"tick":12801,"type":"hit"}
[client] {"a":6,"dup":false,"ev":"game","ms":215591,"predicted":false,"t":0,"tick":12802,"type":"hit"}
[client] {"a":6,"dup":true,"ev":"game","ms":215991,"predicted":false,"t":0,"tick":12826,"type":"hit"}
[client] {"a":6,"dup":true,"ev":"game","ms":216005,"predicted":false,"t":3,"tick":12828,"type":"hit"}
[client] {"a":7,"dup":false,"ev":"game","ms":216302,"predicted":false,"t":0,"tick":12840,"type":"hit"}
[client] {"a":7,"dup":false,"ev":"game","ms":216322,"predicted":false,"t":3,"tick":12841,"type":"hit"}
[client] {"a":3,"dup":false,"ev":"game","ms":217488,"predicted":false,"t":7,"tick":12911,"type":"hit"}
[client] {"a":6,"dup":true,"ev":"game","ms":217502,"predicted":false,"t":3,"tick":12917,"type":"hit"}
[client] {"a":0,"dup":false,"ev":"game","ms":217606,"predicted":false,"t":7,"tick":12919,"type":"hit"}
[client] {"a":4,"dup":false,"ev":"game","ms":217792,"predicted":false,"t":-1,"tick":12930,"type":"respawn"}
[client] {"a":1,"dup":false,"ev":"game","ms":217819,"predicted":false,"t":6,"tick":12932,"type":"hit"}
[client] {"a":3,"dup":false,"ev":"game","ms":217902,"predicted":false,"t":6,"tick":12936,"type":"hit"}
[client] {"a":0,"dup":false,"ev":"game","ms":217958,"predicted":false,"t":6,"tick":12939,"type":"hit"}
[client] {"a":7,"dup":false,"ev":"game","ms":217971,"predicted":false,"t":0,"tick":12941,"type":"hit"}
[client] {"a":5,"dup":false,"ev":"game","ms":218137,"predicted":false,"t":-1,"tick":12950,"type":"respawn"}
[client] {"a":7,"dup":false,"ev":"game","ms":218358,"predicted":false,"t":3,"tick":12964,"type":"hit"}
[client] {"a":7,"dup":false,"ev":"game","ms":218394,"predicted":false,"t":0,"tick":12966,"type":"hit"}
[client] {"a":1,"dup":false,"ev":"game","ms":218524,"predicted":false,"t":6,"tick":12973,"type":"hit"}
[client] {"a":8,"dup":false,"ev":"game","ms":218724,"predicted":false,"t":-1,"tick":12985,"type":"respawn"}
[client] {"a":3,"dup":false,"ev":"game","ms":218889,"predicted":false,"t":7,"tick":12995,"type":"hit"}
[client] {"a":6,"dup":true,"ev":"game","ms":219161,"predicted":false,"t":1,"tick":13016,"type":"hit"}
[client] {"a":7,"dup":false,"ev":"game","ms":219220,"predicted":false,"t":0,"tick":13016,"type":"hit"}
[client] {"a":0,"dup":false,"ev":"game","ms":219220,"predicted":false,"t":-1,"tick":13016,"type":"ko"}
[client] {"a":3,"dup":false,"ev":"game","ms":219538,"predicted":false,"t":7,"tick":13034,"type":"hit"}
[client] {"a":6,"dup":true,"ev":"game","ms":219759,"predicted":false,"t":3,"tick":13052,"type":"hit"}
[client] {"counts":{"blocks_on_me":0,"conf_actions":145,"confirmed_hits":639,"dup_confirmed":0,"hits_on_me":57,"pred_actions":156,"predicted_confirmed":65,"predicted_hits":144,"reconnects":0},"ev":"stats","hp":44.0,"in_bytes":2940885,"late":0,"local_entity":6,"match":{"countdown_until":300,"ctrl":-1,"final":false,"next":"","phase":3,"rot":1634,"scores":[29,27],"sd":false,"state":3,"tick":12766,"zone":"B"},"max_err":1.695,"mean_err":0.0221,"ms":219958,"out_bytes":640201,"pending":7,"pos":[0.71,-3.22],"reconciles":4345,"server_tick":13064,"snaps":4351,"teleports":5}
[client] {"a":1,"dup":false,"ev":"game","ms":220241,"predicted":false,"t":6,"tick":13077,"type":"hit"}
[client] {"a":1,"dup":false,"ev":"game","ms":220593,"predicted":false,"t":6,"tick":13098,"type":"hit"}
[client] {"a":7,"dup":false,"ev":"game","ms":220608,"predicted":false,"t":3,"tick":13099,"type":"hit"}
[client] {"a":7,"dup":false,"ev":"game","ms":220925,"predicted":false,"t":3,"tick":13118,"type":"hit"}
[client] {"a":6,"dup":false,"ev":"game","ms":221159,"predicted":false,"t":-1,"tick":13136,"type":"ko"}
[client] {"a":1,"dup":false,"ev":"game","ms":221221,"predicted":false,"t":6,"tick":13136,"type":"hit"}
[client] {"a":3,"dup":false,"ev":"game","ms":221773,"predicted":false,"t":7,"tick":13169,"type":"hit"}
[client] {"a":1,"dup":false,"ev":"game","ms":221890,"predicted":false,"t":7,"tick":13175,"type":"hit"}
[client] {"a":7,"dup":false,"ev":"game","ms":222594,"predicted":false,"t":1,"tick":13218,"type":"hit"}
[client] {"a":3,"dup":false,"ev":"game","ms":222808,"predicted":false,"t":7,"tick":13230,"type":"hit"}
[client] {"a":7,"dup":false,"ev":"game","ms":222808,"predicted":false,"t":-1,"tick":13230,"type":"ko"}
[client] {"a":2,"dup":false,"ev":"game","ms":223575,"predicted":false,"t":-1,"tick":13277,"type":"respawn"}
[client] {"a":9,"dup":false,"ev":"game","ms":224879,"predicted":false,"t":-1,"tick":13355,"type":"respawn"}
[client] {"counts":{"blocks_on_me":0,"conf_actions":148,"confirmed_hits":648,"dup_confirmed":0,"hits_on_me":60,"pred_actions":158,"predicted_confirmed":65,"predicted_hits":145,"reconnects":0},"ev":"stats","hp":0.0,"in_bytes":3001982,"late":0,"local_entity":6,"match":{"countdown_until":300,"ctrl":-1,"final":false,"next":"","phase":3,"rot":1334,"scores":[30,27],"sd":false,"state":3,"tick":13066,"zone":"B"},"max_err":1.695,"mean_err":0.0218,"ms":224960,"out_bytes":654901,"pending":7,"pos":[0.58,-3.14],"reconciles":4445,"server_tick":13364,"snaps":4451,"teleports":5}
[client] {"a":5,"dup":false,"ev":"game","ms":226216,"predicted":false,"t":3,"tick":13435,"type":"hit"}
[client] {"a":3,"dup":false,"ev":"game","ms":226217,"predicted":false,"t":-1,"tick":13435,"type":"ko"}
[client] {"a":4,"dup":false,"ev":"game","ms":226637,"predicted":false,"t":5,"tick":13460,"type":"hit"}
[client] {"a":4,"dup":false,"ev":"game","ms":226920,"predicted":false,"t":5,"tick":13478,"type":"hit"}
[client] {"a":8,"dup":false,"ev":"game","ms":227106,"predicted":false,"t":4,"tick":13489,"type":"hit"}
[client] {"a":4,"dup":false,"ev":"game","ms":227555,"predicted":false,"t":5,"tick":13516,"type":"hit"}
[client] {"a":8,"dup":false,"ev":"game","ms":227707,"predicted":false,"t":4,"tick":13525,"type":"hit"}
[client] {"a":5,"dup":false,"ev":"game","ms":227921,"predicted":false,"t":4,"tick":13538,"type":"hit"}
[client] {"a":5,"dup":false,"ev":"game","ms":228252,"predicted":false,"t":4,"tick":13558,"type":"hit"}
[client] {"a":5,"dup":false,"ev":"game","ms":228604,"predicted":false,"t":4,"tick":13579,"type":"hit"}
[client] {"a":0,"dup":false,"ev":"game","ms":229218,"predicted":false,"t":-1,"tick":13616,"type":"respawn"}
[client] {"a":1,"dup":false,"ev":"game","ms":229452,"predicted":false,"t":8,"tick":13630,"type":"hit"}
[client] {"a":1,"dup":false,"ev":"game","ms":229508,"predicted":false,"t":5,"tick":13633,"type":"hit"}
[client] {"a":5,"dup":false,"ev":"game","ms":229887,"predicted":false,"t":4,"tick":13656,"type":"hit"}
[client] {"counts":{"blocks_on_me":0,"conf_actions":148,"confirmed_hits":660,"dup_confirmed":0,"hits_on_me":60,"pred_actions":158,"predicted_confirmed":65,"predicted_hits":145,"reconnects":0},"ev":"stats","hp":0.0,"in_bytes":3062420,"late":0,"local_entity":6,"match":{"countdown_until":300,"ctrl":-1,"final":false,"next":"","phase":3,"rot":1034,"scores":[30,27],"sd":false,"state":3,"tick":13366,"zone":"B"},"max_err":1.695,"mean_err":0.0214,"ms":229955,"out_bytes":669601,"pending":7,"pos":[0.58,-3.14],"reconciles":4544,"server_tick":13664,"snaps":4550,"teleports":5}
[client] {"a":8,"dup":false,"ev":"game","ms":230039,"predicted":false,"t":4,"tick":13665,"type":"hit"}
[client] {"a":8,"dup":false,"ev":"game","ms":230074,"predicted":false,"t":2,"tick":13667,"type":"hit"}
[client] {"a":5,"dup":false,"ev":"game","ms":230239,"predicted":false,"t":4,"tick":13677,"type":"hit"}
[client] {"a":5,"dup":false,"ev":"game","ms":230570,"predicted":false,"t":4,"tick":13697,"type":"hit"}
[client] {"a":8,"dup":false,"ev":"game","ms":230770,"predicted":false,"t":2,"tick":13709,"type":"hit"}
[client] {"a":8,"dup":false,"ev":"game","ms":230770,"predicted":false,"t":4,"tick":13709,"type":"hit"}
[client] {"a":6,"dup":false,"ev":"game","ms":231157,"predicted":false,"t":-1,"tick":13736,"type":"respawn"}
[client] {"a":1,"dup":false,"ev":"game","ms":231226,"predicted":false,"t":5,"tick":13736,"type":"hit"}
[client] {"a":4,"dup":false,"ev":"game","ms":231592,"predicted":false,"t":5,"tick":13758,"type":"hit"}
[client] {"a":2,"dup":false,"ev":"game","ms":231606,"predicted":false,"t":5,"tick":13759,"type":"hit"}
[client] {"a":4,"dup":false,"ev":"game","ms":231923,"predicted":false,"t":5,"tick":13778,"type":"hit"}
[client] {"a":2,"dup":false,"ev":"game","ms":231971,"predicted":false,"t":5,"tick":13781,"type":"hit"}
[client] {"a":1,"dup":false,"ev":"game","ms":232190,"predicted":false,"t":8,"tick":13794,"type":"hit"}
[client] {"a":2,"dup":false,"ev":"game","ms":232205,"predicted":false,"t":5,"tick":13795,"type":"hit"}
[client] {"a":4,"dup":false,"ev":"game","ms":232335,"predicted":false,"t":5,"tick":13803,"type":"hit"}
[client] {"a":1,"dup":false,"ev":"game","ms":232439,"predicted":false,"t":8,"tick":13809,"type":"hit"}
[client] {"a":2,"dup":false,"ev":"game","ms":232790,"predicted":false,"t":5,"tick":13830,"type":"hit"}
[client] {"a":7,"dup":false,"ev":"game","ms":232790,"predicted":false,"t":-1,"tick":13830,"type":"respawn"}
[client] {"a":4,"dup":false,"ev":"game","ms":233025,"predicted":false,"t":5,"tick":13844,"type":"hit"}
[client] {"a":9,"dup":false,"ev":"game","ms":233040,"predicted":false,"t":1,"tick":13845,"type":"hit"}
[client] {"a":4,"dup":false,"ev":"game","ms":233121,"predicted":false,"t":8,"tick":13850,"type":"hit"}
[client] {"a":1,"dup":false,"ev":"game","ms":233404,"predicted":false,"t":5,"tick":13867,"type":"hit"}
[client] {"a":5,"dup":false,"ev":"game","ms":233405,"predicted":false,"t":-1,"tick":13867,"type":"ko"}
[client] {"a":8,"dup":false,"ev":"game","ms":234288,"predicted":false,"t":1,"tick":13920,"type":"hit"}
[client] {"a":4,"dup":false,"ev":"game","ms":234426,"predicted":false,"t":8,"tick":13928,"type":"hit"}
[client] {"a":2,"dup":false,"ev":"game","ms":234536,"predicted":false,"t":8,"tick":13935,"type":"hit"}
[client] {"a":4,"dup":false,"ev":"game","ms":234791,"predicted":false,"t":8,"tick":13950,"type":"hit"}
[client] {"a":2,"dup":false,"ev":"game","ms":234888,"predicted":false,"t":8,"tick":13956,"type":"hit"}
[client] {"counts":{"blocks_on_me":0,"conf_actions":148,"confirmed_hits":685,"dup_confirmed":0,"hits_on_me":60,"pred_actions":158,"predicted_confirmed":65,"predicted_hits":145,"reconnects":0},"ev":"stats","hp":230.0,"in_bytes":3130556,"late":0,"local_entity":6,"match":{"countdown_until":300,"ctrl":-1,"final":false,"next":"A","phase":3,"rot":734,"scores":[30,27],"sd":false,"state":3,"tick":13666,"zone":"B"},"max_err":1.695,"mean_err":0.0209,"ms":234956,"out_bytes":684301,"pending":7,"pos":[0.35,20.88],"reconciles":4643,"server_tick":13964,"snaps":4650,"teleports":6}
[client] {"a":9,"dup":false,"ev":"game","ms":235558,"predicted":false,"t":1,"tick":13996,"type":"hit"}
[client] {"a":8,"dup":false,"ev":"game","ms":235792,"predicted":false,"t":4,"tick":14010,"type":"hit"}
[client] {"a":1,"dup":false,"ev":"game","ms":235937,"predicted":false,"t":9,"tick":14019,"type":"hit"}
[client] {"a":8,"dup":false,"ev":"game","ms":236109,"predicted":false,"t":4,"tick":14029,"type":"hit"}
[client] {"a":3,"dup":false,"ev":"game","ms":236206,"predicted":false,"t":-1,"tick":14035,"type":"respawn"}
[client] {"a":9,"dup":false,"ev":"game","ms":236275,"predicted":false,"t":1,"tick":14039,"type":"hit"}
[client] {"a":8,"dup":false,"ev":"game","ms":236523,"predicted":false,"t":4,"tick":14054,"type":"hit"}
[client] {"a":0,"dup":false,"ev":"game","ms":236571,"predicted":false,"t":9,"tick":14057,"type":"hit"}
[client] {"a":2,"dup":false,"ev":"game","ms":236654,"predicted":false,"t":8,"tick":14062,"type":"hit"}
[client] {"a":8,"dup":false,"ev":"game","ms":237055,"predicted":false,"t":4,"tick":14086,"type":"hit"}
[client] {"a":1,"dup":false,"ev":"game","ms":237323,"predicted":false,"t":8,"tick":14102,"type":"hit"}
[client] {"a":1,"dup":false,"ev":"game","ms":237676,"predicted":false,"t":8,"tick":14123,"type":"hit"}
[client] {"a":0,"dup":false,"ev":"game","ms":237889,"predicted":false,"t":9,"tick":14136,"type":"hit"}
[client] {"a":1,"dup":false,"ev":"game","ms":238007,"predicted":false,"t":8,"tick":14143,"type":"hit"}
[client] {"a":8,"dup":false,"ev":"game","ms":238007,"predicted":false,"t":-1,"tick":14143,"type":"ko"}
[client] {"a":0,"dup":false,"ev":"game","ms":238477,"predicted":false,"t":6,"tick":14171,"type":"hit"}
[client] {"a":6,"dup":true,"ev":"game","ms":238759,"predicted":false,"t":0,"tick":14193,"type":"hit"}
[client] {"a":9,"dup":false,"ev":"game","ms":238794,"predicted":false,"t":0,"tick":14190,"type":"hit"}
[client] {"a":0,"dup":false,"ev":"game","ms":239222,"predicted":false,"t":6,"tick":14216,"type":"hit"}
[client] {"a":9,"dup":false,"ev":"game","ms":239470,"predicted":false,"t":0,"tick":14231,"type":"hit"}
[client] {"a":6,"dup":true,"ev":"game","ms":239939,"predicted":false,"t":0,"tick":14264,"type":"hit"}
[client] {"counts":{"blocks_on_me":0,"conf_actions":153,"confirmed_hits":704,"dup_confirmed":0,"hits_on_me":62,"pred_actions":163,"predicted_confirmed":67,"predicted_hits":151,"reconnects":0},"ev":"stats","hp":194.0,"in_bytes":3198621,"late":0,"local_entity":6,"match":{"countdown_until":300,"ctrl":-1,"final":false,"next":"A","phase":3,"rot":434,"scores":[30,27],"sd":false,"state":3,"tick":13966,"zone":"B"},"max_err":1.695,"mean_err":0.0208,"ms":239952,"out_bytes":699001,"pending":7,"pos":[-2.16,-1.68],"reconciles":4743,"server_tick":14264,"snaps":4750,"teleports":6}
[client] {"a":9,"dup":false,"ev":"game","ms":240249,"predicted":false,"t":0,"tick":14278,"type":"hit"}
[client] {"a":7,"dup":false,"ev":"game","ms":241036,"predicted":false,"t":1,"tick":14325,"type":"hit"}
[client] {"a":9,"dup":false,"ev":"game","ms":241106,"predicted":false,"t":1,"tick":14329,"type":"hit"}
[client] {"a":1,"dup":false,"ev":"game","ms":241106,"predicted":false,"t":-1,"tick":14329,"type":"ko"}
[client] {"a":4,"dup":false,"ev":"game","ms":241139,"predicted":false,"t":7,"tick":14331,"type":"hit"}
[client] {"a":4,"dup":false,"ev":"game","ms":241753,"predicted":false,"t":9,"tick":14368,"type":"hit"}
[client] {"a":4,"dup":false,"ev":"game","ms":242105,"predicted":false,"t":9,"tick":14389,"type":"hit"}
[client] {"a":4,"dup":false,"ev":"game","ms":242471,"predicted":false,"t":9,"tick":14411,"type":"hit"}
[client] {"a":2,"dup":false,"ev":"game","ms":242823,"predicted":false,"t":7,"tick":14432,"type":"hit"}
[client] {"a":0,"dup":false,"ev":"game","ms":243071,"predicted":false,"t":6,"tick":14447,"type":"hit"}
[client] {"a":0,"dup":false,"ev":"game","ms":243140,"predicted":false,"t":7,"tick":14451,"type":"hit"}
[client] {"a":2,"dup":false,"ev":"game","ms":243188,"predicted":false,"t":7,"tick":14454,"type":"hit"}
[client] {"a":4,"dup":false,"ev":"game","ms":243251,"predicted":false,"t":7,"tick":14458,"type":"hit"}
[client] {"a":5,"dup":false,"ev":"game","ms":243423,"predicted":false,"t":-1,"tick":14467,"type":"respawn"}
[client] {"a":9,"dup":false,"ev":"game","ms":243485,"predicted":false,"t":4,"tick":14471,"type":"hit"}
[client] {"a":4,"dup":false,"ev":"game","ms":243485,"predicted":false,"t":-1,"tick":14471,"type":"ko"}
[client] {"a":3,"dup":false,"ev":"game","ms":243955,"predicted":false,"t":6,"tick":14499,"type":"hit"}
[client] {"a":3,"dup":false,"ev":"game","ms":244658,"predicted":false,"t":6,"tick":14541,"type":"hit"}
[client] {"counts":{"blocks_on_me":0,"conf_actions":160,"confirmed_hits":719,"dup_confirmed":0,"hits_on_me":65,"pred_actions":171,"predicted_confirmed":67,"predicted_hits":152,"reconnects":0},"ev":"stats","hp":118.0,"in_bytes":3271867,"late":0,"local_entity":6,"match":{"countdown_until":300,"ctrl":-1,"final":false,"next":"A","phase":3,"rot":137,"scores":[30,27],"sd":false,"state":3,"tick":14263,"zone":"B"},"max_err":1.695,"mean_err":0.0214,"ms":244954,"out_bytes":713701,"pending":7,"pos":[3.9,-1.66],"reconciles":4843,"server_tick":14564,"snaps":4849,"teleports":6}
[client] {"a":0,"dup":false,"ev":"game","ms":245024,"predicted":false,"t":9,"tick":14563,"type":"hit"}
[client] {"a":7,"dup":false,"ev":"game","ms":245286,"predicted":false,"t":0,"tick":14580,"type":"hit"}
[client] {"a":9,"dup":false,"ev":"game","ms":245321,"predicted":false,"t":0,"tick":14582,"type":"hit"}
[client] {"a":9,"dup":false,"ev":"game","ms":245638,"predicted":false,"t":0,"tick":14601,"type":"hit"}
[client] {"a":9,"dup":false,"ev":"game","ms":246004,"predicted":false,"t":0,"tick":14623,"type":"hit"}
[client] {"a":2,"dup":false,"ev":"game","ms":246238,"predicted":false,"t":9,"tick":14637,"type":"hit"}
[client] {"a":2,"dup":false,"ev":"game","ms":246259,"predicted":false,"t":7,"tick":14638,"type":"hit"}
[client] {"a":3,"dup":false,"ev":"game","ms":246356,"predicted":false,"t":6,"tick":14644,"type":"hit"}
[client] {"a":9,"dup":false,"ev":"game","ms":246790,"predicted":false,"t":3,"tick":14670,"type":"hit"}
[client] {"a":7,"dup":false,"ev":"game","ms":247073,"predicted":false,"t":3,"tick":14687,"type":"hit"}
[client] {"a":-1,"dup":false,"ev":"game","ms":247273,"predicted":false,"t":-1,"tick":14699,"type":"zone_rotated"}
[client] {"a":3,"dup":false,"ev":"game","ms":247390,"predicted":false,"t":7,"tick":14706,"type":"hit"}
[client] {"a":3,"dup":false,"ev":"game","ms":247425,"predicted":false,"t":9,"tick":14708,"type":"hit"}
[client] {"a":0,"dup":false,"ev":"game","ms":247722,"predicted":false,"t":9,"tick":14726,"type":"hit"}
[client] {"a":6,"dup":true,"ev":"game","ms":247722,"predicted":false,"t":3,"tick":14730,"type":"hit"}
[client] {"a":8,"dup":false,"ev":"game","ms":248005,"predicted":false,"t":-1,"tick":14743,"type":"respawn"}
[client] {"a":6,"dup":true,"ev":"game","ms":248039,"predicted":false,"t":3,"tick":14750,"type":"hit"}
[client] {"a":0,"dup":false,"ev":"game","ms":248061,"predicted":false,"t":9,"tick":14746,"type":"hit"}
[client] {"a":3,"dup":false,"ev":"game","ms":248108,"predicted":false,"t":7,"tick":14749,"type":"hit"}
[client] {"a":3,"dup":false,"ev":"game","ms":248108,"predicted":false,"t":9,"tick":14749,"type":"hit"}
[client] {"a":9,"dup":false,"ev":"game","ms":248108,"predicted":false,"t":-1,"tick":14749,"type":"ko"}
[client] {"a":2,"dup":false,"ev":"game","ms":248288,"predicted":false,"t":7,"tick":14760,"type":"hit"}
[client] {"a":3,"dup":false,"ev":"game","ms":249088,"predicted":false,"t":7,"tick":14808,"type":"hit"}
[client] {"a":7,"dup":false,"ev":"game","ms":249088,"predicted":false,"t":-1,"tick":14808,"type":"ko"}
[client] {"a":6,"dup":true,"ev":"game","ms":249323,"predicted":false,"t":3,"tick":14826,"type":"hit"}
[client] {"a":6,"dup":true,"ev":"game","ms":249571,"predicted":false,"t":3,"tick":14841,"type":"hit"}
[client] {"a":6,"dup":true,"ev":"game","ms":249626,"predicted":false,"t":2,"tick":14844,"type":"hit"}
[client] {"counts":{"blocks_on_me":0,"conf_actions":166,"confirmed_hits":742,"dup_confirmed":0,"hits_on_me":66,"pred_actions":178,"predicted_confirmed":72,"predicted_hits":162,"reconnects":0},"ev":"stats","hp":104.0,"in_bytes":3340481,"late":0,"local_entity":6,"match":{"countdown_until":300,"ctrl":-1,"final":false,"next":"","phase":3,"rot":3434,"scores":[30,27],"sd":false,"state":1,"tick":14566,"zone":"A"},"max_err":1.695,"mean_err":0.0212,"ms":249957,"out_bytes":728401,"pending":7,"pos":[1.5,-2.67],"reconciles":4943,"server_tick":14864,"snaps":4950,"teleports":6}
[client] {"a":1,"dup":false,"ev":"game","ms":251110,"predicted":false,"t":-1,"tick":14929,"type":"respawn"}
[client] {"a":4,"dup":false,"ev":"game","ms":253476,"predicted":false,"t":-1,"tick":15071,"type":"respawn"}
[client] {"counts":{"blocks_on_me":0,"conf_actions":167,"confirmed_hits":742,"dup_confirmed":0,"hits_on_me":66,"pred_actions":179,"predicted_confirmed":72,"predicted_hits":164,"reconnects":0},"ev":"stats","hp":104.0,"in_bytes":3402472,"late":0,"local_entity":6,"match":{"countdown_until":300,"ctrl":-1,"final":false,"next":"","phase":3,"rot":3134,"scores":[30,28],"sd":false,"state":3,"tick":14866,"zone":"A"},"max_err":1.695,"mean_err":0.0208,"ms":254959,"out_bytes":743101,"pending":7,"pos":[-27.86,-7.86],"reconciles":5043,"server_tick":15164,"snaps":5050,"teleports":6}
[client] {"a":0,"dup":false,"ev":"game","ms":256147,"predicted":false,"t":5,"tick":15231,"type":"hit"}
[client] {"a":0,"dup":false,"ev":"game","ms":256430,"predicted":false,"t":5,"tick":15248,"type":"hit"}
[client] {"a":2,"dup":false,"ev":"game","ms":256809,"predicted":false,"t":5,"tick":15271,"type":"hit"}
[client] {"a":2,"dup":false,"ev":"game","ms":257030,"predicted":false,"t":5,"tick":15284,"type":"hit"}
[client] {"a":0,"dup":false,"ev":"game","ms":257078,"predicted":false,"t":5,"tick":15287,"type":"hit"}
[client] {"a":0,"dup":false,"ev":"game","ms":257127,"predicted":false,"t":6,"tick":15290,"type":"hit"}
[client] {"a":8,"dup":false,"ev":"game","ms":258113,"predicted":false,"t":3,"tick":15349,"type":"hit"}
[client] {"a":9,"dup":false,"ev":"game","ms":258114,"predicted":false,"t":-1,"tick":15349,"type":"respawn"}
[client] {"a":2,"dup":false,"ev":"game","ms":258424,"predicted":false,"t":5,"tick":15368,"type":"hit"}
[client] {"a":5,"dup":false,"ev":"game","ms":258859,"predicted":false,"t":2,"tick":15394,"type":"hit"}
[client] {"a":8,"dup":false,"ev":"game","ms":258859,"predicted":false,"t":3,"tick":15394,"type":"hit"}
[client] {"a":7,"dup":false,"ev":"game","ms":259093,"predicted":false,"t":-1,"tick":15408,"type":"respawn"}
[client] {"a":2,"dup":false,"ev":"game","ms":259576,"predicted":false,"t":6,"tick":15437,"type":"hit"}
[client] {"a":5,"dup":false,"ev":"game","ms":259804,"predicted":false,"t":2,"tick":15451,"type":"hit"}
[client] {"a":8,"dup":false,"ev":"game","ms":259873,"predicted":false,"t":2,"tick":15455,"type":"hit"}
[client] {"counts":{"blocks_on_me":0,"conf_actions":171,"confirmed_hits":755,"dup_confirmed":0,"hits_on_me":68,"pred_actions":183,"predicted_confirmed":72,"predicted_hits":164,"reconnects":0},"ev":"stats","hp":45.0999999999998,"in_bytes":3470511,"late":0,"local_entity":6,"match":{"countdown_until":300,"ctrl":-1,"final":false,"next":"","phase":3,"rot":2834,"scores":[30,28],"sd":false,"state":3,"tick":15166,"zone":"A"},"max_err":1.695,"mean_err":0.0209,"ms":259955,"out_bytes":757801,"pending":7,"pos":[-41.05,2.06],"reconciles":5143,"server_tick":15464,"snaps":5150,"teleports":6}
[client] {"a":8,"dup":false,"ev":"game","ms":260225,"predicted":false,"t":3,"tick":15476,"type":"hit"}
[client] {"a":6,"dup":true,"ev":"game","ms":260225,"predicted":false,"t":0,"tick":15481,"type":"hit"}
[client] {"a":3,"dup":false,"ev":"game","ms":260639,"predicted":false,"t":8,"tick":15501,"type":"hit"}
[client] {"a":6,"dup":true,"ev":"game","ms":260722,"predicted":false,"t":0,"tick":15510,"type":"hit"}
[client] {"a":2,"dup":false,"ev":"game","ms":260956,"predicted":false,"t":6,"tick":15520,"type":"hit"}
[client] {"a":1,"dup":false,"ev":"game","ms":261708,"predicted":false,"t":5,"tick":15564,"type":"block"}
[client] {"a":6,"dup":true,"ev":"game","ms":261777,"predicted":false,"t":2,"tick":15574,"type":"hit"}
[client] {"a":1,"dup":false,"ev":"game","ms":261978,"predicted":false,"t":8,"tick":15581,"type":"hit"}
[client] {"a":1,"dup":false,"ev":"game","ms":262005,"predicted":false,"t":5,"tick":15583,"type":"block"}
[client] {"a":3,"dup":false,"ev":"game","ms":262109,"predicted":false,"t":5,"tick":15589,"type":"block"}
[client] {"a":3,"dup":false,"ev":"game","ms":262157,"predicted":false,"t":8,"tick":15592,"type":"hit"}
[client] {"a":6,"dup":true,"ev":"game","ms":262578,"predicted":false,"t":2,"tick":15622,"type":"hit"}
[client] {"a":3,"dup":false,"ev":"game","ms":262875,"predicted":false,"t":5,"tick":15635,"type":"block"}
[client] {"a":6,"dup":true,"ev":"game","ms":262909,"predicted":false,"t":2,"tick":15642,"type":"hit"}
[client] {"a":8,"dup":false,"ev":"game","ms":263357,"predicted":false,"t":3,"tick":15664,"type":"hit"}
[client] {"a":6,"dup":false,"ev":"game","ms":263405,"predicted":false,"t":-1,"tick":15672,"type":"ko"}
[client] {"a":2,"dup":false,"ev":"game","ms":263495,"predicted":false,"t":6,"tick":15672,"type":"hit"}
[client] {"a":3,"dup":false,"ev":"game","ms":263668,"predicted":false,"t":5,"tick":15683,"type":"block"}
[client] {"a":8,"dup":false,"ev":"game","ms":263785,"predicted":false,"t":3,"tick":15690,"type":"hit"}
[client] {"a":1,"dup":false,"ev":"game","ms":263937,"predicted":false,"t":5,"tick":15699,"type":"hit"}
[client] {"a":1,"dup":false,"ev":"game","ms":264289,"predicted":false,"t":5,"tick":15720,"type":"hit"}
[client] {"a":3,"dup":false,"ev":"game","ms":264289,"predicted":false,"t":5,"tick":15720,"type":"hit"}
[client] {"a":2,"dup":false,"ev":"game","ms":264599,"predicted":false,"t":5,"tick":15739,"type":"hit"}
[client] {"a":1,"dup":false,"ev":"game","ms":264634,"predicted":false,"t":5,"tick":15741,"type":"hit"}
[client] {"a":0,"dup":false,"ev":"game","ms":264834,"predicted":false,"t":5,"tick":15753,"type":"hit"}
[client] {"counts":{"blocks_on_me":0,"conf_actions":177,"confirmed_hits":774,"dup_confirmed":0,"hits_on_me":70,"pred_actions":189,"predicted_confirmed":77,"predicted_hits":172,"reconnects":0},"ev":"stats","hp":0.0,"in_bytes":3547857,"late":0,"local_entity":6,"match":{"countdown_until":300,"ctrl":-1,"final":false,"next":"","phase":3,"rot":2537,"scores":[30,28],"sd":false,"state":3,"tick":15463,"zone":"A"},"max_err":1.695,"mean_err":0.0208,"ms":264950,"out_bytes":772501,"pending":7,"pos":[-40.86,1.26],"reconciles":5243,"server_tick":15764,"snaps":5249,"teleports":6}
[client] {"a":1,"dup":false,"ev":"game","ms":265386,"predicted":false,"t":5,"tick":15786,"type":"hit"}
[client] {"a":5,"dup":false,"ev":"game","ms":265386,"predicted":false,"t":-1,"tick":15786,"type":"ko"}
[client] {"a":8,"dup":false,"ev":"game","ms":266352,"predicted":false,"t":4,"tick":15844,"type":"hit"}
[client] {"a":8,"dup":false,"ev":"game","ms":266373,"predicted":false,"t":3,"tick":15845,"type":"hit"}
[client] {"a":8,"dup":false,"ev":"game","ms":266455,"predicted":false,"t":0,"tick":15850,"type":"hit"}
[client] {"a":0,"dup":false,"ev":"game","ms":266455,"predicted":false,"t":-1,"tick":15850,"type":"ko"}
[client] {"a":2,"dup":false,"ev":"game","ms":266986,"predicted":false,"t":8,"tick":15882,"type":"hit"}
[client] {"a":2,"dup":false,"ev":"game","ms":267208,"predicted":false,"t":8,"tick":15895,"type":"hit"}
[client] {"a":4,"dup":false,"ev":"game","ms":267290,"predicted":false,"t":8,"tick":15900,"type":"hit"}
[client] {"a":1,"dup":false,"ev":"game","ms":267318,"predicted":false,"t":8,"tick":15902,"type":"hit"}
[client] {"a":2,"dup":false,"ev":"game","ms":268940,"predicted":false,"t":8,"tick":15999,"type":"hit"}
[client] {"a":1,"dup":false,"ev":"game","ms":269009,"predicted":false,"t":8,"tick":16003,"type":"hit"}
[client] {"a":1,"dup":false,"ev":"game","ms":269273,"predicted":false,"t":8,"tick":16019,"type":"hit"}
[client] {"a":2,"dup":false,"ev":"game","ms":269273,"predicted":false,"t":8,"tick":16019,"type":"hit"}
[client] {"a":8,"dup":false,"ev":"game","ms":269273,"predicted":false,"t":-1,"tick":16019,"type":"ko"}
[client] {"a":9,"dup":false,"ev":"game","ms":269754,"predicted":false,"t":3,"tick":16048,"type":"parry"}
[client] {"a":4,"dup":false,"ev":"game","ms":269789,"predicted":false,"t":9,"tick":16050,"type":"hit"}
[client] {"a":7,"dup":false,"ev":"game","ms":269789,"predicted":false,"t":3,"tick":16050,"type":"hit"}
[client] {"counts":{"blocks_on_me":0,"conf_actions":177,"confirmed_hits":788,"dup_confirmed":0,"hits_on_me":70,"pred_actions":189,"predicted_confirmed":77,"predicted_hits":172,"reconnects":0},"ev":"stats","hp":0.0,"in_bytes":3612807,"late":0,"local_entity":6,"match":{"countdown_until":300,"ctrl":-1,"final":false,"next":"","phase":3,"rot":2237,"scores":[30,28],"sd":false,"state":3,"tick":15763,"zone":"A"},"max_err":1.695,"mean_err":0.0204,"ms":269953,"out_bytes":787201,"pending":7,"pos":[-40.86,1.26],"reconciles":5343,"server_tick":16064,"snaps":5349,"teleports":6}
[client] {"a":4,"dup":false,"ev":"game","ms":270092,"predicted":false,"t":9,"tick":16068,"type":"hit"}
[client] {"a":4,"dup":false,"ev":"game","ms":270140,"predicted":false,"t":7,"tick":16071,"type":"hit"}
[client] {"a":1,"dup":false,"ev":"game","ms":270209,"predicted":false,"t":9,"tick":16075,"type":"hit"}
[client] {"a":2,"dup":false,"ev":"game","ms":270292,"predicted":false,"t":7,"tick":16080,"type":"hit"}
[client] {"a":3,"dup":false,"ev":"game","ms":272038,"predicted":false,"t":7,"tick":16185,"type":"hit"}
[client] {"a":3,"dup":false,"ev":"game","ms":272093,"predicted":false,"t":9,"tick":16188,"type":"hit"}
[client] {"a":4,"dup":false,"ev":"game","ms":272093,"predicted":false,"t":7,"tick":16188,"type":"hit"}
[client] {"a":4,"dup":false,"ev":"game","ms":272121,"predicted":false,"t":9,"tick":16190,"type":"hit"}
[client] {"a":1,"dup":false,"ev":"game","ms":272142,"predicted":false,"t":7,"tick":16191,"type":"hit"}
[client] {"a":9,"dup":false,"ev":"game","ms":272776,"predicted":false,"t":4,"tick":16229,"type":"hit"}
[client] {"a":1,"dup":false,"ev":"game","ms":272838,"predicted":false,"t":9,"tick":16233,"type":"hit"}
[client] {"a":7,"dup":false,"ev":"game","ms":272873,"predicted":false,"t":4,"tick":16235,"type":"hit"}
[client] {"a":7,"dup":false,"ev":"game","ms":273211,"predicted":false,"t":4,"tick":16255,"type":"hit"}
[client] {"a":3,"dup":false,"ev":"game","ms":273321,"predicted":false,"t":7,"tick":16262,"type":"hit"}
[client] {"a":6,"dup":false,"ev":"game","ms":273411,"predicted":false,"t":-1,"tick":16272,"type":"respawn"}
[client] {"a":9,"dup":false,"ev":"game","ms":273873,"predicted":false,"t":3,"tick":16295,"type":"hit"}
[client] {"a":3,"dup":false,"ev":"game","ms":273873,"predicted":false,"t":-1,"tick":16295,"type":"ko"}
[client] {"counts":{"blocks_on_me":0,"conf_actions":177,"confirmed_hits":803,"dup_confirmed":0,"hits_on_me":70,"pred_actions":189,"predicted_confirmed":77,"predicted_hits":172,"reconnects":0},"ev":"stats","hp":230.0,"in_bytes":3677989,"late":0,"local_entity":6,"match":{"countdown_until":300,"ctrl":-1,"final":false,"next":"","phase":3,"rot":1937,"scores":[30,28],"sd":false,"state":3,"tick":16063,"zone":"A"},"max_err":1.695,"mean_err":0.02,"ms":274956,"out_bytes":801901,"pending":7,"pos":[3.47,36.8],"reconciles":5442,"server_tick":16364,"snaps":5449,"teleports":7}
[client] {"a":7,"dup":false,"ev":"game","ms":275095,"predicted":false,"t":4,"tick":16368,"type":"hit"}
[client] {"a":5,"dup":false,"ev":"game","ms":275391,"predicted":false,"t":-1,"tick":16386,"type":"respawn"}
[client] {"a":4,"dup":false,"ev":"game","ms":275495,"predicted":false,"t":7,"tick":16392,"type":"hit"}
[client] {"a":1,"dup":false,"ev":"game","ms":275591,"predicted":false,"t":9,"tick":16398,"type":"hit"}
[client] {"a":4,"dup":false,"ev":"game","ms":275840,"predicted":false,"t":7,"tick":16413,"type":"hit"}
[client] {"a":7,"dup":false,"ev":"game","ms":276213,"predicted":false,"t":4,"tick":16435,"type":"hit"}
[client] {"a":0,"dup":false,"ev":"game","ms":276462,"predicted":false,"t":-1,"tick":16450,"type":"respawn"}
[client] {"a":7,"dup":false,"ev":"game","ms":276509,"predicted":false,"t":4,"tick":16453,"type":"block"}
[client] {"a":9,"dup":false,"ev":"game","ms":276710,"predicted":false,"t":4,"tick":16465,"type":"block"}
[client] {"a":2,"dup":false,"ev":"game","ms":276779,"predicted":false,"t":7,"tick":16469,"type":"hit"}
[client] {"a":7,"dup":false,"ev":"game","ms":276780,"predicted":false,"t":-1,"tick":16469,"type":"ko"}
[client] {"a":2,"dup":false,"ev":"game","ms":276813,"predicted":false,"t":9,"tick":16471,"type":"hit"}
[client] {"a":1,"dup":false,"ev":"game","ms":278276,"predicted":false,"t":9,"tick":16559,"type":"hit"}
[client] {"a":9,"dup":false,"ev":"game","ms":278276,"predicted":false,"t":-1,"tick":16559,"type":"ko"}
[client] {"a":8,"dup":false,"ev":"game","ms":279269,"predicted":false,"t":-1,"tick":16619,"type":"respawn"}
[client] {"counts":{"blocks_on_me":0,"conf_actions":177,"confirmed_hits":811,"dup_confirmed":0,"hits_on_me":70,"pred_actions":189,"predicted_confirmed":77,"predicted_hits":172,"reconnects":0},"ev":"stats","hp":230.0,"in_bytes":3737653,"late":0,"local_entity":6,"match":{"countdown_until":300,"ctrl":0,"final":false,"next":"","phase":3,"rot":1637,"scores":[31,28],"sd":false,"state":2,"tick":16363,"zone":"A"},"max_err":1.695,"mean_err":0.0197,"ms":279952,"out_bytes":816601,"pending":7,"pos":[-20.8,12.83],"reconciles":5542,"server_tick":16664,"snaps":5549,"teleports":7}
[client] {"a":1,"dup":false,"ev":"game","ms":283671,"predicted":false,"t":6,"tick":16883,"type":"hit"}
[client] {"a":4,"dup":false,"ev":"game","ms":283754,"predicted":false,"t":6,"tick":16888,"type":"hit"}
[client] {"a":3,"dup":false,"ev":"game","ms":283872,"predicted":false,"t":-1,"tick":16895,"type":"respawn"}
[client] {"a":4,"dup":false,"ev":"game","ms":284127,"predicted":false,"t":6,"tick":16910,"type":"hit"}
[client] {"counts":{"blocks_on_me":0,"conf_actions":181,"confirmed_hits":814,"dup_confirmed":0,"hits_on_me":73,"pred_actions":194,"predicted_confirmed":77,"predicted_hits":174,"reconnects":0},"ev":"stats","hp":176.0,"in_bytes":3800752,"late":0,"local_entity":6,"match":{"countdown_until":300,"ctrl":-1,"final":false,"next":"","phase":3,"rot":1337,"scores":[33,28],"sd":false,"state":3,"tick":16663,"zone":"A"},"max_err":1.695,"mean_err":0.0199,"ms":284954,"out_bytes":831301,"pending":7,"pos":[-39.87,1.45],"reconciles":5642,"server_tick":16964,"snaps":5649,"teleports":7}
[client] {"a":6,"dup":true,"ev":"game","ms":286177,"predicted":false,"t":2,"tick":17037,"type":"hit"}
[client] {"a":6,"dup":true,"ev":"game","ms":286211,"predicted":false,"t":1,"tick":17039,"type":"hit"}
[client] {"a":4,"dup":false,"ev":"game","ms":286425,"predicted":false,"t":6,"tick":17048,"type":"hit"}
[client] {"a":7,"dup":false,"ev":"game","ms":286790,"predicted":false,"t":-1,"tick":17069,"type":"respawn"}
[client] {"a":6,"dup":true,"ev":"game","ms":287012,"predicted":false,"t":2,"tick":17087,"type":"hit"}
[client] {"a":6,"dup":true,"ev":"game","ms":287012,"predicted":false,"t":4,"tick":17087,"type":"hit"}
[client] {"a":1,"dup":false,"ev":"game","ms":287108,"predicted":false,"t":6,"tick":17089,"type":"hit"}
[client] {"a":1,"dup":false,"ev":"game","ms":287475,"predicted":false,"t":6,"tick":17111,"type":"hit"}
[client] {"a":5,"dup":false,"ev":"game","ms":287764,"predicted":false,"t":4,"tick":17128,"type":"hit"}
[client] {"a":2,"dup":false,"ev":"game","ms":287791,"predicted":false,"t":5,"tick":17130,"type":"hit"}
[client] {"a":2,"dup":false,"ev":"game","ms":288094,"predicted":false,"t":5,"tick":17148,"type":"block"}
[client] {"a":9,"dup":false,"ev":"game","ms":288274,"predicted":false,"t":-1,"tick":17159,"type":"respawn"}
[client] {"a":2,"dup":false,"ev":"game","ms":288393,"predicted":false,"t":5,"tick":17166,"type":"block"}
[client] {"a":4,"dup":false,"ev":"game","ms":288612,"predicted":false,"t":5,"tick":17179,"type":"block"}
[client] {"a":2,"dup":false,"ev":"game","ms":288826,"predicted":false,"t":5,"tick":17192,"type":"block"}
[client] {"a":6,"dup":true,"ev":"game","ms":288967,"predicted":false,"t":0,"tick":17205,"type":"hit"}
[client] {"a":2,"dup":false,"ev":"game","ms":289019,"predicted":false,"t":5,"tick":17204,"type":"block"}
[client] {"a":4,"dup":false,"ev":"game","ms":289240,"predicted":false,"t":5,"tick":17216,"type":"block"}
[client] {"a":0,"dup":false,"ev":"game","ms":289454,"predicted":false,"t":6,"tick":17229,"type":"hit"}
[client] {"a":4,"dup":false,"ev":"game","ms":289572,"predicted":false,"t":5,"tick":17236,"type":"hit"}
[client] {"a":8,"dup":false,"ev":"game","ms":289654,"predicted":false,"t":4,"tick":17241,"type":"hit"}
[client] {"a":2,"dup":false,"ev":"game","ms":289688,"predicted":false,"t":5,"tick":17243,"type":"hit"}
[client] {"a":8,"dup":false,"ev":"game","ms":289702,"predicted":false,"t":2,"tick":17244,"type":"hit"}
[client] {"a":2,"dup":false,"ev":"game","ms":289702,"predicted":false,"t":-1,"tick":17244,"type":"ko"}
[client] {"a":0,"dup":false,"ev":"game","ms":289757,"predicted":false,"t":6,"tick":17247,"type":"hit"}
[client] {"a":1,"dup":false,"ev":"game","ms":289785,"predicted":false,"t":6,"tick":17249,"type":"hit"}
[client] {"counts":{"blocks_on_me":0,"conf_actions":188,"confirmed_hits":831,"dup_confirmed":0,"hits_on_me":79,"pred_actions":201,"predicted_confirmed":82,"predicted_hits":192,"reconnects":0},"ev":"stats","hp":48.0,"in_bytes":3873671,"late":0,"local_entity":6,"match":{"countdown_until":300,"ctrl":-1,"final":false,"next":"","phase":3,"rot":1037,"scores":[33,28],"sd":false,"state":3,"tick":16963,"zone":"A"},"max_err":1.846,"mean_err":0.0205,"ms":289957,"out_bytes":846001,"pending":7,"pos":[-41.99,-2.16],"reconciles":5742,"server_tick":17264,"snaps":5749,"teleports":7}
[client] {"a":1,"dup":false,"ev":"game","ms":291006,"predicted":false,"t":6,"tick":17322,"type":"hit"}
[client] {"a":4,"dup":false,"ev":"game","ms":291137,"predicted":false,"t":6,"tick":17330,"type":"hit"}
[client] {"a":8,"dup":false,"ev":"game","ms":291137,"predicted":false,"t":4,"tick":17330,"type":"hit"}
[client] {"a":8,"dup":false,"ev":"game","ms":291241,"predicted":false,"t":1,"tick":17336,"type":"hit"}
[client] {"a":0,"dup":false,"ev":"game","ms":291525,"predicted":false,"t":8,"tick":17353,"type":"hit"}
[client] {"a":0,"dup":false,"ev":"game","ms":291558,"predicted":false,"t":5,"tick":17355,"type":"hit"}
[client] {"a":6,"dup":false,"ev":"game","ms":291724,"predicted":false,"t":-1,"tick":17370,"type":"ko"}
[client] {"a":4,"dup":false,"ev":"game","ms":291806,"predicted":false,"t":6,"tick":17370,"type":"hit"}
[client] {"a":0,"dup":false,"ev":"game","ms":292407,"predicted":false,"t":8,"tick":17407,"type":"hit"}
[client] {"a":0,"dup":false,"ev":"game","ms":292704,"predicted":false,"t":8,"tick":17425,"type":"hit"}
[client] {"a":0,"dup":false,"ev":"game","ms":292738,"predicted":false,"t":5,"tick":17427,"type":"hit"}
[client] {"a":4,"dup":false,"ev":"game","ms":292855,"predicted":false,"t":8,"tick":17434,"type":"hit"}
[client] {"a":4,"dup":false,"ev":"game","ms":292904,"predicted":false,"t":5,"tick":17437,"type":"hit"}
[client] {"a":8,"dup":false,"ev":"game","ms":293959,"predicted":false,"t":0,"tick":17500,"type":"hit"}
[client] {"a":8,"dup":false,"ev":"game","ms":294256,"predicted":false,"t":0,"tick":17518,"type":"hit"}
[client] {"a":5,"dup":false,"ev":"game","ms":294373,"predicted":false,"t":0,"tick":17525,"type":"hit"}
[client] {"a":5,"dup":false,"ev":"game","ms":294373,"predicted":false,"t":4,"tick":17525,"type":"hit"}
[client] {"a":1,"dup":false,"ev":"game","ms":294705,"predicted":false,"t":5,"tick":17545,"type":"hit"}
[client] {"counts":{"blocks_on_me":0,"conf_actions":191,"confirmed_hits":848,"dup_confirmed":0,"hits_on_me":82,"pred_actions":205,"predicted_confirmed":82,"predicted_hits":194,"reconnects":0},"ev":"stats","hp":0.0,"in_bytes":3942795,"late":0,"local_entity":6,"match":{"countdown_until":300,"ctrl":-1,"final":false,"next":"C","phase":3,"rot":734,"scores":[33,28],"sd":false,"state":3,"tick":17266,"zone":"A"},"max_err":1.846,"mean_err":0.0204,"ms":294959,"out_bytes":860701,"pending":7,"pos":[-42.54,-2.03],"reconciles":5842,"server_tick":17564,"snaps":5850,"teleports":7}
[client] {"a":8,"dup":false,"ev":"game","ms":295277,"predicted":false,"t":1,"tick":17579,"type":"hit"}
[client] {"a":4,"dup":false,"ev":"game","ms":295539,"predicted":false,"t":8,"tick":17595,"type":"hit"}
[client] {"a":1,"dup":false,"ev":"game","ms":295657,"predicted":false,"t":8,"tick":17602,"type":"hit"}
[client] {"a":5,"dup":false,"ev":"game","ms":295691,"predicted":false,"t":3,"tick":17604,"type":"hit"}
[client] {"a":5,"dup":false,"ev":"game","ms":296009,"predicted":false,"t":3,"tick":17623,"type":"hit"}
[client] {"a":8,"dup":false,"ev":"game","ms":296043,"predicted":false,"t":1,"tick":17625,"type":"hit"}
[client] {"a":8,"dup":false,"ev":"game","ms":296057,"predicted":false,"t":4,"tick":17626,"type":"hit"}
[client] {"a":4,"dup":false,"ev":"game","ms":296057,"predicted":false,"t":-1,"tick":17626,"type":"ko"}
[client] {"a":0,"dup":false,"ev":"game","ms":296643,"predicted":false,"t":8,"tick":17661,"type":"hit"}
[client] {"a":3,"dup":false,"ev":"game","ms":296657,"predicted":false,"t":5,"tick":17662,"type":"hit"}
[client] {"a":1,"dup":false,"ev":"game","ms":296940,"predicted":false,"t":8,"tick":17679,"type":"hit"}
[client] {"a":0,"dup":false,"ev":"game","ms":297009,"predicted":false,"t":8,"tick":17683,"type":"hit"}
[client] {"a":3,"dup":false,"ev":"game","ms":297223,"predicted":false,"t":8,"tick":17696,"type":"hit"}
[client] {"a":8,"dup":false,"ev":"game","ms":297223,"predicted":false,"t":-1,"tick":17696,"type":"ko"}
[client] {"a":0,"dup":false,"ev":"game","ms":297906,"predicted":false,"t":7,"tick":17737,"type":"hit"}
[client] {"a":3,"dup":false,"ev":"game","ms":297961,"predicted":false,"t":5,"tick":17740,"type":"hit"}
[client] {"a":3,"dup":false,"ev":"game","ms":298279,"predicted":false,"t":5,"tick":17759,"type":"hit"}
[client] {"a":7,"dup":false,"ev":"game","ms":298493,"predicted":false,"t":0,"tick":17772,"type":"hit"}
[client] {"a":3,"dup":false,"ev":"game","ms":298658,"predicted":false,"t":5,"tick":17782,"type":"hit"}
[client] {"a":1,"dup":false,"ev":"game","ms":298693,"predicted":false,"t":5,"tick":17784,"type":"hit"}
[client] {"a":7,"dup":false,"ev":"game","ms":298824,"predicted":false,"t":0,"tick":17792,"type":"hit"}
[client] {"a":7,"dup":false,"ev":"game","ms":299141,"predicted":false,"t":0,"tick":17811,"type":"hit"}
[client] {"a":5,"dup":false,"ev":"game","ms":299308,"predicted":false,"t":3,"tick":17821,"type":"hit"}
[client] {"a":9,"dup":false,"ev":"game","ms":299445,"predicted":false,"t":1,"tick":17829,"type":"hit"}
[client] {"a":5,"dup":false,"ev":"game","ms":299645,"predicted":false,"t":3,"tick":17841,"type":"hit"}
[client] {"a":2,"dup":false,"ev":"game","ms":299693,"predicted":false,"t":-1,"tick":17844,"type":"respawn"}
[client] {"counts":{"blocks_on_me":0,"conf_actions":191,"confirmed_hits":871,"dup_confirmed":0,"hits_on_me":82,"pred_actions":205,"predicted_confirmed":82,"predicted_hits":194,"reconnects":0},"ev":"stats","hp":0.0,"in_bytes":4009823,"late":0,"local_entity":6,"match":{"countdown_until":300,"ctrl":-1,"final":false,"next":"C","phase":3,"rot":434,"scores":[33,28],"sd":false,"state":3,"tick":17566,"zone":"A"},"max_err":1.846,"mean_err":0.02,"ms":299962,"out_bytes":875401,"pending":7,"pos":[-42.54,-2.03],"reconciles":5942,"server_tick":17864,"snaps":5950,"teleports":7}
[client] {"a":3,"dup":false,"ev":"game","ms":300259,"predicted":false,"t":5,"tick":17878,"type":"hit"}
[client] {"a":5,"dup":false,"ev":"game","ms":300259,"predicted":false,"t":-1,"tick":17878,"type":"ko"}
[client] {"a":3,"dup":false,"ev":"game","ms":300342,"predicted":false,"t":9,"tick":17883,"type":"hit"}
[client] {"a":1,"dup":false,"ev":"game","ms":300707,"predicted":false,"t":7,"tick":17905,"type":"hit"}
[client] {"a":3,"dup":false,"ev":"game","ms":301584,"predicted":false,"t":7,"tick":17957,"type":"hit"}
[client] {"a":6,"dup":false,"ev":"game","ms":301722,"predicted":false,"t":-1,"tick":17970,"type":"respawn"}
[client] {"a":9,"dup":false,"ev":"game","ms":302020,"predicted":false,"t":0,"tick":17983,"type":"hit"}
[client] {"a":7,"dup":false,"ev":"game","ms":302537,"predicted":false,"t":0,"tick":18014,"type":"hit"}
[client] {"a":1,"dup":false,"ev":"game","ms":302723,"predicted":false,"t":9,"tick":18025,"type":"hit"}
[client] {"a":0,"dup":false,"ev":"game","ms":302888,"predicted":false,"t":7,"tick":18035,"type":"hit"}
[client] {"a":0,"dup":false,"ev":"game","ms":303221,"predicted":false,"t":7,"tick":18055,"type":"hit"}
[client] {"a":3,"dup":false,"ev":"game","ms":303421,"predicted":false,"t":7,"tick":18067,"type":"hit"}
[client] {"a":9,"dup":false,"ev":"game","ms":303854,"predicted":false,"t":1,"tick":18093,"type":"hit"}
[client] {"a":7,"dup":false,"ev":"game","ms":304159,"predicted":false,"t":0,"tick":18111,"type":"hit"}
[client] {"a":0,"dup":false,"ev":"game","ms":304561,"predicted":false,"t":7,"tick":18135,"type":"hit"}
[client] {"a":9,"dup":false,"ev":"game","ms":304738,"predicted":false,"t":3,"tick":18146,"type":"hit"}
[client] {"counts":{"blocks_on_me":0,"conf_actions":191,"confirmed_hits":885,"dup_confirmed":0,"hits_on_me":82,"pred_actions":205,"predicted_confirmed":82,"predicted_hits":194,"reconnects":0},"ev":"stats","hp":230.0,"in_bytes":4073006,"late":0,"local_entity":6,"match":{"countdown_until":300,"ctrl":-1,"final":false,"next":"C","phase":3,"rot":134,"scores":[33,28],"sd":false,"state":3,"tick":17866,"zone":"A"},"max_err":1.846,"mean_err":0.0197,"ms":304958,"out_bytes":890101,"pending":7,"pos":[-0.13,26.6],"reconciles":6041,"server_tick":18164,"snaps":6050,"teleports":8}
[client] {"a":7,"dup":false,"ev":"game","ms":305441,"predicted":false,"t":0,"tick":18189,"type":"hit"}
[client] {"a":0,"dup":false,"ev":"game","ms":305441,"predicted":false,"t":-1,"tick":18189,"type":"ko"}
[client] {"a":3,"dup":false,"ev":"game","ms":305455,"predicted":false,"t":9,"tick":18190,"type":"hit"}
[client] {"a":7,"dup":false,"ev":"game","ms":305807,"predicted":false,"t":3,"tick":18211,"type":"hit"}
[client] {"a":4,"dup":false,"ev":"game","ms":306055,"predicted":false,"t":-1,"tick":18226,"type":"respawn"}
[client] {"a":9,"dup":false,"ev":"game","ms":306325,"predicted":false,"t":1,"tick":18242,"type":"hit"}
[client] {"a":3,"dup":false,"ev":"game","ms":306408,"predicted":false,"t":7,"tick":18247,"type":"hit"}
[client] {"a":3,"dup":false,"ev":"game","ms":306857,"predicted":false,"t":7,"tick":18274,"type":"hit"}
[client] {"a":7,"dup":false,"ev":"game","ms":306857,"predicted":false,"t":-1,"tick":18274,"type":"ko"}
[client] {"a":9,"dup":false,"ev":"game","ms":306938,"predicted":false,"t":1,"tick":18279,"type":"hit"}
[client] {"a":8,"dup":false,"ev":"game","ms":307215,"predicted":false,"t":-1,"tick":18296,"type":"respawn"}
[client] {"a":-1,"dup":false,"ev":"game","ms":307270,"predicted":false,"t":-1,"tick":18299,"type":"zone_rotated"}
[client] {"a":9,"dup":false,"ev":"game","ms":307552,"predicted":false,"t":3,"tick":18315,"type":"hit"}
[client] {"a":1,"dup":false,"ev":"game","ms":308071,"predicted":false,"t":9,"tick":18346,"type":"hit"}
[client] {"counts":{"blocks_on_me":0,"conf_actions":191,"confirmed_hits":894,"dup_confirmed":0,"hits_on_me":82,"pred_actions":205,"predicted_confirmed":82,"predicted_hits":194,"reconnects":0},"ev":"stats","hp":230.0,"in_bytes":4132033,"late":0,"local_entity":6,"match":{"countdown_until":300,"ctrl":-1,"final":false,"next":"","phase":3,"rot":3437,"scores":[33,28],"sd":false,"state":1,"tick":18163,"zone":"C"},"max_err":1.846,"mean_err":0.0194,"ms":309953,"out_bytes":904801,"pending":7,"pos":[-0.88,9.62],"reconciles":6141,"server_tick":18464,"snaps":6149,"teleports":8}
[client] {"a":5,"dup":false,"ev":"game","ms":310272,"predicted":false,"t":-1,"tick":18478,"type":"respawn"}
[client] {"counts":{"blocks_on_me":0,"conf_actions":191,"confirmed_hits":894,"dup_confirmed":0,"hits_on_me":82,"pred_actions":205,"predicted_confirmed":82,"predicted_hits":194,"reconnects":0},"ev":"stats","hp":230.0,"in_bytes":4190733,"late":0,"local_entity":6,"match":{"countdown_until":300,"ctrl":1,"final":false,"next":"","phase":3,"rot":3137,"scores":[33,28],"sd":false,"state":2,"tick":18463,"zone":"C"},"max_err":1.846,"mean_err":0.0191,"ms":314956,"out_bytes":919501,"pending":7,"pos":[35.37,2.67],"reconciles":6241,"server_tick":18764,"snaps":6249,"teleports":8}
[client] {"a":0,"dup":false,"ev":"game","ms":315454,"predicted":false,"t":-1,"tick":18789,"type":"respawn"}
[client] {"a":7,"dup":false,"ev":"game","ms":316854,"predicted":false,"t":-1,"tick":18874,"type":"respawn"}
[client] {"a":6,"dup":true,"ev":"game","ms":317759,"predicted":false,"t":4,"tick":18932,"type":"hit"}
[client] {"a":2,"dup":false,"ev":"game","ms":318026,"predicted":false,"t":6,"tick":18944,"type":"hit"}
[client] {"a":6,"dup":true,"ev":"game","ms":318993,"predicted":false,"t":2,"tick":19006,"type":"hit"}
[client] {"a":6,"dup":true,"ev":"game","ms":319027,"predicted":false,"t":4,"tick":19009,"type":"hit"}
[client] {"a":8,"dup":false,"ev":"game","ms":319124,"predicted":false,"t":2,"tick":19010,"type":"hit"}
[client] {"a":8,"dup":false,"ev":"game","ms":319773,"predicted":false,"t":2,"tick":19049,"type":"hit"}
[client] {"counts":{"blocks_on_me":0,"conf_actions":195,"confirmed_hits":900,"dup_confirmed":0,"hits_on_me":83,"pred_actions":209,"predicted_confirmed":85,"predicted_hits":202,"reconnects":0},"ev":"stats","hp":212.0,"in_bytes":4255323,"late":0,"local_entity":6,"match":{"countdown_until":300,"ctrl":-1,"final":false,"next":"","phase":3,"rot":2834,"scores":[33,29],"sd":false,"state":3,"tick":18766,"zone":"C"},"max_err":1.846,"mean_err":0.0192,"ms":319959,"out_bytes":934201,"pending":7,"pos":[41.66,-0.09],"reconciles":6341,"server_tick":19064,"snaps":6350,"teleports":8}
[client] {"a":6,"dup":true,"ev":"game","ms":319960,"predicted":false,"t":4,"tick":19064,"type":"hit"}
[client] {"a":1,"dup":false,"ev":"game","ms":320442,"predicted":false,"t":6,"tick":19089,"type":"hit"}
[client] {"a":3,"dup":false,"ev":"game","ms":320456,"predicted":false,"t":6,"tick":19090,"type":"hit"}
[client] {"a":1,"dup":false,"ev":"game","ms":320724,"predicted":false,"t":8,"tick":19106,"type":"hit"}
[client] {"a":2,"dup":false,"ev":"game","ms":320739,"predicted":false,"t":6,"tick":19107,"type":"hit"}
[client] {"a":5,"dup":false,"ev":"game","ms":321208,"predicted":false,"t":3,"tick":19135,"type":"hit"}
[client] {"a":1,"dup":false,"ev":"game","ms":321242,"predicted":false,"t":6,"tick":19137,"type":"hit"}
[client] {"a":5,"dup":false,"ev":"game","ms":321257,"predicted":false,"t":1,"tick":19138,"type":"hit"}
[client] {"a":2,"dup":false,"ev":"game","ms":321692,"predicted":false,"t":5,"tick":19164,"type":"hit"}
[client] {"a":6,"dup":true,"ev":"game","ms":321913,"predicted":false,"t":1,"tick":19181,"type":"hit"}
[client] {"a":3,"dup":false,"ev":"game","ms":322029,"predicted":false,"t":6,"tick":19184,"type":"hit"}
[client] {"a":2,"dup":false,"ev":"game","ms":322091,"predicted":false,"t":5,"tick":19188,"type":"hit"}
[client] {"a":9,"dup":false,"ev":"game","ms":322194,"predicted":false,"t":4,"tick":19194,"type":"hit"}
[client] {"a":9,"dup":false,"ev":"game","ms":322208,"predicted":false,"t":1,"tick":19195,"type":"hit"}
[client] {"a":2,"dup":false,"ev":"game","ms":322960,"predicted":false,"t":5,"tick":19240,"type":"hit"}
[client] {"a":2,"dup":false,"ev":"game","ms":322994,"predicted":false,"t":8,"tick":19242,"type":"hit"}
[client] {"a":1,"dup":false,"ev":"game","ms":323043,"predicted":false,"t":5,"tick":19245,"type":"hit"}
[client] {"a":9,"dup":false,"ev":"game","ms":323195,"predicted":false,"t":1,"tick":19254,"type":"hit"}
[client] {"a":4,"dup":false,"ev":"game","ms":323484,"predicted":false,"t":9,"tick":19272,"type":"hit"}
[client] {"a":1,"dup":false,"ev":"game","ms":323554,"predicted":false,"t":9,"tick":19276,"type":"hit"}
[client] {"a":3,"dup":false,"ev":"game","ms":323741,"predicted":false,"t":5,"tick":19286,"type":"block"}
[client] {"a":9,"dup":false,"ev":"game","ms":324024,"predicted":false,"t":3,"tick":19303,"type":"hit"}
[client] {"a":8,"dup":false,"ev":"game","ms":324285,"predicted":false,"t":1,"tick":19319,"type":"hit"}
[client] {"a":2,"dup":false,"ev":"game","ms":324320,"predicted":false,"t":9,"tick":19321,"type":"hit"}
[client] {"a":8,"dup":false,"ev":"game","ms":324320,"predicted":false,"t":3,"tick":19321,"type":"hit"}
[client] {"a":6,"dup":false,"ev":"game","ms":324403,"predicted":false,"t":3,"tick":19331,"type":"hit"}
[client] {"a":6,"dup":true,"ev":"game","ms":324706,"predicted":false,"t":1,"tick":19349,"type":"hit"}
[client] {"a":6,"dup":true,"ev":"game","ms":324754,"predicted":false,"t":4,"tick":19352,"type":"hit"}
[client] {"a":1,"dup":false,"ev":"game","ms":324789,"predicted":false,"t":-1,"tick":19349,"type":"ko"}
[client] {"a":8,"dup":false,"ev":"game","ms":324920,"predicted":false,"t":2,"tick":19357,"type":"hit"}
[client] {"a":9,"dup":false,"ev":"game","ms":324941,"predicted":false,"t":2,"tick":19358,"type":"hit"}
[client] {"counts":{"blocks_on_me":0,"conf_actions":201,"confirmed_hits":929,"dup_confirmed":0,"hits_on_me":88,"pred_actions":215,"predicted_confirmed":89,"predicted_hits":218,"reconnects":0},"ev":"stats","hp":82.0,"in_bytes":4333746,"late":0,"local_entity":6,"match":{"countdown_until":300,"ctrl":-1,"final":false,"next":"","phase":3,"rot":2537,"scores":[33,29],"sd":false,"state":3,"tick":19063,"zone":"C"},"max_err":1.846,"mean_err":0.0196,"ms":324953,"out_bytes":948901,"pending":7,"pos":[43.39,0.61],"reconciles":6441,"server_tick":19364,"snaps":6449,"teleports":8}
[client] {"a":6,"dup":true,"ev":"game","ms":324968,"predicted":false,"t":3,"tick":19365,"type":"hit"}
[client] {"a":6,"dup":true,"ev":"game","ms":325003,"predicted":false,"t":4,"tick":19367,"type":"hit"}
[client] {"a":0,"dup":false,"ev":"game","ms":325320,"predicted":false,"t":9,"tick":19381,"type":"hit"}
[client] {"a":0,"dup":false,"ev":"game","ms":325389,"predicted":false,"t":8,"tick":19385,"type":"hit"}
[client] {"a":6,"dup":true,"ev":"game","ms":325506,"predicted":false,"t":3,"tick":19397,"type":"hit"}
[client] {"a":5,"dup":false,"ev":"game","ms":325521,"predicted":false,"t":4,"tick":19393,"type":"hit"}
[client] {"a":2,"dup":false,"ev":"game","ms":325826,"predicted":false,"t":8,"tick":19411,"type":"hit"}
[client] {"a":3,"dup":false,"ev":"game","ms":325907,"predicted":false,"t":9,"tick":19416,"type":"hit"}
[client] {"a":6,"dup":true,"ev":"game","ms":325908,"predicted":false,"t":3,"tick":19421,"type":"hit"}
[client] {"a":4,"dup":false,"ev":"game","ms":326224,"predicted":false,"t":9,"tick":19435,"type":"hit"}
[client] {"a":0,"dup":false,"ev":"game","ms":326272,"predicted":false,"t":5,"tick":19438,"type":"hit"}
[client] {"a":4,"dup":false,"ev":"game","ms":326286,"predicted":false,"t":6,"tick":19439,"type":"hit"}
[client] {"a":3,"dup":false,"ev":"game","ms":326626,"predicted":false,"t":5,"tick":19459,"type":"hit"}
[client] {"a":0,"dup":false,"ev":"game","ms":326686,"predicted":false,"t":5,"tick":19463,"type":"hit"}
[client] {"a":4,"dup":false,"ev":"game","ms":327169,"predicted":false,"t":5,"tick":19492,"type":"hit"}
[client] {"a":3,"dup":false,"ev":"game","ms":327321,"predicted":false,"t":5,"tick":19501,"type":"hit"}
[client] {"a":2,"dup":false,"ev":"game","ms":327343,"predicted":false,"t":8,"tick":19502,"type":"hit"}
[client] {"a":6,"dup":true,"ev":"game","ms":327521,"predicted":false,"t":4,"tick":19519,"type":"hit"}
[client] {"a":6,"dup":true,"ev":"game","ms":327591,"predicted":false,"t":3,"tick":19523,"type":"hit"}
[client] {"a":7,"dup":false,"ev":"game","ms":327791,"predicted":false,"t":0,"tick":19530,"type":"hit"}
[client] {"a":7,"dup":false,"ev":"game","ms":327791,"predicted":false,"t":4,"tick":19530,"type":"hit"}
[client] {"a":6,"dup":true,"ev":"game","ms":328108,"predicted":false,"t":2,"tick":19554,"type":"hit"}
[client] {"a":7,"dup":false,"ev":"game","ms":328122,"predicted":false,"t":0,"tick":19550,"type":"hit"}
[client] {"a":0,"dup":false,"ev":"game","ms":328487,"predicted":false,"t":7,"tick":19572,"type":"hit"}
[client] {"a":4,"dup":false,"ev":"game","ms":328543,"predicted":false,"t":7,"tick":19575,"type":"hit"}
[client] {"a":2,"dup":false,"ev":"game","ms":328604,"predicted":false,"t":6,"tick":19579,"type":"hit"}
[client] {"a":4,"dup":false,"ev":"game","ms":328604,"predicted":false,"t":5,"tick":19579,"type":"hit"}
[client] {"a":8,"dup":false,"ev":"game","ms":328604,"predicted":false,"t":2,"tick":19579,"type":"hit"}
[client] {"a":8,"dup":false,"ev":"game","ms":328943,"predicted":false,"t":2,"tick":19599,"type":"hit"}
[client] {"a":8,"dup":false,"ev":"game","ms":329274,"predicted":false,"t":2,"tick":19619,"type":"hit"}
[client] {"a":2,"dup":false,"ev":"game","ms":329274,"predicted":false,"t":-1,"tick":19619,"type":"ko"}
[client] {"a":4,"dup":false,"ev":"game","ms":329757,"predicted":false,"t":5,"tick":19648,"type":"hit"}
[client] {"a":0,"dup":false,"ev":"game","ms":329770,"predicted":false,"t":5,"tick":19649,"type":"hit"}
[client] {"a":5,"dup":false,"ev":"game","ms":329770,"predicted":false,"t":-1,"tick":19649,"type":"ko"}
[client] {"a":8,"dup":false,"ev":"game","ms":329910,"predicted":false,"t":4,"tick":19657,"type":"hit"}
[client] {"counts":{"blocks_on_me":0,"conf_actions":208,"confirmed_hits":962,"dup_confirmed":0,"hits_on_me":90,"pred_actions":222,"predicted_confirmed":96,"predicted_hits":229,"reconnects":0},"ev":"stats","hp":26.0,"in_bytes":4412277,"late":0,"local_entity":6,"match":{"countdown_until":300,"ctrl":-1,"final":false,"next":"","phase":3,"rot":2234,"scores":[33,29],"sd":false,"state":3,"tick":19366,"zone":"C"},"max_err":1.846,"mean_err":0.0199,"ms":329956,"out_bytes":963601,"pending":7,"pos":[42.73,-3.98],"reconciles":6541,"server_tick":19664,"snaps":6550,"teleports":8}
[client] {"a":3,"dup":false,"ev":"game","ms":330006,"predicted":false,"t":7,"tick":19663,"type":"hit"}
[client] {"a":3,"dup":false,"ev":"game","ms":330040,"predicted":false,"t":9,"tick":19665,"type":"hit"}
[client] {"a":0,"dup":false,"ev":"game","ms":330710,"predicted":false,"t":7,"tick":19704,"type":"hit"}
[client] {"a":0,"dup":false,"ev":"game","ms":330710,"predicted":false,"t":9,"tick":19705,"type":"hit"}
[client] {"a":3,"dup":false,"ev":"game","ms":330710,"predicted":false,"t":8,"tick":19705,"type":"hit"}
[client] {"a":6,"dup":true,"ev":"game","ms":330710,"predicted":false,"t":3,"tick":19709,"type":"hit"}
[client] {"a":4,"dup":false,"ev":"game","ms":330889,"predicted":false,"t":8,"tick":19716,"type":"hit"}
[client] {"a":6,"dup":true,"ev":"game","ms":331074,"predicted":false,"t":3,"tick":19732,"type":"hit"}
[client] {"a":0,"dup":false,"ev":"game","ms":331606,"predicted":false,"t":8,"tick":19759,"type":"hit"}
[client] {"a":7,"dup":false,"ev":"game","ms":331606,"predicted":false,"t":0,"tick":19759,"type":"hit"}
[client] {"a":8,"dup":false,"ev":"game","ms":331606,"predicted":false,"t":-1,"tick":19759,"type":"ko"}
[client] {"a":6,"dup":true,"ev":"game","ms":331959,"predicted":false,"t":0,"tick":19785,"type":"hit"}
[client] {"a":6,"dup":false,"ev":"game","ms":332027,"predicted":false,"t":4,"tick":19788,"type":"hit"}
[client] {"a":4,"dup":false,"ev":"game","ms":332089,"predicted":false,"t":-1,"tick":19788,"type":"ko"}
[client] {"a":7,"dup":false,"ev":"game","ms":332592,"predicted":false,"t":3,"tick":19818,"type":"hit"}
[client] {"a":3,"dup":false,"ev":"game","ms":332592,"predicted":false,"t":-1,"tick":19818,"type":"ko"}
[client] {"a":0,"dup":false,"ev":"game","ms":333607,"predicted":false,"t":7,"tick":19879,"type":"hit"}
[client] {"a":0,"dup":false,"ev":"game","ms":333629,"predicted":false,"t":9,"tick":19880,"type":"hit"}
[client] {"a":6,"dup":true,"ev":"game","ms":334174,"predicted":false,"t":0,"tick":19918,"type":"hit"}
[client] {"a":9,"dup":false,"ev":"game","ms":334724,"predicted":false,"t":0,"tick":19946,"type":"hit"}
[client] {"a":1,"dup":false,"ev":"game","ms":334775,"predicted":false,"t":-1,"tick":19949,"type":"respawn"}
[client] {"a":6,"dup":true,"ev":"game","ms":334890,"predicted":false,"t":0,"tick":19961,"type":"hit"}
[client] {"counts":{"blocks_on_me":0,"conf_actions":218,"confirmed_hits":980,"dup_confirmed":0,"hits_on_me":90,"pred_actions":232,"predicted_confirmed":101,"predicted_hits":237,"reconnects":0},"ev":"stats","hp":26.0,"in_bytes":4480088,"late":0,"local_entity":6,"match":{"countdown_until":300,"ctrl":-1,"final":false,"next":"","phase":3,"rot":1934,"scores":[33,29],"sd":false,"state":3,"tick":19666,"zone":"C"},"max_err":1.846,"mean_err":0.0204,"ms":334958,"out_bytes":978301,"pending":7,"pos":[40.4,0.62],"reconciles":6641,"server_tick":19964,"snaps":6650,"teleports":8}
[client] {"a":7,"dup":false,"ev":"game","ms":334994,"predicted":false,"t":0,"tick":19962,"type":"hit"}
[client] {"a":9,"dup":false,"ev":"game","ms":335063,"predicted":false,"t":0,"tick":19966,"type":"hit"}
[client] {"a":0,"dup":false,"ev":"game","ms":335974,"predicted":false,"t":7,"tick":20021,"type":"hit"}
[client] {"a":9,"dup":false,"ev":"game","ms":336429,"predicted":false,"t":0,"tick":20048,"type":"hit"}
[client] {"a":0,"dup":false,"ev":"game","ms":336429,"predicted":false,"t":-1,"tick":20048,"type":"ko"}
[client] {"a":2,"dup":false,"ev":"game","ms":339272,"predicted":false,"t":-1,"tick":20219,"type":"respawn"}
[client] {"a":5,"dup":false,"ev":"game","ms":339776,"predicted":false,"t":-1,"tick":20249,"type":"respawn"}
[client] {"counts":{"blocks_on_me":0,"conf_actions":221,"confirmed_hits":984,"dup_confirmed":0,"hits_on_me":90,"pred_actions":235,"predicted_confirmed":101,"predicted_hits":239,"reconnects":0},"ev":"stats","hp":26.0,"in_bytes":4532527,"late":0,"local_entity":6,"match":{"countdown_until":300,"ctrl":1,"final":false,"next":"","phase":3,"rot":1634,"scores":[33,32],"sd":false,"state":2,"tick":19966,"zone":"C"},"max_err":1.846,"mean_err":0.0201,"ms":339954,"out_bytes":993001,"pending":7,"pos":[41.55,-0.09],"reconciles":6741,"server_tick":20264,"snaps":6750,"teleports":8}
[client] {"a":8,"dup":false,"ev":"game","ms":341604,"predicted":false,"t":-1,"tick":20359,"type":"respawn"}
[client] {"a":4,"dup":false,"ev":"game","ms":342087,"predicted":false,"t":-1,"tick":20388,"type":"respawn"}
[client] {"a":3,"dup":false,"ev":"game","ms":342590,"predicted":false,"t":-1,"tick":20418,"type":"respawn"}
[client] {"counts":{"blocks_on_me":0,"conf_actions":221,"confirmed_hits":984,"dup_confirmed":0,"hits_on_me":90,"pred_actions":235,"predicted_confirmed":101,"predicted_hits":239,"reconnects":0},"ev":"stats","hp":71.2999999999996,"in_bytes":4588105,"late":0,"local_entity":6,"match":{"countdown_until":300,"ctrl":-1,"final":false,"next":"","phase":3,"rot":1334,"scores":[33,36],"sd":false,"state":3,"tick":20266,"zone":"C"},"max_err":1.846,"mean_err":0.0199,"ms":344957,"out_bytes":1007701,"pending":7,"pos":[41.2,-0.36],"reconciles":6841,"server_tick":20564,"snaps":6850,"teleports":8}
[client] {"a":0,"dup":false,"ev":"game","ms":346428,"predicted":false,"t":-1,"tick":20648,"type":"respawn"}
[client] {"a":1,"dup":false,"ev":"game","ms":346689,"predicted":false,"t":9,"tick":20664,"type":"hit"}
[client] {"a":6,"dup":true,"ev":"game","ms":347303,"predicted":false,"t":1,"tick":20705,"type":"hit"}
[client] {"a":1,"dup":false,"ev":"game","ms":347386,"predicted":false,"t":7,"tick":20705,"type":"hit"}
[client] {"a":6,"dup":true,"ev":"game","ms":347519,"predicted":false,"t":1,"tick":20718,"type":"hit"}
[client] {"a":1,"dup":false,"ev":"game","ms":348588,"predicted":false,"t":9,"tick":20777,"type":"hit"}
[client] {"a":9,"dup":false,"ev":"game","ms":348588,"predicted":false,"t":-1,"tick":20777,"type":"ko"}
[client] {"a":1,"dup":false,"ev":"game","ms":348600,"predicted":false,"t":6,"tick":20778,"type":"hit"}
[client] {"a":1,"dup":false,"ev":"game","ms":349188,"predicted":false,"t":7,"tick":20813,"type":"hit"}
[client] {"a":1,"dup":false,"ev":"game","ms":349423,"predicted":false,"t":7,"tick":20827,"type":"hit"}
[client] {"a":1,"dup":false,"ev":"game","ms":349457,"predicted":false,"t":6,"tick":20829,"type":"hit"}
[client] {"a":6,"dup":false,"ev":"game","ms":349872,"predicted":false,"t":-1,"tick":20859,"type":"ko"}
[client] {"counts":{"blocks_on_me":0,"conf_actions":228,"confirmed_hits":993,"dup_confirmed":0,"hits_on_me":92,"pred_actions":242,"predicted_confirmed":103,"predicted_hits":243,"reconnects":0},"ev":"stats","hp":0.0,"in_bytes":4653811,"late":0,"local_entity":6,"match":{"countdown_until":300,"ctrl":-1,"final":false,"next":"","phase":3,"rot":1037,"scores":[33,36],"sd":false,"state":3,"tick":20563,"zone":"C"},"max_err":1.846,"mean_err":0.0201,"ms":349953,"out_bytes":1022401,"pending":7,"pos":[40.59,-0.8],"reconciles":6939,"server_tick":20864,"snaps":6947,"teleports":8}
[client] {"a":2,"dup":false,"ev":"game","ms":349954,"predicted":false,"t":6,"tick":20859,"type":"hit"}
[client] {"a":2,"dup":false,"ev":"game","ms":350001,"predicted":false,"t":7,"tick":20862,"type":"hit"}
[client] {"a":2,"dup":false,"ev":"game","ms":350319,"predicted":false,"t":7,"tick":20881,"type":"hit"}
[client] {"a":2,"dup":false,"ev":"game","ms":350624,"predicted":false,"t":7,"tick":20899,"type":"hit"}
[client] {"a":7,"dup":false,"ev":"game","ms":350624,"predicted":false,"t":-1,"tick":20899,"type":"ko"}
[client] {"a":2,"dup":false,"ev":"game","ms":351260,"predicted":false,"t":5,"tick":20937,"type":"hit"}
[client] {"a":1,"dup":false,"ev":"game","ms":352754,"predicted":false,"t":5,"tick":21028,"type":"hit"}
[client] {"a":1,"dup":false,"ev":"game","ms":352789,"predicted":false,"t":8,"tick":21030,"type":"hit"}
[client] {"a":1,"dup":false,"ev":"game","ms":354120,"predicted":false,"t":8,"tick":21110,"type":"hit"}
[client] {"a":5,"dup":false,"ev":"game","ms":354121,"predicted":false,"t":1,"tick":21110,"type":"hit"}
[client] {"a":4,"dup":false,"ev":"game","ms":354493,"predicted":false,"t":8,"tick":21132,"type":"hit"}
[client] {"a":8,"dup":false,"ev":"game","ms":354872,"predicted":false,"t":4,"tick":21155,"type":"hit"}
[client] {"counts":{"blocks_on_me":0,"conf_actions":228,"confirmed_hits":1004,"dup_confirmed":0,"hits_on_me":93,"pred_actions":242,"predicted_confirmed":103,"predicted_hits":243,"reconnects":0},"ev":"stats","hp":0.0,"in_bytes":4720151,"late":0,"local_entity":6,"match":{"countdown_until":300,"ctrl":-1,"final":false,"next":"B","phase":3,"rot":737,"scores":[33,36],"sd":false,"state":3,"tick":20863,"zone":"C"},"max_err":1.846,"mean_err":0.0198,"ms":354955,"out_bytes":1037101,"pending":7,"pos":[40.59,-0.8],"reconciles":7039,"server_tick":21164,"snaps":7047,"teleports":8}
[client] {"a":8,"dup":false,"ev":"game","ms":355273,"predicted":false,"t":4,"tick":21179,"type":"hit"}
[client] {"a":1,"dup":false,"ev":"game","ms":355321,"predicted":false,"t":8,"tick":21182,"type":"hit"}
[client] {"a":2,"dup":false,"ev":"game","ms":355790,"predicted":false,"t":5,"tick":21210,"type":"block"}
[client] {"a":4,"dup":false,"ev":"game","ms":355942,"predicted":false,"t":5,"tick":21219,"type":"block"}
[client] {"a":2,"dup":false,"ev":"game","ms":356073,"predicted":false,"t":5,"tick":21227,"type":"block"}
[client] {"a":1,"dup":false,"ev":"game","ms":356177,"predicted":false,"t":5,"tick":21233,"type":"block"}
[client] {"a":4,"dup":false,"ev":"game","ms":356239,"predicted":false,"t":5,"tick":21237,"type":"block"}
[client] {"a":2,"dup":false,"ev":"game","ms":356390,"predicted":false,"t":5,"tick":21246,"type":"block"}
[client] {"a":1,"dup":false,"ev":"game","ms":356411,"predicted":false,"t":5,"tick":21247,"type":"block"}
[client] {"a":4,"dup":false,"ev":"game","ms":356558,"predicted":false,"t":5,"tick":21256,"type":"block"}
[client] {"a":4,"dup":false,"ev":"game","ms":356590,"predicted":false,"t":8,"tick":21258,"type":"hit"}
[client] {"a":3,"dup":false,"ev":"game","ms":356611,"predicted":false,"t":5,"tick":21259,"type":"block"}
[client] {"a":1,"dup":false,"ev":"game","ms":356922,"predicted":false,"t":5,"tick":21278,"type":"block"}
[client] {"a":1,"dup":false,"ev":"game","ms":357260,"predicted":false,"t":5,"tick":21298,"type":"guard_break"}
[client] {"a":2,"dup":false,"ev":"game","ms":357322,"predicted":false,"t":5,"tick":21302,"type":"hit"}
[client] {"a":1,"dup":false,"ev":"game","ms":357625,"predicted":false,"t":5,"tick":21320,"type":"hit"}
[client] {"a":8,"dup":false,"ev":"game","ms":357626,"predicted":false,"t":2,"tick":21320,"type":"hit"}
[client] {"a":3,"dup":false,"ev":"game","ms":357723,"predicted":false,"t":5,"tick":21326,"type":"hit"}
[client] {"a":8,"dup":false,"ev":"game","ms":358191,"predicted":false,"t":4,"tick":21354,"type":"hit"}
[client] {"a":4,"dup":false,"ev":"game","ms":358571,"predicted":false,"t":8,"tick":21377,"type":"hit"}
[client] {"a":9,"dup":false,"ev":"game","ms":358571,"predicted":false,"t":-1,"tick":21377,"type":"respawn"}
[client] {"a":1,"dup":false,"ev":"game","ms":359208,"predicted":false,"t":8,"tick":21414,"type":"hit"}
[client] {"a":1,"dup":false,"ev":"game","ms":359233,"predicted":false,"t":5,"tick":21416,"type":"hit"}
[client] {"a":6,"dup":false,"ev":"game","ms":359871,"predicted":false,"t":-1,"tick":21459,"type":"respawn"}
[client] {"counts":{"blocks_on_me":0,"conf_actions":229,"confirmed_hits":1015,"dup_confirmed":0,"hits_on_me":93,"pred_actions":242,"predicted_confirmed":103,"predicted_hits":243,"reconnects":0},"ev":"stats","hp":230.0,"in_bytes":4791087,"late":0,"local_entity":6,"match":{"countdown_until":300,"ctrl":-1,"final":false,"next":"B","phase":3,"rot":437,"scores":[33,36],"sd":false,"state":3,"tick":21163,"zone":"C"},"max_err":1.846,"mean_err":0.0196,"ms":359950,"out_bytes":1051801,"pending":7,"pos":[-5.94,47.92],"reconciles":7138,"server_tick":21464,"snaps":7147,"teleports":9}
[client] {"a":7,"dup":false,"ev":"game","ms":360620,"predicted":false,"t":-1,"tick":21499,"type":"respawn"}
[client] {"a":5,"dup":false,"ev":"game","ms":361186,"predicted":false,"t":4,"tick":21533,"type":"hit"}
[client] {"a":8,"dup":false,"ev":"game","ms":361234,"predicted":false,"t":0,"tick":21536,"type":"hit"}
[client] {"a":5,"dup":false,"ev":"game","ms":361256,"predicted":false,"t":2,"tick":21537,"type":"hit"}
[client] {"a":3,"dup":false,"ev":"game","ms":361704,"predicted":false,"t":8,"tick":21564,"type":"hit"}
[client] {"a":1,"dup":false,"ev":"game","ms":362153,"predicted":false,"t":5,"tick":21591,"type":"hit"}
[client] {"a":1,"dup":false,"ev":"game","ms":362753,"predicted":false,"t":5,"tick":21627,"type":"hit"}
[client] {"a":8,"dup":false,"ev":"game","ms":362775,"predicted":false,"t":0,"tick":21628,"type":"hit"}
[client] {"a":8,"dup":false,"ev":"game","ms":362787,"predicted":false,"t":2,"tick":21629,"type":"hit"}
[client] {"a":8,"dup":false,"ev":"game","ms":363091,"predicted":false,"t":2,"tick":21647,"type":"hit"}
[client] {"a":0,"dup":false,"ev":"game","ms":363154,"predicted":false,"t":8,"tick":21651,"type":"hit"}
[client] {"a":8,"dup":false,"ev":"game","ms":363154,"predicted":false,"t":-1,"tick":21651,"type":"ko"}
[client] {"a":3,"dup":false,"ev":"game","ms":363435,"predicted":false,"t":5,"tick":21668,"type":"hit"}
[client] {"a":1,"dup":false,"ev":"game","ms":363574,"predicted":false,"t":5,"tick":21676,"type":"hit"}
[client] {"a":5,"dup":false,"ev":"game","ms":363574,"predicted":false,"t":-1,"tick":21676,"type":"ko"}
[client] {"counts":{"blocks_on_me":0,"conf_actions":229,"confirmed_hits":1027,"dup_confirmed":0,"hits_on_me":93,"pred_actions":242,"predicted_confirmed":103,"predicted_hits":243,"reconnects":0},"ev":"stats","hp":230.0,"in_bytes":4857018,"late":0,"local_entity":6,"match":{"countdown_until":300,"ctrl":0,"final":false,"next":"B","phase":3,"rot":137,"scores":[34,36],"sd":false,"state":2,"tick":21463,"zone":"C"},"max_err":1.846,"mean_err":0.0193,"ms":364953,"out_bytes":1066501,"pending":7,"pos":[7.85,18.46],"reconciles":7238,"server_tick":21764,"snaps":7247,"teleports":9}
[client] {"a":-1,"dup":false,"ev":"game","ms":367293,"predicted":false,"t":-1,"tick":21899,"type":"zone_rotated"}
[client] {"counts":{"blocks_on_me":0,"conf_actions":229,"confirmed_hits":1027,"dup_confirmed":0,"hits_on_me":93,"pred_actions":242,"predicted_confirmed":103,"predicted_hits":243,"reconnects":0},"ev":"stats","hp":230.0,"in_bytes":4916555,"late":0,"local_entity":6,"match":{"countdown_until":300,"ctrl":-1,"final":false,"next":"","phase":3,"rot":3437,"scores":[36,36],"sd":false,"state":1,"tick":21763,"zone":"B"},"max_err":1.846,"mean_err":0.019,"ms":369948,"out_bytes":1081201,"pending":7,"pos":[9.6,2.95],"reconciles":7338,"server_tick":22064,"snaps":7347,"teleports":9}
[client] {"a":8,"dup":false,"ev":"game","ms":373151,"predicted":false,"t":-1,"tick":22251,"type":"respawn"}
[client] {"a":9,"dup":false,"ev":"game","ms":373173,"predicted":false,"t":1,"tick":22252,"type":"hit"}
[client] {"a":3,"dup":false,"ev":"game","ms":373337,"predicted":false,"t":9,"tick":22262,"type":"hit"}
[client] {"a":5,"dup":false,"ev":"game","ms":373572,"predicted":false,"t":-1,"tick":22276,"type":"respawn"}
[client] {"a":3,"dup":false,"ev":"game","ms":373641,"predicted":false,"t":9,"tick":22280,"type":"hit"}
[client] {"a":6,"dup":true,"ev":"game","ms":373703,"predicted":false,"t":1,"tick":22289,"type":"hit"}
[client] {"a":3,"dup":false,"ev":"game","ms":373937,"predicted":false,"t":9,"tick":22298,"type":"hit"}
[client] {"a":7,"dup":false,"ev":"game","ms":373972,"predicted":false,"t":1,"tick":22300,"type":"hit"}
[client] {"a":7,"dup":false,"ev":"game","ms":373972,"predicted":false,"t":3,"tick":22300,"type":"hit"}
[client] {"a":7,"dup":false,"ev":"game","ms":374006,"predicted":false,"t":2,"tick":22302,"type":"hit"}
[client] {"a":3,"dup":false,"ev":"game","ms":374456,"predicted":false,"t":7,"tick":22329,"type":"hit"}
[client] {"a":7,"dup":false,"ev":"game","ms":374890,"predicted":false,"t":4,"tick":22355,"type":"hit"}
[client] {"a":6,"dup":true,"ev":"game","ms":374890,"predicted":false,"t":3,"tick":22361,"type":"hit"}
[client] {"counts":{"blocks_on_me":0,"conf_actions":234,"confirmed_hits":1038,"dup_confirmed":0,"hits_on_me":93,"pred_actions":247,"predicted_confirmed":105,"predicted_hits":247,"reconnects":0},"ev":"stats","hp":230.0,"in_bytes":4986699,"late":0,"local_entity":6,"match":{"countdown_until":300,"ctrl":-1,"final":false,"next":"","phase":3,"rot":3137,"scores":[36,37],"sd":false,"state":3,"tick":22063,"zone":"B"},"max_err":1.846,"mean_err":0.0189,"ms":374958,"out_bytes":1095901,"pending":7,"pos":[0.77,-2.69],"reconciles":7438,"server_tick":22364,"snaps":7447,"teleports":9}
[client] {"a":7,"dup":false,"ev":"game","ms":375187,"predicted":false,"t":4,"tick":22373,"type":"hit"}
[client] {"a":2,"dup":false,"ev":"game","ms":375574,"predicted":false,"t":6,"tick":22396,"type":"hit"}
[client] {"a":4,"dup":false,"ev":"game","ms":375587,"predicted":false,"t":7,"tick":22397,"type":"hit"}
[client] {"a":2,"dup":false,"ev":"game","ms":375870,"predicted":false,"t":6,"tick":22414,"type":"hit"}
[client] {"a":9,"dup":false,"ev":"game","ms":375938,"predicted":false,"t":4,"tick":22418,"type":"hit"}
[client] {"a":2,"dup":false,"ev":"game","ms":376187,"predicted":false,"t":6,"tick":22433,"type":"hit"}
[client] {"a":2,"dup":false,"ev":"game","ms":376208,"predicted":false,"t":9,"tick":22434,"type":"hit"}
[client] {"a":7,"dup":false,"ev":"game","ms":376587,"predicted":false,"t":2,"tick":22457,"type":"hit"}
[client] {"a":4,"dup":false,"ev":"game","ms":376621,"predicted":false,"t":7,"tick":22459,"type":"hit"}
[client] {"a":4,"dup":false,"ev":"game","ms":376656,"predicted":false,"t":9,"tick":22461,"type":"hit"}
[client] {"a":6,"dup":true,"ev":"game","ms":377022,"predicted":false,"t":4,"tick":22489,"type":"hit"}
[client] {"a":3,"dup":false,"ev":"game","ms":377243,"predicted":false,"t":6,"tick":22497,"type":"hit"}
[client] {"a":2,"dup":false,"ev":"game","ms":377445,"predicted":false,"t":7,"tick":22509,"type":"hit"}
[client] {"a":2,"dup":false,"ev":"game","ms":377470,"predicted":false,"t":9,"tick":22511,"type":"hit"}
[client] {"a":6,"dup":false,"ev":"game","ms":378057,"predicted":false,"t":3,"tick":22551,"type":"block"}
[client] {"a":6,"dup":true,"ev":"game","ms":378091,"predicted":false,"t":0,"tick":22553,"type":"hit"}
[client] {"a":6,"dup":true,"ev":"game","ms":378127,"predicted":false,"t":2,"tick":22554,"type":"hit"}
[client] {"a":9,"dup":false,"ev":"game","ms":378361,"predicted":false,"t":3,"tick":22564,"type":"hit"}
[client] {"a":7,"dup":false,"ev":"game","ms":378491,"predicted":false,"t":3,"tick":22572,"type":"hit"}
[client] {"a":0,"dup":false,"ev":"game","ms":378528,"predicted":false,"t":7,"tick":22574,"type":"hit"}
[client] {"a":0,"dup":false,"ev":"game","ms":378528,"predicted":false,"t":9,"tick":22574,"type":"hit"}
[client] {"a":6,"dup":true,"ev":"game","ms":378528,"predicted":false,"t":3,"tick":22578,"type":"hit"}
[client] {"a":6,"dup":true,"ev":"game","ms":378560,"predicted":false,"t":2,"tick":22581,"type":"hit"}
[client] {"a":2,"dup":false,"ev":"game","ms":378588,"predicted":false,"t":7,"tick":22578,"type":"hit"}
[client] {"a":0,"dup":false,"ev":"game","ms":378844,"predicted":false,"t":7,"tick":22593,"type":"hit"}
[client] {"a":0,"dup":false,"ev":"game","ms":378871,"predicted":false,"t":9,"tick":22595,"type":"hit"}
[client] {"a":0,"dup":false,"ev":"game","ms":379161,"predicted":false,"t":6,"tick":22612,"type":"hit"}
[client] {"a":0,"dup":false,"ev":"game","ms":379161,"predicted":false,"t":7,"tick":22612,"type":"hit"}
[client] {"a":3,"dup":false,"ev":"game","ms":379210,"predicted":false,"t":6,"tick":22615,"type":"hit"}
[client] {"a":3,"dup":false,"ev":"game","ms":379246,"predicted":false,"t":7,"tick":22617,"type":"hit"}
[client] {"a":7,"dup":false,"ev":"game","ms":379246,"predicted":false,"t":-1,"tick":22617,"type":"ko"}
[client] {"a":9,"dup":false,"ev":"game","ms":379492,"predicted":false,"t":0,"tick":22632,"type":"hit"}
[client] {"a":9,"dup":false,"ev":"game","ms":379505,"predicted":false,"t":3,"tick":22633,"type":"hit"}
[client] {"a":9,"dup":false,"ev":"game","ms":379561,"predicted":false,"t":4,"tick":22636,"type":"hit"}
[client] {"a":2,"dup":false,"ev":"game","ms":379940,"predicted":false,"t":9,"tick":22659,"type":"hit"}
[client] {"counts":{"blocks_on_me":0,"conf_actions":243,"confirmed_hits":1071,"dup_confirmed":0,"hits_on_me":99,"pred_actions":256,"predicted_confirmed":110,"predicted_hits":259,"reconnects":0},"ev":"stats","hp":82.0,"in_bytes":5065203,"late":0,"local_entity":6,"match":{"countdown_until":300,"ctrl":-1,"final":false,"next":"","phase":3,"rot":2834,"scores":[36,37],"sd":false,"state":3,"tick":22366,"zone":"B"},"max_err":1.846,"mean_err":0.0197,"ms":379960,"out_bytes":1110601,"pending":7,"pos":[-2.06,-2.43],"reconciles":7538,"server_tick":22664,"snaps":7548,"teleports":9}
[client] {"a":2,"dup":false,"ev":"game","ms":380259,"predicted":false,"t":9,"tick":22678,"type":"hit"}
[client] {"a":6,"dup":true,"ev":"game","ms":380327,"predicted":false,"t":2,"tick":22686,"type":"hit"}
[client] {"a":0,"dup":false,"ev":"game","ms":380492,"predicted":false,"t":6,"tick":22692,"type":"hit"}
[client] {"a":0,"dup":false,"ev":"game","ms":381044,"predicted":false,"t":9,"tick":22725,"type":"hit"}
[client] {"a":8,"dup":false,"ev":"game","ms":381279,"predicted":false,"t":3,"tick":22739,"type":"hit"}
[client] {"a":0,"dup":false,"ev":"game","ms":381362,"predicted":false,"t":9,"tick":22744,"type":"hit"}
[client] {"a":6,"dup":true,"ev":"game","ms":381611,"predicted":false,"t":0,"tick":22764,"type":"hit"}
[client] {"a":6,"dup":true,"ev":"game","ms":381624,"predicted":false,"t":2,"tick":22765,"type":"hit"}
[client] {"a":9,"dup":false,"ev":"game","ms":381859,"predicted":false,"t":1,"tick":22774,"type":"hit"}
[client] {"a":4,"dup":false,"ev":"game","ms":382059,"predicted":false,"t":8,"tick":22786,"type":"hit"}
[client] {"a":4,"dup":false,"ev":"game","ms":382107,"predicted":false,"t":6,"tick":22789,"type":"hit"}
[client] {"a":1,"dup":false,"ev":"game","ms":382225,"predicted":false,"t":9,"tick":22796,"type":"hit"}
[client] {"a":9,"dup":false,"ev":"game","ms":382225,"predicted":false,"t":-1,"tick":22796,"type":"ko"}
[client] {"a":8,"dup":false,"ev":"game","ms":382417,"predicted":false,"t":4,"tick":22808,"type":"hit"}
[client] {"a":8,"dup":false,"ev":"game","ms":382474,"predicted":false,"t":3,"tick":22811,"type":"hit"}
[client] {"a":5,"dup":false,"ev":"game","ms":382700,"predicted":false,"t":4,"tick":22825,"type":"hit"}
[client] {"a":6,"dup":true,"ev":"game","ms":382722,"predicted":false,"t":1,"tick":22830,"type":"hit"}
[client] {"a":8,"dup":false,"ev":"game","ms":382735,"predicted":false,"t":4,"tick":22827,"type":"hit"}
[client] {"a":8,"dup":false,"ev":"game","ms":383052,"predicted":false,"t":4,"tick":22846,"type":"hit"}
[client] {"a":3,"dup":false,"ev":"game","ms":383087,"predicted":false,"t":8,"tick":22848,"type":"hit"}
[client] {"a":6,"dup":true,"ev":"game","ms":383923,"predicted":false,"t":3,"tick":22903,"type":"hit"}
[client] {"a":8,"dup":false,"ev":"game","ms":384206,"predicted":false,"t":3,"tick":22915,"type":"hit"}
[client] {"a":5,"dup":false,"ev":"game","ms":384222,"predicted":false,"t":2,"tick":22916,"type":"hit"}
[client] {"a":5,"dup":false,"ev":"game","ms":384222,"predicted":false,"t":3,"tick":22916,"type":"hit"}
[client] {"a":6,"dup":true,"ev":"game","ms":384288,"predicted":false,"t":2,"tick":22925,"type":"hit"}
[client] {"a":6,"dup":true,"ev":"game","ms":384288,"predicted":false,"t":3,"tick":22925,"type":"hit"}
[client] {"a":3,"dup":false,"ev":"game","ms":384370,"predicted":false,"t":-1,"tick":22925,"type":"ko"}
[client] {"a":4,"dup":false,"ev":"game","ms":384488,"predicted":false,"t":5,"tick":22932,"type":"hit"}
[client] {"a":1,"dup":false,"ev":"game","ms":384502,"predicted":false,"t":6,"tick":22933,"type":"hit"}
[client] {"a":1,"dup":false,"ev":"game","ms":384502,"predicted":false,"t":8,"tick":22933,"type":"hit"}
[client] {"a":6,"dup":false,"ev":"game","ms":384653,"predicted":false,"t":-1,"tick":22947,"type":"ko"}
[client] {"a":2,"dup":false,"ev":"game","ms":384736,"predicted":false,"t":6,"tick":22947,"type":"hit"}
[client] {"a":2,"dup":false,"ev":"game","ms":384771,"predicted":false,"t":5,"tick":22949,"type":"hit"}
[client] {"counts":{"blocks_on_me":0,"conf_actions":248,"confirmed_hits":1101,"dup_confirmed":0,"hits_on_me":103,"pred_actions":261,"predicted_confirmed":117,"predicted_hits":272,"reconnects":0},"ev":"stats","hp":0.0,"in_bytes":5145035,"late":0,"local_entity":6,"match":{"countdown_until":300,"ctrl":-1,"final":false,"next":"","phase":3,"rot":2534,"scores":[36,37],"sd":false,"state":3,"tick":22666,"zone":"B"},"max_err":1.846,"mean_err":0.02,"ms":384956,"out_bytes":1125301,"pending":7,"pos":[-0.63,-3.19],"reconciles":7638,"server_tick":22964,"snaps":7648,"teleports":9}
[client] {"a":8,"dup":false,"ev":"game","ms":385088,"predicted":false,"t":4,"tick":22968,"type":"hit"}
[client] {"a":2,"dup":false,"ev":"game","ms":385184,"predicted":false,"t":8,"tick":22974,"type":"hit"}
[client] {"a":5,"dup":false,"ev":"game","ms":385240,"predicted":false,"t":0,"tick":22977,"type":"hit"}
[client] {"a":5,"dup":false,"ev":"game","ms":385240,"predicted":false,"t":2,"tick":22977,"type":"hit"}
[client] {"a":2,"dup":false,"ev":"game","ms":385240,"predicted":false,"t":-1,"tick":22977,"type":"ko"}
[client] {"a":4,"dup":false,"ev":"game","ms":385453,"predicted":false,"t":8,"tick":22990,"type":"hit"}
[client] {"a":0,"dup":false,"ev":"game","ms":385702,"predicted":false,"t":5,"tick":23005,"type":"hit"}
[client] {"a":4,"dup":false,"ev":"game","ms":385806,"predicted":false,"t":8,"tick":23011,"type":"hit"}
[client] {"a":5,"dup":false,"ev":"game","ms":386074,"predicted":false,"t":0,"tick":23027,"type":"hit"}
[client] {"a":1,"dup":false,"ev":"game","ms":386206,"predicted":false,"t":5,"tick":23035,"type":"hit"}
[client] {"a":0,"dup":false,"ev":"game","ms":386419,"predicted":false,"t":5,"tick":23048,"type":"hit"}
[client] {"a":8,"dup":false,"ev":"game","ms":386454,"predicted":false,"t":4,"tick":23050,"type":"hit"}
[client] {"a":1,"dup":false,"ev":"game","ms":386985,"predicted":false,"t":5,"tick":23082,"type":"hit"}
[client] {"a":0,"dup":false,"ev":"game","ms":387089,"predicted":false,"t":5,"tick":23088,"type":"hit"}
[client] {"a":0,"dup":false,"ev":"game","ms":387158,"predicted":false,"t":8,"tick":23092,"type":"hit"}
[client] {"a":0,"dup":false,"ev":"game","ms":387690,"predicted":false,"t":5,"tick":23124,"type":"hit"}
[client] {"a":0,"dup":false,"ev":"game","ms":388006,"predicted":false,"t":5,"tick":23143,"type":"hit"}
[client] {"a":0,"dup":false,"ev":"game","ms":388325,"predicted":false,"t":5,"tick":23162,"type":"hit"}
[client] {"a":4,"dup":false,"ev":"game","ms":388337,"predicted":false,"t":5,"tick":23163,"type":"hit"}
[client] {"a":5,"dup":false,"ev":"game","ms":388772,"predicted":false,"t":0,"tick":23189,"type":"hit"}
[client] {"a":4,"dup":false,"ev":"game","ms":388993,"predicted":false,"t":5,"tick":23202,"type":"hit"}
[client] {"a":8,"dup":false,"ev":"game","ms":389044,"predicted":false,"t":0,"tick":23205,"type":"hit"}
[client] {"a":8,"dup":false,"ev":"game","ms":389081,"predicted":false,"t":4,"tick":23207,"type":"hit"}
[client] {"a":7,"dup":false,"ev":"game","ms":389243,"predicted":false,"t":-1,"tick":23217,"type":"respawn"}
[client] {"counts":{"blocks_on_me":0,"conf_actions":248,"confirmed_hits":1123,"dup_confirmed":0,"hits_on_me":103,"pred_actions":261,"predicted_confirmed":117,"predicted_hits":272,"reconnects":0},"ev":"stats","hp":0.0,"in_bytes":5212749,"late":0,"local_entity":6,"match":{"countdown_until":300,"ctrl":-1,"final":false,"next":"","phase":3,"rot":2234,"scores":[36,37],"sd":false,"state":3,"tick":22966,"zone":"B"},"max_err":1.846,"mean_err":0.0197,"ms":389959,"out_bytes":1140001,"pending":7,"pos":[-0.63,-3.19],"reconciles":7738,"server_tick":23264,"snaps":7748,"teleports":9}
[client] {"a":5,"dup":false,"ev":"game","ms":390021,"predicted":false,"t":1,"tick":23264,"type":"hit"}
[client] {"a":4,"dup":false,"ev":"game","ms":390044,"predicted":false,"t":8,"tick":23265,"type":"hit"}
[client] {"a":0,"dup":false,"ev":"game","ms":390360,"predicted":false,"t":5,"tick":23284,"type":"hit"}
[client] {"a":0,"dup":false,"ev":"game","ms":390360,"predicted":false,"t":8,"tick":23284,"type":"hit"}
[client] {"a":5,"dup":false,"ev":"game","ms":390360,"predicted":false,"t":-1,"tick":23284,"type":"ko"}
[client] {"a":8,"dup":false,"ev":"game","ms":390360,"predicted":false,"t":-1,"tick":23284,"type":"ko"}
[client] {"a":9,"dup":false,"ev":"game","ms":392222,"predicted":false,"t":-1,"tick":23396,"type":"respawn"}
[client] {"a":3,"dup":false,"ev":"game","ms":394373,"predicted":false,"t":-1,"tick":23525,"type":"respawn"}
[client] {"a":6,"dup":false,"ev":"game","ms":394656,"predicted":false,"t":-1,"tick":23547,"type":"respawn"}
[client] {"counts":{"blocks_on_me":0,"conf_actions":249,"confirmed_hits":1127,"dup_confirmed":0,"hits_on_me":103,"pred_actions":261,"predicted_confirmed":117,"predicted_hits":272,"reconnects":0},"ev":"stats","hp":230.0,"in_bytes":5268560,"late":0,"local_entity":6,"match":{"countdown_until":300,"ctrl":0,"final":false,"next":"","phase":3,"rot":1934,"scores":[40,37],"sd":false,"state":2,"tick":23266,"zone":"B"},"max_err":1.846,"mean_err":0.0195,"ms":394959,"out_bytes":1154701,"pending":7,"pos":[-5.39,44.66],"reconciles":7836,"server_tick":23564,"snaps":7847,"teleports":10}
[client] {"a":2,"dup":false,"ev":"game","ms":395243,"predicted":false,"t":-1,"tick":23577,"type":"respawn"}
[client] {"a":0,"dup":false,"ev":"game","ms":397258,"predicted":false,"t":7,"tick":23698,"type":"hit"}
[client] {"a":7,"dup":false,"ev":"game","ms":397892,"predicted":false,"t":0,"tick":23736,"type":"hit"}
[client] {"a":0,"dup":false,"ev":"game","ms":398258,"predicted":false,"t":7,"tick":23758,"type":"hit"}
[client] {"a":7,"dup":false,"ev":"game","ms":398693,"predicted":false,"t":0,"tick":23784,"type":"hit"}
[client] {"a":0,"dup":false,"ev":"game","ms":398693,"predicted":false,"t":-1,"tick":23784,"type":"ko"}
[client] {"a":1,"dup":false,"ev":"game","ms":399893,"predicted":false,"t":7,"tick":23856,"type":"hit"}
[client] {"counts":{"blocks_on_me":0,"conf_actions":249,"confirmed_hits":1132,"dup_confirmed":0,"hits_on_me":103,"pred_actions":261,"predicted_confirmed":117,"predicted_hits":272,"reconnects":0},"ev":"stats","hp":230.0,"in_bytes":5331256,"late":0,"local_entity":6,"match":{"countdown_until":300,"ctrl":-1,"final":false,"next":"","phase":3,"rot":1634,"scores":[40,37],"sd":false,"state":3,"tick":23566,"zone":"B"},"max_err":1.846,"mean_err":0.0196,"ms":399962,"out_bytes":1169401,"pending":7,"pos":[-2.64,6.1],"reconciles":7936,"server_tick":23864,"snaps":7947,"teleports":10}
[client] {"a":1,"dup":false,"ev":"game","ms":400211,"predicted":false,"t":7,"tick":23875,"type":"hit"}
[client] {"a":5,"dup":false,"ev":"game","ms":400363,"predicted":false,"t":-1,"tick":23884,"type":"respawn"}
[client] {"a":8,"dup":false,"ev":"game","ms":400363,"predicted":false,"t":-1,"tick":23884,"type":"respawn"}
[client] {"a":9,"dup":false,"ev":"game","ms":400577,"predicted":false,"t":1,"tick":23897,"type":"hit"}
[client] {"a":7,"dup":false,"ev":"game","ms":400860,"predicted":false,"t":1,"tick":23914,"type":"hit"}
[client] {"a":9,"dup":false,"ev":"game","ms":400880,"predicted":false,"t":1,"tick":23915,"type":"hit"}
[client] {"a":7,"dup":false,"ev":"game","ms":400894,"predicted":false,"t":4,"tick":23916,"type":"hit"}
[client] {"a":1,"dup":false,"ev":"game","ms":401377,"predicted":false,"t":7,"tick":23945,"type":"hit"}
[client] {"a":3,"dup":false,"ev":"game","ms":401446,"predicted":false,"t":7,"tick":23949,"type":"hit"}
[client] {"a":3,"dup":false,"ev":"game","ms":401529,"predicted":false,"t":9,"tick":23954,"type":"hit"}
[client] {"a":6,"dup":true,"ev":"game","ms":402191,"predicted":false,"t":1,"tick":23999,"type":"hit"}
[client] {"a":6,"dup":true,"ev":"game","ms":402191,"predicted":false,"t":3,"tick":23999,"type":"hit"}
[client] {"a":6,"dup":true,"ev":"game","ms":402275,"predicted":false,"t":2,"tick":24004,"type":"hit"}
[client] {"a":4,"dup":false,"ev":"game","ms":402522,"predicted":false,"t":6,"tick":24014,"type":"hit"}
[client] {"a":9,"dup":false,"ev":"game","ms":402523,"predicted":false,"t":4,"tick":24014,"type":"hit"}
[client] {"a":4,"dup":false,"ev":"game","ms":402523,"predicted":false,"t":-1,"tick":24014,"type":"ko"}
[client] {"a":3,"dup":false,"ev":"game","ms":403136,"predicted":false,"t":6,"tick":24051,"type":"hit"}
[client] {"a":1,"dup":false,"ev":"game","ms":403158,"predicted":false,"t":6,"tick":24052,"type":"hit"}
[client] {"a":1,"dup":false,"ev":"game","ms":403220,"predicted":false,"t":9,"tick":24056,"type":"hit"}
[client] {"a":1,"dup":false,"ev":"game","ms":403419,"predicted":false,"t":6,"tick":24068,"type":"hit"}
[client] {"a":1,"dup":false,"ev":"game","ms":403455,"predicted":false,"t":9,"tick":24070,"type":"block"}
[client] {"a":7,"dup":false,"ev":"game","ms":403806,"predicted":false,"t":3,"tick":24091,"type":"hit"}
[client] {"a":7,"dup":false,"ev":"game","ms":403820,"predicted":false,"t":1,"tick":24092,"type":"hit"}
[client] {"a":6,"dup":true,"ev":"game","ms":404323,"predicted":false,"t":2,"tick":24127,"type":"hit"}
[client] {"a":1,"dup":false,"ev":"game","ms":404643,"predicted":false,"t":9,"tick":24141,"type":"hit"}
[client] {"a":6,"dup":true,"ev":"game","ms":404711,"predicted":false,"t":2,"tick":24150,"type":"hit"}
[client] {"a":3,"dup":false,"ev":"game","ms":404807,"predicted":false,"t":9,"tick":24151,"type":"hit"}
[client] {"counts":{"blocks_on_me":0,"conf_actions":255,"confirmed_hits":1155,"dup_confirmed":0,"hits_on_me":107,"pred_actions":269,"predicted_confirmed":122,"predicted_hits":282,"reconnects":0},"ev":"stats","hp":160.0,"in_bytes":5402329,"late":0,"local_entity":6,"match":{"countdown_until":300,"ctrl":-1,"final":false,"next":"","phase":3,"rot":1337,"scores":[40,37],"sd":false,"state":3,"tick":23863,"zone":"B"},"max_err":1.846,"mean_err":0.0199,"ms":404957,"out_bytes":1184101,"pending":7,"pos":[-1.57,-3.65],"reconciles":8036,"server_tick":24164,"snaps":8046,"teleports":10}
[client] {"a":6,"dup":true,"ev":"game","ms":405411,"predicted":false,"t":1,"tick":24192,"type":"hit"}
[client] {"a":1,"dup":false,"ev":"game","ms":405420,"predicted":false,"t":9,"tick":24188,"type":"hit"}
[client] {"a":1,"dup":false,"ev":"game","ms":405490,"predicted":false,"t":-1,"tick":24192,"type":"ko"}
[client] {"a":6,"dup":true,"ev":"game","ms":405490,"predicted":false,"t":3,"tick":24197,"type":"hit"}
[client] {"a":3,"dup":false,"ev":"game","ms":405572,"predicted":false,"t":9,"tick":24197,"type":"hit"}
[client] {"a":2,"dup":false,"ev":"game","ms":405655,"predicted":false,"t":7,"tick":24202,"type":"hit"}
[client] {"a":6,"dup":true,"ev":"game","ms":406490,"predicted":false,"t":2,"tick":24257,"type":"hit"}
[client] {"a":9,"dup":false,"ev":"game","ms":406573,"predicted":false,"t":2,"tick":24257,"type":"hit"}
[client] {"a":6,"dup":true,"ev":"game","ms":406828,"predicted":false,"t":2,"tick":24277,"type":"hit"}
[client] {"a":3,"dup":false,"ev":"game","ms":407242,"predicted":false,"t":6,"tick":24297,"type":"hit"}
[client] {"a":7,"dup":false,"ev":"game","ms":407525,"predicted":false,"t":2,"tick":24314,"type":"hit"}
[client] {"a":9,"dup":false,"ev":"game","ms":407560,"predicted":false,"t":2,"tick":24316,"type":"hit"}
[client] {"a":7,"dup":false,"ev":"game","ms":407925,"predicted":false,"t":2,"tick":24338,"type":"hit"}
[client] {"a":3,"dup":false,"ev":"game","ms":408409,"predicted":false,"t":6,"tick":24367,"type":"hit"}
[client] {"a":0,"dup":false,"ev":"game","ms":408691,"predicted":false,"t":-1,"tick":24384,"type":"respawn"}
[client] {"a":3,"dup":false,"ev":"game","ms":408739,"predicted":false,"t":6,"tick":24387,"type":"hit"}
[client] {"a":2,"dup":false,"ev":"game","ms":408940,"predicted":false,"t":6,"tick":24399,"type":"hit"}
[client] {"a":7,"dup":false,"ev":"game","ms":408974,"predicted":false,"t":3,"tick":24401,"type":"hit"}
[client] {"a":2,"dup":false,"ev":"game","ms":409257,"predicted":false,"t":6,"tick":24418,"type":"hit"}
[client] {"a":3,"dup":false,"ev":"game","ms":409312,"predicted":false,"t":7,"tick":24421,"type":"hit"}
[client] {"a":3,"dup":false,"ev":"game","ms":409326,"predicted":false,"t":9,"tick":24422,"type":"block"}
[client] {"a":6,"dup":true,"ev":"game","ms":409609,"predicted":false,"t":2,"tick":24444,"type":"hit"}
[client] {"a":9,"dup":false,"ev":"game","ms":409892,"predicted":false,"t":3,"tick":24456,"type":"hit"}
[client] {"counts":{"blocks_on_me":0,"conf_actions":263,"confirmed_hits":1175,"dup_confirmed":0,"hits_on_me":112,"pred_actions":278,"predicted_confirmed":127,"predicted_hits":292,"reconnects":0},"ev":"stats","hp":74.0,"in_bytes":5469320,"late":0,"local_entity":6,"match":{"countdown_until":300,"ctrl":-1,"final":false,"next":"","phase":3,"rot":1034,"scores":[40,37],"sd":false,"state":3,"tick":24166,"zone":"B"},"max_err":1.846,"mean_err":0.0201,"ms":409960,"out_bytes":1198801,"pending":7,"pos":[-2.29,-3.45],"reconciles":8136,"server_tick":24464,"snaps":8147,"teleports":10}
[client] {"a":7,"dup":false,"ev":"game","ms":410200,"predicted":false,"t":3,"tick":24474,"type":"hit"}
[client] {"a":9,"dup":false,"ev":"game","ms":410210,"predicted":false,"t":3,"tick":24475,"type":"hit"}
[client] {"a":6,"dup":true,"ev":"game","ms":410244,"predicted":false,"t":2,"tick":24482,"type":"hit"}
[client] {"a":3,"dup":false,"ev":"game","ms":410540,"predicted":false,"t":9,"tick":24495,"type":"hit"}
[client] {"a":7,"dup":false,"ev":"game","ms":410768,"predicted":false,"t":3,"tick":24509,"type":"hit"}
[client] {"a":9,"dup":false,"ev":"game","ms":411138,"predicted":false,"t":3,"tick":24531,"type":"hit"}
[client] {"a":7,"dup":false,"ev":"game","ms":411442,"predicted":false,"t":3,"tick":24549,"type":"hit"}
[client] {"a":3,"dup":false,"ev":"game","ms":411442,"predicted":false,"t":-1,"tick":24549,"type":"ko"}
[client] {"a":2,"dup":false,"ev":"game","ms":411628,"predicted":false,"t":9,"tick":24560,"type":"hit"}
[client] {"a":6,"dup":true,"ev":"game","ms":411642,"predicted":false,"t":2,"tick":24566,"type":"hit"}
[client] {"a":2,"dup":false,"ev":"game","ms":411655,"predicted":false,"t":5,"tick":24562,"type":"hit"}
[client] {"a":2,"dup":false,"ev":"game","ms":411725,"predicted":false,"t":-1,"tick":24566,"type":"ko"}
[client] {"a":4,"dup":false,"ev":"game","ms":412524,"predicted":false,"t":-1,"tick":24614,"type":"respawn"}
[client] {"counts":{"blocks_on_me":0,"conf_actions":266,"confirmed_hits":1185,"dup_confirmed":0,"hits_on_me":112,"pred_actions":281,"predicted_confirmed":129,"predicted_hits":295,"reconnects":0},"ev":"stats","hp":74.0,"in_bytes":5529901,"late":0,"local_entity":6,"match":{"countdown_until":300,"ctrl":-1,"final":false,"next":"A","phase":3,"rot":734,"scores":[40,40],"sd":false,"state":3,"tick":24466,"zone":"B"},"max_err":1.846,"mean_err":0.0205,"ms":414959,"out_bytes":1213501,"pending":7,"pos":[-0.21,-3.01],"reconciles":8236,"server_tick":24764,"snaps":8247,"teleports":10}
[client] {"a":1,"dup":false,"ev":"game","ms":415492,"predicted":false,"t":-1,"tick":24792,"type":"respawn"}
[client] {"a":9,"dup":false,"ev":"game","ms":415961,"predicted":false,"t":0,"tick":24820,"type":"hit"}
[client] {"a":6,"dup":true,"ev":"game","ms":416148,"predicted":false,"t":0,"tick":24836,"type":"hit"}
[client] {"a":9,"dup":false,"ev":"game","ms":416362,"predicted":false,"t":0,"tick":24844,"type":"hit"}
[client] {"a":9,"dup":false,"ev":"game","ms":416692,"predicted":false,"t":0,"tick":24864,"type":"hit"}
[client] {"a":6,"dup":true,"ev":"game","ms":416727,"predicted":false,"t":0,"tick":24871,"type":"hit"}
[client] {"a":0,"dup":false,"ev":"game","ms":418569,"predicted":false,"t":6,"tick":24977,"type":"hit"}
[client] {"a":0,"dup":false,"ev":"game","ms":418590,"predicted":false,"t":9,"tick":24978,"type":"hit"}
[client] {"a":8,"dup":false,"ev":"game","ms":419025,"predicted":false,"t":0,"tick":25004,"type":"hit"}
[client] {"a":5,"dup":false,"ev":"game","ms":419287,"predicted":false,"t":0,"tick":25020,"type":"hit"}
[client] {"a":6,"dup":true,"ev":"game","ms":419321,"predicted":false,"t":0,"tick":25027,"type":"hit"}
[client] {"a":8,"dup":false,"ev":"game","ms":419404,"predicted":false,"t":0,"tick":25027,"type":"hit"}
[client] {"a":4,"dup":false,"ev":"game","ms":419852,"predicted":false,"t":8,"tick":25054,"type":"hit"}
[client] {"a":4,"dup":false,"ev":"game","ms":419908,"predicted":false,"t":5,"tick":25057,"type":"hit"}
[client] {"counts":{"blocks_on_me":0,"conf_actions":270,"confirmed_hits":1198,"dup_confirmed":0,"hits_on_me":113,"pred_actions":285,"predicted_confirmed":132,"predicted_hits":302,"reconnects":0},"ev":"stats","hp":36.0,"in_bytes":5592693,"late":0,"local_entity":6,"match":{"countdown_until":300,"ctrl":-1,"final":false,"next":"A","phase":3,"rot":434,"scores":[40,40],"sd":false,"state":3,"tick":24766,"zone":"B"},"max_err":1.846,"mean_err":0.021,"ms":419955,"out_bytes":1228201,"pending":7,"pos":[-0.92,-3.56],"reconciles":8336,"server_tick":25064,"snaps":8347,"teleports":10}
[client] {"a":6,"dup":false,"ev":"game","ms":420122,"predicted":false,"t":-1,"tick":25075,"type":"ko"}
[client] {"a":0,"dup":false,"ev":"game","ms":420156,"predicted":false,"t":5,"tick":25072,"type":"hit"}
[client] {"a":0,"dup":false,"ev":"game","ms":420191,"predicted":false,"t":8,"tick":25074,"type":"hit"}
[client] {"a":0,"dup":false,"ev":"game","ms":420204,"predicted":false,"t":6,"tick":25075,"type":"hit"}
[client] {"a":4,"dup":false,"ev":"game","ms":420722,"predicted":false,"t":5,"tick":25106,"type":"hit"}
[client] {"a":7,"dup":false,"ev":"game","ms":420853,"predicted":false,"t":4,"tick":25113,"type":"hit"}
[client] {"a":7,"dup":false,"ev":"game","ms":420874,"predicted":false,"t":0,"tick":25114,"type":"hit"}
[client] {"a":3,"dup":false,"ev":"game","ms":421453,"predicted":false,"t":-1,"tick":25149,"type":"respawn"}
[client] {"a":7,"dup":false,"ev":"game","ms":421605,"predicted":false,"t":1,"tick":25159,"type":"hit"}
[client] {"a":2,"dup":false,"ev":"game","ms":421722,"predicted":false,"t":-1,"tick":25166,"type":"respawn"}
[client] {"a":4,"dup":false,"ev":"game","ms":421991,"predicted":false,"t":7,"tick":25182,"type":"hit"}
[client] {"a":7,"dup":false,"ev":"game","ms":421991,"predicted":false,"t":-1,"tick":25182,"type":"ko"}
[client] {"a":4,"dup":false,"ev":"game","ms":422074,"predicted":false,"t":5,"tick":25187,"type":"hit"}
[client] {"a":1,"dup":false,"ev":"game","ms":422088,"predicted":false,"t":5,"tick":25188,"type":"hit"}
[client] {"a":0,"dup":false,"ev":"game","ms":422122,"predicted":false,"t":5,"tick":25190,"type":"hit"}
[client] {"a":0,"dup":false,"ev":"game","ms":422122,"predicted":false,"t":9,"tick":25190,"type":"hit"}
[client] {"a":9,"dup":false,"ev":"game","ms":422122,"predicted":false,"t":-1,"tick":25190,"type":"ko"}
[client] {"a":8,"dup":false,"ev":"game","ms":422771,"predicted":false,"t":4,"tick":25229,"type":"hit"}
[client] {"a":0,"dup":false,"ev":"game","ms":422992,"predicted":false,"t":8,"tick":25242,"type":"hit"}
[client] {"a":1,"dup":false,"ev":"game","ms":423040,"predicted":false,"t":8,"tick":25245,"type":"hit"}
[client] {"a":8,"dup":false,"ev":"game","ms":423509,"predicted":false,"t":0,"tick":25273,"type":"hit"}
[client] {"a":0,"dup":false,"ev":"game","ms":423509,"predicted":false,"t":-1,"tick":25273,"type":"ko"}
[client] {"a":1,"dup":false,"ev":"game","ms":423710,"predicted":false,"t":5,"tick":25285,"type":"block"}
[client] {"a":1,"dup":false,"ev":"game","ms":423710,"predicted":false,"t":8,"tick":25285,"type":"hit"}
[client] {"a":5,"dup":false,"ev":"game","ms":424110,"predicted":false,"t":1,"tick":25309,"type":"hit"}
[client] {"a":5,"dup":false,"ev":"game","ms":424489,"predicted":false,"t":4,"tick":25332,"type":"hit"}
[client] {"a":1,"dup":false,"ev":"game","ms":424758,"predicted":false,"t":5,"tick":25348,"type":"hit"}
[client] {"counts":{"blocks_on_me":0,"conf_actions":271,"confirmed_hits":1218,"dup_confirmed":0,"hits_on_me":114,"pred_actions":286,"predicted_confirmed":132,"predicted_hits":302,"reconnects":0},"ev":"stats","hp":0.0,"in_bytes":5661158,"late":0,"local_entity":6,"match":{"countdown_until":300,"ctrl":-1,"final":false,"next":"A","phase":3,"rot":134,"scores":[40,40],"sd":false,"state":3,"tick":25066,"zone":"B"},"max_err":1.846,"mean_err":0.0208,"ms":424958,"out_bytes":1242901,"pending":7,"pos":[-1.03,-3.54],"reconciles":8436,"server_tick":25364,"snaps":8447,"teleports":10}
[client] {"a":8,"dup":false,"ev":"game","ms":425110,"predicted":false,"t":1,"tick":25369,"type":"hit"}
[client] {"a":8,"dup":false,"ev":"game","ms":425393,"predicted":false,"t":4,"tick":25386,"type":"hit"}
[client] {"a":1,"dup":false,"ev":"game","ms":425490,"predicted":false,"t":8,"tick":25392,"type":"hit"}
[client] {"a":4,"dup":false,"ev":"game","ms":425793,"predicted":false,"t":8,"tick":25410,"type":"hit"}
[client] {"a":4,"dup":false,"ev":"game","ms":426111,"predicted":false,"t":8,"tick":25429,"type":"hit"}
[client] {"a":1,"dup":false,"ev":"game","ms":426159,"predicted":false,"t":8,"tick":25432,"type":"hit"}
[client] {"a":8,"dup":false,"ev":"game","ms":426159,"predicted":false,"t":-1,"tick":25432,"type":"ko"}
[client] {"a":4,"dup":false,"ev":"game","ms":426490,"predicted":false,"t":5,"tick":25452,"type":"block"}
[client] {"a":1,"dup":false,"ev":"game","ms":427063,"predicted":false,"t":5,"tick":25486,"type":"block"}
[client] {"a":4,"dup":false,"ev":"game","ms":427173,"predicted":false,"t":5,"tick":25493,"type":"block"}
[client] {"a":-1,"dup":false,"ev":"game","ms":427277,"predicted":false,"t":-1,"tick":25499,"type":"zone_rotated"}
[client] {"a":4,"dup":false,"ev":"game","ms":427877,"predicted":false,"t":5,"tick":25535,"type":"hit"}
[client] {"a":5,"dup":false,"ev":"game","ms":427877,"predicted":false,"t":-1,"tick":25535,"type":"ko"}
[client] {"counts":{"blocks_on_me":0,"conf_actions":271,"confirmed_hits":1225,"dup_confirmed":0,"hits_on_me":114,"pred_actions":286,"predicted_confirmed":132,"predicted_hits":302,"reconnects":0},"ev":"stats","hp":0.0,"in_bytes":5720348,"late":0,"local_entity":6,"match":{"countdown_until":300,"ctrl":-1,"final":true,"next":"","phase":3,"rot":3437,"scores":[40,40],"sd":false,"state":1,"tick":25363,"zone":"A"},"max_err":1.846,"mean_err":0.0205,"ms":429953,"out_bytes":1257601,"pending":7,"pos":[-1.03,-3.54],"reconciles":8536,"server_tick":25664,"snaps":8546,"teleports":10}
[client] {"a":6,"dup":false,"ev":"game","ms":430140,"predicted":false,"t":-1,"tick":25675,"type":"respawn"}
[client] {"a":7,"dup":false,"ev":"game","ms":432003,"predicted":false,"t":-1,"tick":25782,"type":"respawn"}
[client] {"a":9,"dup":false,"ev":"game","ms":432141,"predicted":false,"t":-1,"tick":25790,"type":"respawn"}
[client] {"a":0,"dup":false,"ev":"game","ms":433508,"predicted":false,"t":-1,"tick":25873,"type":"respawn"}
[client] {"counts":{"blocks_on_me":0,"conf_actions":272,"confirmed_hits":1225,"dup_confirmed":0,"hits_on_me":114,"pred_actions":286,"predicted_confirmed":132,"predicted_hits":302,"reconnects":0},"ev":"stats","hp":230.0,"in_bytes":5770050,"late":0,"local_entity":6,"match":{"countdown_until":300,"ctrl":0,"final":true,"next":"","phase":3,"rot":3134,"scores":[42,40],"sd":false,"state":2,"tick":25666,"zone":"A"},"max_err":1.846,"mean_err":0.0203,"ms":434956,"out_bytes":1272301,"pending":7,"pos":[-2.65,19.58],"reconciles":8635,"server_tick":25964,"snaps":8647,"teleports":11}
[client] {"a":8,"dup":false,"ev":"game","ms":436157,"predicted":false,"t":-1,"tick":26032,"type":"respawn"}
[client] {"a":5,"dup":false,"ev":"game","ms":437875,"predicted":false,"t":-1,"tick":26135,"type":"respawn"}
[client] {"counts":{"blocks_on_me":0,"conf_actions":272,"confirmed_hits":1225,"dup_confirmed":0,"hits_on_me":114,"pred_actions":286,"predicted_confirmed":132,"predicted_hits":302,"reconnects":0},"ev":"stats","hp":230.0,"in_bytes":5826820,"late":0,"local_entity":6,"match":{"countdown_until":300,"ctrl":-1,"final":true,"next":"","phase":3,"rot":2834,"scores":[47,40],"sd":false,"state":3,"tick":25966,"zone":"A"},"max_err":1.846,"mean_err":0.0201,"ms":439958,"out_bytes":1287001,"pending":7,"pos":[-36.48,3.27],"reconciles":8735,"server_tick":26264,"snaps":8747,"teleports":11}
[client] {"a":6,"dup":true,"ev":"game","ms":442057,"predicted":false,"t":3,"tick":26390,"type":"hit"}
[client] {"a":6,"dup":true,"ev":"game","ms":442292,"predicted":false,"t":3,"tick":26405,"type":"hit"}
[client] {"a":7,"dup":false,"ev":"game","ms":442692,"predicted":false,"t":2,"tick":26424,"type":"hit"}
[client] {"a":9,"dup":false,"ev":"game","ms":442906,"predicted":false,"t":3,"tick":26437,"type":"hit"}
[client] {"a":4,"dup":false,"ev":"game","ms":442920,"predicted":false,"t":7,"tick":26438,"type":"hit"}
[client] {"a":1,"dup":false,"ev":"game","ms":443175,"predicted":false,"t":6,"tick":26453,"type":"hit"}
[client] {"a":7,"dup":false,"ev":"game","ms":443306,"predicted":false,"t":4,"tick":26461,"type":"hit"}
[client] {"a":2,"dup":false,"ev":"game","ms":443410,"predicted":false,"t":7,"tick":26467,"type":"hit"}
[client] {"a":0,"dup":false,"ev":"game","ms":443423,"predicted":false,"t":7,"tick":26468,"type":"hit"}
[client] {"a":1,"dup":false,"ev":"game","ms":443575,"predicted":false,"t":6,"tick":26477,"type":"hit"}
[client] {"a":2,"dup":false,"ev":"game","ms":443907,"predicted":false,"t":9,"tick":26497,"type":"hit"}
[client] {"a":1,"dup":false,"ev":"game","ms":443954,"predicted":false,"t":6,"tick":26500,"type":"hit"}
[client] {"a":2,"dup":false,"ev":"game","ms":444540,"predicted":false,"t":7,"tick":26535,"type":"hit"}
[client] {"a":9,"dup":false,"ev":"game","ms":444637,"predicted":false,"t":2,"tick":26541,"type":"hit"}
[client] {"a":0,"dup":false,"ev":"game","ms":444812,"predicted":false,"t":9,"tick":26551,"type":"hit"}
[client] {"counts":{"blocks_on_me":0,"conf_actions":279,"confirmed_hits":1240,"dup_confirmed":0,"hits_on_me":117,"pred_actions":293,"predicted_confirmed":134,"predicted_hits":307,"reconnects":0},"ev":"stats","hp":176.0,"in_bytes":5901016,"late":0,"local_entity":6,"match":{"countdown_until":300,"ctrl":-1,"final":true,"next":"","phase":3,"rot":2537,"scores":[47,40],"sd":false,"state":3,"tick":26263,"zone":"A"},"max_err":1.846,"mean_err":0.0202,"ms":444954,"out_bytes":1301701,"pending":7,"pos":[-43.34,0.29],"reconciles":8835,"server_tick":26564,"snaps":8846,"teleports":11}
[client] {"a":7,"dup":false,"ev":"game","ms":445072,"predicted":false,"t":2,"tick":26567,"type":"hit"}
[client] {"a":0,"dup":false,"ev":"game","ms":445438,"predicted":false,"t":7,"tick":26589,"type":"hit"}
[client] {"a":1,"dup":false,"ev":"game","ms":445693,"predicted":false,"t":6,"tick":26604,"type":"hit"}
[client] {"a":2,"dup":false,"ev":"game","ms":445755,"predicted":false,"t":9,"tick":26608,"type":"hit"}
[client] {"a":3,"dup":false,"ev":"game","ms":445907,"predicted":false,"t":7,"tick":26617,"type":"hit"}
[client] {"a":6,"dup":true,"ev":"game","ms":446073,"predicted":false,"t":4,"tick":26632,"type":"hit"}
[client] {"a":1,"dup":false,"ev":"game","ms":446190,"predicted":false,"t":6,"tick":26634,"type":"hit"}
[client] {"a":7,"dup":false,"ev":"game","ms":446438,"predicted":false,"t":3,"tick":26649,"type":"hit"}
[client] {"a":8,"dup":false,"ev":"game","ms":446611,"predicted":false,"t":2,"tick":26659,"type":"hit"}
[client] {"a":6,"dup":true,"ev":"game","ms":446742,"predicted":false,"t":3,"tick":26672,"type":"hit"}
[client] {"a":7,"dup":false,"ev":"game","ms":446755,"predicted":false,"t":3,"tick":26668,"type":"hit"}
[client] {"a":8,"dup":false,"ev":"game","ms":446824,"predicted":false,"t":2,"tick":26672,"type":"hit"}
[client] {"a":4,"dup":false,"ev":"game","ms":446894,"predicted":false,"t":6,"tick":26676,"type":"hit"}
[client] {"a":4,"dup":false,"ev":"game","ms":446907,"predicted":false,"t":7,"tick":26677,"type":"hit"}
[client] {"a":0,"dup":false,"ev":"game","ms":446957,"predicted":false,"t":6,"tick":26680,"type":"hit"}
[client] {"a":9,"dup":false,"ev":"game","ms":447038,"predicted":false,"t":2,"tick":26685,"type":"hit"}
[client] {"a":9,"dup":false,"ev":"game","ms":447356,"predicted":false,"t":2,"tick":26704,"type":"hit"}
[client] {"a":3,"dup":false,"ev":"game","ms":447494,"predicted":false,"t":6,"tick":26712,"type":"hit"}
[client] {"a":8,"dup":false,"ev":"game","ms":447606,"predicted":false,"t":2,"tick":26719,"type":"hit"}
[client] {"a":8,"dup":false,"ev":"game","ms":447620,"predicted":false,"t":3,"tick":26720,"type":"hit"}
[client] {"a":4,"dup":false,"ev":"game","ms":447869,"predicted":false,"t":7,"tick":26734,"type":"hit"}
[client] {"a":0,"dup":false,"ev":"game","ms":448034,"predicted":false,"t":7,"tick":26744,"type":"hit"}
[client] {"a":3,"dup":false,"ev":"game","ms":448151,"predicted":false,"t":7,"tick":26751,"type":"hit"}
[client] {"a":3,"dup":false,"ev":"game","ms":448517,"predicted":false,"t":7,"tick":26773,"type":"hit"}
[client] {"a":8,"dup":false,"ev":"game","ms":448669,"predicted":false,"t":0,"tick":26782,"type":"hit"}
[client] {"a":8,"dup":false,"ev":"game","ms":448717,"predicted":false,"t":4,"tick":26785,"type":"hit"}
[client] {"a":3,"dup":false,"ev":"game","ms":448869,"predicted":false,"t":7,"tick":26794,"type":"hit"}
[client] {"a":1,"dup":false,"ev":"game","ms":449173,"predicted":false,"t":8,"tick":26812,"type":"hit"}
[client] {"a":1,"dup":false,"ev":"game","ms":449552,"predicted":false,"t":5,"tick":26835,"type":"hit"}
[client] {"a":9,"dup":false,"ev":"game","ms":449573,"predicted":false,"t":2,"tick":26836,"type":"hit"}
[client] {"a":7,"dup":false,"ev":"game","ms":449608,"predicted":false,"t":2,"tick":26838,"type":"hit"}
[client] {"a":2,"dup":false,"ev":"game","ms":449608,"predicted":false,"t":-1,"tick":26838,"type":"ko"}
[client] {"a":1,"dup":false,"ev":"game","ms":449890,"predicted":false,"t":5,"tick":26855,"type":"block"}
[client] {"a":8,"dup":false,"ev":"game","ms":449904,"predicted":false,"t":1,"tick":26856,"type":"hit"}
[client] {"counts":{"blocks_on_me":0,"conf_actions":284,"confirmed_hits":1272,"dup_confirmed":0,"hits_on_me":122,"pred_actions":299,"predicted_confirmed":136,"predicted_hits":312,"reconnects":0},"ev":"stats","hp":66.0,"in_bytes":5981063,"late":0,"local_entity":6,"match":{"countdown_until":300,"ctrl":-1,"final":true,"next":"","phase":3,"rot":2237,"scores":[47,40],"sd":false,"state":3,"tick":26563,"zone":"A"},"max_err":1.846,"mean_err":0.0208,"ms":449951,"out_bytes":1316401,"pending":7,"pos":[-44.85,-1.54],"reconciles":8935,"server_tick":26864,"snaps":8946,"teleports":11}
[client] {"a":0,"dup":false,"ev":"game","ms":450270,"predicted":false,"t":8,"tick":26878,"type":"hit"}
[client] {"a":6,"dup":true,"ev":"game","ms":450270,"predicted":false,"t":1,"tick":26883,"type":"hit"}
[client] {"a":0,"dup":false,"ev":"game","ms":450587,"predicted":false,"t":9,"tick":26897,"type":"hit"}
[client] {"a":8,"dup":false,"ev":"game","ms":450635,"predicted":false,"t":0,"tick":26900,"type":"hit"}
[client] {"a":3,"dup":false,"ev":"game","ms":450656,"predicted":false,"t":9,"tick":26901,"type":"hit"}
[client] {"a":8,"dup":false,"ev":"game","ms":450939,"predicted":false,"t":0,"tick":26918,"type":"hit"}
[client] {"a":3,"dup":false,"ev":"game","ms":450974,"predicted":false,"t":7,"tick":26920,"type":"hit"}
[client] {"a":7,"dup":false,"ev":"game","ms":450974,"predicted":false,"t":-1,"tick":26920,"type":"ko"}
[client] {"a":6,"dup":true,"ev":"game","ms":450974,"predicted":false,"t":1,"tick":26925,"type":"hit"}
[client] {"a":9,"dup":false,"ev":"game","ms":451022,"predicted":false,"t":0,"tick":26923,"type":"hit"}
[client] {"a":4,"dup":false,"ev":"game","ms":451104,"predicted":false,"t":8,"tick":26928,"type":"hit"}
[client] {"a":6,"dup":true,"ev":"game","ms":451387,"predicted":false,"t":1,"tick":26950,"type":"hit"}
[client] {"a":3,"dup":false,"ev":"game","ms":451436,"predicted":false,"t":9,"tick":26948,"type":"block"}
[client] {"a":5,"dup":false,"ev":"game","ms":451525,"predicted":false,"t":4,"tick":26953,"type":"hit"}
[client] {"a":9,"dup":false,"ev":"game","ms":451691,"predicted":false,"t":3,"tick":26963,"type":"block"}
[client] {"a":4,"dup":false,"ev":"game","ms":451891,"predicted":false,"t":5,"tick":26975,"type":"hit"}
[client] {"a":9,"dup":false,"ev":"game","ms":452008,"predicted":false,"t":3,"tick":26982,"type":"hit"}
[client] {"a":0,"dup":false,"ev":"game","ms":452305,"predicted":false,"t":5,"tick":27000,"type":"hit"}
[client] {"a":8,"dup":false,"ev":"game","ms":452423,"predicted":false,"t":3,"tick":27007,"type":"hit"}
[client] {"a":1,"dup":false,"ev":"game","ms":452491,"predicted":false,"t":5,"tick":27011,"type":"hit"}
[client] {"a":9,"dup":false,"ev":"game","ms":452491,"predicted":false,"t":3,"tick":27011,"type":"hit"}
[client] {"a":6,"dup":true,"ev":"game","ms":452491,"predicted":false,"t":0,"tick":27016,"type":"hit"}
[client] {"a":0,"dup":false,"ev":"game","ms":452975,"predicted":false,"t":9,"tick":27040,"type":"hit"}
[client] {"a":6,"dup":true,"ev":"game","ms":453023,"predicted":false,"t":0,"tick":27049,"type":"hit"}
[client] {"a":3,"dup":false,"ev":"game","ms":453223,"predicted":false,"t":5,"tick":27055,"type":"hit"}
[client] {"a":5,"dup":false,"ev":"game","ms":453575,"predicted":false,"t":0,"tick":27077,"type":"hit"}
[client] {"a":1,"dup":false,"ev":"game","ms":453775,"predicted":false,"t":6,"tick":27089,"type":"hit"}
[client] {"a":0,"dup":false,"ev":"game","ms":453926,"predicted":false,"t":5,"tick":27098,"type":"hit"}
[client] {"a":3,"dup":false,"ev":"game","ms":453976,"predicted":false,"t":5,"tick":27101,"type":"hit"}
[client] {"a":1,"dup":false,"ev":"game","ms":454127,"predicted":false,"t":5,"tick":27110,"type":"hit"}
[client] {"a":1,"dup":false,"ev":"game","ms":454127,"predicted":false,"t":6,"tick":27110,"type":"hit"}
[client] {"a":8,"dup":false,"ev":"game","ms":454212,"predicted":false,"t":4,"tick":27115,"type":"hit"}
[client] {"a":0,"dup":false,"ev":"game","ms":454492,"predicted":false,"t":5,"tick":27132,"type":"hit"}
[client] {"a":8,"dup":false,"ev":"game","ms":454507,"predicted":false,"t":4,"tick":27133,"type":"hit"}
[client] {"a":1,"dup":false,"ev":"game","ms":454541,"predicted":false,"t":5,"tick":27135,"type":"hit"}
[client] {"a":6,"dup":true,"ev":"game","ms":454610,"predicted":false,"t":3,"tick":27144,"type":"hit"}
[client] {"a":9,"dup":false,"ev":"game","ms":454858,"predicted":false,"t":3,"tick":27154,"type":"hit"}
[client] {"a":6,"dup":true,"ev":"game","ms":454858,"predicted":false,"t":3,"tick":27159,"type":"hit"}
[client] {"a":3,"dup":false,"ev":"game","ms":454941,"predicted":false,"t":-1,"tick":27159,"type":"ko"}
[client] {"counts":{"blocks_on_me":0,"conf_actions":292,"confirmed_hits":1307,"dup_confirmed":0,"hits_on_me":124,"pred_actions":307,"predicted_confirmed":143,"predicted_hits":323,"reconnects":0},"ev":"stats","hp":30.0,"in_bytes":6061222,"late":0,"local_entity":6,"match":{"countdown_until":300,"ctrl":-1,"final":true,"next":"","phase":3,"rot":1937,"scores":[47,40],"sd":false,"state":3,"tick":26863,"zone":"A"},"max_err":2.027,"mean_err":0.021,"ms":454954,"out_bytes":1331101,"pending":7,"pos":[-43.81,1.07],"reconciles":9035,"server_tick":27164,"snaps":9046,"teleports":11}
[client] {"a":4,"dup":false,"ev":"game","ms":455024,"predicted":false,"t":8,"tick":27164,"type":"hit"}
[client] {"a":0,"dup":false,"ev":"game","ms":455411,"predicted":false,"t":6,"tick":27187,"type":"hit"}
[client] {"a":8,"dup":false,"ev":"game","ms":455707,"predicted":false,"t":4,"tick":27205,"type":"hit"}
[client] {"a":6,"dup":true,"ev":"game","ms":455825,"predicted":false,"t":0,"tick":27217,"type":"hit"}
[client] {"a":9,"dup":false,"ev":"game","ms":455907,"predicted":false,"t":0,"tick":27217,"type":"hit"}
[client] {"a":8,"dup":false,"ev":"game","ms":456011,"predicted":false,"t":4,"tick":27223,"type":"hit"}
[client] {"a":6,"dup":true,"ev":"game","ms":456142,"predicted":false,"t":0,"tick":27236,"type":"hit"}
[client] {"a":4,"dup":false,"ev":"game","ms":456390,"predicted":false,"t":8,"tick":27246,"type":"hit"}
[client] {"a":1,"dup":false,"ev":"game","ms":456459,"predicted":false,"t":8,"tick":27250,"type":"hit"}
[client] {"a":6,"dup":true,"ev":"game","ms":456493,"predicted":false,"t":0,"tick":27257,"type":"hit"}
[client] {"a":5,"dup":false,"ev":"game","ms":456624,"predicted":false,"t":0,"tick":27260,"type":"hit"}
[client] {"a":0,"dup":false,"ev":"game","ms":456624,"predicted":false,"t":-1,"tick":27260,"type":"ko"}
[client] {"a":4,"dup":false,"ev":"game","ms":456756,"predicted":false,"t":8,"tick":27268,"type":"hit"}
[client] {"a":6,"dup":false,"ev":"game","ms":457308,"predicted":false,"t":1,"tick":27306,"type":"hit"}
[client] {"a":6,"dup":true,"ev":"game","ms":457673,"predicted":false,"t":1,"tick":27328,"type":"hit"}
[client] {"a":1,"dup":false,"ev":"game","ms":457756,"predicted":false,"t":9,"tick":27328,"type":"hit"}
[client] {"a":8,"dup":false,"ev":"game","ms":457977,"predicted":false,"t":1,"tick":27341,"type":"hit"}
[client] {"a":6,"dup":true,"ev":"game","ms":458046,"predicted":false,"t":1,"tick":27350,"type":"hit"}
[client] {"a":5,"dup":false,"ev":"game","ms":458108,"predicted":false,"t":1,"tick":27349,"type":"hit"}
[client] {"a":5,"dup":false,"ev":"game","ms":458660,"predicted":false,"t":1,"tick":27382,"type":"hit"}
[client] {"a":9,"dup":false,"ev":"game","ms":458756,"predicted":false,"t":4,"tick":27388,"type":"hit"}
[client] {"a":8,"dup":false,"ev":"game","ms":458894,"predicted":false,"t":4,"tick":27396,"type":"hit"}
[client] {"a":9,"dup":false,"ev":"game","ms":459095,"predicted":false,"t":4,"tick":27408,"type":"hit"}
[client] {"a":8,"dup":false,"ev":"game","ms":459129,"predicted":false,"t":4,"tick":27410,"type":"hit"}
[client] {"a":9,"dup":false,"ev":"game","ms":459447,"predicted":false,"t":1,"tick":27429,"type":"hit"}
[client] {"a":1,"dup":false,"ev":"game","ms":459447,"predicted":false,"t":-1,"tick":27429,"type":"ko"}
[client] {"a":2,"dup":false,"ev":"game","ms":459591,"predicted":false,"t":-1,"tick":27438,"type":"respawn"}
[client] {"a":4,"dup":false,"ev":"game","ms":459647,"predicted":false,"t":8,"tick":27441,"type":"hit"}
[client] {"a":4,"dup":false,"ev":"game","ms":459674,"predicted":false,"t":9,"tick":27443,"type":"hit"}
[client] {"counts":{"blocks_on_me":0,"conf_actions":300,"confirmed_hits":1333,"dup_confirmed":0,"hits_on_me":125,"pred_actions":315,"predicted_confirmed":148,"predicted_hits":329,"reconnects":0},"ev":"stats","hp":12.0,"in_bytes":6130069,"late":0,"local_entity":6,"match":{"countdown_until":300,"ctrl":-1,"final":true,"next":"","phase":3,"rot":1637,"scores":[47,40],"sd":false,"state":3,"tick":27163,"zone":"A"},"max_err":2.027,"mean_err":0.021,"ms":459956,"out_bytes":1345801,"pending":7,"pos":[-41.92,0.52],"reconciles":9135,"server_tick":27464,"snaps":9146,"teleports":11}
[client] {"a":4,"dup":false,"ev":"game","ms":459978,"predicted":false,"t":8,"tick":27461,"type":"hit"}
[client] {"a":9,"dup":false,"ev":"game","ms":460157,"predicted":false,"t":4,"tick":27472,"type":"hit"}
[client] {"a":8,"dup":false,"ev":"game","ms":460330,"predicted":false,"t":4,"tick":27482,"type":"hit"}
[client] {"a":9,"dup":false,"ev":"game","ms":460592,"predicted":false,"t":4,"tick":27498,"type":"hit"}
[client] {"a":4,"dup":false,"ev":"game","ms":460592,"predicted":false,"t":-1,"tick":27498,"type":"ko"}
[client] {"a":7,"dup":false,"ev":"game","ms":460957,"predicted":false,"t":-1,"tick":27520,"type":"respawn"}
[client] {"counts":{"blocks_on_me":0,"conf_actions":300,"confirmed_hits":1337,"dup_confirmed":0,"hits_on_me":125,"pred_actions":315,"predicted_confirmed":148,"predicted_hits":329,"reconnects":0},"ev":"stats","hp":12.0,"in_bytes":6181457,"late":0,"local_entity":6,"match":{"countdown_until":300,"ctrl":1,"final":true,"next":"","phase":3,"rot":1337,"scores":[47,44],"sd":false,"state":2,"tick":27463,"zone":"A"},"max_err":2.027,"mean_err":0.0209,"ms":464959,"out_bytes":1360501,"pending":7,"pos":[-42.46,0.38],"reconciles":9235,"server_tick":27764,"snaps":9246,"teleports":11}
[client] {"a":3,"dup":false,"ev":"game","ms":464960,"predicted":false,"t":-1,"tick":27759,"type":"respawn"}
[client] {"a":0,"dup":false,"ev":"game","ms":466622,"predicted":false,"t":-1,"tick":27860,"type":"respawn"}
[client] {"a":1,"dup":false,"ev":"game","ms":469444,"predicted":false,"t":-1,"tick":28029,"type":"respawn"}
[client] {"counts":{"blocks_on_me":0,"conf_actions":300,"confirmed_hits":1337,"dup_confirmed":0,"hits_on_me":125,"pred_actions":315,"predicted_confirmed":148,"predicted_hits":329,"reconnects":0},"ev":"stats","hp":95.9999999999994,"in_bytes":6232581,"late":0,"local_entity":6,"match":{"countdown_until":300,"ctrl":-1,"final":true,"next":"","phase":3,"rot":1034,"scores":[47,48],"sd":false,"state":3,"tick":27766,"zone":"A"},"max_err":2.027,"mean_err":0.0206,"ms":469961,"out_bytes":1375201,"pending":7,"pos":[-42.46,0.38],"reconciles":9335,"server_tick":28064,"snaps":9347,"teleports":11}
[client] {"a":4,"dup":false,"ev":"game","ms":470590,"predicted":false,"t":-1,"tick":28098,"type":"respawn"}
[client] {"a":7,"dup":false,"ev":"game","ms":470935,"predicted":false,"t":2,"tick":28119,"type":"hit"}
[client] {"a":7,"dup":false,"ev":"game","ms":471266,"predicted":false,"t":2,"tick":28138,"type":"hit"}
[client] {"a":5,"dup":false,"ev":"game","ms":471335,"predicted":false,"t":2,"tick":28142,"type":"hit"}
[client] {"a":9,"dup":false,"ev":"game","ms":471370,"predicted":false,"t":2,"tick":28144,"type":"hit"}
[client] {"a":2,"dup":false,"ev":"game","ms":472536,"predicted":false,"t":7,"tick":28214,"type":"hit"}
[client] {"a":2,"dup":false,"ev":"game","ms":472536,"predicted":false,"t":8,"tick":28214,"type":"hit"}
[client] {"a":2,"dup":false,"ev":"game","ms":472536,"predicted":false,"t":9,"tick":28214,"type":"hit"}
[client] {"a":6,"dup":true,"ev":"game","ms":472923,"predicted":false,"t":2,"tick":28243,"type":"hit"}
[client] {"a":5,"dup":false,"ev":"game","ms":473171,"predicted":false,"t":2,"tick":28253,"type":"hit"}
[client] {"a":6,"dup":true,"ev":"game","ms":473274,"predicted":false,"t":2,"tick":28263,"type":"hit"}
[client] {"a":5,"dup":false,"ev":"game","ms":473654,"predicted":false,"t":2,"tick":28282,"type":"hit"}
[client] {"a":8,"dup":false,"ev":"game","ms":474478,"predicted":false,"t":2,"tick":28331,"type":"hit"}
[client] {"a":5,"dup":false,"ev":"game","ms":474526,"predicted":false,"t":2,"tick":28334,"type":"hit"}
[client] {"a":2,"dup":false,"ev":"game","ms":474527,"predicted":false,"t":-1,"tick":28334,"type":"ko"}
[client] {"counts":{"blocks_on_me":0,"conf_actions":303,"confirmed_hits":1350,"dup_confirmed":0,"hits_on_me":125,"pred_actions":318,"predicted_confirmed":150,"predicted_hits":333,"reconnects":0},"ev":"stats","hp":145.2,"in_bytes":6297645,"late":0,"local_entity":6,"match":{"countdown_until":300,"ctrl":1,"final":true,"next":"","phase":3,"rot":734,"scores":[47,48],"sd":false,"state":2,"tick":28066,"zone":"A"},"max_err":2.027,"mean_err":0.0207,"ms":474960,"out_bytes":1389901,"pending":7,"pos":[-40.05,-2.27],"reconciles":9435,"server_tick":28364,"snaps":9447,"teleports":11}
[client] {"a":6,"dup":true,"ev":"game","ms":476458,"predicted":false,"t":3,"tick":28455,"type":"hit"}
[client] {"a":6,"dup":true,"ev":"game","ms":476729,"predicted":false,"t":3,"tick":28470,"type":"hit"}
[client] {"a":3,"dup":false,"ev":"game","ms":478190,"predicted":false,"t":5,"tick":28554,"type":"hit"}
[client] {"a":6,"dup":true,"ev":"game","ms":478742,"predicted":false,"t":3,"tick":28592,"type":"hit"}
[client] {"a":7,"dup":false,"ev":"game","ms":478825,"predicted":false,"t":3,"tick":28592,"type":"hit"}
[client] {"a":7,"dup":false,"ev":"game","ms":479142,"predicted":false,"t":3,"tick":28611,"type":"hit"}
[client] {"a":6,"dup":true,"ev":"game","ms":479163,"predicted":false,"t":0,"tick":28617,"type":"hit"}
[client] {"a":3,"dup":false,"ev":"game","ms":479453,"predicted":false,"t":7,"tick":28630,"type":"hit"}
[client] {"a":0,"dup":false,"ev":"game","ms":479604,"predicted":false,"t":5,"tick":28639,"type":"hit"}
[client] {"a":0,"dup":false,"ev":"game","ms":479922,"predicted":false,"t":5,"tick":28657,"type":"hit"}
[client] {"counts":{"blocks_on_me":0,"conf_actions":307,"confirmed_hits":1360,"dup_confirmed":0,"hits_on_me":125,"pred_actions":322,"predicted_confirmed":154,"predicted_hits":341,"reconnects":0},"ev":"stats","hp":145.2,"in_bytes":6363932,"late":0,"local_entity":6,"match":{"countdown_until":300,"ctrl":-1,"final":true,"next":"","phase":3,"rot":434,"scores":[47,48],"sd":false,"state":3,"tick":28366,"zone":"A"},"max_err":2.027,"mean_err":0.0207,"ms":479956,"out_bytes":1404601,"pending":7,"pos":[-41.52,-1.05],"reconciles":9535,"server_tick":28664,"snaps":9547,"teleports":11}
[client] {"a":6,"dup":true,"ev":"game","ms":479970,"predicted":false,"t":0,"tick":28666,"type":"hit"}
[client] {"a":1,"dup":false,"ev":"game","ms":480205,"predicted":false,"t":7,"tick":28674,"type":"hit"}
[client] {"a":5,"dup":false,"ev":"game","ms":480287,"predicted":false,"t":0,"tick":28680,"type":"hit"}
[client] {"a":3,"dup":false,"ev":"game","ms":480558,"predicted":false,"t":6,"tick":28696,"type":"hit"}
[client] {"a":6,"dup":true,"ev":"game","ms":480839,"predicted":false,"t":3,"tick":28718,"type":"hit"}
[client] {"a":8,"dup":false,"ev":"game","ms":480984,"predicted":false,"t":0,"tick":28721,"type":"hit"}
[client] {"a":0,"dup":false,"ev":"game","ms":481336,"predicted":false,"t":8,"tick":28742,"type":"hit"}
[client] {"a":1,"dup":false,"ev":"game","ms":481336,"predicted":false,"t":6,"tick":28742,"type":"hit"}
[client] {"a":7,"dup":false,"ev":"game","ms":481406,"predicted":false,"t":1,"tick":28746,"type":"hit"}
[client] {"a":7,"dup":false,"ev":"game","ms":481474,"predicted":false,"t":3,"tick":28750,"type":"hit"}
[client] {"a":8,"dup":false,"ev":"game","ms":481723,"predicted":false,"t":0,"tick":28765,"type":"hit"}
[client] {"a":5,"dup":false,"ev":"game","ms":482772,"predicted":false,"t":3,"tick":28828,"type":"hit"}
[client] {"a":7,"dup":false,"ev":"game","ms":482772,"predicted":false,"t":3,"tick":28828,"type":"hit"}
[client] {"a":1,"dup":false,"ev":"game","ms":482889,"predicted":false,"t":7,"tick":28835,"type":"hit"}
[client] {"a":6,"dup":true,"ev":"game","ms":482972,"predicted":false,"t":3,"tick":28845,"type":"hit"}
[client] {"a":5,"dup":false,"ev":"game","ms":483103,"predicted":false,"t":3,"tick":28848,"type":"hit"}
[client] {"a":5,"dup":false,"ev":"game","ms":483158,"predicted":false,"t":1,"tick":28851,"type":"hit"}
[client] {"a":4,"dup":false,"ev":"game","ms":483172,"predicted":false,"t":7,"tick":28852,"type":"hit"}
[client] {"a":8,"dup":false,"ev":"game","ms":483172,"predicted":false,"t":0,"tick":28852,"type":"hit"}
[client] {"a":4,"dup":false,"ev":"game","ms":483206,"predicted":false,"t":6,"tick":28854,"type":"hit"}
[client] {"a":3,"dup":false,"ev":"game","ms":483420,"predicted":false,"t":5,"tick":28867,"type":"hit"}
[client] {"a":0,"dup":false,"ev":"game","ms":483537,"predicted":false,"t":8,"tick":28874,"type":"hit"}
[client] {"a":9,"dup":false,"ev":"game","ms":483703,"predicted":false,"t":4,"tick":28884,"type":"hit"}
[client] {"a":3,"dup":false,"ev":"game","ms":483738,"predicted":false,"t":5,"tick":28886,"type":"hit"}
[client] {"a":1,"dup":false,"ev":"game","ms":483807,"predicted":false,"t":5,"tick":28890,"type":"hit"}
[client] {"a":8,"dup":false,"ev":"game","ms":483924,"predicted":false,"t":0,"tick":28897,"type":"hit"}
[client] {"a":0,"dup":false,"ev":"game","ms":484276,"predicted":false,"t":8,"tick":28918,"type":"hit"}
[client] {"a":6,"dup":true,"ev":"game","ms":484289,"predicted":false,"t":3,"tick":28925,"type":"hit"}
[client] {"a":7,"dup":false,"ev":"game","ms":484441,"predicted":false,"t":3,"tick":28928,"type":"hit"}
[client] {"a":9,"dup":false,"ev":"game","ms":484441,"predicted":false,"t":3,"tick":28928,"type":"hit"}
[client] {"a":3,"dup":false,"ev":"game","ms":484441,"predicted":false,"t":-1,"tick":28928,"type":"ko"}
[client] {"a":2,"dup":false,"ev":"game","ms":484538,"predicted":false,"t":-1,"tick":28934,"type":"respawn"}
[client] {"a":7,"dup":false,"ev":"game","ms":484876,"predicted":false,"t":4,"tick":28954,"type":"hit"}
[client] {"a":0,"dup":false,"ev":"game","ms":484890,"predicted":false,"t":8,"tick":28955,"type":"hit"}
[client] {"a":7,"dup":false,"ev":"game","ms":484924,"predicted":false,"t":1,"tick":28957,"type":"hit"}
[client] {"counts":{"blocks_on_me":0,"conf_actions":313,"confirmed_hits":1393,"dup_confirmed":0,"hits_on_me":128,"pred_actions":329,"predicted_confirmed":158,"predicted_hits":346,"reconnects":0},"ev":"stats","hp":71.1999999999998,"in_bytes":6440562,"late":0,"local_entity":6,"match":{"countdown_until":300,"ctrl":-1,"final":true,"next":"","phase":3,"rot":137,"scores":[47,48],"sd":false,"state":3,"tick":28663,"zone":"A"},"max_err":2.027,"mean_err":0.021,"ms":484958,"out_bytes":1419301,"pending":7,"pos":[-42.35,-0.34],"reconciles":9635,"server_tick":28964,"snaps":9646,"teleports":11}
[client] {"a":4,"dup":false,"ev":"game","ms":485456,"predicted":false,"t":7,"tick":28989,"type":"hit"}
[client] {"a":1,"dup":false,"ev":"game","ms":485656,"predicted":false,"t":7,"tick":29001,"type":"hit"}
[client] {"a":4,"dup":false,"ev":"game","ms":485961,"predicted":false,"t":7,"tick":29019,"type":"hit"}
[client] {"a":1,"dup":false,"ev":"game","ms":486008,"predicted":false,"t":7,"tick":29022,"type":"hit"}
[client] {"a":5,"dup":false,"ev":"game","ms":486339,"predicted":false,"t":0,"tick":29042,"type":"hit"}
[client] {"a":7,"dup":false,"ev":"game","ms":486408,"predicted":false,"t":4,"tick":29046,"type":"hit"}
[client] {"a":0,"dup":false,"ev":"game","ms":486731,"predicted":false,"t":5,"tick":29065,"type":"hit"}
[client] {"a":7,"dup":false,"ev":"game","ms":486732,"predicted":false,"t":4,"tick":29065,"type":"hit"}
[client] {"a":1,"dup":false,"ev":"game","ms":487042,"predicted":false,"t":7,"tick":29084,"type":"hit"}
[client] {"a":5,"dup":false,"ev":"game","ms":487105,"predicted":false,"t":0,"tick":29088,"type":"hit"}
[client] {"a":8,"dup":false,"ev":"game","ms":487105,"predicted":false,"t":0,"tick":29088,"type":"hit"}
[client] {"duration_s":480.0,"ev":"results","ms":487318,"reason":"time","score":[47,48],"winner":1}
[client] {"counts":{"blocks_on_me":0,"conf_actions":316,"confirmed_hits":1404,"dup_confirmed":0,"hits_on_me":128,"pred_actions":332,"predicted_confirmed":158,"predicted_hits":346,"reconnects":0},"ev":"stats","hp":71.1999999999998,"in_bytes":6475184,"late":0,"local_entity":6,"match":{"countdown_until":300,"ctrl":-1,"final":true,"next":"","phase":3,"rot":2,"scores":[47,48],"sd":false,"state":3,"tick":28798,"zone":"A"},"max_err":2.027,"mean_err":0.0209,"ms":487318,"out_bytes":1426259,"pending":14,"pos":[-42.36,-0.79],"reconciles":9680,"server_tick":29106,"snaps":9691,"teleports":11}
[client] {"a":-1,"dup":false,"ev":"game","ms":487339,"predicted":false,"t":-1,"tick":29099,"type":"match_end"}
ERROR: Attempt to disconnect a nonexistent connection from 'Net:<Node#47596963389>'. Signal: 'tree_exited', callable: ''.
   at: _disconnect (core/object/object.cpp:1644)
