Godot Engine v4.7.2.stable.official.ed1daf0bf - https://godotengine.org

[client] {"detail":"127.0.0.1:24610","ev":"status","ms":0,"status":"connecting"}
[client] {"detail":"","ev":"status","ms":56,"status":"connected"}
[client] {"ev":"welcome","ms":62,"observer":false,"pid":5}
[client] {"ev":"pick","f":"vex","ms":228}
[client] {"ev":"lock","f":"vex","ms":1029}
[client] {"ev":"match_setup","fighters":10,"ms":2067,"you":7}
[client] {"counts":{"blocks_on_me":0,"conf_actions":0,"confirmed_hits":0,"dup_confirmed":0,"hits_on_me":0,"pred_actions":0,"predicted_confirmed":0,"predicted_hits":0,"reconnects":0},"ev":"stats","hp":220.0,"in_bytes":97967,"late":0,"local_entity":7,"match":{"countdown_until":300,"ctrl":-1,"final":false,"next":"","phase":2,"rot":3600,"scores":[0,0],"sd":false,"state":1,"tick":0,"zone":""},"max_err":0.642,"mean_err":0.2287,"ms":4905,"out_bytes":8395,"pending":7,"pos":[0.21,47.75],"reconciles":54,"server_tick":170,"snaps":56,"teleports":1}
[client] {"counts":{"blocks_on_me":0,"conf_actions":0,"confirmed_hits":0,"dup_confirmed":0,"hits_on_me":0,"pred_actions":0,"predicted_confirmed":0,"predicted_hits":0,"reconnects":0},"ev":"stats","hp":220.0,"in_bytes":142865,"late":0,"local_entity":7,"match":{"countdown_until":300,"ctrl":-1,"final":false,"next":"","phase":3,"rot":3428,"scores":[0,0],"sd":false,"state":1,"tick":172,"zone":"B"},"max_err":0.642,"mean_err":0.1421,"ms":9908,"out_bytes":23095,"pending":7,"pos":[1.82,30.11],"reconciles":154,"server_tick":470,"snaps":156,"teleports":1}
[client] {"a":6,"dup":false,"ev":"game","ms":14629,"predicted":false,"t":1,"tick":749,"type":"hit"}
[client] {"counts":{"blocks_on_me":0,"conf_actions":1,"confirmed_hits":1,"dup_confirmed":0,"hits_on_me":0,"pred_actions":1,"predicted_confirmed":0,"predicted_hits":0,"reconnects":0},"ev":"stats","hp":220.0,"in_bytes":205574,"late":0,"local_entity":7,"match":{"countdown_until":300,"ctrl":-1,"final":false,"next":"","phase":3,"rot":3128,"scores":[0,0],"sd":false,"state":3,"tick":472,"zone":"B"},"max_err":0.642,"mean_err":0.0888,"ms":14910,"out_bytes":37795,"pending":7,"pos":[-3.26,0.0],"reconciles":254,"server_tick":770,"snaps":256,"teleports":1}
[client] {"a":6,"dup":false,"ev":"game","ms":15629,"predicted":false,"t":3,"tick":809,"type":"hit"}
[client] {"a":0,"dup":false,"ev":"game","ms":15760,"predicted":false,"t":8,"tick":817,"type":"hit"}
[client] {"a":2,"dup":false,"ev":"game","ms":15960,"predicted":false,"t":9,"tick":829,"type":"hit"}
[client] {"a":7,"dup":true,"ev":"game","ms":16078,"predicted":false,"t":2,"tick":841,"type":"hit"}
[client] {"a":1,"dup":false,"ev":"game","ms":16229,"predicted":false,"t":6,"tick":845,"type":"hit"}
[client] {"a":7,"dup":true,"ev":"game","ms":16464,"predicted":false,"t":2,"tick":864,"type":"hit"}
[client] {"a":9,"dup":false,"ev":"game","ms":16491,"predicted":false,"t":4,"tick":861,"type":"hit"}
[client] {"a":9,"dup":false,"ev":"game","ms":16526,"predicted":false,"t":3,"tick":863,"type":"hit"}
[client] {"a":0,"dup":false,"ev":"game","ms":16678,"predicted":false,"t":8,"tick":872,"type":"hit"}
[client] {"a":5,"dup":false,"ev":"game","ms":16829,"predicted":false,"t":4,"tick":881,"type":"hit"}
[client] {"a":5,"dup":false,"ev":"game","ms":16878,"predicted":false,"t":3,"tick":884,"type":"hit"}
[client] {"a":1,"dup":false,"ev":"game","ms":17113,"predicted":false,"t":7,"tick":898,"type":"hit"}
[client] {"a":8,"dup":false,"ev":"game","ms":17478,"predicted":false,"t":3,"tick":920,"type":"hit"}
[client] {"a":1,"dup":false,"ev":"game","ms":18010,"predicted":false,"t":6,"tick":952,"type":"hit"}
[client] {"a":2,"dup":false,"ev":"game","ms":18196,"predicted":false,"t":6,"tick":963,"type":"hit"}
[client] {"a":3,"dup":false,"ev":"game","ms":18196,"predicted":false,"t":8,"tick":963,"type":"hit"}
[client] {"a":3,"dup":false,"ev":"game","ms":18548,"predicted":false,"t":8,"tick":984,"type":"hit"}
[client] {"a":1,"dup":false,"ev":"game","ms":18748,"predicted":false,"t":5,"tick":996,"type":"hit"}
[client] {"a":1,"dup":false,"ev":"game","ms":18748,"predicted":false,"t":6,"tick":996,"type":"hit"}
[client] {"a":1,"dup":false,"ev":"game","ms":18782,"predicted":false,"t":9,"tick":998,"type":"hit"}
[client] {"a":3,"dup":false,"ev":"game","ms":18866,"predicted":false,"t":8,"tick":1003,"type":"hit"}
[client] {"a":4,"dup":false,"ev":"game","ms":18948,"predicted":false,"t":5,"tick":1008,"type":"hit"}
[client] {"a":7,"dup":true,"ev":"game","ms":19272,"predicted":false,"t":1,"tick":1033,"type":"hit"}
[client] {"a":4,"dup":false,"ev":"game","ms":19403,"predicted":false,"t":5,"tick":1036,"type":"hit"}
[client] {"a":0,"dup":false,"ev":"game","ms":19424,"predicted":false,"t":5,"tick":1037,"type":"hit"}
[client] {"a":4,"dup":false,"ev":"game","ms":19459,"predicted":false,"t":6,"tick":1039,"type":"hit"}
[client] {"a":2,"dup":false,"ev":"game","ms":19486,"predicted":false,"t":7,"tick":1041,"type":"hit"}
[client] {"a":3,"dup":false,"ev":"game","ms":19542,"predicted":false,"t":8,"tick":1044,"type":"hit"}
[client] {"a":9,"dup":false,"ev":"game","ms":19624,"predicted":false,"t":4,"tick":1049,"type":"hit"}
[client] {"a":0,"dup":false,"ev":"game","ms":19742,"predicted":false,"t":9,"tick":1056,"type":"hit"}
[client] {"a":2,"dup":false,"ev":"game","ms":19742,"predicted":false,"t":7,"tick":1056,"type":"hit"}
[client] {"a":5,"dup":false,"ev":"game","ms":19824,"predicted":false,"t":4,"tick":1061,"type":"hit"}
[client] {"counts":{"blocks_on_me":0,"conf_actions":9,"confirmed_hits":33,"dup_confirmed":0,"hits_on_me":3,"pred_actions":9,"predicted_confirmed":3,"predicted_hits":4,"reconnects":0},"ev":"stats","hp":148.0,"in_bytes":283528,"late":0,"local_entity":7,"match":{"countdown_until":300,"ctrl":-1,"final":false,"next":"","phase":3,"rot":2828,"scores":[0,0],"sd":false,"state":3,"tick":772,"zone":"B"},"max_err":1.408,"mean_err":0.0702,"ms":19906,"out_bytes":52495,"pending":7,"pos":[-2.51,-1.09],"reconciles":354,"server_tick":1070,"snaps":356,"teleports":1}
[client] {"a":1,"dup":false,"ev":"game","ms":19956,"predicted":false,"t":6,"tick":1069,"type":"block"}
[client] {"a":5,"dup":false,"ev":"game","ms":20059,"predicted":false,"t":0,"tick":1075,"type":"hit"}
[client] {"a":5,"dup":false,"ev":"game","ms":20059,"predicted":false,"t":4,"tick":1075,"type":"hit"}
[client] {"a":9,"dup":false,"ev":"game","ms":20076,"predicted":false,"t":1,"tick":1076,"type":"hit"}
[client] {"a":5,"dup":false,"ev":"game","ms":20521,"predicted":false,"t":4,"tick":1103,"type":"hit"}
[client] {"a":2,"dup":false,"ev":"game","ms":20604,"predicted":false,"t":7,"tick":1108,"type":"hit"}
[client] {"a":1,"dup":false,"ev":"game","ms":20742,"predicted":false,"t":7,"tick":1116,"type":"hit"}
[client] {"a":5,"dup":false,"ev":"game","ms":20838,"predicted":false,"t":4,"tick":1122,"type":"hit"}
[client] {"a":5,"dup":false,"ev":"game","ms":20887,"predicted":false,"t":0,"tick":1125,"type":"hit"}
[client] {"a":8,"dup":false,"ev":"game","ms":20887,"predicted":false,"t":3,"tick":1125,"type":"hit"}
[client] {"a":5,"dup":false,"ev":"game","ms":21177,"predicted":false,"t":4,"tick":1142,"type":"hit"}
[client] {"a":5,"dup":false,"ev":"game","ms":21204,"predicted":false,"t":0,"tick":1144,"type":"hit"}
[client] {"a":1,"dup":false,"ev":"game","ms":21425,"predicted":false,"t":7,"tick":1157,"type":"hit"}
[client] {"a":2,"dup":false,"ev":"game","ms":21542,"predicted":false,"t":7,"tick":1164,"type":"hit"}
[client] {"a":8,"dup":false,"ev":"game","ms":21625,"predicted":false,"t":0,"tick":1169,"type":"hit"}
[client] {"a":4,"dup":false,"ev":"game","ms":21708,"predicted":false,"t":5,"tick":1174,"type":"hit"}
[client] {"a":9,"dup":false,"ev":"game","ms":22108,"predicted":false,"t":3,"tick":1198,"type":"hit"}
[client] {"a":1,"dup":false,"ev":"game","ms":22191,"predicted":false,"t":7,"tick":1203,"type":"hit"}
[client] {"a":8,"dup":false,"ev":"game","ms":22226,"predicted":false,"t":0,"tick":1205,"type":"hit"}
[client] {"a":5,"dup":false,"ev":"game","ms":22356,"predicted":false,"t":3,"tick":1213,"type":"hit"}
[client] {"a":2,"dup":false,"ev":"game","ms":22391,"predicted":false,"t":5,"tick":1215,"type":"hit"}
[client] {"a":0,"dup":false,"ev":"game","ms":22577,"predicted":false,"t":8,"tick":1226,"type":"hit"}
[client] {"a":9,"dup":false,"ev":"game","ms":22743,"predicted":false,"t":4,"tick":1236,"type":"hit"}
[client] {"a":7,"dup":true,"ev":"game","ms":22826,"predicted":false,"t":1,"tick":1245,"type":"hit"}
[client] {"a":8,"dup":false,"ev":"game","ms":22943,"predicted":false,"t":0,"tick":1248,"type":"hit"}
[client] {"a":3,"dup":false,"ev":"game","ms":23178,"predicted":false,"t":6,"tick":1262,"type":"hit"}
[client] {"a":0,"dup":false,"ev":"game","ms":23289,"predicted":false,"t":8,"tick":1269,"type":"hit"}
[client] {"a":3,"dup":false,"ev":"game","ms":23489,"predicted":false,"t":6,"tick":1280,"type":"hit"}
[client] {"a":1,"dup":false,"ev":"game","ms":23599,"predicted":false,"t":7,"tick":1287,"type":"hit"}
[client] {"a":9,"dup":false,"ev":"game","ms":23621,"predicted":false,"t":2,"tick":1288,"type":"hit"}
[client] {"a":8,"dup":false,"ev":"game","ms":23821,"predicted":false,"t":0,"tick":1300,"type":"hit"}
[client] {"a":5,"dup":false,"ev":"game","ms":23855,"predicted":false,"t":2,"tick":1303,"type":"hit"}
[client] {"a":5,"dup":false,"ev":"game","ms":23855,"predicted":false,"t":4,"tick":1303,"type":"hit"}
[client] {"a":7,"dup":true,"ev":"game","ms":23855,"predicted":false,"t":1,"tick":1308,"type":"hit"}
[client] {"a":9,"dup":false,"ev":"game","ms":24104,"predicted":false,"t":2,"tick":1318,"type":"hit"}
[client] {"a":3,"dup":false,"ev":"game","ms":24117,"predicted":false,"t":6,"tick":1319,"type":"hit"}
[client] {"a":3,"dup":false,"ev":"game","ms":24152,"predicted":false,"t":9,"tick":1321,"type":"hit"}
[client] {"a":7,"dup":true,"ev":"game","ms":24172,"predicted":false,"t":1,"tick":1327,"type":"hit"}
[client] {"a":0,"dup":false,"ev":"game","ms":24186,"predicted":false,"t":8,"tick":1323,"type":"hit"}
[client] {"a":5,"dup":false,"ev":"game","ms":24352,"predicted":false,"t":4,"tick":1333,"type":"hit"}
[client] {"a":2,"dup":false,"ev":"game","ms":24469,"predicted":false,"t":5,"tick":1340,"type":"hit"}
[client] {"a":8,"dup":false,"ev":"game","ms":24586,"predicted":false,"t":0,"tick":1347,"type":"hit"}
[client] {"a":2,"dup":false,"ev":"game","ms":24800,"predicted":false,"t":5,"tick":1360,"type":"hit"}
[client] {"a":2,"dup":false,"ev":"game","ms":24835,"predicted":false,"t":6,"tick":1362,"type":"hit"}
[client] {"a":4,"dup":false,"ev":"game","ms":24835,"predicted":false,"t":5,"tick":1362,"type":"hit"}
[client] {"a":4,"dup":false,"ev":"game","ms":24835,"predicted":false,"t":6,"tick":1362,"type":"hit"}
[client] {"a":7,"dup":true,"ev":"game","ms":24835,"predicted":false,"t":1,"tick":1367,"type":"hit"}
[client] {"counts":{"blocks_on_me":0,"conf_actions":19,"confirmed_hits":79,"dup_confirmed":0,"hits_on_me":9,"pred_actions":19,"predicted_confirmed":7,"predicted_hits":13,"reconnects":0},"ev":"stats","hp":34.0,"in_bytes":369431,"late":0,"local_entity":7,"match":{"countdown_until":300,"ctrl":-1,"final":false,"next":"","phase":3,"rot":2528,"scores":[0,0],"sd":false,"state":3,"tick":1072,"zone":"B"},"max_err":1.408,"mean_err":0.0617,"ms":24903,"out_bytes":67195,"pending":7,"pos":[-2.35,-1.62],"reconciles":454,"server_tick":1370,"snaps":456,"teleports":1}
[client] {"a":3,"dup":false,"ev":"game","ms":25173,"predicted":false,"t":5,"tick":1382,"type":"hit"}
[client] {"a":5,"dup":false,"ev":"game","ms":25173,"predicted":false,"t":-1,"tick":1382,"type":"ko"}
[client] {"a":0,"dup":false,"ev":"game","ms":25457,"predicted":false,"t":6,"tick":1399,"type":"hit"}
[client] {"a":4,"dup":false,"ev":"game","ms":25518,"predicted":false,"t":6,"tick":1403,"type":"hit"}
[client] {"a":6,"dup":false,"ev":"game","ms":25518,"predicted":false,"t":-1,"tick":1403,"type":"ko"}
[client] {"a":0,"dup":false,"ev":"game","ms":25773,"predicted":false,"t":9,"tick":1418,"type":"hit"}
[client] {"a":0,"dup":false,"ev":"game","ms":26173,"predicted":false,"t":9,"tick":1442,"type":"hit"}
[client] {"a":4,"dup":false,"ev":"game","ms":26187,"predicted":false,"t":9,"tick":1443,"type":"hit"}
[client] {"a":1,"dup":false,"ev":"game","ms":26290,"predicted":false,"t":8,"tick":1449,"type":"hit"}
[client] {"a":8,"dup":false,"ev":"game","ms":26290,"predicted":false,"t":-1,"tick":1449,"type":"ko"}
[client] {"a":9,"dup":false,"ev":"game","ms":26518,"predicted":false,"t":0,"tick":1463,"type":"hit"}
[client] {"a":9,"dup":false,"ev":"game","ms":26822,"predicted":false,"t":0,"tick":1481,"type":"hit"}
[client] {"a":7,"dup":true,"ev":"game","ms":26822,"predicted":false,"t":1,"tick":1486,"type":"hit"}
[client] {"a":9,"dup":false,"ev":"game","ms":26857,"predicted":false,"t":4,"tick":1483,"type":"hit"}
[client] {"a":0,"dup":false,"ev":"game","ms":27174,"predicted":false,"t":9,"tick":1502,"type":"hit"}
[client] {"a":4,"dup":false,"ev":"game","ms":27401,"predicted":false,"t":9,"tick":1516,"type":"hit"}
[client] {"a":2,"dup":false,"ev":"game","ms":27671,"predicted":false,"t":9,"tick":1532,"type":"hit"}
[client] {"a":7,"dup":true,"ev":"game","ms":27940,"predicted":false,"t":3,"tick":1553,"type":"hit"}
[client] {"a":3,"dup":false,"ev":"game","ms":28506,"predicted":false,"t":7,"tick":1582,"type":"hit"}
[client] {"a":7,"dup":false,"ev":"game","ms":28774,"predicted":false,"t":-1,"tick":1603,"type":"ko"}
[client] {"a":4,"dup":false,"ev":"game","ms":28857,"predicted":false,"t":7,"tick":1603,"type":"hit"}
[client] {"a":0,"dup":false,"ev":"game","ms":29755,"predicted":false,"t":9,"tick":1657,"type":"hit"}
[client] {"a":9,"dup":false,"ev":"game","ms":29755,"predicted":false,"t":-1,"tick":1657,"type":"ko"}
[client] {"counts":{"blocks_on_me":0,"conf_actions":24,"confirmed_hits":97,"dup_confirmed":0,"hits_on_me":11,"pred_actions":24,"predicted_confirmed":9,"predicted_hits":20,"reconnects":0},"ev":"stats","hp":0.0,"in_bytes":442940,"late":0,"local_entity":7,"match":{"countdown_until":300,"ctrl":0,"final":false,"next":"","phase":3,"rot":2228,"scores":[0,0],"sd":false,"state":2,"tick":1372,"zone":"B"},"max_err":1.408,"mean_err":0.052,"ms":29905,"out_bytes":81895,"pending":7,"pos":[-1.4,-3.07],"reconciles":554,"server_tick":1670,"snaps":556,"teleports":1}
[client] {"counts":{"blocks_on_me":0,"conf_actions":24,"confirmed_hits":97,"dup_confirmed":0,"hits_on_me":11,"pred_actions":24,"predicted_confirmed":9,"predicted_hits":20,"reconnects":0},"ev":"stats","hp":0.0,"in_bytes":492538,"late":0,"local_entity":7,"match":{"countdown_until":300,"ctrl":0,"final":false,"next":"","phase":3,"rot":1928,"scores":[5,0],"sd":false,"state":2,"tick":1672,"zone":"B"},"max_err":1.408,"mean_err":0.044,"ms":34908,"out_bytes":96595,"pending":7,"pos":[-1.4,-3.07],"reconciles":654,"server_tick":1970,"snaps":656,"teleports":1}
[client] {"a":5,"dup":false,"ev":"game","ms":35178,"predicted":false,"t":-1,"tick":1982,"type":"respawn"}
[client] {"a":6,"dup":false,"ev":"game","ms":35529,"predicted":false,"t":-1,"tick":2003,"type":"respawn"}
[client] {"a":8,"dup":false,"ev":"game","ms":36295,"predicted":false,"t":-1,"tick":2049,"type":"respawn"}
[client] {"a":7,"dup":false,"ev":"game","ms":38772,"predicted":false,"t":-1,"tick":2203,"type":"respawn"}
[client] {"a":9,"dup":false,"ev":"game","ms":39753,"predicted":false,"t":-1,"tick":2257,"type":"respawn"}
[client] {"counts":{"blocks_on_me":0,"conf_actions":25,"confirmed_hits":97,"dup_confirmed":0,"hits_on_me":11,"pred_actions":24,"predicted_confirmed":9,"predicted_hits":20,"reconnects":0},"ev":"stats","hp":220.0,"in_bytes":545754,"late":0,"local_entity":7,"match":{"countdown_until":300,"ctrl":0,"final":false,"next":"","phase":3,"rot":1628,"scores":[10,0],"sd":false,"state":2,"tick":1972,"zone":"B"},"max_err":1.408,"mean_err":0.0382,"ms":39903,"out_bytes":111295,"pending":7,"pos":[-5.1,43.73],"reconciles":753,"server_tick":2270,"snaps":756,"teleports":2}
[client] {"a":1,"dup":false,"ev":"game","ms":43251,"predicted":false,"t":5,"tick":2466,"type":"hit"}
[client] {"a":8,"dup":false,"ev":"game","ms":43320,"predicted":false,"t":3,"tick":2470,"type":"hit"}
[client] {"a":1,"dup":false,"ev":"game","ms":43851,"predicted":false,"t":8,"tick":2502,"type":"hit"}
[client] {"a":8,"dup":false,"ev":"game","ms":44231,"predicted":false,"t":3,"tick":2525,"type":"hit"}
[client] {"a":6,"dup":false,"ev":"game","ms":44334,"predicted":false,"t":3,"tick":2531,"type":"hit"}
[client] {"a":1,"dup":false,"ev":"game","ms":44748,"predicted":false,"t":8,"tick":2556,"type":"hit"}
[client] {"counts":{"blocks_on_me":0,"conf_actions":25,"confirmed_hits":103,"dup_confirmed":0,"hits_on_me":11,"pred_actions":24,"predicted_confirmed":9,"predicted_hits":20,"reconnects":0},"ev":"stats","hp":220.0,"in_bytes":610274,"late":0,"local_entity":7,"match":{"countdown_until":300,"ctrl":-1,"final":false,"next":"","phase":3,"rot":1331,"scores":[11,0],"sd":false,"state":3,"tick":2269,"zone":"B"},"max_err":1.408,"mean_err":0.0338,"ms":44899,"out_bytes":125995,"pending":7,"pos":[-2.56,9.19],"reconciles":853,"server_tick":2570,"snaps":855,"teleports":2}
[client] {"a":2,"dup":false,"ev":"game","ms":45300,"predicted":false,"t":5,"tick":2589,"type":"hit"}
[client] {"a":6,"dup":false,"ev":"game","ms":45321,"predicted":false,"t":1,"tick":2590,"type":"hit"}
[client] {"a":2,"dup":false,"ev":"game","ms":45631,"predicted":false,"t":5,"tick":2609,"type":"hit"}
[client] {"a":6,"dup":false,"ev":"game","ms":45652,"predicted":false,"t":1,"tick":2610,"type":"hit"}
[client] {"a":8,"dup":false,"ev":"game","ms":45970,"predicted":false,"t":1,"tick":2629,"type":"hit"}
[client] {"a":4,"dup":false,"ev":"game","ms":45984,"predicted":false,"t":6,"tick":2630,"type":"hit"}
[client] {"a":5,"dup":false,"ev":"game","ms":45984,"predicted":false,"t":2,"tick":2630,"type":"hit"}
[client] {"a":4,"dup":false,"ev":"game","ms":46301,"predicted":false,"t":6,"tick":2649,"type":"hit"}
[client] {"a":2,"dup":false,"ev":"game","ms":46370,"predicted":false,"t":5,"tick":2653,"type":"hit"}
[client] {"a":2,"dup":false,"ev":"game","ms":46604,"predicted":false,"t":5,"tick":2667,"type":"hit"}
[client] {"a":6,"dup":false,"ev":"game","ms":48040,"predicted":false,"t":4,"tick":2753,"type":"hit"}
[client] {"a":3,"dup":false,"ev":"game","ms":48053,"predicted":false,"t":9,"tick":2754,"type":"hit"}
[client] {"a":0,"dup":false,"ev":"game","ms":48350,"predicted":false,"t":6,"tick":2772,"type":"hit"}
[client] {"a":1,"dup":false,"ev":"game","ms":48488,"predicted":false,"t":7,"tick":2780,"type":"hit"}
[client] {"a":6,"dup":false,"ev":"game","ms":48723,"predicted":false,"t":4,"tick":2794,"type":"hit"}
[client] {"a":7,"dup":true,"ev":"game","ms":48805,"predicted":false,"t":4,"tick":2804,"type":"hit"}
[client] {"a":0,"dup":false,"ev":"game","ms":49006,"predicted":false,"t":6,"tick":2811,"type":"hit"}
[client] {"a":2,"dup":false,"ev":"game","ms":49006,"predicted":false,"t":5,"tick":2811,"type":"hit"}
[client] {"a":0,"dup":false,"ev":"game","ms":49054,"predicted":false,"t":7,"tick":2814,"type":"hit"}
[client] {"a":1,"dup":false,"ev":"game","ms":49123,"predicted":false,"t":7,"tick":2818,"type":"hit"}
[client] {"a":1,"dup":false,"ev":"game","ms":49151,"predicted":false,"t":6,"tick":2820,"type":"hit"}
[client] {"a":8,"dup":false,"ev":"game","ms":49385,"predicted":false,"t":2,"tick":2834,"type":"hit"}
[client] {"a":9,"dup":false,"ev":"game","ms":49454,"predicted":false,"t":4,"tick":2838,"type":"block"}
[client] {"a":6,"dup":false,"ev":"game","ms":49772,"predicted":false,"t":2,"tick":2857,"type":"hit"}
[client] {"a":0,"dup":false,"ev":"game","ms":49786,"predicted":false,"t":7,"tick":2858,"type":"hit"}
[client] {"a":0,"dup":false,"ev":"game","ms":49821,"predicted":false,"t":6,"tick":2860,"type":"hit"}
[client] {"counts":{"blocks_on_me":0,"conf_actions":31,"confirmed_hits":128,"dup_confirmed":0,"hits_on_me":15,"pred_actions":31,"predicted_confirmed":10,"predicted_hits":24,"reconnects":0},"ev":"stats","hp":108.0,"in_bytes":685926,"late":0,"local_entity":7,"match":{"countdown_until":300,"ctrl":-1,"final":false,"next":"","phase":3,"rot":1031,"scores":[11,0],"sd":false,"state":3,"tick":2569,"zone":"B"},"max_err":2.455,"mean_err":0.037,"ms":49902,"out_bytes":140695,"pending":7,"pos":[-2.25,-3.88],"reconciles":953,"server_tick":2870,"snaps":955,"teleports":2}
[client] {"a":1,"dup":false,"ev":"game","ms":49972,"predicted":false,"t":9,"tick":2869,"type":"hit"}
[client] {"a":7,"dup":true,"ev":"game","ms":50020,"predicted":false,"t":0,"tick":2877,"type":"hit"}
[client] {"a":7,"dup":true,"ev":"game","ms":50040,"predicted":false,"t":4,"tick":2878,"type":"hit"}
[client] {"a":7,"dup":true,"ev":"game","ms":50089,"predicted":false,"t":3,"tick":2882,"type":"hit"}
[client] {"a":2,"dup":false,"ev":"game","ms":50255,"predicted":false,"t":6,"tick":2886,"type":"hit"}
[client] {"a":2,"dup":false,"ev":"game","ms":50255,"predicted":false,"t":7,"tick":2886,"type":"hit"}
[client] {"a":1,"dup":false,"ev":"game","ms":50303,"predicted":false,"t":9,"tick":2889,"type":"hit"}
[client] {"a":5,"dup":false,"ev":"game","ms":50524,"predicted":false,"t":0,"tick":2902,"type":"hit"}
[client] {"a":5,"dup":false,"ev":"game","ms":50525,"predicted":false,"t":4,"tick":2902,"type":"hit"}
[client] {"a":8,"dup":false,"ev":"game","ms":50552,"predicted":false,"t":3,"tick":2904,"type":"hit"}
[client] {"a":2,"dup":false,"ev":"game","ms":50586,"predicted":false,"t":7,"tick":2906,"type":"hit"}
[client] {"a":1,"dup":false,"ev":"game","ms":50621,"predicted":false,"t":9,"tick":2908,"type":"hit"}
[client] {"a":6,"dup":false,"ev":"game","ms":50641,"predicted":false,"t":2,"tick":2909,"type":"hit"}
[client] {"a":3,"dup":false,"ev":"game","ms":50869,"predicted":false,"t":5,"tick":2923,"type":"hit"}
[client] {"a":3,"dup":false,"ev":"game","ms":50869,"predicted":false,"t":9,"tick":2923,"type":"hit"}
[client] {"a":8,"dup":false,"ev":"game","ms":50889,"predicted":false,"t":3,"tick":2924,"type":"hit"}
[client] {"a":7,"dup":true,"ev":"game","ms":50889,"predicted":false,"t":1,"tick":2930,"type":"hit"}
[client] {"a":7,"dup":true,"ev":"game","ms":50889,"predicted":false,"t":4,"tick":2930,"type":"hit"}
[client] {"a":2,"dup":false,"ev":"game","ms":51007,"predicted":false,"t":9,"tick":2931,"type":"hit"}
[client] {"a":0,"dup":false,"ev":"game","ms":51089,"predicted":false,"t":7,"tick":2936,"type":"hit"}
[client] {"a":5,"dup":false,"ev":"game","ms":51255,"predicted":false,"t":2,"tick":2946,"type":"hit"}
[client] {"a":1,"dup":false,"ev":"game","ms":51373,"predicted":false,"t":7,"tick":2953,"type":"hit"}
[client] {"a":6,"dup":false,"ev":"game","ms":51373,"predicted":false,"t":2,"tick":2953,"type":"hit"}
[client] {"a":8,"dup":false,"ev":"game","ms":51573,"predicted":false,"t":2,"tick":2965,"type":"hit"}
[client] {"a":1,"dup":false,"ev":"game","ms":51607,"predicted":false,"t":7,"tick":2967,"type":"hit"}
[client] {"a":5,"dup":false,"ev":"game","ms":51621,"predicted":false,"t":2,"tick":2968,"type":"hit"}
[client] {"a":1,"dup":false,"ev":"game","ms":51641,"predicted":false,"t":6,"tick":2969,"type":"hit"}
[client] {"a":8,"dup":false,"ev":"game","ms":51655,"predicted":false,"t":3,"tick":2970,"type":"hit"}
[client] {"a":2,"dup":false,"ev":"game","ms":52042,"predicted":false,"t":5,"tick":2993,"type":"hit"}
[client] {"a":2,"dup":false,"ev":"game","ms":52042,"predicted":false,"t":9,"tick":2993,"type":"hit"}
[client] {"a":1,"dup":false,"ev":"game","ms":52069,"predicted":false,"t":6,"tick":2995,"type":"hit"}
[client] {"a":1,"dup":false,"ev":"game","ms":52490,"predicted":false,"t":6,"tick":3020,"type":"block"}
[client] {"a":4,"dup":false,"ev":"game","ms":52725,"predicted":false,"t":6,"tick":3034,"type":"block"}
[client] {"a":1,"dup":false,"ev":"game","ms":52807,"predicted":false,"t":6,"tick":3039,"type":"block"}
[client] {"a":3,"dup":false,"ev":"game","ms":52890,"predicted":false,"t":6,"tick":3044,"type":"block"}
[client] {"a":8,"dup":false,"ev":"game","ms":52890,"predicted":false,"t":2,"tick":3044,"type":"hit"}
[client] {"a":3,"dup":false,"ev":"game","ms":53187,"predicted":false,"t":6,"tick":3062,"type":"hit"}
[client] {"a":8,"dup":false,"ev":"game","ms":53291,"predicted":false,"t":4,"tick":3068,"type":"hit"}
[client] {"a":7,"dup":true,"ev":"game","ms":53374,"predicted":false,"t":3,"tick":3078,"type":"hit"}
[client] {"a":7,"dup":true,"ev":"game","ms":53422,"predicted":false,"t":0,"tick":3081,"type":"hit"}
[client] {"a":3,"dup":false,"ev":"game","ms":53456,"predicted":false,"t":-1,"tick":3078,"type":"ko"}
[client] {"a":8,"dup":false,"ev":"game","ms":53525,"predicted":false,"t":4,"tick":3082,"type":"hit"}
[client] {"a":6,"dup":false,"ev":"game","ms":53559,"predicted":false,"t":1,"tick":3084,"type":"hit"}
[client] {"a":8,"dup":false,"ev":"game","ms":53587,"predicted":false,"t":0,"tick":3086,"type":"hit"}
[client] {"a":6,"dup":false,"ev":"game","ms":53891,"predicted":false,"t":1,"tick":3104,"type":"hit"}
[client] {"a":6,"dup":false,"ev":"game","ms":53939,"predicted":false,"t":4,"tick":3107,"type":"hit"}
[client] {"a":4,"dup":false,"ev":"game","ms":53939,"predicted":false,"t":-1,"tick":3107,"type":"ko"}
[client] {"a":8,"dup":false,"ev":"game","ms":54022,"predicted":false,"t":2,"tick":3113,"type":"hit"}
[client] {"a":7,"dup":true,"ev":"game","ms":54022,"predicted":false,"t":1,"tick":3118,"type":"hit"}
[client] {"a":6,"dup":false,"ev":"game","ms":54305,"predicted":false,"t":1,"tick":3130,"type":"hit"}
[client] {"a":1,"dup":false,"ev":"game","ms":54305,"predicted":false,"t":-1,"tick":3130,"type":"ko"}
[client] {"a":8,"dup":false,"ev":"game","ms":54360,"predicted":false,"t":2,"tick":3133,"type":"hit"}
[client] {"a":2,"dup":false,"ev":"game","ms":54360,"predicted":false,"t":-1,"tick":3133,"type":"ko"}
[client] {"a":8,"dup":false,"ev":"game","ms":54858,"predicted":false,"t":0,"tick":3163,"type":"hit"}
[client] {"counts":{"blocks_on_me":0,"conf_actions":38,"confirmed_hits":174,"dup_confirmed":0,"hits_on_me":20,"pred_actions":41,"predicted_confirmed":18,"predicted_hits":39,"reconnects":0},"ev":"stats","hp":8.0,"in_bytes":772857,"late":0,"local_entity":7,"match":{"countdown_until":300,"ctrl":-1,"final":false,"next":"A","phase":3,"rot":728,"scores":[11,0],"sd":false,"state":3,"tick":2872,"zone":"B"},"max_err":2.455,"mean_err":0.0367,"ms":54904,"out_bytes":155395,"pending":7,"pos":[-2.3,-3.95],"reconciles":1053,"server_tick":3170,"snaps":1056,"teleports":2}
[client] {"a":7,"dup":false,"ev":"game","ms":55560,"predicted":false,"t":-1,"tick":3210,"type":"ko"}
[client] {"a":0,"dup":false,"ev":"game","ms":55643,"predicted":false,"t":7,"tick":3210,"type":"hit"}
[client] {"a":0,"dup":false,"ev":"game","ms":55657,"predicted":false,"t":6,"tick":3211,"type":"hit"}
[client] {"a":0,"dup":false,"ev":"game","ms":56644,"predicted":false,"t":8,"tick":3270,"type":"hit"}
[client] {"a":9,"dup":false,"ev":"game","ms":56975,"predicted":false,"t":0,"tick":3290,"type":"hit"}
[client] {"a":9,"dup":false,"ev":"game","ms":57362,"predicted":false,"t":0,"tick":3313,"type":"hit"}
[client] {"a":0,"dup":false,"ev":"game","ms":57362,"predicted":false,"t":-1,"tick":3313,"type":"ko"}
[client] {"counts":{"blocks_on_me":0,"conf_actions":39,"confirmed_hits":179,"dup_confirmed":0,"hits_on_me":21,"pred_actions":42,"predicted_confirmed":18,"predicted_hits":39,"reconnects":0},"ev":"stats","hp":0.0,"in_bytes":824213,"late":0,"local_entity":7,"match":{"countdown_until":300,"ctrl":1,"final":false,"next":"A","phase":3,"rot":428,"scores":[11,2],"sd":false,"state":2,"tick":3172,"zone":"B"},"max_err":2.455,"mean_err":0.0339,"ms":59907,"out_bytes":170095,"pending":7,"pos":[-2.4,-3.86],"reconciles":1153,"server_tick":3470,"snaps":1156,"teleports":2}
[client] {"a":3,"dup":false,"ev":"game","ms":63447,"predicted":false,"t":-1,"tick":3678,"type":"respawn"}
[client] {"a":4,"dup":false,"ev":"game","ms":63930,"predicted":false,"t":-1,"tick":3707,"type":"respawn"}
[client] {"a":1,"dup":false,"ev":"game","ms":64310,"predicted":false,"t":-1,"tick":3730,"type":"respawn"}
[client] {"a":2,"dup":false,"ev":"game","ms":64365,"predicted":false,"t":-1,"tick":3733,"type":"respawn"}
[client] {"counts":{"blocks_on_me":0,"conf_actions":39,"confirmed_hits":179,"dup_confirmed":0,"hits_on_me":21,"pred_actions":42,"predicted_confirmed":18,"predicted_hits":39,"reconnects":0},"ev":"stats","hp":0.0,"in_bytes":873373,"late":0,"local_entity":7,"match":{"countdown_until":300,"ctrl":1,"final":false,"next":"A","phase":3,"rot":128,"scores":[11,7],"sd":false,"state":2,"tick":3472,"zone":"B"},"max_err":2.455,"mean_err":0.0312,"ms":64909,"out_bytes":184795,"pending":7,"pos":[-2.4,-3.86],"reconciles":1253,"server_tick":3770,"snaps":1256,"teleports":2}
[client] {"a":7,"dup":false,"ev":"game","ms":65573,"predicted":false,"t":-1,"tick":3810,"type":"respawn"}
[client] {"a":-1,"dup":false,"ev":"game","ms":67139,"predicted":false,"t":-1,"tick":3899,"type":"zone_rotated"}
[client] {"a":0,"dup":false,"ev":"game","ms":67374,"predicted":false,"t":-1,"tick":3913,"type":"respawn"}
[client] {"counts":{"blocks_on_me":0,"conf_actions":39,"confirmed_hits":179,"dup_confirmed":0,"hits_on_me":21,"pred_actions":42,"predicted_confirmed":18,"predicted_hits":39,"reconnects":0},"ev":"stats","hp":220.0,"in_bytes":929801,"late":0,"local_entity":7,"match":{"countdown_until":300,"ctrl":-1,"final":false,"next":"","phase":3,"rot":3431,"scores":[11,9],"sd":false,"state":1,"tick":3769,"zone":"A"},"max_err":2.455,"mean_err":0.0289,"ms":69905,"out_bytes":199495,"pending":7,"pos":[-2.96,19.41],"reconciles":1352,"server_tick":4070,"snaps":1355,"teleports":3}
[client] {"counts":{"blocks_on_me":0,"conf_actions":39,"confirmed_hits":179,"dup_confirmed":0,"hits_on_me":21,"pred_actions":42,"predicted_confirmed":18,"predicted_hits":39,"reconnects":0},"ev":"stats","hp":220.0,"in_bytes":992096,"late":0,"local_entity":7,"match":{"countdown_until":300,"ctrl":-1,"final":false,"next":"","phase":3,"rot":3128,"scores":[11,10],"sd":false,"state":3,"tick":4072,"zone":"A"},"max_err":2.455,"mean_err":0.0272,"ms":74906,"out_bytes":214195,"pending":10,"pos":[-34.55,4.42],"reconciles":1450,"server_tick":4370,"snaps":1456,"teleports":3}
[client] {"a":3,"dup":false,"ev":"game","ms":75480,"predicted":false,"t":6,"tick":4400,"type":"hit"}
[client] {"a":9,"dup":false,"ev":"game","ms":75597,"predicted":false,"t":3,"tick":4407,"type":"hit"}
[client] {"a":9,"dup":false,"ev":"game","ms":75625,"predicted":false,"t":4,"tick":4409,"type":"hit"}
[client] {"a":9,"dup":false,"ev":"game","ms":75646,"predicted":false,"t":1,"tick":4410,"type":"hit"}
[client] {"a":3,"dup":false,"ev":"game","ms":75908,"predicted":false,"t":6,"tick":4426,"type":"hit"}
[client] {"a":1,"dup":false,"ev":"game","ms":76060,"predicted":false,"t":9,"tick":4435,"type":"hit"}
[client] {"a":6,"dup":false,"ev":"game","ms":76280,"predicted":false,"t":3,"tick":4448,"type":"hit"}
[client] {"a":1,"dup":false,"ev":"game","ms":76294,"predicted":false,"t":9,"tick":4449,"type":"hit"}
[client] {"a":1,"dup":false,"ev":"game","ms":76309,"predicted":false,"t":6,"tick":4450,"type":"hit"}
[client] {"a":4,"dup":false,"ev":"game","ms":76377,"predicted":false,"t":6,"tick":4454,"type":"hit"}
[client] {"a":4,"dup":false,"ev":"game","ms":76377,"predicted":false,"t":9,"tick":4454,"type":"hit"}
[client] {"a":8,"dup":false,"ev":"game","ms":76377,"predicted":false,"t":3,"tick":4454,"type":"hit"}
[client] {"a":4,"dup":false,"ev":"game","ms":76708,"predicted":false,"t":6,"tick":4474,"type":"hit"}
[client] {"a":9,"dup":false,"ev":"game","ms":76730,"predicted":false,"t":4,"tick":4475,"type":"hit"}
[client] {"a":8,"dup":false,"ev":"game","ms":76798,"predicted":false,"t":4,"tick":4479,"type":"hit"}
[client] {"a":3,"dup":false,"ev":"game","ms":76826,"predicted":false,"t":6,"tick":4481,"type":"hit"}
[client] {"a":1,"dup":false,"ev":"game","ms":77095,"predicted":false,"t":6,"tick":4497,"type":"hit"}
[client] {"a":1,"dup":false,"ev":"game","ms":77177,"predicted":false,"t":8,"tick":4502,"type":"hit"}
[client] {"a":9,"dup":false,"ev":"game","ms":77309,"predicted":false,"t":1,"tick":4510,"type":"hit"}
[client] {"a":3,"dup":false,"ev":"game","ms":77577,"predicted":false,"t":6,"tick":4526,"type":"hit"}
[client] {"a":1,"dup":false,"ev":"game","ms":77682,"predicted":false,"t":9,"tick":4532,"type":"hit"}
[client] {"a":7,"dup":true,"ev":"game","ms":77682,"predicted":false,"t":1,"tick":4537,"type":"hit"}
[client] {"a":2,"dup":false,"ev":"game","ms":77765,"predicted":false,"t":9,"tick":4537,"type":"hit"}
[client] {"a":4,"dup":false,"ev":"game","ms":77965,"predicted":false,"t":7,"tick":4549,"type":"hit"}
[client] {"a":6,"dup":false,"ev":"game","ms":78095,"predicted":false,"t":1,"tick":4557,"type":"hit"}
[client] {"a":6,"dup":false,"ev":"game","ms":78509,"predicted":false,"t":1,"tick":4582,"type":"hit"}
[client] {"a":6,"dup":false,"ev":"game","ms":78565,"predicted":false,"t":3,"tick":4585,"type":"hit"}
[client] {"a":4,"dup":false,"ev":"game","ms":78578,"predicted":false,"t":7,"tick":4586,"type":"hit"}
[client] {"a":2,"dup":false,"ev":"game","ms":78730,"predicted":false,"t":9,"tick":4595,"type":"hit"}
[client] {"a":2,"dup":false,"ev":"game","ms":78826,"predicted":false,"t":7,"tick":4601,"type":"hit"}
[client] {"a":1,"dup":false,"ev":"game","ms":78861,"predicted":false,"t":6,"tick":4603,"type":"block"}
[client] {"a":4,"dup":false,"ev":"game","ms":78909,"predicted":false,"t":7,"tick":4606,"type":"hit"}
[client] {"a":1,"dup":false,"ev":"game","ms":79276,"predicted":false,"t":6,"tick":4628,"type":"block"}
[client] {"a":0,"dup":false,"ev":"game","ms":79392,"predicted":false,"t":6,"tick":4635,"type":"hit"}
[client] {"a":8,"dup":false,"ev":"game","ms":79441,"predicted":false,"t":4,"tick":4638,"type":"hit"}
[client] {"a":9,"dup":false,"ev":"game","ms":79441,"predicted":false,"t":4,"tick":4638,"type":"hit"}
[client] {"a":5,"dup":false,"ev":"game","ms":79758,"predicted":false,"t":4,"tick":4657,"type":"hit"}
[client] {"a":6,"dup":false,"ev":"game","ms":79758,"predicted":false,"t":1,"tick":4657,"type":"hit"}
[client] {"a":3,"dup":false,"ev":"game","ms":79889,"predicted":false,"t":6,"tick":4664,"type":"hit"}
[client] {"counts":{"blocks_on_me":0,"conf_actions":44,"confirmed_hits":216,"dup_confirmed":0,"hits_on_me":25,"pred_actions":47,"predicted_confirmed":19,"predicted_hits":44,"reconnects":0},"ev":"stats","hp":128.0,"in_bytes":1074792,"late":0,"local_entity":7,"match":{"countdown_until":300,"ctrl":-1,"final":false,"next":"","phase":3,"rot":2828,"scores":[11,10],"sd":false,"state":3,"tick":4372,"zone":"A"},"max_err":2.455,"mean_err":0.0285,"ms":79909,"out_bytes":228895,"pending":10,"pos":[-36.83,-3.77],"reconciles":1550,"server_tick":4670,"snaps":1556,"teleports":3}
[client] {"a":9,"dup":false,"ev":"game","ms":79924,"predicted":false,"t":4,"tick":4667,"type":"hit"}
[client] {"a":2,"dup":false,"ev":"game","ms":79938,"predicted":false,"t":9,"tick":4668,"type":"hit"}
[client] {"a":0,"dup":false,"ev":"game","ms":80006,"predicted":false,"t":6,"tick":4671,"type":"hit"}
[client] {"a":5,"dup":false,"ev":"game","ms":80006,"predicted":false,"t":4,"tick":4671,"type":"hit"}
[client] {"a":0,"dup":false,"ev":"game","ms":80324,"predicted":false,"t":6,"tick":4691,"type":"hit"}
[client] {"a":2,"dup":false,"ev":"game","ms":80324,"predicted":false,"t":5,"tick":4691,"type":"hit"}
[client] {"a":8,"dup":false,"ev":"game","ms":80324,"predicted":false,"t":4,"tick":4691,"type":"hit"}
[client] {"a":6,"dup":false,"ev":"game","ms":80324,"predicted":false,"t":-1,"tick":4691,"type":"ko"}
[client] {"a":9,"dup":false,"ev":"game","ms":80408,"predicted":false,"t":4,"tick":4696,"type":"hit"}
[client] {"a":2,"dup":false,"ev":"game","ms":80525,"predicted":false,"t":9,"tick":4703,"type":"hit"}
[client] {"a":2,"dup":false,"ev":"game","ms":80593,"predicted":false,"t":8,"tick":4707,"type":"hit"}
[client] {"a":5,"dup":false,"ev":"game","ms":80820,"predicted":false,"t":3,"tick":4721,"type":"hit"}
[client] {"a":5,"dup":false,"ev":"game","ms":81160,"predicted":false,"t":1,"tick":4741,"type":"hit"}
[client] {"a":5,"dup":false,"ev":"game","ms":81160,"predicted":false,"t":3,"tick":4741,"type":"hit"}
[client] {"a":5,"dup":false,"ev":"game","ms":81207,"predicted":false,"t":0,"tick":4744,"type":"hit"}
[client] {"a":2,"dup":false,"ev":"game","ms":81373,"predicted":false,"t":5,"tick":4754,"type":"hit"}
[client] {"a":7,"dup":true,"ev":"game","ms":81373,"predicted":false,"t":3,"tick":4758,"type":"hit"}
[client] {"a":2,"dup":false,"ev":"game","ms":81393,"predicted":false,"t":8,"tick":4755,"type":"hit"}
[client] {"a":9,"dup":false,"ev":"game","ms":81511,"predicted":false,"t":2,"tick":4762,"type":"hit"}
[client] {"a":1,"dup":false,"ev":"game","ms":81711,"predicted":false,"t":7,"tick":4774,"type":"hit"}
[client] {"a":2,"dup":false,"ev":"game","ms":81911,"predicted":false,"t":9,"tick":4786,"type":"hit"}
[client] {"a":3,"dup":false,"ev":"game","ms":82092,"predicted":false,"t":7,"tick":4797,"type":"hit"}
[client] {"a":1,"dup":false,"ev":"game","ms":82124,"predicted":false,"t":7,"tick":4799,"type":"hit"}
[client] {"a":5,"dup":false,"ev":"game","ms":82124,"predicted":false,"t":3,"tick":4799,"type":"hit"}
[client] {"a":0,"dup":false,"ev":"game","ms":82324,"predicted":false,"t":8,"tick":4811,"type":"hit"}
[client] {"a":2,"dup":false,"ev":"game","ms":82338,"predicted":false,"t":9,"tick":4812,"type":"hit"}
[client] {"a":3,"dup":false,"ev":"game","ms":82490,"predicted":false,"t":7,"tick":4821,"type":"hit"}
[client] {"a":5,"dup":false,"ev":"game","ms":82490,"predicted":false,"t":3,"tick":4821,"type":"hit"}
[client] {"a":5,"dup":false,"ev":"game","ms":82524,"predicted":false,"t":0,"tick":4823,"type":"hit"}
[client] {"a":2,"dup":false,"ev":"game","ms":82677,"predicted":false,"t":9,"tick":4832,"type":"hit"}
[client] {"a":7,"dup":true,"ev":"game","ms":82890,"predicted":false,"t":3,"tick":4850,"type":"hit"}
[client] {"a":4,"dup":false,"ev":"game","ms":83277,"predicted":false,"t":9,"tick":4868,"type":"hit"}
[client] {"a":3,"dup":false,"ev":"game","ms":83408,"predicted":false,"t":5,"tick":4876,"type":"hit"}
[client] {"a":2,"dup":false,"ev":"game","ms":83512,"predicted":false,"t":9,"tick":4882,"type":"hit"}
[client] {"a":9,"dup":false,"ev":"game","ms":83512,"predicted":false,"t":-1,"tick":4882,"type":"ko"}
[client] {"a":0,"dup":false,"ev":"game","ms":83643,"predicted":false,"t":5,"tick":4890,"type":"hit"}
[client] {"a":7,"dup":true,"ev":"game","ms":84174,"predicted":false,"t":2,"tick":4927,"type":"hit"}
[client] {"a":7,"dup":true,"ev":"game","ms":84174,"predicted":false,"t":4,"tick":4927,"type":"hit"}
[client] {"a":7,"dup":false,"ev":"game","ms":84242,"predicted":false,"t":3,"tick":4931,"type":"hit"}
[client] {"counts":{"blocks_on_me":0,"conf_actions":51,"confirmed_hits":253,"dup_confirmed":0,"hits_on_me":29,"pred_actions":55,"predicted_confirmed":23,"predicted_hits":53,"reconnects":0},"ev":"stats","hp":36.0,"in_bytes":1155932,"late":0,"local_entity":7,"match":{"countdown_until":300,"ctrl":-1,"final":false,"next":"","phase":3,"rot":2528,"scores":[11,10],"sd":false,"state":3,"tick":4672,"zone":"A"},"max_err":2.455,"mean_err":0.0293,"ms":84911,"out_bytes":243595,"pending":10,"pos":[-40.68,-1.31],"reconciles":1650,"server_tick":4970,"snaps":1656,"teleports":3}
[client] {"a":0,"dup":false,"ev":"game","ms":85078,"predicted":false,"t":8,"tick":4976,"type":"hit"}
[client] {"a":1,"dup":false,"ev":"game","ms":85078,"predicted":false,"t":8,"tick":4976,"type":"hit"}
[client] {"a":3,"dup":false,"ev":"game","ms":85078,"predicted":false,"t":5,"tick":4976,"type":"hit"}
[client] {"a":7,"dup":true,"ev":"game","ms":85161,"predicted":false,"t":0,"tick":4986,"type":"hit"}
[client] {"a":7,"dup":false,"ev":"game","ms":85292,"predicted":false,"t":-1,"tick":4994,"type":"ko"}
[client] {"a":4,"dup":false,"ev":"game","ms":85374,"predicted":false,"t":7,"tick":4994,"type":"hit"}
[client] {"a":5,"dup":false,"ev":"game","ms":85740,"predicted":false,"t":3,"tick":5016,"type":"hit"}
[client] {"a":0,"dup":false,"ev":"game","ms":85843,"predicted":false,"t":8,"tick":5022,"type":"hit"}
[client] {"a":5,"dup":false,"ev":"game","ms":86113,"predicted":false,"t":3,"tick":5038,"type":"hit"}
[client] {"a":3,"dup":false,"ev":"game","ms":86575,"predicted":false,"t":8,"tick":5066,"type":"hit"}
[client] {"a":3,"dup":false,"ev":"game","ms":87127,"predicted":false,"t":5,"tick":5099,"type":"hit"}
[client] {"a":8,"dup":false,"ev":"game","ms":88044,"predicted":false,"t":3,"tick":5154,"type":"hit"}
[client] {"a":5,"dup":false,"ev":"game","ms":88114,"predicted":false,"t":4,"tick":5158,"type":"block"}
[client] {"a":4,"dup":false,"ev":"game","ms":88479,"predicted":false,"t":5,"tick":5180,"type":"hit"}
[client] {"a":8,"dup":false,"ev":"game","ms":88727,"predicted":false,"t":3,"tick":5195,"type":"hit"}
[client] {"a":3,"dup":false,"ev":"game","ms":88727,"predicted":false,"t":-1,"tick":5195,"type":"ko"}
[client] {"a":5,"dup":false,"ev":"game","ms":88831,"predicted":false,"t":4,"tick":5201,"type":"hit"}
[client] {"a":4,"dup":false,"ev":"game","ms":89279,"predicted":false,"t":5,"tick":5228,"type":"hit"}
[client] {"a":0,"dup":false,"ev":"game","ms":89362,"predicted":false,"t":5,"tick":5233,"type":"hit"}
[client] {"a":8,"dup":false,"ev":"game","ms":89804,"predicted":false,"t":0,"tick":5260,"type":"hit"}
[client] {"counts":{"blocks_on_me":0,"conf_actions":53,"confirmed_hits":270,"dup_confirmed":0,"hits_on_me":30,"pred_actions":56,"predicted_confirmed":24,"predicted_hits":54,"reconnects":0},"ev":"stats","hp":0.0,"in_bytes":1225846,"late":0,"local_entity":7,"match":{"countdown_until":300,"ctrl":-1,"final":false,"next":"","phase":3,"rot":2228,"scores":[11,10],"sd":false,"state":3,"tick":4972,"zone":"A"},"max_err":2.455,"mean_err":0.0278,"ms":89907,"out_bytes":258295,"pending":10,"pos":[-40.81,-1.26],"reconciles":1750,"server_tick":5270,"snaps":1756,"teleports":3}
[client] {"a":5,"dup":false,"ev":"game","ms":90239,"predicted":false,"t":4,"tick":5286,"type":"hit"}
[client] {"a":4,"dup":false,"ev":"game","ms":90239,"predicted":false,"t":-1,"tick":5286,"type":"ko"}
[client] {"a":6,"dup":false,"ev":"game","ms":90322,"predicted":false,"t":-1,"tick":5291,"type":"respawn"}
[client] {"a":8,"dup":false,"ev":"game","ms":91087,"predicted":false,"t":2,"tick":5337,"type":"hit"}
[client] {"a":1,"dup":false,"ev":"game","ms":91205,"predicted":false,"t":8,"tick":5344,"type":"hit"}
[client] {"a":8,"dup":false,"ev":"game","ms":91205,"predicted":false,"t":-1,"tick":5344,"type":"ko"}
[client] {"a":5,"dup":false,"ev":"game","ms":91626,"predicted":false,"t":1,"tick":5369,"type":"hit"}
[client] {"a":2,"dup":false,"ev":"game","ms":92122,"predicted":false,"t":5,"tick":5399,"type":"hit"}
[client] {"a":5,"dup":false,"ev":"game","ms":92122,"predicted":false,"t":-1,"tick":5399,"type":"ko"}
[client] {"a":9,"dup":false,"ev":"game","ms":93509,"predicted":false,"t":-1,"tick":5482,"type":"respawn"}
[client] {"counts":{"blocks_on_me":0,"conf_actions":53,"confirmed_hits":275,"dup_confirmed":0,"hits_on_me":30,"pred_actions":56,"predicted_confirmed":24,"predicted_hits":54,"reconnects":0},"ev":"stats","hp":0.0,"in_bytes":1282722,"late":0,"local_entity":7,"match":{"countdown_until":300,"ctrl":0,"final":false,"next":"","phase":3,"rot":1928,"scores":[13,10],"sd":false,"state":2,"tick":5272,"zone":"A"},"max_err":2.455,"mean_err":0.0263,"ms":94909,"out_bytes":272995,"pending":10,"pos":[-40.81,-1.26],"reconciles":1850,"server_tick":5570,"snaps":1856,"teleports":3}
[client] {"a":7,"dup":false,"ev":"game","ms":95289,"predicted":false,"t":-1,"tick":5594,"type":"respawn"}
[client] {"a":3,"dup":false,"ev":"game","ms":98726,"predicted":false,"t":-1,"tick":5795,"type":"respawn"}
[client] {"counts":{"blocks_on_me":0,"conf_actions":53,"confirmed_hits":275,"dup_confirmed":0,"hits_on_me":30,"pred_actions":56,"predicted_confirmed":24,"predicted_hits":54,"reconnects":0},"ev":"stats","hp":220.0,"in_bytes":1334768,"late":0,"local_entity":7,"match":{"countdown_until":300,"ctrl":0,"final":false,"next":"","phase":3,"rot":1628,"scores":[18,10],"sd":false,"state":2,"tick":5572,"zone":"A"},"max_err":2.455,"mean_err":0.0249,"ms":99905,"out_bytes":287695,"pending":10,"pos":[-3.16,19.37],"reconciles":1949,"server_tick":5870,"snaps":1956,"teleports":4}
[client] {"a":4,"dup":false,"ev":"game","ms":100237,"predicted":false,"t":-1,"tick":5886,"type":"respawn"}
[client] {"a":8,"dup":false,"ev":"game","ms":101203,"predicted":false,"t":-1,"tick":5944,"type":"respawn"}
[client] {"a":5,"dup":false,"ev":"game","ms":102120,"predicted":false,"t":-1,"tick":5999,"type":"respawn"}
[client] {"a":6,"dup":false,"ev":"game","ms":102156,"predicted":false,"t":2,"tick":6001,"type":"hit"}
[client] {"a":6,"dup":false,"ev":"game","ms":102169,"predicted":false,"t":0,"tick":6002,"type":"hit"}
[client] {"a":0,"dup":false,"ev":"game","ms":103126,"predicted":false,"t":6,"tick":6059,"type":"hit"}
[client] {"a":6,"dup":false,"ev":"game","ms":103541,"predicted":false,"t":0,"tick":6084,"type":"hit"}
[client] {"a":1,"dup":false,"ev":"game","ms":104113,"predicted":false,"t":9,"tick":6118,"type":"hit"}
[client] {"counts":{"blocks_on_me":0,"conf_actions":53,"confirmed_hits":280,"dup_confirmed":0,"hits_on_me":30,"pred_actions":56,"predicted_confirmed":24,"predicted_hits":54,"reconnects":0},"ev":"stats","hp":220.0,"in_bytes":1398762,"late":0,"local_entity":7,"match":{"countdown_until":300,"ctrl":-1,"final":false,"next":"","phase":3,"rot":1328,"scores":[19,10],"sd":false,"state":3,"tick":5872,"zone":"A"},"max_err":2.455,"mean_err":0.0237,"ms":104912,"out_bytes":302395,"pending":10,"pos":[-34.44,4.49],"reconciles":2049,"server_tick":6170,"snaps":2056,"teleports":4}
[client] {"a":2,"dup":false,"ev":"game","ms":104975,"predicted":false,"t":6,"tick":6170,"type":"hit"}
[client] {"a":2,"dup":false,"ev":"game","ms":105375,"predicted":false,"t":6,"tick":6194,"type":"hit"}
[client] {"a":0,"dup":false,"ev":"game","ms":105651,"predicted":false,"t":6,"tick":6211,"type":"hit"}
[client] {"a":1,"dup":false,"ev":"game","ms":105851,"predicted":false,"t":6,"tick":6223,"type":"hit"}
[client] {"a":2,"dup":false,"ev":"game","ms":106107,"predicted":false,"t":6,"tick":6238,"type":"hit"}
[client] {"a":7,"dup":true,"ev":"game","ms":106217,"predicted":false,"t":1,"tick":6250,"type":"hit"}
[client] {"a":7,"dup":true,"ev":"game","ms":106818,"predicted":false,"t":2,"tick":6285,"type":"hit"}
[client] {"a":0,"dup":false,"ev":"game","ms":106852,"predicted":false,"t":6,"tick":6283,"type":"hit"}
[client] {"a":9,"dup":false,"ev":"game","ms":107935,"predicted":false,"t":2,"tick":6348,"type":"hit"}
[client] {"a":9,"dup":false,"ev":"game","ms":108253,"predicted":false,"t":2,"tick":6366,"type":"hit"}
[client] {"a":1,"dup":false,"ev":"game","ms":108287,"predicted":false,"t":6,"tick":6368,"type":"block"}
[client] {"a":1,"dup":false,"ev":"game","ms":108570,"predicted":false,"t":6,"tick":6386,"type":"block"}
[client] {"a":2,"dup":false,"ev":"game","ms":108736,"predicted":false,"t":9,"tick":6396,"type":"hit"}
[client] {"a":7,"dup":true,"ev":"game","ms":108874,"predicted":false,"t":2,"tick":6408,"type":"hit"}
[client] {"a":1,"dup":false,"ev":"game","ms":108908,"predicted":false,"t":6,"tick":6405,"type":"hit"}
[client] {"a":6,"dup":false,"ev":"game","ms":109287,"predicted":false,"t":1,"tick":6428,"type":"hit"}
[client] {"a":9,"dup":false,"ev":"game","ms":109474,"predicted":false,"t":2,"tick":6439,"type":"hit"}
[client] {"a":6,"dup":false,"ev":"game","ms":109605,"predicted":false,"t":1,"tick":6448,"type":"hit"}
[client] {"counts":{"blocks_on_me":0,"conf_actions":60,"confirmed_hits":296,"dup_confirmed":0,"hits_on_me":30,"pred_actions":63,"predicted_confirmed":27,"predicted_hits":59,"reconnects":0},"ev":"stats","hp":220.0,"in_bytes":1470198,"late":0,"local_entity":7,"match":{"countdown_until":300,"ctrl":-1,"final":false,"next":"","phase":3,"rot":1028,"scores":[19,10],"sd":false,"state":3,"tick":6172,"zone":"A"},"max_err":2.455,"mean_err":0.0233,"ms":109908,"out_bytes":317095,"pending":10,"pos":[-40.38,0.58],"reconciles":2149,"server_tick":6470,"snaps":2156,"teleports":4}
[client] {"a":6,"dup":false,"ev":"game","ms":109957,"predicted":false,"t":1,"tick":6469,"type":"hit"}
[client] {"a":1,"dup":false,"ev":"game","ms":110454,"predicted":false,"t":6,"tick":6498,"type":"hit"}
[client] {"a":3,"dup":false,"ev":"game","ms":110557,"predicted":false,"t":7,"tick":6505,"type":"hit"}
[client] {"a":2,"dup":false,"ev":"game","ms":110571,"predicted":false,"t":7,"tick":6506,"type":"hit"}
[client] {"a":3,"dup":false,"ev":"game","ms":110605,"predicted":false,"t":9,"tick":6508,"type":"hit"}
[client] {"a":7,"dup":true,"ev":"game","ms":110840,"predicted":false,"t":3,"tick":6527,"type":"hit"}
[client] {"a":6,"dup":false,"ev":"game","ms":110854,"predicted":false,"t":1,"tick":6522,"type":"hit"}
[client] {"a":0,"dup":false,"ev":"game","ms":111110,"predicted":false,"t":6,"tick":6537,"type":"hit"}
[client] {"a":1,"dup":false,"ev":"game","ms":111192,"predicted":false,"t":6,"tick":6543,"type":"hit"}
[client] {"a":3,"dup":false,"ev":"game","ms":111254,"predicted":false,"t":7,"tick":6546,"type":"hit"}
[client] {"a":2,"dup":false,"ev":"game","ms":111392,"predicted":false,"t":7,"tick":6555,"type":"hit"}
[client] {"a":6,"dup":false,"ev":"game","ms":111676,"predicted":false,"t":1,"tick":6571,"type":"hit"}
[client] {"a":0,"dup":false,"ev":"game","ms":111737,"predicted":false,"t":6,"tick":6576,"type":"hit"}
[client] {"a":2,"dup":false,"ev":"game","ms":112076,"predicted":false,"t":8,"tick":6595,"type":"hit"}
[client] {"a":9,"dup":false,"ev":"game","ms":112110,"predicted":false,"t":1,"tick":6598,"type":"hit"}
[client] {"a":1,"dup":false,"ev":"game","ms":112110,"predicted":false,"t":-1,"tick":6598,"type":"ko"}
[client] {"a":4,"dup":false,"ev":"game","ms":112393,"predicted":false,"t":9,"tick":6615,"type":"hit"}
[client] {"a":7,"dup":true,"ev":"game","ms":112711,"predicted":false,"t":3,"tick":6639,"type":"hit"}
[client] {"a":5,"dup":false,"ev":"game","ms":112793,"predicted":false,"t":3,"tick":6639,"type":"hit"}
[client] {"a":8,"dup":false,"ev":"game","ms":112890,"predicted":false,"t":3,"tick":6644,"type":"hit"}
[client] {"a":6,"dup":false,"ev":"game","ms":112959,"predicted":false,"t":0,"tick":6649,"type":"block"}
[client] {"a":3,"dup":false,"ev":"game","ms":113310,"predicted":false,"t":8,"tick":6669,"type":"hit"}
[client] {"a":3,"dup":false,"ev":"game","ms":113311,"predicted":false,"t":5,"tick":6670,"type":"hit"}
[client] {"a":3,"dup":false,"ev":"game","ms":113324,"predicted":false,"t":7,"tick":6671,"type":"hit"}
[client] {"a":9,"dup":false,"ev":"game","ms":113324,"predicted":false,"t":0,"tick":6671,"type":"hit"}
[client] {"a":4,"dup":false,"ev":"game","ms":113607,"predicted":false,"t":9,"tick":6688,"type":"hit"}
[client] {"a":6,"dup":false,"ev":"game","ms":113876,"predicted":false,"t":0,"tick":6703,"type":"hit"}
[client] {"a":3,"dup":false,"ev":"game","ms":114090,"predicted":false,"t":8,"tick":6716,"type":"hit"}
[client] {"a":6,"dup":false,"ev":"game","ms":114193,"predicted":false,"t":0,"tick":6723,"type":"hit"}
[client] {"a":3,"dup":false,"ev":"game","ms":114393,"predicted":false,"t":8,"tick":6735,"type":"hit"}
[client] {"a":0,"dup":false,"ev":"game","ms":114545,"predicted":false,"t":6,"tick":6744,"type":"hit"}
[client] {"a":6,"dup":false,"ev":"game","ms":114545,"predicted":false,"t":-1,"tick":6744,"type":"ko"}
[client] {"a":2,"dup":false,"ev":"game","ms":114573,"predicted":false,"t":7,"tick":6746,"type":"hit"}
[client] {"a":3,"dup":false,"ev":"game","ms":114712,"predicted":false,"t":7,"tick":6754,"type":"hit"}
[client] {"a":3,"dup":false,"ev":"game","ms":114712,"predicted":false,"t":8,"tick":6754,"type":"hit"}
[client] {"a":3,"dup":false,"ev":"game","ms":114725,"predicted":false,"t":5,"tick":6755,"type":"hit"}
[client] {"a":9,"dup":false,"ev":"game","ms":114828,"predicted":false,"t":4,"tick":6761,"type":"hit"}
[client] {"counts":{"blocks_on_me":0,"conf_actions":67,"confirmed_hits":330,"dup_confirmed":0,"hits_on_me":37,"pred_actions":73,"predicted_confirmed":29,"predicted_hits":63,"reconnects":0},"ev":"stats","hp":58.0,"in_bytes":1549375,"late":0,"local_entity":7,"match":{"countdown_until":300,"ctrl":-1,"final":false,"next":"C","phase":3,"rot":728,"scores":[19,10],"sd":false,"state":3,"tick":6472,"zone":"A"},"max_err":2.455,"mean_err":0.0254,"ms":114910,"out_bytes":331795,"pending":10,"pos":[-39.68,1.43],"reconciles":2249,"server_tick":6770,"snaps":2256,"teleports":4}
[client] {"a":9,"dup":false,"ev":"game","ms":115125,"predicted":false,"t":4,"tick":6779,"type":"hit"}
[client] {"a":7,"dup":true,"ev":"game","ms":115125,"predicted":false,"t":2,"tick":6784,"type":"hit"}
[client] {"a":7,"dup":true,"ev":"game","ms":115208,"predicted":false,"t":3,"tick":6789,"type":"hit"}
[client] {"a":5,"dup":false,"ev":"game","ms":115228,"predicted":false,"t":2,"tick":6785,"type":"hit"}
[client] {"a":5,"dup":false,"ev":"game","ms":115546,"predicted":false,"t":2,"tick":6804,"type":"hit"}
[client] {"a":9,"dup":false,"ev":"game","ms":115773,"predicted":false,"t":4,"tick":6818,"type":"block"}
[client] {"a":9,"dup":false,"ev":"game","ms":116077,"predicted":false,"t":4,"tick":6836,"type":"block"}
[client] {"a":5,"dup":false,"ev":"game","ms":116125,"predicted":false,"t":2,"tick":6839,"type":"hit"}
[client] {"a":2,"dup":false,"ev":"game","ms":116546,"predicted":false,"t":5,"tick":6864,"type":"hit"}
[client] {"a":8,"dup":false,"ev":"game","ms":116692,"predicted":false,"t":2,"tick":6873,"type":"hit"}
[client] {"a":2,"dup":false,"ev":"game","ms":116692,"predicted":false,"t":-1,"tick":6873,"type":"ko"}
[client] {"a":9,"dup":false,"ev":"game","ms":116962,"predicted":false,"t":4,"tick":6889,"type":"block"}
[client] {"a":9,"dup":false,"ev":"game","ms":117561,"predicted":false,"t":4,"tick":6925,"type":"block"}
[client] {"a":8,"dup":false,"ev":"game","ms":117657,"predicted":false,"t":3,"tick":6931,"type":"hit"}
[client] {"a":8,"dup":false,"ev":"game","ms":117975,"predicted":false,"t":3,"tick":6950,"type":"hit"}
[client] {"a":8,"dup":false,"ev":"game","ms":118010,"predicted":false,"t":0,"tick":6952,"type":"hit"}
[client] {"a":5,"dup":false,"ev":"game","ms":118078,"predicted":false,"t":3,"tick":6956,"type":"hit"}
[client] {"a":0,"dup":false,"ev":"game","ms":118548,"predicted":false,"t":8,"tick":6984,"type":"hit"}
[client] {"a":4,"dup":false,"ev":"game","ms":118644,"predicted":false,"t":9,"tick":6990,"type":"hit"}
[client] {"a":0,"dup":false,"ev":"game","ms":118962,"predicted":false,"t":7,"tick":7009,"type":"hit"}
[client] {"a":4,"dup":false,"ev":"game","ms":119058,"predicted":false,"t":9,"tick":7015,"type":"hit"}
[client] {"a":5,"dup":false,"ev":"game","ms":119259,"predicted":false,"t":0,"tick":7027,"type":"hit"}
[client] {"a":7,"dup":true,"ev":"game","ms":119279,"predicted":false,"t":0,"tick":7033,"type":"hit"}
[client] {"a":8,"dup":false,"ev":"game","ms":119348,"predicted":false,"t":0,"tick":7032,"type":"hit"}
[client] {"a":3,"dup":false,"ev":"game","ms":119527,"predicted":false,"t":5,"tick":7043,"type":"hit"}
[client] {"a":4,"dup":false,"ev":"game","ms":119527,"predicted":false,"t":9,"tick":7043,"type":"hit"}
[client] {"a":3,"dup":false,"ev":"game","ms":119548,"predicted":false,"t":8,"tick":7044,"type":"hit"}
[client] {"a":0,"dup":false,"ev":"game","ms":119714,"predicted":false,"t":5,"tick":7054,"type":"hit"}
[client] {"counts":{"blocks_on_me":0,"conf_actions":72,"confirmed_hits":353,"dup_confirmed":0,"hits_on_me":38,"pred_actions":79,"predicted_confirmed":32,"predicted_hits":70,"reconnects":0},"ev":"stats","hp":40.0,"in_bytes":1621640,"late":0,"local_entity":7,"match":{"countdown_until":300,"ctrl":-1,"final":false,"next":"C","phase":3,"rot":428,"scores":[19,10],"sd":false,"state":3,"tick":6772,"zone":"A"},"max_err":2.455,"mean_err":0.0247,"ms":119913,"out_bytes":346495,"pending":10,"pos":[-40.95,-1.57],"reconciles":2349,"server_tick":7070,"snaps":2356,"teleports":4}
[client] {"a":8,"dup":false,"ev":"game","ms":120059,"predicted":false,"t":3,"tick":7075,"type":"hit"}
[client] {"a":9,"dup":false,"ev":"game","ms":120114,"predicted":false,"t":4,"tick":7078,"type":"hit"}
[client] {"a":7,"dup":true,"ev":"game","ms":120163,"predicted":false,"t":0,"tick":7086,"type":"hit"}
[client] {"a":0,"dup":false,"ev":"game","ms":120245,"predicted":false,"t":-1,"tick":7086,"type":"ko"}
[client] {"a":5,"dup":false,"ev":"game","ms":120369,"predicted":false,"t":3,"tick":7094,"type":"hit"}
[client] {"a":4,"dup":false,"ev":"game","ms":120756,"predicted":false,"t":9,"tick":7117,"type":"hit"}
[client] {"a":5,"dup":false,"ev":"game","ms":121273,"predicted":false,"t":3,"tick":7148,"type":"hit"}
[client] {"a":5,"dup":false,"ev":"game","ms":121508,"predicted":false,"t":3,"tick":7162,"type":"hit"}
[client] {"a":7,"dup":true,"ev":"game","ms":121590,"predicted":false,"t":3,"tick":7172,"type":"hit"}
[client] {"a":3,"dup":false,"ev":"game","ms":121687,"predicted":false,"t":-1,"tick":7172,"type":"ko"}
[client] {"a":4,"dup":false,"ev":"game","ms":122110,"predicted":false,"t":5,"tick":7197,"type":"hit"}
[client] {"a":1,"dup":false,"ev":"game","ms":122110,"predicted":false,"t":-1,"tick":7198,"type":"respawn"}
[client] {"a":4,"dup":false,"ev":"game","ms":122164,"predicted":false,"t":8,"tick":7201,"type":"hit"}
[client] {"a":7,"dup":true,"ev":"game","ms":122565,"predicted":false,"t":4,"tick":7230,"type":"hit"}
[client] {"a":4,"dup":false,"ev":"game","ms":123020,"predicted":false,"t":7,"tick":7252,"type":"hit"}
[client] {"a":4,"dup":false,"ev":"game","ms":123385,"predicted":false,"t":7,"tick":7274,"type":"hit"}
[client] {"a":8,"dup":false,"ev":"game","ms":123455,"predicted":false,"t":4,"tick":7278,"type":"hit"}
[client] {"a":9,"dup":false,"ev":"game","ms":123620,"predicted":false,"t":4,"tick":7288,"type":"hit"}
[client] {"a":8,"dup":false,"ev":"game","ms":124186,"predicted":false,"t":4,"tick":7322,"type":"hit"}
[client] {"a":6,"dup":false,"ev":"game","ms":124537,"predicted":false,"t":-1,"tick":7344,"type":"respawn"}
[client] {"a":4,"dup":false,"ev":"game","ms":124855,"predicted":false,"t":9,"tick":7362,"type":"hit"}
[client] {"a":9,"dup":false,"ev":"game","ms":124855,"predicted":false,"t":-1,"tick":7362,"type":"ko"}
[client] {"counts":{"blocks_on_me":0,"conf_actions":77,"confirmed_hits":370,"dup_confirmed":0,"hits_on_me":40,"pred_actions":85,"predicted_confirmed":35,"predicted_hits":77,"reconnects":0},"ev":"stats","hp":4.0,"in_bytes":1685838,"late":0,"local_entity":7,"match":{"countdown_until":300,"ctrl":-1,"final":false,"next":"C","phase":3,"rot":128,"scores":[19,10],"sd":false,"state":3,"tick":7072,"zone":"A"},"max_err":2.455,"mean_err":0.025,"ms":124902,"out_bytes":361195,"pending":10,"pos":[-42.0,-0.41],"reconciles":2449,"server_tick":7370,"snaps":2456,"teleports":4}
[client] {"a":4,"dup":false,"ev":"game","ms":125538,"predicted":false,"t":8,"tick":7403,"type":"hit"}
[client] {"a":4,"dup":false,"ev":"game","ms":126138,"predicted":false,"t":5,"tick":7439,"type":"hit"}
[client] {"a":7,"dup":true,"ev":"game","ms":126422,"predicted":false,"t":4,"tick":7461,"type":"hit"}
[client] {"a":4,"dup":false,"ev":"game","ms":126469,"predicted":false,"t":5,"tick":7459,"type":"hit"}
[client] {"a":2,"dup":false,"ev":"game","ms":126705,"predicted":false,"t":-1,"tick":7473,"type":"respawn"}
[client] {"a":5,"dup":false,"ev":"game","ms":126822,"predicted":false,"t":4,"tick":7480,"type":"hit"}
[client] {"a":8,"dup":false,"ev":"game","ms":126870,"predicted":false,"t":4,"tick":7483,"type":"hit"}
[client] {"a":7,"dup":true,"ev":"game","ms":126974,"predicted":false,"t":4,"tick":7495,"type":"hit"}
[client] {"a":-1,"dup":false,"ev":"game","ms":127125,"predicted":false,"t":-1,"tick":7499,"type":"zone_rotated"}
[client] {"a":5,"dup":false,"ev":"game","ms":127609,"predicted":false,"t":4,"tick":7527,"type":"hit"}
[client] {"counts":{"blocks_on_me":0,"conf_actions":79,"confirmed_hits":378,"dup_confirmed":0,"hits_on_me":40,"pred_actions":87,"predicted_confirmed":37,"predicted_hits":80,"reconnects":0},"ev":"stats","hp":4.0,"in_bytes":1742131,"late":0,"local_entity":7,"match":{"countdown_until":300,"ctrl":-1,"final":false,"next":"","phase":3,"rot":3428,"scores":[19,10],"sd":false,"state":1,"tick":7372,"zone":"C"},"max_err":2.455,"mean_err":0.0243,"ms":129912,"out_bytes":375895,"pending":10,"pos":[-26.94,5.67],"reconciles":2549,"server_tick":7670,"snaps":2556,"teleports":4}
[client] {"a":0,"dup":false,"ev":"game","ms":130244,"predicted":false,"t":-1,"tick":7686,"type":"respawn"}
[client] {"a":3,"dup":false,"ev":"game","ms":131687,"predicted":false,"t":-1,"tick":7772,"type":"respawn"}
[client] {"a":9,"dup":false,"ev":"game","ms":134854,"predicted":false,"t":-1,"tick":7962,"type":"respawn"}
[client] {"counts":{"blocks_on_me":0,"conf_actions":79,"confirmed_hits":378,"dup_confirmed":0,"hits_on_me":40,"pred_actions":87,"predicted_confirmed":37,"predicted_hits":80,"reconnects":0},"ev":"stats","hp":41.2,"in_bytes":1800479,"late":0,"local_entity":7,"match":{"countdown_until":300,"ctrl":-1,"final":false,"next":"","phase":3,"rot":3128,"scores":[19,10],"sd":false,"state":3,"tick":7672,"zone":"C"},"max_err":2.455,"mean_err":0.0234,"ms":134908,"out_bytes":390595,"pending":10,"pos":[7.68,1.02],"reconciles":2649,"server_tick":7970,"snaps":2656,"teleports":4}
[client] {"a":6,"dup":false,"ev":"game","ms":136676,"predicted":false,"t":2,"tick":8072,"type":"hit"}
[client] {"a":1,"dup":false,"ev":"game","ms":136959,"predicted":false,"t":6,"tick":8089,"type":"hit"}
[client] {"a":1,"dup":false,"ev":"game","ms":137290,"predicted":false,"t":6,"tick":8109,"type":"hit"}
[client] {"a":6,"dup":false,"ev":"game","ms":137676,"predicted":false,"t":1,"tick":8132,"type":"hit"}
[client] {"a":2,"dup":false,"ev":"game","ms":137842,"predicted":false,"t":6,"tick":8142,"type":"hit"}
[client] {"a":8,"dup":false,"ev":"game","ms":139064,"predicted":false,"t":1,"tick":8215,"type":"hit"}
[client] {"a":8,"dup":false,"ev":"game","ms":139312,"predicted":false,"t":1,"tick":8230,"type":"hit"}
[client] {"a":2,"dup":false,"ev":"game","ms":139595,"predicted":false,"t":8,"tick":8247,"type":"hit"}
[client] {"counts":{"blocks_on_me":0,"conf_actions":81,"confirmed_hits":386,"dup_confirmed":0,"hits_on_me":40,"pred_actions":89,"predicted_confirmed":37,"predicted_hits":80,"reconnects":0},"ev":"stats","hp":108.099999999999,"in_bytes":1866184,"late":0,"local_entity":7,"match":{"countdown_until":300,"ctrl":-1,"final":false,"next":"","phase":3,"rot":2828,"scores":[19,10],"sd":false,"state":3,"tick":7972,"zone":"C"},"max_err":2.455,"mean_err":0.0227,"ms":139911,"out_bytes":405295,"pending":10,"pos":[37.13,-2.13],"reconciles":2749,"server_tick":8270,"snaps":2756,"teleports":4}
[client] {"a":2,"dup":false,"ev":"game","ms":140010,"predicted":false,"t":6,"tick":8272,"type":"hit"}
[client] {"a":0,"dup":false,"ev":"game","ms":140029,"predicted":false,"t":8,"tick":8273,"type":"hit"}
[client] {"a":2,"dup":false,"ev":"game","ms":140595,"predicted":false,"t":8,"tick":8307,"type":"hit"}
[client] {"a":6,"dup":false,"ev":"game","ms":141065,"predicted":false,"t":0,"tick":8335,"type":"hit"}
[client] {"a":7,"dup":true,"ev":"game","ms":141065,"predicted":false,"t":0,"tick":8340,"type":"hit"}
[client] {"a":2,"dup":false,"ev":"game","ms":141264,"predicted":false,"t":6,"tick":8347,"type":"hit"}
[client] {"a":8,"dup":false,"ev":"game","ms":141326,"predicted":false,"t":2,"tick":8351,"type":"hit"}
[client] {"a":6,"dup":false,"ev":"game","ms":141830,"predicted":false,"t":0,"tick":8381,"type":"hit"}
[client] {"a":1,"dup":false,"ev":"game","ms":142003,"predicted":false,"t":8,"tick":8392,"type":"hit"}
[client] {"a":6,"dup":false,"ev":"game","ms":142169,"predicted":false,"t":0,"tick":8402,"type":"hit"}
[client] {"a":2,"dup":false,"ev":"game","ms":142307,"predicted":false,"t":6,"tick":8410,"type":"hit"}
[client] {"a":3,"dup":false,"ev":"game","ms":142589,"predicted":false,"t":5,"tick":8427,"type":"hit"}
[client] {"a":1,"dup":false,"ev":"game","ms":142637,"predicted":false,"t":7,"tick":8430,"type":"hit"}
[client] {"a":0,"dup":false,"ev":"game","ms":142741,"predicted":false,"t":6,"tick":8436,"type":"block"}
[client] {"a":8,"dup":false,"ev":"game","ms":142886,"predicted":false,"t":1,"tick":8445,"type":"hit"}
[client] {"a":3,"dup":false,"ev":"game","ms":142955,"predicted":false,"t":5,"tick":8449,"type":"hit"}
[client] {"a":2,"dup":false,"ev":"game","ms":143038,"predicted":false,"t":6,"tick":8453,"type":"hit"}
[client] {"a":0,"dup":false,"ev":"game","ms":143107,"predicted":false,"t":6,"tick":8458,"type":"hit"}
[client] {"a":1,"dup":false,"ev":"game","ms":143259,"predicted":false,"t":6,"tick":8467,"type":"hit"}
[client] {"a":5,"dup":false,"ev":"game","ms":143320,"predicted":false,"t":2,"tick":8471,"type":"hit"}
[client] {"a":0,"dup":false,"ev":"game","ms":143438,"predicted":false,"t":6,"tick":8477,"type":"hit"}
[client] {"a":8,"dup":false,"ev":"game","ms":143459,"predicted":false,"t":1,"tick":8478,"type":"hit"}
[client] {"a":5,"dup":false,"ev":"game","ms":143638,"predicted":false,"t":1,"tick":8489,"type":"hit"}
[client] {"a":5,"dup":false,"ev":"game","ms":143659,"predicted":false,"t":2,"tick":8490,"type":"hit"}
[client] {"a":3,"dup":false,"ev":"game","ms":143659,"predicted":false,"t":5,"tick":8491,"type":"hit"}
[client] {"a":6,"dup":false,"ev":"game","ms":143941,"predicted":false,"t":1,"tick":8508,"type":"hit"}
[client] {"a":6,"dup":false,"ev":"game","ms":143956,"predicted":false,"t":0,"tick":8509,"type":"hit"}
[client] {"a":2,"dup":false,"ev":"game","ms":144107,"predicted":false,"t":6,"tick":8518,"type":"hit"}
[client] {"a":0,"dup":false,"ev":"game","ms":144342,"predicted":false,"t":6,"tick":8532,"type":"hit"}
[client] {"a":5,"dup":false,"ev":"game","ms":144355,"predicted":false,"t":0,"tick":8533,"type":"hit"}
[client] {"a":1,"dup":false,"ev":"game","ms":144460,"predicted":false,"t":6,"tick":8539,"type":"hit"}
[client] {"a":5,"dup":false,"ev":"game","ms":144673,"predicted":false,"t":0,"tick":8552,"type":"hit"}
[client] {"a":6,"dup":false,"ev":"game","ms":144860,"predicted":false,"t":1,"tick":8563,"type":"hit"}
[client] {"counts":{"blocks_on_me":0,"conf_actions":86,"confirmed_hits":418,"dup_confirmed":0,"hits_on_me":41,"pred_actions":94,"predicted_confirmed":38,"predicted_hits":88,"reconnects":0},"ev":"stats","hp":70.0999999999993,"in_bytes":1948018,"late":0,"local_entity":7,"match":{"countdown_until":300,"ctrl":-1,"final":false,"next":"","phase":3,"rot":2528,"scores":[19,10],"sd":false,"state":3,"tick":8272,"zone":"C"},"max_err":2.455,"mean_err":0.0228,"ms":144907,"out_bytes":419995,"pending":10,"pos":[40.36,0.14],"reconciles":2849,"server_tick":8570,"snaps":2856,"teleports":4}
[client] {"a":6,"dup":false,"ev":"game","ms":144908,"predicted":false,"t":0,"tick":8566,"type":"hit"}
[client] {"a":7,"dup":true,"ev":"game","ms":144942,"predicted":false,"t":0,"tick":8572,"type":"hit"}
[client] {"a":7,"dup":true,"ev":"game","ms":144942,"predicted":false,"t":1,"tick":8573,"type":"hit"}
[client] {"a":5,"dup":false,"ev":"game","ms":144994,"predicted":false,"t":0,"tick":8570,"type":"hit"}
[client] {"a":5,"dup":false,"ev":"game","ms":145025,"predicted":false,"t":1,"tick":8572,"type":"hit"}
[client] {"a":0,"dup":false,"ev":"game","ms":145026,"predicted":false,"t":-1,"tick":8572,"type":"ko"}
[client] {"a":5,"dup":false,"ev":"game","ms":145039,"predicted":false,"t":2,"tick":8573,"type":"hit"}
[client] {"a":4,"dup":false,"ev":"game","ms":145121,"predicted":false,"t":6,"tick":8579,"type":"hit"}
[client] {"a":3,"dup":false,"ev":"game","ms":145439,"predicted":false,"t":6,"tick":8597,"type":"hit"}
[client] {"a":6,"dup":false,"ev":"game","ms":145439,"predicted":false,"t":-1,"tick":8597,"type":"ko"}
[client] {"a":3,"dup":false,"ev":"game","ms":145473,"predicted":false,"t":7,"tick":8600,"type":"hit"}
[client] {"a":2,"dup":false,"ev":"game","ms":145688,"predicted":false,"t":5,"tick":8613,"type":"hit"}
[client] {"a":2,"dup":false,"ev":"game","ms":146039,"predicted":false,"t":5,"tick":8633,"type":"hit"}
[client] {"a":9,"dup":false,"ev":"game","ms":146088,"predicted":false,"t":4,"tick":8637,"type":"hit"}
[client] {"a":3,"dup":false,"ev":"game","ms":146143,"predicted":false,"t":5,"tick":8640,"type":"hit"}
[client] {"a":2,"dup":false,"ev":"game","ms":146404,"predicted":false,"t":5,"tick":8655,"type":"hit"}
[client] {"a":7,"dup":true,"ev":"game","ms":146461,"predicted":false,"t":2,"tick":8663,"type":"hit"}
[client] {"a":3,"dup":false,"ev":"game","ms":146509,"predicted":false,"t":9,"tick":8662,"type":"hit"}
[client] {"a":7,"dup":true,"ev":"game","ms":146743,"predicted":false,"t":2,"tick":8681,"type":"hit"}
[client] {"a":4,"dup":false,"ev":"game","ms":146757,"predicted":false,"t":9,"tick":8677,"type":"hit"}
[client] {"a":5,"dup":false,"ev":"game","ms":146805,"predicted":false,"t":3,"tick":8679,"type":"hit"}
[client] {"a":5,"dup":false,"ev":"game","ms":147005,"predicted":false,"t":4,"tick":8691,"type":"hit"}
[client] {"a":5,"dup":false,"ev":"game","ms":147026,"predicted":false,"t":3,"tick":8692,"type":"hit"}
[client] {"a":7,"dup":true,"ev":"game","ms":147074,"predicted":false,"t":2,"tick":8701,"type":"hit"}
[client] {"a":1,"dup":false,"ev":"game","ms":147288,"predicted":false,"t":7,"tick":8709,"type":"hit"}
[client] {"a":5,"dup":false,"ev":"game","ms":147474,"predicted":false,"t":4,"tick":8720,"type":"hit"}
[client] {"a":7,"dup":false,"ev":"game","ms":147522,"predicted":false,"t":-1,"tick":8728,"type":"ko"}
[client] {"a":1,"dup":false,"ev":"game","ms":147605,"predicted":false,"t":7,"tick":8728,"type":"hit"}
[client] {"a":5,"dup":false,"ev":"game","ms":147778,"predicted":false,"t":4,"tick":8738,"type":"hit"}
[client] {"a":9,"dup":false,"ev":"game","ms":147861,"predicted":false,"t":1,"tick":8743,"type":"hit"}
[client] {"a":5,"dup":false,"ev":"game","ms":148109,"predicted":false,"t":4,"tick":8758,"type":"hit"}
[client] {"a":3,"dup":false,"ev":"game","ms":148143,"predicted":false,"t":5,"tick":8760,"type":"hit"}
[client] {"a":5,"dup":false,"ev":"game","ms":148143,"predicted":false,"t":-1,"tick":8760,"type":"ko"}
[client] {"a":9,"dup":false,"ev":"game","ms":148192,"predicted":false,"t":1,"tick":8763,"type":"hit"}
[client] {"a":1,"dup":false,"ev":"game","ms":148192,"predicted":false,"t":-1,"tick":8763,"type":"ko"}
[client] {"a":2,"dup":false,"ev":"game","ms":148261,"predicted":false,"t":9,"tick":8767,"type":"hit"}
[client] {"a":2,"dup":false,"ev":"game","ms":148909,"predicted":false,"t":9,"tick":8806,"type":"hit"}
[client] {"a":4,"dup":false,"ev":"game","ms":149061,"predicted":false,"t":8,"tick":8815,"type":"hit"}
[client] {"a":9,"dup":false,"ev":"game","ms":149744,"predicted":false,"t":2,"tick":8856,"type":"hit"}
[client] {"a":8,"dup":false,"ev":"game","ms":149759,"predicted":false,"t":4,"tick":8857,"type":"hit"}
[client] {"counts":{"blocks_on_me":0,"conf_actions":91,"confirmed_hits":453,"dup_confirmed":0,"hits_on_me":44,"pred_actions":99,"predicted_confirmed":43,"predicted_hits":93,"reconnects":0},"ev":"stats","hp":0.0,"in_bytes":2022544,"late":0,"local_entity":7,"match":{"countdown_until":300,"ctrl":-1,"final":false,"next":"","phase":3,"rot":2228,"scores":[19,10],"sd":false,"state":3,"tick":8572,"zone":"C"},"max_err":2.455,"mean_err":0.023,"ms":149909,"out_bytes":434695,"pending":10,"pos":[41.58,-0.34],"reconciles":2949,"server_tick":8870,"snaps":2956,"teleports":4}
[client] {"a":9,"dup":false,"ev":"game","ms":150110,"predicted":false,"t":2,"tick":8878,"type":"hit"}
[client] {"a":3,"dup":false,"ev":"game","ms":150379,"predicted":false,"t":9,"tick":8894,"type":"hit"}
[client] {"a":8,"dup":false,"ev":"game","ms":150545,"predicted":false,"t":2,"tick":8904,"type":"hit"}
[client] {"a":2,"dup":false,"ev":"game","ms":150945,"predicted":false,"t":9,"tick":8928,"type":"hit"}
[client] {"a":8,"dup":false,"ev":"game","ms":151159,"predicted":false,"t":4,"tick":8941,"type":"hit"}
[client] {"a":2,"dup":false,"ev":"game","ms":151408,"predicted":false,"t":9,"tick":8956,"type":"hit"}
[client] {"a":8,"dup":false,"ev":"game","ms":152408,"predicted":false,"t":4,"tick":9016,"type":"hit"}
[client] {"a":8,"dup":false,"ev":"game","ms":152725,"predicted":false,"t":4,"tick":9035,"type":"hit"}
[client] {"a":9,"dup":false,"ev":"game","ms":152794,"predicted":false,"t":2,"tick":9039,"type":"hit"}
[client] {"a":2,"dup":false,"ev":"game","ms":152794,"predicted":false,"t":-1,"tick":9039,"type":"ko"}
[client] {"a":3,"dup":false,"ev":"game","ms":152980,"predicted":false,"t":8,"tick":9050,"type":"hit"}
[client] {"a":4,"dup":false,"ev":"game","ms":153263,"predicted":false,"t":8,"tick":9067,"type":"hit"}
[client] {"a":8,"dup":false,"ev":"game","ms":153263,"predicted":false,"t":-1,"tick":9067,"type":"ko"}
[client] {"a":3,"dup":false,"ev":"game","ms":153829,"predicted":false,"t":9,"tick":9101,"type":"hit"}
[client] {"a":3,"dup":false,"ev":"game","ms":154181,"predicted":false,"t":9,"tick":9122,"type":"hit"}
[client] {"a":3,"dup":false,"ev":"game","ms":154512,"predicted":false,"t":9,"tick":9142,"type":"hit"}
[client] {"counts":{"blocks_on_me":0,"conf_actions":91,"confirmed_hits":467,"dup_confirmed":0,"hits_on_me":44,"pred_actions":99,"predicted_confirmed":43,"predicted_hits":93,"reconnects":0},"ev":"stats","hp":0.0,"in_bytes":2084734,"late":0,"local_entity":7,"match":{"countdown_until":300,"ctrl":-1,"final":false,"next":"","phase":3,"rot":1928,"scores":[19,10],"sd":false,"state":3,"tick":8872,"zone":"C"},"max_err":2.455,"mean_err":0.0222,"ms":154911,"out_bytes":449395,"pending":10,"pos":[41.58,-0.34],"reconciles":3049,"server_tick":9170,"snaps":3056,"teleports":4}
[client] {"a":0,"dup":false,"ev":"game","ms":155009,"predicted":false,"t":-1,"tick":9172,"type":"respawn"}
[client] {"a":3,"dup":false,"ev":"game","ms":155209,"predicted":false,"t":9,"tick":9184,"type":"hit"}
[client] {"a":9,"dup":false,"ev":"game","ms":155209,"predicted":false,"t":-1,"tick":9184,"type":"ko"}
[client] {"a":6,"dup":false,"ev":"game","ms":155430,"predicted":false,"t":-1,"tick":9197,"type":"respawn"}
[client] {"a":7,"dup":false,"ev":"game","ms":157541,"predicted":false,"t":-1,"tick":9328,"type":"respawn"}
[client] {"a":5,"dup":false,"ev":"game","ms":158141,"predicted":false,"t":-1,"tick":9360,"type":"respawn"}
[client] {"a":1,"dup":false,"ev":"game","ms":158190,"predicted":false,"t":-1,"tick":9363,"type":"respawn"}
[client] {"counts":{"blocks_on_me":0,"conf_actions":92,"confirmed_hits":468,"dup_confirmed":0,"hits_on_me":44,"pred_actions":99,"predicted_confirmed":43,"predicted_hits":93,"reconnects":0},"ev":"stats","hp":220.0,"in_bytes":2134933,"late":0,"local_entity":7,"match":{"countdown_until":300,"ctrl":0,"final":false,"next":"","phase":3,"rot":1628,"scores":[23,10],"sd":false,"state":2,"tick":9172,"zone":"C"},"max_err":2.455,"mean_err":0.0215,"ms":159907,"out_bytes":464095,"pending":10,"pos":[-2.65,35.23],"reconciles":3148,"server_tick":9470,"snaps":3156,"teleports":5}
[client] {"a":2,"dup":false,"ev":"game","ms":162788,"predicted":false,"t":-1,"tick":9639,"type":"respawn"}
[client] {"a":8,"dup":false,"ev":"game","ms":163251,"predicted":false,"t":-1,"tick":9667,"type":"respawn"}
[client] {"counts":{"blocks_on_me":0,"conf_actions":92,"confirmed_hits":468,"dup_confirmed":0,"hits_on_me":44,"pred_actions":99,"predicted_confirmed":43,"predicted_hits":93,"reconnects":0},"ev":"stats","hp":220.0,"in_bytes":2191820,"late":0,"local_entity":7,"match":{"countdown_until":300,"ctrl":0,"final":false,"next":"","phase":3,"rot":1328,"scores":[28,10],"sd":false,"state":2,"tick":9472,"zone":"C"},"max_err":2.455,"mean_err":0.0209,"ms":164906,"out_bytes":478795,"pending":10,"pos":[19.97,13.54],"reconciles":3248,"server_tick":9770,"snaps":3256,"teleports":5}
[client] {"a":9,"dup":false,"ev":"game","ms":165204,"predicted":false,"t":-1,"tick":9784,"type":"respawn"}
[client] {"a":0,"dup":false,"ev":"game","ms":166873,"predicted":false,"t":6,"tick":9884,"type":"hit"}
[client] {"a":6,"dup":false,"ev":"game","ms":167439,"predicted":false,"t":0,"tick":9918,"type":"hit"}
[client] {"a":1,"dup":false,"ev":"game","ms":167722,"predicted":false,"t":6,"tick":9935,"type":"hit"}
[client] {"a":3,"dup":false,"ev":"game","ms":167970,"predicted":false,"t":6,"tick":9950,"type":"hit"}
[client] {"a":1,"dup":false,"ev":"game","ms":168027,"predicted":false,"t":6,"tick":9953,"type":"hit"}
[client] {"a":0,"dup":false,"ev":"game","ms":168087,"predicted":false,"t":6,"tick":9957,"type":"hit"}
[client] {"a":0,"dup":false,"ev":"game","ms":168109,"predicted":false,"t":5,"tick":9958,"type":"hit"}
[client] {"a":7,"dup":true,"ev":"game","ms":168688,"predicted":false,"t":0,"tick":9998,"type":"hit"}
[client] {"a":1,"dup":false,"ev":"game","ms":169191,"predicted":false,"t":7,"tick":10023,"type":"hit"}
[client] {"a":6,"dup":false,"ev":"game","ms":169192,"predicted":false,"t":1,"tick":10023,"type":"hit"}
[client] {"counts":{"blocks_on_me":0,"conf_actions":94,"confirmed_hits":478,"dup_confirmed":0,"hits_on_me":45,"pred_actions":101,"predicted_confirmed":44,"predicted_hits":96,"reconnects":0},"ev":"stats","hp":202.0,"in_bytes":2257623,"late":0,"local_entity":7,"match":{"countdown_until":300,"ctrl":-1,"final":false,"next":"","phase":3,"rot":1028,"scores":[29,10],"sd":false,"state":3,"tick":9772,"zone":"C"},"max_err":2.455,"mean_err":0.0205,"ms":169909,"out_bytes":493495,"pending":10,"pos":[39.44,0.45],"reconciles":3348,"server_tick":10070,"snaps":3356,"teleports":5}
[client] {"a":6,"dup":false,"ev":"game","ms":170358,"predicted":false,"t":0,"tick":10093,"type":"hit"}
[client] {"a":6,"dup":false,"ev":"game","ms":170406,"predicted":false,"t":3,"tick":10096,"type":"hit"}
[client] {"a":1,"dup":false,"ev":"game","ms":170440,"predicted":false,"t":7,"tick":10098,"type":"hit"}
[client] {"a":4,"dup":false,"ev":"game","ms":170723,"predicted":false,"t":5,"tick":10115,"type":"hit"}
[client] {"a":6,"dup":false,"ev":"game","ms":171027,"predicted":false,"t":4,"tick":10133,"type":"hit"}
[client] {"a":0,"dup":false,"ev":"game","ms":171344,"predicted":false,"t":6,"tick":10152,"type":"hit"}
[client] {"a":7,"dup":false,"ev":"game","ms":171441,"predicted":false,"t":4,"tick":10163,"type":"hit"}
[client] {"a":3,"dup":false,"ev":"game","ms":171772,"predicted":false,"t":6,"tick":10178,"type":"hit"}
[client] {"a":1,"dup":false,"ev":"game","ms":171793,"predicted":false,"t":7,"tick":10179,"type":"hit"}
[client] {"a":4,"dup":false,"ev":"game","ms":171889,"predicted":false,"t":6,"tick":10185,"type":"hit"}
[client] {"a":0,"dup":false,"ev":"game","ms":171910,"predicted":false,"t":5,"tick":10186,"type":"hit"}
[client] {"a":0,"dup":false,"ev":"game","ms":171924,"predicted":false,"t":6,"tick":10187,"type":"hit"}
[client] {"a":0,"dup":false,"ev":"game","ms":171924,"predicted":false,"t":7,"tick":10187,"type":"hit"}
[client] {"a":4,"dup":false,"ev":"game","ms":172511,"predicted":false,"t":5,"tick":10222,"type":"hit"}
[client] {"a":7,"dup":true,"ev":"game","ms":172628,"predicted":false,"t":4,"tick":10234,"type":"hit"}
[client] {"a":1,"dup":false,"ev":"game","ms":172669,"predicted":false,"t":6,"tick":10232,"type":"hit"}
[client] {"a":7,"dup":true,"ev":"game","ms":172938,"predicted":false,"t":4,"tick":10253,"type":"hit"}
[client] {"a":8,"dup":false,"ev":"game","ms":173304,"predicted":false,"t":1,"tick":10269,"type":"hit"}
[client] {"a":7,"dup":true,"ev":"game","ms":173318,"predicted":false,"t":4,"tick":10275,"type":"hit"}
[client] {"a":6,"dup":false,"ev":"game","ms":173856,"predicted":false,"t":4,"tick":10302,"type":"block"}
[client] {"a":3,"dup":false,"ev":"game","ms":173918,"predicted":false,"t":7,"tick":10306,"type":"hit"}
[client] {"a":5,"dup":false,"ev":"game","ms":174222,"predicted":false,"t":3,"tick":10324,"type":"hit"}
[client] {"a":1,"dup":false,"ev":"game","ms":174401,"predicted":false,"t":7,"tick":10335,"type":"hit"}
[client] {"a":6,"dup":false,"ev":"game","ms":174622,"predicted":false,"t":4,"tick":10348,"type":"hit"}
[client] {"a":5,"dup":false,"ev":"game","ms":174884,"predicted":false,"t":4,"tick":10364,"type":"hit"}
[client] {"a":4,"dup":false,"ev":"game","ms":174884,"predicted":false,"t":-1,"tick":10364,"type":"ko"}
[client] {"counts":{"blocks_on_me":0,"conf_actions":102,"confirmed_hits":502,"dup_confirmed":0,"hits_on_me":50,"pred_actions":111,"predicted_confirmed":47,"predicted_hits":104,"reconnects":0},"ev":"stats","hp":56.0,"in_bytes":2333472,"late":0,"local_entity":7,"match":{"countdown_until":300,"ctrl":-1,"final":false,"next":"B","phase":3,"rot":731,"scores":[29,10],"sd":false,"state":3,"tick":10069,"zone":"C"},"max_err":2.455,"mean_err":0.0233,"ms":174904,"out_bytes":508195,"pending":10,"pos":[43.34,-1.59],"reconciles":3448,"server_tick":10370,"snaps":3455,"teleports":5}
[client] {"a":5,"dup":false,"ev":"game","ms":175257,"predicted":false,"t":0,"tick":10386,"type":"hit"}
[client] {"a":8,"dup":false,"ev":"game","ms":175340,"predicted":false,"t":1,"tick":10391,"type":"hit"}
[client] {"a":7,"dup":true,"ev":"game","ms":175436,"predicted":false,"t":3,"tick":10402,"type":"hit"}
[client] {"a":8,"dup":false,"ev":"game","ms":175602,"predicted":false,"t":1,"tick":10407,"type":"hit"}
[client] {"a":7,"dup":true,"ev":"game","ms":175774,"predicted":false,"t":3,"tick":10422,"type":"hit"}
[client] {"a":0,"dup":false,"ev":"game","ms":175905,"predicted":false,"t":5,"tick":10425,"type":"hit"}
[client] {"a":2,"dup":false,"ev":"game","ms":176140,"predicted":false,"t":7,"tick":10439,"type":"hit"}
[client] {"a":8,"dup":false,"ev":"game","ms":176320,"predicted":false,"t":0,"tick":10450,"type":"hit"}
[client] {"a":2,"dup":false,"ev":"game","ms":176388,"predicted":false,"t":7,"tick":10454,"type":"hit"}
[client] {"a":5,"dup":false,"ev":"game","ms":176921,"predicted":false,"t":3,"tick":10486,"type":"hit"}
[client] {"a":8,"dup":false,"ev":"game","ms":176940,"predicted":false,"t":3,"tick":10487,"type":"hit"}
[client] {"a":2,"dup":false,"ev":"game","ms":177238,"predicted":false,"t":7,"tick":10505,"type":"hit"}
[client] {"a":8,"dup":false,"ev":"game","ms":177376,"predicted":false,"t":3,"tick":10513,"type":"parry"}
[client] {"a":0,"dup":false,"ev":"game","ms":177424,"predicted":false,"t":5,"tick":10516,"type":"hit"}
[client] {"a":6,"dup":false,"ev":"game","ms":177458,"predicted":false,"t":3,"tick":10518,"type":"hit"}
[client] {"a":7,"dup":false,"ev":"game","ms":177485,"predicted":false,"t":-1,"tick":10525,"type":"ko"}
[client] {"a":2,"dup":false,"ev":"game","ms":177575,"predicted":false,"t":7,"tick":10525,"type":"hit"}
[client] {"a":6,"dup":false,"ev":"game","ms":178224,"predicted":false,"t":0,"tick":10564,"type":"hit"}
[client] {"a":8,"dup":false,"ev":"game","ms":178458,"predicted":false,"t":2,"tick":10578,"type":"hit"}
[client] {"a":1,"dup":false,"ev":"game","ms":178507,"predicted":false,"t":8,"tick":10581,"type":"hit"}
[client] {"a":5,"dup":false,"ev":"game","ms":178541,"predicted":false,"t":0,"tick":10583,"type":"hit"}
[client] {"a":6,"dup":false,"ev":"game","ms":178555,"predicted":false,"t":0,"tick":10584,"type":"hit"}
[client] {"a":0,"dup":false,"ev":"game","ms":178555,"predicted":false,"t":-1,"tick":10584,"type":"ko"}
[client] {"a":3,"dup":false,"ev":"game","ms":178624,"predicted":false,"t":6,"tick":10588,"type":"hit"}
[client] {"a":1,"dup":false,"ev":"game","ms":178872,"predicted":false,"t":8,"tick":10603,"type":"hit"}
[client] {"a":9,"dup":false,"ev":"game","ms":178989,"predicted":false,"t":1,"tick":10610,"type":"hit"}
[client] {"a":9,"dup":false,"ev":"game","ms":179309,"predicted":false,"t":1,"tick":10629,"type":"hit"}
[client] {"a":8,"dup":false,"ev":"game","ms":179390,"predicted":false,"t":1,"tick":10635,"type":"hit"}
[client] {"a":3,"dup":false,"ev":"game","ms":179576,"predicted":false,"t":9,"tick":10646,"type":"hit"}
[client] {"a":5,"dup":false,"ev":"game","ms":179624,"predicted":false,"t":3,"tick":10649,"type":"hit"}
[client] {"a":2,"dup":false,"ev":"game","ms":179659,"predicted":false,"t":9,"tick":10651,"type":"hit"}
[client] {"a":2,"dup":false,"ev":"game","ms":179686,"predicted":false,"t":8,"tick":10653,"type":"hit"}
[client] {"counts":{"blocks_on_me":0,"conf_actions":109,"confirmed_hits":531,"dup_confirmed":0,"hits_on_me":54,"pred_actions":117,"predicted_confirmed":49,"predicted_hits":108,"reconnects":0},"ev":"stats","hp":0.0,"in_bytes":2407640,"late":0,"local_entity":7,"match":{"countdown_until":300,"ctrl":-1,"final":false,"next":"B","phase":3,"rot":428,"scores":[29,10],"sd":false,"state":3,"tick":10372,"zone":"C"},"max_err":2.455,"mean_err":0.0233,"ms":179906,"out_bytes":522895,"pending":10,"pos":[41.29,-0.45],"reconciles":3548,"server_tick":10670,"snaps":3556,"teleports":5}
[client] {"a":5,"dup":false,"ev":"game","ms":179921,"predicted":false,"t":3,"tick":10667,"type":"hit"}
[client] {"a":2,"dup":false,"ev":"game","ms":180024,"predicted":false,"t":8,"tick":10673,"type":"hit"}
[client] {"a":1,"dup":false,"ev":"game","ms":180294,"predicted":false,"t":8,"tick":10689,"type":"hit"}
[client] {"a":6,"dup":false,"ev":"game","ms":180493,"predicted":false,"t":2,"tick":10701,"type":"hit"}
[client] {"a":9,"dup":false,"ev":"game","ms":180976,"predicted":false,"t":1,"tick":10730,"type":"hit"}
[client] {"a":6,"dup":false,"ev":"game","ms":181176,"predicted":false,"t":3,"tick":10742,"type":"hit"}
[client] {"a":5,"dup":false,"ev":"game","ms":181321,"predicted":false,"t":3,"tick":10751,"type":"hit"}
[client] {"a":9,"dup":false,"ev":"game","ms":181625,"predicted":false,"t":3,"tick":10769,"type":"hit"}
[client] {"a":3,"dup":false,"ev":"game","ms":181625,"predicted":false,"t":-1,"tick":10769,"type":"ko"}
[client] {"a":1,"dup":false,"ev":"game","ms":181660,"predicted":false,"t":9,"tick":10771,"type":"hit"}
[client] {"a":8,"dup":false,"ev":"game","ms":182073,"predicted":false,"t":1,"tick":10796,"type":"hit"}
[client] {"a":2,"dup":false,"ev":"game","ms":182205,"predicted":false,"t":8,"tick":10804,"type":"hit"}
[client] {"a":1,"dup":false,"ev":"game","ms":182743,"predicted":false,"t":5,"tick":10836,"type":"hit"}
[client] {"a":1,"dup":false,"ev":"game","ms":183178,"predicted":false,"t":6,"tick":10862,"type":"hit"}
[client] {"a":6,"dup":false,"ev":"game","ms":183178,"predicted":false,"t":-1,"tick":10862,"type":"ko"}
[client] {"a":9,"dup":false,"ev":"game","ms":183661,"predicted":false,"t":1,"tick":10891,"type":"hit"}
[client] {"a":5,"dup":false,"ev":"game","ms":184157,"predicted":false,"t":1,"tick":10921,"type":"hit"}
[client] {"a":2,"dup":false,"ev":"game","ms":184227,"predicted":false,"t":8,"tick":10925,"type":"hit"}
[client] {"a":5,"dup":false,"ev":"game","ms":184475,"predicted":false,"t":1,"tick":10940,"type":"hit"}
[client] {"a":1,"dup":false,"ev":"game","ms":184475,"predicted":false,"t":-1,"tick":10940,"type":"ko"}
[client] {"a":2,"dup":false,"ev":"game","ms":184640,"predicted":false,"t":8,"tick":10950,"type":"hit"}
[client] {"a":4,"dup":false,"ev":"game","ms":184875,"predicted":false,"t":-1,"tick":10964,"type":"respawn"}
[client] {"counts":{"blocks_on_me":0,"conf_actions":109,"confirmed_hits":549,"dup_confirmed":0,"hits_on_me":54,"pred_actions":117,"predicted_confirmed":49,"predicted_hits":108,"reconnects":0},"ev":"stats","hp":0.0,"in_bytes":2470850,"late":0,"local_entity":7,"match":{"countdown_until":300,"ctrl":-1,"final":false,"next":"B","phase":3,"rot":128,"scores":[29,10],"sd":false,"state":3,"tick":10672,"zone":"C"},"max_err":2.455,"mean_err":0.0226,"ms":184909,"out_bytes":537595,"pending":10,"pos":[41.29,-0.45],"reconciles":3648,"server_tick":10970,"snaps":3656,"teleports":5}
[client] {"a":2,"dup":false,"ev":"game","ms":185027,"predicted":false,"t":8,"tick":10973,"type":"hit"}
[client] {"a":2,"dup":false,"ev":"game","ms":185724,"predicted":false,"t":9,"tick":11015,"type":"hit"}
[client] {"a":2,"dup":false,"ev":"game","ms":186075,"predicted":false,"t":5,"tick":11036,"type":"hit"}
[client] {"a":2,"dup":false,"ev":"game","ms":186296,"predicted":false,"t":5,"tick":11049,"type":"hit"}
[client] {"a":5,"dup":false,"ev":"game","ms":186296,"predicted":false,"t":-1,"tick":11049,"type":"ko"}
[client] {"a":2,"dup":false,"ev":"game","ms":186345,"predicted":false,"t":8,"tick":11052,"type":"hit"}
[client] {"a":2,"dup":false,"ev":"game","ms":187076,"predicted":false,"t":9,"tick":11096,"type":"hit"}
[client] {"a":-1,"dup":false,"ev":"game","ms":187124,"predicted":false,"t":-1,"tick":11099,"type":"zone_rotated"}
[client] {"a":7,"dup":false,"ev":"game","ms":187476,"predicted":false,"t":-1,"tick":11125,"type":"respawn"}
[client] {"a":0,"dup":false,"ev":"game","ms":188546,"predicted":false,"t":-1,"tick":11184,"type":"respawn"}
[client] {"counts":{"blocks_on_me":0,"conf_actions":110,"confirmed_hits":555,"dup_confirmed":0,"hits_on_me":54,"pred_actions":117,"predicted_confirmed":49,"predicted_hits":108,"reconnects":0},"ev":"stats","hp":220.0,"in_bytes":2524442,"late":0,"local_entity":7,"match":{"countdown_until":300,"ctrl":-1,"final":false,"next":"","phase":3,"rot":3428,"scores":[29,10],"sd":false,"state":1,"tick":10972,"zone":"B"},"max_err":2.455,"mean_err":0.022,"ms":189911,"out_bytes":552295,"pending":10,"pos":[-2.38,34.27],"reconciles":3747,"server_tick":11270,"snaps":3756,"teleports":6}
[client] {"a":3,"dup":false,"ev":"game","ms":191623,"predicted":false,"t":-1,"tick":11369,"type":"respawn"}
[client] {"a":6,"dup":false,"ev":"game","ms":193176,"predicted":false,"t":-1,"tick":11462,"type":"respawn"}
[client] {"a":4,"dup":false,"ev":"game","ms":193460,"predicted":false,"t":8,"tick":11479,"type":"hit"}
[client] {"a":2,"dup":false,"ev":"game","ms":193756,"predicted":false,"t":8,"tick":11497,"type":"hit"}
[client] {"a":8,"dup":false,"ev":"game","ms":193756,"predicted":false,"t":-1,"tick":11497,"type":"ko"}
[client] {"a":1,"dup":false,"ev":"game","ms":194473,"predicted":false,"t":-1,"tick":11540,"type":"respawn"}
[client] {"counts":{"blocks_on_me":0,"conf_actions":110,"confirmed_hits":557,"dup_confirmed":0,"hits_on_me":54,"pred_actions":117,"predicted_confirmed":49,"predicted_hits":108,"reconnects":0},"ev":"stats","hp":220.0,"in_bytes":2583492,"late":0,"local_entity":7,"match":{"countdown_until":300,"ctrl":-1,"final":false,"next":"","phase":3,"rot":3128,"scores":[29,10],"sd":false,"state":3,"tick":11272,"zone":"B"},"max_err":2.455,"mean_err":0.0215,"ms":194907,"out_bytes":566995,"pending":10,"pos":[-2.75,-0.72],"reconciles":3847,"server_tick":11570,"snaps":3856,"teleports":6}
[client] {"a":9,"dup":false,"ev":"game","ms":195129,"predicted":false,"t":2,"tick":11579,"type":"hit"}
[client] {"a":4,"dup":false,"ev":"game","ms":195943,"predicted":false,"t":7,"tick":11628,"type":"hit"}
[client] {"a":0,"dup":false,"ev":"game","ms":196074,"predicted":false,"t":7,"tick":11636,"type":"hit"}
[client] {"a":5,"dup":false,"ev":"game","ms":196295,"predicted":false,"t":-1,"tick":11649,"type":"respawn"}
[client] {"a":7,"dup":true,"ev":"game","ms":196813,"predicted":false,"t":4,"tick":11685,"type":"hit"}
[client] {"a":7,"dup":true,"ev":"game","ms":197074,"predicted":false,"t":4,"tick":11701,"type":"hit"}
[client] {"a":2,"dup":false,"ev":"game","ms":197274,"predicted":false,"t":9,"tick":11708,"type":"hit"}
[client] {"a":7,"dup":true,"ev":"game","ms":197440,"predicted":false,"t":4,"tick":11723,"type":"hit"}
[client] {"a":0,"dup":false,"ev":"game","ms":197613,"predicted":false,"t":7,"tick":11728,"type":"hit"}
[client] {"a":2,"dup":false,"ev":"game","ms":197627,"predicted":false,"t":9,"tick":11729,"type":"hit"}
[client] {"a":7,"dup":true,"ev":"game","ms":197895,"predicted":false,"t":4,"tick":11750,"type":"hit"}
[client] {"a":2,"dup":false,"ev":"game","ms":198027,"predicted":false,"t":9,"tick":11753,"type":"hit"}
[client] {"a":0,"dup":false,"ev":"game","ms":198075,"predicted":false,"t":7,"tick":11756,"type":"hit"}
[client] {"a":0,"dup":false,"ev":"game","ms":198744,"predicted":false,"t":7,"tick":11796,"type":"hit"}
[client] {"a":4,"dup":false,"ev":"game","ms":198813,"predicted":false,"t":7,"tick":11800,"type":"hit"}
[client] {"a":2,"dup":false,"ev":"game","ms":198827,"predicted":false,"t":7,"tick":11801,"type":"hit"}
[client] {"a":2,"dup":false,"ev":"game","ms":199096,"predicted":false,"t":7,"tick":11817,"type":"hit"}
[client] {"a":4,"dup":false,"ev":"game","ms":199158,"predicted":false,"t":7,"tick":11821,"type":"hit"}
[client] {"a":9,"dup":false,"ev":"game","ms":199510,"predicted":false,"t":2,"tick":11842,"type":"hit"}
[client] {"a":7,"dup":true,"ev":"game","ms":199510,"predicted":false,"t":0,"tick":11847,"type":"hit"}
[client] {"a":7,"dup":true,"ev":"game","ms":199780,"predicted":false,"t":2,"tick":11863,"type":"hit"}
[client] {"a":7,"dup":true,"ev":"game","ms":199814,"predicted":false,"t":0,"tick":11865,"type":"hit"}
[client] {"counts":{"blocks_on_me":0,"conf_actions":119,"confirmed_hits":578,"dup_confirmed":0,"hits_on_me":63,"pred_actions":129,"predicted_confirmed":56,"predicted_hits":125,"reconnects":0},"ev":"stats","hp":38.0,"in_bytes":2657078,"late":0,"local_entity":7,"match":{"countdown_until":300,"ctrl":-1,"final":false,"next":"","phase":3,"rot":2828,"scores":[29,10],"sd":false,"state":3,"tick":11572,"zone":"B"},"max_err":2.455,"mean_err":0.0223,"ms":199909,"out_bytes":581695,"pending":10,"pos":[-2.51,-2.42],"reconciles":3947,"server_tick":11870,"snaps":3956,"teleports":6}
[client] {"a":7,"dup":false,"ev":"game","ms":199931,"predicted":false,"t":-1,"tick":11871,"type":"ko"}
[client] {"a":4,"dup":false,"ev":"game","ms":199993,"predicted":false,"t":7,"tick":11871,"type":"hit"}
[client] {"a":9,"dup":false,"ev":"game","ms":200697,"predicted":false,"t":4,"tick":11913,"type":"hit"}
[client] {"a":9,"dup":false,"ev":"game","ms":200952,"predicted":false,"t":4,"tick":11929,"type":"hit"}
[client] {"a":9,"dup":false,"ev":"game","ms":200986,"predicted":false,"t":0,"tick":11931,"type":"hit"}
[client] {"a":4,"dup":false,"ev":"game","ms":201352,"predicted":false,"t":9,"tick":11952,"type":"hit"}
[client] {"a":0,"dup":false,"ev":"game","ms":201373,"predicted":false,"t":6,"tick":11953,"type":"hit"}
[client] {"a":2,"dup":false,"ev":"game","ms":201373,"predicted":false,"t":9,"tick":11953,"type":"hit"}
[client] {"a":6,"dup":false,"ev":"game","ms":201787,"predicted":false,"t":0,"tick":11978,"type":"hit"}
[client] {"a":0,"dup":false,"ev":"game","ms":202174,"predicted":false,"t":6,"tick":12002,"type":"hit"}
[client] {"a":0,"dup":false,"ev":"game","ms":202470,"predicted":false,"t":6,"tick":12020,"type":"hit"}
[client] {"a":0,"dup":false,"ev":"game","ms":202774,"predicted":false,"t":6,"tick":12038,"type":"hit"}
[client] {"a":9,"dup":false,"ev":"game","ms":202857,"predicted":false,"t":4,"tick":12043,"type":"block"}
[client] {"a":3,"dup":false,"ev":"game","ms":202870,"predicted":false,"t":9,"tick":12044,"type":"hit"}
[client] {"a":9,"dup":false,"ev":"game","ms":202870,"predicted":false,"t":-1,"tick":12044,"type":"ko"}
[client] {"a":6,"dup":false,"ev":"game","ms":203174,"predicted":false,"t":0,"tick":12062,"type":"hit"}
[client] {"a":8,"dup":false,"ev":"game","ms":203754,"predicted":false,"t":-1,"tick":12097,"type":"respawn"}
[client] {"a":6,"dup":false,"ev":"game","ms":203858,"predicted":false,"t":2,"tick":12103,"type":"hit"}
[client] {"a":5,"dup":false,"ev":"game","ms":203954,"predicted":false,"t":2,"tick":12109,"type":"hit"}
[client] {"a":2,"dup":false,"ev":"game","ms":204706,"predicted":false,"t":6,"tick":12154,"type":"hit"}
[client] {"counts":{"blocks_on_me":0,"conf_actions":119,"confirmed_hits":594,"dup_confirmed":0,"hits_on_me":64,"pred_actions":129,"predicted_confirmed":56,"predicted_hits":125,"reconnects":0},"ev":"stats","hp":0.0,"in_bytes":2729942,"late":0,"local_entity":7,"match":{"countdown_until":300,"ctrl":-1,"final":false,"next":"","phase":3,"rot":2528,"scores":[29,10],"sd":false,"state":3,"tick":11872,"zone":"B"},"max_err":2.455,"mean_err":0.0217,"ms":204905,"out_bytes":596395,"pending":10,"pos":[-2.51,-2.42],"reconciles":4047,"server_tick":12170,"snaps":4056,"teleports":6}
[client] {"a":0,"dup":false,"ev":"game","ms":205058,"predicted":false,"t":6,"tick":12175,"type":"hit"}
[client] {"a":2,"dup":false,"ev":"game","ms":205106,"predicted":false,"t":6,"tick":12178,"type":"hit"}
[client] {"a":0,"dup":false,"ev":"game","ms":205375,"predicted":false,"t":6,"tick":12194,"type":"hit"}
[client] {"a":3,"dup":false,"ev":"game","ms":205410,"predicted":false,"t":6,"tick":12196,"type":"hit"}
[client] {"a":2,"dup":false,"ev":"game","ms":205444,"predicted":false,"t":6,"tick":12198,"type":"hit"}
[client] {"a":0,"dup":false,"ev":"game","ms":205706,"predicted":false,"t":6,"tick":12214,"type":"hit"}
[client] {"a":3,"dup":false,"ev":"game","ms":205755,"predicted":false,"t":6,"tick":12217,"type":"hit"}
[client] {"a":2,"dup":false,"ev":"game","ms":206155,"predicted":false,"t":6,"tick":12241,"type":"hit"}
[client] {"a":5,"dup":false,"ev":"game","ms":206507,"predicted":false,"t":3,"tick":12262,"type":"hit"}
[client] {"a":1,"dup":false,"ev":"game","ms":206727,"predicted":false,"t":5,"tick":12275,"type":"hit"}
[client] {"a":1,"dup":false,"ev":"game","ms":206755,"predicted":false,"t":6,"tick":12277,"type":"hit"}
[client] {"a":6,"dup":false,"ev":"game","ms":206755,"predicted":false,"t":-1,"tick":12277,"type":"ko"}
[client] {"a":0,"dup":false,"ev":"game","ms":209694,"predicted":false,"t":5,"tick":12453,"type":"hit"}
[client] {"counts":{"blocks_on_me":0,"conf_actions":119,"confirmed_hits":606,"dup_confirmed":0,"hits_on_me":64,"pred_actions":129,"predicted_confirmed":56,"predicted_hits":125,"reconnects":0},"ev":"stats","hp":0.0,"in_bytes":2796761,"late":0,"local_entity":7,"match":{"countdown_until":300,"ctrl":-1,"final":false,"next":"","phase":3,"rot":2228,"scores":[29,10],"sd":false,"state":3,"tick":12172,"zone":"B"},"max_err":2.455,"mean_err":0.0212,"ms":209907,"out_bytes":611095,"pending":10,"pos":[-2.51,-2.42],"reconciles":4147,"server_tick":12470,"snaps":4156,"teleports":6}
[client] {"a":7,"dup":false,"ev":"game","ms":209929,"predicted":false,"t":-1,"tick":12471,"type":"respawn"}
[client] {"a":3,"dup":false,"ev":"game","ms":210026,"predicted":false,"t":5,"tick":12473,"type":"hit"}
[client] {"a":0,"dup":false,"ev":"game","ms":210177,"predicted":false,"t":5,"tick":12482,"type":"hit"}
[client] {"a":0,"dup":false,"ev":"game","ms":210614,"predicted":false,"t":5,"tick":12508,"type":"hit"}
[client] {"a":3,"dup":false,"ev":"game","ms":210661,"predicted":false,"t":5,"tick":12511,"type":"hit"}
[client] {"a":3,"dup":false,"ev":"game","ms":211013,"predicted":false,"t":5,"tick":12532,"type":"hit"}
[client] {"a":3,"dup":false,"ev":"game","ms":211365,"predicted":false,"t":5,"tick":12553,"type":"hit"}
[client] {"a":8,"dup":false,"ev":"game","ms":211426,"predicted":false,"t":1,"tick":12557,"type":"hit"}
[client] {"a":8,"dup":false,"ev":"game","ms":211813,"predicted":false,"t":3,"tick":12580,"type":"hit"}
[client] {"a":1,"dup":false,"ev":"game","ms":211910,"predicted":false,"t":8,"tick":12586,"type":"hit"}
[client] {"a":0,"dup":false,"ev":"game","ms":212026,"predicted":false,"t":5,"tick":12593,"type":"hit"}
[client] {"a":3,"dup":false,"ev":"game","ms":212214,"predicted":false,"t":5,"tick":12604,"type":"hit"}
[client] {"a":1,"dup":false,"ev":"game","ms":212227,"predicted":false,"t":8,"tick":12605,"type":"hit"}
[client] {"a":1,"dup":false,"ev":"game","ms":212578,"predicted":false,"t":8,"tick":12626,"type":"hit"}
[client] {"a":5,"dup":false,"ev":"game","ms":212579,"predicted":false,"t":0,"tick":12626,"type":"hit"}
[client] {"a":5,"dup":false,"ev":"game","ms":212613,"predicted":false,"t":3,"tick":12628,"type":"hit"}
[client] {"a":9,"dup":false,"ev":"game","ms":212875,"predicted":false,"t":-1,"tick":12644,"type":"respawn"}
[client] {"a":5,"dup":false,"ev":"game","ms":212896,"predicted":false,"t":0,"tick":12645,"type":"hit"}
[client] {"a":5,"dup":false,"ev":"game","ms":212930,"predicted":false,"t":3,"tick":12647,"type":"hit"}
[client] {"a":1,"dup":false,"ev":"game","ms":213186,"predicted":false,"t":8,"tick":12663,"type":"hit"}
[client] {"a":0,"dup":false,"ev":"game","ms":213241,"predicted":false,"t":5,"tick":12666,"type":"hit"}
[client] {"a":3,"dup":false,"ev":"game","ms":213372,"predicted":false,"t":5,"tick":12674,"type":"hit"}
[client] {"a":5,"dup":false,"ev":"game","ms":213372,"predicted":false,"t":-1,"tick":12674,"type":"ko"}
[client] {"a":8,"dup":false,"ev":"game","ms":213786,"predicted":false,"t":1,"tick":12698,"type":"hit"}
[client] {"a":8,"dup":false,"ev":"game","ms":214041,"predicted":false,"t":1,"tick":12713,"type":"hit"}
[client] {"counts":{"blocks_on_me":0,"conf_actions":120,"confirmed_hits":628,"dup_confirmed":0,"hits_on_me":64,"pred_actions":129,"predicted_confirmed":56,"predicted_hits":125,"reconnects":0},"ev":"stats","hp":220.0,"in_bytes":2868012,"late":0,"local_entity":7,"match":{"countdown_until":300,"ctrl":-1,"final":false,"next":"","phase":3,"rot":1928,"scores":[29,10],"sd":false,"state":3,"tick":12472,"zone":"B"},"max_err":2.455,"mean_err":0.0207,"ms":214903,"out_bytes":625795,"pending":10,"pos":[-2.38,16.59],"reconciles":4246,"server_tick":12770,"snaps":4256,"teleports":7}
[client] {"a":8,"dup":false,"ev":"game","ms":215587,"predicted":false,"t":1,"tick":12807,"type":"hit"}
[client] {"a":1,"dup":false,"ev":"game","ms":215960,"predicted":false,"t":8,"tick":12829,"type":"hit"}
[client] {"a":1,"dup":false,"ev":"game","ms":216277,"predicted":false,"t":8,"tick":12848,"type":"hit"}
[client] {"a":6,"dup":false,"ev":"game","ms":216761,"predicted":false,"t":-1,"tick":12877,"type":"respawn"}
[client] {"a":8,"dup":false,"ev":"game","ms":216926,"predicted":false,"t":1,"tick":12887,"type":"hit"}
[client] {"a":8,"dup":false,"ev":"game","ms":216961,"predicted":false,"t":0,"tick":12889,"type":"hit"}
[client] {"a":8,"dup":false,"ev":"game","ms":217022,"predicted":false,"t":3,"tick":12893,"type":"hit"}
[client] {"a":8,"dup":false,"ev":"game","ms":217588,"predicted":false,"t":1,"tick":12927,"type":"hit"}
[client] {"a":4,"dup":false,"ev":"game","ms":217940,"predicted":false,"t":8,"tick":12948,"type":"hit"}
[client] {"a":1,"dup":false,"ev":"game","ms":218243,"predicted":false,"t":7,"tick":12966,"type":"hit"}
[client] {"a":8,"dup":false,"ev":"game","ms":218906,"predicted":false,"t":4,"tick":13006,"type":"hit"}
[client] {"a":7,"dup":true,"ev":"game","ms":218976,"predicted":false,"t":4,"tick":13015,"type":"hit"}
[client] {"a":1,"dup":false,"ev":"game","ms":219060,"predicted":false,"t":8,"tick":13015,"type":"hit"}
[client] {"a":1,"dup":false,"ev":"game","ms":219479,"predicted":false,"t":8,"tick":13040,"type":"hit"}
[client] {"a":4,"dup":false,"ev":"game","ms":219623,"predicted":false,"t":7,"tick":13049,"type":"hit"}
[client] {"counts":{"blocks_on_me":0,"conf_actions":124,"confirmed_hits":642,"dup_confirmed":0,"hits_on_me":66,"pred_actions":133,"predicted_confirmed":57,"predicted_hits":129,"reconnects":0},"ev":"stats","hp":164.0,"in_bytes":2936884,"late":0,"local_entity":7,"match":{"countdown_until":300,"ctrl":-1,"final":false,"next":"","phase":3,"rot":1628,"scores":[29,10],"sd":false,"state":3,"tick":12772,"zone":"B"},"max_err":2.455,"mean_err":0.0208,"ms":219906,"out_bytes":640495,"pending":10,"pos":[-2.5,-1.11],"reconciles":4346,"server_tick":13070,"snaps":4356,"teleports":7}
[client] {"a":4,"dup":false,"ev":"game","ms":219963,"predicted":false,"t":7,"tick":13069,"type":"hit"}
[client] {"a":8,"dup":false,"ev":"game","ms":220259,"predicted":false,"t":1,"tick":13087,"type":"hit"}
[client] {"a":4,"dup":false,"ev":"game","ms":220307,"predicted":false,"t":7,"tick":13090,"type":"hit"}
[client] {"a":8,"dup":false,"ev":"game","ms":220589,"predicted":false,"t":1,"tick":13107,"type":"hit"}
[client] {"a":8,"dup":false,"ev":"game","ms":220928,"predicted":false,"t":1,"tick":13127,"type":"hit"}
[client] {"a":4,"dup":false,"ev":"game","ms":221224,"predicted":false,"t":8,"tick":13145,"type":"hit"}
[client] {"a":7,"dup":true,"ev":"game","ms":222080,"predicted":false,"t":4,"tick":13201,"type":"hit"}
[client] {"a":9,"dup":false,"ev":"game","ms":222225,"predicted":false,"t":4,"tick":13205,"type":"hit"}
[client] {"a":8,"dup":false,"ev":"game","ms":222356,"predicted":false,"t":4,"tick":13213,"type":"hit"}
[client] {"a":8,"dup":false,"ev":"game","ms":222584,"predicted":false,"t":4,"tick":13227,"type":"hit"}
[client] {"a":7,"dup":true,"ev":"game","ms":223102,"predicted":false,"t":4,"tick":13263,"type":"hit"}
[client] {"a":5,"dup":false,"ev":"game","ms":223370,"predicted":false,"t":-1,"tick":13274,"type":"respawn"}
[client] {"a":7,"dup":true,"ev":"game","ms":223405,"predicted":false,"t":4,"tick":13281,"type":"hit"}
[client] {"a":8,"dup":false,"ev":"game","ms":223570,"predicted":false,"t":4,"tick":13286,"type":"hit"}
[client] {"a":9,"dup":false,"ev":"game","ms":223640,"predicted":false,"t":4,"tick":13290,"type":"hit"}
[client] {"a":4,"dup":false,"ev":"game","ms":223640,"predicted":false,"t":-1,"tick":13290,"type":"ko"}
[client] {"a":8,"dup":false,"ev":"game","ms":224406,"predicted":false,"t":1,"tick":13336,"type":"hit"}
[client] {"a":8,"dup":false,"ev":"game","ms":224819,"predicted":false,"t":1,"tick":13361,"type":"hit"}
[client] {"counts":{"blocks_on_me":0,"conf_actions":134,"confirmed_hits":658,"dup_confirmed":0,"hits_on_me":68,"pred_actions":143,"predicted_confirmed":60,"predicted_hits":136,"reconnects":0},"ev":"stats","hp":128.0,"in_bytes":3009922,"late":0,"local_entity":7,"match":{"countdown_until":300,"ctrl":-1,"final":false,"next":"","phase":3,"rot":1328,"scores":[29,10],"sd":false,"state":3,"tick":13072,"zone":"B"},"max_err":2.455,"mean_err":0.0209,"ms":224901,"out_bytes":655195,"pending":10,"pos":[-2.53,-2.64],"reconciles":4446,"server_tick":13370,"snaps":4456,"teleports":7}
[client] {"a":8,"dup":false,"ev":"game","ms":225123,"predicted":false,"t":0,"tick":13379,"type":"hit"}
[client] {"a":1,"dup":false,"ev":"game","ms":225219,"predicted":false,"t":8,"tick":13385,"type":"hit"}
[client] {"a":7,"dup":true,"ev":"game","ms":225219,"predicted":false,"t":0,"tick":13389,"type":"hit"}
[client] {"a":7,"dup":true,"ev":"game","ms":225255,"predicted":false,"t":3,"tick":13392,"type":"hit"}
[client] {"a":0,"dup":false,"ev":"game","ms":225288,"predicted":false,"t":-1,"tick":13389,"type":"ko"}
[client] {"a":9,"dup":false,"ev":"game","ms":225503,"predicted":false,"t":1,"tick":13402,"type":"hit"}
[client] {"a":1,"dup":false,"ev":"game","ms":225503,"predicted":false,"t":-1,"tick":13402,"type":"ko"}
[client] {"a":7,"dup":false,"ev":"game","ms":225820,"predicted":false,"t":2,"tick":13425,"type":"hit"}
[client] {"a":7,"dup":true,"ev":"game","ms":226123,"predicted":false,"t":2,"tick":13444,"type":"hit"}
[client] {"a":7,"dup":false,"ev":"game","ms":226123,"predicted":false,"t":3,"tick":13444,"type":"hit"}
[client] {"a":7,"dup":true,"ev":"game","ms":226420,"predicted":false,"t":3,"tick":13462,"type":"hit"}
[client] {"a":2,"dup":false,"ev":"game","ms":226607,"predicted":false,"t":7,"tick":13468,"type":"hit"}
[client] {"a":9,"dup":false,"ev":"game","ms":226972,"predicted":false,"t":2,"tick":13490,"type":"hit"}
[client] {"a":7,"dup":true,"ev":"game","ms":226972,"predicted":false,"t":2,"tick":13495,"type":"hit"}
[client] {"a":3,"dup":false,"ev":"game","ms":227372,"predicted":false,"t":7,"tick":13514,"type":"hit"}
[client] {"a":8,"dup":false,"ev":"game","ms":227441,"predicted":false,"t":3,"tick":13518,"type":"hit"}
[client] {"a":6,"dup":false,"ev":"game","ms":227489,"predicted":false,"t":3,"tick":13521,"type":"hit"}
[client] {"a":2,"dup":false,"ev":"game","ms":227704,"predicted":false,"t":9,"tick":13534,"type":"hit"}
[client] {"a":9,"dup":false,"ev":"game","ms":228076,"predicted":false,"t":2,"tick":13556,"type":"hit"}
[client] {"a":9,"dup":false,"ev":"game","ms":228573,"predicted":false,"t":2,"tick":13586,"type":"hit"}
[client] {"a":9,"dup":false,"ev":"game","ms":228621,"predicted":false,"t":3,"tick":13589,"type":"hit"}
[client] {"a":3,"dup":false,"ev":"game","ms":228621,"predicted":false,"t":-1,"tick":13589,"type":"ko"}
[client] {"a":6,"dup":false,"ev":"game","ms":229842,"predicted":false,"t":2,"tick":13662,"type":"hit"}
[client] {"counts":{"blocks_on_me":0,"conf_actions":143,"confirmed_hits":678,"dup_confirmed":0,"hits_on_me":70,"pred_actions":152,"predicted_confirmed":65,"predicted_hits":149,"reconnects":0},"ev":"stats","hp":92.0,"in_bytes":3077540,"late":0,"local_entity":7,"match":{"countdown_until":300,"ctrl":-1,"final":false,"next":"","phase":3,"rot":1028,"scores":[29,10],"sd":false,"state":3,"tick":13372,"zone":"B"},"max_err":2.455,"mean_err":0.0211,"ms":229904,"out_bytes":669895,"pending":10,"pos":[0.49,-2.68],"reconciles":4546,"server_tick":13670,"snaps":4556,"teleports":7}
[client] {"a":6,"dup":false,"ev":"game","ms":230325,"predicted":false,"t":2,"tick":13691,"type":"hit"}
[client] {"a":7,"dup":true,"ev":"game","ms":230339,"predicted":false,"t":2,"tick":13697,"type":"hit"}
[client] {"a":2,"dup":false,"ev":"game","ms":231291,"predicted":false,"t":6,"tick":13749,"type":"hit"}
[client] {"a":2,"dup":false,"ev":"game","ms":231526,"predicted":false,"t":6,"tick":13763,"type":"hit"}
[client] {"a":6,"dup":false,"ev":"game","ms":232326,"predicted":false,"t":2,"tick":13811,"type":"hit"}
[client] {"a":4,"dup":false,"ev":"game","ms":233644,"predicted":false,"t":-1,"tick":13890,"type":"respawn"}
[client] {"a":2,"dup":false,"ev":"game","ms":234624,"predicted":false,"t":5,"tick":13949,"type":"hit"}
[client] {"a":8,"dup":false,"ev":"game","ms":234845,"predicted":false,"t":2,"tick":13962,"type":"hit"}
[client] {"a":9,"dup":false,"ev":"game","ms":234845,"predicted":false,"t":2,"tick":13962,"type":"hit"}
[client] {"a":2,"dup":false,"ev":"game","ms":234845,"predicted":false,"t":-1,"tick":13962,"type":"ko"}
[client] {"counts":{"blocks_on_me":0,"conf_actions":145,"confirmed_hits":686,"dup_confirmed":0,"hits_on_me":70,"pred_actions":154,"predicted_confirmed":66,"predicted_hits":151,"reconnects":0},"ev":"stats","hp":92.0,"in_bytes":3134875,"late":0,"local_entity":7,"match":{"countdown_until":300,"ctrl":1,"final":false,"next":"A","phase":3,"rot":728,"scores":[29,10],"sd":false,"state":2,"tick":13672,"zone":"B"},"max_err":2.455,"mean_err":0.021,"ms":234913,"out_bytes":684595,"pending":10,"pos":[-0.34,-2.76],"reconciles":4646,"server_tick":13970,"snaps":4656,"teleports":7}
[client] {"a":0,"dup":false,"ev":"game","ms":235293,"predicted":false,"t":-1,"tick":13989,"type":"respawn"}
[client] {"a":1,"dup":false,"ev":"game","ms":235514,"predicted":false,"t":-1,"tick":14002,"type":"respawn"}
[client] {"a":3,"dup":false,"ev":"game","ms":238633,"predicted":false,"t":-1,"tick":14189,"type":"respawn"}
[client] {"counts":{"blocks_on_me":0,"conf_actions":145,"confirmed_hits":686,"dup_confirmed":0,"hits_on_me":70,"pred_actions":154,"predicted_confirmed":66,"predicted_hits":151,"reconnects":0},"ev":"stats","hp":92.0,"in_bytes":3188174,"late":0,"local_entity":7,"match":{"countdown_until":300,"ctrl":-1,"final":false,"next":"A","phase":3,"rot":428,"scores":[29,15],"sd":false,"state":3,"tick":13972,"zone":"B"},"max_err":2.455,"mean_err":0.0208,"ms":239909,"out_bytes":699295,"pending":10,"pos":[0.0,-2.73],"reconciles":4746,"server_tick":14270,"snaps":4756,"teleports":7}
[client] {"a":4,"dup":false,"ev":"game","ms":240827,"predicted":false,"t":5,"tick":14321,"type":"hit"}
[client] {"a":4,"dup":false,"ev":"game","ms":241111,"predicted":false,"t":8,"tick":14338,"type":"hit"}
[client] {"a":8,"dup":false,"ev":"game","ms":241111,"predicted":false,"t":-1,"tick":14338,"type":"ko"}
[client] {"a":4,"dup":false,"ev":"game","ms":241159,"predicted":false,"t":5,"tick":14341,"type":"hit"}
[client] {"a":4,"dup":false,"ev":"game","ms":241456,"predicted":false,"t":5,"tick":14359,"type":"hit"}
[client] {"a":7,"dup":true,"ev":"game","ms":241573,"predicted":false,"t":4,"tick":14371,"type":"hit"}
[client] {"a":9,"dup":false,"ev":"game","ms":241724,"predicted":false,"t":4,"tick":14375,"type":"hit"}
[client] {"a":9,"dup":false,"ev":"game","ms":242738,"predicted":false,"t":1,"tick":14436,"type":"hit"}
[client] {"a":4,"dup":false,"ev":"game","ms":242773,"predicted":false,"t":7,"tick":14438,"type":"hit"}
[client] {"a":9,"dup":false,"ev":"game","ms":243077,"predicted":false,"t":4,"tick":14456,"type":"hit"}
[client] {"a":9,"dup":false,"ev":"game","ms":243090,"predicted":false,"t":1,"tick":14457,"type":"hit"}
[client] {"a":4,"dup":false,"ev":"game","ms":243443,"predicted":false,"t":7,"tick":14478,"type":"hit"}
[client] {"a":4,"dup":false,"ev":"game","ms":243490,"predicted":false,"t":6,"tick":14481,"type":"hit"}
[client] {"a":0,"dup":false,"ev":"game","ms":243560,"predicted":false,"t":7,"tick":14485,"type":"hit"}
[client] {"a":0,"dup":false,"ev":"game","ms":243573,"predicted":false,"t":9,"tick":14486,"type":"hit"}
[client] {"a":0,"dup":false,"ev":"game","ms":243628,"predicted":false,"t":5,"tick":14489,"type":"hit"}
[client] {"a":6,"dup":false,"ev":"game","ms":243857,"predicted":false,"t":4,"tick":14503,"type":"hit"}
[client] {"a":1,"dup":false,"ev":"game","ms":244174,"predicted":false,"t":6,"tick":14522,"type":"hit"}
[client] {"a":7,"dup":false,"ev":"game","ms":244340,"predicted":false,"t":-1,"tick":14537,"type":"ko"}
[client] {"a":0,"dup":false,"ev":"game","ms":244429,"predicted":false,"t":7,"tick":14537,"type":"hit"}
[client] {"a":0,"dup":false,"ev":"game","ms":244429,"predicted":false,"t":9,"tick":14537,"type":"hit"}
[client] {"a":0,"dup":false,"ev":"game","ms":244443,"predicted":false,"t":5,"tick":14538,"type":"hit"}
[client] {"a":2,"dup":false,"ev":"game","ms":244843,"predicted":false,"t":-1,"tick":14562,"type":"respawn"}
[client] {"counts":{"blocks_on_me":0,"conf_actions":151,"confirmed_hits":706,"dup_confirmed":0,"hits_on_me":74,"pred_actions":162,"predicted_confirmed":67,"predicted_hits":154,"reconnects":0},"ev":"stats","hp":0.0,"in_bytes":3258913,"late":0,"local_entity":7,"match":{"countdown_until":300,"ctrl":-1,"final":false,"next":"A","phase":3,"rot":128,"scores":[29,15],"sd":false,"state":3,"tick":14272,"zone":"B"},"max_err":2.455,"mean_err":0.0215,"ms":244911,"out_bytes":713995,"pending":10,"pos":[0.0,-2.73],"reconciles":4846,"server_tick":14570,"snaps":4856,"teleports":7}
[client] {"a":9,"dup":false,"ev":"game","ms":245161,"predicted":false,"t":0,"tick":14581,"type":"hit"}
[client] {"a":9,"dup":false,"ev":"game","ms":245161,"predicted":false,"t":1,"tick":14581,"type":"hit"}
[client] {"a":4,"dup":false,"ev":"game","ms":245229,"predicted":false,"t":6,"tick":14585,"type":"hit"}
[client] {"a":6,"dup":false,"ev":"game","ms":245795,"predicted":false,"t":4,"tick":14619,"type":"hit"}
[client] {"a":3,"dup":false,"ev":"game","ms":246147,"predicted":false,"t":9,"tick":14640,"type":"hit"}
[client] {"a":3,"dup":false,"ev":"game","ms":246175,"predicted":false,"t":5,"tick":14642,"type":"hit"}
[client] {"a":1,"dup":false,"ev":"game","ms":246292,"predicted":false,"t":6,"tick":14649,"type":"hit"}
[client] {"a":0,"dup":false,"ev":"game","ms":246513,"predicted":false,"t":6,"tick":14662,"type":"hit"}
[client] {"a":3,"dup":false,"ev":"game","ms":246747,"predicted":false,"t":9,"tick":14676,"type":"hit"}
[client] {"a":3,"dup":false,"ev":"game","ms":246761,"predicted":false,"t":6,"tick":14677,"type":"hit"}
[client] {"a":5,"dup":false,"ev":"game","ms":246775,"predicted":false,"t":3,"tick":14678,"type":"hit"}
[client] {"a":0,"dup":false,"ev":"game","ms":246810,"predicted":false,"t":6,"tick":14680,"type":"hit"}
[client] {"a":3,"dup":false,"ev":"game","ms":247093,"predicted":false,"t":6,"tick":14697,"type":"hit"}
[client] {"a":3,"dup":false,"ev":"game","ms":247093,"predicted":false,"t":9,"tick":14697,"type":"hit"}
[client] {"a":5,"dup":false,"ev":"game","ms":247093,"predicted":false,"t":3,"tick":14697,"type":"hit"}
[client] {"a":-1,"dup":false,"ev":"game","ms":247127,"predicted":false,"t":-1,"tick":14699,"type":"zone_rotated"}
[client] {"a":9,"dup":false,"ev":"game","ms":247444,"predicted":false,"t":3,"tick":14718,"type":"hit"}
[client] {"a":6,"dup":false,"ev":"game","ms":247458,"predicted":false,"t":3,"tick":14719,"type":"hit"}
[client] {"a":6,"dup":false,"ev":"game","ms":247513,"predicted":false,"t":0,"tick":14722,"type":"hit"}
[client] {"a":5,"dup":false,"ev":"game","ms":247527,"predicted":false,"t":3,"tick":14723,"type":"hit"}
[client] {"a":1,"dup":false,"ev":"game","ms":247596,"predicted":false,"t":5,"tick":14727,"type":"hit"}
[client] {"a":6,"dup":false,"ev":"game","ms":247831,"predicted":false,"t":3,"tick":14741,"type":"hit"}
[client] {"a":0,"dup":false,"ev":"game","ms":247893,"predicted":false,"t":9,"tick":14745,"type":"parry"}
[client] {"a":1,"dup":false,"ev":"game","ms":248259,"predicted":false,"t":9,"tick":14767,"type":"hit"}
[client] {"a":4,"dup":false,"ev":"game","ms":248362,"predicted":false,"t":6,"tick":14773,"type":"hit"}
[client] {"a":9,"dup":false,"ev":"game","ms":248610,"predicted":false,"t":1,"tick":14788,"type":"hit"}
[client] {"a":4,"dup":false,"ev":"game","ms":248693,"predicted":false,"t":6,"tick":14793,"type":"hit"}
[client] {"a":3,"dup":false,"ev":"game","ms":248845,"predicted":false,"t":6,"tick":14802,"type":"hit"}
[client] {"a":0,"dup":false,"ev":"game","ms":248976,"predicted":false,"t":9,"tick":14810,"type":"hit"}
[client] {"a":1,"dup":false,"ev":"game","ms":248997,"predicted":false,"t":9,"tick":14811,"type":"hit"}
[client] {"a":5,"dup":false,"ev":"game","ms":249176,"predicted":false,"t":4,"tick":14822,"type":"hit"}
[client] {"a":0,"dup":false,"ev":"game","ms":249308,"predicted":false,"t":9,"tick":14830,"type":"hit"}
[client] {"a":0,"dup":false,"ev":"game","ms":249356,"predicted":false,"t":5,"tick":14833,"type":"hit"}
[client] {"a":5,"dup":false,"ev":"game","ms":249356,"predicted":false,"t":-1,"tick":14833,"type":"ko"}
[client] {"a":3,"dup":false,"ev":"game","ms":249556,"predicted":false,"t":9,"tick":14845,"type":"hit"}
[client] {"a":1,"dup":false,"ev":"game","ms":249653,"predicted":false,"t":6,"tick":14851,"type":"hit"}
[client] {"a":6,"dup":false,"ev":"game","ms":249653,"predicted":false,"t":-1,"tick":14851,"type":"ko"}
[client] {"a":1,"dup":false,"ev":"game","ms":249673,"predicted":false,"t":9,"tick":14852,"type":"hit"}
[client] {"a":9,"dup":false,"ev":"game","ms":249673,"predicted":false,"t":-1,"tick":14852,"type":"ko"}
[client] {"counts":{"blocks_on_me":0,"conf_actions":151,"confirmed_hits":740,"dup_confirmed":0,"hits_on_me":74,"pred_actions":162,"predicted_confirmed":67,"predicted_hits":154,"reconnects":0},"ev":"stats","hp":0.0,"in_bytes":3333941,"late":0,"local_entity":7,"match":{"countdown_until":300,"ctrl":-1,"final":false,"next":"","phase":3,"rot":3428,"scores":[29,15],"sd":false,"state":1,"tick":14572,"zone":"A"},"max_err":2.455,"mean_err":0.0211,"ms":249907,"out_bytes":728695,"pending":10,"pos":[0.0,-2.73],"reconciles":4946,"server_tick":14870,"snaps":4956,"teleports":7}
[client] {"a":8,"dup":false,"ev":"game","ms":251109,"predicted":false,"t":-1,"tick":14938,"type":"respawn"}
[client] {"a":7,"dup":false,"ev":"game","ms":254344,"predicted":false,"t":-1,"tick":15137,"type":"respawn"}
[client] {"counts":{"blocks_on_me":0,"conf_actions":151,"confirmed_hits":740,"dup_confirmed":0,"hits_on_me":74,"pred_actions":162,"predicted_confirmed":67,"predicted_hits":154,"reconnects":0},"ev":"stats","hp":220.0,"in_bytes":3387101,"late":0,"local_entity":7,"match":{"countdown_until":300,"ctrl":0,"final":false,"next":"","phase":3,"rot":3128,"scores":[30,15],"sd":false,"state":2,"tick":14872,"zone":"A"},"max_err":2.455,"mean_err":0.0207,"ms":254909,"out_bytes":743395,"pending":10,"pos":[4.9,44.78],"reconciles":5045,"server_tick":15170,"snaps":5056,"teleports":8}
[client] {"a":5,"dup":false,"ev":"game","ms":259362,"predicted":false,"t":-1,"tick":15433,"type":"respawn"}
[client] {"a":6,"dup":false,"ev":"game","ms":259666,"predicted":false,"t":-1,"tick":15451,"type":"respawn"}
[client] {"a":9,"dup":false,"ev":"game","ms":259679,"predicted":false,"t":-1,"tick":15452,"type":"respawn"}
[client] {"counts":{"blocks_on_me":0,"conf_actions":151,"confirmed_hits":740,"dup_confirmed":0,"hits_on_me":74,"pred_actions":162,"predicted_confirmed":67,"predicted_hits":154,"reconnects":0},"ev":"stats","hp":220.0,"in_bytes":3444065,"late":0,"local_entity":7,"match":{"countdown_until":300,"ctrl":-1,"final":false,"next":"","phase":3,"rot":2828,"scores":[34,15],"sd":false,"state":3,"tick":15172,"zone":"A"},"max_err":2.455,"mean_err":0.0203,"ms":259913,"out_bytes":758095,"pending":10,"pos":[-10.67,17.38],"reconciles":5145,"server_tick":15470,"snaps":5156,"teleports":8}
[client] {"a":1,"dup":false,"ev":"game","ms":261169,"predicted":false,"t":8,"tick":15542,"type":"hit"}
[client] {"a":4,"dup":false,"ev":"game","ms":261356,"predicted":false,"t":8,"tick":15553,"type":"hit"}
[client] {"a":4,"dup":false,"ev":"game","ms":262605,"predicted":false,"t":8,"tick":15628,"type":"hit"}
[client] {"a":4,"dup":false,"ev":"game","ms":262943,"predicted":false,"t":8,"tick":15648,"type":"hit"}
[client] {"a":8,"dup":false,"ev":"game","ms":263592,"predicted":false,"t":4,"tick":15687,"type":"hit"}
[client] {"counts":{"blocks_on_me":0,"conf_actions":152,"confirmed_hits":745,"dup_confirmed":0,"hits_on_me":74,"pred_actions":163,"predicted_confirmed":67,"predicted_hits":154,"reconnects":0},"ev":"stats","hp":220.0,"in_bytes":3509236,"late":0,"local_entity":7,"match":{"countdown_until":300,"ctrl":-1,"final":false,"next":"","phase":3,"rot":2528,"scores":[34,15],"sd":false,"state":3,"tick":15472,"zone":"A"},"max_err":2.455,"mean_err":0.0199,"ms":264909,"out_bytes":772795,"pending":10,"pos":[-39.99,1.2],"reconciles":5245,"server_tick":15770,"snaps":5256,"teleports":8}
[client] {"a":3,"dup":false,"ev":"game","ms":266379,"predicted":false,"t":8,"tick":15854,"type":"hit"}
[client] {"a":7,"dup":true,"ev":"game","ms":266524,"predicted":false,"t":4,"tick":15868,"type":"hit"}
[client] {"a":0,"dup":false,"ev":"game","ms":266628,"predicted":false,"t":8,"tick":15869,"type":"hit"}
[client] {"a":4,"dup":false,"ev":"game","ms":267041,"predicted":false,"t":7,"tick":15894,"type":"hit"}
[client] {"a":3,"dup":false,"ev":"game","ms":267062,"predicted":false,"t":8,"tick":15895,"type":"hit"}
[client] {"a":4,"dup":false,"ev":"game","ms":267379,"predicted":false,"t":7,"tick":15914,"type":"hit"}
[client] {"a":7,"dup":true,"ev":"game","ms":267642,"predicted":false,"t":4,"tick":15935,"type":"hit"}
[client] {"a":7,"dup":true,"ev":"game","ms":267960,"predicted":false,"t":4,"tick":15954,"type":"hit"}
[client] {"a":2,"dup":false,"ev":"game","ms":268180,"predicted":false,"t":7,"tick":15962,"type":"hit"}
[client] {"a":2,"dup":false,"ev":"game","ms":268491,"predicted":false,"t":7,"tick":15981,"type":"hit"}
[client] {"a":8,"dup":false,"ev":"game","ms":268491,"predicted":false,"t":1,"tick":15981,"type":"hit"}
[client] {"a":8,"dup":false,"ev":"game","ms":268760,"predicted":false,"t":1,"tick":15997,"type":"hit"}
[client] {"a":4,"dup":false,"ev":"game","ms":268781,"predicted":false,"t":7,"tick":15998,"type":"hit"}
[client] {"a":4,"dup":false,"ev":"game","ms":269409,"predicted":false,"t":7,"tick":16036,"type":"hit"}
[client] {"a":4,"dup":false,"ev":"game","ms":269491,"predicted":false,"t":5,"tick":16041,"type":"hit"}
[client] {"a":1,"dup":false,"ev":"game","ms":269609,"predicted":false,"t":8,"tick":16048,"type":"hit"}
[client] {"a":1,"dup":false,"ev":"game","ms":269829,"predicted":false,"t":8,"tick":16061,"type":"hit"}
[client] {"counts":{"blocks_on_me":0,"conf_actions":159,"confirmed_hits":762,"dup_confirmed":0,"hits_on_me":80,"pred_actions":174,"predicted_confirmed":70,"predicted_hits":161,"reconnects":0},"ev":"stats","hp":92.0,"in_bytes":3581527,"late":0,"local_entity":7,"match":{"countdown_until":300,"ctrl":-1,"final":false,"next":"","phase":3,"rot":2228,"scores":[34,15],"sd":false,"state":3,"tick":15772,"zone":"A"},"max_err":2.455,"mean_err":0.0205,"ms":269911,"out_bytes":787495,"pending":10,"pos":[-38.2,2.3],"reconciles":5345,"server_tick":16070,"snaps":5356,"teleports":8}
[client] {"a":8,"dup":false,"ev":"game","ms":270519,"predicted":false,"t":1,"tick":16103,"type":"hit"}
[client] {"a":9,"dup":false,"ev":"game","ms":271037,"predicted":false,"t":4,"tick":16134,"type":"hit"}
[client] {"a":2,"dup":false,"ev":"game","ms":271458,"predicted":false,"t":9,"tick":16159,"type":"hit"}
[client] {"a":7,"dup":true,"ev":"game","ms":271575,"predicted":false,"t":2,"tick":16171,"type":"hit"}
[client] {"a":6,"dup":false,"ev":"game","ms":271637,"predicted":false,"t":4,"tick":16170,"type":"hit"}
[client] {"a":9,"dup":false,"ev":"game","ms":271775,"predicted":false,"t":4,"tick":16178,"type":"hit"}
[client] {"a":1,"dup":false,"ev":"game","ms":271955,"predicted":false,"t":8,"tick":16189,"type":"hit"}
[client] {"a":3,"dup":false,"ev":"game","ms":271975,"predicted":false,"t":9,"tick":16190,"type":"hit"}
[client] {"a":4,"dup":false,"ev":"game","ms":272224,"predicted":false,"t":7,"tick":16205,"type":"hit"}
[client] {"a":2,"dup":false,"ev":"game","ms":272238,"predicted":false,"t":7,"tick":16206,"type":"hit"}
[client] {"a":1,"dup":false,"ev":"game","ms":272293,"predicted":false,"t":8,"tick":16209,"type":"hit"}
[client] {"a":9,"dup":false,"ev":"game","ms":272389,"predicted":false,"t":4,"tick":16215,"type":"hit"}
[client] {"a":7,"dup":true,"ev":"game","ms":272507,"predicted":false,"t":4,"tick":16227,"type":"hit"}
[client] {"a":5,"dup":false,"ev":"game","ms":272541,"predicted":false,"t":2,"tick":16224,"type":"hit"}
[client] {"a":5,"dup":false,"ev":"game","ms":272589,"predicted":false,"t":0,"tick":16227,"type":"hit"}
[client] {"a":1,"dup":false,"ev":"game","ms":272637,"predicted":false,"t":8,"tick":16230,"type":"hit"}
[client] {"a":8,"dup":false,"ev":"game","ms":272637,"predicted":false,"t":-1,"tick":16230,"type":"ko"}
[client] {"a":7,"dup":true,"ev":"game","ms":272824,"predicted":false,"t":4,"tick":16246,"type":"hit"}
[client] {"a":5,"dup":false,"ev":"game","ms":272858,"predicted":false,"t":2,"tick":16243,"type":"hit"}
[client] {"a":7,"dup":false,"ev":"game","ms":272872,"predicted":false,"t":2,"tick":16249,"type":"hit"}
[client] {"a":4,"dup":false,"ev":"game","ms":273272,"predicted":false,"t":5,"tick":16268,"type":"hit"}
[client] {"a":7,"dup":true,"ev":"game","ms":273424,"predicted":false,"t":3,"tick":16282,"type":"hit"}
[client] {"a":7,"dup":true,"ev":"game","ms":273459,"predicted":false,"t":0,"tick":16284,"type":"hit"}
[client] {"a":7,"dup":true,"ev":"game","ms":273459,"predicted":false,"t":4,"tick":16284,"type":"hit"}
[client] {"a":5,"dup":false,"ev":"game","ms":273693,"predicted":false,"t":4,"tick":16293,"type":"hit"}
[client] {"a":5,"dup":false,"ev":"game","ms":274059,"predicted":false,"t":1,"tick":16315,"type":"hit"}
[client] {"a":5,"dup":false,"ev":"game","ms":274094,"predicted":false,"t":4,"tick":16317,"type":"hit"}
[client] {"a":4,"dup":false,"ev":"game","ms":274094,"predicted":false,"t":-1,"tick":16317,"type":"ko"}
[client] {"a":3,"dup":false,"ev":"game","ms":274321,"predicted":false,"t":6,"tick":16331,"type":"block"}
[client] {"a":1,"dup":false,"ev":"game","ms":274425,"predicted":false,"t":5,"tick":16337,"type":"hit"}
[client] {"a":3,"dup":false,"ev":"game","ms":274624,"predicted":false,"t":6,"tick":16349,"type":"block"}
[client] {"a":0,"dup":false,"ev":"game","ms":274708,"predicted":false,"t":5,"tick":16354,"type":"hit"}
[client] {"a":0,"dup":false,"ev":"game","ms":274721,"predicted":false,"t":7,"tick":16355,"type":"hit"}
[client] {"a":1,"dup":false,"ev":"game","ms":274721,"predicted":false,"t":5,"tick":16355,"type":"hit"}
[client] {"a":1,"dup":false,"ev":"game","ms":274776,"predicted":false,"t":7,"tick":16358,"type":"hit"}
[client] {"counts":{"blocks_on_me":0,"conf_actions":169,"confirmed_hits":793,"dup_confirmed":0,"hits_on_me":84,"pred_actions":184,"predicted_confirmed":76,"predicted_hits":174,"reconnects":0},"ev":"stats","hp":12.0,"in_bytes":3663817,"late":0,"local_entity":7,"match":{"countdown_until":300,"ctrl":-1,"final":false,"next":"","phase":3,"rot":1928,"scores":[34,15],"sd":false,"state":3,"tick":16072,"zone":"A"},"max_err":2.455,"mean_err":0.0209,"ms":274907,"out_bytes":802195,"pending":10,"pos":[-39.86,0.41],"reconciles":5445,"server_tick":16370,"snaps":5456,"teleports":8}
[client] {"a":9,"dup":false,"ev":"game","ms":275060,"predicted":false,"t":3,"tick":16375,"type":"hit"}
[client] {"a":2,"dup":false,"ev":"game","ms":275205,"predicted":false,"t":5,"tick":16384,"type":"hit"}
[client] {"a":1,"dup":false,"ev":"game","ms":275342,"predicted":false,"t":5,"tick":16392,"type":"hit"}
[client] {"a":0,"dup":false,"ev":"game","ms":275377,"predicted":false,"t":5,"tick":16394,"type":"hit"}
[client] {"a":9,"dup":false,"ev":"game","ms":275908,"predicted":false,"t":0,"tick":16426,"type":"hit"}
[client] {"a":5,"dup":false,"ev":"game","ms":276275,"predicted":false,"t":2,"tick":16448,"type":"hit"}
[client] {"a":7,"dup":false,"ev":"game","ms":276294,"predicted":false,"t":-1,"tick":16454,"type":"ko"}
[client] {"a":0,"dup":false,"ev":"game","ms":276322,"predicted":false,"t":9,"tick":16451,"type":"hit"}
[client] {"a":0,"dup":false,"ev":"game","ms":276377,"predicted":false,"t":7,"tick":16454,"type":"hit"}
[client] {"a":5,"dup":false,"ev":"game","ms":276377,"predicted":false,"t":0,"tick":16454,"type":"hit"}
[client] {"a":3,"dup":false,"ev":"game","ms":276777,"predicted":false,"t":6,"tick":16478,"type":"hit"}
[client] {"a":3,"dup":false,"ev":"game","ms":276805,"predicted":false,"t":9,"tick":16480,"type":"hit"}
[client] {"a":1,"dup":false,"ev":"game","ms":277143,"predicted":false,"t":6,"tick":16500,"type":"hit"}
[client] {"a":0,"dup":false,"ev":"game","ms":277309,"predicted":false,"t":6,"tick":16510,"type":"hit"}
[client] {"a":3,"dup":false,"ev":"game","ms":277343,"predicted":false,"t":6,"tick":16512,"type":"hit"}
[client] {"a":5,"dup":false,"ev":"game","ms":277474,"predicted":false,"t":1,"tick":16520,"type":"hit"}
[client] {"a":5,"dup":false,"ev":"game","ms":277509,"predicted":false,"t":2,"tick":16522,"type":"hit"}
[client] {"a":5,"dup":false,"ev":"game","ms":277578,"predicted":false,"t":0,"tick":16526,"type":"hit"}
[client] {"a":3,"dup":false,"ev":"game","ms":277661,"predicted":false,"t":6,"tick":16531,"type":"hit"}
[client] {"a":3,"dup":false,"ev":"game","ms":278095,"predicted":false,"t":6,"tick":16557,"type":"hit"}
[client] {"a":6,"dup":false,"ev":"game","ms":278454,"predicted":false,"t":3,"tick":16579,"type":"hit"}
[client] {"a":5,"dup":false,"ev":"game","ms":278551,"predicted":false,"t":3,"tick":16585,"type":"hit"}
[client] {"a":1,"dup":false,"ev":"game","ms":278585,"predicted":false,"t":6,"tick":16587,"type":"hit"}
[client] {"a":2,"dup":false,"ev":"game","ms":278833,"predicted":false,"t":5,"tick":16602,"type":"hit"}
[client] {"a":1,"dup":false,"ev":"game","ms":278903,"predicted":false,"t":6,"tick":16606,"type":"hit"}
[client] {"a":1,"dup":false,"ev":"game","ms":278951,"predicted":false,"t":9,"tick":16609,"type":"hit"}
[client] {"a":0,"dup":false,"ev":"game","ms":278985,"predicted":false,"t":6,"tick":16611,"type":"hit"}
[client] {"a":5,"dup":false,"ev":"game","ms":279185,"predicted":false,"t":1,"tick":16623,"type":"hit"}
[client] {"a":6,"dup":false,"ev":"game","ms":279385,"predicted":false,"t":1,"tick":16635,"type":"hit"}
[client] {"a":0,"dup":false,"ev":"game","ms":279717,"predicted":false,"t":5,"tick":16655,"type":"hit"}
[client] {"a":5,"dup":false,"ev":"game","ms":279717,"predicted":false,"t":-1,"tick":16655,"type":"ko"}
[client] {"a":6,"dup":false,"ev":"game","ms":279737,"predicted":false,"t":1,"tick":16656,"type":"hit"}
[client] {"a":0,"dup":false,"ev":"game","ms":279751,"predicted":false,"t":6,"tick":16657,"type":"hit"}
[client] {"a":9,"dup":false,"ev":"game","ms":279820,"predicted":false,"t":3,"tick":16661,"type":"hit"}
[client] {"counts":{"blocks_on_me":0,"conf_actions":171,"confirmed_hits":825,"dup_confirmed":0,"hits_on_me":85,"pred_actions":186,"predicted_confirmed":76,"predicted_hits":174,"reconnects":0},"ev":"stats","hp":0.0,"in_bytes":3737748,"late":0,"local_entity":7,"match":{"countdown_until":300,"ctrl":-1,"final":false,"next":"","phase":3,"rot":1628,"scores":[34,15],"sd":false,"state":3,"tick":16372,"zone":"A"},"max_err":2.455,"mean_err":0.0206,"ms":279902,"out_bytes":816895,"pending":10,"pos":[-40.85,1.11],"reconciles":5545,"server_tick":16670,"snaps":5556,"teleports":8}
[client] {"a":2,"dup":false,"ev":"game","ms":279917,"predicted":false,"t":6,"tick":16667,"type":"hit"}
[client] {"a":0,"dup":false,"ev":"game","ms":280137,"predicted":false,"t":9,"tick":16680,"type":"hit"}
[client] {"a":0,"dup":false,"ev":"game","ms":280455,"predicted":false,"t":9,"tick":16699,"type":"hit"}
[client] {"a":0,"dup":false,"ev":"game","ms":281104,"predicted":false,"t":6,"tick":16738,"type":"hit"}
[client] {"a":1,"dup":false,"ev":"game","ms":281152,"predicted":false,"t":6,"tick":16741,"type":"hit"}
[client] {"a":0,"dup":false,"ev":"game","ms":281421,"predicted":false,"t":6,"tick":16757,"type":"hit"}
[client] {"a":0,"dup":false,"ev":"game","ms":281738,"predicted":false,"t":6,"tick":16776,"type":"hit"}
[client] {"a":6,"dup":false,"ev":"game","ms":281738,"predicted":false,"t":-1,"tick":16776,"type":"ko"}
[client] {"a":1,"dup":false,"ev":"game","ms":281904,"predicted":false,"t":9,"tick":16786,"type":"hit"}
[client] {"a":1,"dup":false,"ev":"game","ms":282235,"predicted":false,"t":9,"tick":16806,"type":"hit"}
[client] {"a":0,"dup":false,"ev":"game","ms":282318,"predicted":false,"t":9,"tick":16811,"type":"hit"}
[client] {"a":8,"dup":false,"ev":"game","ms":282635,"predicted":false,"t":-1,"tick":16830,"type":"respawn"}
[client] {"a":0,"dup":false,"ev":"game","ms":282939,"predicted":false,"t":9,"tick":16848,"type":"hit"}
[client] {"a":1,"dup":false,"ev":"game","ms":283470,"predicted":false,"t":9,"tick":16880,"type":"hit"}
[client] {"a":9,"dup":false,"ev":"game","ms":284022,"predicted":false,"t":1,"tick":16913,"type":"hit"}
[client] {"a":4,"dup":false,"ev":"game","ms":284091,"predicted":false,"t":-1,"tick":16917,"type":"respawn"}
[client] {"counts":{"blocks_on_me":0,"conf_actions":171,"confirmed_hits":838,"dup_confirmed":0,"hits_on_me":85,"pred_actions":186,"predicted_confirmed":76,"predicted_hits":174,"reconnects":0},"ev":"stats","hp":0.0,"in_bytes":3804700,"late":0,"local_entity":7,"match":{"countdown_until":300,"ctrl":-1,"final":false,"next":"","phase":3,"rot":1328,"scores":[34,15],"sd":false,"state":3,"tick":16672,"zone":"A"},"max_err":2.455,"mean_err":0.0202,"ms":284905,"out_bytes":831595,"pending":10,"pos":[-40.85,1.11],"reconciles":5645,"server_tick":16970,"snaps":5656,"teleports":8}
[client] {"a":7,"dup":false,"ev":"game","ms":286292,"predicted":false,"t":-1,"tick":17054,"type":"respawn"}
[client] {"a":3,"dup":false,"ev":"game","ms":286727,"predicted":false,"t":9,"tick":17075,"type":"hit"}
[client] {"a":3,"dup":false,"ev":"game","ms":287411,"predicted":false,"t":9,"tick":17116,"type":"hit"}
[client] {"a":9,"dup":false,"ev":"game","ms":287411,"predicted":false,"t":-1,"tick":17116,"type":"ko"}
[client] {"a":5,"dup":false,"ev":"game","ms":289729,"predicted":false,"t":-1,"tick":17255,"type":"respawn"}
[client] {"counts":{"blocks_on_me":0,"conf_actions":172,"confirmed_hits":840,"dup_confirmed":0,"hits_on_me":85,"pred_actions":186,"predicted_confirmed":76,"predicted_hits":174,"reconnects":0},"ev":"stats","hp":220.0,"in_bytes":3865496,"late":0,"local_entity":7,"match":{"countdown_until":300,"ctrl":0,"final":false,"next":"","phase":3,"rot":1028,"scores":[36,15],"sd":false,"state":2,"tick":16972,"zone":"A"},"max_err":2.455,"mean_err":0.0199,"ms":289907,"out_bytes":846295,"pending":10,"pos":[0.94,29.79],"reconciles":5744,"server_tick":17270,"snaps":5756,"teleports":9}
[client] {"a":6,"dup":false,"ev":"game","ms":291743,"predicted":false,"t":-1,"tick":17376,"type":"respawn"}
[client] {"a":8,"dup":false,"ev":"game","ms":292930,"predicted":false,"t":0,"tick":17447,"type":"hit"}
[client] {"a":8,"dup":false,"ev":"game","ms":293262,"predicted":false,"t":0,"tick":17467,"type":"hit"}
[client] {"counts":{"blocks_on_me":0,"conf_actions":172,"confirmed_hits":842,"dup_confirmed":0,"hits_on_me":85,"pred_actions":186,"predicted_confirmed":76,"predicted_hits":174,"reconnects":0},"ev":"stats","hp":220.0,"in_bytes":3929782,"late":0,"local_entity":7,"match":{"countdown_until":300,"ctrl":-1,"final":false,"next":"C","phase":3,"rot":728,"scores":[38,15],"sd":false,"state":3,"tick":17272,"zone":"A"},"max_err":2.455,"mean_err":0.0195,"ms":294910,"out_bytes":860995,"pending":10,"pos":[-24.61,10.38],"reconciles":5844,"server_tick":17570,"snaps":5856,"teleports":9}
[client] {"a":8,"dup":false,"ev":"game","ms":295332,"predicted":false,"t":2,"tick":17591,"type":"hit"}
[client] {"a":8,"dup":false,"ev":"game","ms":295628,"predicted":false,"t":1,"tick":17609,"type":"hit"}
[client] {"a":2,"dup":false,"ev":"game","ms":295849,"predicted":false,"t":8,"tick":17622,"type":"hit"}
[client] {"a":8,"dup":false,"ev":"game","ms":296979,"predicted":false,"t":1,"tick":17690,"type":"hit"}
[client] {"a":8,"dup":false,"ev":"game","ms":297311,"predicted":false,"t":1,"tick":17710,"type":"hit"}
[client] {"a":9,"dup":false,"ev":"game","ms":297414,"predicted":false,"t":-1,"tick":17716,"type":"respawn"}
[client] {"a":1,"dup":false,"ev":"game","ms":297820,"predicted":false,"t":8,"tick":17741,"type":"hit"}
[client] {"a":2,"dup":false,"ev":"game","ms":297899,"predicted":false,"t":8,"tick":17745,"type":"hit"}
[client] {"a":3,"dup":false,"ev":"game","ms":298104,"predicted":false,"t":7,"tick":17758,"type":"hit"}
[client] {"a":0,"dup":false,"ev":"game","ms":298690,"predicted":false,"t":7,"tick":17793,"type":"hit"}
[client] {"a":3,"dup":false,"ev":"game","ms":298753,"predicted":false,"t":7,"tick":17797,"type":"hit"}
[client] {"counts":{"blocks_on_me":0,"conf_actions":175,"confirmed_hits":852,"dup_confirmed":0,"hits_on_me":88,"pred_actions":190,"predicted_confirmed":76,"predicted_hits":180,"reconnects":0},"ev":"stats","hp":146.0,"in_bytes":3996128,"late":0,"local_entity":7,"match":{"countdown_until":300,"ctrl":-1,"final":false,"next":"C","phase":3,"rot":428,"scores":[38,15],"sd":false,"state":3,"tick":17572,"zone":"A"},"max_err":2.455,"mean_err":0.0198,"ms":299904,"out_bytes":875695,"pending":10,"pos":[-36.44,1.27],"reconciles":5944,"server_tick":17870,"snaps":5956,"teleports":9}
[client] {"a":8,"dup":false,"ev":"game","ms":300058,"predicted":false,"t":1,"tick":17875,"type":"hit"}
[client] {"a":1,"dup":false,"ev":"game","ms":300058,"predicted":false,"t":-1,"tick":17875,"type":"ko"}
[client] {"a":2,"dup":false,"ev":"game","ms":300443,"predicted":false,"t":8,"tick":17898,"type":"hit"}
[client] {"a":5,"dup":false,"ev":"game","ms":300788,"predicted":false,"t":0,"tick":17919,"type":"hit"}
[client] {"a":7,"dup":true,"ev":"game","ms":300974,"predicted":false,"t":0,"tick":17935,"type":"hit"}
[client] {"a":0,"dup":false,"ev":"game","ms":301057,"predicted":false,"t":-1,"tick":17935,"type":"ko"}
[client] {"a":3,"dup":false,"ev":"game","ms":301540,"predicted":false,"t":8,"tick":17964,"type":"hit"}
[client] {"a":4,"dup":false,"ev":"game","ms":301740,"predicted":false,"t":5,"tick":17976,"type":"hit"}
[client] {"a":3,"dup":false,"ev":"game","ms":301858,"predicted":false,"t":8,"tick":17983,"type":"hit"}
[client] {"a":7,"dup":true,"ev":"game","ms":301988,"predicted":false,"t":4,"tick":17996,"type":"hit"}
[client] {"a":5,"dup":false,"ev":"game","ms":302126,"predicted":false,"t":4,"tick":17999,"type":"hit"}
[client] {"a":8,"dup":false,"ev":"game","ms":302223,"predicted":false,"t":3,"tick":18005,"type":"hit"}
[client] {"a":5,"dup":false,"ev":"game","ms":302562,"predicted":false,"t":4,"tick":18025,"type":"hit"}
[client] {"a":8,"dup":false,"ev":"game","ms":302562,"predicted":false,"t":3,"tick":18025,"type":"hit"}
[client] {"a":7,"dup":true,"ev":"game","ms":302589,"predicted":false,"t":4,"tick":18032,"type":"hit"}
[client] {"a":7,"dup":false,"ev":"game","ms":302623,"predicted":false,"t":3,"tick":18034,"type":"hit"}
[client] {"a":7,"dup":true,"ev":"game","ms":303010,"predicted":false,"t":4,"tick":18057,"type":"hit"}
[client] {"a":8,"dup":false,"ev":"game","ms":303162,"predicted":false,"t":3,"tick":18061,"type":"hit"}
[client] {"a":8,"dup":false,"ev":"game","ms":303389,"predicted":false,"t":4,"tick":18075,"type":"hit"}
[client] {"a":8,"dup":false,"ev":"game","ms":303424,"predicted":false,"t":3,"tick":18077,"type":"hit"}
[client] {"a":6,"dup":false,"ev":"game","ms":303894,"predicted":false,"t":2,"tick":18105,"type":"hit"}
[client] {"a":8,"dup":false,"ev":"game","ms":304176,"predicted":false,"t":4,"tick":18122,"type":"hit"}
[client] {"a":2,"dup":false,"ev":"game","ms":304460,"predicted":false,"t":8,"tick":18139,"type":"hit"}
[client] {"a":8,"dup":false,"ev":"game","ms":304894,"predicted":false,"t":2,"tick":18165,"type":"hit"}
[client] {"counts":{"blocks_on_me":0,"conf_actions":180,"confirmed_hits":874,"dup_confirmed":0,"hits_on_me":88,"pred_actions":195,"predicted_confirmed":80,"predicted_hits":189,"reconnects":0},"ev":"stats","hp":146.0,"in_bytes":4068566,"late":0,"local_entity":7,"match":{"countdown_until":300,"ctrl":-1,"final":false,"next":"C","phase":3,"rot":128,"scores":[38,15],"sd":false,"state":3,"tick":17872,"zone":"A"},"max_err":2.455,"mean_err":0.0197,"ms":304906,"out_bytes":890395,"pending":10,"pos":[-43.35,-0.39],"reconciles":6044,"server_tick":18170,"snaps":6056,"teleports":9}
[client] {"a":4,"dup":false,"ev":"game","ms":305293,"predicted":false,"t":6,"tick":18189,"type":"block"}
[client] {"a":4,"dup":false,"ev":"game","ms":305977,"predicted":false,"t":6,"tick":18230,"type":"block"}
[client] {"a":2,"dup":false,"ev":"game","ms":305990,"predicted":false,"t":6,"tick":18231,"type":"block"}
[client] {"a":3,"dup":false,"ev":"game","ms":306073,"predicted":false,"t":6,"tick":18236,"type":"block"}
[client] {"a":2,"dup":false,"ev":"game","ms":306308,"predicted":false,"t":6,"tick":18250,"type":"block"}
[client] {"a":5,"dup":false,"ev":"game","ms":306480,"predicted":false,"t":4,"tick":18260,"type":"hit"}
[client] {"a":7,"dup":true,"ev":"game","ms":306566,"predicted":false,"t":3,"tick":18270,"type":"hit"}
[client] {"a":2,"dup":false,"ev":"game","ms":306577,"predicted":false,"t":6,"tick":18266,"type":"hit"}
[client] {"a":4,"dup":false,"ev":"game","ms":307129,"predicted":false,"t":6,"tick":18299,"type":"hit"}
[client] {"a":-1,"dup":false,"ev":"game","ms":307129,"predicted":false,"t":-1,"tick":18299,"type":"zone_rotated"}
[client] {"a":5,"dup":false,"ev":"game","ms":307447,"predicted":false,"t":4,"tick":18318,"type":"hit"}
[client] {"a":7,"dup":true,"ev":"game","ms":307481,"predicted":false,"t":4,"tick":18325,"type":"hit"}
[client] {"a":6,"dup":false,"ev":"game","ms":307495,"predicted":false,"t":4,"tick":18321,"type":"hit"}
[client] {"a":2,"dup":false,"ev":"game","ms":307543,"predicted":false,"t":5,"tick":18324,"type":"hit"}
[client] {"a":6,"dup":false,"ev":"game","ms":307861,"predicted":false,"t":3,"tick":18343,"type":"hit"}
[client] {"a":3,"dup":false,"ev":"game","ms":307861,"predicted":false,"t":-1,"tick":18343,"type":"ko"}
[client] {"a":9,"dup":false,"ev":"game","ms":307929,"predicted":false,"t":4,"tick":18347,"type":"hit"}
[client] {"a":2,"dup":false,"ev":"game","ms":308564,"predicted":false,"t":6,"tick":18385,"type":"hit"}
[client] {"a":7,"dup":true,"ev":"game","ms":308661,"predicted":false,"t":2,"tick":18396,"type":"hit"}
[client] {"a":9,"dup":false,"ev":"game","ms":309165,"predicted":false,"t":4,"tick":18421,"type":"hit"}
[client] {"a":4,"dup":false,"ev":"game","ms":309165,"predicted":false,"t":-1,"tick":18421,"type":"ko"}
[client] {"a":2,"dup":false,"ev":"game","ms":309592,"predicted":false,"t":8,"tick":18447,"type":"hit"}
[client] {"counts":{"blocks_on_me":0,"conf_actions":185,"confirmed_hits":888,"dup_confirmed":0,"hits_on_me":88,"pred_actions":200,"predicted_confirmed":83,"predicted_hits":196,"reconnects":0},"ev":"stats","hp":146.0,"in_bytes":4134349,"late":0,"local_entity":7,"match":{"countdown_until":300,"ctrl":-1,"final":false,"next":"","phase":3,"rot":3428,"scores":[38,15],"sd":false,"state":1,"tick":18172,"zone":"C"},"max_err":2.455,"mean_err":0.0196,"ms":309902,"out_bytes":905095,"pending":10,"pos":[-35.27,3.92],"reconciles":6144,"server_tick":18470,"snaps":6156,"teleports":9}
[client] {"a":6,"dup":false,"ev":"game","ms":309903,"predicted":false,"t":2,"tick":18466,"type":"hit"}
[client] {"a":1,"dup":false,"ev":"game","ms":310055,"predicted":false,"t":-1,"tick":18475,"type":"respawn"}
[client] {"a":6,"dup":false,"ev":"game","ms":310289,"predicted":false,"t":2,"tick":18489,"type":"hit"}
[client] {"a":6,"dup":false,"ev":"game","ms":310786,"predicted":false,"t":2,"tick":18519,"type":"hit"}
[client] {"a":0,"dup":false,"ev":"game","ms":311056,"predicted":false,"t":-1,"tick":18535,"type":"respawn"}
[client] {"a":2,"dup":false,"ev":"game","ms":311207,"predicted":false,"t":6,"tick":18544,"type":"hit"}
[client] {"a":2,"dup":false,"ev":"game","ms":311959,"predicted":false,"t":6,"tick":18589,"type":"hit"}
[client] {"counts":{"blocks_on_me":0,"conf_actions":185,"confirmed_hits":893,"dup_confirmed":0,"hits_on_me":88,"pred_actions":200,"predicted_confirmed":83,"predicted_hits":196,"reconnects":0},"ev":"stats","hp":152.9,"in_bytes":4187823,"late":0,"local_entity":7,"match":{"countdown_until":300,"ctrl":-1,"final":false,"next":"","phase":3,"rot":3128,"scores":[38,15],"sd":false,"state":1,"tick":18472,"zone":"C"},"max_err":2.455,"mean_err":0.0194,"ms":314904,"out_bytes":919795,"pending":10,"pos":[-1.24,3.03],"reconciles":6244,"server_tick":18770,"snaps":6256,"teleports":9}
[client] {"a":3,"dup":false,"ev":"game","ms":317858,"predicted":false,"t":-1,"tick":18943,"type":"respawn"}
[client] {"a":4,"dup":false,"ev":"game","ms":319163,"predicted":false,"t":-1,"tick":19021,"type":"respawn"}
[client] {"a":2,"dup":false,"ev":"game","ms":319259,"predicted":false,"t":6,"tick":19027,"type":"hit"}
[client] {"counts":{"blocks_on_me":0,"conf_actions":185,"confirmed_hits":894,"dup_confirmed":0,"hits_on_me":88,"pred_actions":200,"predicted_confirmed":83,"predicted_hits":196,"reconnects":0},"ev":"stats","hp":220.0,"in_bytes":4244277,"late":0,"local_entity":7,"match":{"countdown_until":300,"ctrl":0,"final":false,"next":"","phase":3,"rot":2828,"scores":[39,15],"sd":false,"state":2,"tick":18772,"zone":"C"},"max_err":2.455,"mean_err":0.0193,"ms":319900,"out_bytes":934495,"pending":10,"pos":[32.83,-3.69],"reconciles":6344,"server_tick":19071,"snaps":6356,"teleports":9}
[client] {"a":7,"dup":true,"ev":"game","ms":321654,"predicted":false,"t":0,"tick":19176,"type":"hit"}
[client] {"a":5,"dup":false,"ev":"game","ms":321675,"predicted":false,"t":1,"tick":19172,"type":"hit"}
[client] {"a":9,"dup":false,"ev":"game","ms":321840,"predicted":false,"t":0,"tick":19182,"type":"hit"}
[client] {"a":5,"dup":false,"ev":"game","ms":322454,"predicted":false,"t":1,"tick":19219,"type":"hit"}
[client] {"a":0,"dup":false,"ev":"game","ms":322758,"predicted":false,"t":5,"tick":19237,"type":"hit"}
[client] {"a":0,"dup":false,"ev":"game","ms":322820,"predicted":false,"t":9,"tick":19241,"type":"hit"}
[client] {"a":8,"dup":false,"ev":"game","ms":323040,"predicted":false,"t":0,"tick":19254,"type":"hit"}
[client] {"a":1,"dup":false,"ev":"game","ms":323275,"predicted":false,"t":7,"tick":19268,"type":"hit"}
[client] {"a":1,"dup":false,"ev":"game","ms":323275,"predicted":false,"t":8,"tick":19268,"type":"hit"}
[client] {"a":0,"dup":false,"ev":"game","ms":323675,"predicted":false,"t":5,"tick":19292,"type":"hit"}
[client] {"a":1,"dup":false,"ev":"game","ms":323855,"predicted":false,"t":5,"tick":19303,"type":"hit"}
[client] {"a":9,"dup":false,"ev":"game","ms":323889,"predicted":false,"t":1,"tick":19305,"type":"hit"}
[client] {"a":5,"dup":false,"ev":"game","ms":324255,"predicted":false,"t":0,"tick":19327,"type":"hit"}
[client] {"a":7,"dup":true,"ev":"game","ms":324310,"predicted":false,"t":0,"tick":19335,"type":"hit"}
[client] {"a":9,"dup":false,"ev":"game","ms":324841,"predicted":false,"t":1,"tick":19362,"type":"hit"}
[client] {"a":5,"dup":false,"ev":"game","ms":324856,"predicted":false,"t":1,"tick":19363,"type":"hit"}
[client] {"counts":{"blocks_on_me":0,"conf_actions":191,"confirmed_hits":910,"dup_confirmed":0,"hits_on_me":89,"pred_actions":207,"predicted_confirmed":85,"predicted_hits":199,"reconnects":0},"ev":"stats","hp":182.0,"in_bytes":4314063,"late":0,"local_entity":7,"match":{"countdown_until":300,"ctrl":-1,"final":false,"next":"","phase":3,"rot":2528,"scores":[39,15],"sd":false,"state":3,"tick":19072,"zone":"C"},"max_err":2.455,"mean_err":0.0195,"ms":324910,"out_bytes":949195,"pending":10,"pos":[41.09,-0.29],"reconciles":6444,"server_tick":19370,"snaps":6456,"teleports":9}
[client] {"a":5,"dup":false,"ev":"game","ms":325421,"predicted":false,"t":0,"tick":19397,"type":"hit"}
[client] {"a":0,"dup":false,"ev":"game","ms":326112,"predicted":false,"t":9,"tick":19438,"type":"hit"}
[client] {"a":8,"dup":false,"ev":"game","ms":326125,"predicted":false,"t":1,"tick":19439,"type":"hit"}
[client] {"a":8,"dup":false,"ev":"game","ms":326139,"predicted":false,"t":0,"tick":19440,"type":"hit"}
[client] {"a":2,"dup":false,"ev":"game","ms":326891,"predicted":false,"t":9,"tick":19485,"type":"hit"}
[client] {"a":8,"dup":false,"ev":"game","ms":327091,"predicted":false,"t":1,"tick":19497,"type":"hit"}
[client] {"a":8,"dup":false,"ev":"game","ms":327139,"predicted":false,"t":0,"tick":19500,"type":"hit"}
[client] {"a":2,"dup":false,"ev":"game","ms":327560,"predicted":false,"t":5,"tick":19525,"type":"hit"}
[client] {"a":2,"dup":false,"ev":"game","ms":327561,"predicted":false,"t":9,"tick":19525,"type":"hit"}
[client] {"a":1,"dup":false,"ev":"game","ms":327691,"predicted":false,"t":9,"tick":19533,"type":"hit"}
[client] {"a":8,"dup":false,"ev":"game","ms":327774,"predicted":false,"t":0,"tick":19538,"type":"hit"}
[client] {"a":0,"dup":false,"ev":"game","ms":327774,"predicted":false,"t":-1,"tick":19538,"type":"ko"}
[client] {"a":7,"dup":false,"ev":"game","ms":328113,"predicted":false,"t":1,"tick":19563,"type":"hit"}
[client] {"a":9,"dup":false,"ev":"game","ms":328125,"predicted":false,"t":2,"tick":19559,"type":"hit"}
[client] {"a":1,"dup":false,"ev":"game","ms":328139,"predicted":false,"t":9,"tick":19560,"type":"hit"}
[client] {"a":5,"dup":false,"ev":"game","ms":328563,"predicted":false,"t":1,"tick":19585,"type":"hit"}
[client] {"a":2,"dup":false,"ev":"game","ms":328726,"predicted":false,"t":6,"tick":19595,"type":"block"}
[client] {"a":9,"dup":false,"ev":"game","ms":328726,"predicted":false,"t":2,"tick":19595,"type":"hit"}
[client] {"a":5,"dup":false,"ev":"game","ms":328775,"predicted":false,"t":1,"tick":19598,"type":"hit"}
[client] {"a":1,"dup":false,"ev":"game","ms":328775,"predicted":false,"t":-1,"tick":19598,"type":"ko"}
[client] {"a":3,"dup":false,"ev":"game","ms":329043,"predicted":false,"t":6,"tick":19614,"type":"hit"}
[client] {"a":2,"dup":false,"ev":"game","ms":329092,"predicted":false,"t":6,"tick":19617,"type":"hit"}
[client] {"a":9,"dup":false,"ev":"game","ms":329175,"predicted":false,"t":2,"tick":19622,"type":"hit"}
[client] {"a":2,"dup":false,"ev":"game","ms":329175,"predicted":false,"t":-1,"tick":19622,"type":"ko"}
[client] {"a":3,"dup":false,"ev":"game","ms":329458,"predicted":false,"t":6,"tick":19639,"type":"hit"}
[client] {"a":6,"dup":false,"ev":"game","ms":329857,"predicted":false,"t":3,"tick":19663,"type":"hit"}
[client] {"counts":{"blocks_on_me":0,"conf_actions":198,"confirmed_hits":932,"dup_confirmed":0,"hits_on_me":89,"pred_actions":213,"predicted_confirmed":85,"predicted_hits":199,"reconnects":0},"ev":"stats","hp":182.0,"in_bytes":4385487,"late":0,"local_entity":7,"match":{"countdown_until":300,"ctrl":-1,"final":false,"next":"","phase":3,"rot":2228,"scores":[39,15],"sd":false,"state":3,"tick":19372,"zone":"C"},"max_err":2.455,"mean_err":0.0195,"ms":329912,"out_bytes":963895,"pending":10,"pos":[41.94,-0.32],"reconciles":6543,"server_tick":19670,"snaps":6555,"teleports":9}
[client] {"a":6,"dup":false,"ev":"game","ms":330244,"predicted":false,"t":3,"tick":19686,"type":"hit"}
[client] {"a":3,"dup":false,"ev":"game","ms":330562,"predicted":false,"t":6,"tick":19705,"type":"hit"}
[client] {"a":4,"dup":false,"ev":"game","ms":332328,"predicted":false,"t":6,"tick":19811,"type":"hit"}
[client] {"a":3,"dup":false,"ev":"game","ms":332363,"predicted":false,"t":6,"tick":19813,"type":"hit"}
[client] {"a":4,"dup":false,"ev":"game","ms":332376,"predicted":false,"t":9,"tick":19814,"type":"hit"}
[client] {"a":7,"dup":true,"ev":"game","ms":332479,"predicted":false,"t":3,"tick":19825,"type":"hit"}
[client] {"a":6,"dup":false,"ev":"game","ms":332763,"predicted":false,"t":4,"tick":19837,"type":"hit"}
[client] {"a":7,"dup":true,"ev":"game","ms":332797,"predicted":false,"t":3,"tick":19844,"type":"hit"}
[client] {"a":4,"dup":false,"ev":"game","ms":333163,"predicted":false,"t":6,"tick":19861,"type":"hit"}
[client] {"a":4,"dup":false,"ev":"game","ms":333163,"predicted":false,"t":7,"tick":19861,"type":"hit"}
[client] {"a":3,"dup":false,"ev":"game","ms":333494,"predicted":false,"t":7,"tick":19881,"type":"hit"}
[client] {"a":5,"dup":false,"ev":"game","ms":333528,"predicted":false,"t":4,"tick":19883,"type":"hit"}
[client] {"a":9,"dup":false,"ev":"game","ms":333542,"predicted":false,"t":4,"tick":19884,"type":"hit"}
[client] {"a":3,"dup":false,"ev":"game","ms":333563,"predicted":false,"t":5,"tick":19885,"type":"hit"}
[client] {"a":6,"dup":false,"ev":"game","ms":333715,"predicted":false,"t":3,"tick":19894,"type":"hit"}
[client] {"a":8,"dup":false,"ev":"game","ms":333956,"predicted":false,"t":4,"tick":19909,"type":"hit"}
[client] {"a":3,"dup":false,"ev":"game","ms":334036,"predicted":false,"t":6,"tick":19914,"type":"hit"}
[client] {"a":6,"dup":false,"ev":"game","ms":334036,"predicted":false,"t":-1,"tick":19914,"type":"ko"}
[client] {"a":4,"dup":false,"ev":"game","ms":334332,"predicted":false,"t":8,"tick":19932,"type":"hit"}
[client] {"a":9,"dup":false,"ev":"game","ms":334484,"predicted":false,"t":3,"tick":19940,"type":"parry"}
[client] {"a":7,"dup":true,"ev":"game","ms":334553,"predicted":false,"t":3,"tick":19949,"type":"hit"}
[client] {"a":8,"dup":false,"ev":"game","ms":334788,"predicted":false,"t":4,"tick":19958,"type":"hit"}
[client] {"counts":{"blocks_on_me":0,"conf_actions":204,"confirmed_hits":952,"dup_confirmed":0,"hits_on_me":91,"pred_actions":219,"predicted_confirmed":88,"predicted_hits":206,"reconnects":0},"ev":"stats","hp":126.0,"in_bytes":4452710,"late":0,"local_entity":7,"match":{"countdown_until":300,"ctrl":-1,"final":false,"next":"","phase":3,"rot":1928,"scores":[39,15],"sd":false,"state":3,"tick":19672,"zone":"C"},"max_err":2.455,"mean_err":0.0199,"ms":334904,"out_bytes":978595,"pending":10,"pos":[41.17,-1.71],"reconciles":6643,"server_tick":19970,"snaps":6655,"teleports":9}
[client] {"a":3,"dup":false,"ev":"game","ms":335002,"predicted":false,"t":7,"tick":19971,"type":"hit"}
[client] {"a":8,"dup":false,"ev":"game","ms":335050,"predicted":false,"t":4,"tick":19974,"type":"hit"}
[client] {"a":3,"dup":false,"ev":"game","ms":335284,"predicted":false,"t":7,"tick":19988,"type":"hit"}
[client] {"a":9,"dup":false,"ev":"game","ms":335540,"predicted":false,"t":3,"tick":20003,"type":"hit"}
[client] {"a":8,"dup":false,"ev":"game","ms":335568,"predicted":false,"t":4,"tick":20005,"type":"hit"}
[client] {"a":8,"dup":false,"ev":"game","ms":335884,"predicted":false,"t":4,"tick":20024,"type":"hit"}
[client] {"a":8,"dup":false,"ev":"game","ms":336224,"predicted":false,"t":4,"tick":20044,"type":"hit"}
[client] {"a":3,"dup":false,"ev":"game","ms":336394,"predicted":false,"t":7,"tick":20054,"type":"hit"}
[client] {"a":9,"dup":false,"ev":"game","ms":336546,"predicted":false,"t":4,"tick":20063,"type":"hit"}
[client] {"a":5,"dup":false,"ev":"game","ms":337125,"predicted":false,"t":3,"tick":20099,"type":"hit"}
[client] {"a":4,"dup":false,"ev":"game","ms":337526,"predicted":false,"t":8,"tick":20123,"type":"hit"}
[client] {"a":0,"dup":false,"ev":"game","ms":337774,"predicted":false,"t":-1,"tick":20138,"type":"respawn"}
[client] {"a":8,"dup":false,"ev":"game","ms":337926,"predicted":false,"t":4,"tick":20147,"type":"hit"}
[client] {"a":3,"dup":false,"ev":"game","ms":337974,"predicted":false,"t":5,"tick":20150,"type":"hit"}
[client] {"a":8,"dup":false,"ev":"game","ms":338312,"predicted":false,"t":4,"tick":20170,"type":"hit"}
[client] {"a":4,"dup":false,"ev":"game","ms":338702,"predicted":false,"t":8,"tick":20194,"type":"hit"}
[client] {"a":1,"dup":false,"ev":"game","ms":338764,"predicted":false,"t":-1,"tick":20198,"type":"respawn"}
[client] {"a":3,"dup":false,"ev":"game","ms":339150,"predicted":false,"t":5,"tick":20220,"type":"hit"}
[client] {"a":2,"dup":false,"ev":"game","ms":339185,"predicted":false,"t":-1,"tick":20222,"type":"respawn"}
[client] {"a":8,"dup":false,"ev":"game","ms":339433,"predicted":false,"t":4,"tick":20237,"type":"block"}
[client] {"counts":{"blocks_on_me":0,"conf_actions":208,"confirmed_hits":968,"dup_confirmed":0,"hits_on_me":94,"pred_actions":223,"predicted_confirmed":88,"predicted_hits":208,"reconnects":0},"ev":"stats","hp":52.0,"in_bytes":4512271,"late":0,"local_entity":7,"match":{"countdown_until":300,"ctrl":-1,"final":false,"next":"","phase":3,"rot":1631,"scores":[39,15],"sd":false,"state":3,"tick":19969,"zone":"C"},"max_err":2.455,"mean_err":0.0201,"ms":339901,"out_bytes":993295,"pending":10,"pos":[42.37,-0.04],"reconciles":6743,"server_tick":20270,"snaps":6754,"teleports":9}
[client] {"a":8,"dup":false,"ev":"game","ms":340047,"predicted":false,"t":4,"tick":20274,"type":"block"}
[client] {"a":8,"dup":false,"ev":"game","ms":340599,"predicted":false,"t":4,"tick":20307,"type":"hit"}
[client] {"a":8,"dup":false,"ev":"game","ms":340937,"predicted":false,"t":4,"tick":20327,"type":"hit"}
[client] {"a":4,"dup":false,"ev":"game","ms":340937,"predicted":false,"t":-1,"tick":20327,"type":"ko"}
[client] {"a":3,"dup":false,"ev":"game","ms":341186,"predicted":false,"t":5,"tick":20342,"type":"hit"}
[client] {"a":7,"dup":false,"ev":"game","ms":341221,"predicted":false,"t":3,"tick":20349,"type":"hit"}
[client] {"a":7,"dup":true,"ev":"game","ms":341704,"predicted":false,"t":3,"tick":20379,"type":"hit"}
[client] {"a":3,"dup":false,"ev":"game","ms":342152,"predicted":false,"t":7,"tick":20400,"type":"hit"}
[client] {"a":5,"dup":false,"ev":"game","ms":342269,"predicted":false,"t":3,"tick":20407,"type":"hit"}
[client] {"a":9,"dup":false,"ev":"game","ms":342366,"predicted":false,"t":3,"tick":20413,"type":"hit"}
[client] {"a":3,"dup":false,"ev":"game","ms":342366,"predicted":false,"t":-1,"tick":20413,"type":"ko"}
[client] {"a":6,"dup":false,"ev":"game","ms":344057,"predicted":false,"t":-1,"tick":20514,"type":"respawn"}
[client] {"counts":{"blocks_on_me":0,"conf_actions":210,"confirmed_hits":976,"dup_confirmed":0,"hits_on_me":95,"pred_actions":226,"predicted_confirmed":89,"predicted_hits":209,"reconnects":0},"ev":"stats","hp":34.0,"in_bytes":4571620,"late":0,"local_entity":7,"match":{"countdown_until":300,"ctrl":1,"final":false,"next":"","phase":3,"rot":1328,"scores":[39,17],"sd":false,"state":2,"tick":20272,"zone":"C"},"max_err":2.455,"mean_err":0.0201,"ms":344912,"out_bytes":1007995,"pending":10,"pos":[42.59,0.06],"reconciles":6843,"server_tick":20570,"snaps":6855,"teleports":9}
[client] {"a":0,"dup":false,"ev":"game","ms":348855,"predicted":false,"t":9,"tick":20803,"type":"hit"}
[client] {"a":8,"dup":false,"ev":"game","ms":349139,"predicted":false,"t":0,"tick":20820,"type":"hit"}
[client] {"counts":{"blocks_on_me":0,"conf_actions":211,"confirmed_hits":978,"dup_confirmed":0,"hits_on_me":95,"pred_actions":227,"predicted_confirmed":89,"predicted_hits":209,"reconnects":0},"ev":"stats","hp":50.4999999999998,"in_bytes":4627860,"late":0,"local_entity":7,"match":{"countdown_until":300,"ctrl":-1,"final":false,"next":"","phase":3,"rot":1028,"scores":[39,20],"sd":false,"state":3,"tick":20572,"zone":"C"},"max_err":2.455,"mean_err":0.0198,"ms":349910,"out_bytes":1022695,"pending":10,"pos":[42.23,0.01],"reconciles":6943,"server_tick":20870,"snaps":6955,"teleports":9}
[client] {"a":5,"dup":false,"ev":"game","ms":350013,"predicted":false,"t":2,"tick":20872,"type":"hit"}
[client] {"a":8,"dup":false,"ev":"game","ms":350021,"predicted":false,"t":2,"tick":20873,"type":"hit"}
[client] {"a":1,"dup":false,"ev":"game","ms":350166,"predicted":false,"t":8,"tick":20882,"type":"hit"}
[client] {"a":8,"dup":false,"ev":"game","ms":350166,"predicted":false,"t":-1,"tick":20882,"type":"ko"}
[client] {"a":2,"dup":false,"ev":"game","ms":350469,"predicted":false,"t":5,"tick":20900,"type":"hit"}
[client] {"a":0,"dup":false,"ev":"game","ms":350649,"predicted":false,"t":9,"tick":20911,"type":"hit"}
[client] {"a":2,"dup":false,"ev":"game","ms":350732,"predicted":false,"t":5,"tick":20916,"type":"hit"}
[client] {"a":4,"dup":false,"ev":"game","ms":350918,"predicted":false,"t":-1,"tick":20927,"type":"respawn"}
[client] {"a":0,"dup":false,"ev":"game","ms":351470,"predicted":false,"t":7,"tick":20960,"type":"hit"}
[client] {"a":1,"dup":false,"ev":"game","ms":351470,"predicted":false,"t":7,"tick":20960,"type":"hit"}
[client] {"a":9,"dup":false,"ev":"game","ms":351505,"predicted":false,"t":0,"tick":20962,"type":"hit"}
[client] {"a":9,"dup":false,"ev":"game","ms":351518,"predicted":false,"t":1,"tick":20963,"type":"hit"}
[client] {"a":2,"dup":false,"ev":"game","ms":351606,"predicted":false,"t":5,"tick":20968,"type":"hit"}
[client] {"a":5,"dup":false,"ev":"game","ms":351606,"predicted":false,"t":-1,"tick":20968,"type":"ko"}
[client] {"a":3,"dup":false,"ev":"game","ms":352353,"predicted":false,"t":-1,"tick":21013,"type":"respawn"}
[client] {"a":0,"dup":false,"ev":"game","ms":352602,"predicted":false,"t":9,"tick":21028,"type":"hit"}
[client] {"a":9,"dup":false,"ev":"game","ms":352602,"predicted":false,"t":-1,"tick":21028,"type":"ko"}
[client] {"a":7,"dup":true,"ev":"game","ms":352823,"predicted":false,"t":2,"tick":21046,"type":"hit"}
[client] {"a":7,"dup":false,"ev":"game","ms":353222,"predicted":false,"t":-1,"tick":21070,"type":"ko"}
[client] {"a":2,"dup":false,"ev":"game","ms":353307,"predicted":false,"t":7,"tick":21070,"type":"hit"}
[client] {"counts":{"blocks_on_me":0,"conf_actions":215,"confirmed_hits":992,"dup_confirmed":0,"hits_on_me":98,"pred_actions":232,"predicted_confirmed":90,"predicted_hits":210,"reconnects":0},"ev":"stats","hp":0.0,"in_bytes":4693326,"late":0,"local_entity":7,"match":{"countdown_until":300,"ctrl":-1,"final":false,"next":"B","phase":3,"rot":728,"scores":[39,20],"sd":false,"state":3,"tick":20872,"zone":"C"},"max_err":2.455,"mean_err":0.0198,"ms":354905,"out_bytes":1037395,"pending":10,"pos":[42.07,-0.37],"reconciles":7043,"server_tick":21170,"snaps":7055,"teleports":9}
[client] {"a":6,"dup":false,"ev":"game","ms":355507,"predicted":false,"t":1,"tick":21202,"type":"hit"}
[client] {"a":0,"dup":false,"ev":"game","ms":355734,"predicted":false,"t":6,"tick":21216,"type":"hit"}
[client] {"a":1,"dup":false,"ev":"game","ms":355907,"predicted":false,"t":6,"tick":21226,"type":"hit"}
[client] {"a":1,"dup":false,"ev":"game","ms":356224,"predicted":false,"t":6,"tick":21245,"type":"hit"}
[client] {"a":2,"dup":false,"ev":"game","ms":356238,"predicted":false,"t":6,"tick":21246,"type":"hit"}
[client] {"a":6,"dup":false,"ev":"game","ms":357942,"predicted":false,"t":1,"tick":21348,"type":"hit"}
[client] {"a":2,"dup":false,"ev":"game","ms":358356,"predicted":false,"t":6,"tick":21373,"type":"hit"}
[client] {"a":0,"dup":false,"ev":"game","ms":358770,"predicted":false,"t":6,"tick":21398,"type":"hit"}
[client] {"a":0,"dup":false,"ev":"game","ms":359087,"predicted":false,"t":6,"tick":21417,"type":"hit"}
[client] {"a":2,"dup":false,"ev":"game","ms":359274,"predicted":false,"t":6,"tick":21428,"type":"hit"}
[client] {"counts":{"blocks_on_me":0,"conf_actions":215,"confirmed_hits":1002,"dup_confirmed":0,"hits_on_me":98,"pred_actions":232,"predicted_confirmed":90,"predicted_hits":210,"reconnects":0},"ev":"stats","hp":0.0,"in_bytes":4755202,"late":0,"local_entity":7,"match":{"countdown_until":300,"ctrl":-1,"final":false,"next":"B","phase":3,"rot":428,"scores":[39,20],"sd":false,"state":3,"tick":21172,"zone":"C"},"max_err":2.455,"mean_err":0.0195,"ms":359908,"out_bytes":1052095,"pending":10,"pos":[42.07,-0.37],"reconciles":7143,"server_tick":21470,"snaps":7155,"teleports":9}
[client] {"a":8,"dup":false,"ev":"game","ms":360171,"predicted":false,"t":-1,"tick":21482,"type":"respawn"}
[client] {"a":1,"dup":false,"ev":"game","ms":361226,"predicted":false,"t":6,"tick":21545,"type":"hit"}
[client] {"a":1,"dup":false,"ev":"game","ms":361544,"predicted":false,"t":6,"tick":21564,"type":"hit"}
[client] {"a":5,"dup":false,"ev":"game","ms":361606,"predicted":false,"t":-1,"tick":21568,"type":"respawn"}
[client] {"a":6,"dup":false,"ev":"game","ms":361944,"predicted":false,"t":1,"tick":21588,"type":"hit"}
[client] {"a":1,"dup":false,"ev":"game","ms":362323,"predicted":false,"t":6,"tick":21611,"type":"hit"}
[client] {"a":9,"dup":false,"ev":"game","ms":362608,"predicted":false,"t":-1,"tick":21628,"type":"respawn"}
[client] {"a":1,"dup":false,"ev":"game","ms":362627,"predicted":false,"t":6,"tick":21629,"type":"hit"}
[client] {"a":1,"dup":false,"ev":"game","ms":362945,"predicted":false,"t":6,"tick":21648,"type":"hit"}
[client] {"a":7,"dup":false,"ev":"game","ms":363227,"predicted":false,"t":-1,"tick":21670,"type":"respawn"}
[client] {"a":6,"dup":false,"ev":"game","ms":363324,"predicted":false,"t":1,"tick":21671,"type":"hit"}
[client] {"a":6,"dup":false,"ev":"game","ms":364090,"predicted":false,"t":1,"tick":21717,"type":"hit"}
[client] {"a":4,"dup":false,"ev":"game","ms":364560,"predicted":false,"t":6,"tick":21745,"type":"hit"}
[client] {"a":6,"dup":false,"ev":"game","ms":364560,"predicted":false,"t":-1,"tick":21745,"type":"ko"}
[client] {"counts":{"blocks_on_me":0,"conf_actions":215,"confirmed_hits":1011,"dup_confirmed":0,"hits_on_me":98,"pred_actions":232,"predicted_confirmed":90,"predicted_hits":210,"reconnects":0},"ev":"stats","hp":220.0,"in_bytes":4823734,"late":0,"local_entity":7,"match":{"countdown_until":300,"ctrl":0,"final":false,"next":"B","phase":3,"rot":128,"scores":[39,20],"sd":false,"state":2,"tick":21472,"zone":"C"},"max_err":2.455,"mean_err":0.0192,"ms":364910,"out_bytes":1066795,"pending":10,"pos":[-3.19,36.59],"reconciles":7242,"server_tick":21770,"snaps":7255,"teleports":10}
[client] {"a":-1,"dup":false,"ev":"game","ms":367126,"predicted":false,"t":-1,"tick":21899,"type":"zone_rotated"}
[client] {"counts":{"blocks_on_me":0,"conf_actions":215,"confirmed_hits":1011,"dup_confirmed":0,"hits_on_me":98,"pred_actions":232,"predicted_confirmed":90,"predicted_hits":210,"reconnects":0},"ev":"stats","hp":220.0,"in_bytes":4877760,"late":0,"local_entity":7,"match":{"countdown_until":300,"ctrl":1,"final":false,"next":"","phase":3,"rot":3428,"scores":[41,20],"sd":false,"state":2,"tick":21772,"zone":"B"},"max_err":2.455,"mean_err":0.019,"ms":369906,"out_bytes":1081495,"pending":10,"pos":[-2.32,3.19],"reconciles":7342,"server_tick":22070,"snaps":7355,"teleports":10}
[client] {"a":1,"dup":false,"ev":"game","ms":373336,"predicted":false,"t":5,"tick":22271,"type":"hit"}
[client] {"a":8,"dup":false,"ev":"game","ms":373433,"predicted":false,"t":1,"tick":22277,"type":"hit"}
[client] {"a":4,"dup":false,"ev":"game","ms":373654,"predicted":false,"t":5,"tick":22290,"type":"hit"}
[client] {"a":4,"dup":false,"ev":"game","ms":373654,"predicted":false,"t":8,"tick":22290,"type":"hit"}
[client] {"a":1,"dup":false,"ev":"game","ms":373971,"predicted":false,"t":5,"tick":22309,"type":"hit"}
[client] {"a":1,"dup":false,"ev":"game","ms":373999,"predicted":false,"t":8,"tick":22311,"type":"hit"}
[client] {"a":1,"dup":false,"ev":"game","ms":374281,"predicted":false,"t":5,"tick":22328,"type":"hit"}
[client] {"a":1,"dup":false,"ev":"game","ms":374316,"predicted":false,"t":8,"tick":22330,"type":"hit"}
[client] {"a":1,"dup":false,"ev":"game","ms":374336,"predicted":false,"t":7,"tick":22331,"type":"hit"}
[client] {"a":4,"dup":false,"ev":"game","ms":374352,"predicted":false,"t":5,"tick":22332,"type":"hit"}
[client] {"a":4,"dup":false,"ev":"game","ms":374352,"predicted":false,"t":8,"tick":22332,"type":"hit"}
[client] {"a":4,"dup":false,"ev":"game","ms":374385,"predicted":false,"t":7,"tick":22334,"type":"hit"}
[client] {"a":4,"dup":false,"ev":"game","ms":374385,"predicted":false,"t":9,"tick":22334,"type":"hit"}
[client] {"a":6,"dup":false,"ev":"game","ms":374571,"predicted":false,"t":-1,"tick":22345,"type":"respawn"}
[client] {"a":2,"dup":false,"ev":"game","ms":374820,"predicted":false,"t":9,"tick":22360,"type":"hit"}
[client] {"counts":{"blocks_on_me":0,"conf_actions":217,"confirmed_hits":1025,"dup_confirmed":0,"hits_on_me":100,"pred_actions":236,"predicted_confirmed":90,"predicted_hits":210,"reconnects":0},"ev":"stats","hp":164.0,"in_bytes":4947207,"late":0,"local_entity":7,"match":{"countdown_until":300,"ctrl":-1,"final":false,"next":"","phase":3,"rot":3131,"scores":[41,22],"sd":false,"state":3,"tick":22069,"zone":"B"},"max_err":2.455,"mean_err":0.0193,"ms":374902,"out_bytes":1096195,"pending":10,"pos":[-2.67,-2.61],"reconciles":7442,"server_tick":22370,"snaps":7454,"teleports":10}
[client] {"a":2,"dup":false,"ev":"game","ms":375137,"predicted":false,"t":9,"tick":22379,"type":"hit"}
[client] {"a":5,"dup":false,"ev":"game","ms":375303,"predicted":false,"t":3,"tick":22389,"type":"hit"}
[client] {"a":8,"dup":false,"ev":"game","ms":375351,"predicted":false,"t":2,"tick":22392,"type":"hit"}
[client] {"a":7,"dup":true,"ev":"game","ms":375634,"predicted":false,"t":2,"tick":22414,"type":"hit"}
[client] {"a":8,"dup":false,"ev":"game","ms":375682,"predicted":false,"t":2,"tick":22412,"type":"hit"}
[client] {"a":2,"dup":false,"ev":"game","ms":376655,"predicted":false,"t":8,"tick":22470,"type":"hit"}
[client] {"a":2,"dup":false,"ev":"game","ms":377000,"predicted":false,"t":8,"tick":22491,"type":"hit"}
[client] {"a":2,"dup":false,"ev":"game","ms":377055,"predicted":false,"t":9,"tick":22494,"type":"hit"}
[client] {"a":3,"dup":false,"ev":"game","ms":377118,"predicted":false,"t":5,"tick":22498,"type":"hit"}
[client] {"a":7,"dup":true,"ev":"game","ms":377118,"predicted":false,"t":1,"tick":22503,"type":"hit"}
[client] {"a":7,"dup":false,"ev":"game","ms":377173,"predicted":false,"t":3,"tick":22507,"type":"hit"}
[client] {"a":0,"dup":false,"ev":"game","ms":377221,"predicted":false,"t":5,"tick":22504,"type":"hit"}
[client] {"a":4,"dup":false,"ev":"game","ms":377338,"predicted":false,"t":5,"tick":22511,"type":"hit"}
[client] {"a":2,"dup":false,"ev":"game","ms":377455,"predicted":false,"t":8,"tick":22518,"type":"hit"}
[client] {"a":2,"dup":false,"ev":"game","ms":377483,"predicted":false,"t":9,"tick":22520,"type":"hit"}
[client] {"a":4,"dup":false,"ev":"game","ms":377670,"predicted":false,"t":7,"tick":22531,"type":"hit"}
[client] {"a":5,"dup":false,"ev":"game","ms":377739,"predicted":false,"t":0,"tick":22535,"type":"hit"}
[client] {"a":2,"dup":false,"ev":"game","ms":377835,"predicted":false,"t":8,"tick":22541,"type":"block"}
[client] {"a":5,"dup":false,"ev":"game","ms":378058,"predicted":false,"t":4,"tick":22554,"type":"hit"}
[client] {"a":2,"dup":false,"ev":"game","ms":378070,"predicted":false,"t":8,"tick":22555,"type":"hit"}
[client] {"a":0,"dup":false,"ev":"game","ms":378104,"predicted":false,"t":5,"tick":22557,"type":"hit"}
[client] {"a":2,"dup":false,"ev":"game","ms":378104,"predicted":false,"t":9,"tick":22557,"type":"hit"}
[client] {"a":7,"dup":true,"ev":"game","ms":378352,"predicted":false,"t":4,"tick":22577,"type":"hit"}
[client] {"a":2,"dup":false,"ev":"game","ms":378622,"predicted":false,"t":8,"tick":22588,"type":"hit"}
[client] {"a":2,"dup":false,"ev":"game","ms":378987,"predicted":false,"t":8,"tick":22611,"type":"hit"}
[client] {"a":5,"dup":false,"ev":"game","ms":379139,"predicted":false,"t":1,"tick":22620,"type":"hit"}
[client] {"a":8,"dup":false,"ev":"game","ms":379402,"predicted":false,"t":2,"tick":22636,"type":"hit"}
[client] {"a":5,"dup":false,"ev":"game","ms":379470,"predicted":false,"t":1,"tick":22640,"type":"hit"}
[client] {"a":4,"dup":false,"ev":"game","ms":379788,"predicted":false,"t":5,"tick":22659,"type":"hit"}
[client] {"a":3,"dup":false,"ev":"game","ms":379802,"predicted":false,"t":5,"tick":22660,"type":"hit"}
[client] {"a":5,"dup":false,"ev":"game","ms":379802,"predicted":false,"t":-1,"tick":22660,"type":"ko"}
[client] {"a":9,"dup":false,"ev":"game","ms":379870,"predicted":false,"t":1,"tick":22664,"type":"hit"}
[client] {"a":1,"dup":false,"ev":"game","ms":379870,"predicted":false,"t":-1,"tick":22664,"type":"ko"}
[client] {"counts":{"blocks_on_me":0,"conf_actions":224,"confirmed_hits":1055,"dup_confirmed":0,"hits_on_me":101,"pred_actions":243,"predicted_confirmed":93,"predicted_hits":216,"reconnects":0},"ev":"stats","hp":146.0,"in_bytes":5026877,"late":0,"local_entity":7,"match":{"countdown_until":300,"ctrl":-1,"final":false,"next":"","phase":3,"rot":2831,"scores":[41,22],"sd":false,"state":3,"tick":22369,"zone":"B"},"max_err":2.455,"mean_err":0.0195,"ms":379904,"out_bytes":1110895,"pending":10,"pos":[-2.06,-2.07],"reconciles":7542,"server_tick":22670,"snaps":7554,"teleports":10}
[client] {"a":9,"dup":false,"ev":"game","ms":379920,"predicted":false,"t":4,"tick":22667,"type":"hit"}
[client] {"a":3,"dup":false,"ev":"game","ms":380436,"predicted":false,"t":9,"tick":22698,"type":"hit"}
[client] {"a":8,"dup":false,"ev":"game","ms":380471,"predicted":false,"t":0,"tick":22700,"type":"hit"}
[client] {"a":9,"dup":false,"ev":"game","ms":380788,"predicted":false,"t":0,"tick":22719,"type":"hit"}
[client] {"a":8,"dup":false,"ev":"game","ms":380822,"predicted":false,"t":0,"tick":22721,"type":"hit"}
[client] {"a":2,"dup":false,"ev":"game","ms":380940,"predicted":false,"t":8,"tick":22728,"type":"hit"}
[client] {"a":8,"dup":false,"ev":"game","ms":380940,"predicted":false,"t":-1,"tick":22728,"type":"ko"}
[client] {"a":3,"dup":false,"ev":"game","ms":380974,"predicted":false,"t":9,"tick":22730,"type":"hit"}
[client] {"a":0,"dup":false,"ev":"game","ms":381203,"predicted":false,"t":9,"tick":22744,"type":"hit"}
[client] {"a":3,"dup":false,"ev":"game","ms":381292,"predicted":false,"t":9,"tick":22749,"type":"hit"}
[client] {"a":7,"dup":true,"ev":"game","ms":381672,"predicted":false,"t":3,"tick":22776,"type":"hit"}
[client] {"a":7,"dup":true,"ev":"game","ms":381719,"predicted":false,"t":4,"tick":22779,"type":"hit"}
[client] {"a":2,"dup":false,"ev":"game","ms":382003,"predicted":false,"t":9,"tick":22792,"type":"hit"}
[client] {"a":3,"dup":false,"ev":"game","ms":382058,"predicted":false,"t":7,"tick":22795,"type":"hit"}
[client] {"a":0,"dup":false,"ev":"game","ms":382237,"predicted":false,"t":7,"tick":22806,"type":"hit"}
[client] {"a":0,"dup":false,"ev":"game","ms":382258,"predicted":false,"t":9,"tick":22807,"type":"hit"}
[client] {"a":2,"dup":false,"ev":"game","ms":382341,"predicted":false,"t":7,"tick":22812,"type":"hit"}
[client] {"a":0,"dup":false,"ev":"game","ms":382837,"predicted":false,"t":6,"tick":22842,"type":"hit"}
[client] {"a":9,"dup":false,"ev":"game","ms":383072,"predicted":false,"t":0,"tick":22856,"type":"hit"}
[client] {"a":6,"dup":false,"ev":"game","ms":383493,"predicted":false,"t":0,"tick":22881,"type":"hit"}
[client] {"a":7,"dup":true,"ev":"game","ms":383493,"predicted":false,"t":3,"tick":22886,"type":"hit"}
[client] {"a":2,"dup":false,"ev":"game","ms":383520,"predicted":false,"t":6,"tick":22883,"type":"hit"}
[client] {"a":3,"dup":false,"ev":"game","ms":383893,"predicted":false,"t":6,"tick":22905,"type":"hit"}
[client] {"a":7,"dup":true,"ev":"game","ms":384024,"predicted":false,"t":3,"tick":22918,"type":"hit"}
[client] {"a":7,"dup":true,"ev":"game","ms":384072,"predicted":false,"t":4,"tick":22921,"type":"hit"}
[client] {"a":2,"dup":false,"ev":"game","ms":384156,"predicted":false,"t":6,"tick":22921,"type":"hit"}
[client] {"a":9,"dup":false,"ev":"game","ms":384542,"predicted":false,"t":3,"tick":22944,"type":"hit"}
[client] {"a":4,"dup":false,"ev":"game","ms":384576,"predicted":false,"t":7,"tick":22946,"type":"hit"}
[client] {"a":6,"dup":false,"ev":"game","ms":384804,"predicted":false,"t":4,"tick":22960,"type":"hit"}
[client] {"a":0,"dup":false,"ev":"game","ms":384894,"predicted":false,"t":6,"tick":22965,"type":"hit"}
[client] {"counts":{"blocks_on_me":0,"conf_actions":233,"confirmed_hits":1084,"dup_confirmed":0,"hits_on_me":105,"pred_actions":253,"predicted_confirmed":98,"predicted_hits":227,"reconnects":0},"ev":"stats","hp":54.0,"in_bytes":5104785,"late":0,"local_entity":7,"match":{"countdown_until":300,"ctrl":-1,"final":false,"next":"","phase":3,"rot":2528,"scores":[41,22],"sd":false,"state":3,"tick":22672,"zone":"B"},"max_err":2.455,"mean_err":0.0199,"ms":384907,"out_bytes":1125595,"pending":10,"pos":[-2.19,-1.65],"reconciles":7642,"server_tick":22970,"snaps":7655,"teleports":10}
[client] {"a":2,"dup":false,"ev":"game","ms":384908,"predicted":false,"t":6,"tick":22966,"type":"hit"}
[client] {"a":3,"dup":false,"ev":"game","ms":384908,"predicted":false,"t":6,"tick":22966,"type":"hit"}
[client] {"a":2,"dup":false,"ev":"game","ms":384942,"predicted":false,"t":9,"tick":22968,"type":"hit"}
[client] {"a":9,"dup":false,"ev":"game","ms":384942,"predicted":false,"t":-1,"tick":22968,"type":"ko"}
[client] {"a":2,"dup":false,"ev":"game","ms":384976,"predicted":false,"t":7,"tick":22970,"type":"hit"}
[client] {"a":4,"dup":false,"ev":"game","ms":385225,"predicted":false,"t":6,"tick":22985,"type":"block"}
[client] {"a":2,"dup":false,"ev":"game","ms":385521,"predicted":false,"t":6,"tick":23003,"type":"block"}
[client] {"a":3,"dup":false,"ev":"game","ms":385522,"predicted":false,"t":6,"tick":23003,"type":"block"}
[client] {"a":0,"dup":false,"ev":"game","ms":385777,"predicted":false,"t":6,"tick":23018,"type":"block"}
[client] {"a":2,"dup":false,"ev":"game","ms":385860,"predicted":false,"t":6,"tick":23023,"type":"block"}
[client] {"a":2,"dup":false,"ev":"game","ms":386205,"predicted":false,"t":6,"tick":23044,"type":"hit"}
[client] {"a":3,"dup":false,"ev":"game","ms":386591,"predicted":false,"t":6,"tick":23067,"type":"hit"}
[client] {"a":0,"dup":false,"ev":"game","ms":386625,"predicted":false,"t":6,"tick":23069,"type":"hit"}
[client] {"a":2,"dup":false,"ev":"game","ms":386862,"predicted":false,"t":6,"tick":23083,"type":"hit"}
[client] {"a":7,"dup":false,"ev":"game","ms":387026,"predicted":false,"t":4,"tick":23098,"type":"block"}
[client] {"a":7,"dup":true,"ev":"game","ms":387040,"predicted":false,"t":0,"tick":23099,"type":"hit"}
[client] {"a":7,"dup":true,"ev":"game","ms":387095,"predicted":false,"t":3,"tick":23102,"type":"hit"}
[client] {"a":7,"dup":false,"ev":"game","ms":387177,"predicted":false,"t":-1,"tick":23106,"type":"ko"}
[client] {"a":2,"dup":false,"ev":"game","ms":387239,"predicted":false,"t":7,"tick":23106,"type":"hit"}
[client] {"a":6,"dup":false,"ev":"game","ms":387860,"predicted":false,"t":4,"tick":23143,"type":"block"}
[client] {"a":6,"dup":false,"ev":"game","ms":388309,"predicted":false,"t":4,"tick":23170,"type":"block"}
[client] {"a":6,"dup":false,"ev":"game","ms":389123,"predicted":false,"t":4,"tick":23219,"type":"hit"}
[client] {"a":5,"dup":false,"ev":"game","ms":389814,"predicted":false,"t":-1,"tick":23260,"type":"respawn"}
[client] {"a":1,"dup":false,"ev":"game","ms":389876,"predicted":false,"t":-1,"tick":23264,"type":"respawn"}
[client] {"counts":{"blocks_on_me":0,"conf_actions":235,"confirmed_hits":1096,"dup_confirmed":0,"hits_on_me":107,"pred_actions":255,"predicted_confirmed":100,"predicted_hits":234,"reconnects":0},"ev":"stats","hp":0.0,"in_bytes":5171875,"late":0,"local_entity":7,"match":{"countdown_until":300,"ctrl":-1,"final":false,"next":"","phase":3,"rot":2228,"scores":[41,22],"sd":false,"state":3,"tick":22972,"zone":"B"},"max_err":2.455,"mean_err":0.0199,"ms":389909,"out_bytes":1140295,"pending":10,"pos":[-2.79,-1.35],"reconciles":7742,"server_tick":23270,"snaps":7755,"teleports":10}
[client] {"a":2,"dup":false,"ev":"game","ms":390676,"predicted":false,"t":6,"tick":23312,"type":"hit"}
[client] {"a":6,"dup":false,"ev":"game","ms":390676,"predicted":false,"t":-1,"tick":23312,"type":"ko"}
[client] {"a":8,"dup":false,"ev":"game","ms":390945,"predicted":false,"t":-1,"tick":23328,"type":"respawn"}
[client] {"counts":{"blocks_on_me":0,"conf_actions":235,"confirmed_hits":1097,"dup_confirmed":0,"hits_on_me":107,"pred_actions":255,"predicted_confirmed":100,"predicted_hits":234,"reconnects":0},"ev":"stats","hp":0.0,"in_bytes":5227719,"late":0,"local_entity":7,"match":{"countdown_until":300,"ctrl":0,"final":false,"next":"","phase":3,"rot":1928,"scores":[45,22],"sd":false,"state":2,"tick":23272,"zone":"B"},"max_err":2.455,"mean_err":0.0196,"ms":394905,"out_bytes":1154995,"pending":10,"pos":[-2.79,-1.35],"reconciles":7842,"server_tick":23570,"snaps":7855,"teleports":10}
[client] {"a":9,"dup":false,"ev":"game","ms":394940,"predicted":false,"t":-1,"tick":23568,"type":"respawn"}
[client] {"a":7,"dup":false,"ev":"game","ms":397155,"predicted":false,"t":-1,"tick":23706,"type":"respawn"}
[client] {"a":2,"dup":false,"ev":"game","ms":397389,"predicted":false,"t":5,"tick":23715,"type":"hit"}
[client] {"a":2,"dup":false,"ev":"game","ms":397727,"predicted":false,"t":5,"tick":23735,"type":"hit"}
[client] {"a":4,"dup":false,"ev":"game","ms":397741,"predicted":false,"t":5,"tick":23736,"type":"hit"}
[client] {"a":8,"dup":false,"ev":"game","ms":398024,"predicted":false,"t":2,"tick":23753,"type":"hit"}
[client] {"a":4,"dup":false,"ev":"game","ms":398224,"predicted":false,"t":5,"tick":23765,"type":"hit"}
[client] {"a":8,"dup":false,"ev":"game","ms":398259,"predicted":false,"t":2,"tick":23767,"type":"hit"}
[client] {"a":8,"dup":false,"ev":"game","ms":398294,"predicted":false,"t":4,"tick":23769,"type":"hit"}
[client] {"a":1,"dup":false,"ev":"game","ms":398708,"predicted":false,"t":5,"tick":23794,"type":"hit"}
[client] {"a":8,"dup":false,"ev":"game","ms":399225,"predicted":false,"t":1,"tick":23825,"type":"hit"}
[client] {"a":8,"dup":false,"ev":"game","ms":399273,"predicted":false,"t":0,"tick":23828,"type":"hit"}
[client] {"a":4,"dup":false,"ev":"game","ms":399343,"predicted":false,"t":8,"tick":23832,"type":"hit"}
[client] {"a":5,"dup":false,"ev":"game","ms":399742,"predicted":false,"t":4,"tick":23856,"type":"hit"}
[client] {"counts":{"blocks_on_me":0,"conf_actions":235,"confirmed_hits":1109,"dup_confirmed":0,"hits_on_me":107,"pred_actions":255,"predicted_confirmed":100,"predicted_hits":234,"reconnects":0},"ev":"stats","hp":220.0,"in_bytes":5293915,"late":0,"local_entity":7,"match":{"countdown_until":300,"ctrl":-1,"final":false,"next":"","phase":3,"rot":1628,"scores":[45,22],"sd":false,"state":3,"tick":23572,"zone":"B"},"max_err":2.455,"mean_err":0.0194,"ms":399907,"out_bytes":1169695,"pending":10,"pos":[1.71,29.39],"reconciles":7941,"server_tick":23870,"snaps":7955,"teleports":11}
[client] {"a":5,"dup":false,"ev":"game","ms":400074,"predicted":false,"t":4,"tick":23876,"type":"hit"}
[client] {"a":2,"dup":false,"ev":"game","ms":400274,"predicted":false,"t":5,"tick":23888,"type":"hit"}
[client] {"a":2,"dup":false,"ev":"game","ms":400529,"predicted":false,"t":5,"tick":23903,"type":"hit"}
[client] {"a":8,"dup":false,"ev":"game","ms":400529,"predicted":false,"t":4,"tick":23903,"type":"hit"}
[client] {"a":6,"dup":false,"ev":"game","ms":400674,"predicted":false,"t":-1,"tick":23912,"type":"respawn"}
[client] {"a":8,"dup":false,"ev":"game","ms":401578,"predicted":false,"t":2,"tick":23966,"type":"hit"}
[client] {"a":4,"dup":false,"ev":"game","ms":401861,"predicted":false,"t":5,"tick":23983,"type":"hit"}
[client] {"a":4,"dup":false,"ev":"game","ms":402192,"predicted":false,"t":5,"tick":24003,"type":"hit"}
[client] {"a":1,"dup":false,"ev":"game","ms":402247,"predicted":false,"t":5,"tick":24006,"type":"hit"}
[client] {"a":4,"dup":false,"ev":"game","ms":402559,"predicted":false,"t":8,"tick":24025,"type":"hit"}
[client] {"a":9,"dup":false,"ev":"game","ms":402958,"predicted":false,"t":4,"tick":24049,"type":"hit"}
[client] {"a":4,"dup":false,"ev":"game","ms":402958,"predicted":false,"t":-1,"tick":24049,"type":"ko"}
[client] {"a":9,"dup":false,"ev":"game","ms":402993,"predicted":false,"t":1,"tick":24051,"type":"hit"}
[client] {"a":5,"dup":false,"ev":"game","ms":403511,"predicted":false,"t":1,"tick":24082,"type":"hit"}
[client] {"a":3,"dup":false,"ev":"game","ms":403815,"predicted":false,"t":9,"tick":24100,"type":"hit"}
[client] {"a":5,"dup":false,"ev":"game","ms":403828,"predicted":false,"t":1,"tick":24101,"type":"hit"}
[client] {"a":3,"dup":false,"ev":"game","ms":404360,"predicted":false,"t":5,"tick":24133,"type":"hit"}
[client] {"a":5,"dup":false,"ev":"game","ms":404360,"predicted":false,"t":-1,"tick":24133,"type":"ko"}
[client] {"a":3,"dup":false,"ev":"game","ms":404842,"predicted":false,"t":9,"tick":24162,"type":"hit"}
[client] {"a":3,"dup":false,"ev":"game","ms":404863,"predicted":false,"t":7,"tick":24163,"type":"hit"}
[client] {"counts":{"blocks_on_me":0,"conf_actions":236,"confirmed_hits":1126,"dup_confirmed":0,"hits_on_me":108,"pred_actions":256,"predicted_confirmed":100,"predicted_hits":234,"reconnects":0},"ev":"stats","hp":206.0,"in_bytes":5364069,"late":0,"local_entity":7,"match":{"countdown_until":300,"ctrl":-1,"final":false,"next":"","phase":3,"rot":1328,"scores":[45,22],"sd":false,"state":3,"tick":23872,"zone":"B"},"max_err":2.455,"mean_err":0.0193,"ms":404910,"out_bytes":1184395,"pending":10,"pos":[-2.96,-1.02],"reconciles":8041,"server_tick":24170,"snaps":8055,"teleports":11}
[client] {"a":0,"dup":false,"ev":"game","ms":404912,"predicted":false,"t":8,"tick":24166,"type":"hit"}
[client] {"a":0,"dup":false,"ev":"game","ms":405215,"predicted":false,"t":8,"tick":24184,"type":"hit"}
[client] {"a":1,"dup":false,"ev":"game","ms":405643,"predicted":false,"t":8,"tick":24210,"type":"hit"}
[client] {"a":1,"dup":false,"ev":"game","ms":406043,"predicted":false,"t":8,"tick":24234,"type":"hit"}
[client] {"a":0,"dup":false,"ev":"game","ms":406195,"predicted":false,"t":8,"tick":24243,"type":"hit"}
[client] {"a":3,"dup":false,"ev":"game","ms":406216,"predicted":false,"t":9,"tick":24244,"type":"hit"}
[client] {"a":7,"dup":true,"ev":"game","ms":406416,"predicted":false,"t":3,"tick":24261,"type":"hit"}
[client] {"a":8,"dup":false,"ev":"game","ms":407126,"predicted":false,"t":1,"tick":24299,"type":"hit"}
[client] {"a":9,"dup":false,"ev":"game","ms":407858,"predicted":false,"t":2,"tick":24343,"type":"hit"}
[client] {"a":1,"dup":false,"ev":"game","ms":407907,"predicted":false,"t":7,"tick":24346,"type":"hit"}
[client] {"a":1,"dup":false,"ev":"game","ms":407927,"predicted":false,"t":9,"tick":24347,"type":"hit"}
[client] {"a":8,"dup":false,"ev":"game","ms":408210,"predicted":false,"t":3,"tick":24364,"type":"hit"}
[client] {"a":9,"dup":false,"ev":"game","ms":408423,"predicted":false,"t":1,"tick":24377,"type":"hit"}
[client] {"a":7,"dup":true,"ev":"game","ms":408472,"predicted":false,"t":3,"tick":24384,"type":"hit"}
[client] {"a":8,"dup":false,"ev":"game","ms":408741,"predicted":false,"t":1,"tick":24396,"type":"hit"}
[client] {"a":3,"dup":false,"ev":"game","ms":409010,"predicted":false,"t":8,"tick":24412,"type":"hit"}
[client] {"a":9,"dup":false,"ev":"game","ms":409072,"predicted":false,"t":1,"tick":24416,"type":"hit"}
[client] {"a":9,"dup":false,"ev":"game","ms":409072,"predicted":false,"t":2,"tick":24416,"type":"hit"}
[client] {"a":3,"dup":false,"ev":"game","ms":409693,"predicted":false,"t":7,"tick":24453,"type":"hit"}
[client] {"a":2,"dup":false,"ev":"game","ms":409707,"predicted":false,"t":7,"tick":24454,"type":"hit"}
[client] {"a":3,"dup":false,"ev":"game","ms":409742,"predicted":false,"t":9,"tick":24456,"type":"hit"}
[client] {"a":3,"dup":false,"ev":"game","ms":409789,"predicted":false,"t":6,"tick":24459,"type":"hit"}
[client] {"a":8,"dup":false,"ev":"game","ms":409790,"predicted":false,"t":2,"tick":24459,"type":"hit"}
[client] {"a":2,"dup":false,"ev":"game","ms":409790,"predicted":false,"t":-1,"tick":24459,"type":"ko"}
[client] {"counts":{"blocks_on_me":0,"conf_actions":241,"confirmed_hits":1149,"dup_confirmed":0,"hits_on_me":111,"pred_actions":261,"predicted_confirmed":102,"predicted_hits":250,"reconnects":0},"ev":"stats","hp":132.0,"in_bytes":5436074,"late":0,"local_entity":7,"match":{"countdown_until":300,"ctrl":-1,"final":false,"next":"","phase":3,"rot":1028,"scores":[45,22],"sd":false,"state":3,"tick":24172,"zone":"B"},"max_err":2.455,"mean_err":0.0196,"ms":409906,"out_bytes":1199095,"pending":10,"pos":[-0.8,-3.93],"reconciles":8141,"server_tick":24470,"snaps":8155,"teleports":11}
[client] {"a":7,"dup":true,"ev":"game","ms":409976,"predicted":false,"t":3,"tick":24475,"type":"hit"}
[client] {"a":1,"dup":false,"ev":"game","ms":410259,"predicted":false,"t":8,"tick":24487,"type":"hit"}
[client] {"a":3,"dup":false,"ev":"game","ms":410376,"predicted":false,"t":7,"tick":24494,"type":"hit"}
[client] {"a":0,"dup":false,"ev":"game","ms":410390,"predicted":false,"t":7,"tick":24495,"type":"hit"}
[client] {"a":3,"dup":false,"ev":"game","ms":410411,"predicted":false,"t":8,"tick":24496,"type":"hit"}
[client] {"a":1,"dup":false,"ev":"game","ms":410576,"predicted":false,"t":8,"tick":24506,"type":"hit"}
[client] {"a":1,"dup":false,"ev":"game","ms":410590,"predicted":false,"t":7,"tick":24507,"type":"hit"}
[client] {"a":3,"dup":false,"ev":"game","ms":410693,"predicted":false,"t":7,"tick":24513,"type":"hit"}
[client] {"a":8,"dup":false,"ev":"game","ms":411108,"predicted":false,"t":1,"tick":24538,"type":"hit"}
[client] {"a":1,"dup":false,"ev":"game","ms":411108,"predicted":false,"t":-1,"tick":24538,"type":"ko"}
[client] {"a":0,"dup":false,"ev":"game","ms":411190,"predicted":false,"t":9,"tick":24543,"type":"hit"}
[client] {"a":7,"dup":true,"ev":"game","ms":411260,"predicted":false,"t":3,"tick":24552,"type":"hit"}
[client] {"a":3,"dup":false,"ev":"game","ms":411342,"predicted":false,"t":9,"tick":24552,"type":"hit"}
[client] {"a":0,"dup":false,"ev":"game","ms":411825,"predicted":false,"t":7,"tick":24581,"type":"hit"}
[client] {"a":8,"dup":false,"ev":"game","ms":411874,"predicted":false,"t":0,"tick":24584,"type":"hit"}
[client] {"a":7,"dup":true,"ev":"game","ms":412142,"predicted":false,"t":3,"tick":24605,"type":"hit"}
[client] {"a":9,"dup":false,"ev":"game","ms":412391,"predicted":false,"t":0,"tick":24615,"type":"hit"}
[client] {"a":7,"dup":true,"ev":"game","ms":412529,"predicted":false,"t":3,"tick":24627,"type":"hit"}
[client] {"a":4,"dup":false,"ev":"game","ms":412957,"predicted":false,"t":-1,"tick":24649,"type":"respawn"}
[client] {"a":3,"dup":false,"ev":"game","ms":413343,"predicted":false,"t":7,"tick":24672,"type":"hit"}
[client] {"a":8,"dup":false,"ev":"game","ms":413357,"predicted":false,"t":0,"tick":24673,"type":"hit"}
[client] {"a":0,"dup":false,"ev":"game","ms":413357,"predicted":false,"t":-1,"tick":24673,"type":"ko"}
[client] {"a":6,"dup":false,"ev":"game","ms":414309,"predicted":false,"t":3,"tick":24730,"type":"hit"}
[client] {"a":5,"dup":false,"ev":"game","ms":414358,"predicted":false,"t":-1,"tick":24733,"type":"respawn"}
[client] {"a":8,"dup":false,"ev":"game","ms":414613,"predicted":false,"t":3,"tick":24748,"type":"hit"}
[client] {"a":6,"dup":false,"ev":"game","ms":414778,"predicted":false,"t":3,"tick":24758,"type":"hit"}
[client] {"a":3,"dup":false,"ev":"game","ms":414778,"predicted":false,"t":-1,"tick":24758,"type":"ko"}
[client] {"counts":{"blocks_on_me":0,"conf_actions":251,"confirmed_hits":1171,"dup_confirmed":0,"hits_on_me":117,"pred_actions":272,"predicted_confirmed":106,"predicted_hits":258,"reconnects":0},"ev":"stats","hp":4.0,"in_bytes":5504820,"late":0,"local_entity":7,"match":{"countdown_until":300,"ctrl":1,"final":false,"next":"A","phase":3,"rot":731,"scores":[45,22],"sd":false,"state":2,"tick":24469,"zone":"B"},"max_err":2.455,"mean_err":0.0199,"ms":414909,"out_bytes":1213795,"pending":10,"pos":[-0.5,-3.81],"reconciles":8241,"server_tick":24770,"snaps":8254,"teleports":11}
[client] {"a":2,"dup":false,"ev":"game","ms":419788,"predicted":false,"t":-1,"tick":25059,"type":"respawn"}
[client] {"counts":{"blocks_on_me":0,"conf_actions":251,"confirmed_hits":1171,"dup_confirmed":0,"hits_on_me":117,"pred_actions":272,"predicted_confirmed":106,"predicted_hits":258,"reconnects":0},"ev":"stats","hp":4.0,"in_bytes":5556087,"late":0,"local_entity":7,"match":{"countdown_until":300,"ctrl":-1,"final":false,"next":"A","phase":3,"rot":428,"scores":[45,26],"sd":false,"state":3,"tick":24772,"zone":"B"},"max_err":2.455,"mean_err":0.0203,"ms":419904,"out_bytes":1228495,"pending":10,"pos":[-0.54,-2.92],"reconciles":8341,"server_tick":25070,"snaps":8355,"teleports":11}
[client] {"a":7,"dup":true,"ev":"game","ms":420540,"predicted":false,"t":4,"tick":25109,"type":"hit"}
[client] {"a":8,"dup":false,"ev":"game","ms":420692,"predicted":false,"t":4,"tick":25113,"type":"hit"}
[client] {"a":7,"dup":true,"ev":"game","ms":420871,"predicted":false,"t":4,"tick":25128,"type":"hit"}
[client] {"a":6,"dup":false,"ev":"game","ms":420940,"predicted":false,"t":4,"tick":25128,"type":"hit"}
[client] {"a":9,"dup":false,"ev":"game","ms":420940,"predicted":false,"t":4,"tick":25128,"type":"hit"}
[client] {"a":1,"dup":false,"ev":"game","ms":421106,"predicted":false,"t":-1,"tick":25138,"type":"respawn"}
[client] {"a":7,"dup":false,"ev":"game","ms":422693,"predicted":false,"t":-1,"tick":25238,"type":"ko"}
[client] {"a":4,"dup":false,"ev":"game","ms":422775,"predicted":false,"t":7,"tick":25238,"type":"hit"}
[client] {"a":6,"dup":false,"ev":"game","ms":423272,"predicted":false,"t":4,"tick":25268,"type":"hit"}
[client] {"a":0,"dup":false,"ev":"game","ms":423362,"predicted":false,"t":-1,"tick":25273,"type":"respawn"}
[client] {"a":3,"dup":false,"ev":"game","ms":424776,"predicted":false,"t":-1,"tick":25358,"type":"respawn"}
[client] {"a":4,"dup":false,"ev":"game","ms":424873,"predicted":false,"t":6,"tick":25364,"type":"hit"}
[client] {"counts":{"blocks_on_me":0,"conf_actions":254,"confirmed_hits":1179,"dup_confirmed":0,"hits_on_me":118,"pred_actions":276,"predicted_confirmed":108,"predicted_hits":260,"reconnects":0},"ev":"stats","hp":0.0,"in_bytes":5616392,"late":0,"local_entity":7,"match":{"countdown_until":300,"ctrl":-1,"final":false,"next":"A","phase":3,"rot":128,"scores":[45,26],"sd":false,"state":3,"tick":25072,"zone":"B"},"max_err":2.455,"mean_err":0.0204,"ms":424907,"out_bytes":1243195,"pending":10,"pos":[-0.36,-3.23],"reconciles":8441,"server_tick":25370,"snaps":8455,"teleports":11}
[client] {"a":4,"dup":false,"ev":"game","ms":425342,"predicted":false,"t":9,"tick":25392,"type":"hit"}
[client] {"a":9,"dup":false,"ev":"game","ms":425660,"predicted":false,"t":4,"tick":25411,"type":"hit"}
[client] {"a":2,"dup":false,"ev":"game","ms":425942,"predicted":false,"t":5,"tick":25428,"type":"hit"}
[client] {"a":9,"dup":false,"ev":"game","ms":426046,"predicted":false,"t":4,"tick":25434,"type":"hit"}
[client] {"a":2,"dup":false,"ev":"game","ms":426191,"predicted":false,"t":5,"tick":25443,"type":"hit"}
[client] {"a":8,"dup":false,"ev":"game","ms":426612,"predicted":false,"t":2,"tick":25468,"type":"hit"}
[client] {"a":4,"dup":false,"ev":"game","ms":426674,"predicted":false,"t":9,"tick":25472,"type":"hit"}
[client] {"a":5,"dup":false,"ev":"game","ms":427012,"predicted":false,"t":2,"tick":25492,"type":"hit"}
[client] {"a":-1,"dup":false,"ev":"game","ms":427129,"predicted":false,"t":-1,"tick":25499,"type":"zone_rotated"}
[client] {"a":8,"dup":false,"ev":"game","ms":427302,"predicted":false,"t":2,"tick":25510,"type":"hit"}
[client] {"a":9,"dup":false,"ev":"game","ms":427385,"predicted":false,"t":4,"tick":25515,"type":"hit"}
[client] {"a":5,"dup":false,"ev":"game","ms":427406,"predicted":false,"t":2,"tick":25516,"type":"hit"}
[client] {"a":6,"dup":false,"ev":"game","ms":427488,"predicted":false,"t":4,"tick":25521,"type":"hit"}
[client] {"a":6,"dup":false,"ev":"game","ms":427840,"predicted":false,"t":4,"tick":25542,"type":"hit"}
[client] {"a":9,"dup":false,"ev":"game","ms":427936,"predicted":false,"t":2,"tick":25548,"type":"hit"}
[client] {"a":4,"dup":false,"ev":"game","ms":428219,"predicted":false,"t":6,"tick":25565,"type":"hit"}
[client] {"a":5,"dup":false,"ev":"game","ms":428240,"predicted":false,"t":2,"tick":25566,"type":"hit"}
[client] {"a":9,"dup":false,"ev":"game","ms":428254,"predicted":false,"t":2,"tick":25567,"type":"hit"}
[client] {"a":2,"dup":false,"ev":"game","ms":428620,"predicted":false,"t":9,"tick":25589,"type":"hit"}
[client] {"a":4,"dup":false,"ev":"game","ms":428689,"predicted":false,"t":6,"tick":25593,"type":"block"}
[client] {"a":9,"dup":false,"ev":"game","ms":428958,"predicted":false,"t":2,"tick":25609,"type":"hit"}
[client] {"a":4,"dup":false,"ev":"game","ms":429372,"predicted":false,"t":6,"tick":25634,"type":"hit"}
[client] {"a":4,"dup":false,"ev":"game","ms":429406,"predicted":false,"t":9,"tick":25636,"type":"hit"}
[client] {"a":2,"dup":false,"ev":"game","ms":429489,"predicted":false,"t":6,"tick":25641,"type":"hit"}
[client] {"counts":{"blocks_on_me":0,"conf_actions":254,"confirmed_hits":1201,"dup_confirmed":0,"hits_on_me":118,"pred_actions":276,"predicted_confirmed":108,"predicted_hits":260,"reconnects":0},"ev":"stats","hp":0.0,"in_bytes":5688784,"late":0,"local_entity":7,"match":{"countdown_until":300,"ctrl":-1,"final":true,"next":"","phase":3,"rot":3428,"scores":[45,26],"sd":false,"state":1,"tick":25372,"zone":"A"},"max_err":2.455,"mean_err":0.0202,"ms":429902,"out_bytes":1257895,"pending":10,"pos":[-0.36,-3.23],"reconciles":8541,"server_tick":25670,"snaps":8555,"teleports":11}
[client] {"a":6,"dup":false,"ev":"game","ms":430607,"predicted":false,"t":4,"tick":25708,"type":"hit"}
[client] {"a":4,"dup":false,"ev":"game","ms":430608,"predicted":false,"t":-1,"tick":25708,"type":"ko"}
[client] {"a":7,"dup":false,"ev":"game","ms":432690,"predicted":false,"t":-1,"tick":25838,"type":"respawn"}
[client] {"a":1,"dup":false,"ev":"game","ms":434422,"predicted":false,"t":8,"tick":25937,"type":"hit"}
[client] {"a":1,"dup":false,"ev":"game","ms":434740,"predicted":false,"t":8,"tick":25956,"type":"hit"}
[client] {"a":8,"dup":false,"ev":"game","ms":434740,"predicted":false,"t":-1,"tick":25956,"type":"ko"}
[client] {"counts":{"blocks_on_me":0,"conf_actions":254,"confirmed_hits":1204,"dup_confirmed":0,"hits_on_me":118,"pred_actions":276,"predicted_confirmed":108,"predicted_hits":260,"reconnects":0},"ev":"stats","hp":220.0,"in_bytes":5751545,"late":0,"local_entity":7,"match":{"countdown_until":300,"ctrl":0,"final":true,"next":"","phase":3,"rot":3128,"scores":[45,26],"sd":false,"state":2,"tick":25672,"zone":"A"},"max_err":2.455,"mean_err":0.02,"ms":434905,"out_bytes":1272595,"pending":10,"pos":[2.4,34.13],"reconciles":8640,"server_tick":25970,"snaps":8655,"teleports":12}
[client] {"a":9,"dup":false,"ev":"game","ms":436893,"predicted":false,"t":2,"tick":26085,"type":"hit"}
[client] {"a":9,"dup":false,"ev":"game","ms":437210,"predicted":false,"t":2,"tick":26104,"type":"hit"}
[client] {"a":2,"dup":false,"ev":"game","ms":437210,"predicted":false,"t":-1,"tick":26104,"type":"ko"}
[client] {"a":0,"dup":false,"ev":"game","ms":437341,"predicted":false,"t":9,"tick":26112,"type":"hit"}
[client] {"a":9,"dup":false,"ev":"game","ms":437680,"predicted":false,"t":0,"tick":26132,"type":"hit"}
[client] {"a":3,"dup":false,"ev":"game","ms":437797,"predicted":false,"t":9,"tick":26139,"type":"hit"}
[client] {"a":9,"dup":false,"ev":"game","ms":437797,"predicted":false,"t":-1,"tick":26139,"type":"ko"}
[client] {"a":5,"dup":false,"ev":"game","ms":438412,"predicted":false,"t":3,"tick":26175,"type":"hit"}
[client] {"a":0,"dup":false,"ev":"game","ms":438509,"predicted":false,"t":5,"tick":26181,"type":"hit"}
[client] {"a":1,"dup":false,"ev":"game","ms":438798,"predicted":false,"t":5,"tick":26199,"type":"hit"}
[client] {"a":0,"dup":false,"ev":"game","ms":438825,"predicted":false,"t":5,"tick":26201,"type":"hit"}
[client] {"a":1,"dup":false,"ev":"game","ms":438846,"predicted":false,"t":6,"tick":26202,"type":"hit"}
[client] {"a":5,"dup":false,"ev":"game","ms":439225,"predicted":false,"t":3,"tick":26225,"type":"hit"}
[client] {"a":1,"dup":false,"ev":"game","ms":439681,"predicted":false,"t":5,"tick":26252,"type":"hit"}
[client] {"a":1,"dup":false,"ev":"game","ms":439709,"predicted":false,"t":6,"tick":26254,"type":"hit"}
[client] {"a":0,"dup":false,"ev":"game","ms":439743,"predicted":false,"t":6,"tick":26256,"type":"hit"}
[client] {"counts":{"blocks_on_me":0,"conf_actions":254,"confirmed_hits":1218,"dup_confirmed":0,"hits_on_me":118,"pred_actions":276,"predicted_confirmed":108,"predicted_hits":260,"reconnects":0},"ev":"stats","hp":220.0,"in_bytes":5813824,"late":0,"local_entity":7,"match":{"countdown_until":300,"ctrl":-1,"final":true,"next":"","phase":3,"rot":2828,"scores":[45,26],"sd":false,"state":3,"tick":25972,"zone":"A"},"max_err":2.455,"mean_err":0.0197,"ms":439907,"out_bytes":1287295,"pending":10,"pos":[-20.73,12.92],"reconciles":8740,"server_tick":26270,"snaps":8755,"teleports":12}
[client] {"a":6,"dup":false,"ev":"game","ms":440358,"predicted":false,"t":0,"tick":26293,"type":"hit"}
[client] {"a":4,"dup":false,"ev":"game","ms":440605,"predicted":false,"t":-1,"tick":26308,"type":"respawn"}
[client] {"a":6,"dup":false,"ev":"game","ms":440654,"predicted":false,"t":1,"tick":26311,"type":"hit"}
[client] {"a":5,"dup":false,"ev":"game","ms":440902,"predicted":false,"t":1,"tick":26326,"type":"hit"}
[client] {"a":0,"dup":false,"ev":"game","ms":440922,"predicted":false,"t":5,"tick":26327,"type":"hit"}
[client] {"a":0,"dup":false,"ev":"game","ms":440936,"predicted":false,"t":6,"tick":26328,"type":"hit"}
[client] {"a":5,"dup":false,"ev":"game","ms":441992,"predicted":false,"t":0,"tick":26391,"type":"hit"}
[client] {"a":6,"dup":false,"ev":"game","ms":442088,"predicted":false,"t":1,"tick":26397,"type":"hit"}
[client] {"a":3,"dup":false,"ev":"game","ms":442523,"predicted":false,"t":5,"tick":26423,"type":"hit"}
[client] {"a":5,"dup":false,"ev":"game","ms":442910,"predicted":false,"t":3,"tick":26446,"type":"hit"}
[client] {"a":3,"dup":false,"ev":"game","ms":443456,"predicted":false,"t":5,"tick":26479,"type":"block"}
[client] {"a":5,"dup":false,"ev":"game","ms":443711,"predicted":false,"t":3,"tick":26494,"type":"hit"}
[client] {"a":1,"dup":false,"ev":"game","ms":444020,"predicted":false,"t":5,"tick":26513,"type":"hit"}
[client] {"a":3,"dup":false,"ev":"game","ms":444021,"predicted":false,"t":5,"tick":26513,"type":"hit"}
[client] {"a":3,"dup":false,"ev":"game","ms":444511,"predicted":false,"t":5,"tick":26542,"type":"hit"}
[client] {"a":5,"dup":false,"ev":"game","ms":444511,"predicted":false,"t":-1,"tick":26542,"type":"ko"}
[client] {"a":6,"dup":false,"ev":"game","ms":444724,"predicted":false,"t":1,"tick":26555,"type":"hit"}
[client] {"a":8,"dup":false,"ev":"game","ms":444738,"predicted":false,"t":-1,"tick":26556,"type":"respawn"}
[client] {"a":7,"dup":true,"ev":"game","ms":444738,"predicted":false,"t":1,"tick":26561,"type":"hit"}
[client] {"counts":{"blocks_on_me":0,"conf_actions":256,"confirmed_hits":1233,"dup_confirmed":0,"hits_on_me":118,"pred_actions":278,"predicted_confirmed":109,"predicted_hits":262,"reconnects":0},"ev":"stats","hp":220.0,"in_bytes":5878529,"late":0,"local_entity":7,"match":{"countdown_until":300,"ctrl":-1,"final":true,"next":"","phase":3,"rot":2528,"scores":[45,26],"sd":false,"state":3,"tick":26272,"zone":"A"},"max_err":2.455,"mean_err":0.0195,"ms":444910,"out_bytes":1301995,"pending":10,"pos":[-40.68,0.33],"reconciles":8840,"server_tick":26570,"snaps":8855,"teleports":12}
[client] {"a":0,"dup":false,"ev":"game","ms":445076,"predicted":false,"t":7,"tick":26576,"type":"hit"}
[client] {"a":7,"dup":true,"ev":"game","ms":445373,"predicted":false,"t":0,"tick":26599,"type":"hit"}
[client] {"a":3,"dup":false,"ev":"game","ms":445573,"predicted":false,"t":6,"tick":26606,"type":"hit"}
[client] {"a":0,"dup":false,"ev":"game","ms":445842,"predicted":false,"t":7,"tick":26622,"type":"hit"}
[client] {"a":1,"dup":false,"ev":"game","ms":445939,"predicted":false,"t":6,"tick":26628,"type":"hit"}
[client] {"a":3,"dup":false,"ev":"game","ms":446422,"predicted":false,"t":6,"tick":26657,"type":"hit"}
[client] {"a":6,"dup":false,"ev":"game","ms":446422,"predicted":false,"t":-1,"tick":26657,"type":"ko"}
[client] {"a":7,"dup":true,"ev":"game","ms":446912,"predicted":false,"t":0,"tick":26691,"type":"hit"}
[client] {"a":2,"dup":false,"ev":"game","ms":447209,"predicted":false,"t":-1,"tick":26704,"type":"respawn"}
[client] {"a":7,"dup":true,"ev":"game","ms":447222,"predicted":false,"t":0,"tick":26710,"type":"hit"}
[client] {"a":7,"dup":true,"ev":"game","ms":447713,"predicted":false,"t":0,"tick":26739,"type":"hit"}
[client] {"a":7,"dup":true,"ev":"game","ms":447740,"predicted":false,"t":3,"tick":26741,"type":"hit"}
[client] {"a":9,"dup":false,"ev":"game","ms":447795,"predicted":false,"t":-1,"tick":26739,"type":"respawn"}
[client] {"a":1,"dup":false,"ev":"game","ms":448078,"predicted":false,"t":7,"tick":26756,"type":"hit"}
[client] {"a":7,"dup":true,"ev":"game","ms":449010,"predicted":false,"t":0,"tick":26817,"type":"hit"}
[client] {"a":7,"dup":true,"ev":"game","ms":449326,"predicted":false,"t":0,"tick":26836,"type":"hit"}
[client] {"a":1,"dup":false,"ev":"game","ms":449431,"predicted":false,"t":7,"tick":26837,"type":"hit"}
[client] {"counts":{"blocks_on_me":0,"conf_actions":265,"confirmed_hits":1247,"dup_confirmed":0,"hits_on_me":122,"pred_actions":288,"predicted_confirmed":116,"predicted_hits":277,"reconnects":0},"ev":"stats","hp":108.0,"in_bytes":5948087,"late":0,"local_entity":7,"match":{"countdown_until":300,"ctrl":-1,"final":true,"next":"","phase":3,"rot":2228,"scores":[45,26],"sd":false,"state":3,"tick":26572,"zone":"A"},"max_err":2.455,"mean_err":0.0199,"ms":449912,"out_bytes":1316695,"pending":10,"pos":[-39.14,1.0],"reconciles":8940,"server_tick":26870,"snaps":8955,"teleports":12}
[client] {"a":7,"dup":true,"ev":"game","ms":451093,"predicted":false,"t":1,"tick":26942,"type":"hit"}
[client] {"a":7,"dup":true,"ev":"game","ms":451162,"predicted":false,"t":0,"tick":26946,"type":"hit"}
[client] {"a":0,"dup":false,"ev":"game","ms":451245,"predicted":false,"t":-1,"tick":26946,"type":"ko"}
[client] {"a":7,"dup":true,"ev":"game","ms":451763,"predicted":false,"t":3,"tick":26982,"type":"hit"}
[client] {"a":3,"dup":false,"ev":"game","ms":452197,"predicted":false,"t":7,"tick":27003,"type":"hit"}
[client] {"a":1,"dup":false,"ev":"game","ms":452260,"predicted":false,"t":7,"tick":27007,"type":"hit"}
[client] {"a":4,"dup":false,"ev":"game","ms":452597,"predicted":false,"t":7,"tick":27027,"type":"hit"}
[client] {"a":1,"dup":false,"ev":"game","ms":452964,"predicted":false,"t":7,"tick":27049,"type":"hit"}
[client] {"a":5,"dup":false,"ev":"game","ms":454523,"predicted":false,"t":-1,"tick":27142,"type":"respawn"}
[client] {"a":8,"dup":false,"ev":"game","ms":454688,"predicted":false,"t":4,"tick":27152,"type":"hit"}
[client] {"counts":{"blocks_on_me":0,"conf_actions":275,"confirmed_hits":1255,"dup_confirmed":0,"hits_on_me":126,"pred_actions":298,"predicted_confirmed":119,"predicted_hits":285,"reconnects":0},"ev":"stats","hp":36.0,"in_bytes":6017000,"late":0,"local_entity":7,"match":{"countdown_until":300,"ctrl":-1,"final":true,"next":"","phase":3,"rot":1931,"scores":[45,26],"sd":false,"state":3,"tick":26869,"zone":"A"},"max_err":2.455,"mean_err":0.0201,"ms":454908,"out_bytes":1331395,"pending":10,"pos":[-40.17,0.2],"reconciles":9040,"server_tick":27170,"snaps":9054,"teleports":12}
[client] {"a":8,"dup":false,"ev":"game","ms":455005,"predicted":false,"t":4,"tick":27171,"type":"hit"}
[client] {"a":4,"dup":false,"ev":"game","ms":455358,"predicted":false,"t":8,"tick":27193,"type":"hit"}
[client] {"a":7,"dup":false,"ev":"game","ms":455675,"predicted":false,"t":-1,"tick":27217,"type":"ko"}
[client] {"a":3,"dup":false,"ev":"game","ms":455758,"predicted":false,"t":7,"tick":27217,"type":"hit"}
[client] {"a":4,"dup":false,"ev":"game","ms":455758,"predicted":false,"t":7,"tick":27217,"type":"hit"}
[client] {"a":6,"dup":false,"ev":"game","ms":456426,"predicted":false,"t":-1,"tick":27257,"type":"respawn"}
[client] {"a":3,"dup":false,"ev":"game","ms":456910,"predicted":false,"t":8,"tick":27286,"type":"hit"}
[client] {"a":1,"dup":false,"ev":"game","ms":457006,"predicted":false,"t":8,"tick":27292,"type":"hit"}
[client] {"a":3,"dup":false,"ev":"game","ms":457227,"predicted":false,"t":8,"tick":27305,"type":"hit"}
[client] {"a":1,"dup":false,"ev":"game","ms":457323,"predicted":false,"t":8,"tick":27311,"type":"hit"}
[client] {"a":4,"dup":false,"ev":"game","ms":457427,"predicted":false,"t":8,"tick":27317,"type":"hit"}
[client] {"a":1,"dup":false,"ev":"game","ms":458442,"predicted":false,"t":8,"tick":27378,"type":"hit"}
[client] {"a":1,"dup":false,"ev":"game","ms":458759,"predicted":false,"t":8,"tick":27397,"type":"hit"}
[client] {"a":2,"dup":false,"ev":"game","ms":458973,"predicted":false,"t":9,"tick":27410,"type":"hit"}
[client] {"a":1,"dup":false,"ev":"game","ms":459090,"predicted":false,"t":8,"tick":27417,"type":"hit"}
[client] {"counts":{"blocks_on_me":0,"conf_actions":276,"confirmed_hits":1268,"dup_confirmed":0,"hits_on_me":128,"pred_actions":299,"predicted_confirmed":119,"predicted_hits":287,"reconnects":0},"ev":"stats","hp":0.0,"in_bytes":6083659,"late":0,"local_entity":7,"match":{"countdown_until":300,"ctrl":-1,"final":true,"next":"","phase":3,"rot":1631,"scores":[45,26],"sd":false,"state":3,"tick":27169,"zone":"A"},"max_err":2.455,"mean_err":0.0199,"ms":459922,"out_bytes":1346095,"pending":10,"pos":[-40.18,0.02],"reconciles":9140,"server_tick":27470,"snaps":9154,"teleports":12}
[client] {"a":2,"dup":false,"ev":"game","ms":460041,"predicted":false,"t":9,"tick":27474,"type":"hit"}
[client] {"a":3,"dup":false,"ev":"game","ms":460808,"predicted":false,"t":8,"tick":27520,"type":"hit"}
[client] {"a":1,"dup":false,"ev":"game","ms":461160,"predicted":false,"t":8,"tick":27541,"type":"hit"}
[client] {"a":4,"dup":false,"ev":"game","ms":461242,"predicted":false,"t":8,"tick":27546,"type":"hit"}
[client] {"a":8,"dup":false,"ev":"game","ms":461242,"predicted":false,"t":-1,"tick":27546,"type":"ko"}
[client] {"a":0,"dup":false,"ev":"game","ms":461242,"predicted":false,"t":-1,"tick":27546,"type":"respawn"}
[client] {"a":2,"dup":false,"ev":"game","ms":461794,"predicted":false,"t":9,"tick":27579,"type":"hit"}
[client] {"a":2,"dup":false,"ev":"game","ms":462844,"predicted":false,"t":9,"tick":27642,"type":"hit"}
[client] {"a":1,"dup":false,"ev":"game","ms":463445,"predicted":false,"t":9,"tick":27678,"type":"hit"}
[client] {"a":9,"dup":false,"ev":"game","ms":464161,"predicted":false,"t":1,"tick":27721,"type":"hit"}
[client] {"a":9,"dup":false,"ev":"game","ms":464457,"predicted":false,"t":1,"tick":27739,"type":"hit"}
[client] {"a":9,"dup":false,"ev":"game","ms":464795,"predicted":false,"t":1,"tick":27759,"type":"hit"}
[client] {"a":1,"dup":false,"ev":"game","ms":464795,"predicted":false,"t":-1,"tick":27759,"type":"ko"}
[client] {"counts":{"blocks_on_me":0,"conf_actions":276,"confirmed_hits":1278,"dup_confirmed":0,"hits_on_me":128,"pred_actions":299,"predicted_confirmed":119,"predicted_hits":287,"reconnects":0},"ev":"stats","hp":0.0,"in_bytes":6150952,"late":0,"local_entity":7,"match":{"countdown_until":300,"ctrl":-1,"final":true,"next":"","phase":3,"rot":1328,"scores":[45,26],"sd":false,"state":3,"tick":27472,"zone":"A"},"max_err":2.455,"mean_err":0.0197,"ms":464912,"out_bytes":1360795,"pending":5,"pos":[-40.18,0.02],"reconciles":9240,"server_tick":27770,"snaps":9255,"teleports":12}
[client] {"a":7,"dup":false,"ev":"game","ms":465678,"predicted":false,"t":-1,"tick":27817,"type":"respawn"}
[client] {"a":5,"dup":false,"ev":"game","ms":465962,"predicted":false,"t":2,"tick":27829,"type":"hit"}
[client] {"a":9,"dup":false,"ev":"game","ms":466211,"predicted":false,"t":2,"tick":27844,"type":"hit"}
[client] {"a":5,"dup":false,"ev":"game","ms":467114,"predicted":false,"t":3,"tick":27898,"type":"hit"}
[client] {"a":5,"dup":false,"ev":"game","ms":467128,"predicted":false,"t":2,"tick":27899,"type":"hit"}
[client] {"a":5,"dup":false,"ev":"game","ms":467390,"predicted":false,"t":3,"tick":27915,"type":"hit"}
[client] {"a":2,"dup":false,"ev":"game","ms":467507,"predicted":false,"t":5,"tick":27922,"type":"hit"}
[client] {"a":9,"dup":false,"ev":"game","ms":467735,"predicted":false,"t":3,"tick":27936,"type":"hit"}
[client] {"a":9,"dup":false,"ev":"game","ms":467756,"predicted":false,"t":4,"tick":27937,"type":"hit"}
[client] {"a":5,"dup":false,"ev":"game","ms":467935,"predicted":false,"t":2,"tick":27948,"type":"hit"}
[client] {"a":5,"dup":false,"ev":"game","ms":468170,"predicted":false,"t":2,"tick":27962,"type":"hit"}
[client] {"a":2,"dup":false,"ev":"game","ms":468687,"predicted":false,"t":5,"tick":27993,"type":"hit"}
[client] {"a":2,"dup":false,"ev":"game","ms":469039,"predicted":false,"t":5,"tick":28014,"type":"hit"}
[client] {"a":2,"dup":false,"ev":"game","ms":469405,"predicted":false,"t":5,"tick":28036,"type":"hit"}
[client] {"a":2,"dup":false,"ev":"game","ms":469426,"predicted":false,"t":6,"tick":28037,"type":"hit"}
[client] {"a":3,"dup":false,"ev":"game","ms":469488,"predicted":false,"t":5,"tick":28041,"type":"hit"}
[client] {"a":9,"dup":false,"ev":"game","ms":469758,"predicted":false,"t":2,"tick":28057,"type":"hit"}
[client] {"a":4,"dup":false,"ev":"game","ms":469839,"predicted":false,"t":9,"tick":28062,"type":"hit"}
[client] {"a":6,"dup":false,"ev":"game","ms":469839,"predicted":false,"t":2,"tick":28062,"type":"hit"}
[client] {"counts":{"blocks_on_me":0,"conf_actions":277,"confirmed_hits":1296,"dup_confirmed":0,"hits_on_me":128,"pred_actions":299,"predicted_confirmed":119,"predicted_hits":287,"reconnects":0},"ev":"stats","hp":220.0,"in_bytes":6217155,"late":0,"local_entity":7,"match":{"countdown_until":300,"ctrl":-1,"final":true,"next":"","phase":3,"rot":1028,"scores":[45,26],"sd":false,"state":3,"tick":27772,"zone":"A"},"max_err":2.455,"mean_err":0.0195,"ms":469908,"out_bytes":1375495,"pending":5,"pos":[-0.43,25.68],"reconciles":9339,"server_tick":28070,"snaps":9355,"teleports":13}
[client] {"a":6,"dup":false,"ev":"game","ms":470170,"predicted":false,"t":2,"tick":28082,"type":"hit"}
[client] {"a":3,"dup":false,"ev":"game","ms":470391,"predicted":false,"t":6,"tick":28095,"type":"hit"}
[client] {"a":5,"dup":false,"ev":"game","ms":470723,"predicted":false,"t":3,"tick":28115,"type":"hit"}
[client] {"a":4,"dup":false,"ev":"game","ms":470936,"predicted":false,"t":9,"tick":28128,"type":"hit"}
[client] {"a":8,"dup":false,"ev":"game","ms":471240,"predicted":false,"t":-1,"tick":28146,"type":"respawn"}
[client] {"a":4,"dup":false,"ev":"game","ms":471274,"predicted":false,"t":9,"tick":28148,"type":"hit"}
[client] {"a":5,"dup":false,"ev":"game","ms":471288,"predicted":false,"t":4,"tick":28149,"type":"hit"}
[client] {"a":3,"dup":false,"ev":"game","ms":471357,"predicted":false,"t":5,"tick":28153,"type":"hit"}
[client] {"a":6,"dup":false,"ev":"game","ms":471523,"predicted":false,"t":4,"tick":28163,"type":"hit"}
[client] {"a":3,"dup":false,"ev":"game","ms":471710,"predicted":false,"t":5,"tick":28174,"type":"hit"}
[client] {"a":2,"dup":false,"ev":"game","ms":471723,"predicted":false,"t":5,"tick":28175,"type":"hit"}
[client] {"a":4,"dup":false,"ev":"game","ms":471889,"predicted":false,"t":5,"tick":28185,"type":"hit"}
[client] {"a":6,"dup":false,"ev":"game","ms":471889,"predicted":false,"t":3,"tick":28185,"type":"hit"}
[client] {"a":4,"dup":false,"ev":"game","ms":471944,"predicted":false,"t":6,"tick":28188,"type":"hit"}
[client] {"a":0,"dup":false,"ev":"game","ms":472323,"predicted":false,"t":6,"tick":28211,"type":"hit"}
[client] {"a":9,"dup":false,"ev":"game","ms":472358,"predicted":false,"t":4,"tick":28213,"type":"hit"}
[client] {"a":2,"dup":false,"ev":"game","ms":472489,"predicted":false,"t":9,"tick":28221,"type":"hit"}
[client] {"a":0,"dup":false,"ev":"game","ms":472641,"predicted":false,"t":6,"tick":28230,"type":"hit"}
[client] {"a":3,"dup":false,"ev":"game","ms":472744,"predicted":false,"t":6,"tick":28236,"type":"hit"}
[client] {"a":0,"dup":false,"ev":"game","ms":472972,"predicted":false,"t":6,"tick":28250,"type":"hit"}
[client] {"a":4,"dup":false,"ev":"game","ms":473055,"predicted":false,"t":5,"tick":28255,"type":"hit"}
[client] {"a":5,"dup":false,"ev":"game","ms":473055,"predicted":false,"t":-1,"tick":28255,"type":"ko"}
[client] {"a":9,"dup":false,"ev":"game","ms":473524,"predicted":false,"t":4,"tick":28283,"type":"hit"}
[client] {"a":0,"dup":false,"ev":"game","ms":473559,"predicted":false,"t":6,"tick":28285,"type":"hit"}
[client] {"a":9,"dup":false,"ev":"game","ms":473559,"predicted":false,"t":2,"tick":28285,"type":"hit"}
[client] {"a":9,"dup":false,"ev":"game","ms":473572,"predicted":false,"t":3,"tick":28286,"type":"hit"}
[client] {"a":6,"dup":false,"ev":"game","ms":473959,"predicted":false,"t":0,"tick":28309,"type":"hit"}
[client] {"a":6,"dup":false,"ev":"game","ms":474290,"predicted":false,"t":0,"tick":28329,"type":"hit"}
[client] {"a":4,"dup":false,"ev":"game","ms":474359,"predicted":false,"t":9,"tick":28333,"type":"hit"}
[client] {"a":9,"dup":false,"ev":"game","ms":474359,"predicted":false,"t":-1,"tick":28333,"type":"ko"}
[client] {"a":6,"dup":false,"ev":"game","ms":474656,"predicted":false,"t":0,"tick":28351,"type":"hit"}
[client] {"a":1,"dup":false,"ev":"game","ms":474793,"predicted":false,"t":-1,"tick":28359,"type":"respawn"}
[client] {"counts":{"blocks_on_me":0,"conf_actions":277,"confirmed_hits":1324,"dup_confirmed":0,"hits_on_me":128,"pred_actions":299,"predicted_confirmed":119,"predicted_hits":287,"reconnects":0},"ev":"stats","hp":220.0,"in_bytes":6287931,"late":0,"local_entity":7,"match":{"countdown_until":300,"ctrl":-1,"final":true,"next":"","phase":3,"rot":728,"scores":[45,26],"sd":false,"state":3,"tick":28072,"zone":"A"},"max_err":2.455,"mean_err":0.0193,"ms":474910,"out_bytes":1390195,"pending":5,"pos":[-28.27,8.08],"reconciles":9439,"server_tick":28370,"snaps":9455,"teleports":13}
[client] {"a":3,"dup":false,"ev":"game","ms":474911,"predicted":false,"t":6,"tick":28366,"type":"hit"}
[client] {"a":3,"dup":false,"ev":"game","ms":475256,"predicted":false,"t":6,"tick":28387,"type":"hit"}
[client] {"a":0,"dup":false,"ev":"game","ms":475491,"predicted":false,"t":6,"tick":28401,"type":"hit"}
[client] {"a":0,"dup":false,"ev":"game","ms":475795,"predicted":false,"t":6,"tick":28419,"type":"hit"}
[client] {"a":3,"dup":false,"ev":"game","ms":476160,"predicted":false,"t":6,"tick":28441,"type":"hit"}
[client] {"a":0,"dup":false,"ev":"game","ms":476256,"predicted":false,"t":6,"tick":28447,"type":"hit"}
[client] {"a":6,"dup":false,"ev":"game","ms":476256,"predicted":false,"t":-1,"tick":28447,"type":"ko"}
[client] {"a":7,"dup":true,"ev":"game","ms":477843,"predicted":false,"t":0,"tick":28547,"type":"hit"}
[client] {"a":7,"dup":true,"ev":"game","ms":477858,"predicted":false,"t":3,"tick":28548,"type":"hit"}
[client] {"a":3,"dup":false,"ev":"game","ms":477947,"predicted":false,"t":-1,"tick":28548,"type":"ko"}
[client] {"counts":{"blocks_on_me":0,"conf_actions":281,"confirmed_hits":1332,"dup_confirmed":0,"hits_on_me":128,"pred_actions":303,"predicted_confirmed":121,"predicted_hits":290,"reconnects":0},"ev":"stats","hp":220.0,"in_bytes":6351844,"late":0,"local_entity":7,"match":{"countdown_until":300,"ctrl":-1,"final":true,"next":"","phase":3,"rot":428,"scores":[45,26],"sd":false,"state":3,"tick":28372,"zone":"A"},"max_err":2.455,"mean_err":0.0191,"ms":479913,"out_bytes":1404895,"pending":5,"pos":[-40.38,0.77],"reconciles":9539,"server_tick":28670,"snaps":9555,"teleports":13}
[client] {"a":7,"dup":true,"ev":"game","ms":480011,"predicted":false,"t":4,"tick":28677,"type":"hit"}
[client] {"a":7,"dup":true,"ev":"game","ms":480520,"predicted":false,"t":4,"tick":28708,"type":"hit"}
[client] {"a":7,"dup":true,"ev":"game","ms":480929,"predicted":false,"t":4,"tick":28732,"type":"hit"}
[client] {"a":7,"dup":true,"ev":"game","ms":480976,"predicted":false,"t":0,"tick":28735,"type":"hit"}
[client] {"a":2,"dup":false,"ev":"game","ms":481128,"predicted":false,"t":7,"tick":28739,"type":"hit"}
[client] {"a":8,"dup":false,"ev":"game","ms":481376,"predicted":false,"t":4,"tick":28754,"type":"hit"}
[client] {"a":8,"dup":false,"ev":"game","ms":481694,"predicted":false,"t":4,"tick":28773,"type":"hit"}
[client] {"a":2,"dup":false,"ev":"game","ms":481749,"predicted":false,"t":8,"tick":28776,"type":"hit"}
[client] {"a":7,"dup":true,"ev":"game","ms":481915,"predicted":false,"t":2,"tick":28791,"type":"hit"}
[client] {"a":2,"dup":false,"ev":"game","ms":481997,"predicted":false,"t":-1,"tick":28791,"type":"ko"}
[client] {"a":4,"dup":false,"ev":"game","ms":482363,"predicted":false,"t":7,"tick":28813,"type":"hit"}
[client] {"a":4,"dup":false,"ev":"game","ms":482398,"predicted":false,"t":8,"tick":28815,"type":"hit"}
[client] {"a":5,"dup":false,"ev":"game","ms":483054,"predicted":false,"t":-1,"tick":28855,"type":"respawn"}
[client] {"a":7,"dup":true,"ev":"game","ms":483240,"predicted":false,"t":0,"tick":28871,"type":"hit"}
[client] {"a":7,"dup":true,"ev":"game","ms":483570,"predicted":false,"t":0,"tick":28891,"type":"hit"}
[client] {"a":4,"dup":false,"ev":"game","ms":484261,"predicted":false,"t":7,"tick":28927,"type":"hit"}
[client] {"a":9,"dup":false,"ev":"game","ms":484357,"predicted":false,"t":-1,"tick":28933,"type":"respawn"}
[client] {"a":0,"dup":false,"ev":"game","ms":484626,"predicted":false,"t":8,"tick":28949,"type":"hit"}
[client] {"counts":{"blocks_on_me":0,"conf_actions":290,"confirmed_hits":1347,"dup_confirmed":0,"hits_on_me":131,"pred_actions":312,"predicted_confirmed":128,"predicted_hits":300,"reconnects":0},"ev":"stats","hp":126.0,"in_bytes":6422647,"late":0,"local_entity":7,"match":{"countdown_until":300,"ctrl":-1,"final":true,"next":"","phase":3,"rot":128,"scores":[45,26],"sd":false,"state":3,"tick":28672,"zone":"A"},"max_err":2.455,"mean_err":0.0194,"ms":484908,"out_bytes":1419595,"pending":5,"pos":[-39.36,-0.26],"reconciles":9639,"server_tick":28970,"snaps":9655,"teleports":13}
[client] {"a":7,"dup":true,"ev":"game","ms":485040,"predicted":false,"t":4,"tick":28979,"type":"hit"}
[client] {"a":4,"dup":false,"ev":"game","ms":485544,"predicted":false,"t":7,"tick":29004,"type":"hit"}
[client] {"a":8,"dup":false,"ev":"game","ms":485758,"predicted":false,"t":4,"tick":29017,"type":"hit"}
[client] {"a":4,"dup":false,"ev":"game","ms":485758,"predicted":false,"t":-1,"tick":29017,"type":"ko"}
[client] {"a":7,"dup":true,"ev":"game","ms":486110,"predicted":false,"t":1,"tick":29043,"type":"hit"}
[client] {"a":0,"dup":false,"ev":"game","ms":486158,"predicted":false,"t":8,"tick":29041,"type":"hit"}
[client] {"a":6,"dup":false,"ev":"game","ms":486262,"predicted":false,"t":-1,"tick":29047,"type":"respawn"}
[client] {"duration_s":480.0,"ev":"results","ms":487185,"reason":"time","score":[45,26],"winner":0}
[client] {"counts":{"blocks_on_me":0,"conf_actions":293,"confirmed_hits":1352,"dup_confirmed":0,"hits_on_me":132,"pred_actions":316,"pERROR: Attempt to disconnect a nonexistent connection from 'Net:<Node#47596963389>'. Signal: 'tree_exited', callable: ''.
   at: _disconnect (core/object/object.cpp:1644)
redicted_confirmed":130,"predicted_hits":302,"reconnects":0},"ev":"stats","hp":108.0,"in_bytes":6454507,"late":0,"local_entity":7,"match":{"countdown_until":300,"ctrl":-1,"final":true,"next":"","phase":3,"rot":2,"scores":[45,26],"sd":false,"state":3,"tick":28798,"zone":"A"},"max_err":2.455,"mean_err":0.0193,"ms":487185,"out_bytes":1426308,"pending":13,"pos":[-39.4,-1.48],"reconciles":9682,"server_tick":29107,"snaps":9697,"teleports":13}
[client] {"a":-1,"dup":false,"ev":"game","ms":487193,"predicted":false,"t":-1,"tick":29099,"type":"match_end"}
