Godot Engine v4.7.2.stable.official.ed1daf0bf - https://godotengine.org

[client] {"detail":"127.0.0.1:24610","ev":"status","ms":0,"status":"connecting"}
[client] {"detail":"","ev":"status","ms":49,"status":"connected"}
[client] {"ev":"welcome","ms":57,"observer":false,"pid":7}
[client] {"ev":"pick","f":"hops","ms":180}
[client] {"ev":"lock","f":"hops","ms":981}
[client] {"ev":"match_setup","fighters":10,"ms":2019,"you":2}
[client] {"counts":{"blocks_on_me":0,"conf_actions":0,"confirmed_hits":0,"dup_confirmed":0,"hits_on_me":0,"pred_actions":0,"predicted_confirmed":0,"predicted_hits":0,"reconnects":0},"ev":"stats","hp":230.0,"in_bytes":96599,"late":0,"local_entity":2,"match":{"countdown_until":300,"ctrl":-1,"final":false,"next":"","phase":2,"rot":3600,"scores":[0,0],"sd":false,"state":1,"tick":0,"zone":""},"max_err":2.62,"mean_err":0.2798,"ms":4973,"out_bytes":8738,"pending":5,"pos":[-0.11,-47.86],"reconciles":58,"server_tick":177,"snaps":59,"teleports":1}
[client] {"counts":{"blocks_on_me":0,"conf_actions":0,"confirmed_hits":0,"dup_confirmed":0,"hits_on_me":0,"pred_actions":0,"predicted_confirmed":0,"predicted_hits":0,"reconnects":0},"ev":"stats","hp":230.0,"in_bytes":141821,"late":0,"local_entity":2,"match":{"countdown_until":300,"ctrl":-1,"final":false,"next":"","phase":3,"rot":3422,"scores":[0,0],"sd":false,"state":1,"tick":178,"zone":"B"},"max_err":2.62,"mean_err":0.2087,"ms":9969,"out_bytes":23438,"pending":8,"pos":[-1.72,-27.9],"reconciles":157,"server_tick":477,"snaps":159,"teleports":1}
[client] {"a":6,"dup":false,"ev":"game","ms":14572,"predicted":false,"t":1,"tick":749,"type":"hit"}
[client] {"counts":{"blocks_on_me":0,"conf_actions":1,"confirmed_hits":1,"dup_confirmed":0,"hits_on_me":0,"pred_actions":1,"predicted_confirmed":0,"predicted_hits":0,"reconnects":0},"ev":"stats","hp":230.0,"in_bytes":206586,"late":0,"local_entity":2,"match":{"countdown_until":300,"ctrl":-1,"final":false,"next":"","phase":3,"rot":3122,"scores":[0,0],"sd":false,"state":3,"tick":478,"zone":"B"},"max_err":2.62,"mean_err":0.1429,"ms":14971,"out_bytes":38138,"pending":5,"pos":[-4.94,-3.14],"reconciles":258,"server_tick":777,"snaps":259,"teleports":1}
[client] {"a":6,"dup":false,"ev":"game","ms":15572,"predicted":false,"t":3,"tick":809,"type":"hit"}
[client] {"a":0,"dup":false,"ev":"game","ms":15711,"predicted":false,"t":8,"tick":817,"type":"hit"}
[client] {"a":2,"dup":true,"ev":"game","ms":15827,"predicted":false,"t":9,"tick":829,"type":"hit"}
[client] {"a":7,"dup":false,"ev":"game","ms":16111,"predicted":false,"t":2,"tick":841,"type":"hit"}
[client] {"a":1,"dup":false,"ev":"game","ms":16173,"predicted":false,"t":6,"tick":845,"type":"hit"}
[client] {"a":9,"dup":false,"ev":"game","ms":16442,"predicted":false,"t":4,"tick":861,"type":"hit"}
[client] {"a":9,"dup":false,"ev":"game","ms":16476,"predicted":false,"t":3,"tick":863,"type":"hit"}
[client] {"a":7,"dup":false,"ev":"game","ms":16490,"predicted":false,"t":2,"tick":864,"type":"hit"}
[client] {"a":0,"dup":false,"ev":"game","ms":16628,"predicted":false,"t":8,"tick":872,"type":"hit"}
[client] {"a":5,"dup":false,"ev":"game","ms":16773,"predicted":false,"t":4,"tick":881,"type":"hit"}
[client] {"a":5,"dup":false,"ev":"game","ms":16828,"predicted":false,"t":3,"tick":884,"type":"hit"}
[client] {"a":1,"dup":false,"ev":"game","ms":17056,"predicted":false,"t":7,"tick":898,"type":"hit"}
[client] {"a":8,"dup":false,"ev":"game","ms":17422,"predicted":false,"t":3,"tick":920,"type":"hit"}
[client] {"a":1,"dup":false,"ev":"game","ms":17953,"predicted":false,"t":6,"tick":952,"type":"hit"}
[client] {"a":2,"dup":true,"ev":"game","ms":18057,"predicted":false,"t":6,"tick":963,"type":"hit"}
[client] {"a":3,"dup":false,"ev":"game","ms":18139,"predicted":false,"t":8,"tick":963,"type":"hit"}
[client] {"a":3,"dup":false,"ev":"game","ms":18484,"predicted":false,"t":8,"tick":984,"type":"hit"}
[client] {"a":1,"dup":false,"ev":"game","ms":18684,"predicted":false,"t":5,"tick":996,"type":"hit"}
[client] {"a":1,"dup":false,"ev":"game","ms":18684,"predicted":false,"t":6,"tick":996,"type":"hit"}
[client] {"a":1,"dup":false,"ev":"game","ms":18719,"predicted":false,"t":9,"tick":998,"type":"hit"}
[client] {"a":3,"dup":false,"ev":"game","ms":18802,"predicted":false,"t":8,"tick":1003,"type":"hit"}
[client] {"a":4,"dup":false,"ev":"game","ms":18884,"predicted":false,"t":5,"tick":1008,"type":"hit"}
[client] {"a":7,"dup":false,"ev":"game","ms":19306,"predicted":false,"t":1,"tick":1033,"type":"hit"}
[client] {"a":4,"dup":false,"ev":"game","ms":19353,"predicted":false,"t":5,"tick":1036,"type":"hit"}
[client] {"a":0,"dup":false,"ev":"game","ms":19375,"predicted":false,"t":5,"tick":1037,"type":"hit"}
[client] {"a":2,"dup":true,"ev":"game","ms":19375,"predicted":false,"t":7,"tick":1041,"type":"hit"}
[client] {"a":4,"dup":false,"ev":"game","ms":19402,"predicted":false,"t":6,"tick":1039,"type":"hit"}
[client] {"a":3,"dup":false,"ev":"game","ms":19485,"predicted":false,"t":8,"tick":1044,"type":"hit"}
[client] {"a":9,"dup":false,"ev":"game","ms":19588,"predicted":false,"t":4,"tick":1049,"type":"hit"}
[client] {"a":2,"dup":true,"ev":"game","ms":19624,"predicted":false,"t":7,"tick":1056,"type":"hit"}
[client] {"a":0,"dup":false,"ev":"game","ms":19685,"predicted":false,"t":9,"tick":1056,"type":"hit"}
[client] {"a":5,"dup":false,"ev":"game","ms":19788,"predicted":false,"t":4,"tick":1061,"type":"hit"}
[client] {"a":1,"dup":false,"ev":"game","ms":19906,"predicted":false,"t":6,"tick":1069,"type":"block"}
[client] {"counts":{"blocks_on_me":0,"conf_actions":9,"confirmed_hits":33,"dup_confirmed":0,"hits_on_me":2,"pred_actions":9,"predicted_confirmed":4,"predicted_hits":9,"reconnects":0},"ev":"stats","hp":194.0,"in_bytes":286455,"late":0,"local_entity":2,"match":{"countdown_until":300,"ctrl":-1,"final":false,"next":"","phase":3,"rot":2822,"scores":[0,0],"sd":false,"state":3,"tick":778,"zone":"B"},"max_err":2.62,"mean_err":0.1103,"ms":19974,"out_bytes":52838,"pending":8,"pos":[-2.32,-3.16],"reconciles":357,"server_tick":1077,"snaps":359,"teleports":1}
[client] {"a":5,"dup":false,"ev":"game","ms":20023,"predicted":false,"t":0,"tick":1075,"type":"hit"}
[client] {"a":5,"dup":false,"ev":"game","ms":20023,"predicted":false,"t":4,"tick":1075,"type":"hit"}
[client] {"a":9,"dup":false,"ev":"game","ms":20037,"predicted":false,"t":1,"tick":1076,"type":"hit"}
[client] {"a":5,"dup":false,"ev":"game","ms":20472,"predicted":false,"t":4,"tick":1103,"type":"hit"}
[client] {"a":2,"dup":true,"ev":"game","ms":20472,"predicted":false,"t":7,"tick":1108,"type":"hit"}
[client] {"a":1,"dup":false,"ev":"game","ms":20685,"predicted":false,"t":7,"tick":1116,"type":"hit"}
[client] {"a":5,"dup":false,"ev":"game","ms":20803,"predicted":false,"t":4,"tick":1122,"type":"hit"}
[client] {"a":5,"dup":false,"ev":"game","ms":20858,"predicted":false,"t":0,"tick":1125,"type":"hit"}
[client] {"a":8,"dup":false,"ev":"game","ms":20858,"predicted":false,"t":3,"tick":1125,"type":"hit"}
[client] {"a":5,"dup":false,"ev":"game","ms":21120,"predicted":false,"t":4,"tick":1142,"type":"hit"}
[client] {"a":5,"dup":false,"ev":"game","ms":21155,"predicted":false,"t":0,"tick":1144,"type":"hit"}
[client] {"a":1,"dup":false,"ev":"game","ms":21389,"predicted":false,"t":7,"tick":1157,"type":"hit"}
[client] {"a":2,"dup":true,"ev":"game","ms":21424,"predicted":false,"t":7,"tick":1164,"type":"hit"}
[client] {"a":8,"dup":false,"ev":"game","ms":21589,"predicted":false,"t":0,"tick":1169,"type":"hit"}
[client] {"a":4,"dup":false,"ev":"game","ms":21659,"predicted":false,"t":5,"tick":1174,"type":"hit"}
[client] {"a":9,"dup":false,"ev":"game","ms":22059,"predicted":false,"t":3,"tick":1198,"type":"hit"}
[client] {"a":1,"dup":false,"ev":"game","ms":22141,"predicted":false,"t":7,"tick":1203,"type":"hit"}
[client] {"a":8,"dup":false,"ev":"game","ms":22177,"predicted":false,"t":0,"tick":1205,"type":"hit"}
[client] {"a":2,"dup":true,"ev":"game","ms":22259,"predicted":false,"t":5,"tick":1215,"type":"hit"}
[client] {"a":5,"dup":false,"ev":"game","ms":22307,"predicted":false,"t":3,"tick":1213,"type":"hit"}
[client] {"a":0,"dup":false,"ev":"game","ms":22521,"predicted":false,"t":8,"tick":1226,"type":"hit"}
[client] {"a":9,"dup":false,"ev":"game","ms":22686,"predicted":false,"t":4,"tick":1236,"type":"hit"}
[client] {"a":7,"dup":false,"ev":"game","ms":22860,"predicted":false,"t":1,"tick":1245,"type":"hit"}
[client] {"a":8,"dup":false,"ev":"game","ms":22886,"predicted":false,"t":0,"tick":1248,"type":"hit"}
[client] {"a":3,"dup":false,"ev":"game","ms":23121,"predicted":false,"t":6,"tick":1262,"type":"hit"}
[client] {"a":0,"dup":false,"ev":"game","ms":23259,"predicted":false,"t":8,"tick":1269,"type":"hit"}
[client] {"a":3,"dup":false,"ev":"game","ms":23438,"predicted":false,"t":6,"tick":1280,"type":"hit"}
[client] {"a":1,"dup":false,"ev":"game","ms":23542,"predicted":false,"t":7,"tick":1287,"type":"hit"}
[client] {"a":9,"dup":false,"ev":"game","ms":23556,"predicted":false,"t":2,"tick":1288,"type":"hit"}
[client] {"a":8,"dup":false,"ev":"game","ms":23756,"predicted":false,"t":0,"tick":1300,"type":"hit"}
[client] {"a":5,"dup":false,"ev":"game","ms":23804,"predicted":false,"t":2,"tick":1303,"type":"hit"}
[client] {"a":5,"dup":false,"ev":"game","ms":23804,"predicted":false,"t":4,"tick":1303,"type":"hit"}
[client] {"a":7,"dup":false,"ev":"game","ms":23887,"predicted":false,"t":1,"tick":1308,"type":"hit"}
[client] {"a":9,"dup":false,"ev":"game","ms":24060,"predicted":false,"t":2,"tick":1318,"type":"hit"}
[client] {"a":3,"dup":false,"ev":"game","ms":24073,"predicted":false,"t":6,"tick":1319,"type":"hit"}
[client] {"a":3,"dup":false,"ev":"game","ms":24108,"predicted":false,"t":9,"tick":1321,"type":"hit"}
[client] {"a":0,"dup":false,"ev":"game","ms":24142,"predicted":false,"t":8,"tick":1323,"type":"hit"}
[client] {"a":7,"dup":false,"ev":"game","ms":24205,"predicted":false,"t":1,"tick":1327,"type":"hit"}
[client] {"a":5,"dup":false,"ev":"game","ms":24308,"predicted":false,"t":4,"tick":1333,"type":"hit"}
[client] {"a":2,"dup":true,"ev":"game","ms":24342,"predicted":false,"t":5,"tick":1340,"type":"hit"}
[client] {"a":8,"dup":false,"ev":"game","ms":24542,"predicted":false,"t":0,"tick":1347,"type":"hit"}
[client] {"a":2,"dup":true,"ev":"game","ms":24673,"predicted":false,"t":5,"tick":1360,"type":"hit"}
[client] {"a":2,"dup":true,"ev":"game","ms":24708,"predicted":false,"t":6,"tick":1362,"type":"hit"}
[client] {"a":4,"dup":false,"ev":"game","ms":24791,"predicted":false,"t":5,"tick":1362,"type":"hit"}
[client] {"a":4,"dup":false,"ev":"game","ms":24791,"predicted":false,"t":6,"tick":1362,"type":"hit"}
[client] {"a":7,"dup":false,"ev":"game","ms":24874,"predicted":false,"t":1,"tick":1367,"type":"hit"}
[client] {"counts":{"blocks_on_me":0,"conf_actions":16,"confirmed_hits":79,"dup_confirmed":0,"hits_on_me":5,"pred_actions":17,"predicted_confirmed":10,"predicted_hits":18,"reconnects":0},"ev":"stats","hp":140.0,"in_bytes":372182,"late":0,"local_entity":2,"match":{"countdown_until":300,"ctrl":-1,"final":false,"next":"","phase":3,"rot":2522,"scores":[0,0],"sd":false,"state":3,"tick":1078,"zone":"B"},"max_err":2.62,"mean_err":0.0893,"ms":24976,"out_bytes":67538,"pending":5,"pos":[0.93,-2.75],"reconciles":458,"server_tick":1377,"snaps":459,"teleports":1}
[client] {"a":3,"dup":false,"ev":"game","ms":25122,"predicted":false,"t":5,"tick":1382,"type":"hit"}
[client] {"a":5,"dup":false,"ev":"game","ms":25122,"predicted":false,"t":-1,"tick":1382,"type":"ko"}
[client] {"a":0,"dup":false,"ev":"game","ms":25405,"predicted":false,"t":6,"tick":1399,"type":"hit"}
[client] {"a":4,"dup":false,"ev":"game","ms":25474,"predicted":false,"t":6,"tick":1403,"type":"hit"}
[client] {"a":6,"dup":false,"ev":"game","ms":25474,"predicted":false,"t":-1,"tick":1403,"type":"ko"}
[client] {"a":0,"dup":false,"ev":"game","ms":25722,"predicted":false,"t":9,"tick":1418,"type":"hit"}
[client] {"a":0,"dup":false,"ev":"game","ms":26122,"predicted":false,"t":9,"tick":1442,"type":"hit"}
[client] {"a":4,"dup":false,"ev":"game","ms":26144,"predicted":false,"t":9,"tick":1443,"type":"hit"}
[client] {"a":1,"dup":false,"ev":"game","ms":26240,"predicted":false,"t":8,"tick":1449,"type":"hit"}
[client] {"a":8,"dup":false,"ev":"game","ms":26240,"predicted":false,"t":-1,"tick":1449,"type":"ko"}
[client] {"a":9,"dup":false,"ev":"game","ms":26474,"predicted":false,"t":0,"tick":1463,"type":"hit"}
[client] {"a":9,"dup":false,"ev":"game","ms":26778,"predicted":false,"t":0,"tick":1481,"type":"hit"}
[client] {"a":9,"dup":false,"ev":"game","ms":26806,"predicted":false,"t":4,"tick":1483,"type":"hit"}
[client] {"a":7,"dup":false,"ev":"game","ms":26854,"predicted":false,"t":1,"tick":1486,"type":"hit"}
[client] {"a":0,"dup":false,"ev":"game","ms":27116,"predicted":false,"t":9,"tick":1502,"type":"hit"}
[client] {"a":4,"dup":false,"ev":"game","ms":27351,"predicted":false,"t":9,"tick":1516,"type":"hit"}
[client] {"a":2,"dup":true,"ev":"game","ms":27538,"predicted":false,"t":9,"tick":1532,"type":"hit"}
[client] {"a":7,"dup":false,"ev":"game","ms":27972,"predicted":false,"t":3,"tick":1553,"type":"hit"}
[client] {"a":3,"dup":false,"ev":"game","ms":28455,"predicted":false,"t":7,"tick":1582,"type":"hit"}
[client] {"a":4,"dup":false,"ev":"game","ms":28800,"predicted":false,"t":7,"tick":1603,"type":"hit"}
[client] {"a":7,"dup":false,"ev":"game","ms":28800,"predicted":false,"t":-1,"tick":1603,"type":"ko"}
[client] {"a":0,"dup":false,"ev":"game","ms":29704,"predicted":false,"t":9,"tick":1657,"type":"hit"}
[client] {"a":9,"dup":false,"ev":"game","ms":29704,"predicted":false,"t":-1,"tick":1657,"type":"ko"}
[client] {"counts":{"blocks_on_me":0,"conf_actions":21,"confirmed_hits":97,"dup_confirmed":0,"hits_on_me":5,"pred_actions":22,"predicted_confirmed":11,"predicted_hits":22,"reconnects":0},"ev":"stats","hp":140.0,"in_bytes":440006,"late":0,"local_entity":2,"match":{"countdown_until":300,"ctrl":0,"final":false,"next":"","phase":3,"rot":2222,"scores":[0,0],"sd":false,"state":2,"tick":1378,"zone":"B"},"max_err":2.62,"mean_err":0.0792,"ms":29972,"out_bytes":82238,"pending":5,"pos":[1.05,-3.23],"reconciles":558,"server_tick":1678,"snaps":559,"teleports":1}
[client] {"counts":{"blocks_on_me":0,"conf_actions":21,"confirmed_hits":97,"dup_confirmed":0,"hits_on_me":5,"pred_actions":22,"predicted_confirmed":11,"predicted_hits":22,"reconnects":0},"ev":"stats","hp":140.0,"in_bytes":488989,"late":0,"local_entity":2,"match":{"countdown_until":300,"ctrl":0,"final":false,"next":"","phase":3,"rot":1922,"scores":[5,0],"sd":false,"state":2,"tick":1678,"zone":"B"},"max_err":2.62,"mean_err":0.0843,"ms":34974,"out_bytes":96938,"pending":5,"pos":[0.57,-3.03],"reconciles":658,"server_tick":1978,"snaps":659,"teleports":1}
[client] {"a":5,"dup":false,"ev":"game","ms":35120,"predicted":false,"t":-1,"tick":1982,"type":"respawn"}
[client] {"a":6,"dup":false,"ev":"game","ms":35472,"predicted":false,"t":-1,"tick":2003,"type":"respawn"}
[client] {"a":8,"dup":false,"ev":"game","ms":36238,"predicted":false,"t":-1,"tick":2049,"type":"respawn"}
[client] {"a":7,"dup":false,"ev":"game","ms":38812,"predicted":false,"t":-1,"tick":2203,"type":"respawn"}
[client] {"a":9,"dup":false,"ev":"game","ms":39709,"predicted":false,"t":-1,"tick":2257,"type":"respawn"}
[client] {"counts":{"blocks_on_me":0,"conf_actions":21,"confirmed_hits":97,"dup_confirmed":0,"hits_on_me":5,"pred_actions":22,"predicted_confirmed":11,"predicted_hits":22,"reconnects":0},"ev":"stats","hp":221.600000000003,"in_bytes":541768,"late":0,"local_entity":2,"match":{"countdown_until":300,"ctrl":0,"final":false,"next":"","phase":3,"rot":1622,"scores":[10,0],"sd":false,"state":2,"tick":1978,"zone":"B"},"max_err":2.62,"mean_err":0.0883,"ms":39977,"out_bytes":111638,"pending":5,"pos":[0.49,-2.93],"reconciles":758,"server_tick":2277,"snaps":759,"teleports":1}
[client] {"a":1,"dup":false,"ev":"game","ms":43187,"predicted":false,"t":5,"tick":2466,"type":"hit"}
[client] {"a":8,"dup":false,"ev":"game","ms":43256,"predicted":false,"t":3,"tick":2470,"type":"hit"}
[client] {"a":1,"dup":false,"ev":"game","ms":43787,"predicted":false,"t":8,"tick":2502,"type":"hit"}
[client] {"a":8,"dup":false,"ev":"game","ms":44174,"predicted":false,"t":3,"tick":2525,"type":"hit"}
[client] {"a":6,"dup":false,"ev":"game","ms":44270,"predicted":false,"t":3,"tick":2531,"type":"hit"}
[client] {"a":1,"dup":false,"ev":"game","ms":44691,"predicted":false,"t":8,"tick":2556,"type":"hit"}
[client] {"counts":{"blocks_on_me":0,"conf_actions":22,"confirmed_hits":103,"dup_confirmed":0,"hits_on_me":5,"pred_actions":24,"predicted_confirmed":11,"predicted_hits":22,"reconnects":0},"ev":"stats","hp":230.0,"in_bytes":609430,"late":0,"local_entity":2,"match":{"countdown_until":300,"ctrl":-1,"final":false,"next":"","phase":3,"rot":1322,"scores":[11,0],"sd":false,"state":3,"tick":2278,"zone":"B"},"max_err":2.62,"mean_err":0.0871,"ms":44973,"out_bytes":126338,"pending":5,"pos":[1.69,-5.71],"reconciles":858,"server_tick":2577,"snaps":859,"teleports":1}
[client] {"a":2,"dup":true,"ev":"game","ms":45154,"predicted":false,"t":5,"tick":2589,"type":"hit"}
[client] {"a":6,"dup":false,"ev":"game","ms":45257,"predicted":false,"t":1,"tick":2590,"type":"hit"}
[client] {"a":2,"dup":true,"ev":"game","ms":45492,"predicted":false,"t":5,"tick":2609,"type":"hit"}
[client] {"a":6,"dup":false,"ev":"game","ms":45588,"predicted":false,"t":1,"tick":2610,"type":"hit"}
[client] {"a":8,"dup":false,"ev":"game","ms":45906,"predicted":false,"t":1,"tick":2629,"type":"hit"}
[client] {"a":4,"dup":false,"ev":"game","ms":45926,"predicted":false,"t":6,"tick":2630,"type":"hit"}
[client] {"a":5,"dup":false,"ev":"game","ms":45926,"predicted":false,"t":2,"tick":2630,"type":"hit"}
[client] {"a":2,"dup":true,"ev":"game","ms":46223,"predicted":false,"t":5,"tick":2653,"type":"hit"}
[client] {"a":4,"dup":false,"ev":"game","ms":46237,"predicted":false,"t":6,"tick":2649,"type":"hit"}
[client] {"a":2,"dup":true,"ev":"game","ms":46458,"predicted":false,"t":5,"tick":2667,"type":"hit"}
[client] {"a":6,"dup":false,"ev":"game","ms":47977,"predicted":false,"t":4,"tick":2753,"type":"hit"}
[client] {"a":3,"dup":false,"ev":"game","ms":47990,"predicted":false,"t":9,"tick":2754,"type":"hit"}
[client] {"a":0,"dup":false,"ev":"game","ms":48293,"predicted":false,"t":6,"tick":2772,"type":"hit"}
[client] {"a":1,"dup":false,"ev":"game","ms":48424,"predicted":false,"t":7,"tick":2780,"type":"hit"}
[client] {"a":6,"dup":false,"ev":"game","ms":48659,"predicted":false,"t":4,"tick":2794,"type":"hit"}
[client] {"a":7,"dup":false,"ev":"game","ms":48824,"predicted":false,"t":4,"tick":2804,"type":"hit"}
[client] {"a":2,"dup":true,"ev":"game","ms":48859,"predicted":false,"t":5,"tick":2811,"type":"hit"}
[client] {"a":0,"dup":false,"ev":"game","ms":48942,"predicted":false,"t":6,"tick":2811,"type":"hit"}
[client] {"a":0,"dup":false,"ev":"game","ms":48990,"predicted":false,"t":7,"tick":2814,"type":"hit"}
[client] {"a":1,"dup":false,"ev":"game","ms":49052,"predicted":false,"t":7,"tick":2818,"type":"hit"}
[client] {"a":1,"dup":false,"ev":"game","ms":49087,"predicted":false,"t":6,"tick":2820,"type":"hit"}
[client] {"a":8,"dup":false,"ev":"game","ms":49322,"predicted":false,"t":2,"tick":2834,"type":"hit"}
[client] {"a":9,"dup":false,"ev":"game","ms":49404,"predicted":false,"t":4,"tick":2838,"type":"block"}
[client] {"a":6,"dup":false,"ev":"game","ms":49707,"predicted":false,"t":2,"tick":2857,"type":"hit"}
[client] {"a":0,"dup":false,"ev":"game","ms":49722,"predicted":false,"t":7,"tick":2858,"type":"hit"}
[client] {"a":0,"dup":false,"ev":"game","ms":49749,"predicted":false,"t":6,"tick":2860,"type":"hit"}
[client] {"a":1,"dup":false,"ev":"game","ms":49901,"predicted":false,"t":9,"tick":2869,"type":"hit"}
[client] {"counts":{"blocks_on_me":0,"conf_actions":31,"confirmed_hits":129,"dup_confirmed":0,"hits_on_me":8,"pred_actions":32,"predicted_confirmed":16,"predicted_hits":32,"reconnects":0},"ev":"stats","hp":156.0,"in_bytes":688140,"late":0,"local_entity":2,"match":{"countdown_until":300,"ctrl":-1,"final":false,"next":"","phase":3,"rot":1022,"scores":[11,0],"sd":false,"state":3,"tick":2578,"zone":"B"},"max_err":2.62,"mean_err":0.0822,"ms":49969,"out_bytes":141038,"pending":8,"pos":[-1.42,-4.01],"reconciles":957,"server_tick":2877,"snaps":959,"teleports":1}
[client] {"a":7,"dup":false,"ev":"game","ms":50039,"predicted":false,"t":0,"tick":2877,"type":"hit"}
[client] {"a":7,"dup":false,"ev":"game","ms":50054,"predicted":false,"t":4,"tick":2878,"type":"hit"}
[client] {"a":7,"dup":false,"ev":"game","ms":50123,"predicted":false,"t":3,"tick":2882,"type":"hit"}
[client] {"a":2,"dup":true,"ev":"game","ms":50123,"predicted":false,"t":6,"tick":2886,"type":"hit"}
[client] {"a":2,"dup":true,"ev":"game","ms":50123,"predicted":false,"t":7,"tick":2886,"type":"hit"}
[client] {"a":1,"dup":false,"ev":"game","ms":50239,"predicted":false,"t":9,"tick":2889,"type":"hit"}
[client] {"a":2,"dup":true,"ev":"game","ms":50439,"predicted":false,"t":7,"tick":2906,"type":"hit"}
[client] {"a":5,"dup":false,"ev":"game","ms":50467,"predicted":false,"t":0,"tick":2902,"type":"hit"}
[client] {"a":5,"dup":false,"ev":"game","ms":50467,"predicted":false,"t":4,"tick":2902,"type":"hit"}
[client] {"a":8,"dup":false,"ev":"game","ms":50501,"predicted":false,"t":3,"tick":2904,"type":"hit"}
[client] {"a":1,"dup":false,"ev":"game","ms":50570,"predicted":false,"t":9,"tick":2908,"type":"hit"}
[client] {"a":6,"dup":false,"ev":"game","ms":50584,"predicted":false,"t":2,"tick":2909,"type":"hit"}
[client] {"a":3,"dup":false,"ev":"game","ms":50819,"predicted":false,"t":5,"tick":2923,"type":"hit"}
[client] {"a":3,"dup":false,"ev":"game","ms":50819,"predicted":false,"t":9,"tick":2923,"type":"hit"}
[client] {"a":8,"dup":false,"ev":"game","ms":50839,"predicted":false,"t":3,"tick":2924,"type":"hit"}
[client] {"a":2,"dup":true,"ev":"game","ms":50867,"predicted":false,"t":9,"tick":2931,"type":"hit"}
[client] {"a":7,"dup":false,"ev":"game","ms":50936,"predicted":false,"t":1,"tick":2930,"type":"hit"}
[client] {"a":7,"dup":false,"ev":"game","ms":50936,"predicted":false,"t":4,"tick":2930,"type":"hit"}
[client] {"a":0,"dup":false,"ev":"game","ms":51039,"predicted":false,"t":7,"tick":2936,"type":"hit"}
[client] {"a":5,"dup":false,"ev":"game","ms":51205,"predicted":false,"t":2,"tick":2946,"type":"hit"}
[client] {"a":1,"dup":false,"ev":"game","ms":51322,"predicted":false,"t":7,"tick":2953,"type":"hit"}
[client] {"a":6,"dup":false,"ev":"game","ms":51322,"predicted":false,"t":2,"tick":2953,"type":"hit"}
[client] {"a":8,"dup":false,"ev":"game","ms":51523,"predicted":false,"t":2,"tick":2965,"type":"hit"}
[client] {"a":1,"dup":false,"ev":"game","ms":51550,"predicted":false,"t":7,"tick":2967,"type":"hit"}
[client] {"a":5,"dup":false,"ev":"game","ms":51571,"predicted":false,"t":2,"tick":2968,"type":"hit"}
[client] {"a":1,"dup":false,"ev":"game","ms":51585,"predicted":false,"t":6,"tick":2969,"type":"hit"}
[client] {"a":8,"dup":false,"ev":"game","ms":51605,"predicted":false,"t":3,"tick":2970,"type":"hit"}
[client] {"a":2,"dup":true,"ev":"game","ms":51888,"predicted":false,"t":5,"tick":2993,"type":"hit"}
[client] {"a":2,"dup":true,"ev":"game","ms":51888,"predicted":false,"t":9,"tick":2993,"type":"hit"}
[client] {"a":1,"dup":false,"ev":"game","ms":52019,"predicted":false,"t":6,"tick":2995,"type":"hit"}
[client] {"a":1,"dup":false,"ev":"game","ms":52440,"predicted":false,"t":6,"tick":3020,"type":"block"}
[client] {"a":4,"dup":false,"ev":"game","ms":52668,"predicted":false,"t":6,"tick":3034,"type":"block"}
[client] {"a":1,"dup":false,"ev":"game","ms":52750,"predicted":false,"t":6,"tick":3039,"type":"block"}
[client] {"a":3,"dup":false,"ev":"game","ms":52840,"predicted":false,"t":6,"tick":3044,"type":"block"}
[client] {"a":8,"dup":false,"ev":"game","ms":52840,"predicted":false,"t":2,"tick":3044,"type":"hit"}
[client] {"a":3,"dup":false,"ev":"game","ms":53137,"predicted":false,"t":6,"tick":3062,"type":"hit"}
[client] {"a":8,"dup":false,"ev":"game","ms":53240,"predicted":false,"t":4,"tick":3068,"type":"hit"}
[client] {"a":7,"dup":false,"ev":"game","ms":53409,"predicted":false,"t":3,"tick":3078,"type":"hit"}
[client] {"a":3,"dup":false,"ev":"game","ms":53409,"predicted":false,"t":-1,"tick":3078,"type":"ko"}
[client] {"a":7,"dup":false,"ev":"game","ms":53454,"predicted":false,"t":0,"tick":3081,"type":"hit"}
[client] {"a":8,"dup":false,"ev":"game","ms":53469,"predicted":false,"t":4,"tick":3082,"type":"hit"}
[client] {"a":6,"dup":false,"ev":"game","ms":53503,"predicted":false,"t":1,"tick":3084,"type":"hit"}
[client] {"a":8,"dup":false,"ev":"game","ms":53537,"predicted":false,"t":0,"tick":3086,"type":"hit"}
[client] {"a":6,"dup":false,"ev":"game","ms":53820,"predicted":false,"t":1,"tick":3104,"type":"hit"}
[client] {"a":6,"dup":false,"ev":"game","ms":53868,"predicted":false,"t":4,"tick":3107,"type":"hit"}
[client] {"a":4,"dup":false,"ev":"game","ms":53868,"predicted":false,"t":-1,"tick":3107,"type":"ko"}
[client] {"a":8,"dup":false,"ev":"game","ms":53972,"predicted":false,"t":2,"tick":3113,"type":"hit"}
[client] {"a":7,"dup":false,"ev":"game","ms":54055,"predicted":false,"t":1,"tick":3118,"type":"hit"}
[client] {"a":2,"dup":false,"ev":"game","ms":54220,"predicted":false,"t":-1,"tick":3133,"type":"ko"}
[client] {"a":6,"dup":false,"ev":"game","ms":54255,"predicted":false,"t":1,"tick":3130,"type":"hit"}
[client] {"a":1,"dup":false,"ev":"game","ms":54255,"predicted":false,"t":-1,"tick":3130,"type":"ko"}
[client] {"a":8,"dup":false,"ev":"game","ms":54303,"predicted":false,"t":2,"tick":3133,"type":"hit"}
[client] {"a":8,"dup":false,"ev":"game","ms":54807,"predicted":false,"t":0,"tick":3163,"type":"hit"}
[client] {"counts":{"blocks_on_me":0,"conf_actions":41,"confirmed_hits":174,"dup_confirmed":0,"hits_on_me":16,"pred_actions":43,"predicted_confirmed":22,"predicted_hits":51,"reconnects":0},"ev":"stats","hp":0.0,"in_bytes":775585,"late":0,"local_entity":2,"match":{"countdown_until":300,"ctrl":-1,"final":false,"next":"A","phase":3,"rot":722,"scores":[11,0],"sd":false,"state":3,"tick":2878,"zone":"B"},"max_err":2.62,"mean_err":0.0828,"ms":54971,"out_bytes":155738,"pending":5,"pos":[-1.91,-2.07],"reconciles":1058,"server_tick":3177,"snaps":1059,"teleports":1}
[client] {"a":0,"dup":false,"ev":"game","ms":55586,"predicted":false,"t":7,"tick":3210,"type":"hit"}
[client] {"a":7,"dup":false,"ev":"game","ms":55586,"predicted":false,"t":-1,"tick":3210,"type":"ko"}
[client] {"a":0,"dup":false,"ev":"game","ms":55608,"predicted":false,"t":6,"tick":3211,"type":"hit"}
[client] {"a":0,"dup":false,"ev":"game","ms":56587,"predicted":false,"t":8,"tick":3270,"type":"hit"}
[client] {"a":9,"dup":false,"ev":"game","ms":56925,"predicted":false,"t":0,"tick":3290,"type":"hit"}
[client] {"a":9,"dup":false,"ev":"game","ms":57305,"predicted":false,"t":0,"tick":3313,"type":"hit"}
[client] {"a":0,"dup":false,"ev":"game","ms":57305,"predicted":false,"t":-1,"tick":3313,"type":"ko"}
[client] {"counts":{"blocks_on_me":0,"conf_actions":41,"confirmed_hits":179,"dup_confirmed":0,"hits_on_me":16,"pred_actions":43,"predicted_confirmed":22,"predicted_hits":51,"reconnects":0},"ev":"stats","hp":0.0,"in_bytes":832701,"late":0,"local_entity":2,"match":{"countdown_until":300,"ctrl":1,"final":false,"next":"A","phase":3,"rot":422,"scores":[11,2],"sd":false,"state":2,"tick":3178,"zone":"B"},"max_err":2.62,"mean_err":0.0756,"ms":59974,"out_bytes":170438,"pending":5,"pos":[-1.91,-2.07],"reconciles":1158,"server_tick":3477,"snaps":1159,"teleports":1}
[client] {"a":3,"dup":false,"ev":"game","ms":63390,"predicted":false,"t":-1,"tick":3678,"type":"respawn"}
[client] {"a":4,"dup":false,"ev":"game","ms":63873,"predicted":false,"t":-1,"tick":3707,"type":"respawn"}
[client] {"a":2,"dup":false,"ev":"game","ms":64225,"predicted":false,"t":-1,"tick":3733,"type":"respawn"}
[client] {"a":1,"dup":false,"ev":"game","ms":64260,"predicted":false,"t":-1,"tick":3730,"type":"respawn"}
[client] {"counts":{"blocks_on_me":0,"conf_actions":41,"confirmed_hits":179,"dup_confirmed":0,"hits_on_me":16,"pred_actions":43,"predicted_confirmed":22,"predicted_hits":51,"reconnects":0},"ev":"stats","hp":230.0,"in_bytes":882481,"late":0,"local_entity":2,"match":{"countdown_until":300,"ctrl":1,"final":false,"next":"A","phase":3,"rot":122,"scores":[11,7],"sd":false,"state":2,"tick":3478,"zone":"B"},"max_err":2.62,"mean_err":0.0697,"ms":64976,"out_bytes":185138,"pending":5,"pos":[-5.12,-44.2],"reconciles":1257,"server_tick":3777,"snaps":1259,"teleports":2}
[client] {"a":7,"dup":false,"ev":"game","ms":65584,"predicted":false,"t":-1,"tick":3810,"type":"respawn"}
[client] {"a":-1,"dup":false,"ev":"game","ms":67075,"predicted":false,"t":-1,"tick":3899,"type":"zone_rotated"}
[client] {"a":0,"dup":false,"ev":"game","ms":67302,"predicted":false,"t":-1,"tick":3913,"type":"respawn"}
[client] {"counts":{"blocks_on_me":0,"conf_actions":41,"confirmed_hits":179,"dup_confirmed":0,"hits_on_me":16,"pred_actions":43,"predicted_confirmed":22,"predicted_hits":51,"reconnects":0},"ev":"stats","hp":230.0,"in_bytes":941939,"late":0,"local_entity":2,"match":{"countdown_until":300,"ctrl":-1,"final":false,"next":"","phase":3,"rot":3422,"scores":[11,9],"sd":false,"state":1,"tick":3778,"zone":"A"},"max_err":2.62,"mean_err":0.0646,"ms":69972,"out_bytes":199838,"pending":5,"pos":[-15.07,-19.04],"reconciles":1357,"server_tick":4077,"snaps":1359,"teleports":2}
[client] {"counts":{"blocks_on_me":0,"conf_actions":42,"confirmed_hits":179,"dup_confirmed":0,"hits_on_me":16,"pred_actions":44,"predicted_confirmed":22,"predicted_hits":51,"reconnects":0},"ev":"stats","hp":230.0,"in_bytes":1004806,"late":0,"local_entity":2,"match":{"countdown_until":300,"ctrl":-1,"final":false,"next":"","phase":3,"rot":3122,"scores":[11,10],"sd":false,"state":3,"tick":4078,"zone":"A"},"max_err":2.62,"mean_err":0.0616,"ms":74969,"out_bytes":214538,"pending":5,"pos":[-37.37,-2.5],"reconciles":1457,"server_tick":4377,"snaps":1459,"teleports":2}
[client] {"a":3,"dup":false,"ev":"game","ms":75420,"predicted":false,"t":6,"tick":4400,"type":"hit"}
[client] {"a":9,"dup":false,"ev":"game","ms":75536,"predicted":false,"t":3,"tick":4407,"type":"hit"}
[client] {"a":9,"dup":false,"ev":"game","ms":75570,"predicted":false,"t":4,"tick":4409,"type":"hit"}
[client] {"a":9,"dup":false,"ev":"game","ms":75591,"predicted":false,"t":1,"tick":4410,"type":"hit"}
[client] {"a":3,"dup":false,"ev":"game","ms":75853,"predicted":false,"t":6,"tick":4426,"type":"hit"}
[client] {"a":1,"dup":false,"ev":"game","ms":76005,"predicted":false,"t":9,"tick":4435,"type":"hit"}
[client] {"a":6,"dup":false,"ev":"game","ms":76219,"predicted":false,"t":3,"tick":4448,"type":"hit"}
[client] {"a":1,"dup":false,"ev":"game","ms":76240,"predicted":false,"t":9,"tick":4449,"type":"hit"}
[client] {"a":1,"dup":false,"ev":"game","ms":76254,"predicted":false,"t":6,"tick":4450,"type":"hit"}
[client] {"a":4,"dup":false,"ev":"game","ms":76323,"predicted":false,"t":6,"tick":4454,"type":"hit"}
[client] {"a":4,"dup":false,"ev":"game","ms":76323,"predicted":false,"t":9,"tick":4454,"type":"hit"}
[client] {"a":8,"dup":false,"ev":"game","ms":76323,"predicted":false,"t":3,"tick":4454,"type":"hit"}
[client] {"a":4,"dup":false,"ev":"game","ms":76654,"predicted":false,"t":6,"tick":4474,"type":"hit"}
[client] {"a":9,"dup":false,"ev":"game","ms":76690,"predicted":false,"t":4,"tick":4475,"type":"hit"}
[client] {"a":8,"dup":false,"ev":"game","ms":76736,"predicted":false,"t":4,"tick":4479,"type":"hit"}
[client] {"a":3,"dup":false,"ev":"game","ms":76771,"predicted":false,"t":6,"tick":4481,"type":"hit"}
[client] {"a":1,"dup":false,"ev":"game","ms":77054,"predicted":false,"t":6,"tick":4497,"type":"hit"}
[client] {"a":1,"dup":false,"ev":"game","ms":77137,"predicted":false,"t":8,"tick":4502,"type":"hit"}
[client] {"a":9,"dup":false,"ev":"game","ms":77276,"predicted":false,"t":1,"tick":4510,"type":"hit"}
[client] {"a":3,"dup":false,"ev":"game","ms":77523,"predicted":false,"t":6,"tick":4526,"type":"hit"}
[client] {"a":1,"dup":false,"ev":"game","ms":77641,"predicted":false,"t":9,"tick":4532,"type":"hit"}
[client] {"a":2,"dup":true,"ev":"game","ms":77641,"predicted":false,"t":9,"tick":4537,"type":"hit"}
[client] {"a":7,"dup":false,"ev":"game","ms":77710,"predicted":false,"t":1,"tick":4537,"type":"hit"}
[client] {"a":4,"dup":false,"ev":"game","ms":77910,"predicted":false,"t":7,"tick":4549,"type":"hit"}
[client] {"a":6,"dup":false,"ev":"game","ms":78041,"predicted":false,"t":1,"tick":4557,"type":"hit"}
[client] {"a":6,"dup":false,"ev":"game","ms":78455,"predicted":false,"t":1,"tick":4582,"type":"hit"}
[client] {"a":6,"dup":false,"ev":"game","ms":78510,"predicted":false,"t":3,"tick":4585,"type":"hit"}
[client] {"a":4,"dup":false,"ev":"game","ms":78524,"predicted":false,"t":7,"tick":4586,"type":"hit"}
[client] {"a":2,"dup":true,"ev":"game","ms":78593,"predicted":false,"t":9,"tick":4595,"type":"hit"}
[client] {"a":2,"dup":true,"ev":"game","ms":78710,"predicted":false,"t":7,"tick":4601,"type":"hit"}
[client] {"a":1,"dup":false,"ev":"game","ms":78807,"predicted":false,"t":6,"tick":4603,"type":"block"}
[client] {"a":4,"dup":false,"ev":"game","ms":78855,"predicted":false,"t":7,"tick":4606,"type":"hit"}
[client] {"a":1,"dup":false,"ev":"game","ms":79241,"predicted":false,"t":6,"tick":4628,"type":"block"}
[client] {"a":0,"dup":false,"ev":"game","ms":79338,"predicted":false,"t":6,"tick":4635,"type":"hit"}
[client] {"a":8,"dup":false,"ev":"game","ms":79393,"predicted":false,"t":4,"tick":4638,"type":"hit"}
[client] {"a":9,"dup":false,"ev":"game","ms":79393,"predicted":false,"t":4,"tick":4638,"type":"hit"}
[client] {"a":5,"dup":false,"ev":"game","ms":79711,"predicted":false,"t":4,"tick":4657,"type":"hit"}
[client] {"a":6,"dup":false,"ev":"game","ms":79711,"predicted":false,"t":1,"tick":4657,"type":"hit"}
[client] {"a":2,"dup":true,"ev":"game","ms":79828,"predicted":false,"t":9,"tick":4668,"type":"hit"}
[client] {"a":3,"dup":false,"ev":"game","ms":79842,"predicted":false,"t":6,"tick":4664,"type":"hit"}
[client] {"a":9,"dup":false,"ev":"game","ms":79890,"predicted":false,"t":4,"tick":4667,"type":"hit"}
[client] {"a":0,"dup":false,"ev":"game","ms":79938,"predicted":false,"t":6,"tick":4671,"type":"hit"}
[client] {"a":5,"dup":false,"ev":"game","ms":79938,"predicted":false,"t":4,"tick":4671,"type":"hit"}
[client] {"counts":{"blocks_on_me":0,"conf_actions":48,"confirmed_hits":220,"dup_confirmed":0,"hits_on_me":16,"pred_actions":51,"predicted_confirmed":26,"predicted_hits":57,"reconnects":0},"ev":"stats","hp":230.0,"in_bytes":1085233,"late":0,"local_entity":2,"match":{"countdown_until":300,"ctrl":-1,"final":false,"next":"","phase":3,"rot":2822,"scores":[11,10],"sd":false,"state":3,"tick":4378,"zone":"A"},"max_err":2.62,"mean_err":0.0597,"ms":79972,"out_bytes":229238,"pending":5,"pos":[-41.53,0.63],"reconciles":1550,"server_tick":4677,"snaps":1552,"teleports":2}
[client] {"a":2,"dup":true,"ev":"game","ms":80194,"predicted":false,"t":5,"tick":4691,"type":"hit"}
[client] {"a":0,"dup":false,"ev":"game","ms":80290,"predicted":false,"t":6,"tick":4691,"type":"hit"}
[client] {"a":8,"dup":false,"ev":"game","ms":80291,"predicted":false,"t":4,"tick":4691,"type":"hit"}
[client] {"a":6,"dup":false,"ev":"game","ms":80291,"predicted":false,"t":-1,"tick":4691,"type":"ko"}
[client] {"a":9,"dup":false,"ev":"game","ms":80360,"predicted":false,"t":4,"tick":4696,"type":"hit"}
[client] {"a":2,"dup":true,"ev":"game","ms":80394,"predicted":false,"t":9,"tick":4703,"type":"hit"}
[client] {"a":2,"dup":true,"ev":"game","ms":80477,"predicted":false,"t":8,"tick":4707,"type":"hit"}
[client] {"a":5,"dup":false,"ev":"game","ms":80773,"predicted":false,"t":3,"tick":4721,"type":"hit"}
[client] {"a":5,"dup":false,"ev":"game","ms":81111,"predicted":false,"t":1,"tick":4741,"type":"hit"}
[client] {"a":5,"dup":false,"ev":"game","ms":81111,"predicted":false,"t":3,"tick":4741,"type":"hit"}
[client] {"a":5,"dup":false,"ev":"game","ms":81160,"predicted":false,"t":0,"tick":4744,"type":"hit"}
[client] {"a":2,"dup":true,"ev":"game","ms":81242,"predicted":false,"t":5,"tick":4754,"type":"hit"}
[client] {"a":2,"dup":false,"ev":"game","ms":81277,"predicted":false,"t":8,"tick":4755,"type":"hit"}
[client] {"a":7,"dup":false,"ev":"game","ms":81395,"predicted":false,"t":3,"tick":4758,"type":"hit"}
[client] {"a":9,"dup":false,"ev":"game","ms":81477,"predicted":false,"t":2,"tick":4762,"type":"hit"}
[client] {"a":1,"dup":false,"ev":"game","ms":81656,"predicted":false,"t":7,"tick":4774,"type":"hit"}
[client] {"a":2,"dup":true,"ev":"game","ms":81774,"predicted":false,"t":9,"tick":4786,"type":"hit"}
[client] {"a":3,"dup":false,"ev":"game","ms":82043,"predicted":false,"t":7,"tick":4797,"type":"hit"}
[client] {"a":1,"dup":false,"ev":"game","ms":82078,"predicted":false,"t":7,"tick":4799,"type":"hit"}
[client] {"a":5,"dup":false,"ev":"game","ms":82078,"predicted":false,"t":3,"tick":4799,"type":"hit"}
[client] {"a":2,"dup":true,"ev":"game","ms":82209,"predicted":false,"t":9,"tick":4812,"type":"hit"}
[client] {"a":0,"dup":false,"ev":"game","ms":82277,"predicted":false,"t":8,"tick":4811,"type":"hit"}
[client] {"a":3,"dup":false,"ev":"game","ms":82443,"predicted":false,"t":7,"tick":4821,"type":"hit"}
[client] {"a":5,"dup":false,"ev":"game","ms":82443,"predicted":false,"t":3,"tick":4821,"type":"hit"}
[client] {"a":5,"dup":false,"ev":"game","ms":82478,"predicted":false,"t":0,"tick":4823,"type":"hit"}
[client] {"a":2,"dup":true,"ev":"game","ms":82541,"predicted":false,"t":9,"tick":4832,"type":"hit"}
[client] {"a":7,"dup":false,"ev":"game","ms":82926,"predicted":false,"t":3,"tick":4850,"type":"hit"}
[client] {"a":4,"dup":false,"ev":"game","ms":83229,"predicted":false,"t":9,"tick":4868,"type":"hit"}
[client] {"a":3,"dup":false,"ev":"game","ms":83363,"predicted":false,"t":5,"tick":4876,"type":"hit"}
[client] {"a":2,"dup":true,"ev":"game","ms":83374,"predicted":false,"t":9,"tick":4882,"type":"hit"}
[client] {"a":9,"dup":false,"ev":"game","ms":83457,"predicted":false,"t":-1,"tick":4882,"type":"ko"}
[client] {"a":0,"dup":false,"ev":"game","ms":83595,"predicted":false,"t":5,"tick":4890,"type":"hit"}
[client] {"a":7,"dup":false,"ev":"game","ms":84210,"predicted":false,"t":2,"tick":4927,"type":"hit"}
[client] {"a":7,"dup":false,"ev":"game","ms":84210,"predicted":false,"t":4,"tick":4927,"type":"hit"}
[client] {"a":7,"dup":false,"ev":"game","ms":84278,"predicted":false,"t":3,"tick":4931,"type":"hit"}
[client] {"counts":{"blocks_on_me":0,"conf_actions":56,"confirmed_hits":253,"dup_confirmed":0,"hits_on_me":18,"pred_actions":59,"predicted_confirmed":34,"predicted_hits":75,"reconnects":0},"ev":"stats","hp":192.0,"in_bytes":1164460,"late":0,"local_entity":2,"match":{"countdown_until":300,"ctrl":-1,"final":false,"next":"","phase":3,"rot":2522,"scores":[11,10],"sd":false,"state":3,"tick":4678,"zone":"A"},"max_err":2.62,"mean_err":0.0586,"ms":84967,"out_bytes":243938,"pending":5,"pos":[-40.18,1.02],"reconciles":1650,"server_tick":4977,"snaps":1652,"teleports":2}
[client] {"a":0,"dup":false,"ev":"game","ms":85024,"predicted":false,"t":8,"tick":4976,"type":"hit"}
[client] {"a":1,"dup":false,"ev":"game","ms":85024,"predicted":false,"t":8,"tick":4976,"type":"hit"}
[client] {"a":3,"dup":false,"ev":"game","ms":85024,"predicted":false,"t":5,"tick":4976,"type":"hit"}
[client] {"a":7,"dup":false,"ev":"game","ms":85189,"predicted":false,"t":0,"tick":4986,"type":"hit"}
[client] {"a":4,"dup":false,"ev":"game","ms":85320,"predicted":false,"t":7,"tick":4994,"type":"hit"}
[client] {"a":7,"dup":false,"ev":"game","ms":85320,"predicted":false,"t":-1,"tick":4994,"type":"ko"}
[client] {"a":5,"dup":false,"ev":"game","ms":85707,"predicted":false,"t":3,"tick":5016,"type":"hit"}
[client] {"a":0,"dup":false,"ev":"game","ms":85789,"predicted":false,"t":8,"tick":5022,"type":"hit"}
[client] {"a":5,"dup":false,"ev":"game","ms":86052,"predicted":false,"t":3,"tick":5038,"type":"hit"}
[client] {"a":3,"dup":false,"ev":"game","ms":86521,"predicted":false,"t":8,"tick":5066,"type":"hit"}
[client] {"a":3,"dup":false,"ev":"game","ms":87086,"predicted":false,"t":5,"tick":5099,"type":"hit"}
[client] {"a":8,"dup":false,"ev":"game","ms":87990,"predicted":false,"t":3,"tick":5154,"type":"hit"}
[client] {"a":5,"dup":false,"ev":"game","ms":88073,"predicted":false,"t":4,"tick":5158,"type":"block"}
[client] {"a":4,"dup":false,"ev":"game","ms":88439,"predicted":false,"t":5,"tick":5180,"type":"hit"}
[client] {"a":8,"dup":false,"ev":"game","ms":88687,"predicted":false,"t":3,"tick":5195,"type":"hit"}
[client] {"a":3,"dup":false,"ev":"game","ms":88687,"predicted":false,"t":-1,"tick":5195,"type":"ko"}
[client] {"a":5,"dup":false,"ev":"game","ms":88770,"predicted":false,"t":4,"tick":5201,"type":"hit"}
[client] {"a":4,"dup":false,"ev":"game","ms":89239,"predicted":false,"t":5,"tick":5228,"type":"hit"}
[client] {"a":0,"dup":false,"ev":"game","ms":89308,"predicted":false,"t":5,"tick":5233,"type":"hit"}
[client] {"a":8,"dup":false,"ev":"game","ms":89757,"predicted":false,"t":0,"tick":5260,"type":"hit"}
[client] {"counts":{"blocks_on_me":0,"conf_actions":56,"confirmed_hits":270,"dup_confirmed":0,"hits_on_me":18,"pred_actions":59,"predicted_confirmed":34,"predicted_hits":75,"reconnects":0},"ev":"stats","hp":192.0,"in_bytes":1225191,"late":0,"local_entity":2,"match":{"countdown_until":300,"ctrl":-1,"final":false,"next":"","phase":3,"rot":2222,"scores":[11,10],"sd":false,"state":3,"tick":4978,"zone":"A"},"max_err":2.62,"mean_err":0.0557,"ms":89970,"out_bytes":258638,"pending":5,"pos":[-42.35,0.39],"reconciles":1750,"server_tick":5277,"snaps":1752,"teleports":2}
[client] {"a":5,"dup":false,"ev":"game","ms":90192,"predicted":false,"t":4,"tick":5286,"type":"hit"}
[client] {"a":4,"dup":false,"ev":"game","ms":90192,"predicted":false,"t":-1,"tick":5286,"type":"ko"}
[client] {"a":6,"dup":false,"ev":"game","ms":90288,"predicted":false,"t":-1,"tick":5291,"type":"respawn"}
[client] {"a":8,"dup":false,"ev":"game","ms":91054,"predicted":false,"t":2,"tick":5337,"type":"hit"}
[client] {"a":1,"dup":false,"ev":"game","ms":91158,"predicted":false,"t":8,"tick":5344,"type":"hit"}
[client] {"a":8,"dup":false,"ev":"game","ms":91158,"predicted":false,"t":-1,"tick":5344,"type":"ko"}
[client] {"a":5,"dup":false,"ev":"game","ms":91573,"predicted":false,"t":1,"tick":5369,"type":"hit"}
[client] {"a":2,"dup":true,"ev":"game","ms":91992,"predicted":false,"t":5,"tick":5399,"type":"hit"}
[client] {"a":5,"dup":false,"ev":"game","ms":92089,"predicted":false,"t":-1,"tick":5399,"type":"ko"}
[client] {"a":9,"dup":false,"ev":"game","ms":93476,"predicted":false,"t":-1,"tick":5482,"type":"respawn"}
[client] {"counts":{"blocks_on_me":0,"conf_actions":60,"confirmed_hits":275,"dup_confirmed":0,"hits_on_me":19,"pred_actions":63,"predicted_confirmed":35,"predicted_hits":76,"reconnects":0},"ev":"stats","hp":174.0,"in_bytes":1281621,"late":0,"local_entity":2,"match":{"countdown_until":300,"ctrl":0,"final":false,"next":"","phase":3,"rot":1922,"scores":[13,10],"sd":false,"state":2,"tick":5278,"zone":"A"},"max_err":2.62,"mean_err":0.0535,"ms":94972,"out_bytes":273338,"pending":5,"pos":[-41.7,0.41],"reconciles":1850,"server_tick":5577,"snaps":1852,"teleports":2}
[client] {"a":7,"dup":false,"ev":"game","ms":95325,"predicted":false,"t":-1,"tick":5594,"type":"respawn"}
[client] {"a":3,"dup":false,"ev":"game","ms":98672,"predicted":false,"t":-1,"tick":5795,"type":"respawn"}
[client] {"counts":{"blocks_on_me":0,"conf_actions":60,"confirmed_hits":275,"dup_confirmed":0,"hits_on_me":19,"pred_actions":63,"predicted_confirmed":35,"predicted_hits":76,"reconnects":0},"ev":"stats","hp":208.800000000001,"in_bytes":1331974,"late":0,"local_entity":2,"match":{"countdown_until":300,"ctrl":0,"final":false,"next":"","phase":3,"rot":1622,"scores":[18,10],"sd":false,"state":2,"tick":5578,"zone":"A"},"max_err":2.62,"mean_err":0.0507,"ms":99968,"out_bytes":288038,"pending":5,"pos":[-41.7,0.41],"reconciles":1950,"server_tick":5877,"snaps":1952,"teleports":2}
[client] {"a":4,"dup":false,"ev":"game","ms":100190,"predicted":false,"t":-1,"tick":5886,"type":"respawn"}
[client] {"a":8,"dup":false,"ev":"game","ms":101156,"predicted":false,"t":-1,"tick":5944,"type":"respawn"}
[client] {"a":5,"dup":false,"ev":"game","ms":102073,"predicted":false,"t":-1,"tick":5999,"type":"respawn"}
[client] {"a":6,"dup":false,"ev":"game","ms":102108,"predicted":false,"t":2,"tick":6001,"type":"hit"}
[client] {"a":6,"dup":false,"ev":"game","ms":102122,"predicted":false,"t":0,"tick":6002,"type":"hit"}
[client] {"a":0,"dup":false,"ev":"game","ms":103077,"predicted":false,"t":6,"tick":6059,"type":"hit"}
[client] {"a":6,"dup":false,"ev":"game","ms":103478,"predicted":false,"t":0,"tick":6084,"type":"hit"}
[client] {"a":1,"dup":false,"ev":"game","ms":104051,"predicted":false,"t":9,"tick":6118,"type":"hit"}
[client] {"a":2,"dup":true,"ev":"game","ms":104852,"predicted":false,"t":6,"tick":6170,"type":"hit"}
[client] {"counts":{"blocks_on_me":0,"conf_actions":64,"confirmed_hits":281,"dup_confirmed":0,"hits_on_me":20,"pred_actions":67,"predicted_confirmed":36,"predicted_hits":79,"reconnects":0},"ev":"stats","hp":192.0,"in_bytes":1398260,"late":0,"local_entity":2,"match":{"countdown_until":300,"ctrl":-1,"final":false,"next":"","phase":3,"rot":1322,"scores":[19,10],"sd":false,"state":3,"tick":5878,"zone":"A"},"max_err":2.802,"mean_err":0.0505,"ms":104968,"out_bytes":302738,"pending":8,"pos":[-39.82,0.35],"reconciles":2049,"server_tick":6177,"snaps":2052,"teleports":2}
[client] {"a":2,"dup":true,"ev":"game","ms":105252,"predicted":false,"t":6,"tick":6194,"type":"hit"}
[client] {"a":0,"dup":false,"ev":"game","ms":105597,"predicted":false,"t":6,"tick":6211,"type":"hit"}
[client] {"a":1,"dup":false,"ev":"game","ms":105818,"predicted":false,"t":6,"tick":6223,"type":"hit"}
[client] {"a":2,"dup":true,"ev":"game","ms":105970,"predicted":false,"t":6,"tick":6238,"type":"hit"}
[client] {"a":7,"dup":false,"ev":"game","ms":106252,"predicted":false,"t":1,"tick":6250,"type":"hit"}
[client] {"a":0,"dup":false,"ev":"game","ms":106818,"predicted":false,"t":6,"tick":6283,"type":"hit"}
[client] {"a":7,"dup":false,"ev":"game","ms":106853,"predicted":false,"t":2,"tick":6285,"type":"hit"}
[client] {"a":9,"dup":false,"ev":"game","ms":107881,"predicted":false,"t":2,"tick":6348,"type":"hit"}
[client] {"a":9,"dup":false,"ev":"game","ms":108207,"predicted":false,"t":2,"tick":6366,"type":"hit"}
[client] {"a":1,"dup":false,"ev":"game","ms":108240,"predicted":false,"t":6,"tick":6368,"type":"block"}
[client] {"a":1,"dup":false,"ev":"game","ms":108523,"predicted":false,"t":6,"tick":6386,"type":"block"}
[client] {"a":2,"dup":true,"ev":"game","ms":108607,"predicted":false,"t":9,"tick":6396,"type":"hit"}
[client] {"a":1,"dup":false,"ev":"game","ms":108840,"predicted":false,"t":6,"tick":6405,"type":"hit"}
[client] {"a":7,"dup":false,"ev":"game","ms":108889,"predicted":false,"t":2,"tick":6408,"type":"hit"}
[client] {"a":6,"dup":false,"ev":"game","ms":109227,"predicted":false,"t":1,"tick":6428,"type":"hit"}
[client] {"a":9,"dup":false,"ev":"game","ms":109407,"predicted":false,"t":2,"tick":6439,"type":"hit"}
[client] {"a":6,"dup":false,"ev":"game","ms":109558,"predicted":false,"t":1,"tick":6448,"type":"hit"}
[client] {"a":6,"dup":false,"ev":"game","ms":109910,"predicted":false,"t":1,"tick":6469,"type":"hit"}
[client] {"counts":{"blocks_on_me":0,"conf_actions":72,"confirmed_hits":297,"dup_confirmed":0,"hits_on_me":25,"pred_actions":76,"predicted_confirmed":39,"predicted_hits":86,"reconnects":0},"ev":"stats","hp":82.0,"in_bytes":1471001,"late":0,"local_entity":2,"match":{"countdown_until":300,"ctrl":-1,"final":false,"next":"","phase":3,"rot":1022,"scores":[19,10],"sd":false,"state":3,"tick":6178,"zone":"A"},"max_err":2.802,"mean_err":0.0499,"ms":109978,"out_bytes":317438,"pending":5,"pos":[-41.91,-0.32],"reconciles":2150,"server_tick":6477,"snaps":2152,"teleports":2}
[client] {"a":1,"dup":false,"ev":"game","ms":110393,"predicted":false,"t":6,"tick":6498,"type":"hit"}
[client] {"a":2,"dup":true,"ev":"game","ms":110441,"predicted":false,"t":7,"tick":6506,"type":"hit"}
[client] {"a":3,"dup":false,"ev":"game","ms":110511,"predicted":false,"t":7,"tick":6505,"type":"hit"}
[client] {"a":3,"dup":false,"ev":"game","ms":110559,"predicted":false,"t":9,"tick":6508,"type":"hit"}
[client] {"a":6,"dup":false,"ev":"game","ms":110793,"predicted":false,"t":1,"tick":6522,"type":"hit"}
[client] {"a":7,"dup":false,"ev":"game","ms":110876,"predicted":false,"t":3,"tick":6527,"type":"hit"}
[client] {"a":0,"dup":false,"ev":"game","ms":111042,"predicted":false,"t":6,"tick":6537,"type":"hit"}
[client] {"a":1,"dup":false,"ev":"game","ms":111146,"predicted":false,"t":6,"tick":6543,"type":"hit"}
[client] {"a":3,"dup":false,"ev":"game","ms":111194,"predicted":false,"t":7,"tick":6546,"type":"hit"}
[client] {"a":2,"dup":true,"ev":"game","ms":111264,"predicted":false,"t":7,"tick":6555,"type":"hit"}
[client] {"a":6,"dup":false,"ev":"game","ms":111608,"predicted":false,"t":1,"tick":6571,"type":"hit"}
[client] {"a":0,"dup":false,"ev":"game","ms":111697,"predicted":false,"t":6,"tick":6576,"type":"hit"}
[client] {"a":2,"dup":true,"ev":"game","ms":111925,"predicted":false,"t":8,"tick":6595,"type":"hit"}
[client] {"a":9,"dup":false,"ev":"game","ms":112057,"predicted":false,"t":1,"tick":6598,"type":"hit"}
[client] {"a":1,"dup":false,"ev":"game","ms":112057,"predicted":false,"t":-1,"tick":6598,"type":"ko"}
[client] {"a":4,"dup":false,"ev":"game","ms":112339,"predicted":false,"t":9,"tick":6615,"type":"hit"}
[client] {"a":5,"dup":false,"ev":"game","ms":112739,"predicted":false,"t":3,"tick":6639,"type":"hit"}
[client] {"a":7,"dup":false,"ev":"game","ms":112739,"predicted":false,"t":3,"tick":6639,"type":"hit"}
[client] {"a":8,"dup":false,"ev":"game","ms":112823,"predicted":false,"t":3,"tick":6644,"type":"hit"}
[client] {"a":6,"dup":false,"ev":"game","ms":112905,"predicted":false,"t":0,"tick":6649,"type":"block"}
[client] {"a":3,"dup":false,"ev":"game","ms":113257,"predicted":false,"t":8,"tick":6669,"type":"hit"}
[client] {"a":3,"dup":false,"ev":"game","ms":113257,"predicted":false,"t":5,"tick":6670,"type":"hit"}
[client] {"a":3,"dup":false,"ev":"game","ms":113271,"predicted":false,"t":7,"tick":6671,"type":"hit"}
[client] {"a":9,"dup":false,"ev":"game","ms":113271,"predicted":false,"t":0,"tick":6671,"type":"hit"}
[client] {"a":4,"dup":false,"ev":"game","ms":113553,"predicted":false,"t":9,"tick":6688,"type":"hit"}
[client] {"a":6,"dup":false,"ev":"game","ms":113802,"predicted":false,"t":0,"tick":6703,"type":"hit"}
[client] {"a":3,"dup":false,"ev":"game","ms":114036,"predicted":false,"t":8,"tick":6716,"type":"hit"}
[client] {"a":6,"dup":false,"ev":"game","ms":114140,"predicted":false,"t":0,"tick":6723,"type":"hit"}
[client] {"a":3,"dup":false,"ev":"game","ms":114340,"predicted":false,"t":8,"tick":6735,"type":"hit"}
[client] {"a":2,"dup":true,"ev":"game","ms":114436,"predicted":false,"t":7,"tick":6746,"type":"hit"}
[client] {"a":0,"dup":false,"ev":"game","ms":114492,"predicted":false,"t":6,"tick":6744,"type":"hit"}
[client] {"a":6,"dup":false,"ev":"game","ms":114492,"predicted":false,"t":-1,"tick":6744,"type":"ko"}
[client] {"a":3,"dup":false,"ev":"game","ms":114658,"predicted":false,"t":7,"tick":6754,"type":"hit"}
[client] {"a":3,"dup":false,"ev":"game","ms":114658,"predicted":false,"t":8,"tick":6754,"type":"hit"}
[client] {"a":3,"dup":false,"ev":"game","ms":114671,"predicted":false,"t":5,"tick":6755,"type":"hit"}
[client] {"a":9,"dup":false,"ev":"game","ms":114775,"predicted":false,"t":4,"tick":6761,"type":"hit"}
[client] {"counts":{"blocks_on_me":0,"conf_actions":79,"confirmed_hits":330,"dup_confirmed":0,"hits_on_me":25,"pred_actions":83,"predicted_confirmed":43,"predicted_hits":93,"reconnects":0},"ev":"stats","hp":82.0,"in_bytes":1555082,"late":0,"local_entity":2,"match":{"countdown_until":300,"ctrl":-1,"final":false,"next":"C","phase":3,"rot":722,"scores":[19,10],"sd":false,"state":3,"tick":6478,"zone":"A"},"max_err":2.802,"mean_err":0.0482,"ms":114974,"out_bytes":332138,"pending":5,"pos":[-38.75,1.93],"reconciles":2250,"server_tick":6777,"snaps":2252,"teleports":2}
[client] {"a":9,"dup":false,"ev":"game","ms":115072,"predicted":false,"t":4,"tick":6779,"type":"hit"}
[client] {"a":7,"dup":false,"ev":"game","ms":115155,"predicted":false,"t":2,"tick":6784,"type":"hit"}
[client] {"a":5,"dup":false,"ev":"game","ms":115175,"predicted":false,"t":2,"tick":6785,"type":"hit"}
[client] {"a":7,"dup":false,"ev":"game","ms":115237,"predicted":false,"t":3,"tick":6789,"type":"hit"}
[client] {"a":5,"dup":false,"ev":"game","ms":115492,"predicted":false,"t":2,"tick":6804,"type":"hit"}
[client] {"a":9,"dup":false,"ev":"game","ms":115720,"predicted":false,"t":4,"tick":6818,"type":"block"}
[client] {"a":9,"dup":false,"ev":"game","ms":116024,"predicted":false,"t":4,"tick":6836,"type":"block"}
[client] {"a":5,"dup":false,"ev":"game","ms":116072,"predicted":false,"t":2,"tick":6839,"type":"hit"}
[client] {"a":2,"dup":true,"ev":"game","ms":116403,"predicted":false,"t":5,"tick":6864,"type":"hit"}
[client] {"a":2,"dup":false,"ev":"game","ms":116555,"predicted":false,"t":-1,"tick":6873,"type":"ko"}
[client] {"a":8,"dup":false,"ev":"game","ms":116637,"predicted":false,"t":2,"tick":6873,"type":"hit"}
[client] {"a":9,"dup":false,"ev":"game","ms":116907,"predicted":false,"t":4,"tick":6889,"type":"block"}
[client] {"a":9,"dup":false,"ev":"game","ms":117507,"predicted":false,"t":4,"tick":6925,"type":"block"}
[client] {"a":8,"dup":false,"ev":"game","ms":117604,"predicted":false,"t":3,"tick":6931,"type":"hit"}
[client] {"a":8,"dup":false,"ev":"game","ms":117921,"predicted":false,"t":3,"tick":6950,"type":"hit"}
[client] {"a":8,"dup":false,"ev":"game","ms":117955,"predicted":false,"t":0,"tick":6952,"type":"hit"}
[client] {"a":5,"dup":false,"ev":"game","ms":118024,"predicted":false,"t":3,"tick":6956,"type":"hit"}
[client] {"a":0,"dup":false,"ev":"game","ms":118494,"predicted":false,"t":8,"tick":6984,"type":"hit"}
[client] {"a":4,"dup":false,"ev":"game","ms":118591,"predicted":false,"t":9,"tick":6990,"type":"hit"}
[client] {"a":0,"dup":false,"ev":"game","ms":118908,"predicted":false,"t":7,"tick":7009,"type":"hit"}
[client] {"a":4,"dup":false,"ev":"game","ms":119011,"predicted":false,"t":9,"tick":7015,"type":"hit"}
[client] {"a":5,"dup":false,"ev":"game","ms":119211,"predicted":false,"t":0,"tick":7027,"type":"hit"}
[client] {"a":8,"dup":false,"ev":"game","ms":119294,"predicted":false,"t":0,"tick":7032,"type":"hit"}
[client] {"a":7,"dup":false,"ev":"game","ms":119308,"predicted":false,"t":0,"tick":7033,"type":"hit"}
[client] {"a":3,"dup":false,"ev":"game","ms":119473,"predicted":false,"t":5,"tick":7043,"type":"hit"}
[client] {"a":4,"dup":false,"ev":"game","ms":119474,"predicted":false,"t":9,"tick":7043,"type":"hit"}
[client] {"a":3,"dup":false,"ev":"game","ms":119494,"predicted":false,"t":8,"tick":7044,"type":"hit"}
[client] {"a":0,"dup":false,"ev":"game","ms":119660,"predicted":false,"t":5,"tick":7054,"type":"hit"}
[client] {"counts":{"blocks_on_me":0,"conf_actions":81,"confirmed_hits":353,"dup_confirmed":0,"hits_on_me":30,"pred_actions":87,"predicted_confirmed":44,"predicted_hits":95,"reconnects":0},"ev":"stats","hp":0.0,"in_bytes":1626762,"late":0,"local_entity":2,"match":{"countdown_until":300,"ctrl":-1,"final":false,"next":"C","phase":3,"rot":422,"scores":[19,10],"sd":false,"state":3,"tick":6778,"zone":"A"},"max_err":2.802,"mean_err":0.0472,"ms":119976,"out_bytes":346838,"pending":5,"pos":[-37.17,1.13],"reconciles":2350,"server_tick":7077,"snaps":2352,"teleports":2}
[client] {"a":8,"dup":false,"ev":"game","ms":120012,"predicted":false,"t":3,"tick":7075,"type":"hit"}
[client] {"a":9,"dup":false,"ev":"game","ms":120060,"predicted":false,"t":4,"tick":7078,"type":"hit"}
[client] {"a":7,"dup":false,"ev":"game","ms":120191,"predicted":false,"t":0,"tick":7086,"type":"hit"}
[client] {"a":0,"dup":false,"ev":"game","ms":120191,"predicted":false,"t":-1,"tick":7086,"type":"ko"}
[client] {"a":5,"dup":false,"ev":"game","ms":120322,"predicted":false,"t":3,"tick":7094,"type":"hit"}
[client] {"a":4,"dup":false,"ev":"game","ms":120709,"predicted":false,"t":9,"tick":7117,"type":"hit"}
[client] {"a":5,"dup":false,"ev":"game","ms":121226,"predicted":false,"t":3,"tick":7148,"type":"hit"}
[client] {"a":5,"dup":false,"ev":"game","ms":121461,"predicted":false,"t":3,"tick":7162,"type":"hit"}
[client] {"a":7,"dup":false,"ev":"game","ms":121626,"predicted":false,"t":3,"tick":7172,"type":"hit"}
[client] {"a":3,"dup":false,"ev":"game","ms":121626,"predicted":false,"t":-1,"tick":7172,"type":"ko"}
[client] {"a":4,"dup":false,"ev":"game","ms":122041,"predicted":false,"t":5,"tick":7197,"type":"hit"}
[client] {"a":1,"dup":false,"ev":"game","ms":122062,"predicted":false,"t":-1,"tick":7198,"type":"respawn"}
[client] {"a":4,"dup":false,"ev":"game","ms":122112,"predicted":false,"t":8,"tick":7201,"type":"hit"}
[client] {"a":7,"dup":false,"ev":"game","ms":122586,"predicted":false,"t":4,"tick":7230,"type":"hit"}
[client] {"a":4,"dup":false,"ev":"game","ms":122951,"predicted":false,"t":7,"tick":7252,"type":"hit"}
[client] {"a":4,"dup":false,"ev":"game","ms":123317,"predicted":false,"t":7,"tick":7274,"type":"hit"}
[client] {"a":8,"dup":false,"ev":"game","ms":123407,"predicted":false,"t":4,"tick":7278,"type":"hit"}
[client] {"a":9,"dup":false,"ev":"game","ms":123551,"predicted":false,"t":4,"tick":7288,"type":"hit"}
[client] {"a":8,"dup":false,"ev":"game","ms":124117,"predicted":false,"t":4,"tick":7322,"type":"hit"}
[client] {"a":6,"dup":false,"ev":"game","ms":124490,"predicted":false,"t":-1,"tick":7344,"type":"respawn"}
[client] {"a":4,"dup":false,"ev":"game","ms":124808,"predicted":false,"t":9,"tick":7362,"type":"hit"}
[client] {"a":9,"dup":false,"ev":"game","ms":124808,"predicted":false,"t":-1,"tick":7362,"type":"ko"}
[client] {"counts":{"blocks_on_me":0,"conf_actions":81,"confirmed_hits":370,"dup_confirmed":0,"hits_on_me":30,"pred_actions":87,"predicted_confirmed":44,"predicted_hits":95,"reconnects":0},"ev":"stats","hp":0.0,"in_bytes":1695370,"late":0,"local_entity":2,"match":{"countdown_until":300,"ctrl":-1,"final":false,"next":"C","phase":3,"rot":122,"scores":[19,10],"sd":false,"state":3,"tick":7078,"zone":"A"},"max_err":2.802,"mean_err":0.0453,"ms":124972,"out_bytes":361538,"pending":8,"pos":[-37.17,1.13],"reconciles":2449,"server_tick":7377,"snaps":2452,"teleports":2}
[client] {"a":4,"dup":false,"ev":"game","ms":125470,"predicted":false,"t":8,"tick":7403,"type":"hit"}
[client] {"a":4,"dup":false,"ev":"game","ms":126070,"predicted":false,"t":5,"tick":7439,"type":"hit"}
[client] {"a":4,"dup":false,"ev":"game","ms":126408,"predicted":false,"t":5,"tick":7459,"type":"hit"}
[client] {"a":7,"dup":false,"ev":"game","ms":126435,"predicted":false,"t":4,"tick":7461,"type":"hit"}
[client] {"a":2,"dup":false,"ev":"game","ms":126574,"predicted":false,"t":-1,"tick":7473,"type":"respawn"}
[client] {"a":5,"dup":false,"ev":"game","ms":126774,"predicted":false,"t":4,"tick":7480,"type":"hit"}
[client] {"a":8,"dup":false,"ev":"game","ms":126808,"predicted":false,"t":4,"tick":7483,"type":"hit"}
[client] {"a":7,"dup":false,"ev":"game","ms":127009,"predicted":false,"t":4,"tick":7495,"type":"hit"}
[client] {"a":-1,"dup":false,"ev":"game","ms":127071,"predicted":false,"t":-1,"tick":7499,"type":"zone_rotated"}
[client] {"a":5,"dup":false,"ev":"game","ms":127554,"predicted":false,"t":4,"tick":7527,"type":"hit"}
[client] {"counts":{"blocks_on_me":0,"conf_actions":81,"confirmed_hits":378,"dup_confirmed":0,"hits_on_me":30,"pred_actions":87,"predicted_confirmed":44,"predicted_hits":95,"reconnects":0},"ev":"stats","hp":230.0,"in_bytes":1755788,"late":0,"local_entity":2,"match":{"countdown_until":300,"ctrl":-1,"final":false,"next":"","phase":3,"rot":3422,"scores":[19,10],"sd":false,"state":1,"tick":7378,"zone":"C"},"max_err":2.802,"mean_err":0.0436,"ms":129975,"out_bytes":376238,"pending":8,"pos":[21.47,-35.04],"reconciles":2548,"server_tick":7677,"snaps":2552,"teleports":3}
[client] {"a":0,"dup":false,"ev":"game","ms":130210,"predicted":false,"t":-1,"tick":7686,"type":"respawn"}
[client] {"a":3,"dup":false,"ev":"game","ms":131623,"predicted":false,"t":-1,"tick":7772,"type":"respawn"}
[client] {"a":9,"dup":false,"ev":"game","ms":134792,"predicted":false,"t":-1,"tick":7962,"type":"respawn"}
[client] {"counts":{"blocks_on_me":0,"conf_actions":81,"confirmed_hits":378,"dup_confirmed":0,"hits_on_me":30,"pred_actions":87,"predicted_confirmed":44,"predicted_hits":95,"reconnects":0},"ev":"stats","hp":230.0,"in_bytes":1815975,"late":0,"local_entity":2,"match":{"countdown_until":300,"ctrl":-1,"final":false,"next":"","phase":3,"rot":3122,"scores":[19,10],"sd":false,"state":3,"tick":7678,"zone":"C"},"max_err":2.802,"mean_err":0.0419,"ms":134970,"out_bytes":390938,"pending":8,"pos":[36.37,-3.66],"reconciles":2648,"server_tick":7977,"snaps":2652,"teleports":3}
[client] {"a":6,"dup":false,"ev":"game","ms":136620,"predicted":false,"t":2,"tick":8072,"type":"hit"}
[client] {"a":1,"dup":false,"ev":"game","ms":136910,"predicted":false,"t":6,"tick":8089,"type":"hit"}
[client] {"a":1,"dup":false,"ev":"game","ms":137242,"predicted":false,"t":6,"tick":8109,"type":"hit"}
[client] {"a":6,"dup":false,"ev":"game","ms":137628,"predicted":false,"t":1,"tick":8132,"type":"hit"}
[client] {"a":2,"dup":true,"ev":"game","ms":137725,"predicted":false,"t":6,"tick":8142,"type":"hit"}
[client] {"a":8,"dup":false,"ev":"game","ms":139008,"predicted":false,"t":1,"tick":8215,"type":"hit"}
[client] {"a":8,"dup":false,"ev":"game","ms":139258,"predicted":false,"t":1,"tick":8230,"type":"hit"}
[client] {"a":2,"dup":true,"ev":"game","ms":139456,"predicted":false,"t":8,"tick":8247,"type":"hit"}
[client] {"a":2,"dup":true,"ev":"game","ms":139877,"predicted":false,"t":6,"tick":8272,"type":"hit"}
[client] {"counts":{"blocks_on_me":0,"conf_actions":87,"confirmed_hits":387,"dup_confirmed":0,"hits_on_me":31,"pred_actions":93,"predicted_confirmed":47,"predicted_hits":99,"reconnects":0},"ev":"stats","hp":204.0,"in_bytes":1882740,"late":0,"local_entity":2,"match":{"countdown_until":300,"ctrl":-1,"final":false,"next":"","phase":3,"rot":2822,"scores":[19,10],"sd":false,"state":3,"tick":7978,"zone":"C"},"max_err":2.802,"mean_err":0.0417,"ms":139973,"out_bytes":405638,"pending":5,"pos":[41.62,-0.17],"reconciles":2749,"server_tick":8277,"snaps":2752,"teleports":3}
[client] {"a":0,"dup":false,"ev":"game","ms":139974,"predicted":false,"t":8,"tick":8273,"type":"hit"}
[client] {"a":2,"dup":true,"ev":"game","ms":140457,"predicted":false,"t":8,"tick":8307,"type":"hit"}
[client] {"a":6,"dup":false,"ev":"game","ms":141009,"predicted":false,"t":0,"tick":8335,"type":"hit"}
[client] {"a":7,"dup":false,"ev":"game","ms":141092,"predicted":false,"t":0,"tick":8340,"type":"hit"}
[client] {"a":2,"dup":true,"ev":"game","ms":141126,"predicted":false,"t":6,"tick":8347,"type":"hit"}
[client] {"a":8,"dup":false,"ev":"game","ms":141278,"predicted":false,"t":2,"tick":8351,"type":"hit"}
[client] {"a":6,"dup":false,"ev":"game","ms":141775,"predicted":false,"t":0,"tick":8381,"type":"hit"}
[client] {"a":1,"dup":false,"ev":"game","ms":141961,"predicted":false,"t":8,"tick":8392,"type":"hit"}
[client] {"a":6,"dup":false,"ev":"game","ms":142120,"predicted":false,"t":0,"tick":8402,"type":"hit"}
[client] {"a":2,"dup":true,"ev":"game","ms":142168,"predicted":false,"t":6,"tick":8410,"type":"hit"}
[client] {"a":3,"dup":false,"ev":"game","ms":142534,"predicted":false,"t":5,"tick":8427,"type":"hit"}
[client] {"a":1,"dup":false,"ev":"game","ms":142603,"predicted":false,"t":7,"tick":8430,"type":"hit"}
[client] {"a":0,"dup":false,"ev":"game","ms":142706,"predicted":false,"t":6,"tick":8436,"type":"block"}
[client] {"a":8,"dup":false,"ev":"game","ms":142838,"predicted":false,"t":1,"tick":8445,"type":"hit"}
[client] {"a":2,"dup":true,"ev":"game","ms":142887,"predicted":false,"t":6,"tick":8453,"type":"hit"}
[client] {"a":3,"dup":false,"ev":"game","ms":142907,"predicted":false,"t":5,"tick":8449,"type":"hit"}
[client] {"a":0,"dup":false,"ev":"game","ms":143051,"predicted":false,"t":6,"tick":8458,"type":"hit"}
[client] {"a":1,"dup":false,"ev":"game","ms":143203,"predicted":false,"t":6,"tick":8467,"type":"hit"}
[client] {"a":5,"dup":false,"ev":"game","ms":143272,"predicted":false,"t":2,"tick":8471,"type":"hit"}
[client] {"a":0,"dup":false,"ev":"game","ms":143368,"predicted":false,"t":6,"tick":8477,"type":"hit"}
[client] {"a":8,"dup":false,"ev":"game","ms":143389,"predicted":false,"t":1,"tick":8478,"type":"hit"}
[client] {"a":5,"dup":false,"ev":"game","ms":143569,"predicted":false,"t":1,"tick":8489,"type":"hit"}
[client] {"a":5,"dup":false,"ev":"game","ms":143589,"predicted":false,"t":2,"tick":8490,"type":"hit"}
[client] {"a":3,"dup":false,"ev":"game","ms":143603,"predicted":false,"t":5,"tick":8491,"type":"hit"}
[client] {"a":6,"dup":false,"ev":"game","ms":143886,"predicted":false,"t":1,"tick":8508,"type":"hit"}
[client] {"a":6,"dup":false,"ev":"game","ms":143908,"predicted":false,"t":0,"tick":8509,"type":"hit"}
[client] {"a":2,"dup":true,"ev":"game","ms":143969,"predicted":false,"t":6,"tick":8518,"type":"hit"}
[client] {"a":0,"dup":false,"ev":"game","ms":144286,"predicted":false,"t":6,"tick":8532,"type":"hit"}
[client] {"a":5,"dup":false,"ev":"game","ms":144307,"predicted":false,"t":0,"tick":8533,"type":"hit"}
[client] {"a":1,"dup":false,"ev":"game","ms":144404,"predicted":false,"t":6,"tick":8539,"type":"hit"}
[client] {"a":5,"dup":false,"ev":"game","ms":144624,"predicted":false,"t":0,"tick":8552,"type":"hit"}
[client] {"a":6,"dup":false,"ev":"game","ms":144804,"predicted":false,"t":1,"tick":8563,"type":"hit"}
[client] {"a":6,"dup":false,"ev":"game","ms":144853,"predicted":false,"t":0,"tick":8566,"type":"hit"}
[client] {"a":5,"dup":false,"ev":"game","ms":144921,"predicted":false,"t":0,"tick":8570,"type":"hit"}
[client] {"a":5,"dup":false,"ev":"game","ms":144956,"predicted":false,"t":1,"tick":8572,"type":"hit"}
[client] {"a":7,"dup":false,"ev":"game","ms":144956,"predicted":false,"t":0,"tick":8572,"type":"hit"}
[client] {"a":0,"dup":false,"ev":"game","ms":144956,"predicted":false,"t":-1,"tick":8572,"type":"ko"}
[client] {"counts":{"blocks_on_me":0,"conf_actions":96,"confirmed_hits":422,"dup_confirmed":0,"hits_on_me":34,"pred_actions":103,"predicted_confirmed":52,"predicted_hits":109,"reconnects":0},"ev":"stats","hp":112.0,"in_bytes":1964052,"late":0,"local_entity":2,"match":{"countdown_until":300,"ctrl":-1,"final":false,"next":"","phase":3,"rot":2522,"scores":[19,10],"sd":false,"state":3,"tick":8278,"zone":"C"},"max_err":2.802,"mean_err":0.0417,"ms":144969,"out_bytes":420338,"pending":5,"pos":[40.72,-2.51],"reconciles":2849,"server_tick":8577,"snaps":2852,"teleports":3}
[client] {"a":5,"dup":false,"ev":"game","ms":144970,"predicted":false,"t":2,"tick":8573,"type":"hit"}
[client] {"a":7,"dup":false,"ev":"game","ms":144970,"predicted":false,"t":1,"tick":8573,"type":"hit"}
[client] {"a":4,"dup":false,"ev":"game","ms":145073,"predicted":false,"t":6,"tick":8579,"type":"hit"}
[client] {"a":3,"dup":false,"ev":"game","ms":145369,"predicted":false,"t":6,"tick":8597,"type":"hit"}
[client] {"a":6,"dup":false,"ev":"game","ms":145370,"predicted":false,"t":-1,"tick":8597,"type":"ko"}
[client] {"a":3,"dup":false,"ev":"game","ms":145425,"predicted":false,"t":7,"tick":8600,"type":"hit"}
[client] {"a":2,"dup":true,"ev":"game","ms":145570,"predicted":false,"t":5,"tick":8613,"type":"hit"}
[client] {"a":2,"dup":true,"ev":"game","ms":145887,"predicted":false,"t":5,"tick":8633,"type":"hit"}
[client] {"a":9,"dup":false,"ev":"game","ms":146039,"predicted":false,"t":4,"tick":8637,"type":"hit"}
[client] {"a":3,"dup":false,"ev":"game","ms":146088,"predicted":false,"t":5,"tick":8640,"type":"hit"}
[client] {"a":2,"dup":true,"ev":"game","ms":146273,"predicted":false,"t":5,"tick":8655,"type":"hit"}
[client] {"a":3,"dup":false,"ev":"game","ms":146454,"predicted":false,"t":9,"tick":8662,"type":"hit"}
[client] {"a":7,"dup":false,"ev":"game","ms":146473,"predicted":false,"t":2,"tick":8663,"type":"hit"}
[client] {"a":4,"dup":false,"ev":"game","ms":146708,"predicted":false,"t":9,"tick":8677,"type":"hit"}
[client] {"a":5,"dup":false,"ev":"game","ms":146743,"predicted":false,"t":3,"tick":8679,"type":"hit"}
[client] {"a":7,"dup":false,"ev":"game","ms":146770,"predicted":false,"t":2,"tick":8681,"type":"hit"}
[client] {"a":5,"dup":false,"ev":"game","ms":146944,"predicted":false,"t":4,"tick":8691,"type":"hit"}
[client] {"a":5,"dup":false,"ev":"game","ms":146957,"predicted":false,"t":3,"tick":8692,"type":"hit"}
[client] {"a":7,"dup":false,"ev":"game","ms":147109,"predicted":false,"t":2,"tick":8701,"type":"hit"}
[client] {"a":1,"dup":false,"ev":"game","ms":147239,"predicted":false,"t":7,"tick":8709,"type":"hit"}
[client] {"a":5,"dup":false,"ev":"game","ms":147426,"predicted":false,"t":4,"tick":8720,"type":"hit"}
[client] {"a":1,"dup":false,"ev":"game","ms":147557,"predicted":false,"t":7,"tick":8728,"type":"hit"}
[client] {"a":7,"dup":false,"ev":"game","ms":147557,"predicted":false,"t":-1,"tick":8728,"type":"ko"}
[client] {"a":5,"dup":false,"ev":"game","ms":147723,"predicted":false,"t":4,"tick":8738,"type":"hit"}
[client] {"a":9,"dup":false,"ev":"game","ms":147806,"predicted":false,"t":1,"tick":8743,"type":"hit"}
[client] {"a":5,"dup":false,"ev":"game","ms":148054,"predicted":false,"t":4,"tick":8758,"type":"hit"}
[client] {"a":3,"dup":false,"ev":"game","ms":148088,"predicted":false,"t":5,"tick":8760,"type":"hit"}
[client] {"a":5,"dup":false,"ev":"game","ms":148088,"predicted":false,"t":-1,"tick":8760,"type":"ko"}
[client] {"a":2,"dup":false,"ev":"game","ms":148123,"predicted":false,"t":9,"tick":8767,"type":"hit"}
[client] {"a":9,"dup":false,"ev":"game","ms":148144,"predicted":false,"t":1,"tick":8763,"type":"hit"}
[client] {"a":1,"dup":false,"ev":"game","ms":148144,"predicted":false,"t":-1,"tick":8763,"type":"ko"}
[client] {"a":2,"dup":true,"ev":"game","ms":148772,"predicted":false,"t":9,"tick":8806,"type":"hit"}
[client] {"a":4,"dup":false,"ev":"game","ms":149006,"predicted":false,"t":8,"tick":8815,"type":"hit"}
[client] {"a":9,"dup":false,"ev":"game","ms":149689,"predicted":false,"t":2,"tick":8856,"type":"hit"}
[client] {"a":8,"dup":false,"ev":"game","ms":149710,"predicted":false,"t":4,"tick":8857,"type":"hit"}
[client] {"counts":{"blocks_on_me":0,"conf_actions":105,"confirmed_hits":453,"dup_confirmed":0,"hits_on_me":39,"pred_actions":113,"predicted_confirmed":56,"predicted_hits":120,"reconnects":0},"ev":"stats","hp":40.0,"in_bytes":2037794,"late":0,"local_entity":2,"match":{"countdown_until":300,"ctrl":-1,"final":false,"next":"","phase":3,"rot":2222,"scores":[19,10],"sd":false,"state":3,"tick":8578,"zone":"C"},"max_err":2.802,"mean_err":0.0413,"ms":149971,"out_bytes":435038,"pending":5,"pos":[41.52,-0.66],"reconciles":2949,"server_tick":8877,"snaps":2952,"teleports":3}
[client] {"a":9,"dup":false,"ev":"game","ms":150055,"predicted":false,"t":2,"tick":8878,"type":"hit"}
[client] {"a":3,"dup":false,"ev":"game","ms":150324,"predicted":false,"t":9,"tick":8894,"type":"hit"}
[client] {"a":8,"dup":false,"ev":"game","ms":150489,"predicted":false,"t":2,"tick":8904,"type":"hit"}
[client] {"a":2,"dup":true,"ev":"game","ms":150807,"predicted":false,"t":9,"tick":8928,"type":"hit"}
[client] {"a":8,"dup":false,"ev":"game","ms":151111,"predicted":false,"t":4,"tick":8941,"type":"hit"}
[client] {"a":2,"dup":true,"ev":"game","ms":151276,"predicted":false,"t":9,"tick":8956,"type":"hit"}
[client] {"a":8,"dup":false,"ev":"game","ms":152360,"predicted":false,"t":4,"tick":9016,"type":"hit"}
[client] {"a":2,"dup":false,"ev":"game","ms":152663,"predicted":false,"t":-1,"tick":9039,"type":"ko"}
[client] {"a":8,"dup":false,"ev":"game","ms":152676,"predicted":false,"t":4,"tick":9035,"type":"hit"}
[client] {"a":9,"dup":false,"ev":"game","ms":152745,"predicted":false,"t":2,"tick":9039,"type":"hit"}
[client] {"a":3,"dup":false,"ev":"game","ms":152925,"predicted":false,"t":8,"tick":9050,"type":"hit"}
[client] {"a":4,"dup":false,"ev":"game","ms":153208,"predicted":false,"t":8,"tick":9067,"type":"hit"}
[client] {"a":8,"dup":false,"ev":"game","ms":153208,"predicted":false,"t":-1,"tick":9067,"type":"ko"}
[client] {"a":3,"dup":false,"ev":"game","ms":153773,"predicted":false,"t":9,"tick":9101,"type":"hit"}
[client] {"a":3,"dup":false,"ev":"game","ms":154126,"predicted":false,"t":9,"tick":9122,"type":"hit"}
[client] {"a":3,"dup":false,"ev":"game","ms":154464,"predicted":false,"t":9,"tick":9142,"type":"hit"}
[client] {"a":0,"dup":false,"ev":"game","ms":154960,"predicted":false,"t":-1,"tick":9172,"type":"respawn"}
[client] {"counts":{"blocks_on_me":0,"conf_actions":109,"confirmed_hits":467,"dup_confirmed":0,"hits_on_me":42,"pred_actions":117,"predicted_confirmed":58,"predicted_hits":125,"reconnects":0},"ev":"stats","hp":0.0,"in_bytes":2099653,"late":0,"local_entity":2,"match":{"countdown_until":300,"ctrl":-1,"final":false,"next":"","phase":3,"rot":1922,"scores":[19,10],"sd":false,"state":3,"tick":8878,"zone":"C"},"max_err":2.802,"mean_err":0.0409,"ms":154974,"out_bytes":449738,"pending":5,"pos":[42.57,0.04],"reconciles":3049,"server_tick":9177,"snaps":3052,"teleports":3}
[client] {"a":3,"dup":false,"ev":"game","ms":155154,"predicted":false,"t":9,"tick":9184,"type":"hit"}
[client] {"a":9,"dup":false,"ev":"game","ms":155154,"predicted":false,"t":-1,"tick":9184,"type":"ko"}
[client] {"a":6,"dup":false,"ev":"game","ms":155368,"predicted":false,"t":-1,"tick":9197,"type":"respawn"}
[client] {"a":7,"dup":false,"ev":"game","ms":157555,"predicted":false,"t":-1,"tick":9328,"type":"respawn"}
[client] {"a":5,"dup":false,"ev":"game","ms":158086,"predicted":false,"t":-1,"tick":9360,"type":"respawn"}
[client] {"a":1,"dup":false,"ev":"game","ms":158141,"predicted":false,"t":-1,"tick":9363,"type":"respawn"}
[client] {"counts":{"blocks_on_me":0,"conf_actions":109,"confirmed_hits":468,"dup_confirmed":0,"hits_on_me":42,"pred_actions":117,"predicted_confirmed":58,"predicted_hits":125,"reconnects":0},"ev":"stats","hp":0.0,"in_bytes":2150427,"late":0,"local_entity":2,"match":{"countdown_until":300,"ctrl":0,"final":false,"next":"","phase":3,"rot":1622,"scores":[23,10],"sd":false,"state":2,"tick":9178,"zone":"C"},"max_err":2.802,"mean_err":0.0396,"ms":159976,"out_bytes":464438,"pending":5,"pos":[42.57,0.04],"reconciles":3149,"server_tick":9477,"snaps":3152,"teleports":3}
[client] {"a":2,"dup":false,"ev":"game","ms":162658,"predicted":false,"t":-1,"tick":9639,"type":"respawn"}
[client] {"a":8,"dup":false,"ev":"game","ms":163203,"predicted":false,"t":-1,"tick":9667,"type":"respawn"}
[client] {"counts":{"blocks_on_me":0,"conf_actions":109,"confirmed_hits":468,"dup_confirmed":0,"hits_on_me":42,"pred_actions":117,"predicted_confirmed":58,"predicted_hits":125,"reconnects":0},"ev":"stats","hp":230.0,"in_bytes":2206314,"late":0,"local_entity":2,"match":{"countdown_until":300,"ctrl":0,"final":false,"next":"","phase":3,"rot":1322,"scores":[28,10],"sd":false,"state":2,"tick":9478,"zone":"C"},"max_err":2.802,"mean_err":0.0384,"ms":164975,"out_bytes":479138,"pending":5,"pos":[-1.43,-31.73],"reconciles":3248,"server_tick":9777,"snaps":3252,"teleports":4}
[client] {"a":9,"dup":false,"ev":"game","ms":165156,"predicted":false,"t":-1,"tick":9784,"type":"respawn"}
[client] {"a":0,"dup":false,"ev":"game","ms":166825,"predicted":false,"t":6,"tick":9884,"type":"hit"}
[client] {"a":6,"dup":false,"ev":"game","ms":167391,"predicted":false,"t":0,"tick":9918,"type":"hit"}
[client] {"a":1,"dup":false,"ev":"game","ms":167674,"predicted":false,"t":6,"tick":9935,"type":"hit"}
[client] {"a":3,"dup":false,"ev":"game","ms":167922,"predicted":false,"t":6,"tick":9950,"type":"hit"}
[client] {"a":1,"dup":false,"ev":"game","ms":167978,"predicted":false,"t":6,"tick":9953,"type":"hit"}
[client] {"a":0,"dup":false,"ev":"game","ms":168040,"predicted":false,"t":6,"tick":9957,"type":"hit"}
[client] {"a":0,"dup":false,"ev":"game","ms":168061,"predicted":false,"t":5,"tick":9958,"type":"hit"}
[client] {"a":7,"dup":false,"ev":"game","ms":168737,"predicted":false,"t":0,"tick":9998,"type":"hit"}
[client] {"a":1,"dup":false,"ev":"game","ms":169151,"predicted":false,"t":7,"tick":10023,"type":"hit"}
[client] {"a":6,"dup":false,"ev":"game","ms":169151,"predicted":false,"t":1,"tick":10023,"type":"hit"}
[client] {"counts":{"blocks_on_me":0,"conf_actions":109,"confirmed_hits":478,"dup_confirmed":0,"hits_on_me":42,"pred_actions":117,"predicted_confirmed":58,"predicted_hits":125,"reconnects":0},"ev":"stats","hp":230.0,"in_bytes":2268957,"late":0,"local_entity":2,"match":{"countdown_until":300,"ctrl":-1,"final":false,"next":"","phase":3,"rot":1022,"scores":[29,10],"sd":false,"state":3,"tick":9778,"zone":"C"},"max_err":2.802,"mean_err":0.0372,"ms":169971,"out_bytes":493838,"pending":8,"pos":[25.04,-13.09],"reconciles":3347,"server_tick":10077,"snaps":3352,"teleports":4}
[client] {"a":6,"dup":false,"ev":"game","ms":170317,"predicted":false,"t":0,"tick":10093,"type":"hit"}
[client] {"a":6,"dup":false,"ev":"game","ms":170372,"predicted":false,"t":3,"tick":10096,"type":"hit"}
[client] {"a":1,"dup":false,"ev":"game","ms":170399,"predicted":false,"t":7,"tick":10098,"type":"hit"}
[client] {"a":4,"dup":false,"ev":"game","ms":170689,"predicted":false,"t":5,"tick":10115,"type":"hit"}
[client] {"a":6,"dup":false,"ev":"game","ms":170986,"predicted":false,"t":4,"tick":10133,"type":"hit"}
[client] {"a":0,"dup":false,"ev":"game","ms":171305,"predicted":false,"t":6,"tick":10152,"type":"hit"}
[client] {"a":7,"dup":false,"ev":"game","ms":171490,"predicted":false,"t":4,"tick":10163,"type":"hit"}
[client] {"a":3,"dup":false,"ev":"game","ms":171738,"predicted":false,"t":6,"tick":10178,"type":"hit"}
[client] {"a":1,"dup":false,"ev":"game","ms":171752,"predicted":false,"t":7,"tick":10179,"type":"hit"}
[client] {"a":4,"dup":false,"ev":"game","ms":171855,"predicted":false,"t":6,"tick":10185,"type":"hit"}
[client] {"a":0,"dup":false,"ev":"game","ms":171869,"predicted":false,"t":5,"tick":10186,"type":"hit"}
[client] {"a":0,"dup":false,"ev":"game","ms":171890,"predicted":false,"t":6,"tick":10187,"type":"hit"}
[client] {"a":0,"dup":false,"ev":"game","ms":171890,"predicted":false,"t":7,"tick":10187,"type":"hit"}
[client] {"a":4,"dup":false,"ev":"game","ms":172470,"predicted":false,"t":5,"tick":10222,"type":"hit"}
[client] {"a":1,"dup":false,"ev":"game","ms":172635,"predicted":false,"t":6,"tick":10232,"type":"hit"}
[client] {"a":7,"dup":false,"ev":"game","ms":172670,"predicted":false,"t":4,"tick":10234,"type":"hit"}
[client] {"a":7,"dup":false,"ev":"game","ms":172987,"predicted":false,"t":4,"tick":10253,"type":"hit"}
[client] {"a":8,"dup":false,"ev":"game","ms":173256,"predicted":false,"t":1,"tick":10269,"type":"hit"}
[client] {"a":7,"dup":false,"ev":"game","ms":173353,"predicted":false,"t":4,"tick":10275,"type":"hit"}
[client] {"a":6,"dup":false,"ev":"game","ms":173809,"predicted":false,"t":4,"tick":10302,"type":"block"}
[client] {"a":3,"dup":false,"ev":"game","ms":173870,"predicted":false,"t":7,"tick":10306,"type":"hit"}
[client] {"a":5,"dup":false,"ev":"game","ms":174174,"predicted":false,"t":3,"tick":10324,"type":"hit"}
[client] {"a":1,"dup":false,"ev":"game","ms":174355,"predicted":false,"t":7,"tick":10335,"type":"hit"}
[client] {"a":6,"dup":false,"ev":"game","ms":174575,"predicted":false,"t":4,"tick":10348,"type":"hit"}
[client] {"a":5,"dup":false,"ev":"game","ms":174836,"predicted":false,"t":4,"tick":10364,"type":"hit"}
[client] {"a":4,"dup":false,"ev":"game","ms":174836,"predicted":false,"t":-1,"tick":10364,"type":"ko"}
[client] {"counts":{"blocks_on_me":0,"conf_actions":110,"confirmed_hits":502,"dup_confirmed":0,"hits_on_me":42,"pred_actions":118,"predicted_confirmed":58,"predicted_hits":125,"reconnects":0},"ev":"stats","hp":230.0,"in_bytes":2343461,"late":0,"local_entity":2,"match":{"countdown_until":300,"ctrl":-1,"final":false,"next":"B","phase":3,"rot":722,"scores":[29,10],"sd":false,"state":3,"tick":10078,"zone":"C"},"max_err":2.802,"mean_err":0.0366,"ms":174973,"out_bytes":508538,"pending":8,"pos":[46.18,-1.19],"reconciles":3447,"server_tick":10377,"snaps":3452,"teleports":4}
[client] {"a":5,"dup":false,"ev":"game","ms":175210,"predicted":false,"t":0,"tick":10386,"type":"hit"}
[client] {"a":8,"dup":false,"ev":"game","ms":175292,"predicted":false,"t":1,"tick":10391,"type":"hit"}
[client] {"a":7,"dup":false,"ev":"game","ms":175471,"predicted":false,"t":3,"tick":10402,"type":"hit"}
[client] {"a":8,"dup":false,"ev":"game","ms":175555,"predicted":false,"t":1,"tick":10407,"type":"hit"}
[client] {"a":7,"dup":false,"ev":"game","ms":175809,"predicted":false,"t":3,"tick":10422,"type":"hit"}
[client] {"a":0,"dup":false,"ev":"game","ms":175858,"predicted":false,"t":5,"tick":10425,"type":"hit"}
[client] {"a":2,"dup":true,"ev":"game","ms":175988,"predicted":false,"t":7,"tick":10439,"type":"hit"}
[client] {"a":2,"dup":true,"ev":"game","ms":176258,"predicted":false,"t":7,"tick":10454,"type":"hit"}
[client] {"a":8,"dup":false,"ev":"game","ms":176272,"predicted":false,"t":0,"tick":10450,"type":"hit"}
[client] {"a":5,"dup":false,"ev":"game","ms":176872,"predicted":false,"t":3,"tick":10486,"type":"hit"}
[client] {"a":8,"dup":false,"ev":"game","ms":176893,"predicted":false,"t":3,"tick":10487,"type":"hit"}
[client] {"a":2,"dup":false,"ev":"game","ms":177093,"predicted":false,"t":7,"tick":10505,"type":"hit"}
[client] {"a":8,"dup":false,"ev":"game","ms":177321,"predicted":false,"t":3,"tick":10513,"type":"parry"}
[client] {"a":0,"dup":false,"ev":"game","ms":177376,"predicted":false,"t":5,"tick":10516,"type":"hit"}
[client] {"a":6,"dup":false,"ev":"game","ms":177410,"predicted":false,"t":3,"tick":10518,"type":"hit"}
[client] {"a":2,"dup":false,"ev":"game","ms":177424,"predicted":false,"t":7,"tick":10525,"type":"hit"}
[client] {"a":7,"dup":false,"ev":"game","ms":177521,"predicted":false,"t":-1,"tick":10525,"type":"ko"}
[client] {"a":6,"dup":false,"ev":"game","ms":178155,"predicted":false,"t":0,"tick":10564,"type":"hit"}
[client] {"a":8,"dup":false,"ev":"game","ms":178390,"predicted":false,"t":2,"tick":10578,"type":"hit"}
[client] {"a":1,"dup":false,"ev":"game","ms":178438,"predicted":false,"t":8,"tick":10581,"type":"hit"}
[client] {"a":5,"dup":false,"ev":"game","ms":178473,"predicted":false,"t":0,"tick":10583,"type":"hit"}
[client] {"a":6,"dup":false,"ev":"game","ms":178493,"predicted":false,"t":0,"tick":10584,"type":"hit"}
[client] {"a":0,"dup":false,"ev":"game","ms":178493,"predicted":false,"t":-1,"tick":10584,"type":"ko"}
[client] {"a":3,"dup":false,"ev":"game","ms":178555,"predicted":false,"t":6,"tick":10588,"type":"hit"}
[client] {"a":1,"dup":false,"ev":"game","ms":178811,"predicted":false,"t":8,"tick":10603,"type":"hit"}
[client] {"a":9,"dup":false,"ev":"game","ms":178921,"predicted":false,"t":1,"tick":10610,"type":"hit"}
[client] {"a":9,"dup":false,"ev":"game","ms":179238,"predicted":false,"t":1,"tick":10629,"type":"hit"}
[client] {"a":8,"dup":false,"ev":"game","ms":179342,"predicted":false,"t":1,"tick":10635,"type":"hit"}
[client] {"a":3,"dup":false,"ev":"game","ms":179521,"predicted":false,"t":9,"tick":10646,"type":"hit"}
[client] {"a":2,"dup":true,"ev":"game","ms":179521,"predicted":false,"t":9,"tick":10651,"type":"hit"}
[client] {"a":2,"dup":true,"ev":"game","ms":179556,"predicted":false,"t":8,"tick":10653,"type":"hit"}
[client] {"a":5,"dup":false,"ev":"game","ms":179577,"predicted":false,"t":3,"tick":10649,"type":"hit"}
[client] {"a":5,"dup":false,"ev":"game","ms":179874,"predicted":false,"t":3,"tick":10667,"type":"hit"}
[client] {"a":2,"dup":true,"ev":"game","ms":179894,"predicted":false,"t":8,"tick":10673,"type":"hit"}
[client] {"counts":{"blocks_on_me":0,"conf_actions":118,"confirmed_hits":533,"dup_confirmed":0,"hits_on_me":43,"pred_actions":126,"predicted_confirmed":63,"predicted_hits":132,"reconnects":0},"ev":"stats","hp":192.0,"in_bytes":2421094,"late":0,"local_entity":2,"match":{"countdown_until":300,"ctrl":-1,"final":false,"next":"B","phase":3,"rot":422,"scores":[29,10],"sd":false,"state":3,"tick":10378,"zone":"C"},"max_err":2.802,"mean_err":0.036,"ms":179976,"out_bytes":523238,"pending":5,"pos":[41.93,-0.13],"reconciles":3548,"server_tick":10677,"snaps":3552,"teleports":4}
[client] {"a":1,"dup":false,"ev":"game","ms":180239,"predicted":false,"t":8,"tick":10689,"type":"hit"}
[client] {"a":6,"dup":false,"ev":"game","ms":180432,"predicted":false,"t":2,"tick":10701,"type":"hit"}
[client] {"a":9,"dup":false,"ev":"game","ms":180922,"predicted":false,"t":1,"tick":10730,"type":"hit"}
[client] {"a":6,"dup":false,"ev":"game","ms":181123,"predicted":false,"t":3,"tick":10742,"type":"hit"}
[client] {"a":5,"dup":false,"ev":"game","ms":181288,"predicted":false,"t":3,"tick":10751,"type":"hit"}
[client] {"a":9,"dup":false,"ev":"game","ms":181570,"predicted":false,"t":3,"tick":10769,"type":"hit"}
[client] {"a":3,"dup":false,"ev":"game","ms":181571,"predicted":false,"t":-1,"tick":10769,"type":"ko"}
[client] {"a":1,"dup":false,"ev":"game","ms":181605,"predicted":false,"t":9,"tick":10771,"type":"hit"}
[client] {"a":8,"dup":false,"ev":"game","ms":182019,"predicted":false,"t":1,"tick":10796,"type":"hit"}
[client] {"a":2,"dup":true,"ev":"game","ms":182067,"predicted":false,"t":8,"tick":10804,"type":"hit"}
[client] {"a":1,"dup":false,"ev":"game","ms":182688,"predicted":false,"t":5,"tick":10836,"type":"hit"}
[client] {"a":1,"dup":false,"ev":"game","ms":183123,"predicted":false,"t":6,"tick":10862,"type":"hit"}
[client] {"a":6,"dup":false,"ev":"game","ms":183123,"predicted":false,"t":-1,"tick":10862,"type":"ko"}
[client] {"a":9,"dup":false,"ev":"game","ms":183606,"predicted":false,"t":1,"tick":10891,"type":"hit"}
[client] {"a":2,"dup":true,"ev":"game","ms":184089,"predicted":false,"t":8,"tick":10925,"type":"hit"}
[client] {"a":5,"dup":false,"ev":"game","ms":184103,"predicted":false,"t":1,"tick":10921,"type":"hit"}
[client] {"a":5,"dup":false,"ev":"game","ms":184420,"predicted":false,"t":1,"tick":10940,"type":"hit"}
[client] {"a":1,"dup":false,"ev":"game","ms":184420,"predicted":false,"t":-1,"tick":10940,"type":"ko"}
[client] {"a":2,"dup":true,"ev":"game","ms":184524,"predicted":false,"t":8,"tick":10950,"type":"hit"}
[client] {"a":4,"dup":false,"ev":"game","ms":184821,"predicted":false,"t":-1,"tick":10964,"type":"respawn"}
[client] {"a":2,"dup":true,"ev":"game","ms":184889,"predicted":false,"t":8,"tick":10973,"type":"hit"}
[client] {"counts":{"blocks_on_me":0,"conf_actions":126,"confirmed_hits":550,"dup_confirmed":0,"hits_on_me":44,"pred_actions":134,"predicted_confirmed":67,"predicted_hits":138,"reconnects":0},"ev":"stats","hp":154.0,"in_bytes":2494297,"late":0,"local_entity":2,"match":{"countdown_until":300,"ctrl":-1,"final":false,"next":"B","phase":3,"rot":122,"scores":[29,10],"sd":false,"state":3,"tick":10678,"zone":"C"},"max_err":2.802,"mean_err":0.0362,"ms":184971,"out_bytes":537938,"pending":5,"pos":[41.25,1.87],"reconciles":3648,"server_tick":10977,"snaps":3652,"teleports":4}
[client] {"a":2,"dup":false,"ev":"game","ms":185586,"predicted":false,"t":9,"tick":11015,"type":"hit"}
[client] {"a":2,"dup":true,"ev":"game","ms":185938,"predicted":false,"t":5,"tick":11036,"type":"hit"}
[client] {"a":2,"dup":true,"ev":"game","ms":186173,"predicted":false,"t":5,"tick":11049,"type":"hit"}
[client] {"a":2,"dup":true,"ev":"game","ms":186221,"predicted":false,"t":8,"tick":11052,"type":"hit"}
[client] {"a":5,"dup":false,"ev":"game","ms":186235,"predicted":false,"t":-1,"tick":11049,"type":"ko"}
[client] {"a":2,"dup":true,"ev":"game","ms":186939,"predicted":false,"t":9,"tick":11096,"type":"hit"}
[client] {"a":-1,"dup":false,"ev":"game","ms":187070,"predicted":false,"t":-1,"tick":11099,"type":"zone_rotated"}
[client] {"a":7,"dup":false,"ev":"game","ms":187505,"predicted":false,"t":-1,"tick":11125,"type":"respawn"}
[client] {"a":0,"dup":false,"ev":"game","ms":188491,"predicted":false,"t":-1,"tick":11184,"type":"respawn"}
[client] {"counts":{"blocks_on_me":0,"conf_actions":129,"confirmed_hits":555,"dup_confirmed":0,"hits_on_me":44,"pred_actions":137,"predicted_confirmed":71,"predicted_hits":145,"reconnects":0},"ev":"stats","hp":154.0,"in_bytes":2554569,"late":0,"local_entity":2,"match":{"countdown_until":300,"ctrl":-1,"final":false,"next":"","phase":3,"rot":3422,"scores":[29,10],"sd":false,"state":1,"tick":10978,"zone":"B"},"max_err":2.802,"mean_err":0.0353,"ms":189974,"out_bytes":552638,"pending":5,"pos":[24.24,-4.27],"reconciles":3748,"server_tick":11277,"snaps":3752,"teleports":4}
[client] {"a":3,"dup":false,"ev":"game","ms":191576,"predicted":false,"t":-1,"tick":11369,"type":"respawn"}
[client] {"a":6,"dup":false,"ev":"game","ms":193128,"predicted":false,"t":-1,"tick":11462,"type":"respawn"}
[client] {"a":4,"dup":false,"ev":"game","ms":193411,"predicted":false,"t":8,"tick":11479,"type":"hit"}
[client] {"a":2,"dup":true,"ev":"game","ms":193625,"predicted":false,"t":8,"tick":11497,"type":"hit"}
[client] {"a":8,"dup":false,"ev":"game","ms":193708,"predicted":false,"t":-1,"tick":11497,"type":"ko"}
[client] {"a":1,"dup":false,"ev":"game","ms":194425,"predicted":false,"t":-1,"tick":11540,"type":"respawn"}
[client] {"counts":{"blocks_on_me":0,"conf_actions":133,"confirmed_hits":557,"dup_confirmed":0,"hits_on_me":44,"pred_actions":141,"predicted_confirmed":72,"predicted_hits":147,"reconnects":0},"ev":"stats","hp":154.0,"in_bytes":2615353,"late":0,"local_entity":2,"match":{"countdown_until":300,"ctrl":-1,"final":false,"next":"","phase":3,"rot":3122,"scores":[29,10],"sd":false,"state":3,"tick":11278,"zone":"B"},"max_err":2.802,"mean_err":0.0344,"ms":194976,"out_bytes":567338,"pending":5,"pos":[2.67,-3.0],"reconciles":3848,"server_tick":11577,"snaps":3852,"teleports":4}
[client] {"a":9,"dup":false,"ev":"game","ms":195074,"predicted":false,"t":2,"tick":11579,"type":"hit"}
[client] {"a":4,"dup":false,"ev":"game","ms":195895,"predicted":false,"t":7,"tick":11628,"type":"hit"}
[client] {"a":0,"dup":false,"ev":"game","ms":196026,"predicted":false,"t":7,"tick":11636,"type":"hit"}
[client] {"a":5,"dup":false,"ev":"game","ms":196247,"predicted":false,"t":-1,"tick":11649,"type":"respawn"}
[client] {"a":7,"dup":false,"ev":"game","ms":196847,"predicted":false,"t":4,"tick":11685,"type":"hit"}
[client] {"a":7,"dup":false,"ev":"game","ms":197110,"predicted":false,"t":4,"tick":11701,"type":"hit"}
[client] {"a":2,"dup":true,"ev":"game","ms":197144,"predicted":false,"t":9,"tick":11708,"type":"hit"}
[client] {"a":7,"dup":false,"ev":"game","ms":197468,"predicted":false,"t":4,"tick":11723,"type":"hit"}
[client] {"a":2,"dup":true,"ev":"game","ms":197489,"predicted":false,"t":9,"tick":11729,"type":"hit"}
[client] {"a":0,"dup":false,"ev":"game","ms":197559,"predicted":false,"t":7,"tick":11728,"type":"hit"}
[client] {"a":2,"dup":true,"ev":"game","ms":197903,"predicted":false,"t":9,"tick":11753,"type":"hit"}
[client] {"a":7,"dup":false,"ev":"game","ms":197937,"predicted":false,"t":4,"tick":11750,"type":"hit"}
[client] {"a":0,"dup":false,"ev":"game","ms":198020,"predicted":false,"t":7,"tick":11756,"type":"hit"}
[client] {"a":2,"dup":true,"ev":"game","ms":198689,"predicted":false,"t":7,"tick":11801,"type":"hit"}
[client] {"a":0,"dup":false,"ev":"game","ms":198703,"predicted":false,"t":7,"tick":11796,"type":"hit"}
[client] {"a":4,"dup":false,"ev":"game","ms":198772,"predicted":false,"t":7,"tick":11800,"type":"hit"}
[client] {"a":2,"dup":true,"ev":"game","ms":198959,"predicted":false,"t":7,"tick":11817,"type":"hit"}
[client] {"a":4,"dup":false,"ev":"game","ms":199104,"predicted":false,"t":7,"tick":11821,"type":"hit"}
[client] {"a":9,"dup":false,"ev":"game","ms":199455,"predicted":false,"t":2,"tick":11842,"type":"hit"}
[client] {"a":7,"dup":false,"ev":"game","ms":199560,"predicted":false,"t":0,"tick":11847,"type":"hit"}
[client] {"a":7,"dup":false,"ev":"game","ms":199821,"predicted":false,"t":2,"tick":11863,"type":"hit"}
[client] {"a":7,"dup":false,"ev":"game","ms":199856,"predicted":false,"t":0,"tick":11865,"type":"hit"}
[client] {"a":4,"dup":false,"ev":"game","ms":199960,"predicted":false,"t":7,"tick":11871,"type":"hit"}
[client] {"a":7,"dup":false,"ev":"game","ms":199960,"predicted":false,"t":-1,"tick":11871,"type":"ko"}
[client] {"counts":{"blocks_on_me":0,"conf_actions":141,"confirmed_hits":579,"dup_confirmed":0,"hits_on_me":47,"pred_actions":150,"predicted_confirmed":77,"predicted_hits":154,"reconnects":0},"ev":"stats","hp":80.0,"in_bytes":2685768,"late":0,"local_entity":2,"match":{"countdown_until":300,"ctrl":-1,"final":false,"next":"","phase":3,"rot":2822,"scores":[29,10],"sd":false,"state":3,"tick":11578,"zone":"B"},"max_err":2.802,"mean_err":0.0345,"ms":199972,"out_bytes":582038,"pending":5,"pos":[-1.99,-2.72],"reconciles":3948,"server_tick":11877,"snaps":3952,"teleports":4}
[client] {"a":9,"dup":false,"ev":"game","ms":200656,"predicted":false,"t":4,"tick":11913,"type":"hit"}
[client] {"a":9,"dup":false,"ev":"game","ms":200925,"predicted":false,"t":4,"tick":11929,"type":"hit"}
[client] {"a":9,"dup":false,"ev":"game","ms":200960,"predicted":false,"t":0,"tick":11931,"type":"hit"}
[client] {"a":2,"dup":true,"ev":"game","ms":201222,"predicted":false,"t":9,"tick":11953,"type":"hit"}
[client] {"a":4,"dup":false,"ev":"game","ms":201304,"predicted":false,"t":9,"tick":11952,"type":"hit"}
[client] {"a":0,"dup":false,"ev":"game","ms":201325,"predicted":false,"t":6,"tick":11953,"type":"hit"}
[client] {"a":6,"dup":false,"ev":"game","ms":201740,"predicted":false,"t":0,"tick":11978,"type":"hit"}
[client] {"a":0,"dup":false,"ev":"game","ms":202126,"predicted":false,"t":6,"tick":12002,"type":"hit"}
[client] {"a":0,"dup":false,"ev":"game","ms":202423,"predicted":false,"t":6,"tick":12020,"type":"hit"}
[client] {"a":0,"dup":false,"ev":"game","ms":202727,"predicted":false,"t":6,"tick":12038,"type":"hit"}
[client] {"a":9,"dup":false,"ev":"game","ms":202809,"predicted":false,"t":4,"tick":12043,"type":"block"}
[client] {"a":3,"dup":false,"ev":"game","ms":202822,"predicted":false,"t":9,"tick":12044,"type":"hit"}
[client] {"a":9,"dup":false,"ev":"game","ms":202822,"predicted":false,"t":-1,"tick":12044,"type":"ko"}
[client] {"a":6,"dup":false,"ev":"game","ms":203126,"predicted":false,"t":0,"tick":12062,"type":"hit"}
[client] {"a":8,"dup":false,"ev":"game","ms":203706,"predicted":false,"t":-1,"tick":12097,"type":"respawn"}
[client] {"a":6,"dup":false,"ev":"game","ms":203809,"predicted":false,"t":2,"tick":12103,"type":"hit"}
[client] {"a":5,"dup":false,"ev":"game","ms":203906,"predicted":false,"t":2,"tick":12109,"type":"hit"}
[client] {"a":2,"dup":true,"ev":"game","ms":204575,"predicted":false,"t":6,"tick":12154,"type":"hit"}
[client] {"counts":{"blocks_on_me":0,"conf_actions":150,"confirmed_hits":594,"dup_confirmed":0,"hits_on_me":49,"pred_actions":158,"predicted_confirmed":79,"predicted_hits":161,"reconnects":0},"ev":"stats","hp":44.0,"in_bytes":2754876,"late":0,"local_entity":2,"match":{"countdown_until":300,"ctrl":-1,"final":false,"next":"","phase":3,"rot":2522,"scores":[29,10],"sd":false,"state":3,"tick":11878,"zone":"B"},"max_err":2.802,"mean_err":0.0345,"ms":204974,"out_bytes":596738,"pending":5,"pos":[-2.62,-1.52],"reconciles":4048,"server_tick":12177,"snaps":4052,"teleports":4}
[client] {"a":2,"dup":true,"ev":"game","ms":204975,"predicted":false,"t":6,"tick":12178,"type":"hit"}
[client] {"a":0,"dup":false,"ev":"game","ms":205010,"predicted":false,"t":6,"tick":12175,"type":"hit"}
[client] {"a":2,"dup":true,"ev":"game","ms":205307,"predicted":false,"t":6,"tick":12198,"type":"hit"}
[client] {"a":0,"dup":false,"ev":"game","ms":205327,"predicted":false,"t":6,"tick":12194,"type":"hit"}
[client] {"a":3,"dup":false,"ev":"game","ms":205362,"predicted":false,"t":6,"tick":12196,"type":"hit"}
[client] {"a":0,"dup":false,"ev":"game","ms":205659,"predicted":false,"t":6,"tick":12214,"type":"hit"}
[client] {"a":3,"dup":false,"ev":"game","ms":205707,"predicted":false,"t":6,"tick":12217,"type":"hit"}
[client] {"a":2,"dup":true,"ev":"game","ms":206024,"predicted":false,"t":6,"tick":12241,"type":"hit"}
[client] {"a":5,"dup":false,"ev":"game","ms":206459,"predicted":false,"t":3,"tick":12262,"type":"hit"}
[client] {"a":1,"dup":false,"ev":"game","ms":206680,"predicted":false,"t":5,"tick":12275,"type":"hit"}
[client] {"a":1,"dup":false,"ev":"game","ms":206708,"predicted":false,"t":6,"tick":12277,"type":"hit"}
[client] {"a":6,"dup":false,"ev":"game","ms":206708,"predicted":false,"t":-1,"tick":12277,"type":"ko"}
[client] {"a":0,"dup":false,"ev":"game","ms":209654,"predicted":false,"t":5,"tick":12453,"type":"hit"}
[client] {"a":7,"dup":false,"ev":"game","ms":209957,"predicted":false,"t":-1,"tick":12471,"type":"respawn"}
[client] {"counts":{"blocks_on_me":0,"conf_actions":152,"confirmed_hits":606,"dup_confirmed":0,"hits_on_me":49,"pred_actions":160,"predicted_confirmed":82,"predicted_hits":166,"reconnects":0},"ev":"stats","hp":44.0,"in_bytes":2813593,"late":0,"local_entity":2,"match":{"countdown_until":300,"ctrl":-1,"final":false,"next":"","phase":3,"rot":2222,"scores":[29,10],"sd":false,"state":3,"tick":12178,"zone":"B"},"max_err":2.802,"mean_err":0.0345,"ms":209970,"out_bytes":611438,"pending":8,"pos":[0.59,-2.67],"reconciles":4147,"server_tick":12477,"snaps":4152,"teleports":4}
[client] {"a":3,"dup":false,"ev":"game","ms":209992,"predicted":false,"t":5,"tick":12473,"type":"hit"}
[client] {"a":0,"dup":false,"ev":"game","ms":210136,"predicted":false,"t":5,"tick":12482,"type":"hit"}
[client] {"a":0,"dup":false,"ev":"game","ms":210571,"predicted":false,"t":5,"tick":12508,"type":"hit"}
[client] {"a":3,"dup":false,"ev":"game","ms":210620,"predicted":false,"t":5,"tick":12511,"type":"hit"}
[client] {"a":3,"dup":false,"ev":"game","ms":210972,"predicted":false,"t":5,"tick":12532,"type":"hit"}
[client] {"a":3,"dup":false,"ev":"game","ms":211324,"predicted":false,"t":5,"tick":12553,"type":"hit"}
[client] {"a":8,"dup":false,"ev":"game","ms":211392,"predicted":false,"t":1,"tick":12557,"type":"hit"}
[client] {"a":8,"dup":false,"ev":"game","ms":211772,"predicted":false,"t":3,"tick":12580,"type":"hit"}
[client] {"a":1,"dup":false,"ev":"game","ms":211876,"predicted":false,"t":8,"tick":12586,"type":"hit"}
[client] {"a":0,"dup":false,"ev":"game","ms":211993,"predicted":false,"t":5,"tick":12593,"type":"hit"}
[client] {"a":3,"dup":false,"ev":"game","ms":212172,"predicted":false,"t":5,"tick":12604,"type":"hit"}
[client] {"a":1,"dup":false,"ev":"game","ms":212193,"predicted":false,"t":8,"tick":12605,"type":"hit"}
[client] {"a":1,"dup":false,"ev":"game","ms":212524,"predicted":false,"t":8,"tick":12626,"type":"hit"}
[client] {"a":5,"dup":false,"ev":"game","ms":212524,"predicted":false,"t":0,"tick":12626,"type":"hit"}
[client] {"a":5,"dup":false,"ev":"game","ms":212558,"predicted":false,"t":3,"tick":12628,"type":"hit"}
[client] {"a":9,"dup":false,"ev":"game","ms":212841,"predicted":false,"t":-1,"tick":12644,"type":"respawn"}
[client] {"a":5,"dup":false,"ev":"game","ms":212855,"predicted":false,"t":0,"tick":12645,"type":"hit"}
[client] {"a":5,"dup":false,"ev":"game","ms":212876,"predicted":false,"t":3,"tick":12647,"type":"hit"}
[client] {"a":1,"dup":false,"ev":"game","ms":213159,"predicted":false,"t":8,"tick":12663,"type":"hit"}
[client] {"a":0,"dup":false,"ev":"game","ms":213207,"predicted":false,"t":5,"tick":12666,"type":"hit"}
[client] {"a":3,"dup":false,"ev":"game","ms":213338,"predicted":false,"t":5,"tick":12674,"type":"hit"}
[client] {"a":5,"dup":false,"ev":"game","ms":213338,"predicted":false,"t":-1,"tick":12674,"type":"ko"}
[client] {"a":8,"dup":false,"ev":"game","ms":213739,"predicted":false,"t":1,"tick":12698,"type":"hit"}
[client] {"a":8,"dup":false,"ev":"game","ms":213993,"predicted":false,"t":1,"tick":12713,"type":"hit"}
[client] {"counts":{"blocks_on_me":0,"conf_actions":152,"confirmed_hits":628,"dup_confirmed":0,"hits_on_me":49,"pred_actions":160,"predicted_confirmed":82,"predicted_hits":166,"reconnects":0},"ev":"stats","hp":98.5999999999995,"in_bytes":2877021,"late":0,"local_entity":2,"match":{"countdown_until":300,"ctrl":-1,"final":false,"next":"","phase":3,"rot":1922,"scores":[29,10],"sd":false,"state":3,"tick":12478,"zone":"B"},"max_err":2.802,"mean_err":0.0338,"ms":214973,"out_bytes":626138,"pending":5,"pos":[0.59,-2.67],"reconciles":4248,"server_tick":12777,"snaps":4252,"teleports":4}
[client] {"a":8,"dup":false,"ev":"game","ms":215539,"predicted":false,"t":1,"tick":12807,"type":"hit"}
[client] {"a":1,"dup":false,"ev":"game","ms":215905,"predicted":false,"t":8,"tick":12829,"type":"hit"}
[client] {"a":1,"dup":false,"ev":"game","ms":216223,"predicted":false,"t":8,"tick":12848,"type":"hit"}
[client] {"a":6,"dup":false,"ev":"game","ms":216713,"predicted":false,"t":-1,"tick":12877,"type":"respawn"}
[client] {"a":8,"dup":false,"ev":"game","ms":216878,"predicted":false,"t":1,"tick":12887,"type":"hit"}
[client] {"a":8,"dup":false,"ev":"game","ms":216913,"predicted":false,"t":0,"tick":12889,"type":"hit"}
[client] {"a":8,"dup":false,"ev":"game","ms":216975,"predicted":false,"t":3,"tick":12893,"type":"hit"}
[client] {"a":8,"dup":false,"ev":"game","ms":217541,"predicted":false,"t":1,"tick":12927,"type":"hit"}
[client] {"a":4,"dup":false,"ev":"game","ms":217892,"predicted":false,"t":8,"tick":12948,"type":"hit"}
[client] {"a":1,"dup":false,"ev":"game","ms":218196,"predicted":false,"t":7,"tick":12966,"type":"hit"}
[client] {"a":8,"dup":false,"ev":"game","ms":218858,"predicted":false,"t":4,"tick":13006,"type":"hit"}
[client] {"a":1,"dup":false,"ev":"game","ms":219010,"predicted":false,"t":8,"tick":13015,"type":"hit"}
[client] {"a":7,"dup":false,"ev":"game","ms":219010,"predicted":false,"t":4,"tick":13015,"type":"hit"}
[client] {"a":1,"dup":false,"ev":"game","ms":219417,"predicted":false,"t":8,"tick":13040,"type":"hit"}
[client] {"a":4,"dup":false,"ev":"game","ms":219569,"predicted":false,"t":7,"tick":13049,"type":"hit"}
[client] {"a":4,"dup":false,"ev":"game","ms":219908,"predicted":false,"t":7,"tick":13069,"type":"hit"}
[client] {"counts":{"blocks_on_me":0,"conf_actions":152,"confirmed_hits":643,"dup_confirmed":0,"hits_on_me":49,"pred_actions":160,"predicted_confirmed":82,"predicted_hits":166,"reconnects":0},"ev":"stats","hp":188.600000000002,"in_bytes":2939190,"late":0,"local_entity":2,"match":{"countdown_until":300,"ctrl":-1,"final":false,"next":"","phase":3,"rot":1622,"scores":[29,10],"sd":false,"state":3,"tick":12778,"zone":"B"},"max_err":2.802,"mean_err":0.0332,"ms":219968,"out_bytes":640838,"pending":8,"pos":[0.59,-2.67],"reconciles":4347,"server_tick":13077,"snaps":4352,"teleports":4}
[client] {"a":8,"dup":false,"ev":"game","ms":220204,"predicted":false,"t":1,"tick":13087,"type":"hit"}
[client] {"a":4,"dup":false,"ev":"game","ms":220252,"predicted":false,"t":7,"tick":13090,"type":"hit"}
[client] {"a":8,"dup":false,"ev":"game","ms":220535,"predicted":false,"t":1,"tick":13107,"type":"hit"}
[client] {"a":8,"dup":false,"ev":"game","ms":220887,"predicted":false,"t":1,"tick":13127,"type":"hit"}
[client] {"a":4,"dup":false,"ev":"game","ms":221190,"predicted":false,"t":8,"tick":13145,"type":"hit"}
[client] {"a":7,"dup":false,"ev":"game","ms":222122,"predicted":false,"t":4,"tick":13201,"type":"hit"}
[client] {"a":9,"dup":false,"ev":"game","ms":222198,"predicted":false,"t":4,"tick":13205,"type":"hit"}
[client] {"a":8,"dup":false,"ev":"game","ms":222301,"predicted":false,"t":4,"tick":13213,"type":"hit"}
[client] {"a":8,"dup":false,"ev":"game","ms":222536,"predicted":false,"t":4,"tick":13227,"type":"hit"}
[client] {"a":7,"dup":false,"ev":"game","ms":223136,"predicted":false,"t":4,"tick":13263,"type":"hit"}
[client] {"a":5,"dup":false,"ev":"game","ms":223322,"predicted":false,"t":-1,"tick":13274,"type":"respawn"}
[client] {"a":7,"dup":false,"ev":"game","ms":223440,"predicted":false,"t":4,"tick":13281,"type":"hit"}
[client] {"a":8,"dup":false,"ev":"game","ms":223522,"predicted":false,"t":4,"tick":13286,"type":"hit"}
[client] {"a":9,"dup":false,"ev":"game","ms":223592,"predicted":false,"t":4,"tick":13290,"type":"hit"}
[client] {"a":4,"dup":false,"ev":"game","ms":223592,"predicted":false,"t":-1,"tick":13290,"type":"ko"}
[client] {"a":8,"dup":false,"ev":"game","ms":224358,"predicted":false,"t":1,"tick":13336,"type":"hit"}
[client] {"a":8,"dup":false,"ev":"game","ms":224771,"predicted":false,"t":1,"tick":13361,"type":"hit"}
[client] {"counts":{"blocks_on_me":0,"conf_actions":152,"confirmed_hits":658,"dup_confirmed":0,"hits_on_me":49,"pred_actions":160,"predicted_confirmed":82,"predicted_hits":166,"reconnects":0},"ev":"stats","hp":230.0,"in_bytes":3005497,"late":0,"local_entity":2,"match":{"countdown_until":300,"ctrl":-1,"final":false,"next":"","phase":3,"rot":1322,"scores":[29,10],"sd":false,"state":3,"tick":13078,"zone":"B"},"max_err":2.802,"mean_err":0.0326,"ms":224971,"out_bytes":655538,"pending":5,"pos":[0.59,-2.67],"reconciles":4448,"server_tick":13377,"snaps":4452,"teleports":4}
[client] {"a":8,"dup":false,"ev":"game","ms":225075,"predicted":false,"t":0,"tick":13379,"type":"hit"}
[client] {"a":1,"dup":false,"ev":"game","ms":225172,"predicted":false,"t":8,"tick":13385,"type":"hit"}
[client] {"a":7,"dup":false,"ev":"game","ms":225241,"predicted":false,"t":0,"tick":13389,"type":"hit"}
[client] {"a":0,"dup":false,"ev":"game","ms":225241,"predicted":false,"t":-1,"tick":13389,"type":"ko"}
[client] {"a":7,"dup":false,"ev":"game","ms":225289,"predicted":false,"t":3,"tick":13392,"type":"hit"}
[client] {"a":9,"dup":false,"ev":"game","ms":225456,"predicted":false,"t":1,"tick":13402,"type":"hit"}
[client] {"a":1,"dup":false,"ev":"game","ms":225456,"predicted":false,"t":-1,"tick":13402,"type":"ko"}
[client] {"a":7,"dup":false,"ev":"game","ms":225841,"predicted":false,"t":2,"tick":13425,"type":"hit"}
[client] {"a":7,"dup":false,"ev":"game","ms":226159,"predicted":false,"t":2,"tick":13444,"type":"hit"}
[client] {"a":7,"dup":false,"ev":"game","ms":226159,"predicted":false,"t":3,"tick":13444,"type":"hit"}
[client] {"a":7,"dup":false,"ev":"game","ms":226456,"predicted":false,"t":3,"tick":13462,"type":"hit"}
[client] {"a":2,"dup":true,"ev":"game","ms":226476,"predicted":false,"t":7,"tick":13468,"type":"hit"}
[client] {"a":9,"dup":false,"ev":"game","ms":226924,"predicted":false,"t":2,"tick":13490,"type":"hit"}
[client] {"a":7,"dup":false,"ev":"game","ms":227008,"predicted":false,"t":2,"tick":13495,"type":"hit"}
[client] {"a":3,"dup":false,"ev":"game","ms":227325,"predicted":false,"t":7,"tick":13514,"type":"hit"}
[client] {"a":8,"dup":false,"ev":"game","ms":227393,"predicted":false,"t":3,"tick":13518,"type":"hit"}
[client] {"a":6,"dup":false,"ev":"game","ms":227442,"predicted":false,"t":3,"tick":13521,"type":"hit"}
[client] {"a":2,"dup":true,"ev":"game","ms":227573,"predicted":false,"t":9,"tick":13534,"type":"hit"}
[client] {"a":9,"dup":false,"ev":"game","ms":228021,"predicted":false,"t":2,"tick":13556,"type":"hit"}
[client] {"a":9,"dup":false,"ev":"game","ms":228525,"predicted":false,"t":2,"tick":13586,"type":"hit"}
[client] {"a":9,"dup":false,"ev":"game","ms":228573,"predicted":false,"t":3,"tick":13589,"type":"hit"}
[client] {"a":3,"dup":false,"ev":"game","ms":228573,"predicted":false,"t":-1,"tick":13589,"type":"ko"}
[client] {"a":6,"dup":false,"ev":"game","ms":229795,"predicted":false,"t":2,"tick":13662,"type":"hit"}
[client] {"counts":{"blocks_on_me":0,"conf_actions":160,"confirmed_hits":678,"dup_confirmed":0,"hits_on_me":56,"pred_actions":169,"predicted_confirmed":84,"predicted_hits":176,"reconnects":0},"ev":"stats","hp":100.0,"in_bytes":3079419,"late":0,"local_entity":2,"match":{"countdown_until":300,"ctrl":-1,"final":false,"next":"","phase":3,"rot":1022,"scores":[29,10],"sd":false,"state":3,"tick":13378,"zone":"B"},"max_err":2.802,"mean_err":0.0329,"ms":229973,"out_bytes":670238,"pending":5,"pos":[2.6,-2.38],"reconciles":4548,"server_tick":13677,"snaps":4552,"teleports":4}
[client] {"a":6,"dup":false,"ev":"game","ms":230278,"predicted":false,"t":2,"tick":13691,"type":"hit"}
[client] {"a":7,"dup":false,"ev":"game","ms":230374,"predicted":false,"t":2,"tick":13697,"type":"hit"}
[client] {"a":2,"dup":true,"ev":"game","ms":231161,"predicted":false,"t":6,"tick":13749,"type":"hit"}
[client] {"a":2,"dup":true,"ev":"game","ms":231396,"predicted":false,"t":6,"tick":13763,"type":"hit"}
[client] {"a":6,"dup":false,"ev":"game","ms":232273,"predicted":false,"t":2,"tick":13811,"type":"hit"}
[client] {"a":4,"dup":false,"ev":"game","ms":233603,"predicted":false,"t":-1,"tick":13890,"type":"respawn"}
[client] {"a":2,"dup":true,"ev":"game","ms":234486,"predicted":false,"t":5,"tick":13949,"type":"hit"}
[client] {"a":2,"dup":false,"ev":"game","ms":234721,"predicted":false,"t":-1,"tick":13962,"type":"ko"}
[client] {"a":8,"dup":false,"ev":"game","ms":234804,"predicted":false,"t":2,"tick":13962,"type":"hit"}
[client] {"a":9,"dup":false,"ev":"game","ms":234804,"predicted":false,"t":2,"tick":13962,"type":"hit"}
[client] {"counts":{"blocks_on_me":0,"conf_actions":164,"confirmed_hits":686,"dup_confirmed":0,"hits_on_me":61,"pred_actions":173,"predicted_confirmed":87,"predicted_hits":183,"reconnects":0},"ev":"stats","hp":0.0,"in_bytes":3150902,"late":0,"local_entity":2,"match":{"countdown_until":300,"ctrl":1,"final":false,"next":"A","phase":3,"rot":722,"scores":[29,10],"sd":false,"state":2,"tick":13678,"zone":"B"},"max_err":2.802,"mean_err":0.0333,"ms":234969,"out_bytes":684938,"pending":5,"pos":[-1.67,-3.08],"reconciles":4648,"server_tick":13977,"snaps":4652,"teleports":4}
[client] {"a":0,"dup":false,"ev":"game","ms":235239,"predicted":false,"t":-1,"tick":13989,"type":"respawn"}
[client] {"a":1,"dup":false,"ev":"game","ms":235453,"predicted":false,"t":-1,"tick":14002,"type":"respawn"}
[client] {"a":3,"dup":false,"ev":"game","ms":238585,"predicted":false,"t":-1,"tick":14189,"type":"respawn"}
[client] {"counts":{"blocks_on_me":0,"conf_actions":164,"confirmed_hits":686,"dup_confirmed":0,"hits_on_me":61,"pred_actions":173,"predicted_confirmed":87,"predicted_hits":183,"reconnects":0},"ev":"stats","hp":0.0,"in_bytes":3213780,"late":0,"local_entity":2,"match":{"countdown_until":300,"ctrl":-1,"final":false,"next":"A","phase":3,"rot":422,"scores":[29,15],"sd":false,"state":3,"tick":13978,"zone":"B"},"max_err":2.802,"mean_err":0.0326,"ms":239965,"out_bytes":699638,"pending":8,"pos":[-1.67,-3.08],"reconciles":4747,"server_tick":14277,"snaps":4752,"teleports":4}
[client] {"a":4,"dup":false,"ev":"game","ms":240786,"predicted":false,"t":5,"tick":14321,"type":"hit"}
[client] {"a":4,"dup":false,"ev":"game","ms":241069,"predicted":false,"t":8,"tick":14338,"type":"hit"}
[client] {"a":8,"dup":false,"ev":"game","ms":241069,"predicted":false,"t":-1,"tick":14338,"type":"ko"}
[client] {"a":4,"dup":false,"ev":"game","ms":241118,"predicted":false,"t":5,"tick":14341,"type":"hit"}
[client] {"a":4,"dup":false,"ev":"game","ms":241421,"predicted":false,"t":5,"tick":14359,"type":"hit"}
[client] {"a":7,"dup":false,"ev":"game","ms":241622,"predicted":false,"t":4,"tick":14371,"type":"hit"}
[client] {"a":9,"dup":false,"ev":"game","ms":241683,"predicted":false,"t":4,"tick":14375,"type":"hit"}
[client] {"a":9,"dup":false,"ev":"game","ms":242704,"predicted":false,"t":1,"tick":14436,"type":"hit"}
[client] {"a":4,"dup":false,"ev":"game","ms":242739,"predicted":false,"t":7,"tick":14438,"type":"hit"}
[client] {"a":9,"dup":false,"ev":"game","ms":243036,"predicted":false,"t":4,"tick":14456,"type":"hit"}
[client] {"a":9,"dup":false,"ev":"game","ms":243050,"predicted":false,"t":1,"tick":14457,"type":"hit"}
[client] {"a":4,"dup":false,"ev":"game","ms":243401,"predicted":false,"t":7,"tick":14478,"type":"hit"}
[client] {"a":4,"dup":false,"ev":"game","ms":243450,"predicted":false,"t":6,"tick":14481,"type":"hit"}
[client] {"a":0,"dup":false,"ev":"game","ms":243519,"predicted":false,"t":7,"tick":14485,"type":"hit"}
[client] {"a":0,"dup":false,"ev":"game","ms":243540,"predicted":false,"t":9,"tick":14486,"type":"hit"}
[client] {"a":0,"dup":false,"ev":"game","ms":243588,"predicted":false,"t":5,"tick":14489,"type":"hit"}
[client] {"a":6,"dup":false,"ev":"game","ms":243802,"predicted":false,"t":4,"tick":14503,"type":"hit"}
[client] {"a":1,"dup":false,"ev":"game","ms":244119,"predicted":false,"t":6,"tick":14522,"type":"hit"}
[client] {"a":0,"dup":false,"ev":"game","ms":244368,"predicted":false,"t":7,"tick":14537,"type":"hit"}
[client] {"a":0,"dup":false,"ev":"game","ms":244368,"predicted":false,"t":9,"tick":14537,"type":"hit"}
[client] {"a":7,"dup":false,"ev":"game","ms":244368,"predicted":false,"t":-1,"tick":14537,"type":"ko"}
[client] {"a":0,"dup":false,"ev":"game","ms":244388,"predicted":false,"t":5,"tick":14538,"type":"hit"}
[client] {"a":2,"dup":false,"ev":"game","ms":244706,"predicted":false,"t":-1,"tick":14562,"type":"respawn"}
[client] {"counts":{"blocks_on_me":0,"conf_actions":164,"confirmed_hits":706,"dup_confirmed":0,"hits_on_me":61,"pred_actions":173,"predicted_confirmed":87,"predicted_hits":183,"reconnects":0},"ev":"stats","hp":230.0,"in_bytes":3283619,"late":0,"local_entity":2,"match":{"countdown_until":300,"ctrl":-1,"final":false,"next":"A","phase":3,"rot":122,"scores":[29,15],"sd":false,"state":3,"tick":14278,"zone":"B"},"max_err":2.802,"mean_err":0.0319,"ms":244967,"out_bytes":714338,"pending":5,"pos":[5.97,-46.49],"reconciles":4847,"server_tick":14577,"snaps":4852,"teleports":5}
[client] {"a":9,"dup":false,"ev":"game","ms":245106,"predicted":false,"t":0,"tick":14581,"type":"hit"}
[client] {"a":9,"dup":false,"ev":"game","ms":245107,"predicted":false,"t":1,"tick":14581,"type":"hit"}
[client] {"a":4,"dup":false,"ev":"game","ms":245168,"predicted":false,"t":6,"tick":14585,"type":"hit"}
[client] {"a":6,"dup":false,"ev":"game","ms":245740,"predicted":false,"t":4,"tick":14619,"type":"hit"}
[client] {"a":3,"dup":false,"ev":"game","ms":246085,"predicted":false,"t":9,"tick":14640,"type":"hit"}
[client] {"a":3,"dup":false,"ev":"game","ms":246120,"predicted":false,"t":5,"tick":14642,"type":"hit"}
[client] {"a":1,"dup":false,"ev":"game","ms":246237,"predicted":false,"t":6,"tick":14649,"type":"hit"}
[client] {"a":0,"dup":false,"ev":"game","ms":246452,"predicted":false,"t":6,"tick":14662,"type":"hit"}
[client] {"a":3,"dup":false,"ev":"game","ms":246686,"predicted":false,"t":9,"tick":14676,"type":"hit"}
[client] {"a":3,"dup":false,"ev":"game","ms":246707,"predicted":false,"t":6,"tick":14677,"type":"hit"}
[client] {"a":5,"dup":false,"ev":"game","ms":246720,"predicted":false,"t":3,"tick":14678,"type":"hit"}
[client] {"a":0,"dup":false,"ev":"game","ms":246755,"predicted":false,"t":6,"tick":14680,"type":"hit"}
[client] {"a":3,"dup":false,"ev":"game","ms":247038,"predicted":false,"t":6,"tick":14697,"type":"hit"}
[client] {"a":3,"dup":false,"ev":"game","ms":247038,"predicted":false,"t":9,"tick":14697,"type":"hit"}
[client] {"a":5,"dup":false,"ev":"game","ms":247038,"predicted":false,"t":3,"tick":14697,"type":"hit"}
[client] {"a":-1,"dup":false,"ev":"game","ms":247073,"predicted":false,"t":-1,"tick":14699,"type":"zone_rotated"}
[client] {"a":9,"dup":false,"ev":"game","ms":247390,"predicted":false,"t":3,"tick":14718,"type":"hit"}
[client] {"a":6,"dup":false,"ev":"game","ms":247404,"predicted":false,"t":3,"tick":14719,"type":"hit"}
[client] {"a":6,"dup":false,"ev":"game","ms":247453,"predicted":false,"t":0,"tick":14722,"type":"hit"}
[client] {"a":5,"dup":false,"ev":"game","ms":247473,"predicted":false,"t":3,"tick":14723,"type":"hit"}
[client] {"a":1,"dup":false,"ev":"game","ms":247541,"predicted":false,"t":5,"tick":14727,"type":"hit"}
[client] {"a":6,"dup":false,"ev":"game","ms":247790,"predicted":false,"t":3,"tick":14741,"type":"hit"}
[client] {"a":0,"dup":false,"ev":"game","ms":247852,"predicted":false,"t":9,"tick":14745,"type":"parry"}
[client] {"a":1,"dup":false,"ev":"game","ms":248204,"predicted":false,"t":9,"tick":14767,"type":"hit"}
[client] {"a":4,"dup":false,"ev":"game","ms":248308,"predicted":false,"t":6,"tick":14773,"type":"hit"}
[client] {"a":9,"dup":false,"ev":"game","ms":248556,"predicted":false,"t":1,"tick":14788,"type":"hit"}
[client] {"a":4,"dup":false,"ev":"game","ms":248639,"predicted":false,"t":6,"tick":14793,"type":"hit"}
[client] {"a":3,"dup":false,"ev":"game","ms":248790,"predicted":false,"t":6,"tick":14802,"type":"hit"}
[client] {"a":0,"dup":false,"ev":"game","ms":248922,"predicted":false,"t":9,"tick":14810,"type":"hit"}
[client] {"a":1,"dup":false,"ev":"game","ms":248942,"predicted":false,"t":9,"tick":14811,"type":"hit"}
[client] {"a":5,"dup":false,"ev":"game","ms":249122,"predicted":false,"t":4,"tick":14822,"type":"hit"}
[client] {"a":0,"dup":false,"ev":"game","ms":249253,"predicted":false,"t":9,"tick":14830,"type":"hit"}
[client] {"a":0,"dup":false,"ev":"game","ms":249309,"predicted":false,"t":5,"tick":14833,"type":"hit"}
[client] {"a":5,"dup":false,"ev":"game","ms":249309,"predicted":false,"t":-1,"tick":14833,"type":"ko"}
[client] {"a":3,"dup":false,"ev":"game","ms":249509,"predicted":false,"t":9,"tick":14845,"type":"hit"}
[client] {"a":1,"dup":false,"ev":"game","ms":249605,"predicted":false,"t":6,"tick":14851,"type":"hit"}
[client] {"a":6,"dup":false,"ev":"game","ms":249606,"predicted":false,"t":-1,"tick":14851,"type":"ko"}
[client] {"a":1,"dup":false,"ev":"game","ms":249625,"predicted":false,"t":9,"tick":14852,"type":"hit"}
[client] {"a":9,"dup":false,"ev":"game","ms":249625,"predicted":false,"t":-1,"tick":14852,"type":"ko"}
[client] {"counts":{"blocks_on_me":0,"conf_actions":164,"confirmed_hits":740,"dup_confirmed":0,"hits_on_me":61,"pred_actions":173,"predicted_confirmed":87,"predicted_hits":183,"reconnects":0},"ev":"stats","hp":230.0,"in_bytes":3352126,"late":0,"local_entity":2,"match":{"countdown_until":300,"ctrl":-1,"final":false,"next":"","phase":3,"rot":3422,"scores":[29,15],"sd":false,"state":1,"tick":14578,"zone":"A"},"max_err":2.802,"mean_err":0.0313,"ms":249969,"out_bytes":729038,"pending":5,"pos":[-11.87,-19.09],"reconciles":4947,"server_tick":14877,"snaps":4952,"teleports":5}
[client] {"a":8,"dup":false,"ev":"game","ms":251061,"predicted":false,"t":-1,"tick":14938,"type":"respawn"}
[client] {"a":7,"dup":false,"ev":"game","ms":254372,"predicted":false,"t":-1,"tick":15137,"type":"respawn"}
[client] {"counts":{"blocks_on_me":0,"conf_actions":164,"confirmed_hits":740,"dup_confirmed":0,"hits_on_me":61,"pred_actions":173,"predicted_confirmed":87,"predicted_hits":183,"reconnects":0},"ev":"stats","hp":230.0,"in_bytes":3401096,"late":0,"local_entity":2,"match":{"countdown_until":300,"ctrl":0,"final":false,"next":"","phase":3,"rot":3122,"scores":[30,15],"sd":false,"state":2,"tick":14878,"zone":"A"},"max_err":2.802,"mean_err":0.0307,"ms":254972,"out_bytes":743738,"pending":5,"pos":[-41.97,-0.02],"reconciles":5047,"server_tick":15177,"snaps":5052,"teleports":5}
[client] {"a":5,"dup":false,"ev":"game","ms":259306,"predicted":false,"t":-1,"tick":15433,"type":"respawn"}
[client] {"a":6,"dup":false,"ev":"game","ms":259603,"predicted":false,"t":-1,"tick":15451,"type":"respawn"}
[client] {"a":9,"dup":false,"ev":"game","ms":259623,"predicted":false,"t":-1,"tick":15452,"type":"respawn"}
[client] {"counts":{"blocks_on_me":0,"conf_actions":164,"confirmed_hits":740,"dup_confirmed":0,"hits_on_me":61,"pred_actions":173,"predicted_confirmed":87,"predicted_hits":183,"reconnects":0},"ev":"stats","hp":230.0,"in_bytes":3449711,"late":0,"local_entity":2,"match":{"countdown_until":300,"ctrl":-1,"final":false,"next":"","phase":3,"rot":2822,"scores":[34,15],"sd":false,"state":3,"tick":15178,"zone":"A"},"max_err":2.802,"mean_err":0.0303,"ms":259974,"out_bytes":758438,"pending":5,"pos":[-42.41,0.44],"reconciles":5147,"server_tick":15477,"snaps":5152,"teleports":5}
[client] {"a":1,"dup":false,"ev":"game","ms":261121,"predicted":false,"t":8,"tick":15542,"type":"hit"}
[client] {"a":4,"dup":false,"ev":"game","ms":261307,"predicted":false,"t":8,"tick":15553,"type":"hit"}
[client] {"a":4,"dup":false,"ev":"game","ms":262556,"predicted":false,"t":8,"tick":15628,"type":"hit"}
[client] {"a":4,"dup":false,"ev":"game","ms":262887,"predicted":false,"t":8,"tick":15648,"type":"hit"}
[client] {"a":8,"dup":false,"ev":"game","ms":263543,"predicted":false,"t":4,"tick":15687,"type":"hit"}
[client] {"counts":{"blocks_on_me":0,"conf_actions":166,"confirmed_hits":745,"dup_confirmed":0,"hits_on_me":61,"pred_actions":175,"predicted_confirmed":87,"predicted_hits":183,"reconnects":0},"ev":"stats","hp":230.0,"in_bytes":3507160,"late":0,"local_entity":2,"match":{"countdown_until":300,"ctrl":-1,"final":false,"next":"","phase":3,"rot":2522,"scores":[34,15],"sd":false,"state":3,"tick":15478,"zone":"A"},"max_err":2.802,"mean_err":0.0299,"ms":264977,"out_bytes":773138,"pending":5,"pos":[-42.14,0.66],"reconciles":5247,"server_tick":15777,"snaps":5252,"teleports":5}
[client] {"a":3,"dup":false,"ev":"game","ms":266337,"predicted":false,"t":8,"tick":15854,"type":"hit"}
[client] {"a":7,"dup":false,"ev":"game","ms":266572,"predicted":false,"t":4,"tick":15868,"type":"hit"}
[client] {"a":0,"dup":false,"ev":"game","ms":266585,"predicted":false,"t":8,"tick":15869,"type":"hit"}
[client] {"a":4,"dup":false,"ev":"game","ms":267000,"predicted":false,"t":7,"tick":15894,"type":"hit"}
[client] {"a":3,"dup":false,"ev":"game","ms":267020,"predicted":false,"t":8,"tick":15895,"type":"hit"}
[client] {"a":4,"dup":false,"ev":"game","ms":267317,"predicted":false,"t":7,"tick":15914,"type":"hit"}
[client] {"a":7,"dup":false,"ev":"game","ms":267669,"predicted":false,"t":4,"tick":15935,"type":"hit"}
[client] {"a":7,"dup":false,"ev":"game","ms":267987,"predicted":false,"t":4,"tick":15954,"type":"hit"}
[client] {"a":2,"dup":true,"ev":"game","ms":268034,"predicted":false,"t":7,"tick":15962,"type":"hit"}
[client] {"a":2,"dup":true,"ev":"game","ms":268353,"predicted":false,"t":7,"tick":15981,"type":"hit"}
[client] {"a":8,"dup":false,"ev":"game","ms":268435,"predicted":false,"t":1,"tick":15981,"type":"hit"}
[client] {"a":8,"dup":false,"ev":"game","ms":268704,"predicted":false,"t":1,"tick":15997,"type":"hit"}
[client] {"a":4,"dup":false,"ev":"game","ms":268718,"predicted":false,"t":7,"tick":15998,"type":"hit"}
[client] {"a":4,"dup":false,"ev":"game","ms":269353,"predicted":false,"t":7,"tick":16036,"type":"hit"}
[client] {"a":4,"dup":false,"ev":"game","ms":269436,"predicted":false,"t":5,"tick":16041,"type":"hit"}
[client] {"a":1,"dup":false,"ev":"game","ms":269553,"predicted":false,"t":8,"tick":16048,"type":"hit"}
[client] {"a":1,"dup":false,"ev":"game","ms":269773,"predicted":false,"t":8,"tick":16061,"type":"hit"}
[client] {"counts":{"blocks_on_me":0,"conf_actions":173,"confirmed_hits":762,"dup_confirmed":0,"hits_on_me":61,"pred_actions":182,"predicted_confirmed":89,"predicted_hits":186,"reconnects":0},"ev":"stats","hp":230.0,"in_bytes":3576564,"late":0,"local_entity":2,"match":{"countdown_until":300,"ctrl":-1,"final":false,"next":"","phase":3,"rot":2222,"scores":[34,15],"sd":false,"state":3,"tick":15778,"zone":"A"},"max_err":2.802,"mean_err":0.0296,"ms":269973,"out_bytes":787838,"pending":5,"pos":[-41.45,0.35],"reconciles":5347,"server_tick":16077,"snaps":5352,"teleports":5}
[client] {"a":8,"dup":false,"ev":"game","ms":270470,"predicted":false,"t":1,"tick":16103,"type":"hit"}
[client] {"a":9,"dup":false,"ev":"game","ms":270988,"predicted":false,"t":4,"tick":16134,"type":"hit"}
[client] {"a":2,"dup":true,"ev":"game","ms":271319,"predicted":false,"t":9,"tick":16159,"type":"hit"}
[client] {"a":6,"dup":false,"ev":"game","ms":271588,"predicted":false,"t":4,"tick":16170,"type":"hit"}
[client] {"a":7,"dup":false,"ev":"game","ms":271609,"predicted":false,"t":2,"tick":16171,"type":"hit"}
[client] {"a":9,"dup":false,"ev":"game","ms":271719,"predicted":false,"t":4,"tick":16178,"type":"hit"}
[client] {"a":1,"dup":false,"ev":"game","ms":271906,"predicted":false,"t":8,"tick":16189,"type":"hit"}
[client] {"a":3,"dup":false,"ev":"game","ms":271919,"predicted":false,"t":9,"tick":16190,"type":"hit"}
[client] {"a":2,"dup":true,"ev":"game","ms":272106,"predicted":false,"t":7,"tick":16206,"type":"hit"}
[client] {"a":4,"dup":false,"ev":"game","ms":272174,"predicted":false,"t":7,"tick":16205,"type":"hit"}
[client] {"a":1,"dup":false,"ev":"game","ms":272236,"predicted":false,"t":8,"tick":16209,"type":"hit"}
[client] {"a":9,"dup":false,"ev":"game","ms":272340,"predicted":false,"t":4,"tick":16215,"type":"hit"}
[client] {"a":5,"dup":false,"ev":"game","ms":272492,"predicted":false,"t":2,"tick":16224,"type":"hit"}
[client] {"a":5,"dup":false,"ev":"game","ms":272541,"predicted":false,"t":0,"tick":16227,"type":"hit"}
[client] {"a":7,"dup":false,"ev":"game","ms":272541,"predicted":false,"t":4,"tick":16227,"type":"hit"}
[client] {"a":1,"dup":false,"ev":"game","ms":272588,"predicted":false,"t":8,"tick":16230,"type":"hit"}
[client] {"a":8,"dup":false,"ev":"game","ms":272588,"predicted":false,"t":-1,"tick":16230,"type":"ko"}
[client] {"a":5,"dup":false,"ev":"game","ms":272809,"predicted":false,"t":2,"tick":16243,"type":"hit"}
[client] {"a":7,"dup":false,"ev":"game","ms":272858,"predicted":false,"t":4,"tick":16246,"type":"hit"}
[client] {"a":7,"dup":false,"ev":"game","ms":272906,"predicted":false,"t":2,"tick":16249,"type":"hit"}
[client] {"a":4,"dup":false,"ev":"game","ms":273223,"predicted":false,"t":5,"tick":16268,"type":"hit"}
[client] {"a":7,"dup":false,"ev":"game","ms":273458,"predicted":false,"t":3,"tick":16282,"type":"hit"}
[client] {"a":7,"dup":false,"ev":"game","ms":273492,"predicted":false,"t":0,"tick":16284,"type":"hit"}
[client] {"a":7,"dup":false,"ev":"game","ms":273492,"predicted":false,"t":4,"tick":16284,"type":"hit"}
[client] {"a":5,"dup":false,"ev":"game","ms":273638,"predicted":false,"t":4,"tick":16293,"type":"hit"}
[client] {"a":5,"dup":false,"ev":"game","ms":274010,"predicted":false,"t":1,"tick":16315,"type":"hit"}
[client] {"a":5,"dup":false,"ev":"game","ms":274038,"predicted":false,"t":4,"tick":16317,"type":"hit"}
[client] {"a":4,"dup":false,"ev":"game","ms":274038,"predicted":false,"t":-1,"tick":16317,"type":"ko"}
[client] {"a":3,"dup":false,"ev":"game","ms":274272,"predicted":false,"t":6,"tick":16331,"type":"block"}
[client] {"a":1,"dup":false,"ev":"game","ms":274376,"predicted":false,"t":5,"tick":16337,"type":"hit"}
[client] {"a":3,"dup":false,"ev":"game","ms":274576,"predicted":false,"t":6,"tick":16349,"type":"block"}
[client] {"a":0,"dup":false,"ev":"game","ms":274659,"predicted":false,"t":5,"tick":16354,"type":"hit"}
[client] {"a":0,"dup":false,"ev":"game","ms":274672,"predicted":false,"t":7,"tick":16355,"type":"hit"}
[client] {"a":1,"dup":false,"ev":"game","ms":274672,"predicted":false,"t":5,"tick":16355,"type":"hit"}
[client] {"a":1,"dup":false,"ev":"game","ms":274721,"predicted":false,"t":7,"tick":16358,"type":"hit"}
[client] {"counts":{"blocks_on_me":0,"conf_actions":179,"confirmed_hits":793,"dup_confirmed":0,"hits_on_me":65,"pred_actions":190,"predicted_confirmed":91,"predicted_hits":190,"reconnects":0},"ev":"stats","hp":148.0,"in_bytes":3656797,"late":0,"local_entity":2,"match":{"countdown_until":300,"ctrl":-1,"final":false,"next":"","phase":3,"rot":1922,"scores":[34,15],"sd":false,"state":3,"tick":16078,"zone":"A"},"max_err":2.802,"mean_err":0.0301,"ms":274975,"out_bytes":802538,"pending":5,"pos":[-39.4,-0.59],"reconciles":5447,"server_tick":16377,"snaps":5452,"teleports":5}
[client] {"a":9,"dup":false,"ev":"game","ms":275011,"predicted":false,"t":3,"tick":16375,"type":"hit"}
[client] {"a":2,"dup":true,"ev":"game","ms":275060,"predicted":false,"t":5,"tick":16384,"type":"hit"}
[client] {"a":1,"dup":false,"ev":"game","ms":275293,"predicted":false,"t":5,"tick":16392,"type":"hit"}
[client] {"a":0,"dup":false,"ev":"game","ms":275321,"predicted":false,"t":5,"tick":16394,"type":"hit"}
[client] {"a":9,"dup":false,"ev":"game","ms":275859,"predicted":false,"t":0,"tick":16426,"type":"hit"}
[client] {"a":5,"dup":false,"ev":"game","ms":276225,"predicted":false,"t":2,"tick":16448,"type":"hit"}
[client] {"a":0,"dup":false,"ev":"game","ms":276273,"predicted":false,"t":9,"tick":16451,"type":"hit"}
[client] {"a":0,"dup":false,"ev":"game","ms":276321,"predicted":false,"t":7,"tick":16454,"type":"hit"}
[client] {"a":5,"dup":false,"ev":"game","ms":276321,"predicted":false,"t":0,"tick":16454,"type":"hit"}
[client] {"a":7,"dup":false,"ev":"game","ms":276321,"predicted":false,"t":-1,"tick":16454,"type":"ko"}
[client] {"a":3,"dup":false,"ev":"game","ms":276722,"predicted":false,"t":6,"tick":16478,"type":"hit"}
[client] {"a":3,"dup":false,"ev":"game","ms":276756,"predicted":false,"t":9,"tick":16480,"type":"hit"}
[client] {"a":1,"dup":false,"ev":"game","ms":277095,"predicted":false,"t":6,"tick":16500,"type":"hit"}
[client] {"a":0,"dup":false,"ev":"game","ms":277260,"predicted":false,"t":6,"tick":16510,"type":"hit"}
[client] {"a":3,"dup":false,"ev":"game","ms":277295,"predicted":false,"t":6,"tick":16512,"type":"hit"}
[client] {"a":5,"dup":false,"ev":"game","ms":277426,"predicted":false,"t":1,"tick":16520,"type":"hit"}
[client] {"a":5,"dup":false,"ev":"game","ms":277460,"predicted":false,"t":2,"tick":16522,"type":"hit"}
[client] {"a":5,"dup":false,"ev":"game","ms":277522,"predicted":false,"t":0,"tick":16526,"type":"hit"}
[client] {"a":3,"dup":false,"ev":"game","ms":277612,"predicted":false,"t":6,"tick":16531,"type":"hit"}
[client] {"a":3,"dup":false,"ev":"game","ms":278033,"predicted":false,"t":6,"tick":16557,"type":"hit"}
[client] {"a":6,"dup":false,"ev":"game","ms":278405,"predicted":false,"t":3,"tick":16579,"type":"hit"}
[client] {"a":5,"dup":false,"ev":"game","ms":278502,"predicted":false,"t":3,"tick":16585,"type":"hit"}
[client] {"a":1,"dup":false,"ev":"game","ms":278536,"predicted":false,"t":6,"tick":16587,"type":"hit"}
[client] {"a":2,"dup":true,"ev":"game","ms":278702,"predicted":false,"t":5,"tick":16602,"type":"hit"}
[client] {"a":1,"dup":false,"ev":"game","ms":278854,"predicted":false,"t":6,"tick":16606,"type":"hit"}
[client] {"a":1,"dup":false,"ev":"game","ms":278902,"predicted":false,"t":9,"tick":16609,"type":"hit"}
[client] {"a":0,"dup":false,"ev":"game","ms":278937,"predicted":false,"t":6,"tick":16611,"type":"hit"}
[client] {"a":5,"dup":false,"ev":"game","ms":279137,"predicted":false,"t":1,"tick":16623,"type":"hit"}
[client] {"a":6,"dup":false,"ev":"game","ms":279337,"predicted":false,"t":1,"tick":16635,"type":"hit"}
[client] {"a":0,"dup":false,"ev":"game","ms":279668,"predicted":false,"t":5,"tick":16655,"type":"hit"}
[client] {"a":5,"dup":false,"ev":"game","ms":279668,"predicted":false,"t":-1,"tick":16655,"type":"ko"}
[client] {"a":6,"dup":false,"ev":"game","ms":279689,"predicted":false,"t":1,"tick":16656,"type":"hit"}
[client] {"a":0,"dup":false,"ev":"game","ms":279703,"predicted":false,"t":6,"tick":16657,"type":"hit"}
[client] {"a":9,"dup":false,"ev":"game","ms":279771,"predicted":false,"t":3,"tick":16661,"type":"hit"}
[client] {"a":2,"dup":true,"ev":"game","ms":279785,"predicted":false,"t":6,"tick":16667,"type":"hit"}
[client] {"counts":{"blocks_on_me":0,"conf_actions":188,"confirmed_hits":826,"dup_confirmed":0,"hits_on_me":67,"pred_actions":199,"predicted_confirmed":94,"predicted_hits":199,"reconnects":0},"ev":"stats","hp":72.0,"in_bytes":3730972,"late":0,"local_entity":2,"match":{"countdown_until":300,"ctrl":-1,"final":false,"next":"","phase":3,"rot":1622,"scores":[34,15],"sd":false,"state":3,"tick":16378,"zone":"A"},"max_err":2.802,"mean_err":0.0303,"ms":279972,"out_bytes":817238,"pending":5,"pos":[-41.77,-0.44],"reconciles":5547,"server_tick":16677,"snaps":5552,"teleports":5}
[client] {"a":0,"dup":false,"ev":"game","ms":280092,"predicted":false,"t":9,"tick":16680,"type":"hit"}
[client] {"a":0,"dup":false,"ev":"game","ms":280406,"predicted":false,"t":9,"tick":16699,"type":"hit"}
[client] {"a":0,"dup":false,"ev":"game","ms":281055,"predicted":false,"t":6,"tick":16738,"type":"hit"}
[client] {"a":1,"dup":false,"ev":"game","ms":281103,"predicted":false,"t":6,"tick":16741,"type":"hit"}
[client] {"a":0,"dup":false,"ev":"game","ms":281373,"predicted":false,"t":6,"tick":16757,"type":"hit"}
[client] {"a":0,"dup":false,"ev":"game","ms":281690,"predicted":false,"t":6,"tick":16776,"type":"hit"}
[client] {"a":6,"dup":false,"ev":"game","ms":281690,"predicted":false,"t":-1,"tick":16776,"type":"ko"}
[client] {"a":1,"dup":false,"ev":"game","ms":281856,"predicted":false,"t":9,"tick":16786,"type":"hit"}
[client] {"a":1,"dup":false,"ev":"game","ms":282186,"predicted":false,"t":9,"tick":16806,"type":"hit"}
[client] {"a":0,"dup":false,"ev":"game","ms":282269,"predicted":false,"t":9,"tick":16811,"type":"hit"}
[client] {"a":8,"dup":false,"ev":"game","ms":282587,"predicted":false,"t":-1,"tick":16830,"type":"respawn"}
[client] {"a":0,"dup":false,"ev":"game","ms":282890,"predicted":false,"t":9,"tick":16848,"type":"hit"}
[client] {"a":1,"dup":false,"ev":"game","ms":283421,"predicted":false,"t":9,"tick":16880,"type":"hit"}
[client] {"a":9,"dup":false,"ev":"game","ms":283973,"predicted":false,"t":1,"tick":16913,"type":"hit"}
[client] {"a":4,"dup":false,"ev":"game","ms":284036,"predicted":false,"t":-1,"tick":16917,"type":"respawn"}
[client] {"counts":{"blocks_on_me":0,"conf_actions":190,"confirmed_hits":838,"dup_confirmed":0,"hits_on_me":67,"pred_actions":201,"predicted_confirmed":94,"predicted_hits":200,"reconnects":0},"ev":"stats","hp":72.0,"in_bytes":3790428,"late":0,"local_entity":2,"match":{"countdown_until":300,"ctrl":-1,"final":false,"next":"","phase":3,"rot":1322,"scores":[34,15],"sd":false,"state":3,"tick":16678,"zone":"A"},"max_err":2.802,"mean_err":0.0299,"ms":284973,"out_bytes":831938,"pending":5,"pos":[-42.14,-0.26],"reconciles":5647,"server_tick":16977,"snaps":5652,"teleports":5}
[client] {"a":7,"dup":false,"ev":"game","ms":286326,"predicted":false,"t":-1,"tick":17054,"type":"respawn"}
[client] {"a":3,"dup":false,"ev":"game","ms":286671,"predicted":false,"t":9,"tick":17075,"type":"hit"}
[client] {"a":3,"dup":false,"ev":"game","ms":287354,"predicted":false,"t":9,"tick":17116,"type":"hit"}
[client] {"a":9,"dup":false,"ev":"game","ms":287354,"predicted":false,"t":-1,"tick":17116,"type":"ko"}
[client] {"a":5,"dup":false,"ev":"game","ms":289673,"predicted":false,"t":-1,"tick":17255,"type":"respawn"}
[client] {"counts":{"blocks_on_me":0,"conf_actions":190,"confirmed_hits":840,"dup_confirmed":0,"hits_on_me":67,"pred_actions":201,"predicted_confirmed":94,"predicted_hits":200,"reconnects":0},"ev":"stats","hp":124.2,"in_bytes":3843613,"late":0,"local_entity":2,"match":{"countdown_until":300,"ctrl":0,"final":false,"next":"","phase":3,"rot":1022,"scores":[36,15],"sd":false,"state":2,"tick":16978,"zone":"A"},"max_err":2.802,"mean_err":0.0294,"ms":289976,"out_bytes":846638,"pending":8,"pos":[-42.08,-0.44],"reconciles":5746,"server_tick":17277,"snaps":5752,"teleports":5}
[client] {"a":6,"dup":false,"ev":"game","ms":291694,"predicted":false,"t":-1,"tick":17376,"type":"respawn"}
[client] {"a":8,"dup":false,"ev":"game","ms":292888,"predicted":false,"t":0,"tick":17447,"type":"hit"}
[client] {"a":8,"dup":false,"ev":"game","ms":293220,"predicted":false,"t":0,"tick":17467,"type":"hit"}
[client] {"counts":{"blocks_on_me":0,"conf_actions":191,"confirmed_hits":842,"dup_confirmed":0,"hits_on_me":67,"pred_actions":203,"predicted_confirmed":94,"predicted_hits":200,"reconnects":0},"ev":"stats","hp":193.200000000002,"in_bytes":3900748,"late":0,"local_entity":2,"match":{"countdown_until":300,"ctrl":-1,"final":false,"next":"C","phase":3,"rot":722,"scores":[38,15],"sd":false,"state":3,"tick":17278,"zone":"A"},"max_err":2.802,"mean_err":0.029,"ms":294971,"out_bytes":861338,"pending":5,"pos":[-42.54,-0.25],"reconciles":5847,"server_tick":17577,"snaps":5852,"teleports":5}
[client] {"a":8,"dup":false,"ev":"game","ms":295269,"predicted":false,"t":2,"tick":17591,"type":"hit"}
[client] {"a":8,"dup":false,"ev":"game","ms":295573,"predicted":false,"t":1,"tick":17609,"type":"hit"}
[client] {"a":2,"dup":true,"ev":"game","ms":295704,"predicted":false,"t":8,"tick":17622,"type":"hit"}
[client] {"a":8,"dup":false,"ev":"game","ms":296928,"predicted":false,"t":1,"tick":17690,"type":"hit"}
[client] {"a":8,"dup":false,"ev":"game","ms":297260,"predicted":false,"t":1,"tick":17710,"type":"hit"}
[client] {"a":9,"dup":false,"ev":"game","ms":297363,"predicted":false,"t":-1,"tick":17716,"type":"respawn"}
[client] {"a":2,"dup":true,"ev":"game","ms":297764,"predicted":false,"t":8,"tick":17745,"type":"hit"}
[client] {"a":1,"dup":false,"ev":"game","ms":297777,"predicted":false,"t":8,"tick":17741,"type":"hit"}
[client] {"a":3,"dup":false,"ev":"game","ms":298060,"predicted":false,"t":7,"tick":17758,"type":"hit"}
[client] {"a":0,"dup":false,"ev":"game","ms":298646,"predicted":false,"t":7,"tick":17793,"type":"hit"}
[client] {"a":3,"dup":false,"ev":"game","ms":298708,"predicted":false,"t":7,"tick":17797,"type":"hit"}
[client] {"counts":{"blocks_on_me":0,"conf_actions":195,"confirmed_hits":852,"dup_confirmed":0,"hits_on_me":68,"pred_actions":206,"predicted_confirmed":96,"predicted_hits":204,"reconnects":0},"ev":"stats","hp":175.200000000002,"in_bytes":3964458,"late":0,"local_entity":2,"match":{"countdown_until":300,"ctrl":-1,"final":false,"next":"C","phase":3,"rot":422,"scores":[38,15],"sd":false,"state":3,"tick":17578,"zone":"A"},"max_err":2.802,"mean_err":0.0291,"ms":299970,"out_bytes":876038,"pending":5,"pos":[-42.64,0.36],"reconciles":5947,"server_tick":17877,"snaps":5952,"teleports":5}
[client] {"a":8,"dup":false,"ev":"game","ms":300006,"predicted":false,"t":1,"tick":17875,"type":"hit"}
[client] {"a":1,"dup":false,"ev":"game","ms":300006,"predicted":false,"t":-1,"tick":17875,"type":"ko"}
[client] {"a":2,"dup":true,"ev":"game","ms":300302,"predicted":false,"t":8,"tick":17898,"type":"hit"}
[client] {"a":5,"dup":false,"ev":"game","ms":300737,"predicted":false,"t":0,"tick":17919,"type":"hit"}
[client] {"a":7,"dup":false,"ev":"game","ms":301006,"predicted":false,"t":0,"tick":17935,"type":"hit"}
[client] {"a":0,"dup":false,"ev":"game","ms":301006,"predicted":false,"t":-1,"tick":17935,"type":"ko"}
[client] {"a":3,"dup":false,"ev":"game","ms":301489,"predicted":false,"t":8,"tick":17964,"type":"hit"}
[client] {"a":4,"dup":false,"ev":"game","ms":301689,"predicted":false,"t":5,"tick":17976,"type":"hit"}
[client] {"a":3,"dup":false,"ev":"game","ms":301806,"predicted":false,"t":8,"tick":17983,"type":"hit"}
[client] {"a":7,"dup":false,"ev":"game","ms":302020,"predicted":false,"t":4,"tick":17996,"type":"hit"}
[client] {"a":5,"dup":false,"ev":"game","ms":302075,"predicted":false,"t":4,"tick":17999,"type":"hit"}
[client] {"a":8,"dup":false,"ev":"game","ms":302172,"predicted":false,"t":3,"tick":18005,"type":"hit"}
[client] {"a":5,"dup":false,"ev":"game","ms":302504,"predicted":false,"t":4,"tick":18025,"type":"hit"}
[client] {"a":8,"dup":false,"ev":"game","ms":302504,"predicted":false,"t":3,"tick":18025,"type":"hit"}
[client] {"a":7,"dup":false,"ev":"game","ms":302620,"predicted":false,"t":4,"tick":18032,"type":"hit"}
[client] {"a":7,"dup":false,"ev":"game","ms":302655,"predicted":false,"t":3,"tick":18034,"type":"hit"}
[client] {"a":7,"dup":false,"ev":"game","ms":303041,"predicted":false,"t":4,"tick":18057,"type":"hit"}
[client] {"a":8,"dup":false,"ev":"game","ms":303104,"predicted":false,"t":3,"tick":18061,"type":"hit"}
[client] {"a":8,"dup":false,"ev":"game","ms":303338,"predicted":false,"t":4,"tick":18075,"type":"hit"}
[client] {"a":8,"dup":false,"ev":"game","ms":303373,"predicted":false,"t":3,"tick":18077,"type":"hit"}
[client] {"a":6,"dup":false,"ev":"game","ms":303842,"predicted":false,"t":2,"tick":18105,"type":"hit"}
[client] {"a":8,"dup":false,"ev":"game","ms":304125,"predicted":false,"t":4,"tick":18122,"type":"hit"}
[client] {"a":2,"dup":true,"ev":"game","ms":304325,"predicted":false,"t":8,"tick":18139,"type":"hit"}
[client] {"a":8,"dup":false,"ev":"game","ms":304843,"predicted":false,"t":2,"tick":18165,"type":"hit"}
[client] {"counts":{"blocks_on_me":0,"conf_actions":201,"confirmed_hits":874,"dup_confirmed":0,"hits_on_me":70,"pred_actions":212,"predicted_confirmed":98,"predicted_hits":207,"reconnects":0},"ev":"stats","hp":127.200000000002,"in_bytes":4040069,"late":0,"local_entity":2,"match":{"countdown_until":300,"ctrl":-1,"final":false,"next":"C","phase":3,"rot":122,"scores":[38,15],"sd":false,"state":3,"tick":17878,"zone":"A"},"max_err":2.802,"mean_err":0.0293,"ms":304973,"out_bytes":890738,"pending":5,"pos":[-38.35,-0.62],"reconciles":6047,"server_tick":18177,"snaps":6052,"teleports":5}
[client] {"a":4,"dup":false,"ev":"game","ms":305242,"predicted":false,"t":6,"tick":18189,"type":"block"}
[client] {"a":2,"dup":false,"ev":"game","ms":305857,"predicted":false,"t":6,"tick":18231,"type":"block"}
[client] {"a":4,"dup":false,"ev":"game","ms":305926,"predicted":false,"t":6,"tick":18230,"type":"block"}
[client] {"a":3,"dup":false,"ev":"game","ms":306023,"predicted":false,"t":6,"tick":18236,"type":"block"}
[client] {"a":2,"dup":false,"ev":"game","ms":306174,"predicted":false,"t":6,"tick":18250,"type":"block"}
[client] {"a":5,"dup":false,"ev":"game","ms":306422,"predicted":false,"t":4,"tick":18260,"type":"hit"}
[client] {"a":2,"dup":true,"ev":"game","ms":306444,"predicted":false,"t":6,"tick":18266,"type":"hit"}
[client] {"a":7,"dup":false,"ev":"game","ms":306588,"predicted":false,"t":3,"tick":18270,"type":"hit"}
[client] {"a":4,"dup":false,"ev":"game","ms":307078,"predicted":false,"t":6,"tick":18299,"type":"hit"}
[client] {"a":-1,"dup":false,"ev":"game","ms":307078,"predicted":false,"t":-1,"tick":18299,"type":"zone_rotated"}
[client] {"a":5,"dup":false,"ev":"game","ms":307395,"predicted":false,"t":4,"tick":18318,"type":"hit"}
[client] {"a":2,"dup":true,"ev":"game","ms":307410,"predicted":false,"t":5,"tick":18324,"type":"hit"}
[client] {"a":6,"dup":false,"ev":"game","ms":307444,"predicted":false,"t":4,"tick":18321,"type":"hit"}
[client] {"a":7,"dup":false,"ev":"game","ms":307506,"predicted":false,"t":4,"tick":18325,"type":"hit"}
[client] {"a":6,"dup":false,"ev":"game","ms":307809,"predicted":false,"t":3,"tick":18343,"type":"hit"}
[client] {"a":3,"dup":false,"ev":"game","ms":307810,"predicted":false,"t":-1,"tick":18343,"type":"ko"}
[client] {"a":9,"dup":false,"ev":"game","ms":307878,"predicted":false,"t":4,"tick":18347,"type":"hit"}
[client] {"a":2,"dup":true,"ev":"game","ms":308423,"predicted":false,"t":6,"tick":18385,"type":"hit"}
[client] {"a":7,"dup":false,"ev":"game","ms":308693,"predicted":false,"t":2,"tick":18396,"type":"hit"}
[client] {"a":9,"dup":false,"ev":"game","ms":309109,"predicted":false,"t":4,"tick":18421,"type":"hit"}
[client] {"a":4,"dup":false,"ev":"game","ms":309109,"predicted":false,"t":-1,"tick":18421,"type":"ko"}
[client] {"a":2,"dup":true,"ev":"game","ms":309460,"predicted":false,"t":8,"tick":18447,"type":"hit"}
[client] {"a":6,"dup":false,"ev":"game","ms":309852,"predicted":false,"t":2,"tick":18466,"type":"hit"}
[client] {"counts":{"blocks_on_me":0,"conf_actions":209,"confirmed_hits":889,"dup_confirmed":0,"hits_on_me":72,"pred_actions":221,"predicted_confirmed":102,"predicted_hits":220,"reconnects":0},"ev":"stats","hp":89.2000000000019,"in_bytes":4115482,"late":0,"local_entity":2,"match":{"countdown_until":300,"ctrl":-1,"final":false,"next":"","phase":3,"rot":3422,"scores":[38,15],"sd":false,"state":1,"tick":18178,"zone":"C"},"max_err":2.802,"mean_err":0.0293,"ms":309969,"out_bytes":905438,"pending":5,"pos":[-37.38,-0.25],"reconciles":6147,"server_tick":18477,"snaps":6152,"teleports":5}
[client] {"a":1,"dup":false,"ev":"game","ms":310004,"predicted":false,"t":-1,"tick":18475,"type":"respawn"}
[client] {"a":6,"dup":false,"ev":"game","ms":310238,"predicted":false,"t":2,"tick":18489,"type":"hit"}
[client] {"a":6,"dup":false,"ev":"game","ms":310735,"predicted":false,"t":2,"tick":18519,"type":"hit"}
[client] {"a":0,"dup":false,"ev":"game","ms":311004,"predicted":false,"t":-1,"tick":18535,"type":"respawn"}
[client] {"a":2,"dup":true,"ev":"game","ms":311073,"predicted":false,"t":6,"tick":18544,"type":"hit"}
[client] {"a":2,"dup":true,"ev":"game","ms":311821,"predicted":false,"t":6,"tick":18589,"type":"hit"}
[client] {"counts":{"blocks_on_me":0,"conf_actions":214,"confirmed_hits":893,"dup_confirmed":0,"hits_on_me":74,"pred_actions":226,"predicted_confirmed":104,"predicted_hits":224,"reconnects":0},"ev":"stats","hp":53.2000000000019,"in_bytes":4185836,"late":0,"local_entity":2,"match":{"countdown_until":300,"ctrl":-1,"final":false,"next":"","phase":3,"rot":3122,"scores":[38,15],"sd":false,"state":1,"tick":18478,"zone":"C"},"max_err":2.802,"mean_err":0.0292,"ms":314971,"out_bytes":920138,"pending":5,"pos":[-26.02,6.64],"reconciles":6247,"server_tick":18777,"snaps":6252,"teleports":5}
[client] {"a":3,"dup":false,"ev":"game","ms":317808,"predicted":false,"t":-1,"tick":18943,"type":"respawn"}
[client] {"a":4,"dup":false,"ev":"game","ms":319112,"predicted":false,"t":-1,"tick":19021,"type":"respawn"}
[client] {"a":2,"dup":true,"ev":"game","ms":319125,"predicted":false,"t":6,"tick":19027,"type":"hit"}
[client] {"counts":{"blocks_on_me":0,"conf_actions":215,"confirmed_hits":894,"dup_confirmed":0,"hits_on_me":74,"pred_actions":227,"predicted_confirmed":105,"predicted_hits":227,"reconnects":0},"ev":"stats","hp":53.2000000000019,"in_bytes":4250805,"late":0,"local_entity":2,"match":{"countdown_until":300,"ctrl":0,"final":false,"next":"","phase":3,"rot":2822,"scores":[39,15],"sd":false,"state":2,"tick":18778,"zone":"C"},"max_err":2.802,"mean_err":0.0289,"ms":319973,"out_bytes":934838,"pending":5,"pos":[6.08,1.6],"reconciles":6347,"server_tick":19078,"snaps":6352,"teleports":5}
[client] {"a":5,"dup":false,"ev":"game","ms":321630,"predicted":false,"t":1,"tick":19172,"type":"hit"}
[client] {"a":7,"dup":false,"ev":"game","ms":321692,"predicted":false,"t":0,"tick":19176,"type":"hit"}
[client] {"a":9,"dup":false,"ev":"game","ms":321796,"predicted":false,"t":0,"tick":19182,"type":"hit"}
[client] {"a":5,"dup":false,"ev":"game","ms":322403,"predicted":false,"t":1,"tick":19219,"type":"hit"}
[client] {"a":0,"dup":false,"ev":"game","ms":322707,"predicted":false,"t":5,"tick":19237,"type":"hit"}
[client] {"a":0,"dup":false,"ev":"game","ms":322769,"predicted":false,"t":9,"tick":19241,"type":"hit"}
[client] {"a":8,"dup":false,"ev":"game","ms":322990,"predicted":false,"t":0,"tick":19254,"type":"hit"}
[client] {"a":1,"dup":false,"ev":"game","ms":323224,"predicted":false,"t":7,"tick":19268,"type":"hit"}
[client] {"a":1,"dup":false,"ev":"game","ms":323224,"predicted":false,"t":8,"tick":19268,"type":"hit"}
[client] {"a":0,"dup":false,"ev":"game","ms":323624,"predicted":false,"t":5,"tick":19292,"type":"hit"}
[client] {"a":1,"dup":false,"ev":"game","ms":323804,"predicted":false,"t":5,"tick":19303,"type":"hit"}
[client] {"a":9,"dup":false,"ev":"game","ms":323838,"predicted":false,"t":1,"tick":19305,"type":"hit"}
[client] {"a":5,"dup":false,"ev":"game","ms":324204,"predicted":false,"t":0,"tick":19327,"type":"hit"}
[client] {"a":7,"dup":false,"ev":"game","ms":324335,"predicted":false,"t":0,"tick":19335,"type":"hit"}
[client] {"a":9,"dup":false,"ev":"game","ms":324790,"predicted":false,"t":1,"tick":19362,"type":"hit"}
[client] {"a":5,"dup":false,"ev":"game","ms":324804,"predicted":false,"t":1,"tick":19363,"type":"hit"}
[client] {"counts":{"blocks_on_me":0,"conf_actions":218,"confirmed_hits":910,"dup_confirmed":0,"hits_on_me":74,"pred_actions":230,"predicted_confirmed":105,"predicted_hits":227,"reconnects":0},"ev":"stats","hp":53.2000000000019,"in_bytes":4324507,"late":0,"local_entity":2,"match":{"countdown_until":300,"ctrl":-1,"final":false,"next":"","phase":3,"rot":2522,"scores":[39,15],"sd":false,"state":3,"tick":19078,"zone":"C"},"max_err":2.802,"mean_err":0.0287,"ms":324969,"out_bytes":949538,"pending":5,"pos":[38.93,-1.18],"reconciles":6447,"server_tick":19378,"snaps":6452,"teleports":5}
[client] {"a":5,"dup":false,"ev":"game","ms":325370,"predicted":false,"t":0,"tick":19397,"type":"hit"}
[client] {"a":0,"dup":false,"ev":"game","ms":326053,"predicted":false,"t":9,"tick":19438,"type":"hit"}
[client] {"a":8,"dup":false,"ev":"game","ms":326074,"predicted":false,"t":1,"tick":19439,"type":"hit"}
[client] {"a":8,"dup":false,"ev":"game","ms":326087,"predicted":false,"t":0,"tick":19440,"type":"hit"}
[client] {"a":2,"dup":true,"ev":"game","ms":326757,"predicted":false,"t":9,"tick":19485,"type":"hit"}
[client] {"a":8,"dup":false,"ev":"game","ms":327037,"predicted":false,"t":1,"tick":19497,"type":"hit"}
[client] {"a":8,"dup":false,"ev":"game","ms":327085,"predicted":false,"t":0,"tick":19500,"type":"hit"}
[client] {"a":2,"dup":true,"ev":"game","ms":327423,"predicted":false,"t":5,"tick":19525,"type":"hit"}
[client] {"a":2,"dup":true,"ev":"game","ms":327423,"predicted":false,"t":9,"tick":19525,"type":"hit"}
[client] {"a":1,"dup":false,"ev":"game","ms":327637,"predicted":false,"t":9,"tick":19533,"type":"hit"}
[client] {"a":8,"dup":false,"ev":"game","ms":327720,"predicted":false,"t":0,"tick":19538,"type":"hit"}
[client] {"a":0,"dup":false,"ev":"game","ms":327720,"predicted":false,"t":-1,"tick":19538,"type":"ko"}
[client] {"a":9,"dup":false,"ev":"game","ms":328072,"predicted":false,"t":2,"tick":19559,"type":"hit"}
[client] {"a":1,"dup":false,"ev":"game","ms":328086,"predicted":false,"t":9,"tick":19560,"type":"hit"}
[client] {"a":7,"dup":false,"ev":"game","ms":328134,"predicted":false,"t":1,"tick":19563,"type":"hit"}
[client] {"a":5,"dup":false,"ev":"game","ms":328508,"predicted":false,"t":1,"tick":19585,"type":"hit"}
[client] {"a":2,"dup":false,"ev":"game","ms":328589,"predicted":false,"t":6,"tick":19595,"type":"block"}
[client] {"a":9,"dup":false,"ev":"game","ms":328672,"predicted":false,"t":2,"tick":19595,"type":"hit"}
[client] {"a":5,"dup":false,"ev":"game","ms":328721,"predicted":false,"t":1,"tick":19598,"type":"hit"}
[client] {"a":1,"dup":false,"ev":"game","ms":328721,"predicted":false,"t":-1,"tick":19598,"type":"ko"}
[client] {"a":2,"dup":true,"ev":"game","ms":328955,"predicted":false,"t":6,"tick":19617,"type":"hit"}
[client] {"a":3,"dup":false,"ev":"game","ms":328990,"predicted":false,"t":6,"tick":19614,"type":"hit"}
[client] {"a":2,"dup":false,"ev":"game","ms":329038,"predicted":false,"t":-1,"tick":19622,"type":"ko"}
[client] {"a":9,"dup":false,"ev":"game","ms":329121,"predicted":false,"t":2,"tick":19622,"type":"hit"}
[client] {"a":3,"dup":false,"ev":"game","ms":329404,"predicted":false,"t":6,"tick":19639,"type":"hit"}
[client] {"a":6,"dup":false,"ev":"game","ms":329804,"predicted":false,"t":3,"tick":19663,"type":"hit"}
[client] {"counts":{"blocks_on_me":0,"conf_actions":224,"confirmed_hits":932,"dup_confirmed":0,"hits_on_me":77,"pred_actions":237,"predicted_confirmed":109,"predicted_hits":238,"reconnects":0},"ev":"stats","hp":0.0,"in_bytes":4396200,"late":0,"local_entity":2,"match":{"countdown_until":300,"ctrl":-1,"final":false,"next":"","phase":3,"rot":2222,"scores":[39,15],"sd":false,"state":3,"tick":19378,"zone":"C"},"max_err":2.802,"mean_err":0.0286,"ms":329969,"out_bytes":964238,"pending":5,"pos":[39.56,-1.12],"reconciles":6541,"server_tick":19678,"snaps":6546,"teleports":5}
[client] {"a":6,"dup":false,"ev":"game","ms":330190,"predicted":false,"t":3,"tick":19686,"type":"hit"}
[client] {"a":3,"dup":false,"ev":"game","ms":330508,"predicted":false,"t":6,"tick":19705,"type":"hit"}
[client] {"a":4,"dup":false,"ev":"game","ms":332274,"predicted":false,"t":6,"tick":19811,"type":"hit"}
[client] {"a":3,"dup":false,"ev":"game","ms":332308,"predicted":false,"t":6,"tick":19813,"type":"hit"}
[client] {"a":4,"dup":false,"ev":"game","ms":332323,"predicted":false,"t":9,"tick":19814,"type":"hit"}
[client] {"a":7,"dup":false,"ev":"game","ms":332509,"predicted":false,"t":3,"tick":19825,"type":"hit"}
[client] {"a":6,"dup":false,"ev":"game","ms":332709,"predicted":false,"t":4,"tick":19837,"type":"hit"}
[client] {"a":7,"dup":false,"ev":"game","ms":332826,"predicted":false,"t":3,"tick":19844,"type":"hit"}
[client] {"a":4,"dup":false,"ev":"game","ms":333109,"predicted":false,"t":6,"tick":19861,"type":"hit"}
[client] {"a":4,"dup":false,"ev":"game","ms":333109,"predicted":false,"t":7,"tick":19861,"type":"hit"}
[client] {"a":3,"dup":false,"ev":"game","ms":333440,"predicted":false,"t":7,"tick":19881,"type":"hit"}
[client] {"a":5,"dup":false,"ev":"game","ms":333475,"predicted":false,"t":4,"tick":19883,"type":"hit"}
[client] {"a":9,"dup":false,"ev":"game","ms":333488,"predicted":false,"t":4,"tick":19884,"type":"hit"}
[client] {"a":3,"dup":false,"ev":"game","ms":333509,"predicted":false,"t":5,"tick":19885,"type":"hit"}
[client] {"a":6,"dup":false,"ev":"game","ms":333654,"predicted":false,"t":3,"tick":19894,"type":"hit"}
[client] {"a":8,"dup":false,"ev":"game","ms":333902,"predicted":false,"t":4,"tick":19909,"type":"hit"}
[client] {"a":3,"dup":false,"ev":"game","ms":333985,"predicted":false,"t":6,"tick":19914,"type":"hit"}
[client] {"a":6,"dup":false,"ev":"game","ms":333985,"predicted":false,"t":-1,"tick":19914,"type":"ko"}
[client] {"a":4,"dup":false,"ev":"game","ms":334282,"predicted":false,"t":8,"tick":19932,"type":"hit"}
[client] {"a":9,"dup":false,"ev":"game","ms":334420,"predicted":false,"t":3,"tick":19940,"type":"parry"}
[client] {"a":7,"dup":false,"ev":"game","ms":334565,"predicted":false,"t":3,"tick":19949,"type":"hit"}
[client] {"a":8,"dup":false,"ev":"game","ms":334716,"predicted":false,"t":4,"tick":19958,"type":"hit"}
[client] {"a":3,"dup":false,"ev":"game","ms":334937,"predicted":false,"t":7,"tick":19971,"type":"hit"}
[client] {"counts":{"blocks_on_me":0,"conf_actions":224,"confirmed_hits":953,"dup_confirmed":0,"hits_on_me":77,"pred_actions":237,"predicted_confirmed":109,"predicted_hits":238,"reconnects":0},"ev":"stats","hp":0.0,"in_bytes":4463884,"late":0,"local_entity":2,"match":{"countdown_until":300,"ctrl":-1,"final":false,"next":"","phase":3,"rot":1922,"scores":[39,15],"sd":false,"state":3,"tick":19678,"zone":"C"},"max_err":2.802,"mean_err":0.0282,"ms":334964,"out_bytes":978938,"pending":5,"pos":[39.56,-1.12],"reconciles":6629,"server_tick":19977,"snaps":6634,"teleports":5}
[client] {"a":8,"dup":false,"ev":"game","ms":334986,"predicted":false,"t":4,"tick":19974,"type":"hit"}
[client] {"a":3,"dup":false,"ev":"game","ms":335220,"predicted":false,"t":7,"tick":19988,"type":"hit"}
[client] {"a":9,"dup":false,"ev":"game","ms":335469,"predicted":false,"t":3,"tick":20003,"type":"hit"}
[client] {"a":8,"dup":false,"ev":"game","ms":335504,"predicted":false,"t":4,"tick":20005,"type":"hit"}
[client] {"a":8,"dup":false,"ev":"game","ms":335820,"predicted":false,"t":4,"tick":20024,"type":"hit"}
[client] {"a":8,"dup":false,"ev":"game","ms":336152,"predicted":false,"t":4,"tick":20044,"type":"hit"}
[client] {"a":3,"dup":false,"ev":"game","ms":336316,"predicted":false,"t":7,"tick":20054,"type":"hit"}
[client] {"a":9,"dup":false,"ev":"game","ms":336475,"predicted":false,"t":4,"tick":20063,"type":"hit"}
[client] {"a":5,"dup":false,"ev":"game","ms":337076,"predicted":false,"t":3,"tick":20099,"type":"hit"}
[client] {"a":4,"dup":false,"ev":"game","ms":337476,"predicted":false,"t":8,"tick":20123,"type":"hit"}
[client] {"a":0,"dup":false,"ev":"game","ms":337724,"predicted":false,"t":-1,"tick":20138,"type":"respawn"}
[client] {"a":8,"dup":false,"ev":"game","ms":337876,"predicted":false,"t":4,"tick":20147,"type":"hit"}
[client] {"a":3,"dup":false,"ev":"game","ms":337924,"predicted":false,"t":5,"tick":20150,"type":"hit"}
[client] {"a":8,"dup":false,"ev":"game","ms":338262,"predicted":false,"t":4,"tick":20170,"type":"hit"}
[client] {"a":4,"dup":false,"ev":"game","ms":338657,"predicted":false,"t":8,"tick":20194,"type":"hit"}
[client] {"a":1,"dup":false,"ev":"game","ms":338718,"predicted":false,"t":-1,"tick":20198,"type":"respawn"}
[client] {"a":2,"dup":false,"ev":"game","ms":339035,"predicted":false,"t":-1,"tick":20222,"type":"respawn"}
[client] {"a":3,"dup":false,"ev":"game","ms":339084,"predicted":false,"t":5,"tick":20220,"type":"hit"}
[client] {"a":8,"dup":false,"ev":"game","ms":339387,"predicted":false,"t":4,"tick":20237,"type":"block"}
[client] {"counts":{"blocks_on_me":0,"conf_actions":224,"confirmed_hits":968,"dup_confirmed":0,"hits_on_me":77,"pred_actions":237,"predicted_confirmed":109,"predicted_hits":238,"reconnects":0},"ev":"stats","hp":230.0,"in_bytes":4530241,"late":0,"local_entity":2,"match":{"countdown_until":300,"ctrl":-1,"final":false,"next":"","phase":3,"rot":1622,"scores":[39,15],"sd":false,"state":3,"tick":19978,"zone":"C"},"max_err":2.802,"mean_err":0.0278,"ms":339966,"out_bytes":993638,"pending":8,"pos":[-4.99,-41.83],"reconciles":6727,"server_tick":20277,"snaps":6734,"teleports":6}
[client] {"a":8,"dup":false,"ev":"game","ms":340001,"predicted":false,"t":4,"tick":20274,"type":"block"}
[client] {"a":8,"dup":false,"ev":"game","ms":340554,"predicted":false,"t":4,"tick":20307,"type":"hit"}
[client] {"a":8,"dup":false,"ev":"game","ms":340882,"predicted":false,"t":4,"tick":20327,"type":"hit"}
[client] {"a":4,"dup":false,"ev":"game","ms":340882,"predicted":false,"t":-1,"tick":20327,"type":"ko"}
[client] {"a":3,"dup":false,"ev":"game","ms":341140,"predicted":false,"t":5,"tick":20342,"type":"hit"}
[client] {"a":7,"dup":false,"ev":"game","ms":341237,"predicted":false,"t":3,"tick":20349,"type":"hit"}
[client] {"a":7,"dup":false,"ev":"game","ms":341741,"predicted":false,"t":3,"tick":20379,"type":"hit"}
[client] {"a":3,"dup":false,"ev":"game","ms":342086,"predicted":false,"t":7,"tick":20400,"type":"hit"}
[client] {"a":5,"dup":false,"ev":"game","ms":342203,"predicted":false,"t":3,"tick":20407,"type":"hit"}
[client] {"a":9,"dup":false,"ev":"game","ms":342307,"predicted":false,"t":3,"tick":20413,"type":"hit"}
[client] {"a":3,"dup":false,"ev":"game","ms":342307,"predicted":false,"t":-1,"tick":20413,"type":"ko"}
[client] {"a":6,"dup":false,"ev":"game","ms":344005,"predicted":false,"t":-1,"tick":20514,"type":"respawn"}
[client] {"counts":{"blocks_on_me":0,"conf_actions":224,"confirmed_hits":976,"dup_confirmed":0,"hits_on_me":77,"pred_actions":237,"predicted_confirmed":109,"predicted_hits":238,"reconnects":0},"ev":"stats","hp":230.0,"in_bytes":4592929,"late":0,"local_entity":2,"match":{"countdown_until":300,"ctrl":1,"final":false,"next":"","phase":3,"rot":1322,"scores":[39,17],"sd":false,"state":2,"tick":20278,"zone":"C"},"max_err":2.802,"mean_err":0.0274,"ms":344970,"out_bytes":1008338,"pending":5,"pos":[16.79,-19.0],"reconciles":6828,"server_tick":20577,"snaps":6834,"teleports":6}
[client] {"a":0,"dup":false,"ev":"game","ms":348803,"predicted":false,"t":9,"tick":20803,"type":"hit"}
[client] {"a":8,"dup":false,"ev":"game","ms":349086,"predicted":false,"t":0,"tick":20820,"type":"hit"}
[client] {"a":5,"dup":false,"ev":"game","ms":349955,"predicted":false,"t":2,"tick":20872,"type":"hit"}
[client] {"counts":{"blocks_on_me":0,"conf_actions":227,"confirmed_hits":979,"dup_confirmed":0,"hits_on_me":78,"pred_actions":240,"predicted_confirmed":109,"predicted_hits":238,"reconnects":0},"ev":"stats","hp":194.0,"in_bytes":4652182,"late":0,"local_entity":2,"match":{"countdown_until":300,"ctrl":-1,"final":false,"next":"","phase":3,"rot":1022,"scores":[39,20],"sd":false,"state":3,"tick":20578,"zone":"C"},"max_err":2.802,"mean_err":0.0272,"ms":349968,"out_bytes":1023038,"pending":5,"pos":[39.57,-1.52],"reconciles":6928,"server_tick":20877,"snaps":6934,"teleports":6}
[client] {"a":8,"dup":false,"ev":"game","ms":349969,"predicted":false,"t":2,"tick":20873,"type":"hit"}
[client] {"a":1,"dup":false,"ev":"game","ms":350121,"predicted":false,"t":8,"tick":20882,"type":"hit"}
[client] {"a":8,"dup":false,"ev":"game","ms":350121,"predicted":false,"t":-1,"tick":20882,"type":"ko"}
[client] {"a":2,"dup":true,"ev":"game","ms":350334,"predicted":false,"t":5,"tick":20900,"type":"hit"}
[client] {"a":0,"dup":false,"ev":"game","ms":350604,"predicted":false,"t":9,"tick":20911,"type":"hit"}
[client] {"a":2,"dup":true,"ev":"game","ms":350604,"predicted":false,"t":5,"tick":20916,"type":"hit"}
[client] {"a":4,"dup":false,"ev":"game","ms":350873,"predicted":false,"t":-1,"tick":20927,"type":"respawn"}
[client] {"a":0,"dup":false,"ev":"game","ms":351418,"predicted":false,"t":7,"tick":20960,"type":"hit"}
[client] {"a":1,"dup":false,"ev":"game","ms":351418,"predicted":false,"t":7,"tick":20960,"type":"hit"}
[client] {"a":9,"dup":false,"ev":"game","ms":351453,"predicted":false,"t":0,"tick":20962,"type":"hit"}
[client] {"a":9,"dup":false,"ev":"game","ms":351473,"predicted":false,"t":1,"tick":20963,"type":"hit"}
[client] {"a":2,"dup":true,"ev":"game","ms":351473,"predicted":false,"t":5,"tick":20968,"type":"hit"}
[client] {"a":5,"dup":false,"ev":"game","ms":351556,"predicted":false,"t":-1,"tick":20968,"type":"ko"}
[client] {"a":3,"dup":false,"ev":"game","ms":352301,"predicted":false,"t":-1,"tick":21013,"type":"respawn"}
[client] {"a":0,"dup":false,"ev":"game","ms":352556,"predicted":false,"t":9,"tick":21028,"type":"hit"}
[client] {"a":9,"dup":false,"ev":"game","ms":352557,"predicted":false,"t":-1,"tick":21028,"type":"ko"}
[client] {"a":7,"dup":false,"ev":"game","ms":352854,"predicted":false,"t":2,"tick":21046,"type":"hit"}
[client] {"a":2,"dup":true,"ev":"game","ms":353170,"predicted":false,"t":7,"tick":21070,"type":"hit"}
[client] {"a":7,"dup":false,"ev":"game","ms":353253,"predicted":false,"t":-1,"tick":21070,"type":"ko"}
[client] {"counts":{"blocks_on_me":0,"conf_actions":234,"confirmed_hits":992,"dup_confirmed":0,"hits_on_me":80,"pred_actions":247,"predicted_confirmed":113,"predicted_hits":246,"reconnects":0},"ev":"stats","hp":176.0,"in_bytes":4718096,"late":0,"local_entity":2,"match":{"countdown_until":300,"ctrl":-1,"final":false,"next":"B","phase":3,"rot":722,"scores":[39,20],"sd":false,"state":3,"tick":20878,"zone":"C"},"max_err":2.802,"mean_err":0.0269,"ms":354970,"out_bytes":1037738,"pending":5,"pos":[41.98,-0.39],"reconciles":7028,"server_tick":21177,"snaps":7034,"teleports":6}
[client] {"a":6,"dup":false,"ev":"game","ms":355454,"predicted":false,"t":1,"tick":21202,"type":"hit"}
[client] {"a":0,"dup":false,"ev":"game","ms":355689,"predicted":false,"t":6,"tick":21216,"type":"hit"}
[client] {"a":1,"dup":false,"ev":"game","ms":355855,"predicted":false,"t":6,"tick":21226,"type":"hit"}
[client] {"a":2,"dup":true,"ev":"game","ms":356110,"predicted":false,"t":6,"tick":21246,"type":"hit"}
[client] {"a":1,"dup":false,"ev":"game","ms":356172,"predicted":false,"t":6,"tick":21245,"type":"hit"}
[client] {"a":6,"dup":false,"ev":"game","ms":357890,"predicted":false,"t":1,"tick":21348,"type":"hit"}
[client] {"a":2,"dup":true,"ev":"game","ms":358221,"predicted":false,"t":6,"tick":21373,"type":"hit"}
[client] {"a":0,"dup":false,"ev":"game","ms":358725,"predicted":false,"t":6,"tick":21398,"type":"hit"}
[client] {"a":0,"dup":false,"ev":"game","ms":359042,"predicted":false,"t":6,"tick":21417,"type":"hit"}
[client] {"a":2,"dup":true,"ev":"game","ms":359139,"predicted":false,"t":6,"tick":21428,"type":"hit"}
[client] {"counts":{"blocks_on_me":0,"conf_actions":237,"confirmed_hits":1002,"dup_confirmed":0,"hits_on_me":80,"pred_actions":250,"predicted_confirmed":116,"predicted_hits":252,"reconnects":0},"ev":"stats","hp":176.0,"in_bytes":4774580,"late":0,"local_entity":2,"match":{"countdown_until":300,"ctrl":-1,"final":false,"next":"B","phase":3,"rot":422,"scores":[39,20],"sd":false,"state":3,"tick":21178,"zone":"C"},"max_err":2.802,"mean_err":0.0269,"ms":359973,"out_bytes":1052438,"pending":5,"pos":[41.69,-0.03],"reconciles":7128,"server_tick":21477,"snaps":7134,"teleports":6}
[client] {"a":8,"dup":false,"ev":"game","ms":360126,"predicted":false,"t":-1,"tick":21482,"type":"respawn"}
[client] {"a":1,"dup":false,"ev":"game","ms":361174,"predicted":false,"t":6,"tick":21545,"type":"hit"}
[client] {"a":1,"dup":false,"ev":"game","ms":361492,"predicted":false,"t":6,"tick":21564,"type":"hit"}
[client] {"a":5,"dup":false,"ev":"game","ms":361561,"predicted":false,"t":-1,"tick":21568,"type":"respawn"}
[client] {"a":6,"dup":false,"ev":"game","ms":361892,"predicted":false,"t":1,"tick":21588,"type":"hit"}
[client] {"a":1,"dup":false,"ev":"game","ms":362279,"predicted":false,"t":6,"tick":21611,"type":"hit"}
[client] {"a":9,"dup":false,"ev":"game","ms":362561,"predicted":false,"t":-1,"tick":21628,"type":"respawn"}
[client] {"a":1,"dup":false,"ev":"game","ms":362575,"predicted":false,"t":6,"tick":21629,"type":"hit"}
[client] {"a":1,"dup":false,"ev":"game","ms":362892,"predicted":false,"t":6,"tick":21648,"type":"hit"}
[client] {"a":7,"dup":false,"ev":"game","ms":363259,"predicted":false,"t":-1,"tick":21670,"type":"respawn"}
[client] {"a":6,"dup":false,"ev":"game","ms":363279,"predicted":false,"t":1,"tick":21671,"type":"hit"}
[client] {"a":6,"dup":false,"ev":"game","ms":364038,"predicted":false,"t":1,"tick":21717,"type":"hit"}
[client] {"a":4,"dup":false,"ev":"game","ms":364508,"predicted":false,"t":6,"tick":21745,"type":"hit"}
[client] {"a":6,"dup":false,"ev":"game","ms":364508,"predicted":false,"t":-1,"tick":21745,"type":"ko"}
[client] {"counts":{"blocks_on_me":0,"conf_actions":239,"confirmed_hits":1011,"dup_confirmed":0,"hits_on_me":80,"pred_actions":252,"predicted_confirmed":116,"predicted_hits":252,"reconnects":0},"ev":"stats","hp":176.0,"in_bytes":4832606,"late":0,"local_entity":2,"match":{"countdown_until":300,"ctrl":0,"final":false,"next":"B","phase":3,"rot":122,"scores":[39,20],"sd":false,"state":2,"tick":21478,"zone":"C"},"max_err":2.802,"mean_err":0.0267,"ms":364969,"out_bytes":1067138,"pending":5,"pos":[42.13,0.1],"reconciles":7228,"server_tick":21777,"snaps":7234,"teleports":6}
[client] {"a":-1,"dup":false,"ev":"game","ms":367074,"predicted":false,"t":-1,"tick":21899,"type":"zone_rotated"}
[client] {"counts":{"blocks_on_me":0,"conf_actions":239,"confirmed_hits":1011,"dup_confirmed":0,"hits_on_me":80,"pred_actions":252,"predicted_confirmed":116,"predicted_hits":252,"reconnects":0},"ev":"stats","hp":176.0,"in_bytes":4883358,"late":0,"local_entity":2,"match":{"countdown_until":300,"ctrl":1,"final":false,"next":"","phase":3,"rot":3422,"scores":[41,20],"sd":false,"state":2,"tick":21778,"zone":"B"},"max_err":2.802,"mean_err":0.0267,"ms":369971,"out_bytes":1081838,"pending":5,"pos":[22.8,-4.18],"reconciles":7328,"server_tick":22077,"snaps":7334,"teleports":6}
[client] {"a":1,"dup":false,"ev":"game","ms":373273,"predicted":false,"t":5,"tick":22271,"type":"hit"}
[client] {"a":8,"dup":false,"ev":"game","ms":373369,"predicted":false,"t":1,"tick":22277,"type":"hit"}
[client] {"a":4,"dup":false,"ev":"game","ms":373590,"predicted":false,"t":5,"tick":22290,"type":"hit"}
[client] {"a":4,"dup":false,"ev":"game","ms":373590,"predicted":false,"t":8,"tick":22290,"type":"hit"}
[client] {"a":1,"dup":false,"ev":"game","ms":373908,"predicted":false,"t":5,"tick":22309,"type":"hit"}
[client] {"a":1,"dup":false,"ev":"game","ms":373935,"predicted":false,"t":8,"tick":22311,"type":"hit"}
[client] {"a":1,"dup":false,"ev":"game","ms":374218,"predicted":false,"t":5,"tick":22328,"type":"hit"}
[client] {"a":1,"dup":false,"ev":"game","ms":374256,"predicted":false,"t":8,"tick":22330,"type":"hit"}
[client] {"a":1,"dup":false,"ev":"game","ms":374273,"predicted":false,"t":7,"tick":22331,"type":"hit"}
[client] {"a":4,"dup":false,"ev":"game","ms":374287,"predicted":false,"t":5,"tick":22332,"type":"hit"}
[client] {"a":4,"dup":false,"ev":"game","ms":374287,"predicted":false,"t":8,"tick":22332,"type":"hit"}
[client] {"a":4,"dup":false,"ev":"game","ms":374322,"predicted":false,"t":7,"tick":22334,"type":"hit"}
[client] {"a":4,"dup":false,"ev":"game","ms":374322,"predicted":false,"t":9,"tick":22334,"type":"hit"}
[client] {"a":6,"dup":false,"ev":"game","ms":374508,"predicted":false,"t":-1,"tick":22345,"type":"respawn"}
[client] {"a":2,"dup":true,"ev":"game","ms":374675,"predicted":false,"t":9,"tick":22360,"type":"hit"}
[client] {"counts":{"blocks_on_me":0,"conf_actions":243,"confirmed_hits":1025,"dup_confirmed":0,"hits_on_me":80,"pred_actions":256,"predicted_confirmed":117,"predicted_hits":256,"reconnects":0},"ev":"stats","hp":221.900000000002,"in_bytes":4953265,"late":0,"local_entity":2,"match":{"countdown_until":300,"ctrl":-1,"final":false,"next":"","phase":3,"rot":3122,"scores":[41,22],"sd":false,"state":3,"tick":22078,"zone":"B"},"max_err":2.802,"mean_err":0.0268,"ms":374969,"out_bytes":1096538,"pending":5,"pos":[-2.93,-4.14],"reconciles":7428,"server_tick":22377,"snaps":7434,"teleports":6}
[client] {"a":2,"dup":true,"ev":"game","ms":374991,"predicted":false,"t":9,"tick":22379,"type":"hit"}
[client] {"a":5,"dup":false,"ev":"game","ms":375239,"predicted":false,"t":3,"tick":22389,"type":"hit"}
[client] {"a":8,"dup":false,"ev":"game","ms":375288,"predicted":false,"t":2,"tick":22392,"type":"hit"}
[client] {"a":8,"dup":false,"ev":"game","ms":375618,"predicted":false,"t":2,"tick":22412,"type":"hit"}
[client] {"a":7,"dup":false,"ev":"game","ms":375653,"predicted":false,"t":2,"tick":22414,"type":"hit"}
[client] {"a":2,"dup":true,"ev":"game","ms":376509,"predicted":false,"t":8,"tick":22470,"type":"hit"}
[client] {"a":2,"dup":true,"ev":"game","ms":376874,"predicted":false,"t":8,"tick":22491,"type":"hit"}
[client] {"a":2,"dup":true,"ev":"game","ms":376910,"predicted":false,"t":9,"tick":22494,"type":"hit"}
[client] {"a":3,"dup":false,"ev":"game","ms":377054,"predicted":false,"t":5,"tick":22498,"type":"hit"}
[client] {"a":7,"dup":false,"ev":"game","ms":377136,"predicted":false,"t":1,"tick":22503,"type":"hit"}
[client] {"a":0,"dup":false,"ev":"game","ms":377158,"predicted":false,"t":5,"tick":22504,"type":"hit"}
[client] {"a":7,"dup":false,"ev":"game","ms":377206,"predicted":false,"t":3,"tick":22507,"type":"hit"}
[client] {"a":4,"dup":false,"ev":"game","ms":377288,"predicted":false,"t":5,"tick":22511,"type":"hit"}
[client] {"a":2,"dup":true,"ev":"game","ms":377309,"predicted":false,"t":8,"tick":22518,"type":"hit"}
[client] {"a":2,"dup":true,"ev":"game","ms":377357,"predicted":false,"t":9,"tick":22520,"type":"hit"}
[client] {"a":4,"dup":false,"ev":"game","ms":377606,"predicted":false,"t":7,"tick":22531,"type":"hit"}
[client] {"a":5,"dup":false,"ev":"game","ms":377688,"predicted":false,"t":0,"tick":22535,"type":"hit"}
[client] {"a":2,"dup":false,"ev":"game","ms":377710,"predicted":false,"t":8,"tick":22541,"type":"block"}
[client] {"a":2,"dup":true,"ev":"game","ms":377923,"predicted":false,"t":8,"tick":22555,"type":"hit"}
[client] {"a":2,"dup":true,"ev":"game","ms":377958,"predicted":false,"t":9,"tick":22557,"type":"hit"}
[client] {"a":5,"dup":false,"ev":"game","ms":377992,"predicted":false,"t":4,"tick":22554,"type":"hit"}
[client] {"a":0,"dup":false,"ev":"game","ms":378040,"predicted":false,"t":5,"tick":22557,"type":"hit"}
[client] {"a":7,"dup":false,"ev":"game","ms":378372,"predicted":false,"t":4,"tick":22577,"type":"hit"}
[client] {"a":2,"dup":true,"ev":"game","ms":378475,"predicted":false,"t":8,"tick":22588,"type":"hit"}
[client] {"a":2,"dup":true,"ev":"game","ms":378856,"predicted":false,"t":8,"tick":22611,"type":"hit"}
[client] {"a":5,"dup":false,"ev":"game","ms":379089,"predicted":false,"t":1,"tick":22620,"type":"hit"}
[client] {"a":8,"dup":false,"ev":"game","ms":379358,"predicted":false,"t":2,"tick":22636,"type":"hit"}
[client] {"a":5,"dup":false,"ev":"game","ms":379427,"predicted":false,"t":1,"tick":22640,"type":"hit"}
[client] {"a":4,"dup":false,"ev":"game","ms":379738,"predicted":false,"t":5,"tick":22659,"type":"hit"}
[client] {"a":3,"dup":false,"ev":"game","ms":379758,"predicted":false,"t":5,"tick":22660,"type":"hit"}
[client] {"a":5,"dup":false,"ev":"game","ms":379759,"predicted":false,"t":-1,"tick":22660,"type":"ko"}
[client] {"a":9,"dup":false,"ev":"game","ms":379828,"predicted":false,"t":1,"tick":22664,"type":"hit"}
[client] {"a":1,"dup":false,"ev":"game","ms":379828,"predicted":false,"t":-1,"tick":22664,"type":"ko"}
[client] {"a":9,"dup":false,"ev":"game","ms":379876,"predicted":false,"t":4,"tick":22667,"type":"hit"}
[client] {"counts":{"blocks_on_me":0,"conf_actions":251,"confirmed_hits":1056,"dup_confirmed":0,"hits_on_me":84,"pred_actions":265,"predicted_confirmed":127,"predicted_hits":275,"reconnects":0},"ev":"stats","hp":117.900000000002,"in_bytes":5032630,"late":0,"local_entity":2,"match":{"countdown_until":300,"ctrl":-1,"final":false,"next":"","phase":3,"rot":2822,"scores":[41,22],"sd":false,"state":3,"tick":22378,"zone":"B"},"max_err":2.802,"mean_err":0.027,"ms":379972,"out_bytes":1111238,"pending":5,"pos":[-2.28,-6.05],"reconciles":7527,"server_tick":22677,"snaps":7533,"teleports":6}
[client] {"a":3,"dup":false,"ev":"game","ms":380393,"predicted":false,"t":9,"tick":22698,"type":"hit"}
[client] {"a":8,"dup":false,"ev":"game","ms":380428,"predicted":false,"t":0,"tick":22700,"type":"hit"}
[client] {"a":9,"dup":false,"ev":"game","ms":380731,"predicted":false,"t":0,"tick":22719,"type":"hit"}
[client] {"a":8,"dup":false,"ev":"game","ms":380766,"predicted":false,"t":0,"tick":22721,"type":"hit"}
[client] {"a":2,"dup":true,"ev":"game","ms":380821,"predicted":false,"t":8,"tick":22728,"type":"hit"}
[client] {"a":8,"dup":false,"ev":"game","ms":380883,"predicted":false,"t":-1,"tick":22728,"type":"ko"}
[client] {"a":3,"dup":false,"ev":"game","ms":380918,"predicted":false,"t":9,"tick":22730,"type":"hit"}
[client] {"a":0,"dup":false,"ev":"game","ms":381153,"predicted":false,"t":9,"tick":22744,"type":"hit"}
[client] {"a":3,"dup":false,"ev":"game","ms":381235,"predicted":false,"t":9,"tick":22749,"type":"hit"}
[client] {"a":7,"dup":false,"ev":"game","ms":381684,"predicted":false,"t":3,"tick":22776,"type":"hit"}
[client] {"a":7,"dup":false,"ev":"game","ms":381732,"predicted":false,"t":4,"tick":22779,"type":"hit"}
[client] {"a":2,"dup":true,"ev":"game","ms":381870,"predicted":false,"t":9,"tick":22792,"type":"hit"}
[client] {"a":3,"dup":false,"ev":"game","ms":382001,"predicted":false,"t":7,"tick":22795,"type":"hit"}
[client] {"a":0,"dup":false,"ev":"game","ms":382187,"predicted":false,"t":7,"tick":22806,"type":"hit"}
[client] {"a":0,"dup":false,"ev":"game","ms":382201,"predicted":false,"t":9,"tick":22807,"type":"hit"}
[client] {"a":2,"dup":true,"ev":"game","ms":382222,"predicted":false,"t":7,"tick":22812,"type":"hit"}
[client] {"a":0,"dup":false,"ev":"game","ms":382788,"predicted":false,"t":6,"tick":22842,"type":"hit"}
[client] {"a":9,"dup":false,"ev":"game","ms":383022,"predicted":false,"t":0,"tick":22856,"type":"hit"}
[client] {"a":2,"dup":true,"ev":"game","ms":383388,"predicted":false,"t":6,"tick":22883,"type":"hit"}
[client] {"a":6,"dup":false,"ev":"game","ms":383450,"predicted":false,"t":0,"tick":22881,"type":"hit"}
[client] {"a":7,"dup":false,"ev":"game","ms":383519,"predicted":false,"t":3,"tick":22886,"type":"hit"}
[client] {"a":3,"dup":false,"ev":"game","ms":383851,"predicted":false,"t":6,"tick":22905,"type":"hit"}
[client] {"a":2,"dup":true,"ev":"game","ms":384023,"predicted":false,"t":6,"tick":22921,"type":"hit"}
[client] {"a":7,"dup":false,"ev":"game","ms":384071,"predicted":false,"t":3,"tick":22918,"type":"hit"}
[client] {"a":7,"dup":false,"ev":"game","ms":384106,"predicted":false,"t":4,"tick":22921,"type":"hit"}
[client] {"a":9,"dup":false,"ev":"game","ms":384506,"predicted":false,"t":3,"tick":22944,"type":"hit"}
[client] {"a":4,"dup":false,"ev":"game","ms":384519,"predicted":false,"t":7,"tick":22946,"type":"hit"}
[client] {"a":6,"dup":false,"ev":"game","ms":384755,"predicted":false,"t":4,"tick":22960,"type":"hit"}
[client] {"a":2,"dup":true,"ev":"game","ms":384789,"predicted":false,"t":6,"tick":22966,"type":"hit"}
[client] {"a":2,"dup":true,"ev":"game","ms":384824,"predicted":false,"t":9,"tick":22968,"type":"hit"}
[client] {"a":2,"dup":true,"ev":"game","ms":384837,"predicted":false,"t":7,"tick":22970,"type":"hit"}
[client] {"a":0,"dup":false,"ev":"game","ms":384851,"predicted":false,"t":6,"tick":22965,"type":"hit"}
[client] {"a":3,"dup":false,"ev":"game","ms":384872,"predicted":false,"t":6,"tick":22966,"type":"hit"}
[client] {"a":9,"dup":false,"ev":"game","ms":384906,"predicted":false,"t":-1,"tick":22968,"type":"ko"}
[client] {"counts":{"blocks_on_me":0,"conf_actions":259,"confirmed_hits":1088,"dup_confirmed":0,"hits_on_me":84,"pred_actions":273,"predicted_confirmed":135,"predicted_hits":289,"reconnects":0},"ev":"stats","hp":117.900000000002,"in_bytes":5108192,"late":0,"local_entity":2,"match":{"countdown_until":300,"ctrl":-1,"final":false,"next":"","phase":3,"rot":2522,"scores":[41,22],"sd":false,"state":3,"tick":22678,"zone":"B"},"max_err":2.802,"mean_err":0.0267,"ms":384967,"out_bytes":1125938,"pending":5,"pos":[-2.27,-2.83],"reconciles":7627,"server_tick":22977,"snaps":7633,"teleports":6}
[client] {"a":4,"dup":false,"ev":"game","ms":385168,"predicted":false,"t":6,"tick":22985,"type":"block"}
[client] {"a":2,"dup":false,"ev":"game","ms":385389,"predicted":false,"t":6,"tick":23003,"type":"block"}
[client] {"a":3,"dup":false,"ev":"game","ms":385485,"predicted":false,"t":6,"tick":23003,"type":"block"}
[client] {"a":0,"dup":false,"ev":"game","ms":385720,"predicted":false,"t":6,"tick":23018,"type":"block"}
[client] {"a":2,"dup":false,"ev":"game","ms":385741,"predicted":false,"t":6,"tick":23023,"type":"block"}
[client] {"a":2,"dup":true,"ev":"game","ms":386073,"predicted":false,"t":6,"tick":23044,"type":"hit"}
[client] {"a":3,"dup":false,"ev":"game","ms":386541,"predicted":false,"t":6,"tick":23067,"type":"hit"}
[client] {"a":0,"dup":false,"ev":"game","ms":386569,"predicted":false,"t":6,"tick":23069,"type":"hit"}
[client] {"a":2,"dup":true,"ev":"game","ms":386741,"predicted":false,"t":6,"tick":23083,"type":"hit"}
[client] {"a":7,"dup":false,"ev":"game","ms":387073,"predicted":false,"t":4,"tick":23098,"type":"block"}
[client] {"a":7,"dup":false,"ev":"game","ms":387086,"predicted":false,"t":0,"tick":23099,"type":"hit"}
[client] {"a":2,"dup":true,"ev":"game","ms":387107,"predicted":false,"t":7,"tick":23106,"type":"hit"}
[client] {"a":7,"dup":false,"ev":"game","ms":387121,"predicted":false,"t":3,"tick":23102,"type":"hit"}
[client] {"a":7,"dup":false,"ev":"game","ms":387190,"predicted":false,"t":-1,"tick":23106,"type":"ko"}
[client] {"a":6,"dup":false,"ev":"game","ms":387804,"predicted":false,"t":4,"tick":23143,"type":"block"}
[client] {"a":6,"dup":false,"ev":"game","ms":388252,"predicted":false,"t":4,"tick":23170,"type":"block"}
[client] {"a":6,"dup":false,"ev":"game","ms":389073,"predicted":false,"t":4,"tick":23219,"type":"hit"}
[client] {"a":5,"dup":false,"ev":"game","ms":389765,"predicted":false,"t":-1,"tick":23260,"type":"respawn"}
[client] {"a":1,"dup":false,"ev":"game","ms":389825,"predicted":false,"t":-1,"tick":23264,"type":"respawn"}
[client] {"counts":{"blocks_on_me":0,"conf_actions":264,"confirmed_hits":1096,"dup_confirmed":0,"hits_on_me":84,"pred_actions":278,"predicted_confirmed":138,"predicted_hits":299,"reconnects":0},"ev":"stats","hp":117.900000000002,"in_bytes":5170082,"late":0,"local_entity":2,"match":{"countdown_until":300,"ctrl":-1,"final":false,"next":"","phase":3,"rot":2222,"scores":[41,22],"sd":false,"state":3,"tick":22978,"zone":"B"},"max_err":2.802,"mean_err":0.0267,"ms":389970,"out_bytes":1140638,"pending":5,"pos":[-0.55,-2.68],"reconciles":7727,"server_tick":23277,"snaps":7733,"teleports":6}
[client] {"a":2,"dup":true,"ev":"game","ms":390543,"predicted":false,"t":6,"tick":23312,"type":"hit"}
[client] {"a":6,"dup":false,"ev":"game","ms":390626,"predicted":false,"t":-1,"tick":23312,"type":"ko"}
[client] {"a":8,"dup":false,"ev":"game","ms":390888,"predicted":false,"t":-1,"tick":23328,"type":"respawn"}
[client] {"a":9,"dup":false,"ev":"game","ms":394883,"predicted":false,"t":-1,"tick":23568,"type":"respawn"}
[client] {"counts":{"blocks_on_me":0,"conf_actions":265,"confirmed_hits":1097,"dup_confirmed":0,"hits_on_me":84,"pred_actions":279,"predicted_confirmed":139,"predicted_hits":301,"reconnects":0},"ev":"stats","hp":117.900000000002,"in_bytes":5225970,"late":0,"local_entity":2,"match":{"countdown_until":300,"ctrl":0,"final":false,"next":"","phase":3,"rot":1922,"scores":[45,22],"sd":false,"state":2,"tick":23278,"zone":"B"},"max_err":2.802,"mean_err":0.0264,"ms":394965,"out_bytes":1155338,"pending":5,"pos":[-0.43,-2.7],"reconciles":7827,"server_tick":23577,"snaps":7833,"teleports":6}
[client] {"a":7,"dup":false,"ev":"game","ms":397188,"predicted":false,"t":-1,"tick":23706,"type":"respawn"}
[client] {"a":2,"dup":true,"ev":"game","ms":397257,"predicted":false,"t":5,"tick":23715,"type":"hit"}
[client] {"a":2,"dup":true,"ev":"game","ms":397588,"predicted":false,"t":5,"tick":23735,"type":"hit"}
[client] {"a":4,"dup":false,"ev":"game","ms":397684,"predicted":false,"t":5,"tick":23736,"type":"hit"}
[client] {"a":8,"dup":false,"ev":"game","ms":397975,"predicted":false,"t":2,"tick":23753,"type":"hit"}
[client] {"a":4,"dup":false,"ev":"game","ms":398175,"predicted":false,"t":5,"tick":23765,"type":"hit"}
[client] {"a":8,"dup":false,"ev":"game","ms":398202,"predicted":false,"t":2,"tick":23767,"type":"hit"}
[client] {"a":8,"dup":false,"ev":"game","ms":398237,"predicted":false,"t":4,"tick":23769,"type":"hit"}
[client] {"a":1,"dup":false,"ev":"game","ms":398658,"predicted":false,"t":5,"tick":23794,"type":"hit"}
[client] {"a":8,"dup":false,"ev":"game","ms":399175,"predicted":false,"t":1,"tick":23825,"type":"hit"}
[client] {"a":8,"dup":false,"ev":"game","ms":399223,"predicted":false,"t":0,"tick":23828,"type":"hit"}
[client] {"a":4,"dup":false,"ev":"game","ms":399285,"predicted":false,"t":8,"tick":23832,"type":"hit"}
[client] {"a":5,"dup":false,"ev":"game","ms":399686,"predicted":false,"t":4,"tick":23856,"type":"hit"}
[client] {"counts":{"blocks_on_me":0,"conf_actions":270,"confirmed_hits":1109,"dup_confirmed":0,"hits_on_me":86,"pred_actions":285,"predicted_confirmed":141,"predicted_hits":305,"reconnects":0},"ev":"stats","hp":93.5000000000016,"in_bytes":5289415,"late":0,"local_entity":2,"match":{"countdown_until":300,"ctrl":-1,"final":false,"next":"","phase":3,"rot":1622,"scores":[45,22],"sd":false,"state":3,"tick":23578,"zone":"B"},"max_err":2.802,"mean_err":0.0264,"ms":399975,"out_bytes":1170038,"pending":5,"pos":[-0.73,-2.68],"reconciles":7927,"server_tick":23877,"snaps":7933,"teleports":6}
[client] {"a":5,"dup":false,"ev":"game","ms":400024,"predicted":false,"t":4,"tick":23876,"type":"hit"}
[client] {"a":2,"dup":true,"ev":"game","ms":400141,"predicted":false,"t":5,"tick":23888,"type":"hit"}
[client] {"a":2,"dup":true,"ev":"game","ms":400390,"predicted":false,"t":5,"tick":23903,"type":"hit"}
[client] {"a":8,"dup":false,"ev":"game","ms":400472,"predicted":false,"t":4,"tick":23903,"type":"hit"}
[client] {"a":6,"dup":false,"ev":"game","ms":400624,"predicted":false,"t":-1,"tick":23912,"type":"respawn"}
[client] {"a":8,"dup":false,"ev":"game","ms":401521,"predicted":false,"t":2,"tick":23966,"type":"hit"}
[client] {"a":4,"dup":false,"ev":"game","ms":401809,"predicted":false,"t":5,"tick":23983,"type":"hit"}
[client] {"a":4,"dup":false,"ev":"game","ms":402142,"predicted":false,"t":5,"tick":24003,"type":"hit"}
[client] {"a":1,"dup":false,"ev":"game","ms":402190,"predicted":false,"t":5,"tick":24006,"type":"hit"}
[client] {"a":4,"dup":false,"ev":"game","ms":402502,"predicted":false,"t":8,"tick":24025,"type":"hit"}
[client] {"a":9,"dup":false,"ev":"game","ms":402917,"predicted":false,"t":4,"tick":24049,"type":"hit"}
[client] {"a":4,"dup":false,"ev":"game","ms":402917,"predicted":false,"t":-1,"tick":24049,"type":"ko"}
[client] {"a":9,"dup":false,"ev":"game","ms":402951,"predicted":false,"t":1,"tick":24051,"type":"hit"}
[client] {"a":5,"dup":false,"ev":"game","ms":403468,"predicted":false,"t":1,"tick":24082,"type":"hit"}
[client] {"a":3,"dup":false,"ev":"game","ms":403751,"predicted":false,"t":9,"tick":24100,"type":"hit"}
[client] {"a":5,"dup":false,"ev":"game","ms":403786,"predicted":false,"t":1,"tick":24101,"type":"hit"}
[client] {"a":3,"dup":false,"ev":"game","ms":404304,"predicted":false,"t":5,"tick":24133,"type":"hit"}
[client] {"a":5,"dup":false,"ev":"game","ms":404304,"predicted":false,"t":-1,"tick":24133,"type":"ko"}
[client] {"a":3,"dup":false,"ev":"game","ms":404786,"predicted":false,"t":9,"tick":24162,"type":"hit"}
[client] {"a":3,"dup":false,"ev":"game","ms":404800,"predicted":false,"t":7,"tick":24163,"type":"hit"}
[client] {"a":0,"dup":false,"ev":"game","ms":404856,"predicted":false,"t":8,"tick":24166,"type":"hit"}
[client] {"counts":{"blocks_on_me":0,"conf_actions":275,"confirmed_hits":1127,"dup_confirmed":0,"hits_on_me":87,"pred_actions":290,"predicted_confirmed":143,"predicted_hits":307,"reconnects":0},"ev":"stats","hp":63.5000000000016,"in_bytes":5361694,"late":0,"local_entity":2,"match":{"countdown_until":300,"ctrl":-1,"final":false,"next":"","phase":3,"rot":1322,"scores":[45,22],"sd":false,"state":3,"tick":23878,"zone":"B"},"max_err":2.802,"mean_err":0.0265,"ms":404972,"out_bytes":1184738,"pending":8,"pos":[-0.71,-3.34],"reconciles":8026,"server_tick":24177,"snaps":8033,"teleports":6}
[client] {"a":0,"dup":false,"ev":"game","ms":405152,"predicted":false,"t":8,"tick":24184,"type":"hit"}
[client] {"a":1,"dup":false,"ev":"game","ms":405587,"predicted":false,"t":8,"tick":24210,"type":"hit"}
[client] {"a":1,"dup":false,"ev":"game","ms":406001,"predicted":false,"t":8,"tick":24234,"type":"hit"}
[client] {"a":0,"dup":false,"ev":"game","ms":406139,"predicted":false,"t":8,"tick":24243,"type":"hit"}
[client] {"a":3,"dup":false,"ev":"game","ms":406153,"predicted":false,"t":9,"tick":24244,"type":"hit"}
[client] {"a":7,"dup":false,"ev":"game","ms":406456,"predicted":false,"t":3,"tick":24261,"type":"hit"}
[client] {"a":8,"dup":false,"ev":"game","ms":407070,"predicted":false,"t":1,"tick":24299,"type":"hit"}
[client] {"a":9,"dup":false,"ev":"game","ms":407823,"predicted":false,"t":2,"tick":24343,"type":"hit"}
[client] {"a":1,"dup":false,"ev":"game","ms":407857,"predicted":false,"t":7,"tick":24346,"type":"hit"}
[client] {"a":1,"dup":false,"ev":"game","ms":407870,"predicted":false,"t":9,"tick":24347,"type":"hit"}
[client] {"a":8,"dup":false,"ev":"game","ms":408154,"predicted":false,"t":3,"tick":24364,"type":"hit"}
[client] {"a":9,"dup":false,"ev":"game","ms":408388,"predicted":false,"t":1,"tick":24377,"type":"hit"}
[client] {"a":7,"dup":false,"ev":"game","ms":408492,"predicted":false,"t":3,"tick":24384,"type":"hit"}
[client] {"a":8,"dup":false,"ev":"game","ms":408692,"predicted":false,"t":1,"tick":24396,"type":"hit"}
[client] {"a":3,"dup":false,"ev":"game","ms":408954,"predicted":false,"t":8,"tick":24412,"type":"hit"}
[client] {"a":9,"dup":false,"ev":"game","ms":409023,"predicted":false,"t":1,"tick":24416,"type":"hit"}
[client] {"a":9,"dup":false,"ev":"game","ms":409023,"predicted":false,"t":2,"tick":24416,"type":"hit"}
[client] {"a":2,"dup":true,"ev":"game","ms":409576,"predicted":false,"t":7,"tick":24454,"type":"hit"}
[client] {"a":3,"dup":false,"ev":"game","ms":409658,"predicted":false,"t":7,"tick":24453,"type":"hit"}
[client] {"a":2,"dup":false,"ev":"game","ms":409658,"predicted":false,"t":-1,"tick":24459,"type":"ko"}
[client] {"a":3,"dup":false,"ev":"game","ms":409693,"predicted":false,"t":9,"tick":24456,"type":"hit"}
[client] {"a":3,"dup":false,"ev":"game","ms":409740,"predicted":false,"t":6,"tick":24459,"type":"hit"}
[client] {"a":8,"dup":false,"ev":"game","ms":409740,"predicted":false,"t":2,"tick":24459,"type":"hit"}
[client] {"counts":{"blocks_on_me":0,"conf_actions":278,"confirmed_hits":1149,"dup_confirmed":0,"hits_on_me":90,"pred_actions":294,"predicted_confirmed":144,"predicted_hits":309,"reconnects":0},"ev":"stats","hp":0.0,"in_bytes":5433389,"late":0,"local_entity":2,"match":{"countdown_until":300,"ctrl":-1,"final":false,"next":"","phase":3,"rot":1022,"scores":[45,22],"sd":false,"state":3,"tick":24178,"zone":"B"},"max_err":2.802,"mean_err":0.0267,"ms":409974,"out_bytes":1199438,"pending":8,"pos":[-0.34,-4.5],"reconciles":8126,"server_tick":24477,"snaps":8133,"teleports":6}
[client] {"a":7,"dup":false,"ev":"game","ms":410003,"predicted":false,"t":3,"tick":24475,"type":"hit"}
[client] {"a":1,"dup":false,"ev":"game","ms":410203,"predicted":false,"t":8,"tick":24487,"type":"hit"}
[client] {"a":3,"dup":false,"ev":"game","ms":410320,"predicted":false,"t":7,"tick":24494,"type":"hit"}
[client] {"a":0,"dup":false,"ev":"game","ms":410341,"predicted":false,"t":7,"tick":24495,"type":"hit"}
[client] {"a":3,"dup":false,"ev":"game","ms":410356,"predicted":false,"t":8,"tick":24496,"type":"hit"}
[client] {"a":1,"dup":false,"ev":"game","ms":410520,"predicted":false,"t":8,"tick":24506,"type":"hit"}
[client] {"a":1,"dup":false,"ev":"game","ms":410541,"predicted":false,"t":7,"tick":24507,"type":"hit"}
[client] {"a":3,"dup":false,"ev":"game","ms":410658,"predicted":false,"t":7,"tick":24513,"type":"hit"}
[client] {"a":8,"dup":false,"ev":"game","ms":411058,"predicted":false,"t":1,"tick":24538,"type":"hit"}
[client] {"a":1,"dup":false,"ev":"game","ms":411058,"predicted":false,"t":-1,"tick":24538,"type":"ko"}
[client] {"a":0,"dup":false,"ev":"game","ms":411142,"predicted":false,"t":9,"tick":24543,"type":"hit"}
[client] {"a":3,"dup":false,"ev":"game","ms":411293,"predicted":false,"t":9,"tick":24552,"type":"hit"}
[client] {"a":7,"dup":false,"ev":"game","ms":411293,"predicted":false,"t":3,"tick":24552,"type":"hit"}
[client] {"a":0,"dup":false,"ev":"game","ms":411790,"predicted":false,"t":7,"tick":24581,"type":"hit"}
[client] {"a":8,"dup":false,"ev":"game","ms":411838,"predicted":false,"t":0,"tick":24584,"type":"hit"}
[client] {"a":7,"dup":false,"ev":"game","ms":412190,"predicted":false,"t":3,"tick":24605,"type":"hit"}
[client] {"a":9,"dup":false,"ev":"game","ms":412342,"predicted":false,"t":0,"tick":24615,"type":"hit"}
[client] {"a":7,"dup":false,"ev":"game","ms":412542,"predicted":false,"t":3,"tick":24627,"type":"hit"}
[client] {"a":4,"dup":false,"ev":"game","ms":412908,"predicted":false,"t":-1,"tick":24649,"type":"respawn"}
[client] {"a":3,"dup":false,"ev":"game","ms":413294,"predicted":false,"t":7,"tick":24672,"type":"hit"}
[client] {"a":8,"dup":false,"ev":"game","ms":413308,"predicted":false,"t":0,"tick":24673,"type":"hit"}
[client] {"a":0,"dup":false,"ev":"game","ms":413308,"predicted":false,"t":-1,"tick":24673,"type":"ko"}
[client] {"a":6,"dup":false,"ev":"game","ms":414260,"predicted":false,"t":3,"tick":24730,"type":"hit"}
[client] {"a":5,"dup":false,"ev":"game","ms":414309,"predicted":false,"t":-1,"tick":24733,"type":"respawn"}
[client] {"a":8,"dup":false,"ev":"game","ms":414557,"predicted":false,"t":3,"tick":24748,"type":"hit"}
[client] {"a":6,"dup":false,"ev":"game","ms":414722,"predicted":false,"t":3,"tick":24758,"type":"hit"}
[client] {"a":3,"dup":false,"ev":"game","ms":414722,"predicted":false,"t":-1,"tick":24758,"type":"ko"}
[client] {"counts":{"blocks_on_me":0,"conf_actions":278,"confirmed_hits":1171,"dup_confirmed":0,"hits_on_me":90,"pred_actions":294,"predicted_confirmed":144,"predicted_hits":309,"reconnects":0},"ev":"stats","hp":0.0,"in_bytes":5504157,"late":0,"local_entity":2,"match":{"countdown_until":300,"ctrl":1,"final":false,"next":"A","phase":3,"rot":722,"scores":[45,22],"sd":false,"state":2,"tick":24478,"zone":"B"},"max_err":2.802,"mean_err":0.0263,"ms":414977,"out_bytes":1214138,"pending":8,"pos":[-0.34,-4.5],"reconciles":8226,"server_tick":24777,"snaps":8233,"teleports":6}
[client] {"a":2,"dup":false,"ev":"game","ms":419657,"predicted":false,"t":-1,"tick":25059,"type":"respawn"}
[client] {"counts":{"blocks_on_me":0,"conf_actions":278,"confirmed_hits":1171,"dup_confirmed":0,"hits_on_me":90,"pred_actions":294,"predicted_confirmed":144,"predicted_hits":309,"reconnects":0},"ev":"stats","hp":230.0,"in_bytes":5564436,"late":0,"local_entity":2,"match":{"countdown_until":300,"ctrl":-1,"final":false,"next":"A","phase":3,"rot":422,"scores":[45,26],"sd":false,"state":3,"tick":24778,"zone":"B"},"max_err":2.802,"mean_err":0.026,"ms":419972,"out_bytes":1228838,"pending":8,"pos":[-5.65,-45.85],"reconciles":8325,"server_tick":25077,"snaps":8333,"teleports":7}
[client] {"a":7,"dup":false,"ev":"game","ms":420574,"predicted":false,"t":4,"tick":25109,"type":"hit"}
[client] {"a":8,"dup":false,"ev":"game","ms":420636,"predicted":false,"t":4,"tick":25113,"type":"hit"}
[client] {"a":6,"dup":false,"ev":"game","ms":420891,"predicted":false,"t":4,"tick":25128,"type":"hit"}
[client] {"a":7,"dup":false,"ev":"game","ms":420891,"predicted":false,"t":4,"tick":25128,"type":"hit"}
[client] {"a":9,"dup":false,"ev":"game","ms":420891,"predicted":false,"t":4,"tick":25128,"type":"hit"}
[client] {"a":1,"dup":false,"ev":"game","ms":421057,"predicted":false,"t":-1,"tick":25138,"type":"respawn"}
[client] {"a":4,"dup":false,"ev":"game","ms":422726,"predicted":false,"t":7,"tick":25238,"type":"hit"}
[client] {"a":7,"dup":false,"ev":"game","ms":422726,"predicted":false,"t":-1,"tick":25238,"type":"ko"}
[client] {"a":6,"dup":false,"ev":"game","ms":423223,"predicted":false,"t":4,"tick":25268,"type":"hit"}
[client] {"a":0,"dup":false,"ev":"game","ms":423306,"predicted":false,"t":-1,"tick":25273,"type":"respawn"}
[client] {"a":3,"dup":false,"ev":"game","ms":424728,"predicted":false,"t":-1,"tick":25358,"type":"respawn"}
[client] {"a":4,"dup":false,"ev":"game","ms":424824,"predicted":false,"t":6,"tick":25364,"type":"hit"}
[client] {"counts":{"blocks_on_me":0,"conf_actions":278,"confirmed_hits":1179,"dup_confirmed":0,"hits_on_me":90,"pred_actions":294,"predicted_confirmed":144,"predicted_hits":309,"reconnects":0},"ev":"stats","hp":230.0,"in_bytes":5629382,"late":0,"local_entity":2,"match":{"countdown_until":300,"ctrl":-1,"final":false,"next":"A","phase":3,"rot":122,"scores":[45,26],"sd":false,"state":3,"tick":25078,"zone":"B"},"max_err":2.802,"mean_err":0.0257,"ms":424975,"out_bytes":1243538,"pending":8,"pos":[-0.42,-8.45],"reconciles":8425,"server_tick":25377,"snaps":8433,"teleports":7}
[client] {"a":4,"dup":false,"ev":"game","ms":425293,"predicted":false,"t":9,"tick":25392,"type":"hit"}
[client] {"a":9,"dup":false,"ev":"game","ms":425611,"predicted":false,"t":4,"tick":25411,"type":"hit"}
[client] {"a":2,"dup":true,"ev":"game","ms":425811,"predicted":false,"t":5,"tick":25428,"type":"hit"}
[client] {"a":9,"dup":false,"ev":"game","ms":425991,"predicted":false,"t":4,"tick":25434,"type":"hit"}
[client] {"a":2,"dup":true,"ev":"game","ms":426059,"predicted":false,"t":5,"tick":25443,"type":"hit"}
[client] {"a":8,"dup":false,"ev":"game","ms":426556,"predicted":false,"t":2,"tick":25468,"type":"hit"}
[client] {"a":4,"dup":false,"ev":"game","ms":426626,"predicted":false,"t":9,"tick":25472,"type":"hit"}
[client] {"a":5,"dup":false,"ev":"game","ms":426957,"predicted":false,"t":2,"tick":25492,"type":"hit"}
[client] {"a":-1,"dup":false,"ev":"game","ms":427074,"predicted":false,"t":-1,"tick":25499,"type":"zone_rotated"}
[client] {"a":8,"dup":false,"ev":"game","ms":427256,"predicted":false,"t":2,"tick":25510,"type":"hit"}
[client] {"a":9,"dup":false,"ev":"game","ms":427337,"predicted":false,"t":4,"tick":25515,"type":"hit"}
[client] {"a":5,"dup":false,"ev":"game","ms":427351,"predicted":false,"t":2,"tick":25516,"type":"hit"}
[client] {"a":6,"dup":false,"ev":"game","ms":427441,"predicted":false,"t":4,"tick":25521,"type":"hit"}
[client] {"a":6,"dup":false,"ev":"game","ms":427785,"predicted":false,"t":4,"tick":25542,"type":"hit"}
[client] {"a":9,"dup":false,"ev":"game","ms":427889,"predicted":false,"t":2,"tick":25548,"type":"hit"}
[client] {"a":4,"dup":false,"ev":"game","ms":428186,"predicted":false,"t":6,"tick":25565,"type":"hit"}
[client] {"a":5,"dup":false,"ev":"game","ms":428206,"predicted":false,"t":2,"tick":25566,"type":"hit"}
[client] {"a":9,"dup":false,"ev":"game","ms":428206,"predicted":false,"t":2,"tick":25567,"type":"hit"}
[client] {"a":2,"dup":true,"ev":"game","ms":428489,"predicted":false,"t":9,"tick":25589,"type":"hit"}
[client] {"a":4,"dup":false,"ev":"game","ms":428642,"predicted":false,"t":6,"tick":25593,"type":"block"}
[client] {"a":9,"dup":false,"ev":"game","ms":428903,"predicted":false,"t":2,"tick":25609,"type":"hit"}
[client] {"a":4,"dup":false,"ev":"game","ms":429324,"predicted":false,"t":6,"tick":25634,"type":"hit"}
[client] {"a":4,"dup":false,"ev":"game","ms":429352,"predicted":false,"t":9,"tick":25636,"type":"hit"}
[client] {"a":2,"dup":true,"ev":"game","ms":429372,"predicted":false,"t":6,"tick":25641,"type":"hit"}
[client] {"counts":{"blocks_on_me":0,"conf_actions":285,"confirmed_hits":1201,"dup_confirmed":0,"hits_on_me":98,"pred_actions":303,"predicted_confirmed":148,"predicted_hits":320,"reconnects":0},"ev":"stats","hp":34.0,"in_bytes":5701554,"late":0,"local_entity":2,"match":{"countdown_until":300,"ctrl":-1,"final":true,"next":"","phase":3,"rot":3422,"scores":[45,26],"sd":false,"state":1,"tick":25378,"zone":"A"},"max_err":2.802,"mean_err":0.0267,"ms":429972,"out_bytes":1258238,"pending":8,"pos":[0.34,-5.29],"reconciles":8525,"server_tick":25677,"snaps":8533,"teleports":7}
[client] {"a":6,"dup":false,"ev":"game","ms":430573,"predicted":false,"t":4,"tick":25708,"type":"hit"}
[client] {"a":4,"dup":false,"ev":"game","ms":430573,"predicted":false,"t":-1,"tick":25708,"type":"ko"}
[client] {"a":7,"dup":false,"ev":"game","ms":432720,"predicted":false,"t":-1,"tick":25838,"type":"respawn"}
[client] {"a":1,"dup":false,"ev":"game","ms":434368,"predicted":false,"t":8,"tick":25937,"type":"hit"}
[client] {"a":1,"dup":false,"ev":"game","ms":434685,"predicted":false,"t":8,"tick":25956,"type":"hit"}
[client] {"a":8,"dup":false,"ev":"game","ms":434686,"predicted":false,"t":-1,"tick":25956,"type":"ko"}
[client] {"counts":{"blocks_on_me":0,"conf_actions":287,"confirmed_hits":1204,"dup_confirmed":0,"hits_on_me":98,"pred_actions":305,"predicted_confirmed":148,"predicted_hits":320,"reconnects":0},"ev":"stats","hp":34.0,"in_bytes":5765043,"late":0,"local_entity":2,"match":{"countdown_until":300,"ctrl":0,"final":true,"next":"","phase":3,"rot":3122,"scores":[45,26],"sd":false,"state":2,"tick":25678,"zone":"A"},"max_err":2.802,"mean_err":0.0264,"ms":434968,"out_bytes":1272938,"pending":5,"pos":[-27.88,-7.82],"reconciles":8626,"server_tick":25977,"snaps":8633,"teleports":7}
[client] {"a":9,"dup":false,"ev":"game","ms":436852,"predicted":false,"t":2,"tick":26085,"type":"hit"}
[client] {"a":2,"dup":false,"ev":"game","ms":437087,"predicted":false,"t":-1,"tick":26104,"type":"ko"}
[client] {"a":9,"dup":false,"ev":"game","ms":437170,"predicted":false,"t":2,"tick":26104,"type":"hit"}
[client] {"a":0,"dup":false,"ev":"game","ms":437301,"predicted":false,"t":9,"tick":26112,"type":"hit"}
[client] {"a":9,"dup":false,"ev":"game","ms":437639,"predicted":false,"t":0,"tick":26132,"type":"hit"}
[client] {"a":3,"dup":false,"ev":"game","ms":437756,"predicted":false,"t":9,"tick":26139,"type":"hit"}
[client] {"a":9,"dup":false,"ev":"game","ms":437756,"predicted":false,"t":-1,"tick":26139,"type":"ko"}
[client] {"a":5,"dup":false,"ev":"game","ms":438357,"predicted":false,"t":3,"tick":26175,"type":"hit"}
[client] {"a":0,"dup":false,"ev":"game","ms":438454,"predicted":false,"t":5,"tick":26181,"type":"hit"}
[client] {"a":1,"dup":false,"ev":"game","ms":438757,"predicted":false,"t":5,"tick":26199,"type":"hit"}
[client] {"a":0,"dup":false,"ev":"game","ms":438770,"predicted":false,"t":5,"tick":26201,"type":"hit"}
[client] {"a":1,"dup":false,"ev":"game","ms":438784,"predicted":false,"t":6,"tick":26202,"type":"hit"}
[client] {"a":5,"dup":false,"ev":"game","ms":439170,"predicted":false,"t":3,"tick":26225,"type":"hit"}
[client] {"a":1,"dup":false,"ev":"game","ms":439619,"predicted":false,"t":5,"tick":26252,"type":"hit"}
[client] {"a":1,"dup":false,"ev":"game","ms":439654,"predicted":false,"t":6,"tick":26254,"type":"hit"}
[client] {"a":0,"dup":false,"ev":"game","ms":439688,"predicted":false,"t":6,"tick":26256,"type":"hit"}
[client] {"counts":{"blocks_on_me":0,"conf_actions":288,"confirmed_hits":1218,"dup_confirmed":0,"hits_on_me":100,"pred_actions":306,"predicted_confirmed":148,"predicted_hits":320,"reconnects":0},"ev":"stats","hp":0.0,"in_bytes":5828959,"late":0,"local_entity":2,"match":{"countdown_until":300,"ctrl":-1,"final":true,"next":"","phase":3,"rot":2822,"scores":[45,26],"sd":false,"state":3,"tick":25978,"zone":"A"},"max_err":2.802,"mean_err":0.0264,"ms":439970,"out_bytes":1287638,"pending":5,"pos":[-40.62,-0.13],"reconciles":8726,"server_tick":26277,"snaps":8733,"teleports":7}
[client] {"a":6,"dup":false,"ev":"game","ms":440303,"predicted":false,"t":0,"tick":26293,"type":"hit"}
[client] {"a":4,"dup":false,"ev":"game","ms":440557,"predicted":false,"t":-1,"tick":26308,"type":"respawn"}
[client] {"a":6,"dup":false,"ev":"game","ms":440606,"predicted":false,"t":1,"tick":26311,"type":"hit"}
[client] {"a":5,"dup":false,"ev":"game","ms":440854,"predicted":false,"t":1,"tick":26326,"type":"hit"}
[client] {"a":0,"dup":false,"ev":"game","ms":440868,"predicted":false,"t":5,"tick":26327,"type":"hit"}
[client] {"a":0,"dup":false,"ev":"game","ms":440888,"predicted":false,"t":6,"tick":26328,"type":"hit"}
[client] {"a":5,"dup":false,"ev":"game","ms":441938,"predicted":false,"t":0,"tick":26391,"type":"hit"}
[client] {"a":6,"dup":false,"ev":"game","ms":442041,"predicted":false,"t":1,"tick":26397,"type":"hit"}
[client] {"a":3,"dup":false,"ev":"game","ms":442476,"predicted":false,"t":5,"tick":26423,"type":"hit"}
[client] {"a":5,"dup":false,"ev":"game","ms":442855,"predicted":false,"t":3,"tick":26446,"type":"hit"}
[client] {"a":3,"dup":false,"ev":"game","ms":443407,"predicted":false,"t":5,"tick":26479,"type":"block"}
[client] {"a":5,"dup":false,"ev":"game","ms":443656,"predicted":false,"t":3,"tick":26494,"type":"hit"}
[client] {"a":1,"dup":false,"ev":"game","ms":443973,"predicted":false,"t":5,"tick":26513,"type":"hit"}
[client] {"a":3,"dup":false,"ev":"game","ms":443973,"predicted":false,"t":5,"tick":26513,"type":"hit"}
[client] {"a":3,"dup":false,"ev":"game","ms":444456,"predicted":false,"t":5,"tick":26542,"type":"hit"}
[client] {"a":5,"dup":false,"ev":"game","ms":444456,"predicted":false,"t":-1,"tick":26542,"type":"ko"}
[client] {"a":6,"dup":false,"ev":"game","ms":444677,"predicted":false,"t":1,"tick":26555,"type":"hit"}
[client] {"a":8,"dup":false,"ev":"game","ms":444690,"predicted":false,"t":-1,"tick":26556,"type":"respawn"}
[client] {"a":7,"dup":false,"ev":"game","ms":444773,"predicted":false,"t":1,"tick":26561,"type":"hit"}
[client] {"counts":{"blocks_on_me":0,"conf_actions":288,"confirmed_hits":1233,"dup_confirmed":0,"hits_on_me":100,"pred_actions":306,"predicted_confirmed":148,"predicted_hits":320,"reconnects":0},"ev":"stats","hp":0.0,"in_bytes":5895307,"late":0,"local_entity":2,"match":{"countdown_until":300,"ctrl":-1,"final":true,"next":"","phase":3,"rot":2522,"scores":[45,26],"sd":false,"state":3,"tick":26278,"zone":"A"},"max_err":2.802,"mean_err":0.0261,"ms":444973,"out_bytes":1302338,"pending":5,"pos":[-40.62,-0.13],"reconciles":8826,"server_tick":26577,"snaps":8833,"teleports":7}
[client] {"a":0,"dup":false,"ev":"game","ms":445022,"predicted":false,"t":7,"tick":26576,"type":"hit"}
[client] {"a":7,"dup":false,"ev":"game","ms":445408,"predicted":false,"t":0,"tick":26599,"type":"hit"}
[client] {"a":3,"dup":false,"ev":"game","ms":445525,"predicted":false,"t":6,"tick":26606,"type":"hit"}
[client] {"a":0,"dup":false,"ev":"game","ms":445788,"predicted":false,"t":7,"tick":26622,"type":"hit"}
[client] {"a":1,"dup":false,"ev":"game","ms":445891,"predicted":false,"t":6,"tick":26628,"type":"hit"}
[client] {"a":3,"dup":false,"ev":"game","ms":446374,"predicted":false,"t":6,"tick":26657,"type":"hit"}
[client] {"a":6,"dup":false,"ev":"game","ms":446374,"predicted":false,"t":-1,"tick":26657,"type":"ko"}
[client] {"a":7,"dup":false,"ev":"game","ms":446940,"predicted":false,"t":0,"tick":26691,"type":"hit"}
[client] {"a":2,"dup":false,"ev":"game","ms":447078,"predicted":false,"t":-1,"tick":26704,"type":"respawn"}
[client] {"a":7,"dup":false,"ev":"game","ms":447259,"predicted":false,"t":0,"tick":26710,"type":"hit"}
[client] {"a":7,"dup":false,"ev":"game","ms":447741,"predicted":false,"t":0,"tick":26739,"type":"hit"}
[client] {"a":9,"dup":false,"ev":"game","ms":447741,"predicted":false,"t":-1,"tick":26739,"type":"respawn"}
[client] {"a":7,"dup":false,"ev":"game","ms":447775,"predicted":false,"t":3,"tick":26741,"type":"hit"}
[client] {"a":1,"dup":false,"ev":"game","ms":448024,"predicted":false,"t":7,"tick":26756,"type":"hit"}
[client] {"a":7,"dup":false,"ev":"game","ms":449044,"predicted":false,"t":0,"tick":26817,"type":"hit"}
[client] {"a":7,"dup":false,"ev":"game","ms":449362,"predicted":false,"t":0,"tick":26836,"type":"hit"}
[client] {"a":1,"dup":false,"ev":"game","ms":449376,"predicted":false,"t":7,"tick":26837,"type":"hit"}
[client] {"counts":{"blocks_on_me":0,"conf_actions":288,"confirmed_hits":1247,"dup_confirmed":0,"hits_on_me":100,"pred_actions":306,"predicted_confirmed":148,"predicted_hits":320,"reconnects":0},"ev":"stats","hp":230.0,"in_bytes":5953888,"late":0,"local_entity":2,"match":{"countdown_until":300,"ctrl":-1,"final":true,"next":"","phase":3,"rot":2222,"scores":[45,26],"sd":false,"state":3,"tick":26578,"zone":"A"},"max_err":2.802,"mean_err":0.0258,"ms":449975,"out_bytes":1317038,"pending":5,"pos":[0.21,-27.25],"reconciles":8925,"server_tick":26877,"snaps":8933,"teleports":8}
[client] {"a":7,"dup":false,"ev":"game","ms":451129,"predicted":false,"t":1,"tick":26942,"type":"hit"}
[client] {"a":7,"dup":false,"ev":"game","ms":451198,"predicted":false,"t":0,"tick":26946,"type":"hit"}
[client] {"a":0,"dup":false,"ev":"game","ms":451198,"predicted":false,"t":-1,"tick":26946,"type":"ko"}
[client] {"a":7,"dup":false,"ev":"game","ms":451798,"predicted":false,"t":3,"tick":26982,"type":"hit"}
[client] {"a":3,"dup":false,"ev":"game","ms":452143,"predicted":false,"t":7,"tick":27003,"type":"hit"}
[client] {"a":1,"dup":false,"ev":"game","ms":452212,"predicted":false,"t":7,"tick":27007,"type":"hit"}
[client] {"a":4,"dup":false,"ev":"game","ms":452536,"predicted":false,"t":7,"tick":27027,"type":"hit"}
[client] {"a":1,"dup":false,"ev":"game","ms":452904,"predicted":false,"t":7,"tick":27049,"type":"hit"}
[client] {"a":5,"dup":false,"ev":"game","ms":454455,"predicted":false,"t":-1,"tick":27142,"type":"respawn"}
[client] {"a":8,"dup":false,"ev":"game","ms":454619,"predicted":false,"t":4,"tick":27152,"type":"hit"}
[client] {"a":8,"dup":false,"ev":"game","ms":454937,"predicted":false,"t":4,"tick":27171,"type":"hit"}
[client] {"counts":{"blocks_on_me":0,"conf_actions":288,"confirmed_hits":1256,"dup_confirmed":0,"hits_on_me":100,"pred_actions":306,"predicted_confirmed":148,"predicted_hits":320,"reconnects":0},"ev":"stats","hp":230.0,"in_bytes":6013934,"late":0,"local_entity":2,"match":{"countdown_until":300,"ctrl":-1,"final":true,"next":"","phase":3,"rot":1922,"scores":[45,26],"sd":false,"state":3,"tick":26878,"zone":"A"},"max_err":2.802,"mean_err":0.0255,"ms":454971,"out_bytes":1331738,"pending":5,"pos":[-27.18,-8.79],"reconciles":9025,"server_tick":27177,"snaps":9033,"teleports":8}
[client] {"a":4,"dup":false,"ev":"game","ms":455303,"predicted":false,"t":8,"tick":27193,"type":"hit"}
[client] {"a":3,"dup":false,"ev":"game","ms":455710,"predicted":false,"t":7,"tick":27217,"type":"hit"}
[client] {"a":4,"dup":false,"ev":"game","ms":455710,"predicted":false,"t":7,"tick":27217,"type":"hit"}
[client] {"a":7,"dup":false,"ev":"game","ms":455710,"predicted":false,"t":-1,"tick":27217,"type":"ko"}
[client] {"a":6,"dup":false,"ev":"game","ms":456372,"predicted":false,"t":-1,"tick":27257,"type":"respawn"}
[client] {"a":3,"dup":false,"ev":"game","ms":456856,"predicted":false,"t":8,"tick":27286,"type":"hit"}
[client] {"a":1,"dup":false,"ev":"game","ms":456959,"predicted":false,"t":8,"tick":27292,"type":"hit"}
[client] {"a":3,"dup":false,"ev":"game","ms":457173,"predicted":false,"t":8,"tick":27305,"type":"hit"}
[client] {"a":1,"dup":false,"ev":"game","ms":457276,"predicted":false,"t":8,"tick":27311,"type":"hit"}
[client] {"a":4,"dup":false,"ev":"game","ms":457373,"predicted":false,"t":8,"tick":27317,"type":"hit"}
[client] {"a":1,"dup":false,"ev":"game","ms":458394,"predicted":false,"t":8,"tick":27378,"type":"hit"}
[client] {"a":1,"dup":false,"ev":"game","ms":458712,"predicted":false,"t":8,"tick":27397,"type":"hit"}
[client] {"a":2,"dup":true,"ev":"game","ms":458842,"predicted":false,"t":9,"tick":27410,"type":"hit"}
[client] {"a":1,"dup":false,"ev":"game","ms":459043,"predicted":false,"t":8,"tick":27417,"type":"hit"}
[client] {"a":2,"dup":true,"ev":"game","ms":459910,"predicted":false,"t":9,"tick":27474,"type":"hit"}
[client] {"counts":{"blocks_on_me":0,"conf_actions":292,"confirmed_hits":1269,"dup_confirmed":0,"hits_on_me":100,"pred_actions":310,"predicted_confirmed":150,"predicted_hits":323,"reconnects":0},"ev":"stats","hp":230.0,"in_bytes":6073092,"late":0,"local_entity":2,"match":{"countdown_until":300,"ctrl":-1,"final":true,"next":"","phase":3,"rot":1622,"scores":[45,26],"sd":false,"state":3,"tick":27178,"zone":"A"},"max_err":2.802,"mean_err":0.0253,"ms":459971,"out_bytes":1346438,"pending":5,"pos":[-40.86,0.4],"reconciles":9125,"server_tick":27477,"snaps":9133,"teleports":8}
[client] {"a":3,"dup":false,"ev":"game","ms":460759,"predicted":false,"t":8,"tick":27520,"type":"hit"}
[client] {"a":1,"dup":false,"ev":"game","ms":461113,"predicted":false,"t":8,"tick":27541,"type":"hit"}
[client] {"a":4,"dup":false,"ev":"game","ms":461193,"predicted":false,"t":8,"tick":27546,"type":"hit"}
[client] {"a":8,"dup":false,"ev":"game","ms":461194,"predicted":false,"t":-1,"tick":27546,"type":"ko"}
[client] {"a":0,"dup":false,"ev":"game","ms":461194,"predicted":false,"t":-1,"tick":27546,"type":"respawn"}
[client] {"a":2,"dup":true,"ev":"game","ms":461656,"predicted":false,"t":9,"tick":27579,"type":"hit"}
[client] {"a":2,"dup":true,"ev":"game","ms":462705,"predicted":false,"t":9,"tick":27642,"type":"hit"}
[client] {"a":1,"dup":false,"ev":"game","ms":463391,"predicted":false,"t":9,"tick":27678,"type":"hit"}
[client] {"a":9,"dup":false,"ev":"game","ms":464108,"predicted":false,"t":1,"tick":27721,"type":"hit"}
[client] {"a":9,"dup":false,"ev":"game","ms":464405,"predicted":false,"t":1,"tick":27739,"type":"hit"}
[client] {"a":9,"dup":false,"ev":"game","ms":464736,"predicted":false,"t":1,"tick":27759,"type":"hit"}
[client] {"a":1,"dup":false,"ev":"game","ms":464736,"predicted":false,"t":-1,"tick":27759,"type":"ko"}
[client] {"counts":{"blocks_on_me":0,"conf_actions":295,"confirmed_hits":1278,"dup_confirmed":0,"hits_on_me":100,"pred_actions":313,"predicted_confirmed":152,"predicted_hits":326,"reconnects":0},"ev":"stats","hp":230.0,"in_bytes":6135751,"late":0,"local_entity":2,"match":{"countdown_until":300,"ctrl":-1,"final":true,"next":"","phase":3,"rot":1322,"scores":[45,26],"sd":false,"state":3,"tick":27478,"zone":"A"},"max_err":2.802,"mean_err":0.0252,"ms":464970,"out_bytes":1361138,"pending":5,"pos":[-41.67,0.47],"reconciles":9225,"server_tick":27777,"snaps":9233,"teleports":8}
[client] {"a":7,"dup":false,"ev":"game","ms":465709,"predicted":false,"t":-1,"tick":27817,"type":"respawn"}
[client] {"a":5,"dup":false,"ev":"game","ms":465909,"predicted":false,"t":2,"tick":27829,"type":"hit"}
[client] {"a":9,"dup":false,"ev":"game","ms":466158,"predicted":false,"t":2,"tick":27844,"type":"hit"}
[client] {"a":5,"dup":false,"ev":"game","ms":467055,"predicted":false,"t":3,"tick":27898,"type":"hit"}
[client] {"a":5,"dup":false,"ev":"game","ms":467075,"predicted":false,"t":2,"tick":27899,"type":"hit"}
[client] {"a":5,"dup":false,"ev":"game","ms":467338,"predicted":false,"t":3,"tick":27915,"type":"hit"}
[client] {"a":2,"dup":true,"ev":"game","ms":467372,"predicted":false,"t":5,"tick":27922,"type":"hit"}
[client] {"a":9,"dup":false,"ev":"game","ms":467690,"predicted":false,"t":3,"tick":27936,"type":"hit"}
[client] {"a":9,"dup":false,"ev":"game","ms":467710,"predicted":false,"t":4,"tick":27937,"type":"hit"}
[client] {"a":5,"dup":false,"ev":"game","ms":467889,"predicted":false,"t":2,"tick":27948,"type":"hit"}
[client] {"a":5,"dup":false,"ev":"game","ms":468124,"predicted":false,"t":2,"tick":27962,"type":"hit"}
[client] {"a":2,"dup":true,"ev":"game","ms":468559,"predicted":false,"t":5,"tick":27993,"type":"hit"}
[client] {"a":2,"dup":true,"ev":"game","ms":468911,"predicted":false,"t":5,"tick":28014,"type":"hit"}
[client] {"a":2,"dup":true,"ev":"game","ms":469277,"predicted":false,"t":5,"tick":28036,"type":"hit"}
[client] {"a":2,"dup":true,"ev":"game","ms":469290,"predicted":false,"t":6,"tick":28037,"type":"hit"}
[client] {"a":3,"dup":false,"ev":"game","ms":469442,"predicted":false,"t":5,"tick":28041,"type":"hit"}
[client] {"a":9,"dup":false,"ev":"game","ms":469711,"predicted":false,"t":2,"tick":28057,"type":"hit"}
[client] {"a":4,"dup":false,"ev":"game","ms":469794,"predicted":false,"t":9,"tick":28062,"type":"hit"}
[client] {"a":6,"dup":false,"ev":"game","ms":469794,"predicted":false,"t":2,"tick":28062,"type":"hit"}
[client] {"counts":{"blocks_on_me":0,"conf_actions":305,"confirmed_hits":1296,"dup_confirmed":0,"hits_on_me":107,"pred_actions":324,"predicted_confirmed":157,"predicted_hits":335,"reconnects":0},"ev":"stats","hp":84.0,"in_bytes":6203818,"late":0,"local_entity":2,"match":{"countdown_until":300,"ctrl":-1,"final":true,"next":"","phase":3,"rot":1022,"scores":[45,26],"sd":false,"state":3,"tick":27778,"zone":"A"},"max_err":2.802,"mean_err":0.0255,"ms":469972,"out_bytes":1375838,"pending":5,"pos":[-42.28,-0.48],"reconciles":9325,"server_tick":28077,"snaps":9333,"teleports":8}
[client] {"a":6,"dup":false,"ev":"game","ms":470125,"predicted":false,"t":2,"tick":28082,"type":"hit"}
[client] {"a":3,"dup":false,"ev":"game","ms":470339,"predicted":false,"t":6,"tick":28095,"type":"hit"}
[client] {"a":5,"dup":false,"ev":"game","ms":470677,"predicted":false,"t":3,"tick":28115,"type":"hit"}
[client] {"a":4,"dup":false,"ev":"game","ms":470891,"predicted":false,"t":9,"tick":28128,"type":"hit"}
[client] {"a":8,"dup":false,"ev":"game","ms":471195,"predicted":false,"t":-1,"tick":28146,"type":"respawn"}
[client] {"a":4,"dup":false,"ev":"game","ms":471229,"predicted":false,"t":9,"tick":28148,"type":"hit"}
[client] {"a":5,"dup":false,"ev":"game","ms":471243,"predicted":false,"t":4,"tick":28149,"type":"hit"}
[client] {"a":3,"dup":false,"ev":"game","ms":471313,"predicted":false,"t":5,"tick":28153,"type":"hit"}
[client] {"a":6,"dup":false,"ev":"game","ms":471477,"predicted":false,"t":4,"tick":28163,"type":"hit"}
[client] {"a":2,"dup":true,"ev":"game","ms":471595,"predicted":false,"t":5,"tick":28175,"type":"hit"}
[client] {"a":3,"dup":false,"ev":"game","ms":471657,"predicted":false,"t":5,"tick":28174,"type":"hit"}
[client] {"a":4,"dup":false,"ev":"game","ms":471843,"predicted":false,"t":5,"tick":28185,"type":"hit"}
[client] {"a":6,"dup":false,"ev":"game","ms":471844,"predicted":false,"t":3,"tick":28185,"type":"hit"}
[client] {"a":4,"dup":false,"ev":"game","ms":471891,"predicted":false,"t":6,"tick":28188,"type":"hit"}
[client] {"a":0,"dup":false,"ev":"game","ms":472281,"predicted":false,"t":6,"tick":28211,"type":"hit"}
[client] {"a":9,"dup":false,"ev":"game","ms":472313,"predicted":false,"t":4,"tick":28213,"type":"hit"}
[client] {"a":2,"dup":true,"ev":"game","ms":472361,"predicted":false,"t":9,"tick":28221,"type":"hit"}
[client] {"a":0,"dup":false,"ev":"game","ms":472595,"predicted":false,"t":6,"tick":28230,"type":"hit"}
[client] {"a":3,"dup":false,"ev":"game","ms":472692,"predicted":false,"t":6,"tick":28236,"type":"hit"}
[client] {"a":0,"dup":false,"ev":"game","ms":472926,"predicted":false,"t":6,"tick":28250,"type":"hit"}
[client] {"a":4,"dup":false,"ev":"game","ms":473009,"predicted":false,"t":5,"tick":28255,"type":"hit"}
[client] {"a":5,"dup":false,"ev":"game","ms":473009,"predicted":false,"t":-1,"tick":28255,"type":"ko"}
[client] {"a":9,"dup":false,"ev":"game","ms":473478,"predicted":false,"t":4,"tick":28283,"type":"hit"}
[client] {"a":0,"dup":false,"ev":"game","ms":473513,"predicted":false,"t":6,"tick":28285,"type":"hit"}
[client] {"a":9,"dup":false,"ev":"game","ms":473513,"predicted":false,"t":2,"tick":28285,"type":"hit"}
[client] {"a":9,"dup":false,"ev":"game","ms":473527,"predicted":false,"t":3,"tick":28286,"type":"hit"}
[client] {"a":6,"dup":false,"ev":"game","ms":473914,"predicted":false,"t":0,"tick":28309,"type":"hit"}
[client] {"a":6,"dup":false,"ev":"game","ms":474245,"predicted":false,"t":0,"tick":28329,"type":"hit"}
[client] {"a":4,"dup":false,"ev":"game","ms":474313,"predicted":false,"t":9,"tick":28333,"type":"hit"}
[client] {"a":9,"dup":false,"ev":"game","ms":474313,"predicted":false,"t":-1,"tick":28333,"type":"ko"}
[client] {"a":6,"dup":false,"ev":"game","ms":474610,"predicted":false,"t":0,"tick":28351,"type":"hit"}
[client] {"a":1,"dup":false,"ev":"game","ms":474741,"predicted":false,"t":-1,"tick":28359,"type":"respawn"}
[client] {"a":3,"dup":false,"ev":"game","ms":474859,"predicted":false,"t":6,"tick":28366,"type":"hit"}
[client] {"counts":{"blocks_on_me":0,"conf_actions":312,"confirmed_hits":1325,"dup_confirmed":0,"hits_on_me":109,"pred_actions":331,"predicted_confirmed":159,"predicted_hits":339,"reconnects":0},"ev":"stats","hp":28.0,"in_bytes":6277268,"late":0,"local_entity":2,"match":{"countdown_until":300,"ctrl":-1,"final":true,"next":"","phase":3,"rot":722,"scores":[45,26],"sd":false,"state":3,"tick":28078,"zone":"A"},"max_err":2.802,"mean_err":0.0256,"ms":474975,"out_bytes":1390538,"pending":5,"pos":[-42.16,-0.46],"reconciles":9425,"server_tick":28377,"snaps":9433,"teleports":8}
[client] {"a":3,"dup":false,"ev":"game","ms":475211,"predicted":false,"t":6,"tick":28387,"type":"hit"}
[client] {"a":0,"dup":false,"ev":"game","ms":475438,"predicted":false,"t":6,"tick":28401,"type":"hit"}
[client] {"a":0,"dup":false,"ev":"game","ms":475735,"predicted":false,"t":6,"tick":28419,"type":"hit"}
[client] {"a":3,"dup":false,"ev":"game","ms":476108,"predicted":false,"t":6,"tick":28441,"type":"hit"}
[client] {"a":0,"dup":false,"ev":"game","ms":476204,"predicted":false,"t":6,"tick":28447,"type":"hit"}
[client] {"a":6,"dup":false,"ev":"game","ms":476204,"predicted":false,"t":-1,"tick":28447,"type":"ko"}
[client] {"a":7,"dup":false,"ev":"game","ms":477874,"predicted":false,"t":0,"tick":28547,"type":"hit"}
[client] {"a":7,"dup":false,"ev":"game","ms":477887,"predicted":false,"t":3,"tick":28548,"type":"hit"}
[client] {"a":3,"dup":false,"ev":"game","ms":477887,"predicted":false,"t":-1,"tick":28548,"type":"ko"}
[client] {"counts":{"blocks_on_me":0,"conf_actions":312,"confirmed_hits":1332,"dup_confirmed":0,"hits_on_me":109,"pred_actions":331,"predicted_confirmed":159,"predicted_hits":339,"reconnects":0},"ev":"stats","hp":28.0,"in_bytes":6334201,"late":0,"local_entity":2,"match":{"countdown_until":300,"ctrl":-1,"final":true,"next":"","phase":3,"rot":422,"scores":[45,26],"sd":false,"state":3,"tick":28378,"zone":"A"},"max_err":2.802,"mean_err":0.0253,"ms":479970,"out_bytes":1405238,"pending":5,"pos":[-42.17,-0.56],"reconciles":9525,"server_tick":28677,"snaps":9533,"teleports":8}
[client] {"a":7,"dup":false,"ev":"game","ms":480040,"predicted":false,"t":4,"tick":28677,"type":"hit"}
[client] {"a":7,"dup":false,"ev":"game","ms":480559,"predicted":false,"t":4,"tick":28708,"type":"hit"}
[client] {"a":7,"dup":false,"ev":"game","ms":480958,"predicted":false,"t":4,"tick":28732,"type":"hit"}
[client] {"a":2,"dup":true,"ev":"game","ms":480993,"predicted":false,"t":7,"tick":28739,"type":"hit"}
[client] {"a":7,"dup":false,"ev":"game","ms":481006,"predicted":false,"t":0,"tick":28735,"type":"hit"}
[client] {"a":8,"dup":false,"ev":"game","ms":481324,"predicted":false,"t":4,"tick":28754,"type":"hit"}
[client] {"a":2,"dup":true,"ev":"game","ms":481609,"predicted":false,"t":8,"tick":28776,"type":"hit"}
[client] {"a":8,"dup":false,"ev":"game","ms":481641,"predicted":false,"t":4,"tick":28773,"type":"hit"}
[client] {"a":2,"dup":false,"ev":"game","ms":481876,"predicted":false,"t":-1,"tick":28791,"type":"ko"}
[client] {"a":7,"dup":false,"ev":"game","ms":481945,"predicted":false,"t":2,"tick":28791,"type":"hit"}
[client] {"a":4,"dup":false,"ev":"game","ms":482310,"predicted":false,"t":7,"tick":28813,"type":"hit"}
[client] {"a":4,"dup":false,"ev":"game","ms":482345,"predicted":false,"t":8,"tick":28815,"type":"hit"}
[client] {"a":5,"dup":false,"ev":"game","ms":483007,"predicted":false,"t":-1,"tick":28855,"type":"respawn"}
[client] {"a":7,"dup":false,"ev":"game","ms":483276,"predicted":false,"t":0,"tick":28871,"type":"hit"}
[client] {"a":7,"dup":false,"ev":"game","ms":483608,"predicted":false,"t":0,"tick":28891,"type":"hit"}
[client] {"a":4,"dup":false,"ev":"game","ms":484208,"predicted":false,"t":7,"tick":28927,"type":"hit"}
[client] {"a":9,"dup":false,"ev":"game","ms":484312,"predicted":false,"t":-1,"tick":28933,"type":"respawn"}
[client] {"a":0,"dup":false,"ev":"game","ms":484573,"predicted":false,"t":8,"tick":28949,"type":"hit"}
[client] {"counts":{"blocks_on_me":0,"conf_actions":317,"confirmed_hits":1347,"dup_confirmed":0,"hits_on_me":110,"pred_actions":336,"predicted_confirmed":161,"predicted_hits":341,"reconnects":0},"ev":"stats","hp":0.0,"in_bytes":6397267,"late":0,"local_entity":2,"match":{"countdown_until":300,"ctrl":-1,"final":true,"next":"","phase":3,"rot":122,"scores":[45,26],"sd":false,"state":3,"tick":28678,"zone":"A"},"max_err":2.802,"mean_err":0.0251,"ms":484973,"out_bytes":1419938,"pending":5,"pos":[-41.32,-0.17],"reconciles":9625,"server_tick":28977,"snaps":9633,"teleports":8}
[client] {"a":7,"dup":false,"ev":"game","ms":485077,"predicted":false,"t":4,"tick":28979,"type":"hit"}
[client] {"a":4,"dup":false,"ev":"game","ms":485485,"predicted":false,"t":7,"tick":29004,"type":"hit"}
[client] {"a":8,"dup":false,"ev":"game","ms":485705,"predicted":false,"t":4,"tick":29017,"type":"hit"}
[client] {"a":4,"dup":false,"ev":"game","ms":485706,"predicted":false,"t":-1,"tick":29017,"type":"ko"}
[client] {"a":0,"dup":false,"ev":"game","ms":486105,"predicted":false,"t":8,"tick":29041,"type":"hit"}
[client] {"a":7,"dup":false,"ev":"game","ms":486140,"predicted":false,"t":1,"tick":29043,"type":"hit"}
[client] {"a":6,"dup":false,"ev":"game","ms":486202,"predicted":false,"t":-1,"tick":29047,"type":"respawn"}
[client] {"duration_s":480.0,"ev":"results","ms":487133,"reason":"time","score":[45,26],"winner":0}
[client] {"counts":{"blocks_on_me":0,"ERROR: Attempt to disconnect a nonexistent connection from 'Net:<Node#47596963389>'. Signal: 'tree_exited', callable: ''.
   at: _disconnect (core/object/object.cpp:1644)
conf_actions":317,"confirmed_hits":1352,"dup_confirmed":0,"hits_on_me":110,"pred_actions":336,"predicted_confirmed":161,"predicted_hits":341,"reconnects":0},"ev":"stats","hp":0.0,"in_bytes":6425463,"late":0,"local_entity":2,"match":{"countdown_until":300,"ctrl":-1,"final":true,"next":"","phase":3,"rot":2,"scores":[45,26],"sd":false,"state":3,"tick":28798,"zone":"A"},"max_err":2.802,"mean_err":0.025,"ms":487133,"out_bytes":1426308,"pending":15,"pos":[-41.32,-0.17],"reconciles":9665,"server_tick":29107,"snaps":9673,"teleports":8}
[client] {"a":-1,"dup":false,"ev":"game","ms":487140,"predicted":false,"t":-1,"tick":29099,"type":"match_end"}
