Godot Engine v4.7.2.stable.official.ed1daf0bf - https://godotengine.org

[client] {"detail":"127.0.0.1:24610","ev":"status","ms":0,"status":"connecting"}
[client] {"detail":"","ev":"status","ms":49,"status":"connected"}
[client] {"ev":"welcome","ms":56,"observer":false,"pid":9}
[client] {"ev":"pick","f":"vex","ms":125}
[client] {"ev":"lock","f":"vex","ms":1174}
[client] {"ev":"match_setup","fighters":10,"ms":2202,"you":7}
[client] {"counts":{"blocks_on_me":0,"conf_actions":0,"confirmed_hits":0,"dup_confirmed":0,"hits_on_me":0,"pred_actions":0,"predicted_confirmed":0,"predicted_hits":0,"reconnects":0},"ev":"stats","hp":220.0,"in_bytes":88302,"late":0,"local_entity":7,"match":{"countdown_until":300,"ctrl":-1,"final":false,"next":"","phase":2,"rot":3600,"scores":[0,0],"sd":false,"state":1,"tick":0,"zone":""},"max_err":0.875,"mean_err":0.2794,"ms":4963,"out_bytes":8150,"pending":6,"pos":[0.16,47.81],"reconciles":45,"server_tick":166,"snaps":46,"teleports":1}
[client] {"counts":{"blocks_on_me":0,"conf_actions":0,"confirmed_hits":0,"dup_confirmed":0,"hits_on_me":0,"pred_actions":0,"predicted_confirmed":0,"predicted_hits":0,"reconnects":0},"ev":"stats","hp":220.0,"in_bytes":131118,"late":0,"local_entity":7,"match":{"countdown_until":300,"ctrl":-1,"final":false,"next":"","phase":3,"rot":3434,"scores":[0,0],"sd":false,"state":1,"tick":166,"zone":"B"},"max_err":0.933,"mean_err":0.1651,"ms":9965,"out_bytes":22850,"pending":6,"pos":[1.89,30.57],"reconciles":140,"server_tick":466,"snaps":141,"teleports":1}
[client] {"counts":{"blocks_on_me":0,"conf_actions":1,"confirmed_hits":0,"dup_confirmed":0,"hits_on_me":0,"pred_actions":1,"predicted_confirmed":0,"predicted_hits":0,"reconnects":0},"ev":"stats","hp":220.0,"in_bytes":193140,"late":0,"local_entity":7,"match":{"countdown_until":300,"ctrl":-1,"final":false,"next":"","phase":3,"rot":3134,"scores":[0,0],"sd":false,"state":3,"tick":466,"zone":"B"},"max_err":0.933,"mean_err":0.1,"ms":14959,"out_bytes":37550,"pending":6,"pos":[-2.82,-1.36],"reconciles":240,"server_tick":766,"snaps":241,"teleports":1}
[client] {"a":5,"dup":false,"ev":"game","ms":15257,"predicted":false,"t":2,"tick":779,"type":"hit"}
[client] {"a":6,"dup":false,"ev":"game","ms":15857,"predicted":false,"t":3,"tick":815,"type":"hit"}
[client] {"a":1,"dup":false,"ev":"game","ms":15878,"predicted":false,"t":7,"tick":816,"type":"hit"}
[client] {"a":6,"dup":false,"ev":"game","ms":15879,"predicted":false,"t":0,"tick":816,"type":"hit"}
[client] {"a":5,"dup":false,"ev":"game","ms":16092,"predicted":false,"t":4,"tick":829,"type":"hit"}
[client] {"a":5,"dup":false,"ev":"game","ms":16112,"predicted":false,"t":0,"tick":830,"type":"hit"}
[client] {"a":8,"dup":false,"ev":"game","ms":16195,"predicted":false,"t":2,"tick":835,"type":"hit"}
[client] {"a":9,"dup":false,"ev":"game","ms":16361,"predicted":false,"t":3,"tick":845,"type":"hit"}
[client] {"a":0,"dup":false,"ev":"game","ms":16713,"predicted":false,"t":6,"tick":866,"type":"hit"}
[client] {"a":4,"dup":false,"ev":"game","ms":16713,"predicted":false,"t":6,"tick":866,"type":"hit"}
[client] {"a":1,"dup":false,"ev":"game","ms":16775,"predicted":false,"t":7,"tick":871,"type":"hit"}
[client] {"a":5,"dup":false,"ev":"game","ms":16823,"predicted":false,"t":2,"tick":873,"type":"hit"}
[client] {"a":3,"dup":false,"ev":"game","ms":16927,"predicted":false,"t":6,"tick":879,"type":"hit"}
[client] {"a":5,"dup":false,"ev":"game","ms":17140,"predicted":false,"t":2,"tick":893,"type":"hit"}
[client] {"a":5,"dup":false,"ev":"game","ms":17527,"predicted":false,"t":2,"tick":915,"type":"hit"}
[client] {"a":8,"dup":false,"ev":"game","ms":17728,"predicted":false,"t":3,"tick":927,"type":"hit"}
[client] {"a":1,"dup":false,"ev":"game","ms":17913,"predicted":false,"t":9,"tick":938,"type":"hit"}
[client] {"a":2,"dup":false,"ev":"game","ms":18210,"predicted":false,"t":5,"tick":956,"type":"hit"}
[client] {"a":3,"dup":false,"ev":"game","ms":18328,"predicted":false,"t":8,"tick":964,"type":"hit"}
[client] {"a":6,"dup":false,"ev":"game","ms":18362,"predicted":false,"t":3,"tick":966,"type":"hit"}
[client] {"a":6,"dup":false,"ev":"game","ms":18362,"predicted":false,"t":4,"tick":966,"type":"hit"}
[client] {"a":2,"dup":false,"ev":"game","ms":18514,"predicted":false,"t":5,"tick":974,"type":"hit"}
[client] {"a":2,"dup":false,"ev":"game","ms":18542,"predicted":false,"t":9,"tick":977,"type":"hit"}
[client] {"a":5,"dup":false,"ev":"game","ms":18962,"predicted":false,"t":2,"tick":1002,"type":"hit"}
[client] {"a":7,"dup":true,"ev":"game","ms":18962,"predicted":false,"t":1,"tick":1006,"type":"hit"}
[client] {"a":3,"dup":false,"ev":"game","ms":19024,"predicted":false,"t":5,"tick":1005,"type":"hit"}
[client] {"a":4,"dup":false,"ev":"game","ms":19046,"predicted":false,"t":6,"tick":1006,"type":"hit"}
[client] {"a":2,"dup":false,"ev":"game","ms":19329,"predicted":false,"t":5,"tick":1023,"type":"hit"}
[client] {"a":3,"dup":false,"ev":"game","ms":19329,"predicted":false,"t":5,"tick":1024,"type":"hit"}
[client] {"a":0,"dup":false,"ev":"game","ms":19411,"predicted":false,"t":6,"tick":1028,"type":"hit"}
[client] {"a":8,"dup":false,"ev":"game","ms":19411,"predicted":false,"t":2,"tick":1028,"type":"hit"}
[client] {"a":9,"dup":false,"ev":"game","ms":19514,"predicted":false,"t":1,"tick":1034,"type":"hit"}
[client] {"a":3,"dup":false,"ev":"game","ms":19646,"predicted":false,"t":5,"tick":1042,"type":"hit"}
[client] {"a":8,"dup":false,"ev":"game","ms":19714,"predicted":false,"t":2,"tick":1047,"type":"hit"}
[client] {"a":9,"dup":false,"ev":"game","ms":19825,"predicted":false,"t":1,"tick":1053,"type":"hit"}
[client] {"counts":{"blocks_on_me":0,"conf_actions":6,"confirmed_hits":35,"dup_confirmed":0,"hits_on_me":2,"pred_actions":7,"predicted_confirmed":1,"predicted_hits":5,"reconnects":0},"ev":"stats","hp":144.0,"in_bytes":272635,"late":0,"local_entity":7,"match":{"countdown_until":300,"ctrl":-1,"final":false,"next":"","phase":3,"rot":2834,"scores":[0,0],"sd":false,"state":3,"tick":766,"zone":"B"},"max_err":1.788,"mean_err":0.0818,"ms":19962,"out_bytes":52250,"pending":6,"pos":[-1.68,-2.76],"reconciles":340,"server_tick":1066,"snaps":341,"teleports":1}
[client] {"a":5,"dup":false,"ev":"game","ms":20060,"predicted":false,"t":1,"tick":1067,"type":"hit"}
[client] {"a":5,"dup":false,"ev":"game","ms":20081,"predicted":false,"t":2,"tick":1069,"type":"hit"}
[client] {"a":7,"dup":true,"ev":"game","ms":20163,"predicted":false,"t":1,"tick":1078,"type":"hit"}
[client] {"a":6,"dup":false,"ev":"game","ms":20225,"predicted":false,"t":3,"tick":1077,"type":"hit"}
[client] {"a":5,"dup":false,"ev":"game","ms":20377,"predicted":false,"t":1,"tick":1087,"type":"hit"}
[client] {"a":5,"dup":false,"ev":"game","ms":20446,"predicted":false,"t":2,"tick":1090,"type":"hit"}
[client] {"a":1,"dup":false,"ev":"game","ms":20742,"predicted":false,"t":5,"tick":1109,"type":"hit"}
[client] {"a":0,"dup":false,"ev":"game","ms":20763,"predicted":false,"t":6,"tick":1110,"type":"hit"}
[client] {"a":2,"dup":false,"ev":"game","ms":20811,"predicted":false,"t":7,"tick":1112,"type":"hit"}
[client] {"a":3,"dup":false,"ev":"game","ms":20929,"predicted":false,"t":7,"tick":1120,"type":"hit"}
[client] {"a":0,"dup":false,"ev":"game","ms":21060,"predicted":false,"t":6,"tick":1128,"type":"hit"}
[client] {"a":5,"dup":false,"ev":"game","ms":21129,"predicted":false,"t":1,"tick":1132,"type":"hit"}
[client] {"a":9,"dup":false,"ev":"game","ms":21343,"predicted":false,"t":3,"tick":1145,"type":"hit"}
[client] {"a":1,"dup":false,"ev":"game","ms":21530,"predicted":false,"t":7,"tick":1156,"type":"hit"}
[client] {"a":2,"dup":false,"ev":"game","ms":21660,"predicted":false,"t":7,"tick":1164,"type":"hit"}
[client] {"a":0,"dup":false,"ev":"game","ms":21716,"predicted":false,"t":5,"tick":1167,"type":"hit"}
[client] {"a":0,"dup":false,"ev":"game","ms":21716,"predicted":false,"t":6,"tick":1167,"type":"hit"}
[client] {"a":7,"dup":true,"ev":"game","ms":22047,"predicted":false,"t":4,"tick":1192,"type":"hit"}
[client] {"a":2,"dup":false,"ev":"game","ms":22164,"predicted":false,"t":9,"tick":1194,"type":"hit"}
[client] {"a":1,"dup":false,"ev":"game","ms":22247,"predicted":false,"t":5,"tick":1199,"type":"hit"}
[client] {"a":8,"dup":false,"ev":"game","ms":22461,"predicted":false,"t":4,"tick":1212,"type":"hit"}
[client] {"a":1,"dup":false,"ev":"game","ms":22484,"predicted":false,"t":5,"tick":1213,"type":"hit"}
[client] {"a":3,"dup":false,"ev":"game","ms":22484,"predicted":false,"t":9,"tick":1213,"type":"hit"}
[client] {"a":7,"dup":false,"ev":"game","ms":22516,"predicted":false,"t":4,"tick":1220,"type":"hit"}
[client] {"a":2,"dup":false,"ev":"game","ms":22530,"predicted":false,"t":9,"tick":1216,"type":"hit"}
[client] {"a":6,"dup":false,"ev":"game","ms":22964,"predicted":false,"t":0,"tick":1242,"type":"hit"}
[client] {"a":3,"dup":false,"ev":"game","ms":23033,"predicted":false,"t":9,"tick":1246,"type":"hit"}
[client] {"a":5,"dup":false,"ev":"game","ms":23047,"predicted":false,"t":2,"tick":1247,"type":"hit"}
[client] {"a":2,"dup":false,"ev":"game","ms":23047,"predicted":false,"t":-1,"tick":1247,"type":"ko"}
[client] {"a":4,"dup":false,"ev":"game","ms":23164,"predicted":false,"t":7,"tick":1254,"type":"block"}
[client] {"a":8,"dup":false,"ev":"game","ms":23164,"predicted":false,"t":0,"tick":1254,"type":"hit"}
[client] {"a":1,"dup":false,"ev":"game","ms":23282,"predicted":false,"t":5,"tick":1261,"type":"hit"}
[client] {"a":9,"dup":false,"ev":"game","ms":23399,"predicted":false,"t":4,"tick":1268,"type":"hit"}
[client] {"a":6,"dup":false,"ev":"game","ms":23483,"predicted":false,"t":0,"tick":1273,"type":"hit"}
[client] {"a":7,"dup":true,"ev":"game","ms":23599,"predicted":false,"t":0,"tick":1285,"type":"hit"}
[client] {"a":7,"dup":true,"ev":"game","ms":23600,"predicted":false,"t":4,"tick":1285,"type":"hit"}
[client] {"a":8,"dup":false,"ev":"game","ms":23696,"predicted":false,"t":0,"tick":1286,"type":"hit"}
[client] {"a":1,"dup":false,"ev":"game","ms":23731,"predicted":false,"t":5,"tick":1288,"type":"hit"}
[client] {"a":8,"dup":false,"ev":"game","ms":24061,"predicted":false,"t":4,"tick":1308,"type":"hit"}
[client] {"a":0,"dup":false,"ev":"game","ms":24082,"predicted":false,"t":7,"tick":1309,"type":"hit"}
[client] {"a":1,"dup":false,"ev":"game","ms":24097,"predicted":false,"t":5,"tick":1310,"type":"hit"}
[client] {"a":0,"dup":false,"ev":"game","ms":24117,"predicted":false,"t":8,"tick":1311,"type":"hit"}
[client] {"a":9,"dup":false,"ev":"game","ms":24117,"predicted":false,"t":4,"tick":1311,"type":"hit"}
[client] {"a":0,"dup":false,"ev":"game","ms":24413,"predicted":false,"t":7,"tick":1329,"type":"hit"}
[client] {"a":0,"dup":false,"ev":"game","ms":24483,"predicted":false,"t":8,"tick":1332,"type":"hit"}
[client] {"a":9,"dup":false,"ev":"game","ms":24717,"predicted":false,"t":0,"tick":1347,"type":"hit"}
[client] {"a":3,"dup":false,"ev":"game","ms":24765,"predicted":false,"t":5,"tick":1350,"type":"hit"}
[client] {"counts":{"blocks_on_me":1,"conf_actions":16,"confirmed_hits":80,"dup_confirmed":0,"hits_on_me":8,"pred_actions":18,"predicted_confirmed":5,"predicted_hits":19,"reconnects":0},"ev":"stats","hp":36.0,"in_bytes":358329,"late":0,"local_entity":7,"match":{"countdown_until":300,"ctrl":-1,"final":false,"next":"","phase":3,"rot":2534,"scores":[0,0],"sd":false,"state":3,"tick":1066,"zone":"B"},"max_err":1.788,"mean_err":0.0728,"ms":24965,"out_bytes":66950,"pending":6,"pos":[-0.87,-2.88],"reconciles":440,"server_tick":1366,"snaps":441,"teleports":1}
[client] {"a":3,"dup":false,"ev":"game","ms":25683,"predicted":false,"t":7,"tick":1405,"type":"hit"}
[client] {"a":1,"dup":false,"ev":"game","ms":25766,"predicted":false,"t":9,"tick":1410,"type":"hit"}
[client] {"a":5,"dup":false,"ev":"game","ms":25966,"predicted":false,"t":3,"tick":1422,"type":"hit"}
[client] {"a":6,"dup":false,"ev":"game","ms":25966,"predicted":false,"t":4,"tick":1422,"type":"block"}
[client] {"a":7,"dup":false,"ev":"game","ms":26200,"predicted":false,"t":-1,"tick":1441,"type":"ko"}
[client] {"a":8,"dup":false,"ev":"game","ms":26235,"predicted":false,"t":1,"tick":1438,"type":"hit"}
[client] {"a":3,"dup":false,"ev":"game","ms":26283,"predicted":false,"t":7,"tick":1441,"type":"hit"}
[client] {"a":5,"dup":false,"ev":"game","ms":26297,"predicted":false,"t":3,"tick":1442,"type":"hit"}
[client] {"a":9,"dup":false,"ev":"game","ms":26532,"predicted":false,"t":1,"tick":1456,"type":"hit"}
[client] {"a":0,"dup":false,"ev":"game","ms":26545,"predicted":false,"t":8,"tick":1457,"type":"hit"}
[client] {"a":6,"dup":false,"ev":"game","ms":26635,"predicted":false,"t":4,"tick":1462,"type":"block"}
[client] {"a":5,"dup":false,"ev":"game","ms":26697,"predicted":false,"t":3,"tick":1466,"type":"hit"}
[client] {"a":6,"dup":false,"ev":"game","ms":26966,"predicted":false,"t":4,"tick":1482,"type":"block"}
[client] {"a":3,"dup":false,"ev":"game","ms":27014,"predicted":false,"t":8,"tick":1485,"type":"hit"}
[client] {"a":9,"dup":false,"ev":"game","ms":27049,"predicted":false,"t":0,"tick":1487,"type":"hit"}
[client] {"a":1,"dup":false,"ev":"game","ms":27297,"predicted":false,"t":9,"tick":1502,"type":"hit"}
[client] {"a":6,"dup":false,"ev":"game","ms":27346,"predicted":false,"t":4,"tick":1505,"type":"block"}
[client] {"a":8,"dup":false,"ev":"game","ms":27532,"predicted":false,"t":4,"tick":1516,"type":"hit"}
[client] {"a":1,"dup":false,"ev":"game","ms":27684,"predicted":false,"t":9,"tick":1525,"type":"hit"}
[client] {"a":4,"dup":false,"ev":"game","ms":27898,"predicted":false,"t":6,"tick":1538,"type":"hit"}
[client] {"a":3,"dup":false,"ev":"game","ms":28015,"predicted":false,"t":5,"tick":1545,"type":"hit"}
[client] {"a":5,"dup":false,"ev":"game","ms":28015,"predicted":false,"t":-1,"tick":1545,"type":"ko"}
[client] {"a":9,"dup":false,"ev":"game","ms":28118,"predicted":false,"t":3,"tick":1551,"type":"hit"}
[client] {"a":6,"dup":false,"ev":"game","ms":28263,"predicted":false,"t":4,"tick":1560,"type":"hit"}
[client] {"a":9,"dup":false,"ev":"game","ms":28464,"predicted":false,"t":3,"tick":1572,"type":"hit"}
[client] {"a":3,"dup":false,"ev":"game","ms":28464,"predicted":false,"t":-1,"tick":1572,"type":"ko"}
[client] {"a":8,"dup":false,"ev":"game","ms":28553,"predicted":false,"t":4,"tick":1577,"type":"hit"}
[client] {"a":4,"dup":false,"ev":"game","ms":28553,"predicted":false,"t":-1,"tick":1577,"type":"ko"}
[client] {"a":9,"dup":false,"ev":"game","ms":29202,"predicted":false,"t":1,"tick":1616,"type":"hit"}
[client] {"a":9,"dup":false,"ev":"game","ms":29236,"predicted":false,"t":0,"tick":1618,"type":"hit"}
[client] {"a":6,"dup":false,"ev":"game","ms":29285,"predicted":false,"t":1,"tick":1621,"type":"hit"}
[client] {"a":1,"dup":false,"ev":"game","ms":29816,"predicted":false,"t":9,"tick":1653,"type":"hit"}
[client] {"a":8,"dup":false,"ev":"game","ms":29920,"predicted":false,"t":1,"tick":1659,"type":"hit"}
[client] {"a":1,"dup":false,"ev":"game","ms":29920,"predicted":false,"t":-1,"tick":1659,"type":"ko"}
[client] {"counts":{"blocks_on_me":1,"conf_actions":19,"confirmed_hits":105,"dup_confirmed":0,"hits_on_me":10,"pred_actions":20,"predicted_confirmed":5,"predicted_hits":19,"reconnects":0},"ev":"stats","hp":0.0,"in_bytes":428971,"late":0,"local_entity":7,"match":{"countdown_until":300,"ctrl":-1,"final":false,"next":"","phase":3,"rot":2234,"scores":[0,0],"sd":false,"state":3,"tick":1366,"zone":"B"},"max_err":1.788,"mean_err":0.0612,"ms":29967,"out_bytes":81650,"pending":6,"pos":[-0.22,-3.15],"reconciles":540,"server_tick":1666,"snaps":541,"teleports":1}
[client] {"a":9,"dup":false,"ev":"game","ms":30485,"predicted":false,"t":0,"tick":1693,"type":"hit"}
[client] {"a":0,"dup":false,"ev":"game","ms":30485,"predicted":false,"t":-1,"tick":1693,"type":"ko"}
[client] {"a":2,"dup":false,"ev":"game","ms":33049,"predicted":false,"t":-1,"tick":1847,"type":"respawn"}
[client] {"counts":{"blocks_on_me":1,"conf_actions":19,"confirmed_hits":106,"dup_confirmed":0,"hits_on_me":10,"pred_actions":20,"predicted_confirmed":5,"predicted_hits":19,"reconnects":0},"ev":"stats","hp":0.0,"in_bytes":479677,"late":0,"local_entity":7,"match":{"countdown_until":300,"ctrl":1,"final":false,"next":"","phase":3,"rot":1934,"scores":[0,4],"sd":false,"state":2,"tick":1666,"zone":"B"},"max_err":1.788,"mean_err":0.0517,"ms":34967,"out_bytes":96350,"pending":7,"pos":[-0.22,-3.15],"reconciles":639,"server_tick":1966,"snaps":641,"teleports":1}
[client] {"a":7,"dup":false,"ev":"game","ms":36206,"predicted":false,"t":-1,"tick":2041,"type":"respawn"}
[client] {"a":5,"dup":false,"ev":"game","ms":38031,"predicted":false,"t":-1,"tick":2145,"type":"respawn"}
[client] {"a":3,"dup":false,"ev":"game","ms":38459,"predicted":false,"t":-1,"tick":2172,"type":"respawn"}
[client] {"a":4,"dup":false,"ev":"game","ms":38549,"predicted":false,"t":-1,"tick":2177,"type":"respawn"}
[client] {"a":8,"dup":false,"ev":"game","ms":39894,"predicted":false,"t":2,"tick":2258,"type":"hit"}
[client] {"a":1,"dup":false,"ev":"game","ms":39914,"predicted":false,"t":-1,"tick":2259,"type":"respawn"}
[client] {"counts":{"blocks_on_me":1,"conf_actions":19,"confirmed_hits":107,"dup_confirmed":0,"hits_on_me":10,"pred_actions":20,"predicted_confirmed":5,"predicted_hits":19,"reconnects":0},"ev":"stats","hp":220.0,"in_bytes":530758,"late":0,"local_entity":7,"match":{"countdown_until":300,"ctrl":-1,"final":false,"next":"","phase":3,"rot":1634,"scores":[0,8],"sd":false,"state":3,"tick":1966,"zone":"B"},"max_err":1.788,"mean_err":0.0448,"ms":39962,"out_bytes":111050,"pending":7,"pos":[0.92,24.43],"reconciles":738,"server_tick":2266,"snaps":741,"teleports":2}
[client] {"a":6,"dup":false,"ev":"game","ms":40032,"predicted":false,"t":2,"tick":2266,"type":"hit"}
[client] {"a":9,"dup":false,"ev":"game","ms":40046,"predicted":false,"t":2,"tick":2267,"type":"hit"}
[client] {"a":0,"dup":false,"ev":"game","ms":40481,"predicted":false,"t":-1,"tick":2293,"type":"respawn"}
[client] {"a":6,"dup":false,"ev":"game","ms":40977,"predicted":false,"t":2,"tick":2322,"type":"hit"}
[client] {"a":2,"dup":false,"ev":"game","ms":41329,"predicted":false,"t":9,"tick":2344,"type":"hit"}
[client] {"a":2,"dup":false,"ev":"game","ms":43834,"predicted":false,"t":9,"tick":2494,"type":"hit"}
[client] {"a":6,"dup":false,"ev":"game","ms":44117,"predicted":false,"t":2,"tick":2511,"type":"hit"}
[client] {"a":9,"dup":false,"ev":"game","ms":44201,"predicted":false,"t":2,"tick":2515,"type":"hit"}
[client] {"a":8,"dup":false,"ev":"game","ms":44248,"predicted":false,"t":2,"tick":2519,"type":"hit"}
[client] {"a":6,"dup":false,"ev":"game","ms":44436,"predicted":false,"t":2,"tick":2530,"type":"hit"}
[client] {"a":6,"dup":false,"ev":"game","ms":44772,"predicted":false,"t":2,"tick":2550,"type":"hit"}
[client] {"counts":{"blocks_on_me":1,"conf_actions":22,"confirmed_hits":117,"dup_confirmed":0,"hits_on_me":10,"pred_actions":23,"predicted_confirmed":5,"predicted_hits":20,"reconnects":0},"ev":"stats","hp":220.0,"in_bytes":594169,"late":0,"local_entity":7,"match":{"countdown_until":300,"ctrl":-1,"final":false,"next":"","phase":3,"rot":1334,"scores":[0,8],"sd":false,"state":3,"tick":2266,"zone":"B"},"max_err":1.788,"mean_err":0.0396,"ms":44958,"out_bytes":125750,"pending":7,"pos":[-1.92,-1.97],"reconciles":838,"server_tick":2566,"snaps":841,"teleports":2}
[client] {"a":2,"dup":false,"ev":"game","ms":45193,"predicted":false,"t":9,"tick":2575,"type":"hit"}
[client] {"a":2,"dup":false,"ev":"game","ms":45228,"predicted":false,"t":6,"tick":2577,"type":"hit"}
[client] {"a":2,"dup":false,"ev":"game","ms":45510,"predicted":false,"t":9,"tick":2594,"type":"hit"}
[client] {"a":4,"dup":false,"ev":"game","ms":45511,"predicted":false,"t":6,"tick":2594,"type":"hit"}
[client] {"a":3,"dup":false,"ev":"game","ms":45663,"predicted":false,"t":9,"tick":2603,"type":"hit"}
[client] {"a":4,"dup":false,"ev":"game","ms":45807,"predicted":false,"t":9,"tick":2612,"type":"hit"}
[client] {"a":6,"dup":false,"ev":"game","ms":45924,"predicted":false,"t":2,"tick":2619,"type":"block"}
[client] {"a":8,"dup":false,"ev":"game","ms":46090,"predicted":false,"t":2,"tick":2629,"type":"hit"}
[client] {"a":9,"dup":false,"ev":"game","ms":46242,"predicted":false,"t":2,"tick":2638,"type":"hit"}
[client] {"a":8,"dup":false,"ev":"game","ms":46408,"predicted":false,"t":2,"tick":2648,"type":"hit"}
[client] {"a":2,"dup":false,"ev":"game","ms":46408,"predicted":false,"t":-1,"tick":2648,"type":"ko"}
[client] {"a":6,"dup":false,"ev":"game","ms":47346,"predicted":false,"t":4,"tick":2704,"type":"hit"}
[client] {"a":3,"dup":false,"ev":"game","ms":47395,"predicted":false,"t":9,"tick":2707,"type":"hit"}
[client] {"a":9,"dup":false,"ev":"game","ms":47395,"predicted":false,"t":-1,"tick":2707,"type":"ko"}
[client] {"a":3,"dup":false,"ev":"game","ms":47477,"predicted":false,"t":7,"tick":2712,"type":"hit"}
[client] {"a":4,"dup":false,"ev":"game","ms":47795,"predicted":false,"t":6,"tick":2731,"type":"hit"}
[client] {"a":5,"dup":false,"ev":"game","ms":47843,"predicted":false,"t":3,"tick":2735,"type":"hit"}
[client] {"a":8,"dup":false,"ev":"game","ms":48006,"predicted":false,"t":4,"tick":2744,"type":"hit"}
[client] {"a":3,"dup":false,"ev":"game","ms":48178,"predicted":false,"t":5,"tick":2755,"type":"hit"}
[client] {"a":8,"dup":false,"ev":"game","ms":48227,"predicted":false,"t":4,"tick":2757,"type":"hit"}
[client] {"a":8,"dup":false,"ev":"game","ms":48241,"predicted":false,"t":3,"tick":2758,"type":"hit"}
[client] {"a":8,"dup":false,"ev":"game","ms":48261,"predicted":false,"t":1,"tick":2759,"type":"hit"}
[client] {"a":7,"dup":true,"ev":"game","ms":48310,"predicted":false,"t":4,"tick":2767,"type":"hit"}
[client] {"a":5,"dup":false,"ev":"game","ms":48641,"predicted":false,"t":3,"tick":2783,"type":"hit"}
[client] {"a":0,"dup":false,"ev":"game","ms":49093,"predicted":false,"t":5,"tick":2809,"type":"hit"}
[client] {"a":1,"dup":false,"ev":"game","ms":49179,"predicted":false,"t":6,"tick":2814,"type":"hit"}
[client] {"a":1,"dup":false,"ev":"game","ms":49228,"predicted":false,"t":7,"tick":2817,"type":"hit"}
[client] {"a":0,"dup":false,"ev":"game","ms":49379,"predicted":false,"t":5,"tick":2826,"type":"hit"}
[client] {"a":0,"dup":false,"ev":"game","ms":49393,"predicted":false,"t":7,"tick":2827,"type":"hit"}
[client] {"a":8,"dup":false,"ev":"game","ms":49442,"predicted":false,"t":4,"tick":2830,"type":"hit"}
[client] {"a":6,"dup":false,"ev":"game","ms":49558,"predicted":false,"t":1,"tick":2837,"type":"hit"}
[client] {"a":0,"dup":false,"ev":"game","ms":49827,"predicted":false,"t":5,"tick":2853,"type":"hit"}
[client] {"a":7,"dup":true,"ev":"game","ms":49889,"predicted":false,"t":0,"tick":2862,"type":"hit"}
[client] {"a":7,"dup":true,"ev":"game","ms":49911,"predicted":false,"t":3,"tick":2863,"type":"hit"}
[client] {"a":7,"dup":false,"ev":"game","ms":49911,"predicted":false,"t":4,"tick":2864,"type":"block"}
[client] {"counts":{"blocks_on_me":1,"conf_actions":26,"confirmed_hits":148,"dup_confirmed":0,"hits_on_me":13,"pred_actions":28,"predicted_confirmed":8,"predicted_hits":30,"reconnects":0},"ev":"stats","hp":146.0,"in_bytes":671845,"late":0,"local_entity":7,"match":{"countdown_until":300,"ctrl":-1,"final":false,"next":"","phase":3,"rot":1034,"scores":[0,8],"sd":false,"state":3,"tick":2566,"zone":"B"},"max_err":1.788,"mean_err":0.039,"ms":49958,"out_bytes":140450,"pending":7,"pos":[-0.08,-4.26],"reconciles":938,"server_tick":2866,"snaps":941,"teleports":2}
[client] {"a":8,"dup":false,"ev":"game","ms":50490,"predicted":false,"t":0,"tick":2893,"type":"hit"}
[client] {"a":8,"dup":false,"ev":"game","ms":50559,"predicted":false,"t":3,"tick":2897,"type":"hit"}
[client] {"a":5,"dup":false,"ev":"game","ms":50580,"predicted":false,"t":4,"tick":2898,"type":"block"}
[client] {"a":7,"dup":false,"ev":"game","ms":50862,"predicted":false,"t":4,"tick":2921,"type":"block"}
[client] {"a":7,"dup":false,"ev":"game","ms":51194,"predicted":false,"t":4,"tick":2940,"type":"block"}
[client] {"a":5,"dup":false,"ev":"game","ms":51228,"predicted":false,"t":4,"tick":2937,"type":"block"}
[client] {"a":5,"dup":false,"ev":"game","ms":51546,"predicted":false,"t":4,"tick":2956,"type":"block"}
[client] {"a":5,"dup":false,"ev":"game","ms":51840,"predicted":false,"t":4,"tick":2974,"type":"block"}
[client] {"a":6,"dup":false,"ev":"game","ms":52185,"predicted":false,"t":0,"tick":2995,"type":"hit"}
[client] {"a":5,"dup":false,"ev":"game","ms":52328,"predicted":false,"t":4,"tick":3004,"type":"block"}
[client] {"a":3,"dup":false,"ev":"game","ms":52410,"predicted":false,"t":5,"tick":3009,"type":"hit"}
[client] {"a":1,"dup":false,"ev":"game","ms":52465,"predicted":false,"t":7,"tick":3012,"type":"hit"}
[client] {"a":6,"dup":false,"ev":"game","ms":52514,"predicted":false,"t":0,"tick":3015,"type":"hit"}
[client] {"a":3,"dup":false,"ev":"game","ms":52762,"predicted":false,"t":5,"tick":3030,"type":"hit"}
[client] {"a":1,"dup":false,"ev":"game","ms":52845,"predicted":false,"t":7,"tick":3035,"type":"hit"}
[client] {"a":4,"dup":false,"ev":"game","ms":52963,"predicted":false,"t":5,"tick":3042,"type":"hit"}
[client] {"a":7,"dup":true,"ev":"game","ms":53114,"predicted":false,"t":1,"tick":3056,"type":"hit"}
[client] {"a":0,"dup":false,"ev":"game","ms":53128,"predicted":false,"t":5,"tick":3052,"type":"hit"}
[client] {"a":3,"dup":false,"ev":"game","ms":53184,"predicted":false,"t":5,"tick":3055,"type":"hit"}
[client] {"a":1,"dup":false,"ev":"game","ms":53611,"predicted":false,"t":5,"tick":3081,"type":"hit"}
[client] {"a":1,"dup":false,"ev":"game","ms":53611,"predicted":false,"t":7,"tick":3081,"type":"hit"}
[client] {"a":8,"dup":false,"ev":"game","ms":53729,"predicted":false,"t":4,"tick":3088,"type":"hit"}
[client] {"a":1,"dup":false,"ev":"game","ms":53881,"predicted":false,"t":5,"tick":3097,"type":"hit"}
[client] {"a":7,"dup":true,"ev":"game","ms":53984,"predicted":false,"t":1,"tick":3108,"type":"hit"}
[client] {"a":0,"dup":false,"ev":"game","ms":54081,"predicted":false,"t":5,"tick":3109,"type":"hit"}
[client] {"a":8,"dup":false,"ev":"game","ms":54101,"predicted":false,"t":4,"tick":3110,"type":"hit"}
[client] {"a":7,"dup":true,"ev":"game","ms":54301,"predicted":false,"t":1,"tick":3127,"type":"hit"}
[client] {"a":6,"dup":false,"ev":"game","ms":54384,"predicted":false,"t":3,"tick":3127,"type":"hit"}
[client] {"a":0,"dup":false,"ev":"game","ms":54411,"predicted":false,"t":5,"tick":3129,"type":"hit"}
[client] {"a":8,"dup":false,"ev":"game","ms":54646,"predicted":false,"t":3,"tick":3143,"type":"hit"}
[client] {"a":1,"dup":false,"ev":"game","ms":54750,"predicted":false,"t":7,"tick":3149,"type":"hit"}
[client] {"a":4,"dup":false,"ev":"game","ms":54763,"predicted":false,"t":5,"tick":3150,"type":"hit"}
[client] {"a":5,"dup":false,"ev":"game","ms":54764,"predicted":false,"t":-1,"tick":3150,"type":"ko"}
[client] {"a":4,"dup":false,"ev":"game","ms":54812,"predicted":false,"t":7,"tick":3153,"type":"hit"}
[client] {"counts":{"blocks_on_me":1,"conf_actions":37,"confirmed_hits":174,"dup_confirmed":0,"hits_on_me":18,"pred_actions":40,"predicted_confirmed":11,"predicted_hits":40,"reconnects":0},"ev":"stats","hp":39.0,"in_bytes":751078,"late":0,"local_entity":7,"match":{"countdown_until":300,"ctrl":-1,"final":false,"next":"A","phase":3,"rot":734,"scores":[0,8],"sd":false,"state":3,"tick":2866,"zone":"B"},"max_err":1.788,"mean_err":0.0382,"ms":54963,"out_bytes":155150,"pending":7,"pos":[1.5,-2.29],"reconciles":1038,"server_tick":3166,"snaps":1041,"teleports":2}
[client] {"a":3,"dup":false,"ev":"game","ms":55012,"predicted":false,"t":6,"tick":3165,"type":"hit"}
[client] {"a":3,"dup":false,"ev":"game","ms":55446,"predicted":false,"t":6,"tick":3191,"type":"hit"}
[client] {"a":6,"dup":false,"ev":"game","ms":55446,"predicted":false,"t":-1,"tick":3191,"type":"ko"}
[client] {"a":1,"dup":false,"ev":"game","ms":55730,"predicted":false,"t":7,"tick":3208,"type":"hit"}
[client] {"a":3,"dup":false,"ev":"game","ms":55998,"predicted":false,"t":8,"tick":3224,"type":"hit"}
[client] {"a":3,"dup":false,"ev":"game","ms":56316,"predicted":false,"t":8,"tick":3243,"type":"hit"}
[client] {"a":2,"dup":false,"ev":"game","ms":56399,"predicted":false,"t":-1,"tick":3248,"type":"respawn"}
[client] {"a":3,"dup":false,"ev":"game","ms":56633,"predicted":false,"t":8,"tick":3262,"type":"hit"}
[client] {"a":7,"dup":false,"ev":"game","ms":56930,"predicted":false,"t":-1,"tick":3285,"type":"ko"}
[client] {"a":0,"dup":false,"ev":"game","ms":57012,"predicted":false,"t":7,"tick":3285,"type":"hit"}
[client] {"a":8,"dup":false,"ev":"game","ms":57185,"predicted":false,"t":3,"tick":3295,"type":"hit"}
[client] {"a":9,"dup":false,"ev":"game","ms":57385,"predicted":false,"t":-1,"tick":3307,"type":"respawn"}
[client] {"a":8,"dup":false,"ev":"game","ms":57785,"predicted":false,"t":3,"tick":3331,"type":"hit"}
[client] {"a":8,"dup":false,"ev":"game","ms":58931,"predicted":false,"t":4,"tick":3400,"type":"hit"}
[client] {"a":0,"dup":false,"ev":"game","ms":59600,"predicted":false,"t":8,"tick":3440,"type":"hit"}
[client] {"counts":{"blocks_on_me":1,"conf_actions":38,"confirmed_hits":185,"dup_confirmed":0,"hits_on_me":20,"pred_actions":43,"predicted_confirmed":11,"predicted_hits":40,"reconnects":0},"ev":"stats","hp":0.0,"in_bytes":818663,"late":0,"local_entity":7,"match":{"countdown_until":300,"ctrl":-1,"final":false,"next":"A","phase":3,"rot":434,"scores":[0,8],"sd":false,"state":3,"tick":3166,"zone":"B"},"max_err":1.944,"mean_err":0.0366,"ms":59965,"out_bytes":169850,"pending":7,"pos":[1.3,-2.61],"reconciles":1138,"server_tick":3466,"snaps":1141,"teleports":2}
[client] {"a":8,"dup":false,"ev":"game","ms":60035,"predicted":false,"t":0,"tick":3466,"type":"hit"}
[client] {"a":8,"dup":false,"ev":"game","ms":60035,"predicted":false,"t":3,"tick":3466,"type":"hit"}
[client] {"a":8,"dup":false,"ev":"game","ms":60048,"predicted":false,"t":1,"tick":3467,"type":"block"}
[client] {"a":8,"dup":false,"ev":"game","ms":60269,"predicted":false,"t":0,"tick":3480,"type":"hit"}
[client] {"a":8,"dup":false,"ev":"game","ms":60317,"predicted":false,"t":1,"tick":3483,"type":"hit"}
[client] {"a":3,"dup":false,"ev":"game","ms":60436,"predicted":false,"t":8,"tick":3490,"type":"hit"}
[client] {"a":4,"dup":false,"ev":"game","ms":60518,"predicted":false,"t":8,"tick":3495,"type":"hit"}
[client] {"a":0,"dup":false,"ev":"game","ms":61767,"predicted":false,"t":8,"tick":3570,"type":"hit"}
[client] {"a":8,"dup":false,"ev":"game","ms":61767,"predicted":false,"t":-1,"tick":3570,"type":"ko"}
[client] {"a":5,"dup":false,"ev":"game","ms":64762,"predicted":false,"t":-1,"tick":3750,"type":"respawn"}
[client] {"counts":{"blocks_on_me":1,"conf_actions":38,"confirmed_hits":192,"dup_confirmed":0,"hits_on_me":20,"pred_actions":43,"predicted_confirmed":11,"predicted_hits":40,"reconnects":0},"ev":"stats","hp":0.0,"in_bytes":882975,"late":0,"local_entity":7,"match":{"countdown_until":300,"ctrl":-1,"final":false,"next":"A","phase":3,"rot":134,"scores":[2,8],"sd":false,"state":3,"tick":3466,"zone":"B"},"max_err":1.944,"mean_err":0.0337,"ms":64961,"out_bytes":184550,"pending":7,"pos":[1.3,-2.61],"reconciles":1238,"server_tick":3766,"snaps":1241,"teleports":2}
[client] {"a":6,"dup":false,"ev":"game","ms":65444,"predicted":false,"t":-1,"tick":3791,"type":"respawn"}
[client] {"a":9,"dup":false,"ev":"game","ms":65783,"predicted":false,"t":4,"tick":3810,"type":"hit"}
[client] {"a":2,"dup":false,"ev":"game","ms":66128,"predicted":false,"t":9,"tick":3832,"type":"hit"}
[client] {"a":7,"dup":false,"ev":"game","ms":66949,"predicted":false,"t":-1,"tick":3885,"type":"respawn"}
[client] {"a":-1,"dup":false,"ev":"game","ms":67245,"predicted":false,"t":-1,"tick":3899,"type":"zone_rotated"}
[client] {"counts":{"blocks_on_me":1,"conf_actions":38,"confirmed_hits":194,"dup_confirmed":0,"hits_on_me":20,"pred_actions":43,"predicted_confirmed":11,"predicted_hits":40,"reconnects":0},"ev":"stats","hp":220.0,"in_bytes":946036,"late":0,"local_entity":7,"match":{"countdown_until":300,"ctrl":-1,"final":false,"next":"","phase":3,"rot":3434,"scores":[2,8],"sd":false,"state":1,"tick":3766,"zone":"A"},"max_err":1.944,"mean_err":0.0312,"ms":69963,"out_bytes":199250,"pending":7,"pos":[0.41,28.21],"reconciles":1337,"server_tick":4066,"snaps":1341,"teleports":3}
[client] {"a":8,"dup":false,"ev":"game","ms":71765,"predicted":false,"t":-1,"tick":4170,"type":"respawn"}
[client] {"a":1,"dup":false,"ev":"game","ms":73739,"predicted":false,"t":9,"tick":4288,"type":"hit"}
[client] {"a":9,"dup":false,"ev":"game","ms":74629,"predicted":false,"t":4,"tick":4342,"type":"hit"}
[client] {"a":3,"dup":false,"ev":"game","ms":74760,"predicted":false,"t":9,"tick":4350,"type":"hit"}
[client] {"a":1,"dup":false,"ev":"game","ms":74781,"predicted":false,"t":9,"tick":4351,"type":"hit"}
[client] {"counts":{"blocks_on_me":1,"conf_actions":38,"confirmed_hits":198,"dup_confirmed":0,"hits_on_me":20,"pred_actions":43,"predicted_confirmed":11,"predicted_hits":40,"reconnects":0},"ev":"stats","hp":220.0,"in_bytes":1010552,"late":0,"local_entity":7,"match":{"countdown_until":300,"ctrl":-1,"final":false,"next":"","phase":3,"rot":3134,"scores":[2,8],"sd":false,"state":3,"tick":4066,"zone":"A"},"max_err":1.944,"mean_err":0.029,"ms":74959,"out_bytes":213950,"pending":7,"pos":[-25.99,9.49],"reconciles":1437,"server_tick":4366,"snaps":1441,"teleports":3}
[client] {"a":4,"dup":false,"ev":"game","ms":74994,"predicted":false,"t":9,"tick":4364,"type":"hit"}
[client] {"a":2,"dup":false,"ev":"game","ms":75098,"predicted":false,"t":9,"tick":4370,"type":"hit"}
[client] {"a":4,"dup":false,"ev":"game","ms":75360,"predicted":false,"t":9,"tick":4386,"type":"hit"}
[client] {"a":6,"dup":false,"ev":"game","ms":75498,"predicted":false,"t":0,"tick":4394,"type":"hit"}
[client] {"a":4,"dup":false,"ev":"game","ms":75698,"predicted":false,"t":9,"tick":4405,"type":"hit"}
[client] {"a":6,"dup":false,"ev":"game","ms":75746,"predicted":false,"t":0,"tick":4408,"type":"hit"}
[client] {"a":6,"dup":false,"ev":"game","ms":75781,"predicted":false,"t":1,"tick":4411,"type":"hit"}
[client] {"a":4,"dup":false,"ev":"game","ms":76333,"predicted":false,"t":9,"tick":4444,"type":"hit"}
[client] {"a":6,"dup":false,"ev":"game","ms":76546,"predicted":false,"t":0,"tick":4457,"type":"hit"}
[client] {"a":6,"dup":false,"ev":"game","ms":76595,"predicted":false,"t":3,"tick":4460,"type":"hit"}
[client] {"a":9,"dup":false,"ev":"game","ms":76699,"predicted":false,"t":4,"tick":4466,"type":"hit"}
[client] {"a":1,"dup":false,"ev":"game","ms":76933,"predicted":false,"t":6,"tick":4480,"type":"hit"}
[client] {"a":4,"dup":false,"ev":"game","ms":77113,"predicted":false,"t":9,"tick":4491,"type":"hit"}
[client] {"a":1,"dup":false,"ev":"game","ms":77299,"predicted":false,"t":6,"tick":4502,"type":"hit"}
[client] {"a":4,"dup":false,"ev":"game","ms":77430,"predicted":false,"t":9,"tick":4510,"type":"hit"}
[client] {"a":5,"dup":false,"ev":"game","ms":77747,"predicted":false,"t":1,"tick":4529,"type":"hit"}
[client] {"a":4,"dup":false,"ev":"game","ms":77782,"predicted":false,"t":9,"tick":4531,"type":"hit"}
[client] {"a":2,"dup":false,"ev":"game","ms":77816,"predicted":false,"t":6,"tick":4533,"type":"hit"}
[client] {"a":0,"dup":false,"ev":"game","ms":78064,"predicted":false,"t":7,"tick":4548,"type":"hit"}
[client] {"a":0,"dup":false,"ev":"game","ms":78078,"predicted":false,"t":5,"tick":4549,"type":"hit"}
[client] {"a":9,"dup":false,"ev":"game","ms":78513,"predicted":false,"t":4,"tick":4575,"type":"hit"}
[client] {"a":7,"dup":true,"ev":"game","ms":78796,"predicted":false,"t":1,"tick":4597,"type":"hit"}
[client] {"a":4,"dup":false,"ev":"game","ms":78948,"predicted":false,"t":9,"tick":4601,"type":"hit"}
[client] {"a":7,"dup":true,"ev":"game","ms":79339,"predicted":false,"t":1,"tick":4630,"type":"hit"}
[client] {"a":4,"dup":false,"ev":"game","ms":79367,"predicted":false,"t":9,"tick":4626,"type":"hit"}
[client] {"a":9,"dup":false,"ev":"game","ms":79367,"predicted":false,"t":-1,"tick":4626,"type":"ko"}
[client] {"a":7,"dup":true,"ev":"game","ms":79367,"predicted":false,"t":0,"tick":4631,"type":"hit"}
[client] {"counts":{"blocks_on_me":1,"conf_actions":41,"confirmed_hits":224,"dup_confirmed":0,"hits_on_me":21,"pred_actions":46,"predicted_confirmed":14,"predicted_hits":44,"reconnects":0},"ev":"stats","hp":200.0,"in_bytes":1084565,"late":0,"local_entity":7,"match":{"countdown_until":300,"ctrl":-1,"final":false,"next":"","phase":3,"rot":2834,"scores":[2,8],"sd":false,"state":3,"tick":4366,"zone":"A"},"max_err":1.944,"mean_err":0.0281,"ms":79966,"out_bytes":228650,"pending":7,"pos":[-40.94,-0.28],"reconciles":1537,"server_tick":4666,"snaps":1541,"teleports":3}
[client] {"a":5,"dup":false,"ev":"game","ms":80036,"predicted":false,"t":2,"tick":4666,"type":"hit"}
[client] {"a":0,"dup":false,"ev":"game","ms":80300,"predicted":false,"t":5,"tick":4682,"type":"hit"}
[client] {"a":1,"dup":false,"ev":"game","ms":80333,"predicted":false,"t":5,"tick":4684,"type":"hit"}
[client] {"a":7,"dup":true,"ev":"game","ms":80512,"predicted":false,"t":0,"tick":4700,"type":"hit"}
[client] {"a":7,"dup":true,"ev":"game","ms":80547,"predicted":false,"t":3,"tick":4702,"type":"hit"}
[client] {"a":6,"dup":false,"ev":"game","ms":80650,"predicted":false,"t":2,"tick":4703,"type":"hit"}
[client] {"a":1,"dup":false,"ev":"game","ms":80712,"predicted":false,"t":5,"tick":4707,"type":"hit"}
[client] {"a":7,"dup":true,"ev":"game","ms":81147,"predicted":false,"t":1,"tick":4738,"type":"hit"}
[client] {"a":7,"dup":true,"ev":"game","ms":81183,"predicted":false,"t":4,"tick":4740,"type":"hit"}
[client] {"a":5,"dup":false,"ev":"game","ms":81361,"predicted":false,"t":1,"tick":4746,"type":"hit"}
[client] {"a":0,"dup":false,"ev":"game","ms":81534,"predicted":false,"t":5,"tick":4756,"type":"hit"}
[client] {"a":0,"dup":false,"ev":"game","ms":81534,"predicted":false,"t":7,"tick":4756,"type":"hit"}
[client] {"a":4,"dup":false,"ev":"game","ms":81630,"predicted":false,"t":5,"tick":4762,"type":"hit"}
[client] {"a":4,"dup":false,"ev":"game","ms":81630,"predicted":false,"t":7,"tick":4762,"type":"hit"}
[client] {"a":2,"dup":false,"ev":"game","ms":81664,"predicted":false,"t":6,"tick":4764,"type":"hit"}
[client] {"a":5,"dup":false,"ev":"game","ms":82135,"predicted":false,"t":4,"tick":4792,"type":"hit"}
[client] {"a":8,"dup":false,"ev":"game","ms":82252,"predicted":false,"t":4,"tick":4799,"type":"hit"}
[client] {"a":4,"dup":false,"ev":"game","ms":82252,"predicted":false,"t":-1,"tick":4799,"type":"ko"}
[client] {"a":7,"dup":true,"ev":"game","ms":82381,"predicted":false,"t":3,"tick":4812,"type":"hit"}
[client] {"a":7,"dup":true,"ev":"game","ms":82415,"predicted":false,"t":1,"tick":4814,"type":"hit"}
[client] {"a":0,"dup":false,"ev":"game","ms":82429,"predicted":false,"t":5,"tick":4809,"type":"hit"}
[client] {"a":7,"dup":true,"ev":"game","ms":82449,"predicted":false,"t":0,"tick":4816,"type":"hit"}
[client] {"a":3,"dup":false,"ev":"game","ms":82483,"predicted":false,"t":-1,"tick":4812,"type":"ko"}
[client] {"a":0,"dup":false,"ev":"game","ms":82532,"predicted":false,"t":-1,"tick":4816,"type":"ko"}
[client] {"a":7,"dup":true,"ev":"game","ms":83028,"predicted":false,"t":2,"tick":4851,"type":"hit"}
[client] {"a":8,"dup":false,"ev":"game","ms":83062,"predicted":false,"t":2,"tick":4848,"type":"hit"}
[client] {"a":1,"dup":false,"ev":"game","ms":83449,"predicted":false,"t":7,"tick":4871,"type":"hit"}
[client] {"a":7,"dup":true,"ev":"game","ms":83718,"predicted":false,"t":2,"tick":4892,"type":"hit"}
[client] {"a":7,"dup":true,"ev":"game","ms":83732,"predicted":false,"t":1,"tick":4893,"type":"hit"}
[client] {"a":8,"dup":false,"ev":"game","ms":83768,"predicted":false,"t":2,"tick":4890,"type":"hit"}
[client] {"a":8,"dup":false,"ev":"game","ms":83781,"predicted":false,"t":1,"tick":4891,"type":"hit"}
[client] {"a":6,"dup":false,"ev":"game","ms":84201,"predicted":false,"t":1,"tick":4916,"type":"hit"}
[client] {"a":1,"dup":false,"ev":"game","ms":84201,"predicted":false,"t":-1,"tick":4916,"type":"ko"}
[client] {"a":7,"dup":true,"ev":"game","ms":84449,"predicted":false,"t":2,"tick":4936,"type":"hit"}
[client] {"counts":{"blocks_on_me":1,"conf_actions":49,"confirmed_hits":254,"dup_confirmed":0,"hits_on_me":24,"pred_actions":54,"predicted_confirmed":25,"predicted_hits":66,"reconnects":0},"ev":"stats","hp":126.0,"in_bytes":1159849,"late":0,"local_entity":7,"match":{"countdown_until":300,"ctrl":-1,"final":false,"next":"","phase":3,"rot":2534,"scores":[2,8],"sd":false,"state":3,"tick":4666,"zone":"A"},"max_err":1.944,"mean_err":0.0284,"ms":84967,"out_bytes":243350,"pending":7,"pos":[-42.41,-1.02],"reconciles":1637,"server_tick":4966,"snaps":1641,"teleports":3}
[client] {"a":6,"dup":false,"ev":"game","ms":86167,"predicted":false,"t":2,"tick":5034,"type":"hit"}
[client] {"a":2,"dup":false,"ev":"game","ms":86167,"predicted":false,"t":-1,"tick":5034,"type":"ko"}
[client] {"a":9,"dup":false,"ev":"game","ms":89369,"predicted":false,"t":-1,"tick":5226,"type":"respawn"}
[client] {"counts":{"blocks_on_me":1,"conf_actions":49,"confirmed_hits":255,"dup_confirmed":0,"hits_on_me":24,"pred_actions":54,"predicted_confirmed":25,"predicted_hits":66,"reconnects":0},"ev":"stats","hp":126.0,"in_bytes":1208807,"late":0,"local_entity":7,"match":{"countdown_until":300,"ctrl":1,"final":false,"next":"","phase":3,"rot":2234,"scores":[2,11],"sd":false,"state":2,"tick":4966,"zone":"A"},"max_err":1.944,"mean_err":0.0271,"ms":89962,"out_bytes":258050,"pending":7,"pos":[-42.49,-0.33],"reconciles":1737,"server_tick":5266,"snaps":1741,"teleports":3}
[client] {"a":4,"dup":false,"ev":"game","ms":92246,"predicted":false,"t":-1,"tick":5399,"type":"respawn"}
[client] {"a":3,"dup":false,"ev":"game","ms":92460,"predicted":false,"t":-1,"tick":5412,"type":"respawn"}
[client] {"a":0,"dup":false,"ev":"game","ms":92530,"predicted":false,"t":-1,"tick":5416,"type":"respawn"}
[client] {"a":1,"dup":false,"ev":"game","ms":94199,"predicted":false,"t":-1,"tick":5516,"type":"respawn"}
[client] {"counts":{"blocks_on_me":1,"conf_actions":49,"confirmed_hits":255,"dup_confirmed":0,"hits_on_me":24,"pred_actions":54,"predicted_confirmed":25,"predicted_hits":66,"reconnects":0},"ev":"stats","hp":209.100000000003,"in_bytes":1258744,"late":0,"local_entity":7,"match":{"countdown_until":300,"ctrl":1,"final":false,"next":"","phase":3,"rot":1934,"scores":[2,16],"sd":false,"state":2,"tick":5266,"zone":"A"},"max_err":1.944,"mean_err":0.0256,"ms":94964,"out_bytes":272750,"pending":7,"pos":[-42.49,-0.33],"reconciles":1837,"server_tick":5566,"snaps":1841,"teleports":3}
[client] {"a":2,"dup":false,"ev":"game","ms":96166,"predicted":false,"t":-1,"tick":5634,"type":"respawn"}
[client] {"counts":{"blocks_on_me":1,"conf_actions":49,"confirmed_hits":255,"dup_confirmed":0,"hits_on_me":24,"pred_actions":54,"predicted_confirmed":25,"predicted_hits":66,"reconnects":0},"ev":"stats","hp":220.0,"in_bytes":1312340,"late":0,"local_entity":7,"match":{"countdown_until":300,"ctrl":1,"final":false,"next":"","phase":3,"rot":1634,"scores":[2,21],"sd":false,"state":2,"tick":5566,"zone":"A"},"max_err":1.944,"mean_err":0.0244,"ms":99967,"out_bytes":287450,"pending":7,"pos":[-42.48,-0.35],"reconciles":1937,"server_tick":5866,"snaps":1941,"teleports":3}
[client] {"a":3,"dup":false,"ev":"game","ms":103079,"predicted":false,"t":5,"tick":6048,"type":"hit"}
[client] {"a":6,"dup":false,"ev":"game","ms":103176,"predicted":false,"t":3,"tick":6054,"type":"hit"}
[client] {"a":6,"dup":false,"ev":"game","ms":103762,"predicted":false,"t":3,"tick":6089,"type":"hit"}
[client] {"a":5,"dup":false,"ev":"game","ms":104067,"predicted":false,"t":3,"tick":6107,"type":"hit"}
[client] {"a":0,"dup":false,"ev":"game","ms":104211,"predicted":false,"t":6,"tick":6116,"type":"hit"}
[client] {"a":4,"dup":false,"ev":"game","ms":104328,"predicted":false,"t":5,"tick":6123,"type":"hit"}
[client] {"a":8,"dup":false,"ev":"game","ms":104349,"predicted":false,"t":0,"tick":6124,"type":"hit"}
[client] {"a":5,"dup":false,"ev":"game","ms":104694,"predicted":false,"t":4,"tick":6145,"type":"hit"}
[client] {"a":0,"dup":false,"ev":"game","ms":104715,"predicted":false,"t":5,"tick":6146,"type":"hit"}
[client] {"a":0,"dup":false,"ev":"game","ms":104729,"predicted":false,"t":9,"tick":6147,"type":"hit"}
[client] {"counts":{"blocks_on_me":1,"conf_actions":53,"confirmed_hits":265,"dup_confirmed":0,"hits_on_me":24,"pred_actions":58,"predicted_confirmed":25,"predicted_hits":66,"reconnects":0},"ev":"stats","hp":220.0,"in_bytes":1382574,"late":0,"local_entity":7,"match":{"countdown_until":300,"ctrl":-1,"final":false,"next":"","phase":3,"rot":1334,"scores":[2,23],"sd":false,"state":3,"tick":5866,"zone":"A"},"max_err":1.944,"mean_err":0.0235,"ms":104962,"out_bytes":302150,"pending":7,"pos":[-41.88,0.02],"reconciles":2037,"server_tick":6166,"snaps":2041,"teleports":3}
[client] {"a":1,"dup":false,"ev":"game","ms":105032,"predicted":false,"t":5,"tick":6166,"type":"hit"}
[client] {"a":9,"dup":false,"ev":"game","ms":105164,"predicted":false,"t":0,"tick":6174,"type":"hit"}
[client] {"a":9,"dup":false,"ev":"game","ms":105177,"predicted":false,"t":4,"tick":6175,"type":"hit"}
[client] {"a":8,"dup":false,"ev":"game","ms":105233,"predicted":false,"t":0,"tick":6178,"type":"hit"}
[client] {"a":8,"dup":false,"ev":"game","ms":105233,"predicted":false,"t":4,"tick":6178,"type":"hit"}
[client] {"a":1,"dup":false,"ev":"game","ms":105667,"predicted":false,"t":8,"tick":6204,"type":"hit"}
[client] {"a":8,"dup":false,"ev":"game","ms":106067,"predicted":false,"t":1,"tick":6228,"type":"hit"}
[client] {"a":0,"dup":false,"ev":"game","ms":106081,"predicted":false,"t":9,"tick":6229,"type":"hit"}
[client] {"a":6,"dup":false,"ev":"game","ms":106330,"predicted":false,"t":3,"tick":6244,"type":"hit"}
[client] {"a":7,"dup":true,"ev":"game","ms":106330,"predicted":false,"t":3,"tick":6249,"type":"hit"}
[client] {"a":0,"dup":false,"ev":"game","ms":106350,"predicted":false,"t":9,"tick":6245,"type":"hit"}
[client] {"a":4,"dup":false,"ev":"game","ms":106434,"predicted":false,"t":9,"tick":6250,"type":"hit"}
[client] {"a":4,"dup":false,"ev":"game","ms":106482,"predicted":false,"t":8,"tick":6253,"type":"hit"}
[client] {"a":6,"dup":false,"ev":"game","ms":106550,"predicted":false,"t":3,"tick":6257,"type":"hit"}
[client] {"a":2,"dup":false,"ev":"game","ms":106800,"predicted":false,"t":6,"tick":6272,"type":"hit"}
[client] {"a":7,"dup":true,"ev":"game","ms":106847,"predicted":false,"t":4,"tick":6280,"type":"hit"}
[client] {"a":1,"dup":false,"ev":"game","ms":107165,"predicted":false,"t":5,"tick":6294,"type":"hit"}
[client] {"a":7,"dup":true,"ev":"game","ms":107234,"predicted":false,"t":4,"tick":6303,"type":"hit"}
[client] {"a":9,"dup":false,"ev":"game","ms":107282,"predicted":false,"t":1,"tick":6301,"type":"hit"}
[client] {"a":8,"dup":false,"ev":"game","ms":107364,"predicted":false,"t":1,"tick":6306,"type":"hit"}
[client] {"a":7,"dup":true,"ev":"game","ms":107551,"predicted":false,"t":4,"tick":6322,"type":"hit"}
[client] {"a":5,"dup":false,"ev":"game","ms":107565,"predicted":false,"t":1,"tick":6318,"type":"hit"}
[client] {"a":7,"dup":true,"ev":"game","ms":107586,"predicted":false,"t":0,"tick":6324,"type":"hit"}
[client] {"a":2,"dup":false,"ev":"game","ms":107668,"predicted":false,"t":6,"tick":6324,"type":"hit"}
[client] {"a":3,"dup":false,"ev":"game","ms":107695,"predicted":false,"t":7,"tick":6326,"type":"hit"}
[client] {"a":1,"dup":false,"ev":"game","ms":107930,"predicted":false,"t":8,"tick":6340,"type":"hit"}
[client] {"a":1,"dup":false,"ev":"game","ms":107965,"predicted":false,"t":9,"tick":6342,"type":"hit"}
[client] {"a":2,"dup":false,"ev":"game","ms":107999,"predicted":false,"t":6,"tick":6344,"type":"hit"}
[client] {"a":7,"dup":false,"ev":"game","ms":108013,"predicted":false,"t":0,"tick":6350,"type":"hit"}
[client] {"a":5,"dup":false,"ev":"game","ms":108213,"predicted":false,"t":1,"tick":6357,"type":"hit"}
[client] {"a":6,"dup":false,"ev":"game","ms":108648,"predicted":false,"t":2,"tick":6383,"type":"hit"}
[client] {"a":4,"dup":false,"ev":"game","ms":108683,"predicted":false,"t":7,"tick":6385,"type":"hit"}
[client] {"a":8,"dup":false,"ev":"game","ms":108836,"predicted":false,"t":1,"tick":6394,"type":"hit"}
[client] {"a":3,"dup":false,"ev":"game","ms":108853,"predicted":false,"t":6,"tick":6395,"type":"hit"}
[client] {"a":3,"dup":false,"ev":"game","ms":109186,"predicted":false,"t":6,"tick":6415,"type":"hit"}
[client] {"a":3,"dup":false,"ev":"game","ms":109683,"predicted":false,"t":6,"tick":6445,"type":"hit"}
[client] {"a":5,"dup":false,"ev":"game","ms":109800,"predicted":false,"t":4,"tick":6452,"type":"hit"}
[client] {"a":7,"dup":true,"ev":"game","ms":109897,"predicted":false,"t":2,"tick":6463,"type":"hit"}
[client] {"a":7,"dup":true,"ev":"game","ms":109897,"predicted":false,"t":4,"tick":6463,"type":"hit"}
[client] {"a":9,"dup":false,"ev":"game","ms":109952,"predicted":false,"t":4,"tick":6461,"type":"hit"}
[client] {"counts":{"blocks_on_me":1,"conf_actions":59,"confirmed_hits":305,"dup_confirmed":0,"hits_on_me":26,"pred_actions":64,"predicted_confirmed":32,"predicted_hits":80,"reconnects":0},"ev":"stats","hp":146.0,"in_bytes":1463215,"late":0,"local_entity":7,"match":{"countdown_until":300,"ctrl":-1,"final":false,"next":"","phase":3,"rot":1034,"scores":[2,23],"sd":false,"state":3,"tick":6166,"zone":"A"},"max_err":1.995,"mean_err":0.0247,"ms":109965,"out_bytes":316850,"pending":7,"pos":[-41.59,-0.45],"reconciles":2137,"server_tick":6466,"snaps":2141,"teleports":3}
[client] {"a":0,"dup":false,"ev":"game","ms":110014,"predicted":false,"t":7,"tick":6465,"type":"hit"}
[client] {"a":5,"dup":false,"ev":"game","ms":110269,"predicted":false,"t":2,"tick":6480,"type":"block"}
[client] {"a":0,"dup":false,"ev":"game","ms":110387,"predicted":false,"t":7,"tick":6487,"type":"hit"}
[client] {"a":1,"dup":false,"ev":"game","ms":110518,"predicted":false,"t":8,"tick":6495,"type":"hit"}
[client] {"a":3,"dup":false,"ev":"game","ms":110532,"predicted":false,"t":5,"tick":6496,"type":"hit"}
[client] {"a":0,"dup":false,"ev":"game","ms":110669,"predicted":false,"t":9,"tick":6504,"type":"hit"}
[client] {"a":2,"dup":false,"ev":"game","ms":110669,"predicted":false,"t":5,"tick":6504,"type":"hit"}
[client] {"a":4,"dup":false,"ev":"game","ms":110718,"predicted":false,"t":7,"tick":6507,"type":"hit"}
[client] {"a":4,"dup":false,"ev":"game","ms":110718,"predicted":false,"t":9,"tick":6507,"type":"hit"}
[client] {"a":4,"dup":false,"ev":"game","ms":110732,"predicted":false,"t":8,"tick":6508,"type":"hit"}
[client] {"a":1,"dup":false,"ev":"game","ms":110787,"predicted":false,"t":8,"tick":6511,"type":"hit"}
[client] {"a":3,"dup":false,"ev":"game","ms":110849,"predicted":false,"t":5,"tick":6515,"type":"hit"}
[client] {"a":2,"dup":false,"ev":"game","ms":110987,"predicted":false,"t":5,"tick":6523,"type":"hit"}
[client] {"a":2,"dup":false,"ev":"game","ms":111001,"predicted":false,"t":8,"tick":6524,"type":"hit"}
[client] {"a":1,"dup":false,"ev":"game","ms":111215,"predicted":false,"t":9,"tick":6537,"type":"hit"}
[client] {"a":2,"dup":false,"ev":"game","ms":111298,"predicted":false,"t":5,"tick":6542,"type":"hit"}
[client] {"a":2,"dup":false,"ev":"game","ms":111318,"predicted":false,"t":8,"tick":6543,"type":"hit"}
[client] {"a":0,"dup":false,"ev":"game","ms":111401,"predicted":false,"t":8,"tick":6548,"type":"hit"}
[client] {"a":0,"dup":false,"ev":"game","ms":111450,"predicted":false,"t":7,"tick":6551,"type":"hit"}
[client] {"a":0,"dup":false,"ev":"game","ms":111470,"predicted":false,"t":5,"tick":6552,"type":"hit"}
[client] {"a":4,"dup":false,"ev":"game","ms":111533,"predicted":false,"t":5,"tick":6556,"type":"hit"}
[client] {"a":4,"dup":false,"ev":"game","ms":111533,"predicted":false,"t":7,"tick":6556,"type":"hit"}
[client] {"a":6,"dup":false,"ev":"game","ms":111888,"predicted":false,"t":3,"tick":6578,"type":"hit"}
[client] {"a":9,"dup":false,"ev":"game","ms":111958,"predicted":false,"t":1,"tick":6581,"type":"hit"}
[client] {"a":2,"dup":false,"ev":"game","ms":112026,"predicted":false,"t":9,"tick":6586,"type":"hit"}
[client] {"a":8,"dup":false,"ev":"game","ms":112441,"predicted":false,"t":4,"tick":6610,"type":"hit"}
[client] {"a":1,"dup":false,"ev":"game","ms":112724,"predicted":false,"t":8,"tick":6627,"type":"hit"}
[client] {"a":2,"dup":false,"ev":"game","ms":112840,"predicted":false,"t":8,"tick":6634,"type":"hit"}
[client] {"a":8,"dup":false,"ev":"game","ms":112840,"predicted":false,"t":-1,"tick":6634,"type":"ko"}
[client] {"a":6,"dup":false,"ev":"game","ms":112922,"predicted":false,"t":2,"tick":6639,"type":"hit"}
[client] {"a":5,"dup":false,"ev":"game","ms":113026,"predicted":false,"t":2,"tick":6645,"type":"hit"}
[client] {"a":5,"dup":false,"ev":"game","ms":113026,"predicted":false,"t":4,"tick":6645,"type":"hit"}
[client] {"a":9,"dup":false,"ev":"game","ms":113123,"predicted":false,"t":0,"tick":6651,"type":"hit"}
[client] {"a":3,"dup":false,"ev":"game","ms":113274,"predicted":false,"t":9,"tick":6660,"type":"hit"}
[client] {"a":0,"dup":false,"ev":"game","ms":113523,"predicted":false,"t":5,"tick":6675,"type":"hit"}
[client] {"a":5,"dup":false,"ev":"game","ms":113523,"predicted":false,"t":-1,"tick":6675,"type":"ko"}
[client] {"a":1,"dup":false,"ev":"game","ms":113875,"predicted":false,"t":6,"tick":6696,"type":"hit"}
[client] {"a":7,"dup":false,"ev":"game","ms":113957,"predicted":false,"t":4,"tick":6707,"type":"block"}
[client] {"a":9,"dup":false,"ev":"game","ms":114296,"predicted":false,"t":4,"tick":6721,"type":"hit"}
[client] {"a":0,"dup":false,"ev":"game","ms":114579,"predicted":false,"t":9,"tick":6738,"type":"hit"}
[client] {"a":7,"dup":true,"ev":"game","ms":114579,"predicted":false,"t":0,"tick":6744,"type":"hit"}
[client] {"a":7,"dup":true,"ev":"game","ms":114592,"predicted":false,"t":2,"tick":6745,"type":"hit"}
[client] {"a":3,"dup":false,"ev":"game","ms":114875,"predicted":false,"t":9,"tick":6756,"type":"hit"}
[client] {"counts":{"blocks_on_me":1,"conf_actions":66,"confirmed_hits":344,"dup_confirmed":0,"hits_on_me":31,"pred_actions":72,"predicted_confirmed":34,"predicted_hits":87,"reconnects":0},"ev":"stats","hp":34.0,"in_bytes":1546837,"late":0,"local_entity":7,"match":{"countdown_until":300,"ctrl":-1,"final":false,"next":"C","phase":3,"rot":734,"scores":[2,23],"sd":false,"state":3,"tick":6466,"zone":"A"},"max_err":1.995,"mean_err":0.026,"ms":114957,"out_bytes":331550,"pending":7,"pos":[-42.37,2.09],"reconciles":2237,"server_tick":6766,"snaps":2241,"teleports":3}
[client] {"a":2,"dup":false,"ev":"game","ms":115193,"predicted":false,"t":6,"tick":6775,"type":"hit"}
[client] {"a":3,"dup":false,"ev":"game","ms":115379,"predicted":false,"t":9,"tick":6786,"type":"hit"}
[client] {"a":9,"dup":false,"ev":"game","ms":115379,"predicted":false,"t":-1,"tick":6786,"type":"ko"}
[client] {"a":7,"dup":false,"ev":"game","ms":115379,"predicted":false,"t":-1,"tick":6792,"type":"ko"}
[client] {"a":4,"dup":false,"ev":"game","ms":115476,"predicted":false,"t":7,"tick":6792,"type":"hit"}
[client] {"a":6,"dup":false,"ev":"game","ms":115745,"predicted":false,"t":2,"tick":6808,"type":"hit"}
[client] {"a":6,"dup":false,"ev":"game","ms":116510,"predicted":false,"t":2,"tick":6854,"type":"hit"}
[client] {"a":2,"dup":false,"ev":"game","ms":116862,"predicted":false,"t":6,"tick":6875,"type":"hit"}
[client] {"a":2,"dup":false,"ev":"game","ms":117180,"predicted":false,"t":6,"tick":6894,"type":"hit"}
[client] {"a":6,"dup":false,"ev":"game","ms":117180,"predicted":false,"t":-1,"tick":6894,"type":"ko"}
[client] {"counts":{"blocks_on_me":1,"conf_actions":68,"confirmed_hits":351,"dup_confirmed":0,"hits_on_me":32,"pred_actions":73,"predicted_confirmed":34,"predicted_hits":87,"reconnects":0},"ev":"stats","hp":0.0,"in_bytes":1606192,"late":0,"local_entity":7,"match":{"countdown_until":300,"ctrl":0,"final":false,"next":"C","phase":3,"rot":434,"scores":[4,23],"sd":false,"state":2,"tick":6766,"zone":"A"},"max_err":1.995,"mean_err":0.025,"ms":119960,"out_bytes":346250,"pending":7,"pos":[-42.42,1.77],"reconciles":2337,"server_tick":7066,"snaps":2341,"teleports":3}
[client] {"a":8,"dup":false,"ev":"game","ms":122831,"predicted":false,"t":-1,"tick":7234,"type":"respawn"}
[client] {"a":5,"dup":false,"ev":"game","ms":123514,"predicted":false,"t":-1,"tick":7275,"type":"respawn"}
[client] {"counts":{"blocks_on_me":1,"conf_actions":68,"confirmed_hits":351,"dup_confirmed":0,"hits_on_me":32,"pred_actions":73,"predicted_confirmed":34,"predicted_hits":87,"reconnects":0},"ev":"stats","hp":0.0,"in_bytes":1656616,"late":0,"local_entity":7,"match":{"countdown_until":300,"ctrl":0,"final":false,"next":"C","phase":3,"rot":134,"scores":[9,23],"sd":false,"state":2,"tick":7066,"zone":"A"},"max_err":1.995,"mean_err":0.0239,"ms":124962,"out_bytes":360950,"pending":7,"pos":[-42.42,1.77],"reconciles":2437,"server_tick":7366,"snaps":2441,"teleports":3}
[client] {"a":9,"dup":false,"ev":"game","ms":125363,"predicted":false,"t":-1,"tick":7386,"type":"respawn"}
[client] {"a":7,"dup":false,"ev":"game","ms":125384,"predicted":false,"t":-1,"tick":7392,"type":"respawn"}
[client] {"a":6,"dup":false,"ev":"game","ms":127164,"predicted":false,"t":-1,"tick":7494,"type":"respawn"}
[client] {"a":-1,"dup":false,"ev":"game","ms":127247,"predicted":false,"t":-1,"tick":7499,"type":"zone_rotated"}
[client] {"counts":{"blocks_on_me":1,"conf_actions":68,"confirmed_hits":351,"dup_confirmed":0,"hits_on_me":32,"pred_actions":73,"predicted_confirmed":34,"predicted_hits":87,"reconnects":0},"ev":"stats","hp":220.0,"in_bytes":1706057,"late":0,"local_entity":7,"match":{"countdown_until":300,"ctrl":-1,"final":false,"next":"","phase":3,"rot":3434,"scores":[12,23],"sd":false,"state":1,"tick":7366,"zone":"C"},"max_err":1.995,"mean_err":0.0232,"ms":129958,"out_bytes":375650,"pending":7,"pos":[5.71,19.07],"reconciles":2536,"server_tick":7666,"snaps":2541,"teleports":4}
[client] {"counts":{"blocks_on_me":1,"conf_actions":68,"confirmed_hits":351,"dup_confirmed":0,"hits_on_me":32,"pred_actions":73,"predicted_confirmed":34,"predicted_hits":87,"reconnects":0},"ev":"stats","hp":220.0,"in_bytes":1767996,"late":0,"local_entity":7,"match":{"countdown_until":300,"ctrl":1,"final":false,"next":"","phase":3,"rot":3134,"scores":[12,24],"sd":false,"state":2,"tick":7666,"zone":"C"},"max_err":1.995,"mean_err":0.0223,"ms":134960,"out_bytes":390350,"pending":7,"pos":[36.69,3.27],"reconciles":2636,"server_tick":7966,"snaps":2641,"teleports":4}
[client] {"a":2,"dup":false,"ev":"game","ms":139101,"predicted":false,"t":8,"tick":8210,"type":"hit"}
[client] {"a":6,"dup":false,"ev":"game","ms":139433,"predicted":false,"t":2,"tick":8230,"type":"hit"}
[client] {"a":9,"dup":false,"ev":"game","ms":139536,"predicted":false,"t":2,"tick":8236,"type":"hit"}
[client] {"a":6,"dup":false,"ev":"game","ms":139785,"predicted":false,"t":2,"tick":8251,"type":"hit"}
[client] {"counts":{"blocks_on_me":1,"conf_actions":70,"confirmed_hits":355,"dup_confirmed":0,"hits_on_me":32,"pred_actions":75,"predicted_confirmed":34,"predicted_hits":87,"reconnects":0},"ev":"stats","hp":220.0,"in_bytes":1825053,"late":0,"local_entity":7,"match":{"countdown_until":300,"ctrl":-1,"final":false,"next":"","phase":3,"rot":2834,"scores":[12,27],"sd":false,"state":3,"tick":7966,"zone":"C"},"max_err":1.995,"mean_err":0.0222,"ms":139963,"out_bytes":405050,"pending":7,"pos":[41.44,0.17],"reconciles":2736,"server_tick":8266,"snaps":2741,"teleports":4}
[client] {"a":1,"dup":false,"ev":"game","ms":139998,"predicted":false,"t":6,"tick":8264,"type":"hit"}
[client] {"a":2,"dup":false,"ev":"game","ms":140164,"predicted":false,"t":9,"tick":8274,"type":"hit"}
[client] {"a":8,"dup":false,"ev":"game","ms":140253,"predicted":false,"t":1,"tick":8279,"type":"hit"}
[client] {"a":8,"dup":false,"ev":"game","ms":140253,"predicted":false,"t":4,"tick":8279,"type":"hit"}
[client] {"a":8,"dup":false,"ev":"game","ms":140267,"predicted":false,"t":0,"tick":8280,"type":"hit"}
[client] {"a":7,"dup":true,"ev":"game","ms":140564,"predicted":false,"t":2,"tick":8303,"type":"hit"}
[client] {"a":3,"dup":false,"ev":"game","ms":140585,"predicted":false,"t":8,"tick":8299,"type":"hit"}
[client] {"a":2,"dup":false,"ev":"game","ms":140634,"predicted":false,"t":8,"tick":8302,"type":"hit"}
[client] {"a":3,"dup":false,"ev":"game","ms":141234,"predicted":false,"t":7,"tick":8338,"type":"hit"}
[client] {"a":8,"dup":false,"ev":"game","ms":141302,"predicted":false,"t":1,"tick":8342,"type":"hit"}
[client] {"a":8,"dup":false,"ev":"game","ms":141352,"predicted":false,"t":0,"tick":8345,"type":"hit"}
[client] {"a":7,"dup":true,"ev":"game","ms":141548,"predicted":false,"t":3,"tick":8361,"type":"hit"}
[client] {"a":3,"dup":false,"ev":"game","ms":141588,"predicted":false,"t":6,"tick":8359,"type":"hit"}
[client] {"a":8,"dup":false,"ev":"game","ms":141650,"predicted":false,"t":1,"tick":8363,"type":"hit"}
[client] {"a":8,"dup":false,"ev":"game","ms":141685,"predicted":false,"t":4,"tick":8365,"type":"hit"}
[client] {"a":3,"dup":false,"ev":"game","ms":141953,"predicted":false,"t":7,"tick":8381,"type":"hit"}
[client] {"a":9,"dup":false,"ev":"game","ms":141967,"predicted":false,"t":3,"tick":8382,"type":"hit"}
[client] {"a":6,"dup":false,"ev":"game","ms":141988,"predicted":false,"t":3,"tick":8383,"type":"hit"}
[client] {"a":0,"dup":false,"ev":"game","ms":142002,"predicted":false,"t":8,"tick":8384,"type":"hit"}
[client] {"a":1,"dup":false,"ev":"game","ms":142064,"predicted":false,"t":8,"tick":8388,"type":"hit"}
[client] {"a":0,"dup":false,"ev":"game","ms":142098,"predicted":false,"t":6,"tick":8390,"type":"hit"}
[client] {"a":3,"dup":false,"ev":"game","ms":142347,"predicted":false,"t":9,"tick":8405,"type":"hit"}
[client] {"a":4,"dup":false,"ev":"game","ms":142947,"predicted":false,"t":7,"tick":8441,"type":"hit"}
[client] {"a":8,"dup":false,"ev":"game","ms":142947,"predicted":false,"t":1,"tick":8441,"type":"hit"}
[client] {"a":4,"dup":false,"ev":"game","ms":143264,"predicted":false,"t":7,"tick":8460,"type":"hit"}
[client] {"a":4,"dup":false,"ev":"game","ms":143313,"predicted":false,"t":6,"tick":8463,"type":"hit"}
[client] {"a":1,"dup":false,"ev":"game","ms":143478,"predicted":false,"t":7,"tick":8473,"type":"hit"}
[client] {"a":9,"dup":false,"ev":"game","ms":143734,"predicted":false,"t":4,"tick":8487,"type":"hit"}
[client] {"a":7,"dup":true,"ev":"game","ms":143761,"predicted":false,"t":4,"tick":8494,"type":"hit"}
[client] {"a":6,"dup":false,"ev":"game","ms":143996,"predicted":false,"t":4,"tick":8503,"type":"hit"}
[client] {"a":6,"dup":false,"ev":"game","ms":144078,"predicted":false,"t":1,"tick":8508,"type":"hit"}
[client] {"a":0,"dup":false,"ev":"game","ms":144182,"predicted":false,"t":6,"tick":8514,"type":"hit"}
[client] {"a":0,"dup":false,"ev":"game","ms":144182,"predicted":false,"t":7,"tick":8514,"type":"hit"}
[client] {"a":9,"dup":false,"ev":"game","ms":144182,"predicted":false,"t":2,"tick":8514,"type":"hit"}
[client] {"a":5,"dup":false,"ev":"game","ms":144534,"predicted":false,"t":0,"tick":8535,"type":"hit"}
[client] {"a":9,"dup":false,"ev":"game","ms":144817,"predicted":false,"t":2,"tick":8552,"type":"hit"}
[client] {"a":4,"dup":false,"ev":"game","ms":144948,"predicted":false,"t":7,"tick":8560,"type":"hit"}
[client] {"counts":{"blocks_on_me":1,"conf_actions":80,"confirmed_hits":392,"dup_confirmed":0,"hits_on_me":39,"pred_actions":87,"predicted_confirmed":37,"predicted_hits":95,"reconnects":0},"ev":"stats","hp":94.0,"in_bytes":1906858,"late":0,"local_entity":7,"match":{"countdown_until":300,"ctrl":-1,"final":false,"next":"","phase":3,"rot":2534,"scores":[12,27],"sd":false,"state":3,"tick":8266,"zone":"C"},"max_err":1.995,"mean_err":0.0233,"ms":144961,"out_bytes":419750,"pending":7,"pos":[42.04,-1.89],"reconciles":2836,"server_tick":8566,"snaps":2841,"teleports":4}
[client] {"a":0,"dup":false,"ev":"game","ms":145065,"predicted":false,"t":5,"tick":8567,"type":"hit"}
[client] {"a":6,"dup":false,"ev":"game","ms":145100,"predicted":false,"t":0,"tick":8569,"type":"hit"}
[client] {"a":1,"dup":false,"ev":"game","ms":145231,"predicted":false,"t":9,"tick":8577,"type":"hit"}
[client] {"a":4,"dup":false,"ev":"game","ms":145245,"predicted":false,"t":9,"tick":8578,"type":"hit"}
[client] {"a":8,"dup":false,"ev":"game","ms":145362,"predicted":false,"t":2,"tick":8585,"type":"hit"}
[client] {"a":7,"dup":true,"ev":"game","ms":145397,"predicted":false,"t":4,"tick":8592,"type":"hit"}
[client] {"a":3,"dup":false,"ev":"game","ms":145479,"predicted":false,"t":5,"tick":8592,"type":"hit"}
[client] {"a":3,"dup":false,"ev":"game","ms":145513,"predicted":false,"t":8,"tick":8594,"type":"hit"}
[client] {"a":3,"dup":false,"ev":"game","ms":145534,"predicted":false,"t":6,"tick":8595,"type":"hit"}
[client] {"a":4,"dup":false,"ev":"game","ms":145852,"predicted":false,"t":7,"tick":8615,"type":"hit"}
[client] {"a":9,"dup":false,"ev":"game","ms":145852,"predicted":false,"t":1,"tick":8615,"type":"hit"}
[client] {"a":9,"dup":false,"ev":"game","ms":145852,"predicted":false,"t":4,"tick":8615,"type":"hit"}
[client] {"a":3,"dup":false,"ev":"game","ms":146114,"predicted":false,"t":9,"tick":8631,"type":"hit"}
[client] {"a":2,"dup":false,"ev":"game","ms":146148,"predicted":false,"t":9,"tick":8633,"type":"hit"}
[client] {"a":5,"dup":false,"ev":"game","ms":146385,"predicted":false,"t":3,"tick":8647,"type":"hit"}
[client] {"a":0,"dup":false,"ev":"game","ms":146700,"predicted":false,"t":5,"tick":8666,"type":"hit"}
[client] {"a":3,"dup":false,"ev":"game","ms":146701,"predicted":false,"t":9,"tick":8666,"type":"hit"}
[client] {"a":0,"dup":false,"ev":"game","ms":146714,"predicted":false,"t":9,"tick":8667,"type":"hit"}
[client] {"a":0,"dup":false,"ev":"game","ms":146797,"predicted":false,"t":8,"tick":8672,"type":"hit"}
[client] {"a":6,"dup":false,"ev":"game","ms":146997,"predicted":false,"t":0,"tick":8684,"type":"hit"}
[client] {"a":3,"dup":false,"ev":"game","ms":147197,"predicted":false,"t":6,"tick":8696,"type":"hit"}
[client] {"a":3,"dup":false,"ev":"game","ms":147218,"predicted":false,"t":7,"tick":8697,"type":"hit"}
[client] {"a":9,"dup":false,"ev":"game","ms":147266,"predicted":false,"t":2,"tick":8700,"type":"hit"}
[client] {"a":9,"dup":false,"ev":"game","ms":147597,"predicted":false,"t":2,"tick":8720,"type":"hit"}
[client] {"a":1,"dup":false,"ev":"game","ms":147818,"predicted":false,"t":5,"tick":8733,"type":"hit"}
[client] {"a":9,"dup":false,"ev":"game","ms":147915,"predicted":false,"t":2,"tick":8739,"type":"hit"}
[client] {"a":3,"dup":false,"ev":"game","ms":148163,"predicted":false,"t":8,"tick":8754,"type":"hit"}
[client] {"a":8,"dup":false,"ev":"game","ms":148163,"predicted":false,"t":-1,"tick":8754,"type":"ko"}
[client] {"a":0,"dup":false,"ev":"game","ms":148433,"predicted":false,"t":6,"tick":8770,"type":"hit"}
[client] {"a":3,"dup":false,"ev":"game","ms":148501,"predicted":false,"t":9,"tick":8774,"type":"parry"}
[client] {"a":4,"dup":false,"ev":"game","ms":148537,"predicted":false,"t":9,"tick":8776,"type":"hit"}
[client] {"a":7,"dup":true,"ev":"game","ms":148550,"predicted":false,"t":0,"tick":8782,"type":"hit"}
[client] {"a":1,"dup":false,"ev":"game","ms":148763,"predicted":false,"t":9,"tick":8790,"type":"hit"}
[client] {"a":7,"dup":true,"ev":"game","ms":148854,"predicted":false,"t":3,"tick":8800,"type":"hit"}
[client] {"a":1,"dup":false,"ev":"game","ms":149253,"predicted":false,"t":9,"tick":8819,"type":"hit"}
[client] {"a":0,"dup":false,"ev":"game","ms":149281,"predicted":false,"t":7,"tick":8821,"type":"hit"}
[client] {"a":3,"dup":false,"ev":"game","ms":149550,"predicted":false,"t":5,"tick":8837,"type":"block"}
[client] {"a":6,"dup":false,"ev":"game","ms":149619,"predicted":false,"t":0,"tick":8841,"type":"hit"}
[client] {"a":1,"dup":false,"ev":"game","ms":149633,"predicted":false,"t":9,"tick":8842,"type":"hit"}
[client] {"counts":{"blocks_on_me":1,"conf_actions":88,"confirmed_hits":428,"dup_confirmed":0,"hits_on_me":42,"pred_actions":95,"predicted_confirmed":40,"predicted_hits":103,"reconnects":0},"ev":"stats","hp":24.0,"in_bytes":1988279,"late":0,"local_entity":7,"match":{"countdown_until":300,"ctrl":-1,"final":false,"next":"","phase":3,"rot":2234,"scores":[12,27],"sd":false,"state":3,"tick":8566,"zone":"C"},"max_err":1.995,"mean_err":0.0238,"ms":149963,"out_bytes":434450,"pending":7,"pos":[44.34,-0.4],"reconciles":2934,"server_tick":8866,"snaps":2939,"teleports":4}
[client] {"a":7,"dup":true,"ev":"game","ms":150138,"predicted":false,"t":3,"tick":8877,"type":"hit"}
[client] {"a":6,"dup":false,"ev":"game","ms":150233,"predicted":false,"t":3,"tick":8878,"type":"hit"}
[client] {"a":9,"dup":false,"ev":"game","ms":150282,"predicted":false,"t":1,"tick":8881,"type":"hit"}
[client] {"a":3,"dup":false,"ev":"game","ms":150551,"predicted":false,"t":5,"tick":8897,"type":"block"}
[client] {"a":7,"dup":true,"ev":"game","ms":150716,"predicted":false,"t":3,"tick":8912,"type":"hit"}
[client] {"a":9,"dup":false,"ev":"game","ms":151020,"predicted":false,"t":4,"tick":8925,"type":"block"}
[client] {"a":3,"dup":false,"ev":"game","ms":151116,"predicted":false,"t":5,"tick":8931,"type":"block"}
[client] {"a":3,"dup":false,"ev":"game","ms":151166,"predicted":false,"t":7,"tick":8934,"type":"hit"}
[client] {"a":9,"dup":false,"ev":"game","ms":151303,"predicted":false,"t":4,"tick":8942,"type":"hit"}
[client] {"a":2,"dup":false,"ev":"game","ms":151316,"predicted":false,"t":9,"tick":8943,"type":"hit"}
[client] {"a":6,"dup":false,"ev":"game","ms":151316,"predicted":false,"t":0,"tick":8943,"type":"hit"}
[client] {"a":6,"dup":false,"ev":"game","ms":151351,"predicted":false,"t":3,"tick":8945,"type":"hit"}
[client] {"a":1,"dup":false,"ev":"game","ms":151421,"predicted":false,"t":6,"tick":8949,"type":"hit"}
[client] {"a":6,"dup":false,"ev":"game","ms":151421,"predicted":false,"t":-1,"tick":8949,"type":"ko"}
[client] {"a":2,"dup":false,"ev":"game","ms":151629,"predicted":false,"t":9,"tick":8962,"type":"hit"}
[client] {"a":9,"dup":false,"ev":"game","ms":151629,"predicted":false,"t":-1,"tick":8962,"type":"ko"}
[client] {"a":4,"dup":false,"ev":"game","ms":151662,"predicted":false,"t":5,"tick":8964,"type":"hit"}
[client] {"a":3,"dup":false,"ev":"game","ms":151732,"predicted":false,"t":5,"tick":8968,"type":"hit"}
[client] {"a":0,"dup":false,"ev":"game","ms":151827,"predicted":false,"t":5,"tick":8974,"type":"hit"}
[client] {"a":7,"dup":false,"ev":"game","ms":152013,"predicted":false,"t":-1,"tick":8990,"type":"ko"}
[client] {"a":4,"dup":false,"ev":"game","ms":152029,"predicted":false,"t":5,"tick":8986,"type":"hit"}
[client] {"a":3,"dup":false,"ev":"game","ms":152048,"predicted":false,"t":5,"tick":8987,"type":"hit"}
[client] {"a":3,"dup":false,"ev":"game","ms":152097,"predicted":false,"t":7,"tick":8990,"type":"hit"}
[client] {"a":0,"dup":false,"ev":"game","ms":152144,"predicted":false,"t":5,"tick":8993,"type":"hit"}
[client] {"a":3,"dup":false,"ev":"game","ms":152358,"predicted":false,"t":5,"tick":9006,"type":"hit"}
[client] {"a":4,"dup":false,"ev":"game","ms":152379,"predicted":false,"t":5,"tick":9007,"type":"hit"}
[client] {"a":4,"dup":false,"ev":"game","ms":152945,"predicted":false,"t":5,"tick":9041,"type":"hit"}
[client] {"a":5,"dup":false,"ev":"game","ms":152945,"predicted":false,"t":-1,"tick":9041,"type":"ko"}
[client] {"counts":{"blocks_on_me":1,"conf_actions":93,"confirmed_hits":449,"dup_confirmed":0,"hits_on_me":44,"pred_actions":100,"predicted_confirmed":42,"predicted_hits":108,"reconnects":0},"ev":"stats","hp":0.0,"in_bytes":2059015,"late":0,"local_entity":7,"match":{"countdown_until":300,"ctrl":0,"final":false,"next":"","phase":3,"rot":1934,"scores":[14,27],"sd":false,"state":2,"tick":8866,"zone":"C"},"max_err":1.995,"mean_err":0.0234,"ms":154966,"out_bytes":449150,"pending":7,"pos":[44.22,-0.54],"reconciles":3034,"server_tick":9166,"snaps":3039,"teleports":4}
[client] {"a":8,"dup":false,"ev":"game","ms":158168,"predicted":false,"t":-1,"tick":9354,"type":"respawn"}
[client] {"counts":{"blocks_on_me":1,"conf_actions":93,"confirmed_hits":449,"dup_confirmed":0,"hits_on_me":44,"pred_actions":100,"predicted_confirmed":42,"predicted_hits":108,"reconnects":0},"ev":"stats","hp":0.0,"in_bytes":2106955,"late":0,"local_entity":7,"match":{"countdown_until":300,"ctrl":0,"final":false,"next":"","phase":3,"rot":1634,"scores":[19,27],"sd":false,"state":2,"tick":9166,"zone":"C"},"max_err":1.995,"mean_err":0.0227,"ms":159968,"out_bytes":463850,"pending":7,"pos":[44.22,-0.54],"reconciles":3134,"server_tick":9466,"snaps":3139,"teleports":4}
[client] {"a":6,"dup":false,"ev":"game","ms":161418,"predicted":false,"t":-1,"tick":9549,"type":"respawn"}
[client] {"a":9,"dup":false,"ev":"game","ms":161632,"predicted":false,"t":-1,"tick":9562,"type":"respawn"}
[client] {"a":7,"dup":false,"ev":"game","ms":162018,"predicted":false,"t":-1,"tick":9590,"type":"respawn"}
[client] {"a":5,"dup":false,"ev":"game","ms":162950,"predicted":false,"t":-1,"tick":9641,"type":"respawn"}
[client] {"counts":{"blocks_on_me":1,"conf_actions":93,"confirmed_hits":449,"dup_confirmed":0,"hits_on_me":44,"pred_actions":100,"predicted_confirmed":42,"predicted_hits":108,"reconnects":0},"ev":"stats","hp":220.0,"in_bytes":2158849,"late":0,"local_entity":7,"match":{"countdown_until":300,"ctrl":0,"final":false,"next":"","phase":3,"rot":1334,"scores":[24,27],"sd":false,"state":2,"tick":9466,"zone":"C"},"max_err":1.995,"mean_err":0.022,"ms":164964,"out_bytes":478550,"pending":7,"pos":[-0.73,29.72],"reconciles":3233,"server_tick":9766,"snaps":3239,"teleports":5}
[client] {"a":8,"dup":false,"ev":"game","ms":168884,"predicted":false,"t":1,"tick":9997,"type":"hit"}
[client] {"a":8,"dup":false,"ev":"game","ms":169201,"predicted":false,"t":1,"tick":10016,"type":"hit"}
[client] {"a":0,"dup":false,"ev":"game","ms":169450,"predicted":false,"t":8,"tick":10031,"type":"hit"}
[client] {"counts":{"blocks_on_me":1,"conf_actions":93,"confirmed_hits":452,"dup_confirmed":0,"hits_on_me":44,"pred_actions":100,"predicted_confirmed":42,"predicted_hits":108,"reconnects":0},"ev":"stats","hp":220.0,"in_bytes":2220764,"late":0,"local_entity":7,"match":{"countdown_until":300,"ctrl":-1,"final":false,"next":"","phase":3,"rot":1034,"scores":[26,27],"sd":false,"state":3,"tick":9766,"zone":"C"},"max_err":1.995,"mean_err":0.0213,"ms":169966,"out_bytes":493250,"pending":7,"pos":[24.94,10.48],"reconciles":3333,"server_tick":10066,"snaps":3339,"teleports":5}
[client] {"a":1,"dup":false,"ev":"game","ms":171631,"predicted":false,"t":8,"tick":10162,"type":"hit"}
[client] {"a":1,"dup":false,"ev":"game","ms":171983,"predicted":false,"t":8,"tick":10183,"type":"hit"}
[client] {"a":6,"dup":false,"ev":"game","ms":172016,"predicted":false,"t":1,"tick":10185,"type":"hit"}
[client] {"a":2,"dup":false,"ev":"game","ms":172217,"predicted":false,"t":6,"tick":10197,"type":"hit"}
[client] {"a":4,"dup":false,"ev":"game","ms":172315,"predicted":false,"t":8,"tick":10203,"type":"hit"}
[client] {"a":0,"dup":false,"ev":"game","ms":172568,"predicted":false,"t":6,"tick":10218,"type":"hit"}
[client] {"a":3,"dup":false,"ev":"game","ms":172617,"predicted":false,"t":6,"tick":10221,"type":"hit"}
[client] {"a":8,"dup":false,"ev":"game","ms":172782,"predicted":false,"t":2,"tick":10231,"type":"hit"}
[client] {"a":0,"dup":false,"ev":"game","ms":172914,"predicted":false,"t":6,"tick":10239,"type":"hit"}
[client] {"a":2,"dup":false,"ev":"game","ms":173185,"predicted":false,"t":9,"tick":10255,"type":"hit"}
[client] {"a":9,"dup":false,"ev":"game","ms":173583,"predicted":false,"t":2,"tick":10279,"type":"hit"}
[client] {"a":6,"dup":false,"ev":"game","ms":173617,"predicted":false,"t":0,"tick":10281,"type":"hit"}
[client] {"a":6,"dup":false,"ev":"game","ms":173949,"predicted":false,"t":0,"tick":10301,"type":"hit"}
[client] {"a":2,"dup":false,"ev":"game","ms":174032,"predicted":false,"t":9,"tick":10306,"type":"hit"}
[client] {"a":7,"dup":true,"ev":"game","ms":174087,"predicted":false,"t":2,"tick":10314,"type":"hit"}
[client] {"a":4,"dup":false,"ev":"game","ms":174100,"predicted":false,"t":6,"tick":10310,"type":"hit"}
[client] {"a":8,"dup":false,"ev":"game","ms":174149,"predicted":false,"t":2,"tick":10313,"type":"hit"}
[client] {"a":5,"dup":false,"ev":"game","ms":174321,"predicted":false,"t":2,"tick":10323,"type":"hit"}
[client] {"counts":{"blocks_on_me":1,"conf_actions":97,"confirmed_hits":470,"dup_confirmed":0,"hits_on_me":44,"pred_actions":104,"predicted_confirmed":43,"predicted_hits":110,"reconnects":0},"ev":"stats","hp":220.0,"in_bytes":2293975,"late":0,"local_entity":7,"match":{"countdown_until":300,"ctrl":-1,"final":false,"next":"B","phase":3,"rot":734,"scores":[26,27],"sd":false,"state":3,"tick":10066,"zone":"C"},"max_err":1.995,"mean_err":0.021,"ms":174969,"out_bytes":507950,"pending":7,"pos":[39.8,2.23],"reconciles":3433,"server_tick":10366,"snaps":3439,"teleports":5}
[client] {"a":3,"dup":false,"ev":"game","ms":175336,"predicted":false,"t":9,"tick":10384,"type":"hit"}
[client] {"a":4,"dup":false,"ev":"game","ms":176371,"predicted":false,"t":6,"tick":10446,"type":"hit"}
[client] {"a":7,"dup":true,"ev":"game","ms":176405,"predicted":false,"t":2,"tick":10453,"type":"hit"}
[client] {"a":8,"dup":false,"ev":"game","ms":176633,"predicted":false,"t":2,"tick":10462,"type":"hit"}
[client] {"a":4,"dup":false,"ev":"game","ms":176701,"predicted":false,"t":6,"tick":10466,"type":"hit"}
[client] {"a":4,"dup":false,"ev":"game","ms":177033,"predicted":false,"t":6,"tick":10486,"type":"hit"}
[client] {"a":7,"dup":true,"ev":"game","ms":177137,"predicted":false,"t":3,"tick":10497,"type":"hit"}
[client] {"a":3,"dup":false,"ev":"game","ms":177206,"predicted":false,"t":8,"tick":10496,"type":"hit"}
[client] {"a":6,"dup":false,"ev":"game","ms":177716,"predicted":false,"t":4,"tick":10527,"type":"hit"}
[client] {"a":6,"dup":false,"ev":"game","ms":178047,"predicted":false,"t":4,"tick":10547,"type":"hit"}
[client] {"a":2,"dup":false,"ev":"game","ms":178061,"predicted":false,"t":7,"tick":10548,"type":"hit"}
[client] {"a":2,"dup":false,"ev":"game","ms":178117,"predicted":false,"t":5,"tick":10551,"type":"block"}
[client] {"a":6,"dup":false,"ev":"game","ms":178365,"predicted":false,"t":4,"tick":10566,"type":"hit"}
[client] {"a":2,"dup":false,"ev":"game","ms":178427,"predicted":false,"t":5,"tick":10570,"type":"block"}
[client] {"a":2,"dup":false,"ev":"game","ms":178428,"predicted":false,"t":7,"tick":10570,"type":"hit"}
[client] {"a":8,"dup":false,"ev":"game","ms":178519,"predicted":false,"t":2,"tick":10575,"type":"hit"}
[client] {"a":9,"dup":false,"ev":"game","ms":178648,"predicted":false,"t":2,"tick":10583,"type":"hit"}
[client] {"a":2,"dup":false,"ev":"game","ms":178648,"predicted":false,"t":-1,"tick":10583,"type":"ko"}
[client] {"a":9,"dup":false,"ev":"game","ms":178661,"predicted":false,"t":3,"tick":10584,"type":"hit"}
[client] {"a":4,"dup":false,"ev":"game","ms":178765,"predicted":false,"t":6,"tick":10590,"type":"hit"}
[client] {"a":0,"dup":false,"ev":"game","ms":179200,"predicted":false,"t":9,"tick":10616,"type":"hit"}
[client] {"a":5,"dup":false,"ev":"game","ms":179849,"predicted":false,"t":0,"tick":10655,"type":"hit"}
[client] {"a":1,"dup":false,"ev":"game","ms":179945,"predicted":false,"t":9,"tick":10661,"type":"hit"}
[client] {"counts":{"blocks_on_me":1,"conf_actions":106,"confirmed_hits":490,"dup_confirmed":0,"hits_on_me":46,"pred_actions":113,"predicted_confirmed":45,"predicted_hits":113,"reconnects":0},"ev":"stats","hp":184.0,"in_bytes":2371408,"late":0,"local_entity":7,"match":{"countdown_until":300,"ctrl":-1,"final":false,"next":"B","phase":3,"rot":434,"scores":[26,27],"sd":false,"state":3,"tick":10366,"zone":"C"},"max_err":1.995,"mean_err":0.0217,"ms":179964,"out_bytes":522650,"pending":7,"pos":[42.48,2.56],"reconciles":3533,"server_tick":10666,"snaps":3539,"teleports":5}
[client] {"a":5,"dup":false,"ev":"game","ms":180165,"predicted":false,"t":0,"tick":10674,"type":"hit"}
[client] {"a":5,"dup":false,"ev":"game","ms":180497,"predicted":false,"t":0,"tick":10694,"type":"hit"}
[client] {"a":4,"dup":false,"ev":"game","ms":180533,"predicted":false,"t":9,"tick":10696,"type":"hit"}
[client] {"a":6,"dup":false,"ev":"game","ms":180664,"predicted":false,"t":1,"tick":10704,"type":"hit"}
[client] {"a":3,"dup":false,"ev":"game","ms":180696,"predicted":false,"t":5,"tick":10706,"type":"hit"}
[client] {"a":7,"dup":true,"ev":"game","ms":180696,"predicted":false,"t":3,"tick":10711,"type":"hit"}
[client] {"a":8,"dup":false,"ev":"game","ms":180717,"predicted":false,"t":0,"tick":10707,"type":"hit"}
[client] {"a":4,"dup":false,"ev":"game","ms":180849,"predicted":false,"t":9,"tick":10715,"type":"hit"}
[client] {"a":8,"dup":false,"ev":"game","ms":181062,"predicted":false,"t":0,"tick":10728,"type":"hit"}
[client] {"a":4,"dup":false,"ev":"game","ms":181180,"predicted":false,"t":9,"tick":10735,"type":"hit"}
[client] {"a":3,"dup":false,"ev":"game","ms":181297,"predicted":false,"t":8,"tick":10742,"type":"hit"}
[client] {"a":1,"dup":false,"ev":"game","ms":181436,"predicted":false,"t":9,"tick":10750,"type":"hit"}
[client] {"a":5,"dup":false,"ev":"game","ms":181719,"predicted":false,"t":0,"tick":10767,"type":"hit"}
[client] {"a":9,"dup":false,"ev":"game","ms":181781,"predicted":false,"t":1,"tick":10771,"type":"hit"}
[client] {"a":6,"dup":false,"ev":"game","ms":181814,"predicted":false,"t":0,"tick":10773,"type":"hit"}
[client] {"a":8,"dup":false,"ev":"game","ms":181980,"predicted":false,"t":4,"tick":10783,"type":"hit"}
[client] {"a":7,"dup":true,"ev":"game","ms":181980,"predicted":false,"t":0,"tick":10788,"type":"hit"}
[client] {"a":5,"dup":false,"ev":"game","ms":182084,"predicted":false,"t":0,"tick":10789,"type":"hit"}
[client] {"a":9,"dup":false,"ev":"game","ms":182098,"predicted":false,"t":1,"tick":10790,"type":"hit"}
[client] {"a":9,"dup":false,"ev":"game","ms":182437,"predicted":false,"t":1,"tick":10810,"type":"hit"}
[client] {"a":5,"dup":false,"ev":"game","ms":182451,"predicted":false,"t":0,"tick":10811,"type":"hit"}
[client] {"a":0,"dup":false,"ev":"game","ms":182451,"predicted":false,"t":-1,"tick":10811,"type":"ko"}
[client] {"a":7,"dup":true,"ev":"game","ms":182533,"predicted":false,"t":3,"tick":10821,"type":"hit"}
[client] {"a":3,"dup":false,"ev":"game","ms":182946,"predicted":false,"t":7,"tick":10841,"type":"hit"}
[client] {"a":5,"dup":false,"ev":"game","ms":182967,"predicted":false,"t":3,"tick":10842,"type":"hit"}
[client] {"a":4,"dup":false,"ev":"game","ms":183063,"predicted":false,"t":8,"tick":10848,"type":"hit"}
[client] {"a":9,"dup":false,"ev":"game","ms":183133,"predicted":false,"t":1,"tick":10852,"type":"hit"}
[client] {"a":4,"dup":false,"ev":"game","ms":183464,"predicted":false,"t":8,"tick":10872,"type":"hit"}
[client] {"a":3,"dup":false,"ev":"game","ms":183518,"predicted":false,"t":7,"tick":10875,"type":"hit"}
[client] {"a":5,"dup":false,"ev":"game","ms":183650,"predicted":false,"t":3,"tick":10883,"type":"hit"}
[client] {"a":4,"dup":false,"ev":"game","ms":183836,"predicted":false,"t":8,"tick":10894,"type":"hit"}
[client] {"a":4,"dup":false,"ev":"game","ms":184567,"predicted":false,"t":8,"tick":10938,"type":"hit"}
[client] {"a":8,"dup":false,"ev":"game","ms":184568,"predicted":false,"t":-1,"tick":10938,"type":"ko"}
[client] {"a":5,"dup":false,"ev":"game","ms":184650,"predicted":false,"t":3,"tick":10943,"type":"hit"}
[client] {"counts":{"blocks_on_me":1,"conf_actions":113,"confirmed_hits":522,"dup_confirmed":0,"hits_on_me":48,"pred_actions":120,"predicted_confirmed":48,"predicted_hits":123,"reconnects":0},"ev":"stats","hp":148.0,"in_bytes":2448072,"late":0,"local_entity":7,"match":{"countdown_until":300,"ctrl":-1,"final":false,"next":"B","phase":3,"rot":134,"scores":[26,27],"sd":false,"state":3,"tick":10666,"zone":"C"},"max_err":1.995,"mean_err":0.0216,"ms":184967,"out_bytes":537350,"pending":7,"pos":[43.31,-0.92],"reconciles":3633,"server_tick":10966,"snaps":3639,"teleports":5}
[client] {"a":1,"dup":false,"ev":"game","ms":185299,"predicted":false,"t":9,"tick":10982,"type":"hit"}
[client] {"a":3,"dup":false,"ev":"game","ms":185485,"predicted":false,"t":5,"tick":10993,"type":"hit"}
[client] {"a":3,"dup":false,"ev":"game","ms":185485,"predicted":false,"t":7,"tick":10993,"type":"hit"}
[client] {"a":9,"dup":false,"ev":"game","ms":185687,"predicted":false,"t":1,"tick":11005,"type":"hit"}
[client] {"a":4,"dup":false,"ev":"game","ms":185837,"predicted":false,"t":9,"tick":11014,"type":"hit"}
[client] {"a":6,"dup":false,"ev":"game","ms":185982,"predicted":false,"t":4,"tick":11023,"type":"hit"}
[client] {"a":3,"dup":false,"ev":"game","ms":186934,"predicted":false,"t":7,"tick":11080,"type":"hit"}
[client] {"a":4,"dup":false,"ev":"game","ms":187052,"predicted":false,"t":6,"tick":11087,"type":"hit"}
[client] {"a":6,"dup":false,"ev":"game","ms":187052,"predicted":false,"t":-1,"tick":11087,"type":"ko"}
[client] {"a":7,"dup":true,"ev":"game","ms":187231,"predicted":false,"t":3,"tick":11103,"type":"hit"}
[client] {"a":-1,"dup":false,"ev":"game","ms":187245,"predicted":false,"t":-1,"tick":11099,"type":"zone_rotated"}
[client] {"a":5,"dup":false,"ev":"game","ms":187294,"predicted":false,"t":3,"tick":11102,"type":"hit"}
[client] {"a":9,"dup":false,"ev":"game","ms":187562,"predicted":false,"t":4,"tick":11118,"type":"hit"}
[client] {"a":7,"dup":true,"ev":"game","ms":187562,"predicted":false,"t":3,"tick":11122,"type":"hit"}
[client] {"a":3,"dup":false,"ev":"game","ms":187631,"predicted":false,"t":-1,"tick":11122,"type":"ko"}
[client] {"a":9,"dup":false,"ev":"game","ms":187914,"predicted":false,"t":4,"tick":11138,"type":"hit"}
[client] {"a":1,"dup":false,"ev":"game","ms":187931,"predicted":false,"t":7,"tick":11139,"type":"hit"}
[client] {"a":9,"dup":false,"ev":"game","ms":188232,"predicted":false,"t":4,"tick":11157,"type":"hit"}
[client] {"a":1,"dup":false,"ev":"game","ms":188328,"predicted":false,"t":7,"tick":11163,"type":"hit"}
[client] {"a":1,"dup":false,"ev":"game","ms":188378,"predicted":false,"t":5,"tick":11166,"type":"hit"}
[client] {"a":2,"dup":false,"ev":"game","ms":188660,"predicted":false,"t":-1,"tick":11183,"type":"respawn"}
[client] {"a":1,"dup":false,"ev":"game","ms":188729,"predicted":false,"t":7,"tick":11187,"type":"hit"}
[client] {"a":1,"dup":false,"ev":"game","ms":188777,"predicted":false,"t":5,"tick":11190,"type":"hit"}
[client] {"a":4,"dup":false,"ev":"game","ms":188895,"predicted":false,"t":9,"tick":11197,"type":"hit"}
[client] {"a":9,"dup":false,"ev":"game","ms":188895,"predicted":false,"t":-1,"tick":11197,"type":"ko"}
[client] {"a":7,"dup":true,"ev":"game","ms":189059,"predicted":false,"t":1,"tick":11212,"type":"hit"}
[client] {"a":1,"dup":false,"ev":"game","ms":189149,"predicted":false,"t":-1,"tick":11212,"type":"ko"}
[client] {"a":4,"dup":false,"ev":"game","ms":189880,"predicted":false,"t":5,"tick":11256,"type":"hit"}
[client] {"counts":{"blocks_on_me":1,"conf_actions":120,"confirmed_hits":544,"dup_confirmed":0,"hits_on_me":53,"pred_actions":128,"predicted_confirmed":51,"predicted_hits":127,"reconnects":0},"ev":"stats","hp":62.0,"in_bytes":2515484,"late":0,"local_entity":7,"match":{"countdown_until":300,"ctrl":-1,"final":false,"next":"","phase":3,"rot":3434,"scores":[26,27],"sd":false,"state":1,"tick":10966,"zone":"B"},"max_err":1.995,"mean_err":0.0221,"ms":189962,"out_bytes":552050,"pending":7,"pos":[42.92,-0.08],"reconciles":3733,"server_tick":11266,"snaps":3739,"teleports":5}
[client] {"a":4,"dup":false,"ev":"game","ms":190563,"predicted":false,"t":7,"tick":11297,"type":"hit"}
[client] {"a":4,"dup":false,"ev":"game","ms":190915,"predicted":false,"t":7,"tick":11318,"type":"hit"}
[client] {"a":4,"dup":false,"ev":"game","ms":191246,"predicted":false,"t":7,"tick":11338,"type":"hit"}
[client] {"a":5,"dup":false,"ev":"game","ms":191247,"predicted":false,"t":4,"tick":11338,"type":"hit"}
[client] {"a":5,"dup":false,"ev":"game","ms":191564,"predicted":false,"t":4,"tick":11357,"type":"hit"}
[client] {"a":7,"dup":true,"ev":"game","ms":192096,"predicted":false,"t":4,"tick":11394,"type":"hit"}
[client] {"a":0,"dup":false,"ev":"game","ms":192461,"predicted":false,"t":-1,"tick":11411,"type":"respawn"}
[client] {"a":5,"dup":false,"ev":"game","ms":192565,"predicted":false,"t":4,"tick":11417,"type":"hit"}
[client] {"a":7,"dup":false,"ev":"game","ms":193800,"predicted":false,"t":-1,"tick":11497,"type":"ko"}
[client] {"a":4,"dup":false,"ev":"game","ms":193882,"predicted":false,"t":7,"tick":11497,"type":"hit"}
[client] {"a":8,"dup":false,"ev":"game","ms":194567,"predicted":false,"t":-1,"tick":11538,"type":"respawn"}
[client] {"counts":{"blocks_on_me":1,"conf_actions":129,"confirmed_hits":552,"dup_confirmed":0,"hits_on_me":57,"pred_actions":137,"predicted_confirmed":52,"predicted_hits":130,"reconnects":0},"ev":"stats","hp":0.0,"in_bytes":2574957,"late":0,"local_entity":7,"match":{"countdown_until":300,"ctrl":0,"final":false,"next":"","phase":3,"rot":3134,"scores":[26,27],"sd":false,"state":2,"tick":11266,"zone":"B"},"max_err":1.995,"mean_err":0.0221,"ms":194968,"out_bytes":566750,"pending":7,"pos":[41.72,0.61],"reconciles":3833,"server_tick":11566,"snaps":3839,"teleports":5}
[client] {"a":6,"dup":false,"ev":"game","ms":197051,"predicted":false,"t":-1,"tick":11687,"type":"respawn"}
[client] {"a":3,"dup":false,"ev":"game","ms":197636,"predicted":false,"t":-1,"tick":11722,"type":"respawn"}
[client] {"a":9,"dup":false,"ev":"game","ms":198885,"predicted":false,"t":-1,"tick":11797,"type":"respawn"}
[client] {"a":1,"dup":false,"ev":"game","ms":199134,"predicted":false,"t":-1,"tick":11812,"type":"respawn"}
[client] {"a":5,"dup":false,"ev":"game","ms":199830,"predicted":false,"t":2,"tick":11854,"type":"hit"}
[client] {"a":5,"dup":false,"ev":"game","ms":199845,"predicted":false,"t":0,"tick":11855,"type":"hit"}
[client] {"counts":{"blocks_on_me":1,"conf_actions":129,"confirmed_hits":554,"dup_confirmed":0,"hits_on_me":57,"pred_actions":137,"predicted_confirmed":52,"predicted_hits":130,"reconnects":0},"ev":"stats","hp":0.0,"in_bytes":2633999,"late":0,"local_entity":7,"match":{"countdown_until":300,"ctrl":-1,"final":false,"next":"","phase":3,"rot":2834,"scores":[29,27],"sd":false,"state":3,"tick":11566,"zone":"B"},"max_err":1.995,"mean_err":0.0216,"ms":199960,"out_bytes":581450,"pending":7,"pos":[41.72,0.61],"reconciles":3933,"server_tick":11866,"snaps":3939,"teleports":5}
[client] {"a":5,"dup":false,"ev":"game","ms":200175,"predicted":false,"t":0,"tick":11874,"type":"hit"}
[client] {"a":5,"dup":false,"ev":"game","ms":200175,"predicted":false,"t":2,"tick":11874,"type":"hit"}
[client] {"a":5,"dup":false,"ev":"game","ms":200514,"predicted":false,"t":2,"tick":11894,"type":"hit"}
[client] {"a":5,"dup":false,"ev":"game","ms":200527,"predicted":false,"t":0,"tick":11895,"type":"hit"}
[client] {"a":5,"dup":false,"ev":"game","ms":201005,"predicted":false,"t":2,"tick":11924,"type":"hit"}
[client] {"a":0,"dup":false,"ev":"game","ms":201240,"predicted":false,"t":5,"tick":11938,"type":"hit"}
[client] {"a":0,"dup":false,"ev":"game","ms":201745,"predicted":false,"t":5,"tick":11968,"type":"hit"}
[client] {"a":5,"dup":false,"ev":"game","ms":202240,"predicted":false,"t":4,"tick":11998,"type":"block"}
[client] {"a":0,"dup":false,"ev":"game","ms":202405,"predicted":false,"t":5,"tick":12008,"type":"hit"}
[client] {"a":8,"dup":false,"ev":"game","ms":202889,"predicted":false,"t":2,"tick":12037,"type":"hit"}
[client] {"a":5,"dup":false,"ev":"game","ms":203392,"predicted":false,"t":4,"tick":12067,"type":"block"}
[client] {"a":5,"dup":false,"ev":"game","ms":203689,"predicted":false,"t":4,"tick":12085,"type":"block"}
[client] {"a":7,"dup":false,"ev":"game","ms":203806,"predicted":false,"t":-1,"tick":12097,"type":"respawn"}
[client] {"a":2,"dup":false,"ev":"game","ms":203910,"predicted":false,"t":8,"tick":12098,"type":"hit"}
[client] {"a":5,"dup":false,"ev":"game","ms":204310,"predicted":false,"t":4,"tick":12122,"type":"hit"}
[client] {"a":2,"dup":false,"ev":"game","ms":204545,"predicted":false,"t":8,"tick":12136,"type":"hit"}
[client] {"a":2,"dup":false,"ev":"game","ms":204579,"predicted":false,"t":6,"tick":12138,"type":"hit"}
[client] {"a":5,"dup":false,"ev":"game","ms":204641,"predicted":false,"t":4,"tick":12142,"type":"hit"}
[client] {"counts":{"blocks_on_me":1,"conf_actions":129,"confirmed_hits":568,"dup_confirmed":0,"hits_on_me":57,"pred_actions":137,"predicted_confirmed":52,"predicted_hits":130,"reconnects":0},"ev":"stats","hp":220.0,"in_bytes":2705753,"late":0,"local_entity":7,"match":{"countdown_until":300,"ctrl":-1,"final":false,"next":"","phase":3,"rot":2534,"scores":[29,27],"sd":false,"state":3,"tick":11866,"zone":"B"},"max_err":1.995,"mean_err":0.021,"ms":204958,"out_bytes":596150,"pending":7,"pos":[-4.8,40.8],"reconciles":4032,"server_tick":12166,"snaps":4039,"teleports":6}
[client] {"a":0,"dup":false,"ev":"game","ms":204959,"predicted":false,"t":5,"tick":12161,"type":"hit"}
[client] {"a":3,"dup":false,"ev":"game","ms":204959,"predicted":false,"t":8,"tick":12161,"type":"hit"}
[client] {"a":4,"dup":false,"ev":"game","ms":205007,"predicted":false,"t":5,"tick":12164,"type":"hit"}
[client] {"a":5,"dup":false,"ev":"game","ms":205463,"predicted":false,"t":4,"tick":12191,"type":"hit"}
[client] {"a":6,"dup":false,"ev":"game","ms":205463,"predicted":false,"t":2,"tick":12191,"type":"hit"}
[client] {"a":8,"dup":false,"ev":"game","ms":205559,"predicted":false,"t":0,"tick":12197,"type":"hit"}
[client] {"a":4,"dup":false,"ev":"game","ms":205828,"predicted":false,"t":8,"tick":12213,"type":"hit"}
[client] {"a":5,"dup":false,"ev":"game","ms":206028,"predicted":false,"t":0,"tick":12225,"type":"hit"}
[client] {"a":6,"dup":false,"ev":"game","ms":206090,"predicted":false,"t":2,"tick":12229,"type":"hit"}
[client] {"a":4,"dup":false,"ev":"game","ms":206546,"predicted":false,"t":5,"tick":12256,"type":"hit"}
[client] {"a":2,"dup":false,"ev":"game","ms":206677,"predicted":false,"t":6,"tick":12264,"type":"hit"}
[client] {"a":4,"dup":false,"ev":"game","ms":206877,"predicted":false,"t":5,"tick":12276,"type":"hit"}
[client] {"a":1,"dup":false,"ev":"game","ms":206960,"predicted":false,"t":8,"tick":12281,"type":"hit"}
[client] {"a":9,"dup":false,"ev":"game","ms":207160,"predicted":false,"t":2,"tick":12293,"type":"hit"}
[client] {"a":5,"dup":false,"ev":"game","ms":207243,"predicted":false,"t":4,"tick":12298,"type":"hit"}
[client] {"a":8,"dup":false,"ev":"game","ms":207781,"predicted":false,"t":4,"tick":12330,"type":"hit"}
[client] {"a":4,"dup":false,"ev":"game","ms":207781,"predicted":false,"t":-1,"tick":12330,"type":"ko"}
[client] {"a":3,"dup":false,"ev":"game","ms":207863,"predicted":false,"t":8,"tick":12335,"type":"hit"}
[client] {"a":2,"dup":false,"ev":"game","ms":207891,"predicted":false,"t":9,"tick":12337,"type":"hit"}
[client] {"a":6,"dup":false,"ev":"game","ms":207925,"predicted":false,"t":2,"tick":12339,"type":"hit"}
[client] {"a":0,"dup":false,"ev":"game","ms":208112,"predicted":false,"t":5,"tick":12350,"type":"hit"}
[client] {"a":5,"dup":false,"ev":"game","ms":208112,"predicted":false,"t":-1,"tick":12350,"type":"ko"}
[client] {"a":3,"dup":false,"ev":"game","ms":208147,"predicted":false,"t":8,"tick":12352,"type":"hit"}
[client] {"a":1,"dup":false,"ev":"game","ms":208395,"predicted":false,"t":8,"tick":12367,"type":"hit"}
[client] {"a":0,"dup":false,"ev":"game","ms":208692,"predicted":false,"t":8,"tick":12385,"type":"hit"}
[client] {"a":8,"dup":false,"ev":"game","ms":208692,"predicted":false,"t":-1,"tick":12385,"type":"ko"}
[client] {"a":6,"dup":false,"ev":"game","ms":209160,"predicted":false,"t":3,"tick":12413,"type":"hit"}
[client] {"a":6,"dup":false,"ev":"game","ms":209464,"predicted":false,"t":3,"tick":12432,"type":"hit"}
[client] {"counts":{"blocks_on_me":1,"conf_actions":129,"confirmed_hits":593,"dup_confirmed":0,"hits_on_me":57,"pred_actions":137,"predicted_confirmed":52,"predicted_hits":130,"reconnects":0},"ev":"stats","hp":220.0,"in_bytes":2775473,"late":0,"local_entity":7,"match":{"countdown_until":300,"ctrl":-1,"final":false,"next":"","phase":3,"rot":2234,"scores":[29,27],"sd":false,"state":3,"tick":12166,"zone":"B"},"max_err":1.995,"mean_err":0.0205,"ms":209960,"out_bytes":610850,"pending":7,"pos":[-2.63,6.26],"reconciles":4132,"server_tick":12466,"snaps":4139,"teleports":6}
[client] {"a":9,"dup":false,"ev":"game","ms":210030,"predicted":false,"t":3,"tick":12466,"type":"hit"}
[client] {"a":0,"dup":false,"ev":"game","ms":210127,"predicted":false,"t":6,"tick":12472,"type":"hit"}
[client] {"a":2,"dup":false,"ev":"game","ms":210382,"predicted":false,"t":6,"tick":12487,"type":"hit"}
[client] {"a":2,"dup":false,"ev":"game","ms":210382,"predicted":false,"t":9,"tick":12487,"type":"hit"}
[client] {"a":0,"dup":false,"ev":"game","ms":210844,"predicted":false,"t":9,"tick":12515,"type":"hit"}
[client] {"a":1,"dup":false,"ev":"game","ms":210844,"predicted":false,"t":9,"tick":12515,"type":"hit"}
[client] {"a":0,"dup":false,"ev":"game","ms":211762,"predicted":false,"t":9,"tick":12570,"type":"hit"}
[client] {"a":3,"dup":false,"ev":"game","ms":211796,"predicted":false,"t":9,"tick":12572,"type":"hit"}
[client] {"a":1,"dup":false,"ev":"game","ms":211810,"predicted":false,"t":9,"tick":12573,"type":"hit"}
[client] {"a":0,"dup":false,"ev":"game","ms":212749,"predicted":false,"t":9,"tick":12629,"type":"hit"}
[client] {"a":2,"dup":false,"ev":"game","ms":212866,"predicted":false,"t":7,"tick":12636,"type":"hit"}
[client] {"a":1,"dup":false,"ev":"game","ms":213163,"predicted":false,"t":7,"tick":12654,"type":"hit"}
[client] {"a":2,"dup":false,"ev":"game","ms":213185,"predicted":false,"t":7,"tick":12655,"type":"hit"}
[client] {"a":7,"dup":true,"ev":"game","ms":213466,"predicted":false,"t":2,"tick":12677,"type":"hit"}
[client] {"a":2,"dup":false,"ev":"game","ms":213549,"predicted":false,"t":-1,"tick":12677,"type":"ko"}
[client] {"a":9,"dup":false,"ev":"game","ms":213763,"predicted":false,"t":0,"tick":12690,"type":"hit"}
[client] {"a":1,"dup":false,"ev":"game","ms":213797,"predicted":false,"t":7,"tick":12692,"type":"hit"}
[client] {"a":7,"dup":true,"ev":"game","ms":214129,"predicted":false,"t":3,"tick":12717,"type":"hit"}
[client] {"a":0,"dup":false,"ev":"game","ms":214212,"predicted":false,"t":9,"tick":12717,"type":"hit"}
[client] {"a":1,"dup":false,"ev":"game","ms":214232,"predicted":false,"t":7,"tick":12718,"type":"hit"}
[client] {"a":6,"dup":false,"ev":"game","ms":214467,"predicted":false,"t":1,"tick":12732,"type":"hit"}
[client] {"a":0,"dup":false,"ev":"game","ms":214529,"predicted":false,"t":9,"tick":12736,"type":"hit"}
[client] {"a":7,"dup":true,"ev":"game","ms":214667,"predicted":false,"t":1,"tick":12749,"type":"hit"}
[client] {"a":3,"dup":false,"ev":"game","ms":214702,"predicted":false,"t":9,"tick":12746,"type":"hit"}
[client] {"a":7,"dup":true,"ev":"game","ms":214729,"predicted":false,"t":3,"tick":12753,"type":"hit"}
[client] {"a":0,"dup":false,"ev":"game","ms":214846,"predicted":false,"t":9,"tick":12755,"type":"hit"}
[client] {"a":9,"dup":false,"ev":"game","ms":214846,"predicted":false,"t":-1,"tick":12755,"type":"ko"}
[client] {"counts":{"blocks_on_me":1,"conf_actions":136,"confirmed_hits":618,"dup_confirmed":0,"hits_on_me":62,"pred_actions":145,"predicted_confirmed":56,"predicted_hits":136,"reconnects":0},"ev":"stats","hp":110.0,"in_bytes":2847712,"late":0,"local_entity":7,"match":{"countdown_until":300,"ctrl":-1,"final":false,"next":"","phase":3,"rot":1934,"scores":[29,27],"sd":false,"state":3,"tick":12466,"zone":"B"},"max_err":1.995,"mean_err":0.0211,"ms":214963,"out_bytes":625550,"pending":7,"pos":[-2.06,-2.88],"reconciles":4232,"server_tick":12766,"snaps":4239,"teleports":6}
[client] {"a":6,"dup":false,"ev":"game","ms":215613,"predicted":false,"t":3,"tick":12801,"type":"hit"}
[client] {"a":6,"dup":false,"ev":"game","ms":215633,"predicted":false,"t":0,"tick":12802,"type":"hit"}
[client] {"a":6,"dup":false,"ev":"game","ms":216033,"predicted":false,"t":0,"tick":12826,"type":"hit"}
[client] {"a":6,"dup":false,"ev":"game","ms":216068,"predicted":false,"t":3,"tick":12828,"type":"hit"}
[client] {"a":7,"dup":true,"ev":"game","ms":216185,"predicted":false,"t":0,"tick":12840,"type":"hit"}
[client] {"a":7,"dup":true,"ev":"game","ms":216199,"predicted":false,"t":3,"tick":12841,"type":"hit"}
[client] {"a":3,"dup":false,"ev":"game","ms":217447,"predicted":false,"t":7,"tick":12911,"type":"hit"}
[client] {"a":6,"dup":false,"ev":"game","ms":217551,"predicted":false,"t":3,"tick":12917,"type":"hit"}
[client] {"a":0,"dup":false,"ev":"game","ms":217586,"predicted":false,"t":7,"tick":12919,"type":"hit"}
[client] {"a":4,"dup":false,"ev":"game","ms":217766,"predicted":false,"t":-1,"tick":12930,"type":"respawn"}
[client] {"a":1,"dup":false,"ev":"game","ms":217800,"predicted":false,"t":6,"tick":12932,"type":"hit"}
[client] {"a":3,"dup":false,"ev":"game","ms":217868,"predicted":false,"t":6,"tick":12936,"type":"hit"}
[client] {"a":7,"dup":true,"ev":"game","ms":217869,"predicted":false,"t":0,"tick":12941,"type":"hit"}
[client] {"a":0,"dup":false,"ev":"game","ms":217917,"predicted":false,"t":6,"tick":12939,"type":"hit"}
[client] {"a":5,"dup":false,"ev":"game","ms":218103,"predicted":false,"t":-1,"tick":12950,"type":"respawn"}
[client] {"a":7,"dup":true,"ev":"game","ms":218248,"predicted":false,"t":3,"tick":12964,"type":"hit"}
[client] {"a":7,"dup":false,"ev":"game","ms":218283,"predicted":false,"t":0,"tick":12966,"type":"hit"}
[client] {"a":1,"dup":false,"ev":"game","ms":218483,"predicted":false,"t":6,"tick":12973,"type":"hit"}
[client] {"a":8,"dup":false,"ev":"game","ms":218685,"predicted":false,"t":-1,"tick":12985,"type":"respawn"}
[client] {"a":3,"dup":false,"ev":"game","ms":218848,"predicted":false,"t":7,"tick":12995,"type":"hit"}
[client] {"a":7,"dup":true,"ev":"game","ms":219117,"predicted":false,"t":0,"tick":13016,"type":"hit"}
[client] {"a":6,"dup":false,"ev":"game","ms":219200,"predicted":false,"t":1,"tick":13016,"type":"hit"}
[client] {"a":0,"dup":false,"ev":"game","ms":219200,"predicted":false,"t":-1,"tick":13016,"type":"ko"}
[client] {"a":3,"dup":false,"ev":"game","ms":219504,"predicted":false,"t":7,"tick":13034,"type":"hit"}
[client] {"a":6,"dup":false,"ev":"game","ms":219800,"predicted":false,"t":3,"tick":13052,"type":"hit"}
[client] {"counts":{"blocks_on_me":1,"conf_actions":143,"confirmed_hits":639,"dup_confirmed":0,"hits_on_me":66,"pred_actions":154,"predicted_confirmed":61,"predicted_hits":146,"reconnects":0},"ev":"stats","hp":38.0,"in_bytes":2917434,"late":0,"local_entity":7,"match":{"countdown_until":300,"ctrl":-1,"final":false,"next":"","phase":3,"rot":1634,"scores":[29,27],"sd":false,"state":3,"tick":12766,"zone":"B"},"max_err":1.995,"mean_err":0.0214,"ms":219965,"out_bytes":640250,"pending":7,"pos":[-1.02,-4.2],"reconciles":4332,"server_tick":13066,"snaps":4339,"teleports":6}
[client] {"a":1,"dup":false,"ev":"game","ms":220221,"predicted":false,"t":6,"tick":13077,"type":"hit"}
[client] {"a":7,"dup":true,"ev":"game","ms":220504,"predicted":false,"t":3,"tick":13099,"type":"hit"}
[client] {"a":1,"dup":false,"ev":"game","ms":220567,"predicted":false,"t":6,"tick":13098,"type":"hit"}
[client] {"a":7,"dup":true,"ev":"game","ms":220821,"predicted":false,"t":3,"tick":13118,"type":"hit"}
[client] {"a":1,"dup":false,"ev":"game","ms":221202,"predicted":false,"t":6,"tick":13136,"type":"hit"}
[client] {"a":6,"dup":false,"ev":"game","ms":221202,"predicted":false,"t":-1,"tick":13136,"type":"ko"}
[client] {"a":3,"dup":false,"ev":"game","ms":221760,"predicted":false,"t":7,"tick":13169,"type":"hit"}
[client] {"a":1,"dup":false,"ev":"game","ms":221864,"predicted":false,"t":7,"tick":13175,"type":"hit"}
[client] {"a":7,"dup":true,"ev":"game","ms":222499,"predicted":false,"t":1,"tick":13218,"type":"hit"}
[client] {"a":7,"dup":false,"ev":"game","ms":222699,"predicted":false,"t":-1,"tick":13230,"type":"ko"}
[client] {"a":3,"dup":false,"ev":"game","ms":222781,"predicted":false,"t":7,"tick":13230,"type":"hit"}
[client] {"a":2,"dup":false,"ev":"game","ms":223561,"predicted":false,"t":-1,"tick":13277,"type":"respawn"}
[client] {"a":9,"dup":false,"ev":"game","ms":224865,"predicted":false,"t":-1,"tick":13355,"type":"respawn"}
[client] {"counts":{"blocks_on_me":1,"conf_actions":149,"confirmed_hits":648,"dup_confirmed":0,"hits_on_me":69,"pred_actions":160,"predicted_confirmed":64,"predicted_hits":150,"reconnects":0},"ev":"stats","hp":0.0,"in_bytes":2981334,"late":0,"local_entity":7,"match":{"countdown_until":300,"ctrl":-1,"final":false,"next":"","phase":3,"rot":1334,"scores":[30,27],"sd":false,"state":3,"tick":13066,"zone":"B"},"max_err":1.995,"mean_err":0.0212,"ms":224961,"out_bytes":654950,"pending":7,"pos":[-0.27,-4.1],"reconciles":4432,"server_tick":13366,"snaps":4439,"teleports":6}
[client] {"a":5,"dup":false,"ev":"game","ms":226193,"predicted":false,"t":3,"tick":13435,"type":"hit"}
[client] {"a":3,"dup":false,"ev":"game","ms":226193,"predicted":false,"t":-1,"tick":13435,"type":"ko"}
[client] {"a":4,"dup":false,"ev":"game","ms":226593,"predicted":false,"t":5,"tick":13460,"type":"hit"}
[client] {"a":4,"dup":false,"ev":"game","ms":226897,"predicted":false,"t":5,"tick":13478,"type":"hit"}
[client] {"a":8,"dup":false,"ev":"game","ms":227077,"predicted":false,"t":4,"tick":13489,"type":"hit"}
[client] {"a":4,"dup":false,"ev":"game","ms":227525,"predicted":false,"t":5,"tick":13516,"type":"hit"}
[client] {"a":8,"dup":false,"ev":"game","ms":227677,"predicted":false,"t":4,"tick":13525,"type":"hit"}
[client] {"a":5,"dup":false,"ev":"game","ms":227897,"predicted":false,"t":4,"tick":13538,"type":"hit"}
[client] {"a":5,"dup":false,"ev":"game","ms":228229,"predicted":false,"t":4,"tick":13558,"type":"hit"}
[client] {"a":5,"dup":false,"ev":"game","ms":228581,"predicted":false,"t":4,"tick":13579,"type":"hit"}
[client] {"a":0,"dup":false,"ev":"game","ms":229195,"predicted":false,"t":-1,"tick":13616,"type":"respawn"}
[client] {"a":1,"dup":false,"ev":"game","ms":229430,"predicted":false,"t":8,"tick":13630,"type":"hit"}
[client] {"a":1,"dup":false,"ev":"game","ms":229478,"predicted":false,"t":5,"tick":13633,"type":"hit"}
[client] {"a":5,"dup":false,"ev":"game","ms":229864,"predicted":false,"t":4,"tick":13656,"type":"hit"}
[client] {"counts":{"blocks_on_me":1,"conf_actions":149,"confirmed_hits":660,"dup_confirmed":0,"hits_on_me":69,"pred_actions":160,"predicted_confirmed":64,"predicted_hits":150,"reconnects":0},"ev":"stats","hp":0.0,"in_bytes":3044162,"late":0,"local_entity":7,"match":{"countdown_until":300,"ctrl":-1,"final":false,"next":"","phase":3,"rot":1034,"scores":[30,27],"sd":false,"state":3,"tick":13366,"zone":"B"},"max_err":1.995,"mean_err":0.0207,"ms":229960,"out_bytes":669650,"pending":7,"pos":[-0.27,-4.1],"reconciles":4531,"server_tick":13666,"snaps":4538,"teleports":6}
[client] {"a":8,"dup":false,"ev":"game","ms":230016,"predicted":false,"t":4,"tick":13665,"type":"hit"}
[client] {"a":8,"dup":false,"ev":"game","ms":230044,"predicted":false,"t":2,"tick":13667,"type":"hit"}
[client] {"a":5,"dup":false,"ev":"game","ms":230216,"predicted":false,"t":4,"tick":13677,"type":"hit"}
[client] {"a":5,"dup":false,"ev":"game","ms":230547,"predicted":false,"t":4,"tick":13697,"type":"hit"}
[client] {"a":8,"dup":false,"ev":"game","ms":230747,"predicted":false,"t":2,"tick":13709,"type":"hit"}
[client] {"a":8,"dup":false,"ev":"game","ms":230747,"predicted":false,"t":4,"tick":13709,"type":"hit"}
[client] {"a":1,"dup":false,"ev":"game","ms":231196,"predicted":false,"t":5,"tick":13736,"type":"hit"}
[client] {"a":6,"dup":false,"ev":"game","ms":231196,"predicted":false,"t":-1,"tick":13736,"type":"respawn"}
[client] {"a":4,"dup":false,"ev":"game","ms":231562,"predicted":false,"t":5,"tick":13758,"type":"hit"}
[client] {"a":2,"dup":false,"ev":"game","ms":231582,"predicted":false,"t":5,"tick":13759,"type":"hit"}
[client] {"a":4,"dup":false,"ev":"game","ms":231900,"predicted":false,"t":5,"tick":13778,"type":"hit"}
[client] {"a":2,"dup":false,"ev":"game","ms":231948,"predicted":false,"t":5,"tick":13781,"type":"hit"}
[client] {"a":1,"dup":false,"ev":"game","ms":232158,"predicted":false,"t":8,"tick":13794,"type":"hit"}
[client] {"a":2,"dup":false,"ev":"game","ms":232179,"predicted":false,"t":5,"tick":13795,"type":"hit"}
[client] {"a":4,"dup":false,"ev":"game","ms":232310,"predicted":false,"t":5,"tick":13803,"type":"hit"}
[client] {"a":1,"dup":false,"ev":"game","ms":232414,"predicted":false,"t":8,"tick":13809,"type":"hit"}
[client] {"a":7,"dup":false,"ev":"game","ms":232676,"predicted":false,"t":-1,"tick":13830,"type":"respawn"}
[client] {"a":2,"dup":false,"ev":"game","ms":232759,"predicted":false,"t":5,"tick":13830,"type":"hit"}
[client] {"a":4,"dup":false,"ev":"game","ms":232993,"predicted":false,"t":5,"tick":13844,"type":"hit"}
[client] {"a":9,"dup":false,"ev":"game","ms":233014,"predicted":false,"t":1,"tick":13845,"type":"hit"}
[client] {"a":4,"dup":false,"ev":"game","ms":233096,"predicted":false,"t":8,"tick":13850,"type":"hit"}
[client] {"a":1,"dup":false,"ev":"game","ms":233380,"predicted":false,"t":5,"tick":13867,"type":"hit"}
[client] {"a":5,"dup":false,"ev":"game","ms":233380,"predicted":false,"t":-1,"tick":13867,"type":"ko"}
[client] {"a":8,"dup":false,"ev":"game","ms":234263,"predicted":false,"t":1,"tick":13920,"type":"hit"}
[client] {"a":4,"dup":false,"ev":"game","ms":234394,"predicted":false,"t":8,"tick":13928,"type":"hit"}
[client] {"a":2,"dup":false,"ev":"game","ms":234511,"predicted":false,"t":8,"tick":13935,"type":"hit"}
[client] {"a":4,"dup":false,"ev":"game","ms":234759,"predicted":false,"t":8,"tick":13950,"type":"hit"}
[client] {"a":2,"dup":false,"ev":"game","ms":234863,"predicted":false,"t":8,"tick":13956,"type":"hit"}
[client] {"counts":{"blocks_on_me":1,"conf_actions":150,"confirmed_hits":685,"dup_confirmed":0,"hits_on_me":69,"pred_actions":160,"predicted_confirmed":64,"predicted_hits":150,"reconnects":0},"ev":"stats","hp":220.0,"in_bytes":3113223,"late":0,"local_entity":7,"match":{"countdown_until":300,"ctrl":-1,"final":false,"next":"A","phase":3,"rot":734,"scores":[30,27],"sd":false,"state":3,"tick":13666,"zone":"B"},"max_err":1.995,"mean_err":0.0203,"ms":234959,"out_bytes":684350,"pending":7,"pos":[2.84,35.31],"reconciles":4630,"server_tick":13966,"snaps":4638,"teleports":7}
[client] {"a":9,"dup":false,"ev":"game","ms":235532,"predicted":false,"t":1,"tick":13996,"type":"hit"}
[client] {"a":8,"dup":false,"ev":"game","ms":235760,"predicted":false,"t":4,"tick":14010,"type":"hit"}
[client] {"a":1,"dup":false,"ev":"game","ms":235912,"predicted":false,"t":9,"tick":14019,"type":"hit"}
[client] {"a":8,"dup":false,"ev":"game","ms":236077,"predicted":false,"t":4,"tick":14029,"type":"hit"}
[client] {"a":3,"dup":false,"ev":"game","ms":236181,"predicted":false,"t":-1,"tick":14035,"type":"respawn"}
[client] {"a":9,"dup":false,"ev":"game","ms":236250,"predicted":false,"t":1,"tick":14039,"type":"hit"}
[client] {"a":8,"dup":false,"ev":"game","ms":236498,"predicted":false,"t":4,"tick":14054,"type":"hit"}
[client] {"a":0,"dup":false,"ev":"game","ms":236546,"predicted":false,"t":9,"tick":14057,"type":"hit"}
[client] {"a":2,"dup":false,"ev":"game","ms":236629,"predicted":false,"t":8,"tick":14062,"type":"hit"}
[client] {"a":8,"dup":false,"ev":"game","ms":237030,"predicted":false,"t":4,"tick":14086,"type":"hit"}
[client] {"a":1,"dup":false,"ev":"game","ms":237299,"predicted":false,"t":8,"tick":14102,"type":"hit"}
[client] {"a":1,"dup":false,"ev":"game","ms":237652,"predicted":false,"t":8,"tick":14123,"type":"hit"}
[client] {"a":0,"dup":false,"ev":"game","ms":237864,"predicted":false,"t":9,"tick":14136,"type":"hit"}
[client] {"a":1,"dup":false,"ev":"game","ms":237982,"predicted":false,"t":8,"tick":14143,"type":"hit"}
[client] {"a":8,"dup":false,"ev":"game","ms":237982,"predicted":false,"t":-1,"tick":14143,"type":"ko"}
[client] {"a":0,"dup":false,"ev":"game","ms":238452,"predicted":false,"t":6,"tick":14171,"type":"hit"}
[client] {"a":9,"dup":false,"ev":"game","ms":238762,"predicted":false,"t":0,"tick":14190,"type":"hit"}
[client] {"a":6,"dup":false,"ev":"game","ms":238817,"predicted":false,"t":0,"tick":14193,"type":"hit"}
[client] {"a":0,"dup":false,"ev":"game","ms":239196,"predicted":false,"t":6,"tick":14216,"type":"hit"}
[client] {"a":9,"dup":false,"ev":"game","ms":239451,"predicted":false,"t":0,"tick":14231,"type":"hit"}
[client] {"counts":{"blocks_on_me":1,"conf_actions":150,"confirmed_hits":703,"dup_confirmed":0,"hits_on_me":69,"pred_actions":160,"predicted_confirmed":64,"predicted_hits":150,"reconnects":0},"ev":"stats","hp":220.0,"in_bytes":3179176,"late":0,"local_entity":7,"match":{"countdown_until":300,"ctrl":-1,"final":false,"next":"A","phase":3,"rot":434,"scores":[30,27],"sd":false,"state":3,"tick":13966,"zone":"B"},"max_err":1.995,"mean_err":0.0198,"ms":239961,"out_bytes":699050,"pending":7,"pos":[-2.69,0.77],"reconciles":4730,"server_tick":14266,"snaps":4738,"teleports":7}
[client] {"a":6,"dup":false,"ev":"game","ms":239997,"predicted":false,"t":0,"tick":14264,"type":"hit"}
[client] {"a":9,"dup":false,"ev":"game","ms":240232,"predicted":false,"t":0,"tick":14278,"type":"hit"}
[client] {"a":7,"dup":true,"ev":"game","ms":240936,"predicted":false,"t":1,"tick":14325,"type":"hit"}
[client] {"a":9,"dup":false,"ev":"game","ms":241080,"predicted":false,"t":1,"tick":14329,"type":"hit"}
[client] {"a":1,"dup":false,"ev":"game","ms":241080,"predicted":false,"t":-1,"tick":14329,"type":"ko"}
[client] {"a":4,"dup":false,"ev":"game","ms":241114,"predicted":false,"t":7,"tick":14331,"type":"hit"}
[client] {"a":4,"dup":false,"ev":"game","ms":241736,"predicted":false,"t":9,"tick":14368,"type":"hit"}
[client] {"a":4,"dup":false,"ev":"game","ms":242081,"predicted":false,"t":9,"tick":14389,"type":"hit"}
[client] {"a":4,"dup":false,"ev":"game","ms":242453,"predicted":false,"t":9,"tick":14411,"type":"hit"}
[client] {"a":2,"dup":false,"ev":"game","ms":242798,"predicted":false,"t":7,"tick":14432,"type":"hit"}
[client] {"a":0,"dup":false,"ev":"game","ms":243053,"predicted":false,"t":6,"tick":14447,"type":"hit"}
[client] {"a":0,"dup":false,"ev":"game","ms":243115,"predicted":false,"t":7,"tick":14451,"type":"hit"}
[client] {"a":2,"dup":false,"ev":"game","ms":243170,"predicted":false,"t":7,"tick":14454,"type":"hit"}
[client] {"a":4,"dup":false,"ev":"game","ms":243233,"predicted":false,"t":7,"tick":14458,"type":"hit"}
[client] {"a":5,"dup":false,"ev":"game","ms":243386,"predicted":false,"t":-1,"tick":14467,"type":"respawn"}
[client] {"a":9,"dup":false,"ev":"game","ms":243453,"predicted":false,"t":4,"tick":14471,"type":"hit"}
[client] {"a":4,"dup":false,"ev":"game","ms":243454,"predicted":false,"t":-1,"tick":14471,"type":"ko"}
[client] {"a":3,"dup":false,"ev":"game","ms":243916,"predicted":false,"t":6,"tick":14499,"type":"hit"}
[client] {"a":3,"dup":false,"ev":"game","ms":244623,"predicted":false,"t":6,"tick":14541,"type":"hit"}
[client] {"counts":{"blocks_on_me":1,"conf_actions":156,"confirmed_hits":719,"dup_confirmed":0,"hits_on_me":74,"pred_actions":168,"predicted_confirmed":65,"predicted_hits":156,"reconnects":0},"ev":"stats","hp":120.0,"in_bytes":3251844,"late":0,"local_entity":7,"match":{"countdown_until":300,"ctrl":-1,"final":false,"next":"A","phase":3,"rot":134,"scores":[30,27],"sd":false,"state":3,"tick":14266,"zone":"B"},"max_err":1.995,"mean_err":0.0202,"ms":244971,"out_bytes":713750,"pending":7,"pos":[-2.38,-2.16],"reconciles":4830,"server_tick":14566,"snaps":4838,"teleports":7}
[client] {"a":0,"dup":false,"ev":"game","ms":244985,"predicted":false,"t":9,"tick":14563,"type":"hit"}
[client] {"a":7,"dup":true,"ev":"game","ms":245185,"predicted":false,"t":0,"tick":14580,"type":"hit"}
[client] {"a":9,"dup":false,"ev":"game","ms":245303,"predicted":false,"t":0,"tick":14582,"type":"hit"}
[client] {"a":9,"dup":false,"ev":"game","ms":245620,"predicted":false,"t":0,"tick":14601,"type":"hit"}
[client] {"a":9,"dup":false,"ev":"game","ms":245979,"predicted":false,"t":0,"tick":14623,"type":"hit"}
[client] {"a":2,"dup":false,"ev":"game","ms":246213,"predicted":false,"t":9,"tick":14637,"type":"hit"}
[client] {"a":2,"dup":false,"ev":"game","ms":246227,"predicted":false,"t":7,"tick":14638,"type":"hit"}
[client] {"a":3,"dup":false,"ev":"game","ms":246331,"predicted":false,"t":6,"tick":14644,"type":"hit"}
[client] {"a":9,"dup":false,"ev":"game","ms":246779,"predicted":false,"t":3,"tick":14670,"type":"hit"}
[client] {"a":7,"dup":true,"ev":"game","ms":246966,"predicted":false,"t":3,"tick":14687,"type":"hit"}
[client] {"a":-1,"dup":false,"ev":"game","ms":247262,"predicted":false,"t":-1,"tick":14699,"type":"zone_rotated"}
[client] {"a":3,"dup":false,"ev":"game","ms":247380,"predicted":false,"t":7,"tick":14706,"type":"hit"}
[client] {"a":3,"dup":false,"ev":"game","ms":247414,"predicted":false,"t":9,"tick":14708,"type":"hit"}
[client] {"a":0,"dup":false,"ev":"game","ms":247711,"predicted":false,"t":9,"tick":14726,"type":"hit"}
[client] {"a":6,"dup":false,"ev":"game","ms":247780,"predicted":false,"t":3,"tick":14730,"type":"hit"}
[client] {"a":8,"dup":false,"ev":"game","ms":247994,"predicted":false,"t":-1,"tick":14743,"type":"respawn"}
[client] {"a":0,"dup":false,"ev":"game","ms":248049,"predicted":false,"t":9,"tick":14746,"type":"hit"}
[client] {"a":3,"dup":false,"ev":"game","ms":248097,"predicted":false,"t":7,"tick":14749,"type":"hit"}
[client] {"a":3,"dup":false,"ev":"game","ms":248097,"predicted":false,"t":9,"tick":14749,"type":"hit"}
[client] {"a":9,"dup":false,"ev":"game","ms":248097,"predicted":false,"t":-1,"tick":14749,"type":"ko"}
[client] {"a":6,"dup":false,"ev":"game","ms":248111,"predicted":false,"t":3,"tick":14750,"type":"hit"}
[client] {"a":2,"dup":false,"ev":"game","ms":248276,"predicted":false,"t":7,"tick":14760,"type":"hit"}
[client] {"a":7,"dup":false,"ev":"game","ms":248994,"predicted":false,"t":-1,"tick":14808,"type":"ko"}
[client] {"a":3,"dup":false,"ev":"game","ms":249077,"predicted":false,"t":7,"tick":14808,"type":"hit"}
[client] {"a":6,"dup":false,"ev":"game","ms":249381,"predicted":false,"t":3,"tick":14826,"type":"hit"}
[client] {"a":6,"dup":false,"ev":"game","ms":249629,"predicted":false,"t":3,"tick":14841,"type":"hit"}
[client] {"a":6,"dup":false,"ev":"game","ms":249684,"predicted":false,"t":2,"tick":14844,"type":"hit"}
[client] {"counts":{"blocks_on_me":1,"conf_actions":163,"confirmed_hits":742,"dup_confirmed":0,"hits_on_me":79,"pred_actions":175,"predicted_confirmed":67,"predicted_hits":164,"reconnects":0},"ev":"stats","hp":0.0,"in_bytes":3319806,"late":0,"local_entity":7,"match":{"countdown_until":300,"ctrl":-1,"final":false,"next":"","phase":3,"rot":3434,"scores":[30,27],"sd":false,"state":1,"tick":14566,"zone":"A"},"max_err":1.995,"mean_err":0.0211,"ms":249966,"out_bytes":728450,"pending":7,"pos":[1.54,-2.35],"reconciles":4930,"server_tick":14866,"snaps":4938,"teleports":7}
[client] {"a":1,"dup":false,"ev":"game","ms":251085,"predicted":false,"t":-1,"tick":14929,"type":"respawn"}
[client] {"a":4,"dup":false,"ev":"game","ms":253452,"predicted":false,"t":-1,"tick":15071,"type":"respawn"}
[client] {"counts":{"blocks_on_me":1,"conf_actions":163,"confirmed_hits":742,"dup_confirmed":0,"hits_on_me":79,"pred_actions":175,"predicted_confirmed":67,"predicted_hits":164,"reconnects":0},"ev":"stats","hp":0.0,"in_bytes":3380150,"late":0,"local_entity":7,"match":{"countdown_until":300,"ctrl":-1,"final":false,"next":"","phase":3,"rot":3134,"scores":[30,28],"sd":false,"state":3,"tick":14866,"zone":"A"},"max_err":1.995,"mean_err":0.0207,"ms":254969,"out_bytes":743150,"pending":7,"pos":[1.54,-2.35],"reconciles":5030,"server_tick":15166,"snaps":5038,"teleports":7}
[client] {"a":0,"dup":false,"ev":"game","ms":256108,"predicted":false,"t":5,"tick":15231,"type":"hit"}
[client] {"a":0,"dup":false,"ev":"game","ms":256392,"predicted":false,"t":5,"tick":15248,"type":"hit"}
[client] {"a":2,"dup":false,"ev":"game","ms":256778,"predicted":false,"t":5,"tick":15271,"type":"hit"}
[client] {"a":2,"dup":false,"ev":"game","ms":256999,"predicted":false,"t":5,"tick":15284,"type":"hit"}
[client] {"a":0,"dup":false,"ev":"game","ms":257048,"predicted":false,"t":5,"tick":15287,"type":"hit"}
[client] {"a":0,"dup":false,"ev":"game","ms":257095,"predicted":false,"t":6,"tick":15290,"type":"hit"}
[client] {"a":8,"dup":false,"ev":"game","ms":258083,"predicted":false,"t":3,"tick":15349,"type":"hit"}
[client] {"a":9,"dup":false,"ev":"game","ms":258083,"predicted":false,"t":-1,"tick":15349,"type":"respawn"}
[client] {"a":2,"dup":false,"ev":"game","ms":258400,"predicted":false,"t":5,"tick":15368,"type":"hit"}
[client] {"a":5,"dup":false,"ev":"game","ms":258849,"predicted":false,"t":2,"tick":15394,"type":"hit"}
[client] {"a":8,"dup":false,"ev":"game","ms":258849,"predicted":false,"t":3,"tick":15394,"type":"hit"}
[client] {"a":7,"dup":false,"ev":"game","ms":259000,"predicted":false,"t":-1,"tick":15408,"type":"respawn"}
[client] {"a":2,"dup":false,"ev":"game","ms":259545,"predicted":false,"t":6,"tick":15437,"type":"hit"}
[client] {"a":5,"dup":false,"ev":"game","ms":259780,"predicted":false,"t":2,"tick":15451,"type":"hit"}
[client] {"a":8,"dup":false,"ev":"game","ms":259862,"predicted":false,"t":2,"tick":15455,"type":"hit"}
[client] {"counts":{"blocks_on_me":1,"conf_actions":163,"confirmed_hits":755,"dup_confirmed":0,"hits_on_me":79,"pred_actions":175,"predicted_confirmed":67,"predicted_hits":164,"reconnects":0},"ev":"stats","hp":220.0,"in_bytes":3445306,"late":0,"local_entity":7,"match":{"countdown_until":300,"ctrl":-1,"final":false,"next":"","phase":3,"rot":2834,"scores":[30,28],"sd":false,"state":3,"tick":15166,"zone":"A"},"max_err":1.995,"mean_err":0.0203,"ms":259965,"out_bytes":757850,"pending":7,"pos":[4.9,41.72],"reconciles":5129,"server_tick":15466,"snaps":5138,"teleports":8}
[client] {"a":8,"dup":false,"ev":"game","ms":260214,"predicted":false,"t":3,"tick":15476,"type":"hit"}
[client] {"a":6,"dup":false,"ev":"game","ms":260284,"predicted":false,"t":0,"tick":15481,"type":"hit"}
[client] {"a":3,"dup":false,"ev":"game","ms":260628,"predicted":false,"t":8,"tick":15501,"type":"hit"}
[client] {"a":6,"dup":false,"ev":"game","ms":260766,"predicted":false,"t":0,"tick":15510,"type":"hit"}
[client] {"a":2,"dup":false,"ev":"game","ms":260932,"predicted":false,"t":6,"tick":15520,"type":"hit"}
[client] {"a":1,"dup":false,"ev":"game","ms":261685,"predicted":false,"t":5,"tick":15564,"type":"block"}
[client] {"a":6,"dup":false,"ev":"game","ms":261830,"predicted":false,"t":2,"tick":15574,"type":"hit"}
[client] {"a":1,"dup":false,"ev":"game","ms":261946,"predicted":false,"t":8,"tick":15581,"type":"hit"}
[client] {"a":1,"dup":false,"ev":"game","ms":261981,"predicted":false,"t":5,"tick":15583,"type":"block"}
[client] {"a":3,"dup":false,"ev":"game","ms":262085,"predicted":false,"t":5,"tick":15589,"type":"block"}
[client] {"a":3,"dup":false,"ev":"game","ms":262133,"predicted":false,"t":8,"tick":15592,"type":"hit"}
[client] {"a":6,"dup":false,"ev":"game","ms":262630,"predicted":false,"t":2,"tick":15622,"type":"hit"}
[client] {"a":3,"dup":false,"ev":"game","ms":262850,"predicted":false,"t":5,"tick":15635,"type":"block"}
[client] {"a":6,"dup":false,"ev":"game","ms":262968,"predicted":false,"t":2,"tick":15642,"type":"hit"}
[client] {"a":8,"dup":false,"ev":"game","ms":263334,"predicted":false,"t":3,"tick":15664,"type":"hit"}
[client] {"a":2,"dup":false,"ev":"game","ms":263465,"predicted":false,"t":6,"tick":15672,"type":"hit"}
[client] {"a":6,"dup":false,"ev":"game","ms":263465,"predicted":false,"t":-1,"tick":15672,"type":"ko"}
[client] {"a":3,"dup":false,"ev":"game","ms":263651,"predicted":false,"t":5,"tick":15683,"type":"block"}
[client] {"a":8,"dup":false,"ev":"game","ms":263768,"predicted":false,"t":3,"tick":15690,"type":"hit"}
[client] {"a":1,"dup":false,"ev":"game","ms":263913,"predicted":false,"t":5,"tick":15699,"type":"hit"}
[client] {"a":1,"dup":false,"ev":"game","ms":264265,"predicted":false,"t":5,"tick":15720,"type":"hit"}
[client] {"a":3,"dup":false,"ev":"game","ms":264265,"predicted":false,"t":5,"tick":15720,"type":"hit"}
[client] {"a":2,"dup":false,"ev":"game","ms":264582,"predicted":false,"t":5,"tick":15739,"type":"hit"}
[client] {"a":1,"dup":false,"ev":"game","ms":264617,"predicted":false,"t":5,"tick":15741,"type":"hit"}
[client] {"a":0,"dup":false,"ev":"game","ms":264817,"predicted":false,"t":5,"tick":15753,"type":"hit"}
[client] {"counts":{"blocks_on_me":1,"conf_actions":163,"confirmed_hits":774,"dup_confirmed":0,"hits_on_me":79,"pred_actions":175,"predicted_confirmed":67,"predicted_hits":164,"reconnects":0},"ev":"stats","hp":220.0,"in_bytes":3518745,"late":0,"local_entity":7,"match":{"countdown_until":300,"ctrl":-1,"final":false,"next":"","phase":3,"rot":2534,"scores":[30,28],"sd":false,"state":3,"tick":15466,"zone":"A"},"max_err":1.995,"mean_err":0.0199,"ms":264968,"out_bytes":772550,"pending":7,"pos":[-13.56,16.44],"reconciles":5229,"server_tick":15766,"snaps":5238,"teleports":8}
[client] {"a":1,"dup":false,"ev":"game","ms":265369,"predicted":false,"t":5,"tick":15786,"type":"hit"}
[client] {"a":5,"dup":false,"ev":"game","ms":265369,"predicted":false,"t":-1,"tick":15786,"type":"ko"}
[client] {"a":8,"dup":false,"ev":"game","ms":266335,"predicted":false,"t":4,"tick":15844,"type":"hit"}
[client] {"a":8,"dup":false,"ev":"game","ms":266348,"predicted":false,"t":3,"tick":15845,"type":"hit"}
[client] {"a":8,"dup":false,"ev":"game","ms":266432,"predicted":false,"t":0,"tick":15850,"type":"hit"}
[client] {"a":0,"dup":false,"ev":"game","ms":266432,"predicted":false,"t":-1,"tick":15850,"type":"ko"}
[client] {"a":2,"dup":false,"ev":"game","ms":266970,"predicted":false,"t":8,"tick":15882,"type":"hit"}
[client] {"a":2,"dup":false,"ev":"game","ms":267184,"predicted":false,"t":8,"tick":15895,"type":"hit"}
[client] {"a":4,"dup":false,"ev":"game","ms":267267,"predicted":false,"t":8,"tick":15900,"type":"hit"}
[client] {"a":1,"dup":false,"ev":"game","ms":267301,"predicted":false,"t":8,"tick":15902,"type":"hit"}
[client] {"a":2,"dup":false,"ev":"game","ms":268922,"predicted":false,"t":8,"tick":15999,"type":"hit"}
[client] {"a":1,"dup":false,"ev":"game","ms":268985,"predicted":false,"t":8,"tick":16003,"type":"hit"}
[client] {"a":1,"dup":false,"ev":"game","ms":269247,"predicted":false,"t":8,"tick":16019,"type":"hit"}
[client] {"a":2,"dup":false,"ev":"game","ms":269247,"predicted":false,"t":8,"tick":16019,"type":"hit"}
[client] {"a":8,"dup":false,"ev":"game","ms":269247,"predicted":false,"t":-1,"tick":16019,"type":"ko"}
[client] {"a":7,"dup":true,"ev":"game","ms":269682,"predicted":false,"t":3,"tick":16050,"type":"hit"}
[client] {"a":9,"dup":false,"ev":"game","ms":269730,"predicted":false,"t":3,"tick":16048,"type":"parry"}
[client] {"a":4,"dup":false,"ev":"game","ms":269764,"predicted":false,"t":9,"tick":16050,"type":"hit"}
[client] {"counts":{"blocks_on_me":1,"conf_actions":165,"confirmed_hits":788,"dup_confirmed":0,"hits_on_me":79,"pred_actions":177,"predicted_confirmed":68,"predicted_hits":165,"reconnects":0},"ev":"stats","hp":220.0,"in_bytes":3583822,"late":0,"local_entity":7,"match":{"countdown_until":300,"ctrl":-1,"final":false,"next":"","phase":3,"rot":2234,"scores":[30,28],"sd":false,"state":3,"tick":15766,"zone":"A"},"max_err":1.995,"mean_err":0.0195,"ms":269963,"out_bytes":787250,"pending":7,"pos":[-40.6,1.0],"reconciles":5329,"server_tick":16066,"snaps":5338,"teleports":8}
[client] {"a":4,"dup":false,"ev":"game","ms":270061,"predicted":false,"t":9,"tick":16068,"type":"hit"}
[client] {"a":4,"dup":false,"ev":"game","ms":270116,"predicted":false,"t":7,"tick":16071,"type":"hit"}
[client] {"a":1,"dup":false,"ev":"game","ms":270178,"predicted":false,"t":9,"tick":16075,"type":"hit"}
[client] {"a":2,"dup":false,"ev":"game","ms":270261,"predicted":false,"t":7,"tick":16080,"type":"hit"}
[client] {"a":3,"dup":false,"ev":"game","ms":272013,"predicted":false,"t":7,"tick":16185,"type":"hit"}
[client] {"a":3,"dup":false,"ev":"game","ms":272062,"predicted":false,"t":9,"tick":16188,"type":"hit"}
[client] {"a":4,"dup":false,"ev":"game","ms":272062,"predicted":false,"t":7,"tick":16188,"type":"hit"}
[client] {"a":4,"dup":false,"ev":"game","ms":272097,"predicted":false,"t":9,"tick":16190,"type":"hit"}
[client] {"a":1,"dup":false,"ev":"game","ms":272117,"predicted":false,"t":7,"tick":16191,"type":"hit"}
[client] {"a":9,"dup":false,"ev":"game","ms":272745,"predicted":false,"t":4,"tick":16229,"type":"hit"}
[client] {"a":7,"dup":true,"ev":"game","ms":272765,"predicted":false,"t":4,"tick":16235,"type":"hit"}
[client] {"a":1,"dup":false,"ev":"game","ms":272814,"predicted":false,"t":9,"tick":16233,"type":"hit"}
[client] {"a":7,"dup":true,"ev":"game","ms":273097,"predicted":false,"t":4,"tick":16255,"type":"hit"}
[client] {"a":3,"dup":false,"ev":"game","ms":273297,"predicted":false,"t":7,"tick":16262,"type":"hit"}
[client] {"a":6,"dup":false,"ev":"game","ms":273462,"predicted":false,"t":-1,"tick":16272,"type":"respawn"}
[client] {"a":9,"dup":false,"ev":"game","ms":273849,"predicted":false,"t":3,"tick":16295,"type":"hit"}
[client] {"a":3,"dup":false,"ev":"game","ms":273849,"predicted":false,"t":-1,"tick":16295,"type":"ko"}
[client] {"counts":{"blocks_on_me":1,"conf_actions":172,"confirmed_hits":803,"dup_confirmed":0,"hits_on_me":85,"pred_actions":184,"predicted_confirmed":70,"predicted_hits":169,"reconnects":0},"ev":"stats","hp":56.0,"in_bytes":3653691,"late":0,"local_entity":7,"match":{"countdown_until":300,"ctrl":-1,"final":false,"next":"","phase":3,"rot":1934,"scores":[30,28],"sd":false,"state":3,"tick":16066,"zone":"A"},"max_err":1.995,"mean_err":0.0203,"ms":274966,"out_bytes":801950,"pending":7,"pos":[-40.21,-0.52],"reconciles":5429,"server_tick":16366,"snaps":5438,"teleports":8}
[client] {"a":7,"dup":true,"ev":"game","ms":275001,"predicted":false,"t":4,"tick":16368,"type":"hit"}
[client] {"a":5,"dup":false,"ev":"game","ms":275367,"predicted":false,"t":-1,"tick":16386,"type":"respawn"}
[client] {"a":4,"dup":false,"ev":"game","ms":275463,"predicted":false,"t":7,"tick":16392,"type":"hit"}
[client] {"a":1,"dup":false,"ev":"game","ms":275568,"predicted":false,"t":9,"tick":16398,"type":"hit"}
[client] {"a":4,"dup":false,"ev":"game","ms":275830,"predicted":false,"t":7,"tick":16413,"type":"hit"}
[client] {"a":7,"dup":true,"ev":"game","ms":276113,"predicted":false,"t":4,"tick":16435,"type":"hit"}
[client] {"a":7,"dup":false,"ev":"game","ms":276396,"predicted":false,"t":4,"tick":16453,"type":"block"}
[client] {"a":0,"dup":false,"ev":"game","ms":276444,"predicted":false,"t":-1,"tick":16450,"type":"respawn"}
[client] {"a":7,"dup":false,"ev":"game","ms":276678,"predicted":false,"t":-1,"tick":16469,"type":"ko"}
[client] {"a":9,"dup":false,"ev":"game","ms":276692,"predicted":false,"t":4,"tick":16465,"type":"block"}
[client] {"a":2,"dup":false,"ev":"game","ms":276761,"predicted":false,"t":7,"tick":16469,"type":"hit"}
[client] {"a":2,"dup":false,"ev":"game","ms":276796,"predicted":false,"t":9,"tick":16471,"type":"hit"}
[client] {"a":1,"dup":false,"ev":"game","ms":278259,"predicted":false,"t":9,"tick":16559,"type":"hit"}
[client] {"a":9,"dup":false,"ev":"game","ms":278259,"predicted":false,"t":-1,"tick":16559,"type":"ko"}
[client] {"a":8,"dup":false,"ev":"game","ms":279259,"predicted":false,"t":-1,"tick":16619,"type":"respawn"}
[client] {"counts":{"blocks_on_me":1,"conf_actions":175,"confirmed_hits":811,"dup_confirmed":0,"hits_on_me":88,"pred_actions":188,"predicted_confirmed":72,"predicted_hits":175,"reconnects":0},"ev":"stats","hp":0.0,"in_bytes":3716622,"late":0,"local_entity":7,"match":{"countdown_until":300,"ctrl":0,"final":false,"next":"","phase":3,"rot":1634,"scores":[31,28],"sd":false,"state":2,"tick":16366,"zone":"A"},"max_err":1.995,"mean_err":0.0202,"ms":279962,"out_bytes":816650,"pending":7,"pos":[-40.09,-0.5],"reconciles":5529,"server_tick":16666,"snaps":5538,"teleports":8}
[client] {"a":1,"dup":false,"ev":"game","ms":283647,"predicted":false,"t":6,"tick":16883,"type":"hit"}
[client] {"a":4,"dup":false,"ev":"game","ms":283730,"predicted":false,"t":6,"tick":16888,"type":"hit"}
[client] {"a":3,"dup":false,"ev":"game","ms":283847,"predicted":false,"t":-1,"tick":16895,"type":"respawn"}
[client] {"a":4,"dup":false,"ev":"game","ms":284096,"predicted":false,"t":6,"tick":16910,"type":"hit"}
[client] {"counts":{"blocks_on_me":1,"conf_actions":175,"confirmed_hits":814,"dup_confirmed":0,"hits_on_me":88,"pred_actions":188,"predicted_confirmed":72,"predicted_hits":175,"reconnects":0},"ev":"stats","hp":0.0,"in_bytes":3780044,"late":0,"local_entity":7,"match":{"countdown_until":300,"ctrl":-1,"final":false,"next":"","phase":3,"rot":1334,"scores":[33,28],"sd":false,"state":3,"tick":16666,"zone":"A"},"max_err":1.995,"mean_err":0.0198,"ms":284964,"out_bytes":831350,"pending":7,"pos":[-40.09,-0.5],"reconciles":5629,"server_tick":16966,"snaps":5638,"teleports":8}
[client] {"a":6,"dup":false,"ev":"game","ms":286214,"predicted":false,"t":2,"tick":17037,"type":"hit"}
[client] {"a":6,"dup":false,"ev":"game","ms":286249,"predicted":false,"t":1,"tick":17039,"type":"hit"}
[client] {"a":4,"dup":false,"ev":"game","ms":286401,"predicted":false,"t":6,"tick":17048,"type":"hit"}
[client] {"a":7,"dup":false,"ev":"game","ms":286670,"predicted":false,"t":-1,"tick":17069,"type":"respawn"}
[client] {"a":6,"dup":false,"ev":"game","ms":287049,"predicted":false,"t":2,"tick":17087,"type":"hit"}
[client] {"a":6,"dup":false,"ev":"game","ms":287049,"predicted":false,"t":4,"tick":17087,"type":"hit"}
[client] {"a":1,"dup":false,"ev":"game","ms":287084,"predicted":false,"t":6,"tick":17089,"type":"hit"}
[client] {"a":1,"dup":false,"ev":"game","ms":287449,"predicted":false,"t":6,"tick":17111,"type":"hit"}
[client] {"a":5,"dup":false,"ev":"game","ms":287732,"predicted":false,"t":4,"tick":17128,"type":"hit"}
[client] {"a":2,"dup":false,"ev":"game","ms":287767,"predicted":false,"t":5,"tick":17130,"type":"hit"}
[client] {"a":2,"dup":false,"ev":"game","ms":288070,"predicted":false,"t":5,"tick":17148,"type":"block"}
[client] {"a":9,"dup":false,"ev":"game","ms":288249,"predicted":false,"t":-1,"tick":17159,"type":"respawn"}
[client] {"a":2,"dup":false,"ev":"game","ms":288367,"predicted":false,"t":5,"tick":17166,"type":"block"}
[client] {"a":4,"dup":false,"ev":"game","ms":288581,"predicted":false,"t":5,"tick":17179,"type":"block"}
[client] {"a":2,"dup":false,"ev":"game","ms":288802,"predicted":false,"t":5,"tick":17192,"type":"block"}
[client] {"a":2,"dup":false,"ev":"game","ms":289003,"predicted":false,"t":5,"tick":17204,"type":"block"}
[client] {"a":6,"dup":false,"ev":"game","ms":289016,"predicted":false,"t":0,"tick":17205,"type":"hit"}
[client] {"a":4,"dup":false,"ev":"game","ms":289202,"predicted":false,"t":5,"tick":17216,"type":"block"}
[client] {"a":0,"dup":false,"ev":"game","ms":289416,"predicted":false,"t":6,"tick":17229,"type":"hit"}
[client] {"a":4,"dup":false,"ev":"game","ms":289534,"predicted":false,"t":5,"tick":17236,"type":"hit"}
[client] {"a":8,"dup":false,"ev":"game","ms":289616,"predicted":false,"t":4,"tick":17241,"type":"hit"}
[client] {"a":2,"dup":false,"ev":"game","ms":289650,"predicted":false,"t":5,"tick":17243,"type":"hit"}
[client] {"a":8,"dup":false,"ev":"game","ms":289671,"predicted":false,"t":2,"tick":17244,"type":"hit"}
[client] {"a":2,"dup":false,"ev":"game","ms":289671,"predicted":false,"t":-1,"tick":17244,"type":"ko"}
[client] {"a":0,"dup":false,"ev":"game","ms":289719,"predicted":false,"t":6,"tick":17247,"type":"hit"}
[client] {"a":1,"dup":false,"ev":"game","ms":289754,"predicted":false,"t":6,"tick":17249,"type":"hit"}
[client] {"counts":{"blocks_on_me":1,"conf_actions":175,"confirmed_hits":831,"dup_confirmed":0,"hits_on_me":88,"pred_actions":188,"predicted_confirmed":72,"predicted_hits":175,"reconnects":0},"ev":"stats","hp":220.0,"in_bytes":3849403,"late":0,"local_entity":7,"match":{"countdown_until":300,"ctrl":-1,"final":false,"next":"","phase":3,"rot":1034,"scores":[33,28],"sd":false,"state":3,"tick":16966,"zone":"A"},"max_err":1.995,"mean_err":0.0195,"ms":289967,"out_bytes":846050,"pending":7,"pos":[-0.1,26.69],"reconciles":5728,"server_tick":17266,"snaps":5738,"teleports":9}
[client] {"a":1,"dup":false,"ev":"game","ms":290975,"predicted":false,"t":6,"tick":17322,"type":"hit"}
[client] {"a":4,"dup":false,"ev":"game","ms":291113,"predicted":false,"t":6,"tick":17330,"type":"hit"}
[client] {"a":8,"dup":false,"ev":"game","ms":291113,"predicted":false,"t":4,"tick":17330,"type":"hit"}
[client] {"a":8,"dup":false,"ev":"game","ms":291210,"predicted":false,"t":1,"tick":17336,"type":"hit"}
[client] {"a":0,"dup":false,"ev":"game","ms":291493,"predicted":false,"t":8,"tick":17353,"type":"hit"}
[client] {"a":0,"dup":false,"ev":"game","ms":291527,"predicted":false,"t":5,"tick":17355,"type":"hit"}
[client] {"a":4,"dup":false,"ev":"game","ms":291776,"predicted":false,"t":6,"tick":17370,"type":"hit"}
[client] {"a":6,"dup":false,"ev":"game","ms":291776,"predicted":false,"t":-1,"tick":17370,"type":"ko"}
[client] {"a":0,"dup":false,"ev":"game","ms":292397,"predicted":false,"t":8,"tick":17407,"type":"hit"}
[client] {"a":0,"dup":false,"ev":"game","ms":292681,"predicted":false,"t":8,"tick":17425,"type":"hit"}
[client] {"a":0,"dup":false,"ev":"game","ms":292714,"predicted":false,"t":5,"tick":17427,"type":"hit"}
[client] {"a":4,"dup":false,"ev":"game","ms":292831,"predicted":false,"t":8,"tick":17434,"type":"hit"}
[client] {"a":4,"dup":false,"ev":"game","ms":292879,"predicted":false,"t":5,"tick":17437,"type":"hit"}
[client] {"a":8,"dup":false,"ev":"game","ms":293929,"predicted":false,"t":0,"tick":17500,"type":"hit"}
[client] {"a":8,"dup":false,"ev":"game","ms":294233,"predicted":false,"t":0,"tick":17518,"type":"hit"}
[client] {"a":5,"dup":false,"ev":"game","ms":294349,"predicted":false,"t":0,"tick":17525,"type":"hit"}
[client] {"a":5,"dup":false,"ev":"game","ms":294349,"predicted":false,"t":4,"tick":17525,"type":"hit"}
[client] {"a":1,"dup":false,"ev":"game","ms":294680,"predicted":false,"t":5,"tick":17545,"type":"hit"}
[client] {"counts":{"blocks_on_me":1,"conf_actions":175,"confirmed_hits":848,"dup_confirmed":0,"hits_on_me":88,"pred_actions":188,"predicted_confirmed":72,"predicted_hits":175,"reconnects":0},"ev":"stats","hp":220.0,"in_bytes":3915666,"late":0,"local_entity":7,"match":{"countdown_until":300,"ctrl":-1,"final":false,"next":"C","phase":3,"rot":734,"scores":[33,28],"sd":false,"state":3,"tick":17266,"zone":"A"},"max_err":1.995,"mean_err":0.0191,"ms":294963,"out_bytes":860750,"pending":7,"pos":[-27.36,8.62],"reconciles":5828,"server_tick":17566,"snaps":5838,"teleports":9}
[client] {"a":8,"dup":false,"ev":"game","ms":295246,"predicted":false,"t":1,"tick":17579,"type":"hit"}
[client] {"a":4,"dup":false,"ev":"game","ms":295515,"predicted":false,"t":8,"tick":17595,"type":"hit"}
[client] {"a":1,"dup":false,"ev":"game","ms":295633,"predicted":false,"t":8,"tick":17602,"type":"hit"}
[client] {"a":5,"dup":false,"ev":"game","ms":295667,"predicted":false,"t":3,"tick":17604,"type":"hit"}
[client] {"a":5,"dup":false,"ev":"game","ms":295985,"predicted":false,"t":3,"tick":17623,"type":"hit"}
[client] {"a":8,"dup":false,"ev":"game","ms":296013,"predicted":false,"t":1,"tick":17625,"type":"hit"}
[client] {"a":8,"dup":false,"ev":"game","ms":296033,"predicted":false,"t":4,"tick":17626,"type":"hit"}
[client] {"a":4,"dup":false,"ev":"game","ms":296033,"predicted":false,"t":-1,"tick":17626,"type":"ko"}
[client] {"a":0,"dup":false,"ev":"game","ms":296615,"predicted":false,"t":8,"tick":17661,"type":"hit"}
[client] {"a":3,"dup":false,"ev":"game","ms":296633,"predicted":false,"t":5,"tick":17662,"type":"hit"}
[client] {"a":1,"dup":false,"ev":"game","ms":296916,"predicted":false,"t":8,"tick":17679,"type":"hit"}
[client] {"a":0,"dup":false,"ev":"game","ms":296985,"predicted":false,"t":8,"tick":17683,"type":"hit"}
[client] {"a":3,"dup":false,"ev":"game","ms":297199,"predicted":false,"t":8,"tick":17696,"type":"hit"}
[client] {"a":8,"dup":false,"ev":"game","ms":297199,"predicted":false,"t":-1,"tick":17696,"type":"ko"}
[client] {"a":0,"dup":false,"ev":"game","ms":297882,"predicted":false,"t":7,"tick":17737,"type":"hit"}
[client] {"a":3,"dup":false,"ev":"game","ms":297930,"predicted":false,"t":5,"tick":17740,"type":"hit"}
[client] {"a":3,"dup":false,"ev":"game","ms":298248,"predicted":false,"t":5,"tick":17759,"type":"hit"}
[client] {"a":7,"dup":true,"ev":"game","ms":298386,"predicted":false,"t":0,"tick":17772,"type":"hit"}
[client] {"a":3,"dup":false,"ev":"game","ms":298634,"predicted":false,"t":5,"tick":17782,"type":"hit"}
[client] {"a":1,"dup":false,"ev":"game","ms":298669,"predicted":false,"t":5,"tick":17784,"type":"hit"}
[client] {"a":7,"dup":true,"ev":"game","ms":298717,"predicted":false,"t":0,"tick":17792,"type":"hit"}
[client] {"a":7,"dup":true,"ev":"game","ms":299035,"predicted":false,"t":0,"tick":17811,"type":"hit"}
[client] {"a":5,"dup":false,"ev":"game","ms":299283,"predicted":false,"t":3,"tick":17821,"type":"hit"}
[client] {"a":9,"dup":false,"ev":"game","ms":299414,"predicted":false,"t":1,"tick":17829,"type":"hit"}
[client] {"a":5,"dup":false,"ev":"game","ms":299614,"predicted":false,"t":3,"tick":17841,"type":"hit"}
[client] {"a":2,"dup":false,"ev":"game","ms":299670,"predicted":false,"t":-1,"tick":17844,"type":"respawn"}
[client] {"counts":{"blocks_on_me":1,"conf_actions":181,"confirmed_hits":871,"dup_confirmed":0,"hits_on_me":89,"pred_actions":194,"predicted_confirmed":75,"predicted_hits":178,"reconnects":0},"ev":"stats","hp":192.0,"in_bytes":3984399,"late":0,"local_entity":7,"match":{"countdown_until":300,"ctrl":-1,"final":false,"next":"C","phase":3,"rot":434,"scores":[33,28],"sd":false,"state":3,"tick":17566,"zone":"A"},"max_err":1.995,"mean_err":0.019,"ms":299965,"out_bytes":875450,"pending":7,"pos":[-38.57,0.23],"reconciles":5928,"server_tick":17866,"snaps":5938,"teleports":9}
[client] {"a":3,"dup":false,"ev":"game","ms":300235,"predicted":false,"t":5,"tick":17878,"type":"hit"}
[client] {"a":5,"dup":false,"ev":"game","ms":300235,"predicted":false,"t":-1,"tick":17878,"type":"ko"}
[client] {"a":3,"dup":false,"ev":"game","ms":300318,"predicted":false,"t":9,"tick":17883,"type":"hit"}
[client] {"a":1,"dup":false,"ev":"game","ms":300684,"predicted":false,"t":7,"tick":17905,"type":"hit"}
[client] {"a":3,"dup":false,"ev":"game","ms":301560,"predicted":false,"t":7,"tick":17957,"type":"hit"}
[client] {"a":6,"dup":false,"ev":"game","ms":301781,"predicted":false,"t":-1,"tick":17970,"type":"respawn"}
[client] {"a":9,"dup":false,"ev":"game","ms":301995,"predicted":false,"t":0,"tick":17983,"type":"hit"}
[client] {"a":7,"dup":true,"ev":"game","ms":302429,"predicted":false,"t":0,"tick":18014,"type":"hit"}
[client] {"a":1,"dup":false,"ev":"game","ms":302699,"predicted":false,"t":9,"tick":18025,"type":"hit"}
[client] {"a":0,"dup":false,"ev":"game","ms":302864,"predicted":false,"t":7,"tick":18035,"type":"hit"}
[client] {"a":0,"dup":false,"ev":"game","ms":303195,"predicted":false,"t":7,"tick":18055,"type":"hit"}
[client] {"a":3,"dup":false,"ev":"game","ms":303396,"predicted":false,"t":7,"tick":18067,"type":"hit"}
[client] {"a":9,"dup":false,"ev":"game","ms":303830,"predicted":false,"t":1,"tick":18093,"type":"hit"}
[client] {"a":7,"dup":true,"ev":"game","ms":304030,"predicted":false,"t":0,"tick":18111,"type":"hit"}
[client] {"a":0,"dup":false,"ev":"game","ms":304513,"predicted":false,"t":7,"tick":18135,"type":"hit"}
[client] {"a":9,"dup":false,"ev":"game","ms":304700,"predicted":false,"t":3,"tick":18146,"type":"hit"}
[client] {"counts":{"blocks_on_me":1,"conf_actions":188,"confirmed_hits":885,"dup_confirmed":0,"hits_on_me":95,"pred_actions":203,"predicted_confirmed":77,"predicted_hits":182,"reconnects":0},"ev":"stats","hp":24.0,"in_bytes":4051893,"late":0,"local_entity":7,"match":{"countdown_until":300,"ctrl":-1,"final":false,"next":"C","phase":3,"rot":134,"scores":[33,28],"sd":false,"state":3,"tick":17866,"zone":"A"},"max_err":1.995,"mean_err":0.0199,"ms":304961,"out_bytes":890150,"pending":7,"pos":[-42.87,-2.81],"reconciles":6028,"server_tick":18166,"snaps":6038,"teleports":9}
[client] {"a":7,"dup":true,"ev":"game","ms":305328,"predicted":false,"t":0,"tick":18189,"type":"hit"}
[client] {"a":0,"dup":false,"ev":"game","ms":305405,"predicted":false,"t":-1,"tick":18189,"type":"ko"}
[client] {"a":3,"dup":false,"ev":"game","ms":305426,"predicted":false,"t":9,"tick":18190,"type":"hit"}
[client] {"a":7,"dup":true,"ev":"game","ms":305695,"predicted":false,"t":3,"tick":18211,"type":"hit"}
[client] {"a":4,"dup":false,"ev":"game","ms":306026,"predicted":false,"t":-1,"tick":18226,"type":"respawn"}
[client] {"a":9,"dup":false,"ev":"game","ms":306296,"predicted":false,"t":1,"tick":18242,"type":"hit"}
[client] {"a":3,"dup":false,"ev":"game","ms":306379,"predicted":false,"t":7,"tick":18247,"type":"hit"}
[client] {"a":7,"dup":false,"ev":"game","ms":306744,"predicted":false,"t":-1,"tick":18274,"type":"ko"}
[client] {"a":3,"dup":false,"ev":"game","ms":306826,"predicted":false,"t":7,"tick":18274,"type":"hit"}
[client] {"a":9,"dup":false,"ev":"game","ms":306909,"predicted":false,"t":1,"tick":18279,"type":"hit"}
[client] {"a":8,"dup":false,"ev":"game","ms":307192,"predicted":false,"t":-1,"tick":18296,"type":"respawn"}
[client] {"a":-1,"dup":false,"ev":"game","ms":307240,"predicted":false,"t":-1,"tick":18299,"type":"zone_rotated"}
[client] {"a":9,"dup":false,"ev":"game","ms":307523,"predicted":false,"t":3,"tick":18315,"type":"hit"}
[client] {"a":1,"dup":false,"ev":"game","ms":308041,"predicted":false,"t":9,"tick":18346,"type":"hit"}
[client] {"counts":{"blocks_on_me":1,"conf_actions":192,"confirmed_hits":894,"dup_confirmed":0,"hits_on_me":97,"pred_actions":207,"predicted_confirmed":79,"predicted_hits":190,"reconnects":0},"ev":"stats","hp":0.0,"in_bytes":4114171,"late":0,"local_entity":7,"match":{"countdown_until":300,"ctrl":-1,"final":false,"next":"","phase":3,"rot":3434,"scores":[33,28],"sd":false,"state":1,"tick":18166,"zone":"C"},"max_err":1.995,"mean_err":0.0197,"ms":309958,"out_bytes":904850,"pending":7,"pos":[-42.42,-1.71],"reconciles":6128,"server_tick":18466,"snaps":6138,"teleports":9}
[client] {"a":5,"dup":false,"ev":"game","ms":310242,"predicted":false,"t":-1,"tick":18478,"type":"respawn"}
[client] {"counts":{"blocks_on_me":1,"conf_actions":192,"confirmed_hits":894,"dup_confirmed":0,"hits_on_me":97,"pred_actions":207,"predicted_confirmed":79,"predicted_hits":190,"reconnects":0},"ev":"stats","hp":0.0,"in_bytes":4173877,"late":0,"local_entity":7,"match":{"countdown_until":300,"ctrl":1,"final":false,"next":"","phase":3,"rot":3134,"scores":[33,28],"sd":false,"state":2,"tick":18466,"zone":"C"},"max_err":1.995,"mean_err":0.0194,"ms":314955,"out_bytes":919550,"pending":7,"pos":[-42.42,-1.71],"reconciles":6228,"server_tick":18766,"snaps":6238,"teleports":9}
[client] {"a":0,"dup":false,"ev":"game","ms":315427,"predicted":false,"t":-1,"tick":18789,"type":"respawn"}
[client] {"a":7,"dup":false,"ev":"game","ms":316757,"predicted":false,"t":-1,"tick":18874,"type":"respawn"}
[client] {"a":6,"dup":false,"ev":"game","ms":317792,"predicted":false,"t":4,"tick":18932,"type":"hit"}
[client] {"a":2,"dup":false,"ev":"game","ms":317992,"predicted":false,"t":6,"tick":18944,"type":"hit"}
[client] {"a":6,"dup":false,"ev":"game","ms":319027,"predicted":false,"t":2,"tick":19006,"type":"hit"}
[client] {"a":6,"dup":false,"ev":"game","ms":319097,"predicted":false,"t":4,"tick":19009,"type":"hit"}
[client] {"a":8,"dup":false,"ev":"game","ms":319110,"predicted":false,"t":2,"tick":19010,"type":"hit"}
[client] {"a":8,"dup":false,"ev":"game","ms":319745,"predicted":false,"t":2,"tick":19049,"type":"hit"}
[client] {"counts":{"blocks_on_me":1,"conf_actions":192,"confirmed_hits":900,"dup_confirmed":0,"hits_on_me":97,"pred_actions":207,"predicted_confirmed":79,"predicted_hits":190,"reconnects":0},"ev":"stats","hp":220.0,"in_bytes":4235775,"late":0,"local_entity":7,"match":{"countdown_until":300,"ctrl":-1,"final":false,"next":"","phase":3,"rot":2834,"scores":[33,29],"sd":false,"state":3,"tick":18766,"zone":"C"},"max_err":1.995,"mean_err":0.0191,"ms":319958,"out_bytes":934250,"pending":7,"pos":[-0.32,28.52],"reconciles":6327,"server_tick":19066,"snaps":6338,"teleports":10}
[client] {"a":6,"dup":false,"ev":"game","ms":319993,"predicted":false,"t":4,"tick":19064,"type":"hit"}
[client] {"a":1,"dup":false,"ev":"game","ms":320414,"predicted":false,"t":6,"tick":19089,"type":"hit"}
[client] {"a":3,"dup":false,"ev":"game","ms":320428,"predicted":false,"t":6,"tick":19090,"type":"hit"}
[client] {"a":1,"dup":false,"ev":"game","ms":320710,"predicted":false,"t":8,"tick":19106,"type":"hit"}
[client] {"a":2,"dup":false,"ev":"game","ms":320732,"predicted":false,"t":6,"tick":19107,"type":"hit"}
[client] {"a":5,"dup":false,"ev":"game","ms":321181,"predicted":false,"t":3,"tick":19135,"type":"hit"}
[client] {"a":1,"dup":false,"ev":"game","ms":321214,"predicted":false,"t":6,"tick":19137,"type":"hit"}
[client] {"a":5,"dup":false,"ev":"game","ms":321228,"predicted":false,"t":1,"tick":19138,"type":"hit"}
[client] {"a":2,"dup":false,"ev":"game","ms":321677,"predicted":false,"t":5,"tick":19164,"type":"hit"}
[client] {"a":6,"dup":false,"ev":"game","ms":321946,"predicted":false,"t":1,"tick":19181,"type":"hit"}
[client] {"a":3,"dup":false,"ev":"game","ms":321995,"predicted":false,"t":6,"tick":19184,"type":"hit"}
[client] {"a":2,"dup":false,"ev":"game","ms":322077,"predicted":false,"t":5,"tick":19188,"type":"hit"}
[client] {"a":9,"dup":false,"ev":"game","ms":322160,"predicted":false,"t":4,"tick":19194,"type":"hit"}
[client] {"a":9,"dup":false,"ev":"game","ms":322181,"predicted":false,"t":1,"tick":19195,"type":"hit"}
[client] {"a":2,"dup":false,"ev":"game","ms":322933,"predicted":false,"t":5,"tick":19240,"type":"hit"}
[client] {"a":2,"dup":false,"ev":"game","ms":322962,"predicted":false,"t":8,"tick":19242,"type":"hit"}
[client] {"a":1,"dup":false,"ev":"game","ms":323015,"predicted":false,"t":5,"tick":19245,"type":"hit"}
[client] {"a":9,"dup":false,"ev":"game","ms":323162,"predicted":false,"t":1,"tick":19254,"type":"hit"}
[client] {"a":4,"dup":false,"ev":"game","ms":323477,"predicted":false,"t":9,"tick":19272,"type":"hit"}
[client] {"a":1,"dup":false,"ev":"game","ms":323533,"predicted":false,"t":9,"tick":19276,"type":"hit"}
[client] {"a":3,"dup":false,"ev":"game","ms":323712,"predicted":false,"t":5,"tick":19286,"type":"block"}
[client] {"a":9,"dup":false,"ev":"game","ms":323981,"predicted":false,"t":3,"tick":19303,"type":"hit"}
[client] {"a":8,"dup":false,"ev":"game","ms":324264,"predicted":false,"t":1,"tick":19319,"type":"hit"}
[client] {"a":2,"dup":false,"ev":"game","ms":324299,"predicted":false,"t":9,"tick":19321,"type":"hit"}
[client] {"a":8,"dup":false,"ev":"game","ms":324299,"predicted":false,"t":3,"tick":19321,"type":"hit"}
[client] {"a":6,"dup":false,"ev":"game","ms":324464,"predicted":false,"t":3,"tick":19331,"type":"hit"}
[client] {"a":6,"dup":false,"ev":"game","ms":324747,"predicted":false,"t":1,"tick":19349,"type":"hit"}
[client] {"a":1,"dup":false,"ev":"game","ms":324747,"predicted":false,"t":-1,"tick":19349,"type":"ko"}
[client] {"a":6,"dup":false,"ev":"game","ms":324795,"predicted":false,"t":4,"tick":19352,"type":"hit"}
[client] {"a":8,"dup":false,"ev":"game","ms":324899,"predicted":false,"t":2,"tick":19357,"type":"hit"}
[client] {"a":9,"dup":false,"ev":"game","ms":324912,"predicted":false,"t":2,"tick":19358,"type":"hit"}
[client] {"counts":{"blocks_on_me":1,"conf_actions":192,"confirmed_hits":929,"dup_confirmed":0,"hits_on_me":97,"pred_actions":207,"predicted_confirmed":79,"predicted_hits":190,"reconnects":0},"ev":"stats","hp":220.0,"in_bytes":4309151,"late":0,"local_entity":7,"match":{"countdown_until":300,"ctrl":-1,"final":false,"next":"","phase":3,"rot":2534,"scores":[33,29],"sd":false,"state":3,"tick":19066,"zone":"C"},"max_err":1.995,"mean_err":0.0188,"ms":324960,"out_bytes":948950,"pending":7,"pos":[26.03,9.81],"reconciles":6427,"server_tick":19366,"snaps":6438,"teleports":10}
[client] {"a":6,"dup":false,"ev":"game","ms":325017,"predicted":false,"t":3,"tick":19365,"type":"hit"}
[client] {"a":6,"dup":false,"ev":"game","ms":325064,"predicted":false,"t":4,"tick":19367,"type":"hit"}
[client] {"a":0,"dup":false,"ev":"game","ms":325300,"predicted":false,"t":9,"tick":19381,"type":"hit"}
[client] {"a":0,"dup":false,"ev":"game","ms":325347,"predicted":false,"t":8,"tick":19385,"type":"hit"}
[client] {"a":5,"dup":false,"ev":"game","ms":325500,"predicted":false,"t":4,"tick":19393,"type":"hit"}
[client] {"a":6,"dup":false,"ev":"game","ms":325548,"predicted":false,"t":3,"tick":19397,"type":"hit"}
[client] {"a":2,"dup":false,"ev":"game","ms":325783,"predicted":false,"t":8,"tick":19411,"type":"hit"}
[client] {"a":3,"dup":false,"ev":"game","ms":325879,"predicted":false,"t":9,"tick":19416,"type":"hit"}
[client] {"a":6,"dup":false,"ev":"game","ms":325948,"predicted":false,"t":3,"tick":19421,"type":"hit"}
[client] {"a":4,"dup":false,"ev":"game","ms":326183,"predicted":false,"t":9,"tick":19435,"type":"hit"}
[client] {"a":0,"dup":false,"ev":"game","ms":326231,"predicted":false,"t":5,"tick":19438,"type":"hit"}
[client] {"a":4,"dup":false,"ev":"game","ms":326265,"predicted":false,"t":6,"tick":19439,"type":"hit"}
[client] {"a":3,"dup":false,"ev":"game","ms":326583,"predicted":false,"t":5,"tick":19459,"type":"hit"}
[client] {"a":0,"dup":false,"ev":"game","ms":326665,"predicted":false,"t":5,"tick":19463,"type":"hit"}
[client] {"a":4,"dup":false,"ev":"game","ms":327135,"predicted":false,"t":5,"tick":19492,"type":"hit"}
[client] {"a":3,"dup":false,"ev":"game","ms":327280,"predicted":false,"t":5,"tick":19501,"type":"hit"}
[client] {"a":2,"dup":false,"ev":"game","ms":327302,"predicted":false,"t":8,"tick":19502,"type":"hit"}
[client] {"a":6,"dup":false,"ev":"game","ms":327584,"predicted":false,"t":4,"tick":19519,"type":"hit"}
[client] {"a":6,"dup":false,"ev":"game","ms":327652,"predicted":false,"t":3,"tick":19523,"type":"hit"}
[client] {"a":7,"dup":true,"ev":"game","ms":327680,"predicted":false,"t":0,"tick":19530,"type":"hit"}
[client] {"a":7,"dup":false,"ev":"game","ms":327680,"predicted":false,"t":4,"tick":19530,"type":"hit"}
[client] {"a":7,"dup":true,"ev":"game","ms":328018,"predicted":false,"t":0,"tick":19550,"type":"hit"}
[client] {"a":6,"dup":false,"ev":"game","ms":328163,"predicted":false,"t":2,"tick":19554,"type":"hit"}
[client] {"a":0,"dup":false,"ev":"game","ms":328466,"predicted":false,"t":7,"tick":19572,"type":"hit"}
[client] {"a":4,"dup":false,"ev":"game","ms":328515,"predicted":false,"t":7,"tick":19575,"type":"hit"}
[client] {"a":2,"dup":false,"ev":"game","ms":328584,"predicted":false,"t":6,"tick":19579,"type":"hit"}
[client] {"a":4,"dup":false,"ev":"game","ms":328584,"predicted":false,"t":5,"tick":19579,"type":"hit"}
[client] {"a":8,"dup":false,"ev":"game","ms":328584,"predicted":false,"t":2,"tick":19579,"type":"hit"}
[client] {"a":8,"dup":false,"ev":"game","ms":328915,"predicted":false,"t":2,"tick":19599,"type":"hit"}
[client] {"a":8,"dup":false,"ev":"game","ms":329254,"predicted":false,"t":2,"tick":19619,"type":"hit"}
[client] {"a":2,"dup":false,"ev":"game","ms":329254,"predicted":false,"t":-1,"tick":19619,"type":"ko"}
[client] {"a":4,"dup":false,"ev":"game","ms":329736,"predicted":false,"t":5,"tick":19648,"type":"hit"}
[client] {"a":0,"dup":false,"ev":"game","ms":329750,"predicted":false,"t":5,"tick":19649,"type":"hit"}
[client] {"a":5,"dup":false,"ev":"game","ms":329750,"predicted":false,"t":-1,"tick":19649,"type":"ko"}
[client] {"a":8,"dup":false,"ev":"game","ms":329881,"predicted":false,"t":4,"tick":19657,"type":"hit"}
[client] {"counts":{"blocks_on_me":1,"conf_actions":196,"confirmed_hits":962,"dup_confirmed":0,"hits_on_me":99,"pred_actions":211,"predicted_confirmed":81,"predicted_hits":193,"reconnects":0},"ev":"stats","hp":150.0,"in_bytes":4382585,"late":0,"local_entity":7,"match":{"countdown_until":300,"ctrl":-1,"final":false,"next":"","phase":3,"rot":2234,"scores":[33,29],"sd":false,"state":3,"tick":19366,"zone":"C"},"max_err":1.995,"mean_err":0.0189,"ms":329970,"out_bytes":963650,"pending":7,"pos":[42.38,0.95],"reconciles":6527,"server_tick":19666,"snaps":6538,"teleports":10}
[client] {"a":3,"dup":false,"ev":"game","ms":329984,"predicted":false,"t":7,"tick":19663,"type":"hit"}
[client] {"a":3,"dup":false,"ev":"game","ms":330019,"predicted":false,"t":9,"tick":19665,"type":"hit"}
[client] {"a":0,"dup":false,"ev":"game","ms":330667,"predicted":false,"t":7,"tick":19704,"type":"hit"}
[client] {"a":0,"dup":false,"ev":"game","ms":330681,"predicted":false,"t":9,"tick":19705,"type":"hit"}
[client] {"a":3,"dup":false,"ev":"game","ms":330681,"predicted":false,"t":8,"tick":19705,"type":"hit"}
[client] {"a":6,"dup":false,"ev":"game","ms":330750,"predicted":false,"t":3,"tick":19709,"type":"hit"}
[client] {"a":4,"dup":false,"ev":"game","ms":330867,"predicted":false,"t":8,"tick":19716,"type":"hit"}
[client] {"a":6,"dup":false,"ev":"game","ms":331137,"predicted":false,"t":3,"tick":19732,"type":"hit"}
[client] {"a":7,"dup":true,"ev":"game","ms":331502,"predicted":false,"t":0,"tick":19759,"type":"hit"}
[client] {"a":0,"dup":false,"ev":"game","ms":331585,"predicted":false,"t":8,"tick":19759,"type":"hit"}
[client] {"a":8,"dup":false,"ev":"game","ms":331585,"predicted":false,"t":-1,"tick":19759,"type":"ko"}
[client] {"a":6,"dup":false,"ev":"game","ms":332020,"predicted":false,"t":0,"tick":19785,"type":"hit"}
[client] {"a":6,"dup":false,"ev":"game","ms":332068,"predicted":false,"t":4,"tick":19788,"type":"hit"}
[client] {"a":4,"dup":false,"ev":"game","ms":332068,"predicted":false,"t":-1,"tick":19788,"type":"ko"}
[client] {"a":7,"dup":true,"ev":"game","ms":332482,"predicted":false,"t":3,"tick":19818,"type":"hit"}
[client] {"a":3,"dup":false,"ev":"game","ms":332572,"predicted":false,"t":-1,"tick":19818,"type":"ko"}
[client] {"a":0,"dup":false,"ev":"game","ms":333579,"predicted":false,"t":7,"tick":19879,"type":"hit"}
[client] {"a":0,"dup":false,"ev":"game","ms":333594,"predicted":false,"t":9,"tick":19880,"type":"hit"}
[client] {"a":6,"dup":false,"ev":"game","ms":334229,"predicted":false,"t":0,"tick":19918,"type":"hit"}
[client] {"a":9,"dup":false,"ev":"game","ms":334697,"predicted":false,"t":0,"tick":19946,"type":"hit"}
[client] {"a":1,"dup":false,"ev":"game","ms":334745,"predicted":false,"t":-1,"tick":19949,"type":"respawn"}
[client] {"a":7,"dup":true,"ev":"game","ms":334876,"predicted":false,"t":0,"tick":19962,"type":"hit"}
[client] {"a":6,"dup":false,"ev":"game","ms":334945,"predicted":false,"t":0,"tick":19961,"type":"hit"}
[client] {"counts":{"blocks_on_me":1,"conf_actions":200,"confirmed_hits":981,"dup_confirmed":0,"hits_on_me":102,"pred_actions":215,"predicted_confirmed":84,"predicted_hits":200,"reconnects":0},"ev":"stats","hp":74.0,"in_bytes":4448378,"late":0,"local_entity":7,"match":{"countdown_until":300,"ctrl":-1,"final":false,"next":"","phase":3,"rot":1934,"scores":[33,29],"sd":false,"state":3,"tick":19666,"zone":"C"},"max_err":1.995,"mean_err":0.0192,"ms":334965,"out_bytes":978350,"pending":7,"pos":[41.84,-0.36],"reconciles":6627,"server_tick":19966,"snaps":6638,"teleports":10}
[client] {"a":9,"dup":false,"ev":"game","ms":335029,"predicted":false,"t":0,"tick":19966,"type":"hit"}
[client] {"a":0,"dup":false,"ev":"game","ms":335946,"predicted":false,"t":7,"tick":20021,"type":"hit"}
[client] {"a":9,"dup":false,"ev":"game","ms":336395,"predicted":false,"t":0,"tick":20048,"type":"hit"}
[client] {"a":0,"dup":false,"ev":"game","ms":336395,"predicted":false,"t":-1,"tick":20048,"type":"ko"}
[client] {"a":2,"dup":false,"ev":"game","ms":339251,"predicted":false,"t":-1,"tick":20219,"type":"respawn"}
[client] {"a":5,"dup":false,"ev":"game","ms":339748,"predicted":false,"t":-1,"tick":20249,"type":"respawn"}
[client] {"counts":{"blocks_on_me":1,"conf_actions":202,"confirmed_hits":984,"dup_confirmed":0,"hits_on_me":103,"pred_actions":217,"predicted_confirmed":84,"predicted_hits":200,"reconnects":0},"ev":"stats","hp":56.0,"in_bytes":4499578,"late":0,"local_entity":7,"match":{"countdown_until":300,"ctrl":1,"final":false,"next":"","phase":3,"rot":1634,"scores":[33,32],"sd":false,"state":2,"tick":19966,"zone":"C"},"max_err":1.995,"mean_err":0.0192,"ms":339968,"out_bytes":993050,"pending":7,"pos":[42.16,0.14],"reconciles":6727,"server_tick":20266,"snaps":6738,"teleports":10}
[client] {"a":8,"dup":false,"ev":"game","ms":341583,"predicted":false,"t":-1,"tick":20359,"type":"respawn"}
[client] {"a":4,"dup":false,"ev":"game","ms":342066,"predicted":false,"t":-1,"tick":20388,"type":"respawn"}
[client] {"a":3,"dup":false,"ev":"game","ms":342570,"predicted":false,"t":-1,"tick":20418,"type":"respawn"}
[client] {"counts":{"blocks_on_me":1,"conf_actions":202,"confirmed_hits":984,"dup_confirmed":0,"hits_on_me":103,"pred_actions":217,"predicted_confirmed":84,"predicted_hits":200,"reconnects":0},"ev":"stats","hp":109.999999999999,"in_bytes":4553645,"late":0,"local_entity":7,"match":{"countdown_until":300,"ctrl":-1,"final":false,"next":"","phase":3,"rot":1334,"scores":[33,36],"sd":false,"state":3,"tick":20266,"zone":"C"},"max_err":1.995,"mean_err":0.0189,"ms":344973,"out_bytes":1007750,"pending":7,"pos":[41.99,0.04],"reconciles":6827,"server_tick":20566,"snaps":6838,"teleports":10}
[client] {"a":0,"dup":false,"ev":"game","ms":346400,"predicted":false,"t":-1,"tick":20648,"type":"respawn"}
[client] {"a":1,"dup":false,"ev":"game","ms":346663,"predicted":false,"t":9,"tick":20664,"type":"hit"}
[client] {"a":1,"dup":false,"ev":"game","ms":347345,"predicted":false,"t":7,"tick":20705,"type":"hit"}
[client] {"a":6,"dup":false,"ev":"game","ms":347345,"predicted":false,"t":1,"tick":20705,"type":"hit"}
[client] {"a":6,"dup":false,"ev":"game","ms":347565,"predicted":false,"t":1,"tick":20718,"type":"hit"}
[client] {"a":1,"dup":false,"ev":"game","ms":348545,"predicted":false,"t":9,"tick":20777,"type":"hit"}
[client] {"a":9,"dup":false,"ev":"game","ms":348545,"predicted":false,"t":-1,"tick":20777,"type":"ko"}
[client] {"a":1,"dup":false,"ev":"game","ms":348566,"predicted":false,"t":6,"tick":20778,"type":"hit"}
[client] {"a":1,"dup":false,"ev":"game","ms":349146,"predicted":false,"t":7,"tick":20813,"type":"hit"}
[client] {"a":1,"dup":false,"ev":"game","ms":349381,"predicted":false,"t":7,"tick":20827,"type":"hit"}
[client] {"a":1,"dup":false,"ev":"game","ms":349415,"predicted":false,"t":6,"tick":20829,"type":"hit"}
[client] {"a":2,"dup":false,"ev":"game","ms":349911,"predicted":false,"t":6,"tick":20859,"type":"hit"}
[client] {"a":6,"dup":false,"ev":"game","ms":349912,"predicted":false,"t":-1,"tick":20859,"type":"ko"}
[client] {"counts":{"blocks_on_me":1,"conf_actions":207,"confirmed_hits":994,"dup_confirmed":0,"hits_on_me":106,"pred_actions":223,"predicted_confirmed":84,"predicted_hits":201,"reconnects":0},"ev":"stats","hp":20.5999999999995,"in_bytes":4618571,"late":0,"local_entity":7,"match":{"countdown_until":300,"ctrl":-1,"final":false,"next":"","phase":3,"rot":1034,"scores":[33,36],"sd":false,"state":3,"tick":20566,"zone":"C"},"max_err":1.995,"mean_err":0.0193,"ms":349966,"out_bytes":1022450,"pending":7,"pos":[41.1,0.06],"reconciles":6925,"server_tick":20866,"snaps":6936,"teleports":10}
[client] {"a":2,"dup":false,"ev":"game","ms":349967,"predicted":false,"t":7,"tick":20862,"type":"hit"}
[client] {"a":2,"dup":false,"ev":"game","ms":350284,"predicted":false,"t":7,"tick":20881,"type":"hit"}
[client] {"a":7,"dup":false,"ev":"game","ms":350513,"predicted":false,"t":-1,"tick":20899,"type":"ko"}
[client] {"a":2,"dup":false,"ev":"game","ms":350602,"predicted":false,"t":7,"tick":20899,"type":"hit"}
[client] {"a":2,"dup":false,"ev":"game","ms":351229,"predicted":false,"t":5,"tick":20937,"type":"hit"}
[client] {"a":1,"dup":false,"ev":"game","ms":352736,"predicted":false,"t":5,"tick":21028,"type":"hit"}
[client] {"a":1,"dup":false,"ev":"game","ms":352769,"predicted":false,"t":8,"tick":21030,"type":"hit"}
[client] {"a":1,"dup":false,"ev":"game","ms":354100,"predicted":false,"t":8,"tick":21110,"type":"hit"}
[client] {"a":5,"dup":false,"ev":"game","ms":354100,"predicted":false,"t":1,"tick":21110,"type":"hit"}
[client] {"a":4,"dup":false,"ev":"game","ms":354465,"predicted":false,"t":8,"tick":21132,"type":"hit"}
[client] {"a":8,"dup":false,"ev":"game","ms":354852,"predicted":false,"t":4,"tick":21155,"type":"hit"}
[client] {"counts":{"blocks_on_me":1,"conf_actions":209,"confirmed_hits":1004,"dup_confirmed":0,"hits_on_me":109,"pred_actions":225,"predicted_confirmed":84,"predicted_hits":202,"reconnects":0},"ev":"stats","hp":0.0,"in_bytes":4684180,"late":0,"local_entity":7,"match":{"countdown_until":300,"ctrl":-1,"final":false,"next":"B","phase":3,"rot":734,"scores":[33,36],"sd":false,"state":3,"tick":20866,"zone":"C"},"max_err":1.995,"mean_err":0.0192,"ms":354968,"out_bytes":1037150,"pending":7,"pos":[41.31,0.1],"reconciles":7025,"server_tick":21166,"snaps":7036,"teleports":10}
[client] {"a":8,"dup":false,"ev":"game","ms":355252,"predicted":false,"t":4,"tick":21179,"type":"hit"}
[client] {"a":1,"dup":false,"ev":"game","ms":355300,"predicted":false,"t":8,"tick":21182,"type":"hit"}
[client] {"a":2,"dup":false,"ev":"game","ms":355770,"predicted":false,"t":5,"tick":21210,"type":"block"}
[client] {"a":4,"dup":false,"ev":"game","ms":355921,"predicted":false,"t":5,"tick":21219,"type":"block"}
[client] {"a":2,"dup":false,"ev":"game","ms":356052,"predicted":false,"t":5,"tick":21227,"type":"block"}
[client] {"a":1,"dup":false,"ev":"game","ms":356149,"predicted":false,"t":5,"tick":21233,"type":"block"}
[client] {"a":4,"dup":false,"ev":"game","ms":356218,"predicted":false,"t":5,"tick":21237,"type":"block"}
[client] {"a":2,"dup":false,"ev":"game","ms":356363,"predicted":false,"t":5,"tick":21246,"type":"block"}
[client] {"a":1,"dup":false,"ev":"game","ms":356378,"predicted":false,"t":5,"tick":21247,"type":"block"}
[client] {"a":4,"dup":false,"ev":"game","ms":356528,"predicted":false,"t":5,"tick":21256,"type":"block"}
[client] {"a":4,"dup":false,"ev":"game","ms":356563,"predicted":false,"t":8,"tick":21258,"type":"hit"}
[client] {"a":3,"dup":false,"ev":"game","ms":356577,"predicted":false,"t":5,"tick":21259,"type":"block"}
[client] {"a":1,"dup":false,"ev":"game","ms":356915,"predicted":false,"t":5,"tick":21278,"type":"block"}
[client] {"a":1,"dup":false,"ev":"game","ms":357246,"predicted":false,"t":5,"tick":21298,"type":"guard_break"}
[client] {"a":2,"dup":false,"ev":"game","ms":357315,"predicted":false,"t":5,"tick":21302,"type":"hit"}
[client] {"a":1,"dup":false,"ev":"game","ms":357612,"predicted":false,"t":5,"tick":21320,"type":"hit"}
[client] {"a":8,"dup":false,"ev":"game","ms":357612,"predicted":false,"t":2,"tick":21320,"type":"hit"}
[client] {"a":3,"dup":false,"ev":"game","ms":357715,"predicted":false,"t":5,"tick":21326,"type":"hit"}
[client] {"a":8,"dup":false,"ev":"game","ms":358177,"predicted":false,"t":4,"tick":21354,"type":"hit"}
[client] {"a":4,"dup":false,"ev":"game","ms":358564,"predicted":false,"t":8,"tick":21377,"type":"hit"}
[client] {"a":9,"dup":false,"ev":"game","ms":358564,"predicted":false,"t":-1,"tick":21377,"type":"respawn"}
[client] {"a":1,"dup":false,"ev":"game","ms":359178,"predicted":false,"t":8,"tick":21414,"type":"hit"}
[client] {"a":1,"dup":false,"ev":"game","ms":359212,"predicted":false,"t":5,"tick":21416,"type":"hit"}
[client] {"a":6,"dup":false,"ev":"game","ms":359916,"predicted":false,"t":-1,"tick":21459,"type":"respawn"}
[client] {"counts":{"blocks_on_me":1,"conf_actions":209,"confirmed_hits":1015,"dup_confirmed":0,"hits_on_me":109,"pred_actions":225,"predicted_confirmed":84,"predicted_hits":202,"reconnects":0},"ev":"stats","hp":0.0,"in_bytes":4753488,"late":0,"local_entity":7,"match":{"countdown_until":300,"ctrl":-1,"final":false,"next":"B","phase":3,"rot":434,"scores":[33,36],"sd":false,"state":3,"tick":21166,"zone":"C"},"max_err":1.995,"mean_err":0.0189,"ms":359964,"out_bytes":1051850,"pending":7,"pos":[41.31,0.1],"reconciles":7125,"server_tick":21466,"snaps":7136,"teleports":10}
[client] {"a":7,"dup":false,"ev":"game","ms":360496,"predicted":false,"t":-1,"tick":21499,"type":"respawn"}
[client] {"a":5,"dup":false,"ev":"game","ms":361165,"predicted":false,"t":4,"tick":21533,"type":"hit"}
[client] {"a":8,"dup":false,"ev":"game","ms":361214,"predicted":false,"t":0,"tick":21536,"type":"hit"}
[client] {"a":5,"dup":false,"ev":"game","ms":361234,"predicted":false,"t":2,"tick":21537,"type":"hit"}
[client] {"a":3,"dup":false,"ev":"game","ms":361662,"predicted":false,"t":8,"tick":21564,"type":"hit"}
[client] {"a":1,"dup":false,"ev":"game","ms":362118,"predicted":false,"t":5,"tick":21591,"type":"hit"}
[client] {"a":1,"dup":false,"ev":"game","ms":362718,"predicted":false,"t":5,"tick":21627,"type":"hit"}
[client] {"a":8,"dup":false,"ev":"game","ms":362732,"predicted":false,"t":0,"tick":21628,"type":"hit"}
[client] {"a":8,"dup":false,"ev":"game","ms":362766,"predicted":false,"t":2,"tick":21629,"type":"hit"}
[client] {"a":8,"dup":false,"ev":"game","ms":363049,"predicted":false,"t":2,"tick":21647,"type":"hit"}
[client] {"a":0,"dup":false,"ev":"game","ms":363119,"predicted":false,"t":8,"tick":21651,"type":"hit"}
[client] {"a":8,"dup":false,"ev":"game","ms":363119,"predicted":false,"t":-1,"tick":21651,"type":"ko"}
[client] {"a":3,"dup":false,"ev":"game","ms":363415,"predicted":false,"t":5,"tick":21668,"type":"hit"}
[client] {"a":1,"dup":false,"ev":"game","ms":363532,"predicted":false,"t":5,"tick":21676,"type":"hit"}
[client] {"a":5,"dup":false,"ev":"game","ms":363532,"predicted":false,"t":-1,"tick":21676,"type":"ko"}
[client] {"counts":{"blocks_on_me":1,"conf_actions":210,"confirmed_hits":1027,"dup_confirmed":0,"hits_on_me":109,"pred_actions":225,"predicted_confirmed":84,"predicted_hits":202,"reconnects":0},"ev":"stats","hp":220.0,"in_bytes":4819466,"late":0,"local_entity":7,"match":{"countdown_until":300,"ctrl":0,"final":false,"next":"B","phase":3,"rot":134,"scores":[34,36],"sd":false,"state":2,"tick":21466,"zone":"C"},"max_err":1.995,"mean_err":0.0187,"ms":364967,"out_bytes":1066550,"pending":7,"pos":[2.67,19.86],"reconciles":7224,"server_tick":21766,"snaps":7236,"teleports":11}
[client] {"a":-1,"dup":false,"ev":"game","ms":367251,"predicted":false,"t":-1,"tick":21899,"type":"zone_rotated"}
[client] {"counts":{"blocks_on_me":1,"conf_actions":210,"confirmed_hits":1027,"dup_confirmed":0,"hits_on_me":109,"pred_actions":225,"predicted_confirmed":84,"predicted_hits":202,"reconnects":0},"ev":"stats","hp":220.0,"in_bytes":4879157,"late":0,"local_entity":7,"match":{"countdown_until":300,"ctrl":-1,"final":false,"next":"","phase":3,"rot":3434,"scores":[36,36],"sd":false,"state":1,"tick":21766,"zone":"B"},"max_err":1.995,"mean_err":0.0184,"ms":369962,"out_bytes":1081250,"pending":7,"pos":[8.03,2.87],"reconciles":7324,"server_tick":22066,"snaps":7336,"teleports":11}
[client] {"a":8,"dup":false,"ev":"game","ms":373130,"predicted":false,"t":-1,"tick":22251,"type":"respawn"}
[client] {"a":9,"dup":false,"ev":"game","ms":373151,"predicted":false,"t":1,"tick":22252,"type":"hit"}
[client] {"a":3,"dup":false,"ev":"game","ms":373316,"predicted":false,"t":9,"tick":22262,"type":"hit"}
[client] {"a":5,"dup":false,"ev":"game","ms":373551,"predicted":false,"t":-1,"tick":22276,"type":"respawn"}
[client] {"a":3,"dup":false,"ev":"game","ms":373613,"predicted":false,"t":9,"tick":22280,"type":"hit"}
[client] {"a":6,"dup":false,"ev":"game","ms":373765,"predicted":false,"t":1,"tick":22289,"type":"hit"}
[client] {"a":7,"dup":true,"ev":"game","ms":373868,"predicted":false,"t":1,"tick":22300,"type":"hit"}
[client] {"a":7,"dup":true,"ev":"game","ms":373868,"predicted":false,"t":3,"tick":22300,"type":"hit"}
[client] {"a":7,"dup":true,"ev":"game","ms":373896,"predicted":false,"t":2,"tick":22302,"type":"hit"}
[client] {"a":3,"dup":false,"ev":"game","ms":373917,"predicted":false,"t":9,"tick":22298,"type":"hit"}
[client] {"a":3,"dup":false,"ev":"game","ms":374435,"predicted":false,"t":7,"tick":22329,"type":"hit"}
[client] {"a":7,"dup":true,"ev":"game","ms":374779,"predicted":false,"t":4,"tick":22355,"type":"hit"}
[client] {"counts":{"blocks_on_me":1,"conf_actions":215,"confirmed_hits":1037,"dup_confirmed":0,"hits_on_me":110,"pred_actions":230,"predicted_confirmed":88,"predicted_hits":207,"reconnects":0},"ev":"stats","hp":202.0,"in_bytes":4949850,"late":0,"local_entity":7,"match":{"countdown_until":300,"ctrl":-1,"final":false,"next":"","phase":3,"rot":3134,"scores":[36,37],"sd":false,"state":3,"tick":22066,"zone":"B"},"max_err":1.995,"mean_err":0.0185,"ms":374965,"out_bytes":1095950,"pending":7,"pos":[0.79,-3.41],"reconciles":7424,"server_tick":22366,"snaps":7436,"teleports":11}
[client] {"a":6,"dup":false,"ev":"game","ms":374966,"predicted":false,"t":3,"tick":22361,"type":"hit"}
[client] {"a":7,"dup":true,"ev":"game","ms":375070,"predicted":false,"t":4,"tick":22373,"type":"hit"}
[client] {"a":2,"dup":false,"ev":"game","ms":375552,"predicted":false,"t":6,"tick":22396,"type":"hit"}
[client] {"a":4,"dup":false,"ev":"game","ms":375566,"predicted":false,"t":7,"tick":22397,"type":"hit"}
[client] {"a":2,"dup":false,"ev":"game","ms":375849,"predicted":false,"t":6,"tick":22414,"type":"hit"}
[client] {"a":9,"dup":false,"ev":"game","ms":375918,"predicted":false,"t":4,"tick":22418,"type":"hit"}
[client] {"a":2,"dup":false,"ev":"game","ms":376166,"predicted":false,"t":6,"tick":22433,"type":"hit"}
[client] {"a":2,"dup":false,"ev":"game","ms":376180,"predicted":false,"t":9,"tick":22434,"type":"hit"}
[client] {"a":7,"dup":true,"ev":"game","ms":376470,"predicted":false,"t":2,"tick":22457,"type":"hit"}
[client] {"a":4,"dup":false,"ev":"game","ms":376581,"predicted":false,"t":7,"tick":22459,"type":"hit"}
[client] {"a":4,"dup":false,"ev":"game","ms":376616,"predicted":false,"t":9,"tick":22461,"type":"hit"}
[client] {"a":6,"dup":false,"ev":"game","ms":377084,"predicted":false,"t":4,"tick":22489,"type":"hit"}
[client] {"a":3,"dup":false,"ev":"game","ms":377215,"predicted":false,"t":6,"tick":22497,"type":"hit"}
[client] {"a":2,"dup":false,"ev":"game","ms":377416,"predicted":false,"t":7,"tick":22509,"type":"hit"}
[client] {"a":2,"dup":false,"ev":"game","ms":377449,"predicted":false,"t":9,"tick":22511,"type":"hit"}
[client] {"a":6,"dup":false,"ev":"game","ms":378119,"predicted":false,"t":3,"tick":22551,"type":"block"}
[client] {"a":6,"dup":false,"ev":"game","ms":378153,"predicted":false,"t":0,"tick":22553,"type":"hit"}
[client] {"a":6,"dup":false,"ev":"game","ms":378167,"predicted":false,"t":2,"tick":22554,"type":"hit"}
[client] {"a":9,"dup":false,"ev":"game","ms":378333,"predicted":false,"t":3,"tick":22564,"type":"hit"}
[client] {"a":7,"dup":true,"ev":"game","ms":378382,"predicted":false,"t":3,"tick":22572,"type":"hit"}
[client] {"a":0,"dup":false,"ev":"game","ms":378500,"predicted":false,"t":7,"tick":22574,"type":"hit"}
[client] {"a":0,"dup":false,"ev":"game","ms":378500,"predicted":false,"t":9,"tick":22574,"type":"hit"}
[client] {"a":2,"dup":false,"ev":"game","ms":378567,"predicted":false,"t":7,"tick":22578,"type":"hit"}
[client] {"a":6,"dup":false,"ev":"game","ms":378567,"predicted":false,"t":3,"tick":22578,"type":"hit"}
[client] {"a":6,"dup":false,"ev":"game","ms":378616,"predicted":false,"t":2,"tick":22581,"type":"hit"}
[client] {"a":0,"dup":false,"ev":"game","ms":378816,"predicted":false,"t":7,"tick":22593,"type":"hit"}
[client] {"a":0,"dup":false,"ev":"game","ms":378850,"predicted":false,"t":9,"tick":22595,"type":"hit"}
[client] {"a":0,"dup":false,"ev":"game","ms":379133,"predicted":false,"t":6,"tick":22612,"type":"hit"}
[client] {"a":0,"dup":false,"ev":"game","ms":379133,"predicted":false,"t":7,"tick":22612,"type":"hit"}
[client] {"a":7,"dup":false,"ev":"game","ms":379133,"predicted":false,"t":-1,"tick":22617,"type":"ko"}
[client] {"a":3,"dup":false,"ev":"game","ms":379181,"predicted":false,"t":6,"tick":22615,"type":"hit"}
[client] {"a":3,"dup":false,"ev":"game","ms":379216,"predicted":false,"t":7,"tick":22617,"type":"hit"}
[client] {"a":9,"dup":false,"ev":"game","ms":379471,"predicted":false,"t":0,"tick":22632,"type":"hit"}
[client] {"a":9,"dup":false,"ev":"game","ms":379485,"predicted":false,"t":3,"tick":22633,"type":"hit"}
[client] {"a":9,"dup":false,"ev":"game","ms":379534,"predicted":false,"t":4,"tick":22636,"type":"hit"}
[client] {"a":2,"dup":false,"ev":"game","ms":379919,"predicted":false,"t":9,"tick":22659,"type":"hit"}
[client] {"counts":{"blocks_on_me":1,"conf_actions":222,"confirmed_hits":1071,"dup_confirmed":0,"hits_on_me":118,"pred_actions":237,"predicted_confirmed":91,"predicted_hits":215,"reconnects":0},"ev":"stats","hp":0.0,"in_bytes":5026887,"late":0,"local_entity":7,"match":{"countdown_until":300,"ctrl":-1,"final":false,"next":"","phase":3,"rot":2834,"scores":[36,37],"sd":false,"state":3,"tick":22366,"zone":"B"},"max_err":1.995,"mean_err":0.0193,"ms":379967,"out_bytes":1110650,"pending":7,"pos":[-2.13,-2.4],"reconciles":7523,"server_tick":22666,"snaps":7535,"teleports":11}
[client] {"a":2,"dup":false,"ev":"game","ms":380237,"predicted":false,"t":9,"tick":22678,"type":"hit"}
[client] {"a":6,"dup":false,"ev":"game","ms":380368,"predicted":false,"t":2,"tick":22686,"type":"hit"}
[client] {"a":0,"dup":false,"ev":"game","ms":380472,"predicted":false,"t":6,"tick":22692,"type":"hit"}
[client] {"a":0,"dup":false,"ev":"game","ms":381016,"predicted":false,"t":9,"tick":22725,"type":"hit"}
[client] {"a":8,"dup":false,"ev":"game","ms":381244,"predicted":false,"t":3,"tick":22739,"type":"hit"}
[client] {"a":0,"dup":false,"ev":"game","ms":381328,"predicted":false,"t":9,"tick":22744,"type":"hit"}
[client] {"a":6,"dup":false,"ev":"game","ms":381665,"predicted":false,"t":0,"tick":22764,"type":"hit"}
[client] {"a":6,"dup":false,"ev":"game","ms":381679,"predicted":false,"t":2,"tick":22765,"type":"hit"}
[client] {"a":9,"dup":false,"ev":"game","ms":381832,"predicted":false,"t":1,"tick":22774,"type":"hit"}
[client] {"a":4,"dup":false,"ev":"game","ms":382031,"predicted":false,"t":8,"tick":22786,"type":"hit"}
[client] {"a":4,"dup":false,"ev":"game","ms":382079,"predicted":false,"t":6,"tick":22789,"type":"hit"}
[client] {"a":1,"dup":false,"ev":"game","ms":382197,"predicted":false,"t":9,"tick":22796,"type":"hit"}
[client] {"a":9,"dup":false,"ev":"game","ms":382197,"predicted":false,"t":-1,"tick":22796,"type":"ko"}
[client] {"a":8,"dup":false,"ev":"game","ms":382397,"predicted":false,"t":4,"tick":22808,"type":"hit"}
[client] {"a":8,"dup":false,"ev":"game","ms":382445,"predicted":false,"t":3,"tick":22811,"type":"hit"}
[client] {"a":5,"dup":false,"ev":"game","ms":382680,"predicted":false,"t":4,"tick":22825,"type":"hit"}
[client] {"a":8,"dup":false,"ev":"game","ms":382714,"predicted":false,"t":4,"tick":22827,"type":"hit"}
[client] {"a":6,"dup":false,"ev":"game","ms":382762,"predicted":false,"t":1,"tick":22830,"type":"hit"}
[client] {"a":8,"dup":false,"ev":"game","ms":383032,"predicted":false,"t":4,"tick":22846,"type":"hit"}
[client] {"a":3,"dup":false,"ev":"game","ms":383066,"predicted":false,"t":8,"tick":22848,"type":"hit"}
[client] {"a":6,"dup":false,"ev":"game","ms":383984,"predicted":false,"t":3,"tick":22903,"type":"hit"}
[client] {"a":8,"dup":false,"ev":"game","ms":384184,"predicted":false,"t":3,"tick":22915,"type":"hit"}
[client] {"a":5,"dup":false,"ev":"game","ms":384197,"predicted":false,"t":2,"tick":22916,"type":"hit"}
[client] {"a":5,"dup":false,"ev":"game","ms":384197,"predicted":false,"t":3,"tick":22916,"type":"hit"}
[client] {"a":6,"dup":false,"ev":"game","ms":384349,"predicted":false,"t":2,"tick":22925,"type":"hit"}
[client] {"a":6,"dup":false,"ev":"game","ms":384349,"predicted":false,"t":3,"tick":22925,"type":"hit"}
[client] {"a":3,"dup":false,"ev":"game","ms":384349,"predicted":false,"t":-1,"tick":22925,"type":"ko"}
[client] {"a":4,"dup":false,"ev":"game","ms":384467,"predicted":false,"t":5,"tick":22932,"type":"hit"}
[client] {"a":1,"dup":false,"ev":"game","ms":384481,"predicted":false,"t":6,"tick":22933,"type":"hit"}
[client] {"a":1,"dup":false,"ev":"game","ms":384481,"predicted":false,"t":8,"tick":22933,"type":"hit"}
[client] {"a":2,"dup":false,"ev":"game","ms":384715,"predicted":false,"t":6,"tick":22947,"type":"hit"}
[client] {"a":6,"dup":false,"ev":"game","ms":384715,"predicted":false,"t":-1,"tick":22947,"type":"ko"}
[client] {"a":2,"dup":false,"ev":"game","ms":384750,"predicted":false,"t":5,"tick":22949,"type":"hit"}
[client] {"counts":{"blocks_on_me":1,"conf_actions":222,"confirmed_hits":1101,"dup_confirmed":0,"hits_on_me":118,"pred_actions":237,"predicted_confirmed":91,"predicted_hits":215,"reconnects":0},"ev":"stats","hp":0.0,"in_bytes":5103259,"late":0,"local_entity":7,"match":{"countdown_until":300,"ctrl":-1,"final":false,"next":"","phase":3,"rot":2534,"scores":[36,37],"sd":false,"state":3,"tick":22666,"zone":"B"},"max_err":1.995,"mean_err":0.0191,"ms":384963,"out_bytes":1125350,"pending":7,"pos":[-2.13,-2.4],"reconciles":7623,"server_tick":22966,"snaps":7635,"teleports":11}
[client] {"a":8,"dup":false,"ev":"game","ms":385067,"predicted":false,"t":4,"tick":22968,"type":"hit"}
[client] {"a":2,"dup":false,"ev":"game","ms":385163,"predicted":false,"t":8,"tick":22974,"type":"hit"}
[client] {"a":5,"dup":false,"ev":"game","ms":385213,"predicted":false,"t":0,"tick":22977,"type":"hit"}
[client] {"a":5,"dup":false,"ev":"game","ms":385213,"predicted":false,"t":2,"tick":22977,"type":"hit"}
[client] {"a":2,"dup":false,"ev":"game","ms":385213,"predicted":false,"t":-1,"tick":22977,"type":"ko"}
[client] {"a":4,"dup":false,"ev":"game","ms":385433,"predicted":false,"t":8,"tick":22990,"type":"hit"}
[client] {"a":0,"dup":false,"ev":"game","ms":385681,"predicted":false,"t":5,"tick":23005,"type":"hit"}
[client] {"a":4,"dup":false,"ev":"game","ms":385785,"predicted":false,"t":8,"tick":23011,"type":"hit"}
[client] {"a":5,"dup":false,"ev":"game","ms":386048,"predicted":false,"t":0,"tick":23027,"type":"hit"}
[client] {"a":1,"dup":false,"ev":"game","ms":386185,"predicted":false,"t":5,"tick":23035,"type":"hit"}
[client] {"a":0,"dup":false,"ev":"game","ms":386398,"predicted":false,"t":5,"tick":23048,"type":"hit"}
[client] {"a":8,"dup":false,"ev":"game","ms":386434,"predicted":false,"t":4,"tick":23050,"type":"hit"}
[client] {"a":1,"dup":false,"ev":"game","ms":386964,"predicted":false,"t":5,"tick":23082,"type":"hit"}
[client] {"a":0,"dup":false,"ev":"game","ms":387068,"predicted":false,"t":5,"tick":23088,"type":"hit"}
[client] {"a":0,"dup":false,"ev":"game","ms":387132,"predicted":false,"t":8,"tick":23092,"type":"hit"}
[client] {"a":0,"dup":false,"ev":"game","ms":387670,"predicted":false,"t":5,"tick":23124,"type":"hit"}
[client] {"a":0,"dup":false,"ev":"game","ms":387986,"predicted":false,"t":5,"tick":23143,"type":"hit"}
[client] {"a":0,"dup":false,"ev":"game","ms":388303,"predicted":false,"t":5,"tick":23162,"type":"hit"}
[client] {"a":4,"dup":false,"ev":"game","ms":388317,"predicted":false,"t":5,"tick":23163,"type":"hit"}
[client] {"a":5,"dup":false,"ev":"game","ms":388752,"predicted":false,"t":0,"tick":23189,"type":"hit"}
[client] {"a":4,"dup":false,"ev":"game","ms":388967,"predicted":false,"t":5,"tick":23202,"type":"hit"}
[client] {"a":8,"dup":false,"ev":"game","ms":389014,"predicted":false,"t":0,"tick":23205,"type":"hit"}
[client] {"a":8,"dup":false,"ev":"game","ms":389048,"predicted":false,"t":4,"tick":23207,"type":"hit"}
[client] {"a":7,"dup":false,"ev":"game","ms":389133,"predicted":false,"t":-1,"tick":23217,"type":"respawn"}
[client] {"counts":{"blocks_on_me":1,"conf_actions":222,"confirmed_hits":1123,"dup_confirmed":0,"hits_on_me":118,"pred_actions":237,"predicted_confirmed":91,"predicted_hits":215,"reconnects":0},"ev":"stats","hp":220.0,"in_bytes":5169864,"late":0,"local_entity":7,"match":{"countdown_until":300,"ctrl":-1,"final":false,"next":"","phase":3,"rot":2234,"scores":[36,37],"sd":false,"state":3,"tick":22966,"zone":"B"},"max_err":1.995,"mean_err":0.0188,"ms":389965,"out_bytes":1140050,"pending":7,"pos":[-4.96,42.46],"reconciles":7722,"server_tick":23266,"snaps":7735,"teleports":12}
[client] {"a":5,"dup":false,"ev":"game","ms":390000,"predicted":false,"t":1,"tick":23264,"type":"hit"}
[client] {"a":4,"dup":false,"ev":"game","ms":390014,"predicted":false,"t":8,"tick":23265,"type":"hit"}
[client] {"a":0,"dup":false,"ev":"game","ms":390332,"predicted":false,"t":5,"tick":23284,"type":"hit"}
[client] {"a":0,"dup":false,"ev":"game","ms":390332,"predicted":false,"t":8,"tick":23284,"type":"hit"}
[client] {"a":5,"dup":false,"ev":"game","ms":390332,"predicted":false,"t":-1,"tick":23284,"type":"ko"}
[client] {"a":8,"dup":false,"ev":"game","ms":390332,"predicted":false,"t":-1,"tick":23284,"type":"ko"}
[client] {"a":9,"dup":false,"ev":"game","ms":392194,"predicted":false,"t":-1,"tick":23396,"type":"respawn"}
[client] {"a":3,"dup":false,"ev":"game","ms":394367,"predicted":false,"t":-1,"tick":23525,"type":"respawn"}
[client] {"a":6,"dup":false,"ev":"game","ms":394718,"predicted":false,"t":-1,"tick":23547,"type":"respawn"}
[client] {"counts":{"blocks_on_me":1,"conf_actions":222,"confirmed_hits":1127,"dup_confirmed":0,"hits_on_me":118,"pred_actions":237,"predicted_confirmed":91,"predicted_hits":215,"reconnects":0},"ev":"stats","hp":220.0,"in_bytes":5223690,"late":0,"local_entity":7,"match":{"countdown_until":300,"ctrl":0,"final":false,"next":"","phase":3,"rot":1934,"scores":[40,37],"sd":false,"state":2,"tick":23266,"zone":"B"},"max_err":1.995,"mean_err":0.0186,"ms":394965,"out_bytes":1154750,"pending":7,"pos":[-2.59,7.91],"reconciles":7822,"server_tick":23566,"snaps":7835,"teleports":12}
[client] {"a":2,"dup":false,"ev":"game","ms":395214,"predicted":false,"t":-1,"tick":23577,"type":"respawn"}
[client] {"a":0,"dup":false,"ev":"game","ms":397236,"predicted":false,"t":7,"tick":23698,"type":"hit"}
[client] {"a":7,"dup":true,"ev":"game","ms":397788,"predicted":false,"t":0,"tick":23736,"type":"hit"}
[client] {"a":0,"dup":false,"ev":"game","ms":398237,"predicted":false,"t":7,"tick":23758,"type":"hit"}
[client] {"a":7,"dup":true,"ev":"game","ms":398582,"predicted":false,"t":0,"tick":23784,"type":"hit"}
[client] {"a":0,"dup":false,"ev":"game","ms":398664,"predicted":false,"t":-1,"tick":23784,"type":"ko"}
[client] {"a":1,"dup":false,"ev":"game","ms":399879,"predicted":false,"t":7,"tick":23856,"type":"hit"}
[client] {"counts":{"blocks_on_me":1,"conf_actions":227,"confirmed_hits":1132,"dup_confirmed":0,"hits_on_me":121,"pred_actions":244,"predicted_confirmed":93,"predicted_hits":218,"reconnects":0},"ev":"stats","hp":156.0,"in_bytes":5287363,"late":0,"local_entity":7,"match":{"countdown_until":300,"ctrl":-1,"final":false,"next":"","phase":3,"rot":1634,"scores":[40,37],"sd":false,"state":3,"tick":23566,"zone":"B"},"max_err":1.995,"mean_err":0.0187,"ms":399961,"out_bytes":1169450,"pending":7,"pos":[-1.42,-2.63],"reconciles":7922,"server_tick":23866,"snaps":7935,"teleports":12}
[client] {"a":1,"dup":false,"ev":"game","ms":400182,"predicted":false,"t":7,"tick":23875,"type":"hit"}
[client] {"a":5,"dup":false,"ev":"game","ms":400327,"predicted":false,"t":-1,"tick":23884,"type":"respawn"}
[client] {"a":8,"dup":false,"ev":"game","ms":400327,"predicted":false,"t":-1,"tick":23884,"type":"respawn"}
[client] {"a":9,"dup":false,"ev":"game","ms":400549,"predicted":false,"t":1,"tick":23897,"type":"hit"}
[client] {"a":7,"dup":true,"ev":"game","ms":400748,"predicted":false,"t":1,"tick":23914,"type":"hit"}
[client] {"a":7,"dup":true,"ev":"game","ms":400783,"predicted":false,"t":4,"tick":23916,"type":"hit"}
[client] {"a":9,"dup":false,"ev":"game","ms":400845,"predicted":false,"t":1,"tick":23915,"type":"hit"}
[client] {"a":1,"dup":false,"ev":"game","ms":401348,"predicted":false,"t":7,"tick":23945,"type":"hit"}
[client] {"a":3,"dup":false,"ev":"game","ms":401417,"predicted":false,"t":7,"tick":23949,"type":"hit"}
[client] {"a":3,"dup":false,"ev":"game","ms":401500,"predicted":false,"t":9,"tick":23954,"type":"hit"}
[client] {"a":6,"dup":false,"ev":"game","ms":402246,"predicted":false,"t":1,"tick":23999,"type":"hit"}
[client] {"a":6,"dup":false,"ev":"game","ms":402246,"predicted":false,"t":3,"tick":23999,"type":"hit"}
[client] {"a":6,"dup":false,"ev":"game","ms":402329,"predicted":false,"t":2,"tick":24004,"type":"hit"}
[client] {"a":4,"dup":false,"ev":"game","ms":402515,"predicted":false,"t":6,"tick":24014,"type":"hit"}
[client] {"a":9,"dup":false,"ev":"game","ms":402515,"predicted":false,"t":4,"tick":24014,"type":"hit"}
[client] {"a":4,"dup":false,"ev":"game","ms":402515,"predicted":false,"t":-1,"tick":24014,"type":"ko"}
[client] {"a":3,"dup":false,"ev":"game","ms":403116,"predicted":false,"t":6,"tick":24051,"type":"hit"}
[client] {"a":1,"dup":false,"ev":"game","ms":403130,"predicted":false,"t":6,"tick":24052,"type":"hit"}
[client] {"a":1,"dup":false,"ev":"game","ms":403198,"predicted":false,"t":9,"tick":24056,"type":"hit"}
[client] {"a":1,"dup":false,"ev":"game","ms":403398,"predicted":false,"t":6,"tick":24068,"type":"hit"}
[client] {"a":1,"dup":false,"ev":"game","ms":403432,"predicted":false,"t":9,"tick":24070,"type":"block"}
[client] {"a":7,"dup":true,"ev":"game","ms":403702,"predicted":false,"t":3,"tick":24091,"type":"hit"}
[client] {"a":7,"dup":true,"ev":"game","ms":403715,"predicted":false,"t":1,"tick":24092,"type":"hit"}
[client] {"a":6,"dup":false,"ev":"game","ms":404385,"predicted":false,"t":2,"tick":24127,"type":"hit"}
[client] {"a":1,"dup":false,"ev":"game","ms":404619,"predicted":false,"t":9,"tick":24141,"type":"hit"}
[client] {"a":6,"dup":false,"ev":"game","ms":404764,"predicted":false,"t":2,"tick":24150,"type":"hit"}
[client] {"a":3,"dup":false,"ev":"game","ms":404785,"predicted":false,"t":9,"tick":24151,"type":"hit"}
[client] {"counts":{"blocks_on_me":1,"conf_actions":234,"confirmed_hits":1155,"dup_confirmed":0,"hits_on_me":124,"pred_actions":250,"predicted_confirmed":97,"predicted_hits":228,"reconnects":0},"ev":"stats","hp":82.0,"in_bytes":5359618,"late":0,"local_entity":7,"match":{"countdown_until":300,"ctrl":-1,"final":false,"next":"","phase":3,"rot":1334,"scores":[40,37],"sd":false,"state":3,"tick":23866,"zone":"B"},"max_err":1.995,"mean_err":0.0191,"ms":404963,"out_bytes":1184150,"pending":7,"pos":[-0.69,-2.88],"reconciles":8022,"server_tick":24166,"snaps":8035,"teleports":12}
[client] {"a":1,"dup":false,"ev":"game","ms":405398,"predicted":false,"t":9,"tick":24188,"type":"hit"}
[client] {"a":6,"dup":false,"ev":"game","ms":405468,"predicted":false,"t":1,"tick":24192,"type":"hit"}
[client] {"a":1,"dup":false,"ev":"game","ms":405468,"predicted":false,"t":-1,"tick":24192,"type":"ko"}
[client] {"a":3,"dup":false,"ev":"game","ms":405547,"predicted":false,"t":9,"tick":24197,"type":"hit"}
[client] {"a":6,"dup":false,"ev":"game","ms":405547,"predicted":false,"t":3,"tick":24197,"type":"hit"}
[client] {"a":2,"dup":false,"ev":"game","ms":405626,"predicted":false,"t":7,"tick":24202,"type":"hit"}
[client] {"a":6,"dup":false,"ev":"game","ms":406558,"predicted":false,"t":2,"tick":24257,"type":"hit"}
[client] {"a":9,"dup":false,"ev":"game","ms":406558,"predicted":false,"t":2,"tick":24257,"type":"hit"}
[client] {"a":6,"dup":false,"ev":"game","ms":406896,"predicted":false,"t":2,"tick":24277,"type":"hit"}
[client] {"a":3,"dup":false,"ev":"game","ms":407227,"predicted":false,"t":6,"tick":24297,"type":"hit"}
[client] {"a":7,"dup":true,"ev":"game","ms":407414,"predicted":false,"t":2,"tick":24314,"type":"hit"}
[client] {"a":9,"dup":false,"ev":"game","ms":407545,"predicted":false,"t":2,"tick":24316,"type":"hit"}
[client] {"a":7,"dup":true,"ev":"game","ms":407814,"predicted":false,"t":2,"tick":24338,"type":"hit"}
[client] {"a":3,"dup":false,"ev":"game","ms":408393,"predicted":false,"t":6,"tick":24367,"type":"hit"}
[client] {"a":0,"dup":false,"ev":"game","ms":408676,"predicted":false,"t":-1,"tick":24384,"type":"respawn"}
[client] {"a":3,"dup":false,"ev":"game","ms":408732,"predicted":false,"t":6,"tick":24387,"type":"hit"}
[client] {"a":7,"dup":true,"ev":"game","ms":408863,"predicted":false,"t":3,"tick":24401,"type":"hit"}
[client] {"a":2,"dup":false,"ev":"game","ms":408932,"predicted":false,"t":6,"tick":24399,"type":"hit"}
[client] {"a":2,"dup":false,"ev":"game","ms":409228,"predicted":false,"t":6,"tick":24418,"type":"hit"}
[client] {"a":3,"dup":false,"ev":"game","ms":409298,"predicted":false,"t":7,"tick":24421,"type":"hit"}
[client] {"a":3,"dup":false,"ev":"game","ms":409311,"predicted":false,"t":9,"tick":24422,"type":"block"}
[client] {"a":6,"dup":false,"ev":"game","ms":409677,"predicted":false,"t":2,"tick":24444,"type":"hit"}
[client] {"a":9,"dup":false,"ev":"game","ms":409877,"predicted":false,"t":3,"tick":24456,"type":"hit"}
[client] {"counts":{"blocks_on_me":1,"conf_actions":241,"confirmed_hits":1175,"dup_confirmed":0,"hits_on_me":126,"pred_actions":259,"predicted_confirmed":100,"predicted_hits":234,"reconnects":0},"ev":"stats","hp":30.0,"in_bytes":5426442,"late":0,"local_entity":7,"match":{"countdown_until":300,"ctrl":-1,"final":false,"next":"","phase":3,"rot":1034,"scores":[40,37],"sd":false,"state":3,"tick":24166,"zone":"B"},"max_err":1.995,"mean_err":0.0193,"ms":409959,"out_bytes":1198850,"pending":7,"pos":[-1.0,-2.62],"reconciles":8122,"server_tick":24466,"snaps":8135,"teleports":12}
[client] {"a":7,"dup":true,"ev":"game","ms":410099,"predicted":false,"t":3,"tick":24474,"type":"hit"}
[client] {"a":9,"dup":false,"ev":"game","ms":410181,"predicted":false,"t":3,"tick":24475,"type":"hit"}
[client] {"a":6,"dup":false,"ev":"game","ms":410312,"predicted":false,"t":2,"tick":24482,"type":"hit"}
[client] {"a":3,"dup":false,"ev":"game","ms":410533,"predicted":false,"t":9,"tick":24495,"type":"hit"}
[client] {"a":7,"dup":true,"ev":"game","ms":410663,"predicted":false,"t":3,"tick":24509,"type":"hit"}
[client] {"a":9,"dup":false,"ev":"game","ms":411112,"predicted":false,"t":3,"tick":24531,"type":"hit"}
[client] {"a":7,"dup":true,"ev":"game","ms":411334,"predicted":false,"t":3,"tick":24549,"type":"hit"}
[client] {"a":3,"dup":false,"ev":"game","ms":411416,"predicted":false,"t":-1,"tick":24549,"type":"ko"}
[client] {"a":2,"dup":false,"ev":"game","ms":411597,"predicted":false,"t":9,"tick":24560,"type":"hit"}
[client] {"a":2,"dup":false,"ev":"game","ms":411630,"predicted":false,"t":5,"tick":24562,"type":"hit"}
[client] {"a":6,"dup":false,"ev":"game","ms":411713,"predicted":false,"t":2,"tick":24566,"type":"hit"}
[client] {"a":2,"dup":false,"ev":"game","ms":411713,"predicted":false,"t":-1,"tick":24566,"type":"ko"}
[client] {"a":4,"dup":false,"ev":"game","ms":412499,"predicted":false,"t":-1,"tick":24614,"type":"respawn"}
[client] {"counts":{"blocks_on_me":1,"conf_actions":243,"confirmed_hits":1185,"dup_confirmed":0,"hits_on_me":126,"pred_actions":261,"predicted_confirmed":103,"predicted_hits":241,"reconnects":0},"ev":"stats","hp":30.0,"in_bytes":5486493,"late":0,"local_entity":7,"match":{"countdown_until":300,"ctrl":-1,"final":false,"next":"A","phase":3,"rot":734,"scores":[40,40],"sd":false,"state":3,"tick":24466,"zone":"B"},"max_err":1.995,"mean_err":0.0195,"ms":414962,"out_bytes":1213550,"pending":7,"pos":[0.57,-2.67],"reconciles":8222,"server_tick":24766,"snaps":8235,"teleports":12}
[client] {"a":1,"dup":false,"ev":"game","ms":415466,"predicted":false,"t":-1,"tick":24792,"type":"respawn"}
[client] {"a":9,"dup":false,"ev":"game","ms":415936,"predicted":false,"t":0,"tick":24820,"type":"hit"}
[client] {"a":6,"dup":false,"ev":"game","ms":416198,"predicted":false,"t":0,"tick":24836,"type":"hit"}
[client] {"a":9,"dup":false,"ev":"game","ms":416337,"predicted":false,"t":0,"tick":24844,"type":"hit"}
[client] {"a":9,"dup":false,"ev":"game","ms":416667,"predicted":false,"t":0,"tick":24864,"type":"hit"}
[client] {"a":6,"dup":false,"ev":"game","ms":416785,"predicted":false,"t":0,"tick":24871,"type":"hit"}
[client] {"a":0,"dup":false,"ev":"game","ms":418551,"predicted":false,"t":6,"tick":24977,"type":"hit"}
[client] {"a":0,"dup":false,"ev":"game","ms":418564,"predicted":false,"t":9,"tick":24978,"type":"hit"}
[client] {"a":8,"dup":false,"ev":"game","ms":418999,"predicted":false,"t":0,"tick":25004,"type":"hit"}
[client] {"a":5,"dup":false,"ev":"game","ms":419268,"predicted":false,"t":0,"tick":25020,"type":"hit"}
[client] {"a":6,"dup":false,"ev":"game","ms":419386,"predicted":false,"t":0,"tick":25027,"type":"hit"}
[client] {"a":8,"dup":false,"ev":"game","ms":419386,"predicted":false,"t":0,"tick":25027,"type":"hit"}
[client] {"a":4,"dup":false,"ev":"game","ms":419834,"predicted":false,"t":8,"tick":25054,"type":"hit"}
[client] {"a":4,"dup":false,"ev":"game","ms":419883,"predicted":false,"t":5,"tick":25057,"type":"hit"}
[client] {"counts":{"blocks_on_me":1,"conf_actions":246,"confirmed_hits":1198,"dup_confirmed":0,"hits_on_me":126,"pred_actions":264,"predicted_confirmed":103,"predicted_hits":241,"reconnects":0},"ev":"stats","hp":30.0,"in_bytes":5547336,"late":0,"local_entity":7,"match":{"countdown_until":300,"ctrl":-1,"final":false,"next":"A","phase":3,"rot":434,"scores":[40,40],"sd":false,"state":3,"tick":24766,"zone":"B"},"max_err":1.995,"mean_err":0.0195,"ms":419964,"out_bytes":1228250,"pending":7,"pos":[0.35,-2.72],"reconciles":8322,"server_tick":25066,"snaps":8335,"teleports":12}
[client] {"a":0,"dup":false,"ev":"game","ms":420140,"predicted":false,"t":5,"tick":25072,"type":"hit"}
[client] {"a":0,"dup":false,"ev":"game","ms":420158,"predicted":false,"t":8,"tick":25074,"type":"hit"}
[client] {"a":0,"dup":false,"ev":"game","ms":420179,"predicted":false,"t":6,"tick":25075,"type":"hit"}
[client] {"a":6,"dup":false,"ev":"game","ms":420179,"predicted":false,"t":-1,"tick":25075,"type":"ko"}
[client] {"a":4,"dup":false,"ev":"game","ms":420697,"predicted":false,"t":5,"tick":25106,"type":"hit"}
[client] {"a":7,"dup":false,"ev":"game","ms":420731,"predicted":false,"t":4,"tick":25113,"type":"hit"}
[client] {"a":7,"dup":true,"ev":"game","ms":420745,"predicted":false,"t":0,"tick":25114,"type":"hit"}
[client] {"a":3,"dup":false,"ev":"game","ms":421414,"predicted":false,"t":-1,"tick":25149,"type":"respawn"}
[client] {"a":7,"dup":true,"ev":"game","ms":421497,"predicted":false,"t":1,"tick":25159,"type":"hit"}
[client] {"a":2,"dup":false,"ev":"game","ms":421711,"predicted":false,"t":-1,"tick":25166,"type":"respawn"}
[client] {"a":7,"dup":false,"ev":"game","ms":421897,"predicted":false,"t":-1,"tick":25182,"type":"ko"}
[client] {"a":4,"dup":false,"ev":"game","ms":421980,"predicted":false,"t":7,"tick":25182,"type":"hit"}
[client] {"a":4,"dup":false,"ev":"game","ms":422063,"predicted":false,"t":5,"tick":25187,"type":"hit"}
[client] {"a":1,"dup":false,"ev":"game","ms":422076,"predicted":false,"t":5,"tick":25188,"type":"hit"}
[client] {"a":0,"dup":false,"ev":"game","ms":422111,"predicted":false,"t":5,"tick":25190,"type":"hit"}
[client] {"a":0,"dup":false,"ev":"game","ms":422111,"predicted":false,"t":9,"tick":25190,"type":"hit"}
[client] {"a":9,"dup":false,"ev":"game","ms":422111,"predicted":false,"t":-1,"tick":25190,"type":"ko"}
[client] {"a":8,"dup":false,"ev":"game","ms":422746,"predicted":false,"t":4,"tick":25229,"type":"hit"}
[client] {"a":0,"dup":false,"ev":"game","ms":422967,"predicted":false,"t":8,"tick":25242,"type":"hit"}
[client] {"a":1,"dup":false,"ev":"game","ms":423029,"predicted":false,"t":8,"tick":25245,"type":"hit"}
[client] {"a":8,"dup":false,"ev":"game","ms":423498,"predicted":false,"t":0,"tick":25273,"type":"hit"}
[client] {"a":0,"dup":false,"ev":"game","ms":423498,"predicted":false,"t":-1,"tick":25273,"type":"ko"}
[client] {"a":1,"dup":false,"ev":"game","ms":423698,"predicted":false,"t":5,"tick":25285,"type":"block"}
[client] {"a":1,"dup":false,"ev":"game","ms":423698,"predicted":false,"t":8,"tick":25285,"type":"hit"}
[client] {"a":5,"dup":false,"ev":"game","ms":424099,"predicted":false,"t":1,"tick":25309,"type":"hit"}
[client] {"a":5,"dup":false,"ev":"game","ms":424478,"predicted":false,"t":4,"tick":25332,"type":"hit"}
[client] {"a":1,"dup":false,"ev":"game","ms":424733,"predicted":false,"t":5,"tick":25348,"type":"hit"}
[client] {"counts":{"blocks_on_me":1,"conf_actions":249,"confirmed_hits":1218,"dup_confirmed":0,"hits_on_me":127,"pred_actions":267,"predicted_confirmed":105,"predicted_hits":246,"reconnects":0},"ev":"stats","hp":0.0,"in_bytes":5616772,"late":0,"local_entity":7,"match":{"countdown_until":300,"ctrl":-1,"final":false,"next":"A","phase":3,"rot":134,"scores":[40,40],"sd":false,"state":3,"tick":25066,"zone":"B"},"max_err":1.995,"mean_err":0.0193,"ms":424967,"out_bytes":1242950,"pending":7,"pos":[-0.16,-3.92],"reconciles":8422,"server_tick":25366,"snaps":8435,"teleports":12}
[client] {"a":8,"dup":false,"ev":"game","ms":425078,"predicted":false,"t":1,"tick":25369,"type":"hit"}
[client] {"a":8,"dup":false,"ev":"game","ms":425368,"predicted":false,"t":4,"tick":25386,"type":"hit"}
[client] {"a":1,"dup":false,"ev":"game","ms":425464,"predicted":false,"t":8,"tick":25392,"type":"hit"}
[client] {"a":4,"dup":false,"ev":"game","ms":425768,"predicted":false,"t":8,"tick":25410,"type":"hit"}
[client] {"a":4,"dup":false,"ev":"game","ms":426079,"predicted":false,"t":8,"tick":25429,"type":"hit"}
[client] {"a":1,"dup":false,"ev":"game","ms":426134,"predicted":false,"t":8,"tick":25432,"type":"hit"}
[client] {"a":8,"dup":false,"ev":"game","ms":426134,"predicted":false,"t":-1,"tick":25432,"type":"ko"}
[client] {"a":4,"dup":false,"ev":"game","ms":426465,"predicted":false,"t":5,"tick":25452,"type":"block"}
[client] {"a":1,"dup":false,"ev":"game","ms":427030,"predicted":false,"t":5,"tick":25486,"type":"block"}
[client] {"a":4,"dup":false,"ev":"game","ms":427148,"predicted":false,"t":5,"tick":25493,"type":"block"}
[client] {"a":-1,"dup":false,"ev":"game","ms":427251,"predicted":false,"t":-1,"tick":25499,"type":"zone_rotated"}
[client] {"a":4,"dup":false,"ev":"game","ms":427852,"predicted":false,"t":5,"tick":25535,"type":"hit"}
[client] {"a":5,"dup":false,"ev":"game","ms":427852,"predicted":false,"t":-1,"tick":25535,"type":"ko"}
[client] {"counts":{"blocks_on_me":1,"conf_actions":249,"confirmed_hits":1225,"dup_confirmed":0,"hits_on_me":127,"pred_actions":267,"predicted_confirmed":105,"predicted_hits":246,"reconnects":0},"ev":"stats","hp":0.0,"in_bytes":5676300,"late":0,"local_entity":7,"match":{"countdown_until":300,"ctrl":-1,"final":true,"next":"","phase":3,"rot":3434,"scores":[40,40],"sd":false,"state":1,"tick":25366,"zone":"A"},"max_err":1.995,"mean_err":0.0191,"ms":429969,"out_bytes":1257650,"pending":7,"pos":[-0.16,-3.92],"reconciles":8522,"server_tick":25666,"snaps":8535,"teleports":12}
[client] {"a":6,"dup":false,"ev":"game","ms":430184,"predicted":false,"t":-1,"tick":25675,"type":"respawn"}
[client] {"a":7,"dup":false,"ev":"game","ms":431889,"predicted":false,"t":-1,"tick":25782,"type":"respawn"}
[client] {"a":9,"dup":false,"ev":"game","ms":432102,"predicted":false,"t":-1,"tick":25790,"type":"respawn"}
[client] {"a":0,"dup":false,"ev":"game","ms":433489,"predicted":false,"t":-1,"tick":25873,"type":"respawn"}
[client] {"counts":{"blocks_on_me":1,"conf_actions":249,"confirmed_hits":1225,"dup_confirmed":0,"hits_on_me":127,"pred_actions":267,"predicted_confirmed":105,"predicted_hits":246,"reconnects":0},"ev":"stats","hp":220.0,"in_bytes":5725334,"late":0,"local_entity":7,"match":{"countdown_until":300,"ctrl":0,"final":true,"next":"","phase":3,"rot":3134,"scores":[42,40],"sd":false,"state":2,"tick":25666,"zone":"A"},"max_err":1.995,"mean_err":0.0189,"ms":434965,"out_bytes":1272350,"pending":7,"pos":[0.36,28.05],"reconciles":8621,"server_tick":25966,"snaps":8635,"teleports":13}
[client] {"a":8,"dup":false,"ev":"game","ms":436133,"predicted":false,"t":-1,"tick":26032,"type":"respawn"}
[client] {"a":5,"dup":false,"ev":"game","ms":437850,"predicted":false,"t":-1,"tick":26135,"type":"respawn"}
[client] {"counts":{"blocks_on_me":1,"conf_actions":249,"confirmed_hits":1225,"dup_confirmed":0,"hits_on_me":127,"pred_actions":267,"predicted_confirmed":105,"predicted_hits":246,"reconnects":0},"ev":"stats","hp":220.0,"in_bytes":5781885,"late":0,"local_entity":7,"match":{"countdown_until":300,"ctrl":-1,"final":true,"next":"","phase":3,"rot":2834,"scores":[47,40],"sd":false,"state":3,"tick":25966,"zone":"A"},"max_err":1.995,"mean_err":0.0186,"ms":439967,"out_bytes":1287050,"pending":7,"pos":[-26.1,9.42],"reconciles":8721,"server_tick":26266,"snaps":8735,"teleports":13}
[client] {"a":6,"dup":false,"ev":"game","ms":442107,"predicted":false,"t":3,"tick":26390,"type":"hit"}
[client] {"a":6,"dup":false,"ev":"game","ms":442363,"predicted":false,"t":3,"tick":26405,"type":"hit"}
[client] {"a":7,"dup":false,"ev":"game","ms":442598,"predicted":false,"t":2,"tick":26424,"type":"hit"}
[client] {"a":9,"dup":false,"ev":"game","ms":442894,"predicted":false,"t":3,"tick":26437,"type":"hit"}
[client] {"a":4,"dup":false,"ev":"game","ms":442908,"predicted":false,"t":7,"tick":26438,"type":"hit"}
[client] {"a":1,"dup":false,"ev":"game","ms":443163,"predicted":false,"t":6,"tick":26453,"type":"hit"}
[client] {"a":7,"dup":true,"ev":"game","ms":443198,"predicted":false,"t":4,"tick":26461,"type":"hit"}
[client] {"a":2,"dup":false,"ev":"game","ms":443398,"predicted":false,"t":7,"tick":26467,"type":"hit"}
[client] {"a":0,"dup":false,"ev":"game","ms":443411,"predicted":false,"t":7,"tick":26468,"type":"hit"}
[client] {"a":1,"dup":false,"ev":"game","ms":443563,"predicted":false,"t":6,"tick":26477,"type":"hit"}
[client] {"a":2,"dup":false,"ev":"game","ms":443895,"predicted":false,"t":9,"tick":26497,"type":"hit"}
[client] {"a":1,"dup":false,"ev":"game","ms":443943,"predicted":false,"t":6,"tick":26500,"type":"hit"}
[client] {"a":2,"dup":false,"ev":"game","ms":444529,"predicted":false,"t":7,"tick":26535,"type":"hit"}
[client] {"a":9,"dup":false,"ev":"game","ms":444626,"predicted":false,"t":2,"tick":26541,"type":"hit"}
[client] {"a":0,"dup":false,"ev":"game","ms":444799,"predicted":false,"t":9,"tick":26551,"type":"hit"}
[client] {"counts":{"blocks_on_me":1,"conf_actions":255,"confirmed_hits":1240,"dup_confirmed":0,"hits_on_me":131,"pred_actions":273,"predicted_confirmed":106,"predicted_hits":250,"reconnects":0},"ev":"stats","hp":144.0,"in_bytes":5854243,"late":0,"local_entity":7,"match":{"countdown_until":300,"ctrl":-1,"final":true,"next":"","phase":3,"rot":2534,"scores":[47,40],"sd":false,"state":3,"tick":26266,"zone":"A"},"max_err":1.995,"mean_err":0.0188,"ms":444963,"out_bytes":1301750,"pending":7,"pos":[-40.2,1.89],"reconciles":8821,"server_tick":26566,"snaps":8835,"teleports":13}
[client] {"a":7,"dup":true,"ev":"game","ms":444965,"predicted":false,"t":2,"tick":26567,"type":"hit"}
[client] {"a":0,"dup":false,"ev":"game","ms":445426,"predicted":false,"t":7,"tick":26589,"type":"hit"}
[client] {"a":1,"dup":false,"ev":"game","ms":445682,"predicted":false,"t":6,"tick":26604,"type":"hit"}
[client] {"a":2,"dup":false,"ev":"game","ms":445744,"predicted":false,"t":9,"tick":26608,"type":"hit"}
[client] {"a":3,"dup":false,"ev":"game","ms":445895,"predicted":false,"t":7,"tick":26617,"type":"hit"}
[client] {"a":6,"dup":false,"ev":"game","ms":446144,"predicted":false,"t":4,"tick":26632,"type":"hit"}
[client] {"a":1,"dup":false,"ev":"game","ms":446178,"predicted":false,"t":6,"tick":26634,"type":"hit"}
[client] {"a":7,"dup":true,"ev":"game","ms":446344,"predicted":false,"t":3,"tick":26649,"type":"hit"}
[client] {"a":8,"dup":false,"ev":"game","ms":446599,"predicted":false,"t":2,"tick":26659,"type":"hit"}
[client] {"a":7,"dup":true,"ev":"game","ms":446648,"predicted":false,"t":3,"tick":26668,"type":"hit"}
[client] {"a":6,"dup":false,"ev":"game","ms":446813,"predicted":false,"t":3,"tick":26672,"type":"hit"}
[client] {"a":8,"dup":false,"ev":"game","ms":446814,"predicted":false,"t":2,"tick":26672,"type":"hit"}
[client] {"a":4,"dup":false,"ev":"game","ms":446882,"predicted":false,"t":6,"tick":26676,"type":"hit"}
[client] {"a":4,"dup":false,"ev":"game","ms":446896,"predicted":false,"t":7,"tick":26677,"type":"hit"}
[client] {"a":0,"dup":false,"ev":"game","ms":446945,"predicted":false,"t":6,"tick":26680,"type":"hit"}
[client] {"a":9,"dup":false,"ev":"game","ms":447027,"predicted":false,"t":2,"tick":26685,"type":"hit"}
[client] {"a":9,"dup":false,"ev":"game","ms":447345,"predicted":false,"t":2,"tick":26704,"type":"hit"}
[client] {"a":3,"dup":false,"ev":"game","ms":447483,"predicted":false,"t":6,"tick":26712,"type":"hit"}
[client] {"a":8,"dup":false,"ev":"game","ms":447600,"predicted":false,"t":2,"tick":26719,"type":"hit"}
[client] {"a":8,"dup":false,"ev":"game","ms":447614,"predicted":false,"t":3,"tick":26720,"type":"hit"}
[client] {"a":4,"dup":false,"ev":"game","ms":447848,"predicted":false,"t":7,"tick":26734,"type":"hit"}
[client] {"a":0,"dup":false,"ev":"game","ms":448014,"predicted":false,"t":7,"tick":26744,"type":"hit"}
[client] {"a":3,"dup":false,"ev":"game","ms":448131,"predicted":false,"t":7,"tick":26751,"type":"hit"}
[client] {"a":3,"dup":false,"ev":"game","ms":448497,"predicted":false,"t":7,"tick":26773,"type":"hit"}
[client] {"a":8,"dup":false,"ev":"game","ms":448649,"predicted":false,"t":0,"tick":26782,"type":"hit"}
[client] {"a":8,"dup":false,"ev":"game","ms":448697,"predicted":false,"t":4,"tick":26785,"type":"hit"}
[client] {"a":3,"dup":false,"ev":"game","ms":448849,"predicted":false,"t":7,"tick":26794,"type":"hit"}
[client] {"a":1,"dup":false,"ev":"game","ms":449146,"predicted":false,"t":8,"tick":26812,"type":"hit"}
[client] {"a":7,"dup":true,"ev":"game","ms":449484,"predicted":false,"t":2,"tick":26838,"type":"hit"}
[client] {"a":1,"dup":false,"ev":"game","ms":449532,"predicted":false,"t":5,"tick":26835,"type":"hit"}
[client] {"a":9,"dup":false,"ev":"game","ms":449546,"predicted":false,"t":2,"tick":26836,"type":"hit"}
[client] {"a":2,"dup":false,"ev":"game","ms":449580,"predicted":false,"t":-1,"tick":26838,"type":"ko"}
[client] {"a":1,"dup":false,"ev":"game","ms":449863,"predicted":false,"t":5,"tick":26855,"type":"block"}
[client] {"a":8,"dup":false,"ev":"game","ms":449884,"predicted":false,"t":1,"tick":26856,"type":"hit"}
[client] {"counts":{"blocks_on_me":1,"conf_actions":265,"confirmed_hits":1272,"dup_confirmed":0,"hits_on_me":139,"pred_actions":285,"predicted_confirmed":110,"predicted_hits":259,"reconnects":0},"ev":"stats","hp":6.0,"in_bytes":5933008,"late":0,"local_entity":7,"match":{"countdown_until":300,"ctrl":-1,"final":true,"next":"","phase":3,"rot":2234,"scores":[47,40],"sd":false,"state":3,"tick":26566,"zone":"A"},"max_err":1.995,"mean_err":0.0197,"ms":449966,"out_bytes":1316450,"pending":7,"pos":[-40.56,4.74],"reconciles":8921,"server_tick":26866,"snaps":8935,"teleports":13}
[client] {"a":0,"dup":false,"ev":"game","ms":450250,"predicted":false,"t":8,"tick":26878,"type":"hit"}
[client] {"a":6,"dup":false,"ev":"game","ms":450332,"predicted":false,"t":1,"tick":26883,"type":"hit"}
[client] {"a":0,"dup":false,"ev":"game","ms":450567,"predicted":false,"t":9,"tick":26897,"type":"hit"}
[client] {"a":8,"dup":false,"ev":"game","ms":450615,"predicted":false,"t":0,"tick":26900,"type":"hit"}
[client] {"a":3,"dup":false,"ev":"game","ms":450629,"predicted":false,"t":9,"tick":26901,"type":"hit"}
[client] {"a":7,"dup":false,"ev":"game","ms":450864,"predicted":false,"t":-1,"tick":26920,"type":"ko"}
[client] {"a":8,"dup":false,"ev":"game","ms":450918,"predicted":false,"t":0,"tick":26918,"type":"hit"}
[client] {"a":3,"dup":false,"ev":"game","ms":450946,"predicted":false,"t":7,"tick":26920,"type":"hit"}
[client] {"a":9,"dup":false,"ev":"game","ms":451001,"predicted":false,"t":0,"tick":26923,"type":"hit"}
[client] {"a":6,"dup":false,"ev":"game","ms":451029,"predicted":false,"t":1,"tick":26925,"type":"hit"}
[client] {"a":4,"dup":false,"ev":"game","ms":451084,"predicted":false,"t":8,"tick":26928,"type":"hit"}
[client] {"a":3,"dup":false,"ev":"game","ms":451415,"predicted":false,"t":9,"tick":26948,"type":"block"}
[client] {"a":6,"dup":false,"ev":"game","ms":451450,"predicted":false,"t":1,"tick":26950,"type":"hit"}
[client] {"a":5,"dup":false,"ev":"game","ms":451498,"predicted":false,"t":4,"tick":26953,"type":"hit"}
[client] {"a":9,"dup":false,"ev":"game","ms":451664,"predicted":false,"t":3,"tick":26963,"type":"block"}
[client] {"a":4,"dup":false,"ev":"game","ms":451864,"predicted":false,"t":5,"tick":26975,"type":"hit"}
[client] {"a":9,"dup":false,"ev":"game","ms":451981,"predicted":false,"t":3,"tick":26982,"type":"hit"}
[client] {"a":0,"dup":false,"ev":"game","ms":452286,"predicted":false,"t":5,"tick":27000,"type":"hit"}
[client] {"a":8,"dup":false,"ev":"game","ms":452402,"predicted":false,"t":3,"tick":27007,"type":"hit"}
[client] {"a":1,"dup":false,"ev":"game","ms":452464,"predicted":false,"t":5,"tick":27011,"type":"hit"}
[client] {"a":9,"dup":false,"ev":"game","ms":452464,"predicted":false,"t":3,"tick":27011,"type":"hit"}
[client] {"a":6,"dup":false,"ev":"game","ms":452533,"predicted":false,"t":0,"tick":27016,"type":"hit"}
[client] {"a":0,"dup":false,"ev":"game","ms":452933,"predicted":false,"t":9,"tick":27040,"type":"hit"}
[client] {"a":6,"dup":false,"ev":"game","ms":453086,"predicted":false,"t":0,"tick":27049,"type":"hit"}
[client] {"a":3,"dup":false,"ev":"game","ms":453182,"predicted":false,"t":5,"tick":27055,"type":"hit"}
[client] {"a":5,"dup":false,"ev":"game","ms":453547,"predicted":false,"t":0,"tick":27077,"type":"hit"}
[client] {"a":1,"dup":false,"ev":"game","ms":453747,"predicted":false,"t":6,"tick":27089,"type":"hit"}
[client] {"a":0,"dup":false,"ev":"game","ms":453899,"predicted":false,"t":5,"tick":27098,"type":"hit"}
[client] {"a":3,"dup":false,"ev":"game","ms":453948,"predicted":false,"t":5,"tick":27101,"type":"hit"}
[client] {"a":1,"dup":false,"ev":"game","ms":454099,"predicted":false,"t":5,"tick":27110,"type":"hit"}
[client] {"a":1,"dup":false,"ev":"game","ms":454099,"predicted":false,"t":6,"tick":27110,"type":"hit"}
[client] {"a":8,"dup":false,"ev":"game","ms":454183,"predicted":false,"t":4,"tick":27115,"type":"hit"}
[client] {"a":0,"dup":false,"ev":"game","ms":454458,"predicted":false,"t":5,"tick":27132,"type":"hit"}
[client] {"a":8,"dup":false,"ev":"game","ms":454479,"predicted":false,"t":4,"tick":27133,"type":"hit"}
[client] {"a":1,"dup":false,"ev":"game","ms":454514,"predicted":false,"t":5,"tick":27135,"type":"hit"}
[client] {"a":6,"dup":false,"ev":"game","ms":454658,"predicted":false,"t":3,"tick":27144,"type":"hit"}
[client] {"a":9,"dup":false,"ev":"game","ms":454831,"predicted":false,"t":3,"tick":27154,"type":"hit"}
[client] {"a":6,"dup":false,"ev":"game","ms":454914,"predicted":false,"t":3,"tick":27159,"type":"hit"}
[client] {"a":3,"dup":false,"ev":"game","ms":454914,"predicted":false,"t":-1,"tick":27159,"type":"ko"}
[client] {"counts":{"blocks_on_me":1,"conf_actions":265,"confirmed_hits":1307,"dup_confirmed":0,"hits_on_me":140,"pred_actions":286,"predicted_confirmed":110,"predicted_hits":259,"reconnects":0},"ev":"stats","hp":0.0,"in_bytes":6010033,"late":0,"local_entity":7,"match":{"countdown_until":300,"ctrl":-1,"final":true,"next":"","phase":3,"rot":1934,"scores":[47,40],"sd":false,"state":3,"tick":26866,"zone":"A"},"max_err":1.995,"mean_err":0.0195,"ms":454961,"out_bytes":1331150,"pending":7,"pos":[-41.4,3.06],"reconciles":9021,"server_tick":27166,"snaps":9035,"teleports":13}
[client] {"a":4,"dup":false,"ev":"game","ms":454996,"predicted":false,"t":8,"tick":27164,"type":"hit"}
[client] {"a":0,"dup":false,"ev":"game","ms":455376,"predicted":false,"t":6,"tick":27187,"type":"hit"}
[client] {"a":8,"dup":false,"ev":"game","ms":455679,"predicted":false,"t":4,"tick":27205,"type":"hit"}
[client] {"a":6,"dup":false,"ev":"game","ms":455880,"predicted":false,"t":0,"tick":27217,"type":"hit"}
[client] {"a":9,"dup":false,"ev":"game","ms":455880,"predicted":false,"t":0,"tick":27217,"type":"hit"}
[client] {"a":8,"dup":false,"ev":"game","ms":455976,"predicted":false,"t":4,"tick":27223,"type":"hit"}
[client] {"a":6,"dup":false,"ev":"game","ms":456211,"predicted":false,"t":0,"tick":27236,"type":"hit"}
[client] {"a":4,"dup":false,"ev":"game","ms":456362,"predicted":false,"t":8,"tick":27246,"type":"hit"}
[client] {"a":1,"dup":false,"ev":"game","ms":456432,"predicted":false,"t":8,"tick":27250,"type":"hit"}
[client] {"a":6,"dup":false,"ev":"game","ms":456542,"predicted":false,"t":0,"tick":27257,"type":"hit"}
[client] {"a":5,"dup":false,"ev":"game","ms":456611,"predicted":false,"t":0,"tick":27260,"type":"hit"}
[client] {"a":0,"dup":false,"ev":"game","ms":456611,"predicted":false,"t":-1,"tick":27260,"type":"ko"}
[client] {"a":4,"dup":false,"ev":"game","ms":456728,"predicted":false,"t":8,"tick":27268,"type":"hit"}
[client] {"a":6,"dup":false,"ev":"game","ms":457377,"predicted":false,"t":1,"tick":27306,"type":"hit"}
[client] {"a":1,"dup":false,"ev":"game","ms":457729,"predicted":false,"t":9,"tick":27328,"type":"hit"}
[client] {"a":6,"dup":false,"ev":"game","ms":457729,"predicted":false,"t":1,"tick":27328,"type":"hit"}
[client] {"a":8,"dup":false,"ev":"game","ms":457963,"predicted":false,"t":1,"tick":27341,"type":"hit"}
[client] {"a":5,"dup":false,"ev":"game","ms":458081,"predicted":false,"t":1,"tick":27349,"type":"hit"}
[client] {"a":6,"dup":false,"ev":"game","ms":458094,"predicted":false,"t":1,"tick":27350,"type":"hit"}
[client] {"a":5,"dup":false,"ev":"game","ms":458633,"predicted":false,"t":1,"tick":27382,"type":"hit"}
[client] {"a":9,"dup":false,"ev":"game","ms":458729,"predicted":false,"t":4,"tick":27388,"type":"hit"}
[client] {"a":8,"dup":false,"ev":"game","ms":458860,"predicted":false,"t":4,"tick":27396,"type":"hit"}
[client] {"a":9,"dup":false,"ev":"game","ms":459060,"predicted":false,"t":4,"tick":27408,"type":"hit"}
[client] {"a":8,"dup":false,"ev":"game","ms":459095,"predicted":false,"t":4,"tick":27410,"type":"hit"}
[client] {"a":9,"dup":false,"ev":"game","ms":459433,"predicted":false,"t":1,"tick":27429,"type":"hit"}
[client] {"a":1,"dup":false,"ev":"game","ms":459433,"predicted":false,"t":-1,"tick":27429,"type":"ko"}
[client] {"a":2,"dup":false,"ev":"game","ms":459578,"predicted":false,"t":-1,"tick":27438,"type":"respawn"}
[client] {"a":4,"dup":false,"ev":"game","ms":459633,"predicted":false,"t":8,"tick":27441,"type":"hit"}
[client] {"a":4,"dup":false,"ev":"game","ms":459647,"predicted":false,"t":9,"tick":27443,"type":"hit"}
[client] {"counts":{"blocks_on_me":1,"conf_actions":265,"confirmed_hits":1333,"dup_confirmed":0,"hits_on_me":140,"pred_actions":286,"predicted_confirmed":110,"predicted_hits":259,"reconnects":0},"ev":"stats","hp":0.0,"in_bytes":6074763,"late":0,"local_entity":7,"match":{"countdown_until":300,"ctrl":-1,"final":true,"next":"","phase":3,"rot":1634,"scores":[47,40],"sd":false,"state":3,"tick":27166,"zone":"A"},"max_err":1.995,"mean_err":0.0193,"ms":459964,"out_bytes":1345850,"pending":7,"pos":[-41.4,3.06],"reconciles":9121,"server_tick":27466,"snaps":9135,"teleports":13}
[client] {"a":4,"dup":false,"ev":"game","ms":459965,"predicted":false,"t":8,"tick":27461,"type":"hit"}
[client] {"a":9,"dup":false,"ev":"game","ms":460131,"predicted":false,"t":4,"tick":27472,"type":"hit"}
[client] {"a":8,"dup":false,"ev":"game","ms":460296,"predicted":false,"t":4,"tick":27482,"type":"hit"}
[client] {"a":9,"dup":false,"ev":"game","ms":460578,"predicted":false,"t":4,"tick":27498,"type":"hit"}
[client] {"a":4,"dup":false,"ev":"game","ms":460578,"predicted":false,"t":-1,"tick":27498,"type":"ko"}
[client] {"a":7,"dup":false,"ev":"game","ms":460847,"predicted":false,"t":-1,"tick":27520,"type":"respawn"}
[client] {"a":3,"dup":false,"ev":"game","ms":464918,"predicted":false,"t":-1,"tick":27759,"type":"respawn"}
[client] {"counts":{"blocks_on_me":1,"conf_actions":265,"confirmed_hits":1337,"dup_confirmed":0,"hits_on_me":140,"pred_actions":286,"predicted_confirmed":110,"predicted_hits":259,"reconnects":0},"ev":"stats","hp":220.0,"in_bytes":6124964,"late":0,"local_entity":7,"match":{"countdown_until":300,"ctrl":1,"final":true,"next":"","phase":3,"rot":1334,"scores":[47,44],"sd":false,"state":2,"tick":27466,"zone":"A"},"max_err":1.995,"mean_err":0.0191,"ms":464966,"out_bytes":1360550,"pending":7,"pos":[-24.13,30.39],"reconciles":9220,"server_tick":27766,"snaps":9235,"teleports":14}
[client] {"a":0,"dup":false,"ev":"game","ms":466602,"predicted":false,"t":-1,"tick":27860,"type":"respawn"}
[client] {"a":1,"dup":false,"ev":"game","ms":469417,"predicted":false,"t":-1,"tick":28029,"type":"respawn"}
[client] {"counts":{"blocks_on_me":1,"conf_actions":265,"confirmed_hits":1337,"dup_confirmed":0,"hits_on_me":140,"pred_actions":286,"predicted_confirmed":110,"predicted_hits":259,"reconnects":0},"ev":"stats","hp":220.0,"in_bytes":6173947,"late":0,"local_entity":7,"match":{"countdown_until":300,"ctrl":-1,"final":true,"next":"","phase":3,"rot":1034,"scores":[47,48],"sd":false,"state":3,"tick":27766,"zone":"A"},"max_err":1.995,"mean_err":0.0189,"ms":469962,"out_bytes":1375250,"pending":7,"pos":[-38.65,1.99],"reconciles":9320,"server_tick":28066,"snaps":9335,"teleports":14}
[client] {"a":4,"dup":false,"ev":"game","ms":470577,"predicted":false,"t":-1,"tick":28098,"type":"respawn"}
[client] {"a":7,"dup":true,"ev":"game","ms":470832,"predicted":false,"t":2,"tick":28119,"type":"hit"}
[client] {"a":7,"dup":true,"ev":"game","ms":471150,"predicted":false,"t":2,"tick":28138,"type":"hit"}
[client] {"a":5,"dup":false,"ev":"game","ms":471315,"predicted":false,"t":2,"tick":28142,"type":"hit"}
[client] {"a":9,"dup":false,"ev":"game","ms":471351,"predicted":false,"t":2,"tick":28144,"type":"hit"}
[client] {"a":2,"dup":false,"ev":"game","ms":472495,"predicted":false,"t":7,"tick":28214,"type":"hit"}
[client] {"a":2,"dup":false,"ev":"game","ms":472495,"predicted":false,"t":8,"tick":28214,"type":"hit"}
[client] {"a":2,"dup":false,"ev":"game","ms":472495,"predicted":false,"t":9,"tick":28214,"type":"hit"}
[client] {"a":6,"dup":false,"ev":"game","ms":472985,"predicted":false,"t":2,"tick":28243,"type":"hit"}
[client] {"a":5,"dup":false,"ev":"game","ms":473150,"predicted":false,"t":2,"tick":28253,"type":"hit"}
[client] {"a":6,"dup":false,"ev":"game","ms":473316,"predicted":false,"t":2,"tick":28263,"type":"hit"}
[client] {"a":5,"dup":false,"ev":"game","ms":473634,"predicted":false,"t":2,"tick":28282,"type":"hit"}
[client] {"a":8,"dup":false,"ev":"game","ms":474450,"predicted":false,"t":2,"tick":28331,"type":"hit"}
[client] {"a":5,"dup":false,"ev":"game","ms":474499,"predicted":false,"t":2,"tick":28334,"type":"hit"}
[client] {"a":2,"dup":false,"ev":"game","ms":474499,"predicted":false,"t":-1,"tick":28334,"type":"ko"}
[client] {"counts":{"blocks_on_me":1,"conf_actions":270,"confirmed_hits":1350,"dup_confirmed":0,"hits_on_me":141,"pred_actions":292,"predicted_confirmed":112,"predicted_hits":261,"reconnects":0},"ev":"stats","hp":186.0,"in_bytes":6239277,"late":0,"local_entity":7,"match":{"countdown_until":300,"ctrl":1,"final":true,"next":"","phase":3,"rot":734,"scores":[47,48],"sd":false,"state":2,"tick":28066,"zone":"A"},"max_err":1.995,"mean_err":0.019,"ms":474966,"out_bytes":1389950,"pending":7,"pos":[-41.86,-0.07],"reconciles":9419,"server_tick":28366,"snaps":9435,"teleports":14}
[client] {"a":6,"dup":false,"ev":"game","ms":476513,"predicted":false,"t":3,"tick":28455,"type":"hit"}
[client] {"a":6,"dup":false,"ev":"game","ms":476768,"predicted":false,"t":3,"tick":28470,"type":"hit"}
[client] {"a":3,"dup":false,"ev":"game","ms":478169,"predicted":false,"t":5,"tick":28554,"type":"hit"}
[client] {"a":7,"dup":true,"ev":"game","ms":478714,"predicted":false,"t":3,"tick":28592,"type":"hit"}
[client] {"a":6,"dup":false,"ev":"game","ms":478797,"predicted":false,"t":3,"tick":28592,"type":"hit"}
[client] {"a":7,"dup":true,"ev":"game","ms":479032,"predicted":false,"t":3,"tick":28611,"type":"hit"}
[client] {"a":6,"dup":false,"ev":"game","ms":479219,"predicted":false,"t":0,"tick":28617,"type":"hit"}
[client] {"a":3,"dup":false,"ev":"game","ms":479432,"predicted":false,"t":7,"tick":28630,"type":"hit"}
[client] {"a":0,"dup":false,"ev":"game","ms":479584,"predicted":false,"t":5,"tick":28639,"type":"hit"}
[client] {"a":0,"dup":false,"ev":"game","ms":479888,"predicted":false,"t":5,"tick":28657,"type":"hit"}
[client] {"counts":{"blocks_on_me":1,"conf_actions":276,"confirmed_hits":1360,"dup_confirmed":0,"hits_on_me":142,"pred_actions":298,"predicted_confirmed":114,"predicted_hits":267,"reconnects":0},"ev":"stats","hp":168.0,"in_bytes":6305023,"late":0,"local_entity":7,"match":{"countdown_until":300,"ctrl":-1,"final":true,"next":"","phase":3,"rot":434,"scores":[47,48],"sd":false,"state":3,"tick":28366,"zone":"A"},"max_err":1.995,"mean_err":0.0191,"ms":479969,"out_bytes":1404650,"pending":7,"pos":[-40.68,-0.52],"reconciles":9519,"server_tick":28666,"snaps":9535,"teleports":14}
[client] {"a":6,"dup":false,"ev":"game","ms":480032,"predicted":false,"t":0,"tick":28666,"type":"hit"}
[client] {"a":1,"dup":false,"ev":"game","ms":480170,"predicted":false,"t":7,"tick":28674,"type":"hit"}
[client] {"a":5,"dup":false,"ev":"game","ms":480266,"predicted":false,"t":0,"tick":28680,"type":"hit"}
[client] {"a":3,"dup":false,"ev":"game","ms":480537,"predicted":false,"t":6,"tick":28696,"type":"hit"}
[client] {"a":6,"dup":false,"ev":"game","ms":480901,"predicted":false,"t":3,"tick":28718,"type":"hit"}
[client] {"a":8,"dup":false,"ev":"game","ms":480949,"predicted":false,"t":0,"tick":28721,"type":"hit"}
[client] {"a":7,"dup":true,"ev":"game","ms":481288,"predicted":false,"t":1,"tick":28746,"type":"hit"}
[client] {"a":0,"dup":false,"ev":"game","ms":481301,"predicted":false,"t":8,"tick":28742,"type":"hit"}
[client] {"a":1,"dup":false,"ev":"game","ms":481301,"predicted":false,"t":6,"tick":28742,"type":"hit"}
[client] {"a":7,"dup":true,"ev":"game","ms":481350,"predicted":false,"t":3,"tick":28750,"type":"hit"}
[client] {"a":8,"dup":false,"ev":"game","ms":481690,"predicted":false,"t":0,"tick":28765,"type":"hit"}
[client] {"a":7,"dup":true,"ev":"game","ms":482654,"predicted":false,"t":3,"tick":28828,"type":"hit"}
[client] {"a":5,"dup":false,"ev":"game","ms":482737,"predicted":false,"t":3,"tick":28828,"type":"hit"}
[client] {"a":1,"dup":false,"ev":"game","ms":482854,"predicted":false,"t":7,"tick":28835,"type":"hit"}
[client] {"a":6,"dup":false,"ev":"game","ms":483013,"predicted":false,"t":3,"tick":28845,"type":"hit"}
[client] {"a":5,"dup":false,"ev":"game","ms":483061,"predicted":false,"t":3,"tick":28848,"type":"hit"}
[client] {"a":5,"dup":false,"ev":"game","ms":483109,"predicted":false,"t":1,"tick":28851,"type":"hit"}
[client] {"a":4,"dup":false,"ev":"game","ms":483130,"predicted":false,"t":7,"tick":28852,"type":"hit"}
[client] {"a":8,"dup":false,"ev":"game","ms":483130,"predicted":false,"t":0,"tick":28852,"type":"hit"}
[client] {"a":4,"dup":false,"ev":"game","ms":483165,"predicted":false,"t":6,"tick":28854,"type":"hit"}
[client] {"a":3,"dup":false,"ev":"game","ms":483399,"predicted":false,"t":5,"tick":28867,"type":"hit"}
[client] {"a":0,"dup":false,"ev":"game","ms":483509,"predicted":false,"t":8,"tick":28874,"type":"hit"}
[client] {"a":9,"dup":false,"ev":"game","ms":483682,"predicted":false,"t":4,"tick":28884,"type":"hit"}
[client] {"a":3,"dup":false,"ev":"game","ms":483709,"predicted":false,"t":5,"tick":28886,"type":"hit"}
[client] {"a":1,"dup":false,"ev":"game","ms":483779,"predicted":false,"t":5,"tick":28890,"type":"hit"}
[client] {"a":8,"dup":false,"ev":"game","ms":483896,"predicted":false,"t":0,"tick":28897,"type":"hit"}
[client] {"a":0,"dup":false,"ev":"game","ms":484248,"predicted":false,"t":8,"tick":28918,"type":"hit"}
[client] {"a":7,"dup":true,"ev":"game","ms":484310,"predicted":false,"t":3,"tick":28928,"type":"hit"}
[client] {"a":6,"dup":false,"ev":"game","ms":484365,"predicted":false,"t":3,"tick":28925,"type":"hit"}
[client] {"a":9,"dup":false,"ev":"game","ms":484414,"predicted":false,"t":3,"tick":28928,"type":"hit"}
[client] {"a":3,"dup":false,"ev":"game","ms":484414,"predicted":false,"t":-1,"tick":28928,"type":"ko"}
[client] {"a":2,"dup":false,"ev":"game","ms":484510,"predicted":false,"t":-1,"tick":28934,"type":"respawn"}
[client] {"a":7,"dup":true,"ev":"game","ms":484746,"predicted":false,"t":4,"tick":28954,"type":"hit"}
[client] {"a":7,"dup":false,"ev":"game","ms":484815,"predicted":false,"t":1,"tick":28957,"type":"hit"}
[client] {"a":0,"dup":false,"ev":"game","ms":484862,"predicted":false,"t":8,"tick":28955,"type":"hit"}
[client] {"counts":{"blocks_on_me":1,"conf_actions":283,"confirmed_hits":1393,"dup_confirmed":0,"hits_on_me":145,"pred_actions":306,"predicted_confirmed":119,"predicted_hits":280,"reconnects":0},"ev":"stats","hp":93.0,"in_bytes":6382132,"late":0,"local_entity":7,"match":{"countdown_until":300,"ctrl":-1,"final":true,"next":"","phase":3,"rot":134,"scores":[47,48],"sd":false,"state":3,"tick":28666,"zone":"A"},"max_err":1.995,"mean_err":0.0194,"ms":484964,"out_bytes":1419350,"pending":7,"pos":[-39.85,-0.91],"reconciles":9619,"server_tick":28966,"snaps":9635,"teleports":14}
[client] {"a":4,"dup":false,"ev":"game","ms":485428,"predicted":false,"t":7,"tick":28989,"type":"hit"}
[client] {"a":1,"dup":false,"ev":"game","ms":485628,"predicted":false,"t":7,"tick":29001,"type":"hit"}
[client] {"a":4,"dup":false,"ev":"game","ms":485931,"predicted":false,"t":7,"tick":29019,"type":"hit"}
[client] {"a":1,"dup":false,"ev":"game","ms":485980,"predicted":false,"t":7,"tick":29022,"type":"hit"}
[client] {"a":7,"dup":true,"ev":"game","ms":486297,"predicted":false,"t":4,"tick":29046,"type":"hit"}
[client] {"a":5,"dup":false,"ev":"game","ms":486311,"predicted":false,"t":0,"tick":29042,"type":"hit"}
[client] {"a":7,"dup":true,"ev":"game","ms":486601,"predicted":false,"t":4,"tick":29065,"type":"hit"}
[client] {"a":0,"dup":false,"ev":"game","ms":486697,"predicted":false,"t":5,"tick":29065,"type":"hit"}
[client] {"a":1,"dup":false,"ev":"game","ms":487015,"predicted":false,"t":7,"tick":29084,"type":"hit"}
[client] {"a":5,"dup":false,"ev":"game","ms":487084,"predicted":false,"t":0,"tick":29088,"type":"hit"}
[client] {"a":8,"dup":false,"ev":"game","ms":487084,"predicted":false,"t":0,"tick":29088,"type":"hit"}
[client] {"duration_s":480.0,"ev":"results","ms":487298,"reason":"time","score":[47,48],"winner":1}
[client] {"counts":{"blocks_on_me":1,"conf_actions":287,"confirmed_hits":1404,"dup_confirmed":0,"hits_on_me":150,"pred_actions":311,"predicted_confirmed":121,"predicted_hits":285,"reconnects":0},"ev":"stats","hp":3.0,"in_bytes":6416689,"late":0,"local_entity":7,"match":{"countdown_until":300,"ctrl":-1,"final":true,"next":"","phase":3,"rot":2,"scores":[47,48],"sd":false,"state":3,"tick":28798,"zone":"A"},"max_err":1.995,"mean_err":0.0195,"ms":487298,"out_bytes":1426259,"pending":16,"pos":[-40.19,-0.6],"reconciles":9663,"server_tick":29107,"snaps":9679,"teleports":14}
[client] {"a":-1,"dup":false,"ev":"game","ms":487311,"predicted":false,"t":-1,"tick":29099,"type":"match_end"}
ERROR: Attempt to disconnect a nonexistent connection from 'Net:<Node#47596963389>'. Signal: 'tree_exited', callable: ''.
   at: _disconnect (core/object/object.cpp:1644)
