Godot Engine v4.7.2.stable.official.ed1daf0bf - https://godotengine.org

[client] {"detail":"127.0.0.1:24610","ev":"status","ms":0,"status":"connecting"}
[client] {"detail":"","ev":"status","ms":55,"status":"connected"}
[client] {"ev":"welcome","ms":62,"observer":false,"pid":6}
[client] {"ev":"pick","f":"nyx","ms":221}
[client] {"ev":"lock","f":"nyx","ms":1022}
[client] {"ev":"match_setup","fighters":10,"ms":2061,"you":1}
[client] {"counts":{"blocks_on_me":0,"conf_actions":0,"confirmed_hits":0,"dup_confirmed":0,"hits_on_me":0,"pred_actions":0,"predicted_confirmed":0,"predicted_hits":0,"reconnects":0},"ev":"stats","hp":220.0,"in_bytes":97585,"late":0,"local_entity":1,"match":{"countdown_until":300,"ctrl":-1,"final":false,"next":"","phase":2,"rot":3600,"scores":[0,0],"sd":false,"state":1,"tick":0,"zone":""},"max_err":0.14,"mean_err":0.1258,"ms":4939,"out_bytes":8493,"pending":4,"pos":[-3.04,-46.39],"reconciles":56,"server_tick":173,"snaps":58,"teleports":1}
[client] {"counts":{"blocks_on_me":0,"conf_actions":0,"confirmed_hits":0,"dup_confirmed":0,"hits_on_me":0,"pred_actions":0,"predicted_confirmed":0,"predicted_hits":0,"reconnects":0},"ev":"stats","hp":220.0,"in_bytes":142642,"late":0,"local_entity":1,"match":{"countdown_until":300,"ctrl":-1,"final":false,"next":"","phase":3,"rot":3425,"scores":[0,0],"sd":false,"state":1,"tick":175,"zone":"B"},"max_err":0.14,"mean_err":0.0799,"ms":9942,"out_bytes":23193,"pending":4,"pos":[-1.73,-26.6],"reconciles":156,"server_tick":473,"snaps":158,"teleports":1}
[client] {"a":6,"dup":false,"ev":"game","ms":14607,"predicted":false,"t":1,"tick":749,"type":"hit"}
[client] {"counts":{"blocks_on_me":0,"conf_actions":1,"confirmed_hits":1,"dup_confirmed":0,"hits_on_me":1,"pred_actions":1,"predicted_confirmed":0,"predicted_hits":0,"reconnects":0},"ev":"stats","hp":194.0,"in_bytes":206560,"late":0,"local_entity":1,"match":{"countdown_until":300,"ctrl":-1,"final":false,"next":"","phase":3,"rot":3125,"scores":[0,0],"sd":false,"state":3,"tick":475,"zone":"B"},"max_err":0.56,"mean_err":0.054,"ms":14944,"out_bytes":37893,"pending":4,"pos":[-5.83,-5.9],"reconciles":256,"server_tick":773,"snaps":258,"teleports":1}
[client] {"a":6,"dup":false,"ev":"game","ms":15608,"predicted":false,"t":3,"tick":809,"type":"hit"}
[client] {"a":0,"dup":false,"ev":"game","ms":15746,"predicted":false,"t":8,"tick":817,"type":"hit"}
[client] {"a":2,"dup":false,"ev":"game","ms":15945,"predicted":false,"t":9,"tick":829,"type":"hit"}
[client] {"a":1,"dup":true,"ev":"game","ms":16125,"predicted":false,"t":6,"tick":845,"type":"hit"}
[client] {"a":7,"dup":false,"ev":"game","ms":16147,"predicted":false,"t":2,"tick":841,"type":"hit"}
[client] {"a":9,"dup":false,"ev":"game","ms":16477,"predicted":false,"t":4,"tick":861,"type":"hit"}
[client] {"a":9,"dup":false,"ev":"game","ms":16511,"predicted":false,"t":3,"tick":863,"type":"hit"}
[client] {"a":7,"dup":false,"ev":"game","ms":16525,"predicted":false,"t":2,"tick":864,"type":"hit"}
[client] {"a":0,"dup":false,"ev":"game","ms":16663,"predicted":false,"t":8,"tick":872,"type":"hit"}
[client] {"a":5,"dup":false,"ev":"game","ms":16808,"predicted":false,"t":4,"tick":881,"type":"hit"}
[client] {"a":5,"dup":false,"ev":"game","ms":16863,"predicted":false,"t":3,"tick":884,"type":"hit"}
[client] {"a":1,"dup":true,"ev":"game","ms":17008,"predicted":false,"t":7,"tick":898,"type":"hit"}
[client] {"a":8,"dup":false,"ev":"game","ms":17463,"predicted":false,"t":3,"tick":920,"type":"hit"}
[client] {"a":1,"dup":true,"ev":"game","ms":17912,"predicted":false,"t":6,"tick":952,"type":"hit"}
[client] {"a":2,"dup":false,"ev":"game","ms":18181,"predicted":false,"t":6,"tick":963,"type":"hit"}
[client] {"a":3,"dup":false,"ev":"game","ms":18181,"predicted":false,"t":8,"tick":963,"type":"hit"}
[client] {"a":3,"dup":false,"ev":"game","ms":18526,"predicted":false,"t":8,"tick":984,"type":"hit"}
[client] {"a":1,"dup":true,"ev":"game","ms":18664,"predicted":false,"t":5,"tick":996,"type":"hit"}
[client] {"a":1,"dup":true,"ev":"game","ms":18664,"predicted":false,"t":6,"tick":996,"type":"hit"}
[client] {"a":1,"dup":true,"ev":"game","ms":18678,"predicted":false,"t":9,"tick":998,"type":"hit"}
[client] {"a":3,"dup":false,"ev":"game","ms":18844,"predicted":false,"t":8,"tick":1003,"type":"hit"}
[client] {"a":4,"dup":false,"ev":"game","ms":18926,"predicted":false,"t":5,"tick":1008,"type":"hit"}
[client] {"a":7,"dup":false,"ev":"game","ms":19340,"predicted":false,"t":1,"tick":1033,"type":"hit"}
[client] {"a":4,"dup":false,"ev":"game","ms":19389,"predicted":false,"t":5,"tick":1036,"type":"hit"}
[client] {"a":0,"dup":false,"ev":"game","ms":19403,"predicted":false,"t":5,"tick":1037,"type":"hit"}
[client] {"a":4,"dup":false,"ev":"game","ms":19437,"predicted":false,"t":6,"tick":1039,"type":"hit"}
[client] {"a":2,"dup":false,"ev":"game","ms":19471,"predicted":false,"t":7,"tick":1041,"type":"hit"}
[client] {"a":3,"dup":false,"ev":"game","ms":19520,"predicted":false,"t":8,"tick":1044,"type":"hit"}
[client] {"a":9,"dup":false,"ev":"game","ms":19603,"predicted":false,"t":4,"tick":1049,"type":"hit"}
[client] {"a":0,"dup":false,"ev":"game","ms":19720,"predicted":false,"t":9,"tick":1056,"type":"hit"}
[client] {"a":2,"dup":false,"ev":"game","ms":19720,"predicted":false,"t":7,"tick":1056,"type":"hit"}
[client] {"a":5,"dup":false,"ev":"game","ms":19823,"predicted":false,"t":4,"tick":1061,"type":"hit"}
[client] {"a":1,"dup":false,"ev":"game","ms":19858,"predicted":false,"t":6,"tick":1069,"type":"block"}
[client] {"counts":{"blocks_on_me":0,"conf_actions":7,"confirmed_hits":33,"dup_confirmed":0,"hits_on_me":2,"pred_actions":7,"predicted_confirmed":6,"predicted_hits":11,"reconnects":0},"ev":"stats","hp":156.0,"in_bytes":285043,"late":0,"local_entity":1,"match":{"countdown_until":300,"ctrl":-1,"final":false,"next":"","phase":3,"rot":2825,"scores":[0,0],"sd":false,"state":3,"tick":775,"zone":"B"},"max_err":0.991,"mean_err":0.0439,"ms":19940,"out_bytes":52593,"pending":4,"pos":[0.4,-4.51],"reconciles":356,"server_tick":1073,"snaps":358,"teleports":1}
[client] {"a":5,"dup":false,"ev":"game","ms":20058,"predicted":false,"t":0,"tick":1075,"type":"hit"}
[client] {"a":5,"dup":false,"ev":"game","ms":20058,"predicted":false,"t":4,"tick":1075,"type":"hit"}
[client] {"a":9,"dup":false,"ev":"game","ms":20071,"predicted":false,"t":1,"tick":1076,"type":"hit"}
[client] {"a":5,"dup":false,"ev":"game","ms":20520,"predicted":false,"t":4,"tick":1103,"type":"hit"}
[client] {"a":2,"dup":false,"ev":"game","ms":20604,"predicted":false,"t":7,"tick":1108,"type":"hit"}
[client] {"a":1,"dup":true,"ev":"game","ms":20659,"predicted":false,"t":7,"tick":1116,"type":"hit"}
[client] {"a":5,"dup":false,"ev":"game","ms":20838,"predicted":false,"t":4,"tick":1122,"type":"hit"}
[client] {"a":5,"dup":false,"ev":"game","ms":20886,"predicted":false,"t":0,"tick":1125,"type":"hit"}
[client] {"a":8,"dup":false,"ev":"game","ms":20886,"predicted":false,"t":3,"tick":1125,"type":"hit"}
[client] {"a":5,"dup":false,"ev":"game","ms":21176,"predicted":false,"t":4,"tick":1142,"type":"hit"}
[client] {"a":5,"dup":false,"ev":"game","ms":21204,"predicted":false,"t":0,"tick":1144,"type":"hit"}
[client] {"a":1,"dup":true,"ev":"game","ms":21342,"predicted":false,"t":7,"tick":1157,"type":"hit"}
[client] {"a":2,"dup":false,"ev":"game","ms":21542,"predicted":false,"t":7,"tick":1164,"type":"hit"}
[client] {"a":8,"dup":false,"ev":"game","ms":21624,"predicted":false,"t":0,"tick":1169,"type":"hit"}
[client] {"a":4,"dup":false,"ev":"game","ms":21707,"predicted":false,"t":5,"tick":1174,"type":"hit"}
[client] {"a":9,"dup":false,"ev":"game","ms":22107,"predicted":false,"t":3,"tick":1198,"type":"hit"}
[client] {"a":1,"dup":true,"ev":"game","ms":22107,"predicted":false,"t":7,"tick":1203,"type":"hit"}
[client] {"a":8,"dup":false,"ev":"game","ms":22224,"predicted":false,"t":0,"tick":1205,"type":"hit"}
[client] {"a":5,"dup":false,"ev":"game","ms":22356,"predicted":false,"t":3,"tick":1213,"type":"hit"}
[client] {"a":2,"dup":false,"ev":"game","ms":22390,"predicted":false,"t":5,"tick":1215,"type":"hit"}
[client] {"a":0,"dup":false,"ev":"game","ms":22576,"predicted":false,"t":8,"tick":1226,"type":"hit"}
[client] {"a":9,"dup":false,"ev":"game","ms":22742,"predicted":false,"t":4,"tick":1236,"type":"hit"}
[client] {"a":7,"dup":false,"ev":"game","ms":22894,"predicted":false,"t":1,"tick":1245,"type":"hit"}
[client] {"a":8,"dup":false,"ev":"game","ms":22943,"predicted":false,"t":0,"tick":1248,"type":"hit"}
[client] {"a":3,"dup":false,"ev":"game","ms":23156,"predicted":false,"t":6,"tick":1262,"type":"hit"}
[client] {"a":0,"dup":false,"ev":"game","ms":23294,"predicted":false,"t":8,"tick":1269,"type":"hit"}
[client] {"a":3,"dup":false,"ev":"game","ms":23473,"predicted":false,"t":6,"tick":1280,"type":"hit"}
[client] {"a":1,"dup":true,"ev":"game","ms":23495,"predicted":false,"t":7,"tick":1287,"type":"hit"}
[client] {"a":9,"dup":false,"ev":"game","ms":23594,"predicted":false,"t":2,"tick":1288,"type":"hit"}
[client] {"a":8,"dup":false,"ev":"game","ms":23791,"predicted":false,"t":0,"tick":1300,"type":"hit"}
[client] {"a":5,"dup":false,"ev":"game","ms":23839,"predicted":false,"t":2,"tick":1303,"type":"hit"}
[client] {"a":5,"dup":false,"ev":"game","ms":23839,"predicted":false,"t":4,"tick":1303,"type":"hit"}
[client] {"a":7,"dup":false,"ev":"game","ms":23922,"predicted":false,"t":1,"tick":1308,"type":"hit"}
[client] {"a":9,"dup":false,"ev":"game","ms":24094,"predicted":false,"t":2,"tick":1318,"type":"hit"}
[client] {"a":3,"dup":false,"ev":"game","ms":24108,"predicted":false,"t":6,"tick":1319,"type":"hit"}
[client] {"a":3,"dup":false,"ev":"game","ms":24143,"predicted":false,"t":9,"tick":1321,"type":"hit"}
[client] {"a":0,"dup":false,"ev":"game","ms":24177,"predicted":false,"t":8,"tick":1323,"type":"hit"}
[client] {"a":7,"dup":false,"ev":"game","ms":24239,"predicted":false,"t":1,"tick":1327,"type":"hit"}
[client] {"a":5,"dup":false,"ev":"game","ms":24343,"predicted":false,"t":4,"tick":1333,"type":"hit"}
[client] {"a":2,"dup":false,"ev":"game","ms":24460,"predicted":false,"t":5,"tick":1340,"type":"hit"}
[client] {"a":8,"dup":false,"ev":"game","ms":24577,"predicted":false,"t":0,"tick":1347,"type":"hit"}
[client] {"a":2,"dup":false,"ev":"game","ms":24792,"predicted":false,"t":5,"tick":1360,"type":"hit"}
[client] {"a":2,"dup":false,"ev":"game","ms":24826,"predicted":false,"t":6,"tick":1362,"type":"hit"}
[client] {"a":4,"dup":false,"ev":"game","ms":24826,"predicted":false,"t":5,"tick":1362,"type":"hit"}
[client] {"a":4,"dup":false,"ev":"game","ms":24826,"predicted":false,"t":6,"tick":1362,"type":"hit"}
[client] {"a":7,"dup":false,"ev":"game","ms":24908,"predicted":false,"t":1,"tick":1367,"type":"hit"}
[client] {"counts":{"blocks_on_me":0,"conf_actions":16,"confirmed_hits":79,"dup_confirmed":0,"hits_on_me":7,"pred_actions":17,"predicted_confirmed":10,"predicted_hits":17,"reconnects":0},"ev":"stats","hp":36.0,"in_bytes":372089,"late":0,"local_entity":1,"match":{"countdown_until":300,"ctrl":-1,"final":false,"next":"","phase":3,"rot":2525,"scores":[0,0],"sd":false,"state":3,"tick":1075,"zone":"B"},"max_err":0.991,"mean_err":0.0395,"ms":24942,"out_bytes":67293,"pending":4,"pos":[-1.7,-3.64],"reconciles":456,"server_tick":1373,"snaps":458,"teleports":1}
[client] {"a":3,"dup":false,"ev":"game","ms":25157,"predicted":false,"t":5,"tick":1382,"type":"hit"}
[client] {"a":5,"dup":false,"ev":"game","ms":25157,"predicted":false,"t":-1,"tick":1382,"type":"ko"}
[client] {"a":0,"dup":false,"ev":"game","ms":25440,"predicted":false,"t":6,"tick":1399,"type":"hit"}
[client] {"a":4,"dup":false,"ev":"game","ms":25509,"predicted":false,"t":6,"tick":1403,"type":"hit"}
[client] {"a":6,"dup":false,"ev":"game","ms":25509,"predicted":false,"t":-1,"tick":1403,"type":"ko"}
[client] {"a":0,"dup":false,"ev":"game","ms":25757,"predicted":false,"t":9,"tick":1418,"type":"hit"}
[client] {"a":0,"dup":false,"ev":"game","ms":26158,"predicted":false,"t":9,"tick":1442,"type":"hit"}
[client] {"a":4,"dup":false,"ev":"game","ms":26179,"predicted":false,"t":9,"tick":1443,"type":"hit"}
[client] {"a":1,"dup":true,"ev":"game","ms":26206,"predicted":false,"t":8,"tick":1449,"type":"hit"}
[client] {"a":8,"dup":false,"ev":"game","ms":26275,"predicted":false,"t":-1,"tick":1449,"type":"ko"}
[client] {"a":9,"dup":false,"ev":"game","ms":26510,"predicted":false,"t":0,"tick":1463,"type":"hit"}
[client] {"a":9,"dup":false,"ev":"game","ms":26806,"predicted":false,"t":0,"tick":1481,"type":"hit"}
[client] {"a":9,"dup":false,"ev":"game","ms":26842,"predicted":false,"t":4,"tick":1483,"type":"hit"}
[client] {"a":7,"dup":false,"ev":"game","ms":26897,"predicted":false,"t":1,"tick":1486,"type":"hit"}
[client] {"a":0,"dup":false,"ev":"game","ms":27158,"predicted":false,"t":9,"tick":1502,"type":"hit"}
[client] {"a":4,"dup":false,"ev":"game","ms":27393,"predicted":false,"t":9,"tick":1516,"type":"hit"}
[client] {"a":2,"dup":false,"ev":"game","ms":27662,"predicted":false,"t":9,"tick":1532,"type":"hit"}
[client] {"a":7,"dup":false,"ev":"game","ms":28006,"predicted":false,"t":3,"tick":1553,"type":"hit"}
[client] {"a":3,"dup":false,"ev":"game","ms":28496,"predicted":false,"t":7,"tick":1582,"type":"hit"}
[client] {"a":4,"dup":false,"ev":"game","ms":28842,"predicted":false,"t":7,"tick":1603,"type":"hit"}
[client] {"a":7,"dup":false,"ev":"game","ms":28842,"predicted":false,"t":-1,"tick":1603,"type":"ko"}
[client] {"a":0,"dup":false,"ev":"game","ms":29739,"predicted":false,"t":9,"tick":1657,"type":"hit"}
[client] {"a":9,"dup":false,"ev":"game","ms":29739,"predicted":false,"t":-1,"tick":1657,"type":"ko"}
[client] {"counts":{"blocks_on_me":0,"conf_actions":23,"confirmed_hits":97,"dup_confirmed":0,"hits_on_me":8,"pred_actions":24,"predicted_confirmed":11,"predicted_hits":20,"reconnects":0},"ev":"stats","hp":16.0,"in_bytes":438766,"late":0,"local_entity":1,"match":{"countdown_until":300,"ctrl":0,"final":false,"next":"","phase":3,"rot":2225,"scores":[0,0],"sd":false,"state":2,"tick":1375,"zone":"B"},"max_err":0.991,"mean_err":0.0363,"ms":29938,"out_bytes":81993,"pending":4,"pos":[0.4,-3.25],"reconciles":556,"server_tick":1673,"snaps":558,"teleports":1}
[client] {"counts":{"blocks_on_me":0,"conf_actions":23,"confirmed_hits":97,"dup_confirmed":0,"hits_on_me":8,"pred_actions":24,"predicted_confirmed":11,"predicted_hits":20,"reconnects":0},"ev":"stats","hp":16.0,"in_bytes":487744,"late":0,"local_entity":1,"match":{"countdown_until":300,"ctrl":0,"final":false,"next":"","phase":3,"rot":1928,"scores":[5,0],"sd":false,"state":2,"tick":1672,"zone":"B"},"max_err":0.991,"mean_err":0.0448,"ms":34940,"out_bytes":96693,"pending":4,"pos":[-0.16,-2.98],"reconciles":656,"server_tick":1973,"snaps":657,"teleports":1}
[client] {"a":5,"dup":false,"ev":"game","ms":35176,"predicted":false,"t":-1,"tick":1982,"type":"respawn"}
[client] {"a":6,"dup":false,"ev":"game","ms":35523,"predicted":false,"t":-1,"tick":2003,"type":"respawn"}
[client] {"a":8,"dup":false,"ev":"game","ms":36295,"predicted":false,"t":-1,"tick":2049,"type":"respawn"}
[client] {"a":7,"dup":false,"ev":"game","ms":38855,"predicted":false,"t":-1,"tick":2203,"type":"respawn"}
[client] {"a":9,"dup":false,"ev":"game","ms":39752,"predicted":false,"t":-1,"tick":2257,"type":"respawn"}
[client] {"counts":{"blocks_on_me":0,"conf_actions":23,"confirmed_hits":97,"dup_confirmed":0,"hits_on_me":8,"pred_actions":24,"predicted_confirmed":11,"predicted_hits":20,"reconnects":0},"ev":"stats","hp":94.2999999999995,"in_bytes":540794,"late":0,"local_entity":1,"match":{"countdown_until":300,"ctrl":0,"final":false,"next":"","phase":3,"rot":1628,"scores":[10,0],"sd":false,"state":2,"tick":1972,"zone":"B"},"max_err":0.991,"mean_err":0.0512,"ms":39937,"out_bytes":111393,"pending":4,"pos":[-0.17,-2.97],"reconciles":756,"server_tick":2273,"snaps":757,"teleports":1}
[client] {"a":1,"dup":true,"ev":"game","ms":43152,"predicted":false,"t":5,"tick":2466,"type":"hit"}
[client] {"a":8,"dup":false,"ev":"game","ms":43304,"predicted":false,"t":3,"tick":2470,"type":"hit"}
[client] {"a":1,"dup":true,"ev":"game","ms":43753,"predicted":false,"t":8,"tick":2502,"type":"hit"}
[client] {"a":8,"dup":false,"ev":"game","ms":44221,"predicted":false,"t":3,"tick":2525,"type":"hit"}
[client] {"a":6,"dup":false,"ev":"game","ms":44325,"predicted":false,"t":3,"tick":2531,"type":"hit"}
[client] {"a":1,"dup":true,"ev":"game","ms":44658,"predicted":false,"t":8,"tick":2556,"type":"hit"}
[client] {"counts":{"blocks_on_me":0,"conf_actions":27,"confirmed_hits":103,"dup_confirmed":0,"hits_on_me":8,"pred_actions":28,"predicted_confirmed":14,"predicted_hits":23,"reconnects":0},"ev":"stats","hp":143.2,"in_bytes":609106,"late":0,"local_entity":1,"match":{"countdown_until":300,"ctrl":-1,"final":false,"next":"","phase":3,"rot":1328,"scores":[11,0],"sd":false,"state":3,"tick":2272,"zone":"B"},"max_err":0.991,"mean_err":0.0524,"ms":44938,"out_bytes":126093,"pending":4,"pos":[-1.63,-2.5],"reconciles":856,"server_tick":2573,"snaps":857,"teleports":1}
[client] {"a":2,"dup":false,"ev":"game","ms":45291,"predicted":false,"t":5,"tick":2589,"type":"hit"}
[client] {"a":6,"dup":false,"ev":"game","ms":45305,"predicted":false,"t":1,"tick":2590,"type":"hit"}
[client] {"a":2,"dup":false,"ev":"game","ms":45622,"predicted":false,"t":5,"tick":2609,"type":"hit"}
[client] {"a":6,"dup":false,"ev":"game","ms":45636,"predicted":false,"t":1,"tick":2610,"type":"hit"}
[client] {"a":8,"dup":false,"ev":"game","ms":45954,"predicted":false,"t":1,"tick":2629,"type":"hit"}
[client] {"a":4,"dup":false,"ev":"game","ms":45974,"predicted":false,"t":6,"tick":2630,"type":"hit"}
[client] {"a":5,"dup":false,"ev":"game","ms":45974,"predicted":false,"t":2,"tick":2630,"type":"hit"}
[client] {"a":4,"dup":false,"ev":"game","ms":46292,"predicted":false,"t":6,"tick":2649,"type":"hit"}
[client] {"a":2,"dup":false,"ev":"game","ms":46354,"predicted":false,"t":5,"tick":2653,"type":"hit"}
[client] {"a":2,"dup":false,"ev":"game","ms":46588,"predicted":false,"t":5,"tick":2667,"type":"hit"}
[client] {"a":6,"dup":false,"ev":"game","ms":48023,"predicted":false,"t":4,"tick":2753,"type":"hit"}
[client] {"a":3,"dup":false,"ev":"game","ms":48044,"predicted":false,"t":9,"tick":2754,"type":"hit"}
[client] {"a":0,"dup":false,"ev":"game","ms":48327,"predicted":false,"t":6,"tick":2772,"type":"hit"}
[client] {"a":1,"dup":true,"ev":"game","ms":48389,"predicted":false,"t":7,"tick":2780,"type":"hit"}
[client] {"a":6,"dup":false,"ev":"game","ms":48694,"predicted":false,"t":4,"tick":2794,"type":"hit"}
[client] {"a":7,"dup":false,"ev":"game","ms":48872,"predicted":false,"t":4,"tick":2804,"type":"hit"}
[client] {"a":0,"dup":false,"ev":"game","ms":48991,"predicted":false,"t":6,"tick":2811,"type":"hit"}
[client] {"a":2,"dup":false,"ev":"game","ms":48991,"predicted":false,"t":5,"tick":2811,"type":"hit"}
[client] {"a":1,"dup":true,"ev":"game","ms":49010,"predicted":false,"t":7,"tick":2818,"type":"hit"}
[client] {"a":0,"dup":false,"ev":"game","ms":49050,"predicted":false,"t":7,"tick":2814,"type":"hit"}
[client] {"a":1,"dup":true,"ev":"game","ms":49059,"predicted":false,"t":6,"tick":2820,"type":"hit"}
[client] {"a":8,"dup":false,"ev":"game","ms":49377,"predicted":false,"t":2,"tick":2834,"type":"hit"}
[client] {"a":9,"dup":false,"ev":"game","ms":49445,"predicted":false,"t":4,"tick":2838,"type":"block"}
[client] {"a":6,"dup":false,"ev":"game","ms":49741,"predicted":false,"t":2,"tick":2857,"type":"hit"}
[client] {"a":0,"dup":false,"ev":"game","ms":49776,"predicted":false,"t":7,"tick":2858,"type":"hit"}
[client] {"a":0,"dup":false,"ev":"game","ms":49811,"predicted":false,"t":6,"tick":2860,"type":"hit"}
[client] {"a":1,"dup":true,"ev":"game","ms":49873,"predicted":false,"t":9,"tick":2869,"type":"hit"}
[client] {"counts":{"blocks_on_me":0,"conf_actions":34,"confirmed_hits":129,"dup_confirmed":0,"hits_on_me":11,"pred_actions":35,"predicted_confirmed":18,"predicted_hits":34,"reconnects":0},"ev":"stats","hp":89.1999999999997,"in_bytes":687764,"late":0,"local_entity":1,"match":{"countdown_until":300,"ctrl":-1,"final":false,"next":"","phase":3,"rot":1028,"scores":[11,0],"sd":false,"state":3,"tick":2572,"zone":"B"},"max_err":0.991,"mean_err":0.0489,"ms":49941,"out_bytes":140793,"pending":4,"pos":[-2.1,-2.11],"reconciles":956,"server_tick":2873,"snaps":957,"teleports":1}
[client] {"a":7,"dup":false,"ev":"game","ms":50094,"predicted":false,"t":0,"tick":2877,"type":"hit"}
[client] {"a":7,"dup":false,"ev":"game","ms":50094,"predicted":false,"t":4,"tick":2878,"type":"hit"}
[client] {"a":7,"dup":false,"ev":"game","ms":50178,"predicted":false,"t":3,"tick":2882,"type":"hit"}
[client] {"a":1,"dup":true,"ev":"game","ms":50212,"predicted":false,"t":9,"tick":2889,"type":"hit"}
[client] {"a":2,"dup":false,"ev":"game","ms":50245,"predicted":false,"t":6,"tick":2886,"type":"hit"}
[client] {"a":2,"dup":false,"ev":"game","ms":50245,"predicted":false,"t":7,"tick":2886,"type":"hit"}
[client] {"a":5,"dup":false,"ev":"game","ms":50509,"predicted":false,"t":0,"tick":2902,"type":"hit"}
[client] {"a":5,"dup":false,"ev":"game","ms":50509,"predicted":false,"t":4,"tick":2902,"type":"hit"}
[client] {"a":1,"dup":true,"ev":"game","ms":50528,"predicted":false,"t":9,"tick":2908,"type":"hit"}
[client] {"a":8,"dup":false,"ev":"game","ms":50543,"predicted":false,"t":3,"tick":2904,"type":"hit"}
[client] {"a":2,"dup":false,"ev":"game","ms":50576,"predicted":false,"t":7,"tick":2906,"type":"hit"}
[client] {"a":6,"dup":false,"ev":"game","ms":50625,"predicted":false,"t":2,"tick":2909,"type":"hit"}
[client] {"a":3,"dup":false,"ev":"game","ms":50859,"predicted":false,"t":5,"tick":2923,"type":"hit"}
[client] {"a":3,"dup":false,"ev":"game","ms":50859,"predicted":false,"t":9,"tick":2923,"type":"hit"}
[client] {"a":8,"dup":false,"ev":"game","ms":50873,"predicted":false,"t":3,"tick":2924,"type":"hit"}
[client] {"a":7,"dup":false,"ev":"game","ms":50977,"predicted":false,"t":1,"tick":2930,"type":"hit"}
[client] {"a":7,"dup":false,"ev":"game","ms":50977,"predicted":false,"t":4,"tick":2930,"type":"hit"}
[client] {"a":2,"dup":false,"ev":"game","ms":50990,"predicted":false,"t":9,"tick":2931,"type":"hit"}
[client] {"a":0,"dup":false,"ev":"game","ms":51073,"predicted":false,"t":7,"tick":2936,"type":"hit"}
[client] {"a":5,"dup":false,"ev":"game","ms":51246,"predicted":false,"t":2,"tick":2946,"type":"hit"}
[client] {"a":1,"dup":true,"ev":"game","ms":51274,"predicted":false,"t":7,"tick":2953,"type":"hit"}
[client] {"a":6,"dup":false,"ev":"game","ms":51342,"predicted":false,"t":2,"tick":2953,"type":"hit"}
[client] {"a":1,"dup":true,"ev":"game","ms":51508,"predicted":false,"t":7,"tick":2967,"type":"hit"}
[client] {"a":1,"dup":true,"ev":"game","ms":51529,"predicted":false,"t":6,"tick":2969,"type":"hit"}
[client] {"a":8,"dup":false,"ev":"game","ms":51543,"predicted":false,"t":2,"tick":2965,"type":"hit"}
[client] {"a":5,"dup":false,"ev":"game","ms":51612,"predicted":false,"t":2,"tick":2968,"type":"hit"}
[client] {"a":8,"dup":false,"ev":"game","ms":51646,"predicted":false,"t":3,"tick":2970,"type":"hit"}
[client] {"a":1,"dup":true,"ev":"game","ms":51977,"predicted":false,"t":6,"tick":2995,"type":"hit"}
[client] {"a":2,"dup":false,"ev":"game","ms":52025,"predicted":false,"t":5,"tick":2993,"type":"hit"}
[client] {"a":2,"dup":false,"ev":"game","ms":52025,"predicted":false,"t":9,"tick":2993,"type":"hit"}
[client] {"a":1,"dup":false,"ev":"game","ms":52391,"predicted":false,"t":6,"tick":3020,"type":"block"}
[client] {"a":4,"dup":false,"ev":"game","ms":52702,"predicted":false,"t":6,"tick":3034,"type":"block"}
[client] {"a":1,"dup":false,"ev":"game","ms":52702,"predicted":false,"t":6,"tick":3039,"type":"block"}
[client] {"a":3,"dup":false,"ev":"game","ms":52867,"predicted":false,"t":6,"tick":3044,"type":"block"}
[client] {"a":8,"dup":false,"ev":"game","ms":52867,"predicted":false,"t":2,"tick":3044,"type":"hit"}
[client] {"a":3,"dup":false,"ev":"game","ms":53171,"predicted":false,"t":6,"tick":3062,"type":"hit"}
[client] {"a":8,"dup":false,"ev":"game","ms":53267,"predicted":false,"t":4,"tick":3068,"type":"hit"}
[client] {"a":7,"dup":false,"ev":"game","ms":53440,"predicted":false,"t":3,"tick":3078,"type":"hit"}
[client] {"a":3,"dup":false,"ev":"game","ms":53440,"predicted":false,"t":-1,"tick":3078,"type":"ko"}
[client] {"a":7,"dup":false,"ev":"game","ms":53488,"predicted":false,"t":0,"tick":3081,"type":"hit"}
[client] {"a":8,"dup":false,"ev":"game","ms":53503,"predicted":false,"t":4,"tick":3082,"type":"hit"}
[client] {"a":6,"dup":false,"ev":"game","ms":53536,"predicted":false,"t":1,"tick":3084,"type":"hit"}
[client] {"a":8,"dup":false,"ev":"game","ms":53571,"predicted":false,"t":0,"tick":3086,"type":"hit"}
[client] {"a":6,"dup":false,"ev":"game","ms":53868,"predicted":false,"t":1,"tick":3104,"type":"hit"}
[client] {"a":6,"dup":false,"ev":"game","ms":53923,"predicted":false,"t":4,"tick":3107,"type":"hit"}
[client] {"a":4,"dup":false,"ev":"game","ms":53923,"predicted":false,"t":-1,"tick":3107,"type":"ko"}
[client] {"a":8,"dup":false,"ev":"game","ms":54019,"predicted":false,"t":2,"tick":3113,"type":"hit"}
[client] {"a":7,"dup":false,"ev":"game","ms":54103,"predicted":false,"t":1,"tick":3118,"type":"hit"}
[client] {"a":1,"dup":false,"ev":"game","ms":54206,"predicted":false,"t":-1,"tick":3130,"type":"ko"}
[client] {"a":6,"dup":false,"ev":"game","ms":54302,"predicted":false,"t":1,"tick":3130,"type":"hit"}
[client] {"a":8,"dup":false,"ev":"game","ms":54357,"predicted":false,"t":2,"tick":3133,"type":"hit"}
[client] {"a":2,"dup":false,"ev":"game","ms":54357,"predicted":false,"t":-1,"tick":3133,"type":"ko"}
[client] {"a":8,"dup":false,"ev":"game","ms":54854,"predicted":false,"t":0,"tick":3163,"type":"hit"}
[client] {"counts":{"blocks_on_me":0,"conf_actions":44,"confirmed_hits":174,"dup_confirmed":0,"hits_on_me":16,"pred_actions":45,"predicted_confirmed":24,"predicted_hits":46,"reconnects":0},"ev":"stats","hp":0.0,"in_bytes":776318,"late":0,"local_entity":1,"match":{"countdown_until":300,"ctrl":-1,"final":false,"next":"A","phase":3,"rot":728,"scores":[11,0],"sd":false,"state":3,"tick":2872,"zone":"B"},"max_err":0.991,"mean_err":0.0472,"ms":54936,"out_bytes":155493,"pending":4,"pos":[-1.97,-3.62],"reconciles":1056,"server_tick":3173,"snaps":1057,"teleports":1}
[client] {"a":0,"dup":false,"ev":"game","ms":55641,"predicted":false,"t":7,"tick":3210,"type":"hit"}
[client] {"a":7,"dup":false,"ev":"game","ms":55641,"predicted":false,"t":-1,"tick":3210,"type":"ko"}
[client] {"a":0,"dup":false,"ev":"game","ms":55655,"predicted":false,"t":6,"tick":3211,"type":"hit"}
[client] {"a":0,"dup":false,"ev":"game","ms":56641,"predicted":false,"t":8,"tick":3270,"type":"hit"}
[client] {"a":9,"dup":false,"ev":"game","ms":56973,"predicted":false,"t":0,"tick":3290,"type":"hit"}
[client] {"a":9,"dup":false,"ev":"game","ms":57359,"predicted":false,"t":0,"tick":3313,"type":"hit"}
[client] {"a":0,"dup":false,"ev":"game","ms":57359,"predicted":false,"t":-1,"tick":3313,"type":"ko"}
[client] {"counts":{"blocks_on_me":0,"conf_actions":44,"confirmed_hits":179,"dup_confirmed":0,"hits_on_me":16,"pred_actions":45,"predicted_confirmed":24,"predicted_hits":46,"reconnects":0},"ev":"stats","hp":0.0,"in_bytes":834134,"late":0,"local_entity":1,"match":{"countdown_until":300,"ctrl":1,"final":false,"next":"A","phase":3,"rot":428,"scores":[11,2],"sd":false,"state":2,"tick":3172,"zone":"B"},"max_err":0.991,"mean_err":0.0431,"ms":59939,"out_bytes":170193,"pending":4,"pos":[-1.97,-3.62],"reconciles":1156,"server_tick":3473,"snaps":1157,"teleports":1}
[client] {"a":3,"dup":false,"ev":"game","ms":63445,"predicted":false,"t":-1,"tick":3678,"type":"respawn"}
[client] {"a":4,"dup":false,"ev":"game","ms":63927,"predicted":false,"t":-1,"tick":3707,"type":"respawn"}
[client] {"a":1,"dup":false,"ev":"game","ms":64224,"predicted":false,"t":-1,"tick":3730,"type":"respawn"}
[client] {"a":2,"dup":false,"ev":"game","ms":64362,"predicted":false,"t":-1,"tick":3733,"type":"respawn"}
[client] {"counts":{"blocks_on_me":0,"conf_actions":44,"confirmed_hits":179,"dup_confirmed":0,"hits_on_me":16,"pred_actions":45,"predicted_confirmed":24,"predicted_hits":46,"reconnects":0},"ev":"stats","hp":220.0,"in_bytes":884281,"late":0,"local_entity":1,"match":{"countdown_until":300,"ctrl":1,"final":false,"next":"A","phase":3,"rot":128,"scores":[11,7],"sd":false,"state":2,"tick":3472,"zone":"B"},"max_err":0.991,"mean_err":0.0397,"ms":64941,"out_bytes":184893,"pending":4,"pos":[5.38,-43.49],"reconciles":1255,"server_tick":3773,"snaps":1257,"teleports":2}
[client] {"a":7,"dup":false,"ev":"game","ms":65646,"predicted":false,"t":-1,"tick":3810,"type":"respawn"}
[client] {"a":-1,"dup":false,"ev":"game","ms":67123,"predicted":false,"t":-1,"tick":3899,"type":"zone_rotated"}
[client] {"a":0,"dup":false,"ev":"game","ms":67357,"predicted":false,"t":-1,"tick":3913,"type":"respawn"}
[client] {"counts":{"blocks_on_me":0,"conf_actions":44,"confirmed_hits":179,"dup_confirmed":0,"hits_on_me":16,"pred_actions":45,"predicted_confirmed":24,"predicted_hits":46,"reconnects":0},"ev":"stats","hp":220.0,"in_bytes":943536,"late":0,"local_entity":1,"match":{"countdown_until":300,"ctrl":-1,"final":false,"next":"","phase":3,"rot":3428,"scores":[11,9],"sd":false,"state":1,"tick":3772,"zone":"A"},"max_err":0.991,"mean_err":0.0375,"ms":69937,"out_bytes":199593,"pending":4,"pos":[-11.83,-19.1],"reconciles":1355,"server_tick":4073,"snaps":1357,"teleports":2}
[client] {"counts":{"blocks_on_me":0,"conf_actions":44,"confirmed_hits":179,"dup_confirmed":0,"hits_on_me":16,"pred_actions":45,"predicted_confirmed":24,"predicted_hits":46,"reconnects":0},"ev":"stats","hp":220.0,"in_bytes":1005830,"late":0,"local_entity":1,"match":{"countdown_until":300,"ctrl":-1,"final":false,"next":"","phase":3,"rot":3128,"scores":[11,10],"sd":false,"state":3,"tick":4072,"zone":"A"},"max_err":0.991,"mean_err":0.0364,"ms":74934,"out_bytes":214293,"pending":5,"pos":[-39.25,-1.83],"reconciles":1455,"server_tick":4373,"snaps":1457,"teleports":2}
[client] {"a":3,"dup":false,"ev":"game","ms":75474,"predicted":false,"t":6,"tick":4400,"type":"hit"}
[client] {"a":9,"dup":false,"ev":"game","ms":75591,"predicted":false,"t":3,"tick":4407,"type":"hit"}
[client] {"a":9,"dup":false,"ev":"game","ms":75618,"predicted":false,"t":4,"tick":4409,"type":"hit"}
[client] {"a":9,"dup":false,"ev":"game","ms":75639,"predicted":false,"t":1,"tick":4410,"type":"hit"}
[client] {"a":3,"dup":false,"ev":"game","ms":75908,"predicted":false,"t":6,"tick":4426,"type":"hit"}
[client] {"a":1,"dup":true,"ev":"game","ms":75970,"predicted":false,"t":9,"tick":4435,"type":"hit"}
[client] {"a":1,"dup":true,"ev":"game","ms":76205,"predicted":false,"t":9,"tick":4449,"type":"hit"}
[client] {"a":1,"dup":true,"ev":"game","ms":76219,"predicted":false,"t":6,"tick":4450,"type":"hit"}
[client] {"a":6,"dup":false,"ev":"game","ms":76274,"predicted":false,"t":3,"tick":4448,"type":"hit"}
[client] {"a":4,"dup":false,"ev":"game","ms":76370,"predicted":false,"t":6,"tick":4454,"type":"hit"}
[client] {"a":4,"dup":false,"ev":"game","ms":76370,"predicted":false,"t":9,"tick":4454,"type":"hit"}
[client] {"a":8,"dup":false,"ev":"game","ms":76370,"predicted":false,"t":3,"tick":4454,"type":"hit"}
[client] {"a":4,"dup":false,"ev":"game","ms":76709,"predicted":false,"t":6,"tick":4474,"type":"hit"}
[client] {"a":9,"dup":false,"ev":"game","ms":76723,"predicted":false,"t":4,"tick":4475,"type":"hit"}
[client] {"a":8,"dup":false,"ev":"game","ms":76791,"predicted":false,"t":4,"tick":4479,"type":"hit"}
[client] {"a":3,"dup":false,"ev":"game","ms":76819,"predicted":false,"t":6,"tick":4481,"type":"hit"}
[client] {"a":1,"dup":true,"ev":"game","ms":77006,"predicted":false,"t":6,"tick":4497,"type":"hit"}
[client] {"a":1,"dup":true,"ev":"game","ms":77074,"predicted":false,"t":8,"tick":4502,"type":"hit"}
[client] {"a":9,"dup":false,"ev":"game","ms":77309,"predicted":false,"t":1,"tick":4510,"type":"hit"}
[client] {"a":3,"dup":false,"ev":"game","ms":77571,"predicted":false,"t":6,"tick":4526,"type":"hit"}
[client] {"a":1,"dup":true,"ev":"game","ms":77592,"predicted":false,"t":9,"tick":4532,"type":"hit"}
[client] {"a":2,"dup":false,"ev":"game","ms":77758,"predicted":false,"t":9,"tick":4537,"type":"hit"}
[client] {"a":7,"dup":false,"ev":"game","ms":77758,"predicted":false,"t":1,"tick":4537,"type":"hit"}
[client] {"a":4,"dup":false,"ev":"game","ms":77958,"predicted":false,"t":7,"tick":4549,"type":"hit"}
[client] {"a":6,"dup":false,"ev":"game","ms":78088,"predicted":false,"t":1,"tick":4557,"type":"hit"}
[client] {"a":6,"dup":false,"ev":"game","ms":78509,"predicted":false,"t":1,"tick":4582,"type":"hit"}
[client] {"a":6,"dup":false,"ev":"game","ms":78558,"predicted":false,"t":3,"tick":4585,"type":"hit"}
[client] {"a":4,"dup":false,"ev":"game","ms":78571,"predicted":false,"t":7,"tick":4586,"type":"hit"}
[client] {"a":2,"dup":false,"ev":"game","ms":78724,"predicted":false,"t":9,"tick":4595,"type":"hit"}
[client] {"a":1,"dup":false,"ev":"game","ms":78758,"predicted":false,"t":6,"tick":4603,"type":"block"}
[client] {"a":2,"dup":false,"ev":"game","ms":78820,"predicted":false,"t":7,"tick":4601,"type":"hit"}
[client] {"a":4,"dup":false,"ev":"game","ms":78910,"predicted":false,"t":7,"tick":4606,"type":"hit"}
[client] {"a":1,"dup":false,"ev":"game","ms":79193,"predicted":false,"t":6,"tick":4628,"type":"block"}
[client] {"a":0,"dup":false,"ev":"game","ms":79393,"predicted":false,"t":6,"tick":4635,"type":"hit"}
[client] {"a":8,"dup":false,"ev":"game","ms":79441,"predicted":false,"t":4,"tick":4638,"type":"hit"}
[client] {"a":9,"dup":false,"ev":"game","ms":79441,"predicted":false,"t":4,"tick":4638,"type":"hit"}
[client] {"a":5,"dup":false,"ev":"game","ms":79758,"predicted":false,"t":4,"tick":4657,"type":"hit"}
[client] {"a":6,"dup":false,"ev":"game","ms":79758,"predicted":false,"t":1,"tick":4657,"type":"hit"}
[client] {"a":3,"dup":false,"ev":"game","ms":79876,"predicted":false,"t":6,"tick":4664,"type":"hit"}
[client] {"a":9,"dup":false,"ev":"game","ms":79924,"predicted":false,"t":4,"tick":4667,"type":"hit"}
[client] {"counts":{"blocks_on_me":0,"conf_actions":53,"confirmed_hits":217,"dup_confirmed":0,"hits_on_me":22,"pred_actions":54,"predicted_confirmed":30,"predicted_hits":60,"reconnects":0},"ev":"stats","hp":92.0,"in_bytes":1090424,"late":0,"local_entity":1,"match":{"countdown_until":300,"ctrl":-1,"final":false,"next":"","phase":3,"rot":2828,"scores":[11,10],"sd":false,"state":3,"tick":4372,"zone":"A"},"max_err":1.202,"mean_err":0.0369,"ms":79937,"out_bytes":228993,"pending":5,"pos":[-42.23,-1.55],"reconciles":1555,"server_tick":4673,"snaps":1557,"teleports":2}
[client] {"a":2,"dup":false,"ev":"game","ms":79938,"predicted":false,"t":9,"tick":4668,"type":"hit"}
[client] {"a":0,"dup":false,"ev":"game","ms":79993,"predicted":false,"t":6,"tick":4671,"type":"hit"}
[client] {"a":5,"dup":false,"ev":"game","ms":79993,"predicted":false,"t":4,"tick":4671,"type":"hit"}
[client] {"a":0,"dup":false,"ev":"game","ms":80324,"predicted":false,"t":6,"tick":4691,"type":"hit"}
[client] {"a":2,"dup":false,"ev":"game","ms":80324,"predicted":false,"t":5,"tick":4691,"type":"hit"}
[client] {"a":8,"dup":false,"ev":"game","ms":80325,"predicted":false,"t":4,"tick":4691,"type":"hit"}
[client] {"a":6,"dup":false,"ev":"game","ms":80325,"predicted":false,"t":-1,"tick":4691,"type":"ko"}
[client] {"a":9,"dup":false,"ev":"game","ms":80408,"predicted":false,"t":4,"tick":4696,"type":"hit"}
[client] {"a":2,"dup":false,"ev":"game","ms":80524,"predicted":false,"t":9,"tick":4703,"type":"hit"}
[client] {"a":2,"dup":false,"ev":"game","ms":80594,"predicted":false,"t":8,"tick":4707,"type":"hit"}
[client] {"a":5,"dup":false,"ev":"game","ms":80815,"predicted":false,"t":3,"tick":4721,"type":"hit"}
[client] {"a":5,"dup":false,"ev":"game","ms":81153,"predicted":false,"t":1,"tick":4741,"type":"hit"}
[client] {"a":5,"dup":false,"ev":"game","ms":81153,"predicted":false,"t":3,"tick":4741,"type":"hit"}
[client] {"a":5,"dup":false,"ev":"game","ms":81201,"predicted":false,"t":0,"tick":4744,"type":"hit"}
[client] {"a":2,"dup":false,"ev":"game","ms":81367,"predicted":false,"t":5,"tick":4754,"type":"hit"}
[client] {"a":2,"dup":false,"ev":"game","ms":81388,"predicted":false,"t":8,"tick":4755,"type":"hit"}
[client] {"a":7,"dup":false,"ev":"game","ms":81436,"predicted":false,"t":3,"tick":4758,"type":"hit"}
[client] {"a":9,"dup":false,"ev":"game","ms":81505,"predicted":false,"t":2,"tick":4762,"type":"hit"}
[client] {"a":1,"dup":true,"ev":"game","ms":81615,"predicted":false,"t":7,"tick":4774,"type":"hit"}
[client] {"a":2,"dup":false,"ev":"game","ms":81905,"predicted":false,"t":9,"tick":4786,"type":"hit"}
[client] {"a":1,"dup":true,"ev":"game","ms":82023,"predicted":false,"t":7,"tick":4799,"type":"hit"}
[client] {"a":3,"dup":false,"ev":"game","ms":82092,"predicted":false,"t":7,"tick":4797,"type":"hit"}
[client] {"a":5,"dup":false,"ev":"game","ms":82126,"predicted":false,"t":3,"tick":4799,"type":"hit"}
[client] {"a":0,"dup":false,"ev":"game","ms":82327,"predicted":false,"t":8,"tick":4811,"type":"hit"}
[client] {"a":2,"dup":false,"ev":"game","ms":82340,"predicted":false,"t":9,"tick":4812,"type":"hit"}
[client] {"a":3,"dup":false,"ev":"game","ms":82492,"predicted":false,"t":7,"tick":4821,"type":"hit"}
[client] {"a":5,"dup":false,"ev":"game","ms":82492,"predicted":false,"t":3,"tick":4821,"type":"hit"}
[client] {"a":5,"dup":false,"ev":"game","ms":82526,"predicted":false,"t":0,"tick":4823,"type":"hit"}
[client] {"a":2,"dup":false,"ev":"game","ms":82678,"predicted":false,"t":9,"tick":4832,"type":"hit"}
[client] {"a":7,"dup":false,"ev":"game","ms":82961,"predicted":false,"t":3,"tick":4850,"type":"hit"}
[client] {"a":4,"dup":false,"ev":"game","ms":83258,"predicted":false,"t":9,"tick":4868,"type":"hit"}
[client] {"a":3,"dup":false,"ev":"game","ms":83396,"predicted":false,"t":5,"tick":4876,"type":"hit"}
[client] {"a":2,"dup":false,"ev":"game","ms":83493,"predicted":false,"t":9,"tick":4882,"type":"hit"}
[client] {"a":9,"dup":false,"ev":"game","ms":83493,"predicted":false,"t":-1,"tick":4882,"type":"ko"}
[client] {"a":0,"dup":false,"ev":"game","ms":83623,"predicted":false,"t":5,"tick":4890,"type":"hit"}
[client] {"a":7,"dup":false,"ev":"game","ms":84245,"predicted":false,"t":2,"tick":4927,"type":"hit"}
[client] {"a":7,"dup":false,"ev":"game","ms":84245,"predicted":false,"t":4,"tick":4927,"type":"hit"}
[client] {"a":7,"dup":false,"ev":"game","ms":84313,"predicted":false,"t":3,"tick":4931,"type":"hit"}
[client] {"counts":{"blocks_on_me":0,"conf_actions":59,"confirmed_hits":253,"dup_confirmed":0,"hits_on_me":23,"pred_actions":60,"predicted_confirmed":32,"predicted_hits":64,"reconnects":0},"ev":"stats","hp":74.0,"in_bytes":1168918,"late":0,"local_entity":1,"match":{"countdown_until":300,"ctrl":-1,"final":false,"next":"","phase":3,"rot":2528,"scores":[11,10],"sd":false,"state":3,"tick":4672,"zone":"A"},"max_err":1.202,"mean_err":0.0357,"ms":84940,"out_bytes":243693,"pending":5,"pos":[-39.67,0.08],"reconciles":1655,"server_tick":4973,"snaps":1657,"teleports":2}
[client] {"a":1,"dup":true,"ev":"game","ms":84976,"predicted":false,"t":8,"tick":4976,"type":"hit"}
[client] {"a":0,"dup":false,"ev":"game","ms":85059,"predicted":false,"t":8,"tick":4976,"type":"hit"}
[client] {"a":3,"dup":false,"ev":"game","ms":85059,"predicted":false,"t":5,"tick":4976,"type":"hit"}
[client] {"a":7,"dup":false,"ev":"game","ms":85224,"predicted":false,"t":0,"tick":4986,"type":"hit"}
[client] {"a":4,"dup":false,"ev":"game","ms":85362,"predicted":false,"t":7,"tick":4994,"type":"hit"}
[client] {"a":7,"dup":false,"ev":"game","ms":85362,"predicted":false,"t":-1,"tick":4994,"type":"ko"}
[client] {"a":5,"dup":false,"ev":"game","ms":85728,"predicted":false,"t":3,"tick":5016,"type":"hit"}
[client] {"a":0,"dup":false,"ev":"game","ms":85825,"predicted":false,"t":8,"tick":5022,"type":"hit"}
[client] {"a":5,"dup":false,"ev":"game","ms":86094,"predicted":false,"t":3,"tick":5038,"type":"hit"}
[client] {"a":3,"dup":false,"ev":"game","ms":86563,"predicted":false,"t":8,"tick":5066,"type":"hit"}
[client] {"a":3,"dup":false,"ev":"game","ms":87115,"predicted":false,"t":5,"tick":5099,"type":"hit"}
[client] {"a":8,"dup":false,"ev":"game","ms":88039,"predicted":false,"t":3,"tick":5154,"type":"hit"}
[client] {"a":5,"dup":false,"ev":"game","ms":88108,"predicted":false,"t":4,"tick":5158,"type":"block"}
[client] {"a":4,"dup":false,"ev":"game","ms":88474,"predicted":false,"t":5,"tick":5180,"type":"hit"}
[client] {"a":8,"dup":false,"ev":"game","ms":88723,"predicted":false,"t":3,"tick":5195,"type":"hit"}
[client] {"a":3,"dup":false,"ev":"game","ms":88723,"predicted":false,"t":-1,"tick":5195,"type":"ko"}
[client] {"a":5,"dup":false,"ev":"game","ms":88819,"predicted":false,"t":4,"tick":5201,"type":"hit"}
[client] {"a":4,"dup":false,"ev":"game","ms":89275,"predicted":false,"t":5,"tick":5228,"type":"hit"}
[client] {"a":0,"dup":false,"ev":"game","ms":89358,"predicted":false,"t":5,"tick":5233,"type":"hit"}
[client] {"a":8,"dup":false,"ev":"game","ms":89806,"predicted":false,"t":0,"tick":5260,"type":"hit"}
[client] {"counts":{"blocks_on_me":0,"conf_actions":62,"confirmed_hits":270,"dup_confirmed":0,"hits_on_me":23,"pred_actions":63,"predicted_confirmed":33,"predicted_hits":66,"reconnects":0},"ev":"stats","hp":74.0,"in_bytes":1232522,"late":0,"local_entity":1,"match":{"countdown_until":300,"ctrl":-1,"final":false,"next":"","phase":3,"rot":2228,"scores":[11,10],"sd":false,"state":3,"tick":4972,"zone":"A"},"max_err":1.202,"mean_err":0.0342,"ms":89936,"out_bytes":258393,"pending":5,"pos":[-39.24,1.66],"reconciles":1755,"server_tick":5273,"snaps":1757,"teleports":2}
[client] {"a":5,"dup":false,"ev":"game","ms":90241,"predicted":false,"t":4,"tick":5286,"type":"hit"}
[client] {"a":4,"dup":false,"ev":"game","ms":90241,"predicted":false,"t":-1,"tick":5286,"type":"ko"}
[client] {"a":6,"dup":false,"ev":"game","ms":90323,"predicted":false,"t":-1,"tick":5291,"type":"respawn"}
[client] {"a":8,"dup":false,"ev":"game","ms":91089,"predicted":false,"t":2,"tick":5337,"type":"hit"}
[client] {"a":1,"dup":true,"ev":"game","ms":91110,"predicted":false,"t":8,"tick":5344,"type":"hit"}
[client] {"a":8,"dup":false,"ev":"game","ms":91206,"predicted":false,"t":-1,"tick":5344,"type":"ko"}
[client] {"a":5,"dup":false,"ev":"game","ms":91627,"predicted":false,"t":1,"tick":5369,"type":"hit"}
[client] {"a":2,"dup":false,"ev":"game","ms":92124,"predicted":false,"t":5,"tick":5399,"type":"hit"}
[client] {"a":5,"dup":false,"ev":"game","ms":92124,"predicted":false,"t":-1,"tick":5399,"type":"ko"}
[client] {"a":9,"dup":false,"ev":"game","ms":93511,"predicted":false,"t":-1,"tick":5482,"type":"respawn"}
[client] {"counts":{"blocks_on_me":0,"conf_actions":66,"confirmed_hits":275,"dup_confirmed":0,"hits_on_me":24,"pred_actions":67,"predicted_confirmed":34,"predicted_hits":67,"reconnects":0},"ev":"stats","hp":56.0,"in_bytes":1290025,"late":0,"local_entity":1,"match":{"countdown_until":300,"ctrl":0,"final":false,"next":"","phase":3,"rot":1925,"scores":[13,10],"sd":false,"state":2,"tick":5275,"zone":"A"},"max_err":1.202,"mean_err":0.0332,"ms":94939,"out_bytes":273093,"pending":5,"pos":[-42.28,-0.02],"reconciles":1855,"server_tick":5573,"snaps":1858,"teleports":2}
[client] {"a":7,"dup":false,"ev":"game","ms":95367,"predicted":false,"t":-1,"tick":5594,"type":"respawn"}
[client] {"a":3,"dup":false,"ev":"game","ms":98723,"predicted":false,"t":-1,"tick":5795,"type":"respawn"}
[client] {"counts":{"blocks_on_me":0,"conf_actions":66,"confirmed_hits":275,"dup_confirmed":0,"hits_on_me":24,"pred_actions":67,"predicted_confirmed":34,"predicted_hits":67,"reconnects":0},"ev":"stats","hp":88.9999999999997,"in_bytes":1339897,"late":0,"local_entity":1,"match":{"countdown_until":300,"ctrl":0,"final":false,"next":"","phase":3,"rot":1625,"scores":[18,10],"sd":false,"state":2,"tick":5575,"zone":"A"},"max_err":1.202,"mean_err":0.0315,"ms":99937,"out_bytes":287793,"pending":5,"pos":[-42.28,-0.02],"reconciles":1955,"server_tick":5873,"snaps":1958,"teleports":2}
[client] {"a":4,"dup":false,"ev":"game","ms":100221,"predicted":false,"t":-1,"tick":5886,"type":"respawn"}
[client] {"a":8,"dup":false,"ev":"game","ms":101193,"predicted":false,"t":-1,"tick":5944,"type":"respawn"}
[client] {"a":5,"dup":false,"ev":"game","ms":102111,"predicted":false,"t":-1,"tick":5999,"type":"respawn"}
[client] {"a":6,"dup":false,"ev":"game","ms":102139,"predicted":false,"t":2,"tick":6001,"type":"hit"}
[client] {"a":6,"dup":false,"ev":"game","ms":102159,"predicted":false,"t":0,"tick":6002,"type":"hit"}
[client] {"a":0,"dup":false,"ev":"game","ms":103119,"predicted":false,"t":6,"tick":6059,"type":"hit"}
[client] {"a":6,"dup":false,"ev":"game","ms":103533,"predicted":false,"t":0,"tick":6084,"type":"hit"}
[client] {"a":1,"dup":true,"ev":"game","ms":104023,"predicted":false,"t":9,"tick":6118,"type":"hit"}
[client] {"counts":{"blocks_on_me":0,"conf_actions":68,"confirmed_hits":280,"dup_confirmed":0,"hits_on_me":24,"pred_actions":69,"predicted_confirmed":35,"predicted_hits":69,"reconnects":0},"ev":"stats","hp":129.199999999999,"in_bytes":1405499,"late":0,"local_entity":1,"match":{"countdown_until":300,"ctrl":-1,"final":false,"next":"","phase":3,"rot":1328,"scores":[19,10],"sd":false,"state":3,"tick":5872,"zone":"A"},"max_err":1.202,"mean_err":0.0301,"ms":104933,"out_bytes":302493,"pending":5,"pos":[-38.36,2.16],"reconciles":2055,"server_tick":6173,"snaps":2057,"teleports":2}
[client] {"a":2,"dup":false,"ev":"game","ms":104968,"predicted":false,"t":6,"tick":6170,"type":"hit"}
[client] {"a":2,"dup":false,"ev":"game","ms":105369,"predicted":false,"t":6,"tick":6194,"type":"hit"}
[client] {"a":0,"dup":false,"ev":"game","ms":105652,"predicted":false,"t":6,"tick":6211,"type":"hit"}
[client] {"a":1,"dup":true,"ev":"game","ms":105769,"predicted":false,"t":6,"tick":6223,"type":"hit"}
[client] {"a":2,"dup":false,"ev":"game","ms":106107,"predicted":false,"t":6,"tick":6238,"type":"hit"}
[client] {"a":7,"dup":false,"ev":"game","ms":106307,"predicted":false,"t":1,"tick":6250,"type":"hit"}
[client] {"a":0,"dup":false,"ev":"game","ms":106852,"predicted":false,"t":6,"tick":6283,"type":"hit"}
[client] {"a":7,"dup":false,"ev":"game","ms":106887,"predicted":false,"t":2,"tick":6285,"type":"hit"}
[client] {"a":9,"dup":false,"ev":"game","ms":107936,"predicted":false,"t":2,"tick":6348,"type":"hit"}
[client] {"a":1,"dup":false,"ev":"game","ms":108191,"predicted":false,"t":6,"tick":6368,"type":"block"}
[client] {"a":9,"dup":false,"ev":"game","ms":108239,"predicted":false,"t":2,"tick":6366,"type":"hit"}
[client] {"a":1,"dup":false,"ev":"game","ms":108488,"predicted":false,"t":6,"tick":6386,"type":"block"}
[client] {"a":2,"dup":false,"ev":"game","ms":108736,"predicted":false,"t":9,"tick":6396,"type":"hit"}
[client] {"a":1,"dup":true,"ev":"game","ms":108805,"predicted":false,"t":6,"tick":6405,"type":"hit"}
[client] {"a":7,"dup":false,"ev":"game","ms":108936,"predicted":false,"t":2,"tick":6408,"type":"hit"}
[client] {"a":6,"dup":false,"ev":"game","ms":109274,"predicted":false,"t":1,"tick":6428,"type":"hit"}
[client] {"a":9,"dup":false,"ev":"game","ms":109453,"predicted":false,"t":2,"tick":6439,"type":"hit"}
[client] {"a":6,"dup":false,"ev":"game","ms":109605,"predicted":false,"t":1,"tick":6448,"type":"hit"}
[client] {"counts":{"blocks_on_me":0,"conf_actions":76,"confirmed_hits":296,"dup_confirmed":0,"hits_on_me":27,"pred_actions":77,"predicted_confirmed":37,"predicted_hits":78,"reconnects":0},"ev":"stats","hp":37.1999999999994,"in_bytes":1471434,"late":0,"local_entity":1,"match":{"countdown_until":300,"ctrl":-1,"final":false,"next":"","phase":3,"rot":1025,"scores":[19,10],"sd":false,"state":3,"tick":6175,"zone":"A"},"max_err":1.663,"mean_err":0.0309,"ms":109942,"out_bytes":317193,"pending":5,"pos":[-42.68,0.34],"reconciles":2142,"server_tick":6473,"snaps":2145,"teleports":2}
[client] {"a":6,"dup":false,"ev":"game","ms":109957,"predicted":false,"t":1,"tick":6469,"type":"hit"}
[client] {"a":1,"dup":true,"ev":"game","ms":110344,"predicted":false,"t":6,"tick":6498,"type":"hit"}
[client] {"a":3,"dup":false,"ev":"game","ms":110557,"predicted":false,"t":7,"tick":6505,"type":"hit"}
[client] {"a":2,"dup":false,"ev":"game","ms":110571,"predicted":false,"t":7,"tick":6506,"type":"hit"}
[client] {"a":3,"dup":false,"ev":"game","ms":110606,"predicted":false,"t":9,"tick":6508,"type":"hit"}
[client] {"a":6,"dup":false,"ev":"game","ms":110840,"predicted":false,"t":1,"tick":6522,"type":"hit"}
[client] {"a":7,"dup":false,"ev":"game","ms":110923,"predicted":false,"t":3,"tick":6527,"type":"hit"}
[client] {"a":0,"dup":false,"ev":"game","ms":111089,"predicted":false,"t":6,"tick":6537,"type":"hit"}
[client] {"a":1,"dup":true,"ev":"game","ms":111110,"predicted":false,"t":6,"tick":6543,"type":"hit"}
[client] {"a":3,"dup":false,"ev":"game","ms":111240,"predicted":false,"t":7,"tick":6546,"type":"hit"}
[client] {"a":2,"dup":false,"ev":"game","ms":111393,"predicted":false,"t":7,"tick":6555,"type":"hit"}
[client] {"a":6,"dup":false,"ev":"game","ms":111655,"predicted":false,"t":1,"tick":6571,"type":"hit"}
[client] {"a":0,"dup":false,"ev":"game","ms":111745,"predicted":false,"t":6,"tick":6576,"type":"hit"}
[client] {"a":1,"dup":false,"ev":"game","ms":112027,"predicted":false,"t":-1,"tick":6598,"type":"ko"}
[client] {"a":2,"dup":false,"ev":"game","ms":112055,"predicted":false,"t":8,"tick":6595,"type":"hit"}
[client] {"a":9,"dup":false,"ev":"game","ms":112110,"predicted":false,"t":1,"tick":6598,"type":"hit"}
[client] {"a":4,"dup":false,"ev":"game","ms":112394,"predicted":false,"t":9,"tick":6615,"type":"hit"}
[client] {"a":5,"dup":false,"ev":"game","ms":112793,"predicted":false,"t":3,"tick":6639,"type":"hit"}
[client] {"a":7,"dup":false,"ev":"game","ms":112793,"predicted":false,"t":3,"tick":6639,"type":"hit"}
[client] {"a":8,"dup":false,"ev":"game","ms":112876,"predicted":false,"t":3,"tick":6644,"type":"hit"}
[client] {"a":6,"dup":false,"ev":"game","ms":112959,"predicted":false,"t":0,"tick":6649,"type":"block"}
[client] {"a":3,"dup":false,"ev":"game","ms":113290,"predicted":false,"t":8,"tick":6669,"type":"hit"}
[client] {"a":3,"dup":false,"ev":"game","ms":113310,"predicted":false,"t":5,"tick":6670,"type":"hit"}
[client] {"a":3,"dup":false,"ev":"game","ms":113325,"predicted":false,"t":7,"tick":6671,"type":"hit"}
[client] {"a":9,"dup":false,"ev":"game","ms":113325,"predicted":false,"t":0,"tick":6671,"type":"hit"}
[client] {"a":4,"dup":false,"ev":"game","ms":113608,"predicted":false,"t":9,"tick":6688,"type":"hit"}
[client] {"a":6,"dup":false,"ev":"game","ms":113855,"predicted":false,"t":0,"tick":6703,"type":"hit"}
[client] {"a":3,"dup":false,"ev":"game","ms":114076,"predicted":false,"t":8,"tick":6716,"type":"hit"}
[client] {"a":6,"dup":false,"ev":"game","ms":114193,"predicted":false,"t":0,"tick":6723,"type":"hit"}
[client] {"a":3,"dup":false,"ev":"game","ms":114394,"predicted":false,"t":8,"tick":6735,"type":"hit"}
[client] {"a":0,"dup":false,"ev":"game","ms":114525,"predicted":false,"t":6,"tick":6744,"type":"hit"}
[client] {"a":6,"dup":false,"ev":"game","ms":114525,"predicted":false,"t":-1,"tick":6744,"type":"ko"}
[client] {"a":2,"dup":false,"ev":"game","ms":114559,"predicted":false,"t":7,"tick":6746,"type":"hit"}
[client] {"a":3,"dup":false,"ev":"game","ms":114691,"predicted":false,"t":7,"tick":6754,"type":"hit"}
[client] {"a":3,"dup":false,"ev":"game","ms":114691,"predicted":false,"t":8,"tick":6754,"type":"hit"}
[client] {"a":3,"dup":false,"ev":"game","ms":114711,"predicted":false,"t":5,"tick":6755,"type":"hit"}
[client] {"a":9,"dup":false,"ev":"game","ms":114807,"predicted":false,"t":4,"tick":6761,"type":"hit"}
[client] {"counts":{"blocks_on_me":0,"conf_actions":79,"confirmed_hits":330,"dup_confirmed":0,"hits_on_me":31,"pred_actions":80,"predicted_confirmed":39,"predicted_hits":81,"reconnects":0},"ev":"stats","hp":0.0,"in_bytes":1551342,"late":0,"local_entity":1,"match":{"countdown_until":300,"ctrl":-1,"final":false,"next":"C","phase":3,"rot":725,"scores":[19,10],"sd":false,"state":3,"tick":6475,"zone":"A"},"max_err":1.663,"mean_err":0.0317,"ms":114945,"out_bytes":331893,"pending":5,"pos":[-40.57,2.4],"reconciles":2242,"server_tick":6773,"snaps":2245,"teleports":2}
[client] {"a":9,"dup":false,"ev":"game","ms":115111,"predicted":false,"t":4,"tick":6779,"type":"hit"}
[client] {"a":7,"dup":false,"ev":"game","ms":115194,"predicted":false,"t":2,"tick":6784,"type":"hit"}
[client] {"a":5,"dup":false,"ev":"game","ms":115208,"predicted":false,"t":2,"tick":6785,"type":"hit"}
[client] {"a":7,"dup":false,"ev":"game","ms":115277,"predicted":false,"t":3,"tick":6789,"type":"hit"}
[client] {"a":5,"dup":false,"ev":"game","ms":115525,"predicted":false,"t":2,"tick":6804,"type":"hit"}
[client] {"a":9,"dup":false,"ev":"game","ms":115760,"predicted":false,"t":4,"tick":6818,"type":"block"}
[client] {"a":9,"dup":false,"ev":"game","ms":116056,"predicted":false,"t":4,"tick":6836,"type":"block"}
[client] {"a":5,"dup":false,"ev":"game","ms":116112,"predicted":false,"t":2,"tick":6839,"type":"hit"}
[client] {"a":2,"dup":false,"ev":"game","ms":116519,"predicted":false,"t":5,"tick":6864,"type":"hit"}
[client] {"a":8,"dup":false,"ev":"game","ms":116671,"predicted":false,"t":2,"tick":6873,"type":"hit"}
[client] {"a":2,"dup":false,"ev":"game","ms":116671,"predicted":false,"t":-1,"tick":6873,"type":"ko"}
[client] {"a":9,"dup":false,"ev":"game","ms":116940,"predicted":false,"t":4,"tick":6889,"type":"block"}
[client] {"a":9,"dup":false,"ev":"game","ms":117554,"predicted":false,"t":4,"tick":6925,"type":"block"}
[client] {"a":8,"dup":false,"ev":"game","ms":117658,"predicted":false,"t":3,"tick":6931,"type":"hit"}
[client] {"a":8,"dup":false,"ev":"game","ms":117968,"predicted":false,"t":3,"tick":6950,"type":"hit"}
[client] {"a":8,"dup":false,"ev":"game","ms":118004,"predicted":false,"t":0,"tick":6952,"type":"hit"}
[client] {"a":5,"dup":false,"ev":"game","ms":118071,"predicted":false,"t":3,"tick":6956,"type":"hit"}
[client] {"a":0,"dup":false,"ev":"game","ms":118541,"predicted":false,"t":8,"tick":6984,"type":"hit"}
[client] {"a":4,"dup":false,"ev":"game","ms":118638,"predicted":false,"t":9,"tick":6990,"type":"hit"}
[client] {"a":0,"dup":false,"ev":"game","ms":118954,"predicted":false,"t":7,"tick":7009,"type":"hit"}
[client] {"a":4,"dup":false,"ev":"game","ms":119058,"predicted":false,"t":9,"tick":7015,"type":"hit"}
[client] {"a":5,"dup":false,"ev":"game","ms":119258,"predicted":false,"t":0,"tick":7027,"type":"hit"}
[client] {"a":8,"dup":false,"ev":"game","ms":119341,"predicted":false,"t":0,"tick":7032,"type":"hit"}
[client] {"a":7,"dup":false,"ev":"game","ms":119355,"predicted":false,"t":0,"tick":7033,"type":"hit"}
[client] {"a":3,"dup":false,"ev":"game","ms":119521,"predicted":false,"t":5,"tick":7043,"type":"hit"}
[client] {"a":4,"dup":false,"ev":"game","ms":119521,"predicted":false,"t":9,"tick":7043,"type":"hit"}
[client] {"a":3,"dup":false,"ev":"game","ms":119541,"predicted":false,"t":8,"tick":7044,"type":"hit"}
[client] {"a":0,"dup":false,"ev":"game","ms":119707,"predicted":false,"t":5,"tick":7054,"type":"hit"}
[client] {"counts":{"blocks_on_me":0,"conf_actions":79,"confirmed_hits":353,"dup_confirmed":0,"hits_on_me":31,"pred_actions":80,"predicted_confirmed":39,"predicted_hits":81,"reconnects":0},"ev":"stats","hp":0.0,"in_bytes":1620302,"late":0,"local_entity":1,"match":{"countdown_until":300,"ctrl":-1,"final":false,"next":"C","phase":3,"rot":425,"scores":[19,10],"sd":false,"state":3,"tick":6775,"zone":"A"},"max_err":1.663,"mean_err":0.0304,"ms":119940,"out_bytes":346593,"pending":5,"pos":[-40.57,2.4],"reconciles":2342,"server_tick":7073,"snaps":2345,"teleports":2}
[client] {"a":8,"dup":false,"ev":"game","ms":120059,"predicted":false,"t":3,"tick":7075,"type":"hit"}
[client] {"a":9,"dup":false,"ev":"game","ms":120107,"predicted":false,"t":4,"tick":7078,"type":"hit"}
[client] {"a":7,"dup":false,"ev":"game","ms":120238,"predicted":false,"t":0,"tick":7086,"type":"hit"}
[client] {"a":0,"dup":false,"ev":"game","ms":120238,"predicted":false,"t":-1,"tick":7086,"type":"ko"}
[client] {"a":5,"dup":false,"ev":"game","ms":120369,"predicted":false,"t":3,"tick":7094,"type":"hit"}
[client] {"a":4,"dup":false,"ev":"game","ms":120755,"predicted":false,"t":9,"tick":7117,"type":"hit"}
[client] {"a":5,"dup":false,"ev":"game","ms":121273,"predicted":false,"t":3,"tick":7148,"type":"hit"}
[client] {"a":5,"dup":false,"ev":"game","ms":121508,"predicted":false,"t":3,"tick":7162,"type":"hit"}
[client] {"a":7,"dup":false,"ev":"game","ms":121673,"predicted":false,"t":3,"tick":7172,"type":"hit"}
[client] {"a":3,"dup":false,"ev":"game","ms":121673,"predicted":false,"t":-1,"tick":7172,"type":"ko"}
[client] {"a":1,"dup":false,"ev":"game","ms":122025,"predicted":false,"t":-1,"tick":7198,"type":"respawn"}
[client] {"a":4,"dup":false,"ev":"game","ms":122087,"predicted":false,"t":5,"tick":7197,"type":"hit"}
[client] {"a":4,"dup":false,"ev":"game","ms":122157,"predicted":false,"t":8,"tick":7201,"type":"hit"}
[client] {"a":7,"dup":false,"ev":"game","ms":122640,"predicted":false,"t":4,"tick":7230,"type":"hit"}
[client] {"a":4,"dup":false,"ev":"game","ms":123005,"predicted":false,"t":7,"tick":7252,"type":"hit"}
[client] {"a":4,"dup":false,"ev":"game","ms":123371,"predicted":false,"t":7,"tick":7274,"type":"hit"}
[client] {"a":8,"dup":false,"ev":"game","ms":123440,"predicted":false,"t":4,"tick":7278,"type":"hit"}
[client] {"a":9,"dup":false,"ev":"game","ms":123605,"predicted":false,"t":4,"tick":7288,"type":"hit"}
[client] {"a":8,"dup":false,"ev":"game","ms":124171,"predicted":false,"t":4,"tick":7322,"type":"hit"}
[client] {"a":6,"dup":false,"ev":"game","ms":124544,"predicted":false,"t":-1,"tick":7344,"type":"respawn"}
[client] {"a":4,"dup":false,"ev":"game","ms":124840,"predicted":false,"t":9,"tick":7362,"type":"hit"}
[client] {"a":9,"dup":false,"ev":"game","ms":124840,"predicted":false,"t":-1,"tick":7362,"type":"ko"}
[client] {"counts":{"blocks_on_me":0,"conf_actions":79,"confirmed_hits":370,"dup_confirmed":0,"hits_on_me":31,"pred_actions":80,"predicted_confirmed":39,"predicted_hits":81,"reconnects":0},"ev":"stats","hp":220.0,"in_bytes":1687434,"late":0,"local_entity":1,"match":{"countdown_until":300,"ctrl":-1,"final":false,"next":"C","phase":3,"rot":128,"scores":[19,10],"sd":false,"state":3,"tick":7072,"zone":"A"},"max_err":1.663,"mean_err":0.0292,"ms":124943,"out_bytes":361293,"pending":5,"pos":[0.97,-29.54],"reconciles":2441,"server_tick":7373,"snaps":2444,"teleports":3}
[client] {"a":4,"dup":false,"ev":"game","ms":125523,"predicted":false,"t":8,"tick":7403,"type":"hit"}
[client] {"a":4,"dup":false,"ev":"game","ms":126124,"predicted":false,"t":5,"tick":7439,"type":"hit"}
[client] {"a":4,"dup":false,"ev":"game","ms":126462,"predicted":false,"t":5,"tick":7459,"type":"hit"}
[client] {"a":7,"dup":false,"ev":"game","ms":126490,"predicted":false,"t":4,"tick":7461,"type":"hit"}
[client] {"a":2,"dup":false,"ev":"game","ms":126690,"predicted":false,"t":-1,"tick":7473,"type":"respawn"}
[client] {"a":5,"dup":false,"ev":"game","ms":126807,"predicted":false,"t":4,"tick":7480,"type":"hit"}
[client] {"a":8,"dup":false,"ev":"game","ms":126865,"predicted":false,"t":4,"tick":7483,"type":"hit"}
[client] {"a":7,"dup":false,"ev":"game","ms":127063,"predicted":false,"t":4,"tick":7495,"type":"hit"}
[client] {"a":-1,"dup":false,"ev":"game","ms":127125,"predicted":false,"t":-1,"tick":7499,"type":"zone_rotated"}
[client] {"a":5,"dup":false,"ev":"game","ms":127587,"predicted":false,"t":4,"tick":7527,"type":"hit"}
[client] {"counts":{"blocks_on_me":0,"conf_actions":79,"confirmed_hits":378,"dup_confirmed":0,"hits_on_me":31,"pred_actions":80,"predicted_confirmed":39,"predicted_hits":81,"reconnects":0},"ev":"stats","hp":220.0,"in_bytes":1746987,"late":0,"local_entity":1,"match":{"countdown_until":300,"ctrl":-1,"final":false,"next":"","phase":3,"rot":3428,"scores":[19,10],"sd":false,"state":1,"tick":7372,"zone":"C"},"max_err":1.663,"mean_err":0.028,"ms":129939,"out_bytes":375993,"pending":5,"pos":[6.28,-18.92],"reconciles":2541,"server_tick":7673,"snaps":2544,"teleports":3}
[client] {"a":0,"dup":false,"ev":"game","ms":130237,"predicted":false,"t":-1,"tick":7686,"type":"respawn"}
[client] {"a":3,"dup":false,"ev":"game","ms":131669,"predicted":false,"t":-1,"tick":7772,"type":"respawn"}
[client] {"a":9,"dup":false,"ev":"game","ms":134844,"predicted":false,"t":-1,"tick":7962,"type":"respawn"}
[client] {"counts":{"blocks_on_me":0,"conf_actions":79,"confirmed_hits":378,"dup_confirmed":0,"hits_on_me":31,"pred_actions":80,"predicted_confirmed":39,"predicted_hits":81,"reconnects":0},"ev":"stats","hp":220.0,"in_bytes":1806990,"late":0,"local_entity":1,"match":{"countdown_until":300,"ctrl":-1,"final":false,"next":"","phase":3,"rot":3128,"scores":[19,10],"sd":false,"state":3,"tick":7672,"zone":"C"},"max_err":1.663,"mean_err":0.027,"ms":134940,"out_bytes":390693,"pending":6,"pos":[36.38,-3.65],"reconciles":2641,"server_tick":7972,"snaps":2644,"teleports":3}
[client] {"a":6,"dup":false,"ev":"game","ms":136671,"predicted":false,"t":2,"tick":8072,"type":"hit"}
[client] {"a":1,"dup":true,"ev":"game","ms":136871,"predicted":false,"t":6,"tick":8089,"type":"hit"}
[client] {"a":1,"dup":true,"ev":"game","ms":137210,"predicted":false,"t":6,"tick":8109,"type":"hit"}
[client] {"a":6,"dup":false,"ev":"game","ms":137672,"predicted":false,"t":1,"tick":8132,"type":"hit"}
[client] {"a":2,"dup":false,"ev":"game","ms":137844,"predicted":false,"t":6,"tick":8142,"type":"hit"}
[client] {"a":8,"dup":false,"ev":"game","ms":139059,"predicted":false,"t":1,"tick":8215,"type":"hit"}
[client] {"a":8,"dup":false,"ev":"game","ms":139307,"predicted":false,"t":1,"tick":8230,"type":"hit"}
[client] {"a":2,"dup":false,"ev":"game","ms":139590,"predicted":false,"t":8,"tick":8247,"type":"hit"}
[client] {"counts":{"blocks_on_me":0,"conf_actions":85,"confirmed_hits":386,"dup_confirmed":0,"hits_on_me":34,"pred_actions":89,"predicted_confirmed":41,"predicted_hits":85,"reconnects":0},"ev":"stats","hp":168.0,"in_bytes":1872769,"late":0,"local_entity":1,"match":{"countdown_until":300,"ctrl":-1,"final":false,"next":"","phase":3,"rot":2828,"scores":[19,10],"sd":false,"state":3,"tick":7972,"zone":"C"},"max_err":1.663,"mean_err":0.0269,"ms":139941,"out_bytes":405393,"pending":6,"pos":[42.04,0.87],"reconciles":2741,"server_tick":8273,"snaps":2744,"teleports":3}
[client] {"a":2,"dup":false,"ev":"game","ms":140011,"predicted":false,"t":6,"tick":8272,"type":"hit"}
[client] {"a":0,"dup":false,"ev":"game","ms":140025,"predicted":false,"t":8,"tick":8273,"type":"hit"}
[client] {"a":2,"dup":false,"ev":"game","ms":140590,"predicted":false,"t":8,"tick":8307,"type":"hit"}
[client] {"a":6,"dup":false,"ev":"game","ms":141047,"predicted":false,"t":0,"tick":8335,"type":"hit"}
[client] {"a":7,"dup":false,"ev":"game","ms":141129,"predicted":false,"t":0,"tick":8340,"type":"hit"}
[client] {"a":2,"dup":false,"ev":"game","ms":141246,"predicted":false,"t":6,"tick":8347,"type":"hit"}
[client] {"a":8,"dup":false,"ev":"game","ms":141308,"predicted":false,"t":2,"tick":8351,"type":"hit"}
[client] {"a":6,"dup":false,"ev":"game","ms":141820,"predicted":false,"t":0,"tick":8381,"type":"hit"}
[client] {"a":1,"dup":true,"ev":"game","ms":141922,"predicted":false,"t":8,"tick":8392,"type":"hit"}
[client] {"a":6,"dup":false,"ev":"game","ms":142170,"predicted":false,"t":0,"tick":8402,"type":"hit"}
[client] {"a":2,"dup":false,"ev":"game","ms":142302,"predicted":false,"t":6,"tick":8410,"type":"hit"}
[client] {"a":1,"dup":true,"ev":"game","ms":142558,"predicted":false,"t":7,"tick":8430,"type":"hit"}
[client] {"a":3,"dup":false,"ev":"game","ms":142585,"predicted":false,"t":5,"tick":8427,"type":"hit"}
[client] {"a":0,"dup":false,"ev":"game","ms":142736,"predicted":false,"t":6,"tick":8436,"type":"block"}
[client] {"a":8,"dup":false,"ev":"game","ms":142889,"predicted":false,"t":1,"tick":8445,"type":"hit"}
[client] {"a":3,"dup":false,"ev":"game","ms":142957,"predicted":false,"t":5,"tick":8449,"type":"hit"}
[client] {"a":2,"dup":false,"ev":"game","ms":143019,"predicted":false,"t":6,"tick":8453,"type":"hit"}
[client] {"a":0,"dup":false,"ev":"game","ms":143102,"predicted":false,"t":6,"tick":8458,"type":"hit"}
[client] {"a":1,"dup":true,"ev":"game","ms":143171,"predicted":false,"t":6,"tick":8467,"type":"hit"}
[client] {"a":5,"dup":false,"ev":"game","ms":143323,"predicted":false,"t":2,"tick":8471,"type":"hit"}
[client] {"a":0,"dup":false,"ev":"game","ms":143419,"predicted":false,"t":6,"tick":8477,"type":"hit"}
[client] {"a":8,"dup":false,"ev":"game","ms":143440,"predicted":false,"t":1,"tick":8478,"type":"hit"}
[client] {"a":5,"dup":false,"ev":"game","ms":143620,"predicted":false,"t":1,"tick":8489,"type":"hit"}
[client] {"a":5,"dup":false,"ev":"game","ms":143640,"predicted":false,"t":2,"tick":8490,"type":"hit"}
[client] {"a":3,"dup":false,"ev":"game","ms":143654,"predicted":false,"t":5,"tick":8491,"type":"hit"}
[client] {"a":6,"dup":false,"ev":"game","ms":143937,"predicted":false,"t":1,"tick":8508,"type":"hit"}
[client] {"a":6,"dup":false,"ev":"game","ms":143958,"predicted":false,"t":0,"tick":8509,"type":"hit"}
[client] {"a":2,"dup":false,"ev":"game","ms":144103,"predicted":false,"t":6,"tick":8518,"type":"hit"}
[client] {"a":0,"dup":false,"ev":"game","ms":144338,"predicted":false,"t":6,"tick":8532,"type":"hit"}
[client] {"a":5,"dup":false,"ev":"game","ms":144358,"predicted":false,"t":0,"tick":8533,"type":"hit"}
[client] {"a":1,"dup":true,"ev":"game","ms":144372,"predicted":false,"t":6,"tick":8539,"type":"hit"}
[client] {"a":5,"dup":false,"ev":"game","ms":144675,"predicted":false,"t":0,"tick":8552,"type":"hit"}
[client] {"a":6,"dup":false,"ev":"game","ms":144855,"predicted":false,"t":1,"tick":8563,"type":"hit"}
[client] {"a":6,"dup":false,"ev":"game","ms":144904,"predicted":false,"t":0,"tick":8566,"type":"hit"}
[client] {"counts":{"blocks_on_me":0,"conf_actions":94,"confirmed_hits":419,"dup_confirmed":0,"hits_on_me":39,"pred_actions":100,"predicted_confirmed":45,"predicted_hits":96,"reconnects":0},"ev":"stats","hp":78.0,"in_bytes":1953369,"late":0,"local_entity":1,"match":{"countdown_until":300,"ctrl":-1,"final":false,"next":"","phase":3,"rot":2528,"scores":[19,10],"sd":false,"state":3,"tick":8272,"zone":"C"},"max_err":1.663,"mean_err":0.0272,"ms":144937,"out_bytes":420093,"pending":6,"pos":[40.72,-1.16],"reconciles":2841,"server_tick":8573,"snaps":2844,"teleports":3}
[client] {"a":5,"dup":false,"ev":"game","ms":144973,"predicted":false,"t":0,"tick":8570,"type":"hit"}
[client] {"a":5,"dup":false,"ev":"game","ms":145007,"predicted":false,"t":1,"tick":8572,"type":"hit"}
[client] {"a":7,"dup":false,"ev":"game","ms":145007,"predicted":false,"t":0,"tick":8572,"type":"hit"}
[client] {"a":0,"dup":false,"ev":"game","ms":145007,"predicted":false,"t":-1,"tick":8572,"type":"ko"}
[client] {"a":5,"dup":false,"ev":"game","ms":145021,"predicted":false,"t":2,"tick":8573,"type":"hit"}
[client] {"a":7,"dup":false,"ev":"game","ms":145021,"predicted":false,"t":1,"tick":8573,"type":"hit"}
[client] {"a":4,"dup":false,"ev":"game","ms":145124,"predicted":false,"t":6,"tick":8579,"type":"hit"}
[client] {"a":3,"dup":false,"ev":"game","ms":145422,"predicted":false,"t":6,"tick":8597,"type":"hit"}
[client] {"a":6,"dup":false,"ev":"game","ms":145422,"predicted":false,"t":-1,"tick":8597,"type":"ko"}
[client] {"a":3,"dup":false,"ev":"game","ms":145476,"predicted":false,"t":7,"tick":8600,"type":"hit"}
[client] {"a":2,"dup":false,"ev":"game","ms":145689,"predicted":false,"t":5,"tick":8613,"type":"hit"}
[client] {"a":2,"dup":false,"ev":"game","ms":146021,"predicted":false,"t":5,"tick":8633,"type":"hit"}
[client] {"a":9,"dup":false,"ev":"game","ms":146089,"predicted":false,"t":4,"tick":8637,"type":"hit"}
[client] {"a":3,"dup":false,"ev":"game","ms":146139,"predicted":false,"t":5,"tick":8640,"type":"hit"}
[client] {"a":2,"dup":false,"ev":"game","ms":146386,"predicted":false,"t":5,"tick":8655,"type":"hit"}
[client] {"a":3,"dup":false,"ev":"game","ms":146505,"predicted":false,"t":9,"tick":8662,"type":"hit"}
[client] {"a":7,"dup":false,"ev":"game","ms":146525,"predicted":false,"t":2,"tick":8663,"type":"hit"}
[client] {"a":4,"dup":false,"ev":"game","ms":146760,"predicted":false,"t":9,"tick":8677,"type":"hit"}
[client] {"a":5,"dup":false,"ev":"game","ms":146786,"predicted":false,"t":3,"tick":8679,"type":"hit"}
[client] {"a":7,"dup":false,"ev":"game","ms":146821,"predicted":false,"t":2,"tick":8681,"type":"hit"}
[client] {"a":5,"dup":false,"ev":"game","ms":146987,"predicted":false,"t":4,"tick":8691,"type":"hit"}
[client] {"a":5,"dup":false,"ev":"game","ms":147008,"predicted":false,"t":3,"tick":8692,"type":"hit"}
[client] {"a":7,"dup":false,"ev":"game","ms":147160,"predicted":false,"t":2,"tick":8701,"type":"hit"}
[client] {"a":1,"dup":true,"ev":"game","ms":147208,"predicted":false,"t":7,"tick":8709,"type":"hit"}
[client] {"a":5,"dup":false,"ev":"game","ms":147477,"predicted":false,"t":4,"tick":8720,"type":"hit"}
[client] {"a":1,"dup":true,"ev":"game","ms":147525,"predicted":false,"t":7,"tick":8728,"type":"hit"}
[client] {"a":7,"dup":false,"ev":"game","ms":147608,"predicted":false,"t":-1,"tick":8728,"type":"ko"}
[client] {"a":5,"dup":false,"ev":"game","ms":147774,"predicted":false,"t":4,"tick":8738,"type":"hit"}
[client] {"a":9,"dup":false,"ev":"game","ms":147856,"predicted":false,"t":1,"tick":8743,"type":"hit"}
[client] {"a":5,"dup":false,"ev":"game","ms":148090,"predicted":false,"t":4,"tick":8758,"type":"hit"}
[client] {"a":1,"dup":false,"ev":"game","ms":148091,"predicted":false,"t":-1,"tick":8763,"type":"ko"}
[client] {"a":3,"dup":false,"ev":"game","ms":148125,"predicted":false,"t":5,"tick":8760,"type":"hit"}
[client] {"a":5,"dup":false,"ev":"game","ms":148125,"predicted":false,"t":-1,"tick":8760,"type":"ko"}
[client] {"a":9,"dup":false,"ev":"game","ms":148187,"predicted":false,"t":1,"tick":8763,"type":"hit"}
[client] {"a":2,"dup":false,"ev":"game","ms":148256,"predicted":false,"t":9,"tick":8767,"type":"hit"}
[client] {"a":2,"dup":false,"ev":"game","ms":148891,"predicted":false,"t":9,"tick":8806,"type":"hit"}
[client] {"a":4,"dup":false,"ev":"game","ms":149043,"predicted":false,"t":8,"tick":8815,"type":"hit"}
[client] {"a":9,"dup":false,"ev":"game","ms":149726,"predicted":false,"t":2,"tick":8856,"type":"hit"}
[client] {"a":8,"dup":false,"ev":"game","ms":149742,"predicted":false,"t":4,"tick":8857,"type":"hit"}
[client] {"counts":{"blocks_on_me":0,"conf_actions":101,"confirmed_hits":453,"dup_confirmed":0,"hits_on_me":43,"pred_actions":107,"predicted_confirmed":47,"predicted_hits":101,"reconnects":0},"ev":"stats","hp":0.0,"in_bytes":2026371,"late":0,"local_entity":1,"match":{"countdown_until":300,"ctrl":-1,"final":false,"next":"","phase":3,"rot":2228,"scores":[19,10],"sd":false,"state":3,"tick":8572,"zone":"C"},"max_err":1.663,"mean_err":0.0273,"ms":149939,"out_bytes":434793,"pending":6,"pos":[40.88,-0.98],"reconciles":2941,"server_tick":8873,"snaps":2944,"teleports":3}
[client] {"a":9,"dup":false,"ev":"game","ms":150092,"predicted":false,"t":2,"tick":8878,"type":"hit"}
[client] {"a":3,"dup":false,"ev":"game","ms":150361,"predicted":false,"t":9,"tick":8894,"type":"hit"}
[client] {"a":8,"dup":false,"ev":"game","ms":150526,"predicted":false,"t":2,"tick":8904,"type":"hit"}
[client] {"a":2,"dup":false,"ev":"game","ms":150920,"predicted":false,"t":9,"tick":8928,"type":"hit"}
[client] {"a":8,"dup":false,"ev":"game","ms":151155,"predicted":false,"t":4,"tick":8941,"type":"hit"}
[client] {"a":2,"dup":false,"ev":"game","ms":151403,"predicted":false,"t":9,"tick":8956,"type":"hit"}
[client] {"a":8,"dup":false,"ev":"game","ms":152403,"predicted":false,"t":4,"tick":9016,"type":"hit"}
[client] {"a":8,"dup":false,"ev":"game","ms":152721,"predicted":false,"t":4,"tick":9035,"type":"hit"}
[client] {"a":9,"dup":false,"ev":"game","ms":152789,"predicted":false,"t":2,"tick":9039,"type":"hit"}
[client] {"a":2,"dup":false,"ev":"game","ms":152789,"predicted":false,"t":-1,"tick":9039,"type":"ko"}
[client] {"a":3,"dup":false,"ev":"game","ms":152969,"predicted":false,"t":8,"tick":9050,"type":"hit"}
[client] {"a":4,"dup":false,"ev":"game","ms":153252,"predicted":false,"t":8,"tick":9067,"type":"hit"}
[client] {"a":8,"dup":false,"ev":"game","ms":153252,"predicted":false,"t":-1,"tick":9067,"type":"ko"}
[client] {"a":3,"dup":false,"ev":"game","ms":153817,"predicted":false,"t":9,"tick":9101,"type":"hit"}
[client] {"a":3,"dup":false,"ev":"game","ms":154169,"predicted":false,"t":9,"tick":9122,"type":"hit"}
[client] {"a":3,"dup":false,"ev":"game","ms":154501,"predicted":false,"t":9,"tick":9142,"type":"hit"}
[client] {"counts":{"blocks_on_me":0,"conf_actions":101,"confirmed_hits":467,"dup_confirmed":0,"hits_on_me":43,"pred_actions":107,"predicted_confirmed":47,"predicted_hits":101,"reconnects":0},"ev":"stats","hp":0.0,"in_bytes":2087089,"late":0,"local_entity":1,"match":{"countdown_until":300,"ctrl":-1,"final":false,"next":"","phase":3,"rot":1928,"scores":[19,10],"sd":false,"state":3,"tick":8872,"zone":"C"},"max_err":1.663,"mean_err":0.0264,"ms":154935,"out_bytes":449493,"pending":6,"pos":[40.88,-0.98],"reconciles":3041,"server_tick":9173,"snaps":3044,"teleports":3}
[client] {"a":0,"dup":false,"ev":"game","ms":155004,"predicted":false,"t":-1,"tick":9172,"type":"respawn"}
[client] {"a":3,"dup":false,"ev":"game","ms":155204,"predicted":false,"t":9,"tick":9184,"type":"hit"}
[client] {"a":9,"dup":false,"ev":"game","ms":155204,"predicted":false,"t":-1,"tick":9184,"type":"ko"}
[client] {"a":6,"dup":false,"ev":"game","ms":155418,"predicted":false,"t":-1,"tick":9197,"type":"respawn"}
[client] {"a":7,"dup":false,"ev":"game","ms":157606,"predicted":false,"t":-1,"tick":9328,"type":"respawn"}
[client] {"a":1,"dup":false,"ev":"game","ms":158110,"predicted":false,"t":-1,"tick":9363,"type":"respawn"}
[client] {"a":5,"dup":false,"ev":"game","ms":158137,"predicted":false,"t":-1,"tick":9360,"type":"respawn"}
[client] {"counts":{"blocks_on_me":0,"conf_actions":101,"confirmed_hits":468,"dup_confirmed":0,"hits_on_me":43,"pred_actions":107,"predicted_confirmed":47,"predicted_hits":101,"reconnects":0},"ev":"stats","hp":220.0,"in_bytes":2137555,"late":0,"local_entity":1,"match":{"countdown_until":300,"ctrl":0,"final":false,"next":"","phase":3,"rot":1628,"scores":[23,10],"sd":false,"state":2,"tick":9172,"zone":"C"},"max_err":1.663,"mean_err":0.0255,"ms":159937,"out_bytes":464193,"pending":6,"pos":[12.48,-38.13],"reconciles":3140,"server_tick":9473,"snaps":3144,"teleports":4}
[client] {"a":2,"dup":false,"ev":"game","ms":162785,"predicted":false,"t":-1,"tick":9639,"type":"respawn"}
[client] {"a":8,"dup":false,"ev":"game","ms":163247,"predicted":false,"t":-1,"tick":9667,"type":"respawn"}
[client] {"counts":{"blocks_on_me":0,"conf_actions":101,"confirmed_hits":468,"dup_confirmed":0,"hits_on_me":43,"pred_actions":107,"predicted_confirmed":47,"predicted_hits":101,"reconnects":0},"ev":"stats","hp":220.0,"in_bytes":2193104,"late":0,"local_entity":1,"match":{"countdown_until":300,"ctrl":0,"final":false,"next":"","phase":3,"rot":1328,"scores":[28,10],"sd":false,"state":2,"tick":9472,"zone":"C"},"max_err":1.663,"mean_err":0.0247,"ms":164930,"out_bytes":478893,"pending":6,"pos":[27.44,-10.45],"reconciles":3240,"server_tick":9773,"snaps":3244,"teleports":4}
[client] {"a":9,"dup":false,"ev":"game","ms":165200,"predicted":false,"t":-1,"tick":9784,"type":"respawn"}
[client] {"a":0,"dup":false,"ev":"game","ms":166869,"predicted":false,"t":6,"tick":9884,"type":"hit"}
[client] {"a":6,"dup":false,"ev":"game","ms":167435,"predicted":false,"t":0,"tick":9918,"type":"hit"}
[client] {"a":1,"dup":true,"ev":"game","ms":167636,"predicted":false,"t":6,"tick":9935,"type":"hit"}
[client] {"a":1,"dup":true,"ev":"game","ms":167932,"predicted":false,"t":6,"tick":9953,"type":"hit"}
[client] {"a":3,"dup":false,"ev":"game","ms":167967,"predicted":false,"t":6,"tick":9950,"type":"hit"}
[client] {"a":0,"dup":false,"ev":"game","ms":168084,"predicted":false,"t":6,"tick":9957,"type":"hit"}
[client] {"a":0,"dup":false,"ev":"game","ms":168106,"predicted":false,"t":5,"tick":9958,"type":"hit"}
[client] {"a":7,"dup":false,"ev":"game","ms":168767,"predicted":false,"t":0,"tick":9998,"type":"hit"}
[client] {"a":1,"dup":true,"ev":"game","ms":169106,"predicted":false,"t":7,"tick":10023,"type":"hit"}
[client] {"a":6,"dup":false,"ev":"game","ms":169188,"predicted":false,"t":1,"tick":10023,"type":"hit"}
[client] {"counts":{"blocks_on_me":0,"conf_actions":107,"confirmed_hits":478,"dup_confirmed":0,"hits_on_me":44,"pred_actions":113,"predicted_confirmed":50,"predicted_hits":106,"reconnects":0},"ev":"stats","hp":202.0,"in_bytes":2259354,"late":0,"local_entity":1,"match":{"countdown_until":300,"ctrl":-1,"final":false,"next":"","phase":3,"rot":1028,"scores":[29,10],"sd":false,"state":3,"tick":9772,"zone":"C"},"max_err":1.663,"mean_err":0.0242,"ms":169939,"out_bytes":493593,"pending":6,"pos":[38.44,-0.75],"reconciles":3340,"server_tick":10073,"snaps":3344,"teleports":4}
[client] {"a":6,"dup":false,"ev":"game","ms":170355,"predicted":false,"t":0,"tick":10093,"type":"hit"}
[client] {"a":1,"dup":true,"ev":"game","ms":170355,"predicted":false,"t":7,"tick":10098,"type":"hit"}
[client] {"a":6,"dup":false,"ev":"game","ms":170403,"predicted":false,"t":3,"tick":10096,"type":"hit"}
[client] {"a":4,"dup":false,"ev":"game","ms":170720,"predicted":false,"t":5,"tick":10115,"type":"hit"}
[client] {"a":6,"dup":false,"ev":"game","ms":171023,"predicted":false,"t":4,"tick":10133,"type":"hit"}
[client] {"a":0,"dup":false,"ev":"game","ms":171341,"predicted":false,"t":6,"tick":10152,"type":"hit"}
[client] {"a":7,"dup":false,"ev":"game","ms":171520,"predicted":false,"t":4,"tick":10163,"type":"hit"}
[client] {"a":1,"dup":true,"ev":"game","ms":171707,"predicted":false,"t":7,"tick":10179,"type":"hit"}
[client] {"a":3,"dup":false,"ev":"game","ms":171769,"predicted":false,"t":6,"tick":10178,"type":"hit"}
[client] {"a":4,"dup":false,"ev":"game","ms":171886,"predicted":false,"t":6,"tick":10185,"type":"hit"}
[client] {"a":0,"dup":false,"ev":"game","ms":171907,"predicted":false,"t":5,"tick":10186,"type":"hit"}
[client] {"a":0,"dup":false,"ev":"game","ms":171921,"predicted":false,"t":6,"tick":10187,"type":"hit"}
[client] {"a":0,"dup":false,"ev":"game","ms":171921,"predicted":false,"t":7,"tick":10187,"type":"hit"}
[client] {"a":4,"dup":false,"ev":"game","ms":172507,"predicted":false,"t":5,"tick":10222,"type":"hit"}
[client] {"a":1,"dup":true,"ev":"game","ms":172590,"predicted":false,"t":6,"tick":10232,"type":"hit"}
[client] {"a":7,"dup":false,"ev":"game","ms":172707,"predicted":false,"t":4,"tick":10234,"type":"hit"}
[client] {"a":7,"dup":false,"ev":"game","ms":173024,"predicted":false,"t":4,"tick":10253,"type":"hit"}
[client] {"a":8,"dup":false,"ev":"game","ms":173286,"predicted":false,"t":1,"tick":10269,"type":"hit"}
[client] {"a":7,"dup":false,"ev":"game","ms":173390,"predicted":false,"t":4,"tick":10275,"type":"hit"}
[client] {"a":6,"dup":false,"ev":"game","ms":173839,"predicted":false,"t":4,"tick":10302,"type":"block"}
[client] {"a":3,"dup":false,"ev":"game","ms":173908,"predicted":false,"t":7,"tick":10306,"type":"hit"}
[client] {"a":5,"dup":false,"ev":"game","ms":174205,"predicted":false,"t":3,"tick":10324,"type":"hit"}
[client] {"a":1,"dup":true,"ev":"game","ms":174310,"predicted":false,"t":7,"tick":10335,"type":"hit"}
[client] {"a":6,"dup":false,"ev":"game","ms":174605,"predicted":false,"t":4,"tick":10348,"type":"hit"}
[client] {"a":5,"dup":false,"ev":"game","ms":174873,"predicted":false,"t":4,"tick":10364,"type":"hit"}
[client] {"a":4,"dup":false,"ev":"game","ms":174873,"predicted":false,"t":-1,"tick":10364,"type":"ko"}
[client] {"counts":{"blocks_on_me":0,"conf_actions":112,"confirmed_hits":502,"dup_confirmed":0,"hits_on_me":45,"pred_actions":119,"predicted_confirmed":54,"predicted_hits":114,"reconnects":0},"ev":"stats","hp":164.0,"in_bytes":2336852,"late":0,"local_entity":1,"match":{"countdown_until":300,"ctrl":-1,"final":false,"next":"B","phase":3,"rot":728,"scores":[29,10],"sd":false,"state":3,"tick":10072,"zone":"C"},"max_err":1.663,"mean_err":0.024,"ms":174942,"out_bytes":508293,"pending":6,"pos":[41.43,0.13],"reconciles":3440,"server_tick":10373,"snaps":3444,"teleports":4}
[client] {"a":5,"dup":false,"ev":"game","ms":175240,"predicted":false,"t":0,"tick":10386,"type":"hit"}
[client] {"a":8,"dup":false,"ev":"game","ms":175322,"predicted":false,"t":1,"tick":10391,"type":"hit"}
[client] {"a":7,"dup":false,"ev":"game","ms":175508,"predicted":false,"t":3,"tick":10402,"type":"hit"}
[client] {"a":8,"dup":false,"ev":"game","ms":175591,"predicted":false,"t":1,"tick":10407,"type":"hit"}
[client] {"a":7,"dup":false,"ev":"game","ms":175839,"predicted":false,"t":3,"tick":10422,"type":"hit"}
[client] {"a":0,"dup":false,"ev":"game","ms":175888,"predicted":false,"t":5,"tick":10425,"type":"hit"}
[client] {"a":2,"dup":false,"ev":"game","ms":176122,"predicted":false,"t":7,"tick":10439,"type":"hit"}
[client] {"a":8,"dup":false,"ev":"game","ms":176309,"predicted":false,"t":0,"tick":10450,"type":"hit"}
[client] {"a":2,"dup":false,"ev":"game","ms":176371,"predicted":false,"t":7,"tick":10454,"type":"hit"}
[client] {"a":5,"dup":false,"ev":"game","ms":176909,"predicted":false,"t":3,"tick":10486,"type":"hit"}
[client] {"a":8,"dup":false,"ev":"game","ms":176923,"predicted":false,"t":3,"tick":10487,"type":"hit"}
[client] {"a":2,"dup":false,"ev":"game","ms":177226,"predicted":false,"t":7,"tick":10505,"type":"hit"}
[client] {"a":8,"dup":false,"ev":"game","ms":177358,"predicted":false,"t":3,"tick":10513,"type":"parry"}
[client] {"a":0,"dup":false,"ev":"game","ms":177407,"predicted":false,"t":5,"tick":10516,"type":"hit"}
[client] {"a":6,"dup":false,"ev":"game","ms":177440,"predicted":false,"t":3,"tick":10518,"type":"hit"}
[client] {"a":2,"dup":false,"ev":"game","ms":177558,"predicted":false,"t":7,"tick":10525,"type":"hit"}
[client] {"a":7,"dup":false,"ev":"game","ms":177558,"predicted":false,"t":-1,"tick":10525,"type":"ko"}
[client] {"a":6,"dup":false,"ev":"game","ms":178207,"predicted":false,"t":0,"tick":10564,"type":"hit"}
[client] {"a":1,"dup":false,"ev":"game","ms":178406,"predicted":false,"t":8,"tick":10581,"type":"hit"}
[client] {"a":8,"dup":false,"ev":"game","ms":178441,"predicted":false,"t":2,"tick":10578,"type":"hit"}
[client] {"a":5,"dup":false,"ev":"game","ms":178524,"predicted":false,"t":0,"tick":10583,"type":"hit"}
[client] {"a":6,"dup":false,"ev":"game","ms":178545,"predicted":false,"t":0,"tick":10584,"type":"hit"}
[client] {"a":0,"dup":false,"ev":"game","ms":178545,"predicted":false,"t":-1,"tick":10584,"type":"ko"}
[client] {"a":3,"dup":false,"ev":"game","ms":178607,"predicted":false,"t":6,"tick":10588,"type":"hit"}
[client] {"a":1,"dup":true,"ev":"game","ms":178772,"predicted":false,"t":8,"tick":10603,"type":"hit"}
[client] {"a":9,"dup":false,"ev":"game","ms":178973,"predicted":false,"t":1,"tick":10610,"type":"hit"}
[client] {"a":9,"dup":false,"ev":"game","ms":179289,"predicted":false,"t":1,"tick":10629,"type":"hit"}
[client] {"a":8,"dup":false,"ev":"game","ms":179393,"predicted":false,"t":1,"tick":10635,"type":"hit"}
[client] {"a":3,"dup":false,"ev":"game","ms":179572,"predicted":false,"t":9,"tick":10646,"type":"hit"}
[client] {"a":5,"dup":false,"ev":"game","ms":179607,"predicted":false,"t":3,"tick":10649,"type":"hit"}
[client] {"a":2,"dup":false,"ev":"game","ms":179641,"predicted":false,"t":9,"tick":10651,"type":"hit"}
[client] {"a":2,"dup":false,"ev":"game","ms":179676,"predicted":false,"t":8,"tick":10653,"type":"hit"}
[client] {"a":5,"dup":false,"ev":"game","ms":179911,"predicted":false,"t":3,"tick":10667,"type":"hit"}
[client] {"counts":{"blocks_on_me":0,"conf_actions":117,"confirmed_hits":532,"dup_confirmed":0,"hits_on_me":50,"pred_actions":126,"predicted_confirmed":55,"predicted_hits":115,"reconnects":0},"ev":"stats","hp":76.0,"in_bytes":2415720,"late":0,"local_entity":1,"match":{"countdown_until":300,"ctrl":-1,"final":false,"next":"B","phase":3,"rot":425,"scores":[29,10],"sd":false,"state":3,"tick":10375,"zone":"C"},"max_err":1.663,"mean_err":0.0243,"ms":179944,"out_bytes":522993,"pending":6,"pos":[42.32,-1.42],"reconciles":3540,"server_tick":10673,"snaps":3545,"teleports":4}
[client] {"a":2,"dup":false,"ev":"game","ms":180007,"predicted":false,"t":8,"tick":10673,"type":"hit"}
[client] {"a":1,"dup":true,"ev":"game","ms":180194,"predicted":false,"t":8,"tick":10689,"type":"hit"}
[client] {"a":6,"dup":false,"ev":"game","ms":180476,"predicted":false,"t":2,"tick":10701,"type":"hit"}
[client] {"a":9,"dup":false,"ev":"game","ms":180959,"predicted":false,"t":1,"tick":10730,"type":"hit"}
[client] {"a":6,"dup":false,"ev":"game","ms":181159,"predicted":false,"t":3,"tick":10742,"type":"hit"}
[client] {"a":5,"dup":false,"ev":"game","ms":181311,"predicted":false,"t":3,"tick":10751,"type":"hit"}
[client] {"a":1,"dup":true,"ev":"game","ms":181560,"predicted":false,"t":9,"tick":10771,"type":"hit"}
[client] {"a":9,"dup":false,"ev":"game","ms":181608,"predicted":false,"t":3,"tick":10769,"type":"hit"}
[client] {"a":3,"dup":false,"ev":"game","ms":181608,"predicted":false,"t":-1,"tick":10769,"type":"ko"}
[client] {"a":8,"dup":false,"ev":"game","ms":182063,"predicted":false,"t":1,"tick":10796,"type":"hit"}
[client] {"a":2,"dup":false,"ev":"game","ms":182195,"predicted":false,"t":8,"tick":10804,"type":"hit"}
[client] {"a":1,"dup":true,"ev":"game","ms":182666,"predicted":false,"t":5,"tick":10836,"type":"hit"}
[client] {"a":1,"dup":true,"ev":"game","ms":183078,"predicted":false,"t":6,"tick":10862,"type":"hit"}
[client] {"a":6,"dup":false,"ev":"game","ms":183160,"predicted":false,"t":-1,"tick":10862,"type":"ko"}
[client] {"a":9,"dup":false,"ev":"game","ms":183643,"predicted":false,"t":1,"tick":10891,"type":"hit"}
[client] {"a":5,"dup":false,"ev":"game","ms":184148,"predicted":false,"t":1,"tick":10921,"type":"hit"}
[client] {"a":2,"dup":false,"ev":"game","ms":184209,"predicted":false,"t":8,"tick":10925,"type":"hit"}
[client] {"a":1,"dup":false,"ev":"game","ms":184382,"predicted":false,"t":-1,"tick":10940,"type":"ko"}
[client] {"a":5,"dup":false,"ev":"game","ms":184479,"predicted":false,"t":1,"tick":10940,"type":"hit"}
[client] {"a":2,"dup":false,"ev":"game","ms":184637,"predicted":false,"t":8,"tick":10950,"type":"hit"}
[client] {"a":4,"dup":false,"ev":"game","ms":184872,"predicted":false,"t":-1,"tick":10964,"type":"respawn"}
[client] {"counts":{"blocks_on_me":0,"conf_actions":123,"confirmed_hits":549,"dup_confirmed":0,"hits_on_me":55,"pred_actions":134,"predicted_confirmed":59,"predicted_hits":122,"reconnects":0},"ev":"stats","hp":0.0,"in_bytes":2486297,"late":0,"local_entity":1,"match":{"countdown_until":300,"ctrl":-1,"final":false,"next":"B","phase":3,"rot":128,"scores":[29,10],"sd":false,"state":3,"tick":10672,"zone":"C"},"max_err":1.663,"mean_err":0.0245,"ms":184940,"out_bytes":537693,"pending":6,"pos":[43.05,-0.83],"reconciles":3640,"server_tick":10973,"snaps":3644,"teleports":4}
[client] {"a":2,"dup":false,"ev":"game","ms":185024,"predicted":false,"t":8,"tick":10973,"type":"hit"}
[client] {"a":2,"dup":false,"ev":"game","ms":185720,"predicted":false,"t":9,"tick":11015,"type":"hit"}
[client] {"a":2,"dup":false,"ev":"game","ms":186072,"predicted":false,"t":5,"tick":11036,"type":"hit"}
[client] {"a":2,"dup":false,"ev":"game","ms":186286,"predicted":false,"t":5,"tick":11049,"type":"hit"}
[client] {"a":5,"dup":false,"ev":"game","ms":186286,"predicted":false,"t":-1,"tick":11049,"type":"ko"}
[client] {"a":2,"dup":false,"ev":"game","ms":186342,"predicted":false,"t":8,"tick":11052,"type":"hit"}
[client] {"a":2,"dup":false,"ev":"game","ms":187073,"predicted":false,"t":9,"tick":11096,"type":"hit"}
[client] {"a":-1,"dup":false,"ev":"game","ms":187121,"predicted":false,"t":-1,"tick":11099,"type":"zone_rotated"}
[client] {"a":7,"dup":false,"ev":"game","ms":187556,"predicted":false,"t":-1,"tick":11125,"type":"respawn"}
[client] {"a":0,"dup":false,"ev":"game","ms":188543,"predicted":false,"t":-1,"tick":11184,"type":"respawn"}
[client] {"counts":{"blocks_on_me":0,"conf_actions":123,"confirmed_hits":555,"dup_confirmed":0,"hits_on_me":55,"pred_actions":134,"predicted_confirmed":59,"predicted_hits":122,"reconnects":0},"ev":"stats","hp":0.0,"in_bytes":2544429,"late":0,"local_entity":1,"match":{"countdown_until":300,"ctrl":-1,"final":false,"next":"","phase":3,"rot":3425,"scores":[29,10],"sd":false,"state":1,"tick":10975,"zone":"B"},"max_err":1.663,"mean_err":0.0239,"ms":189943,"out_bytes":552393,"pending":6,"pos":[43.05,-0.83],"reconciles":3740,"server_tick":11273,"snaps":3745,"teleports":4}
[client] {"a":3,"dup":false,"ev":"game","ms":191606,"predicted":false,"t":-1,"tick":11369,"type":"respawn"}
[client] {"a":6,"dup":false,"ev":"game","ms":193172,"predicted":false,"t":-1,"tick":11462,"type":"respawn"}
[client] {"a":4,"dup":false,"ev":"game","ms":193455,"predicted":false,"t":8,"tick":11479,"type":"hit"}
[client] {"a":2,"dup":false,"ev":"game","ms":193752,"predicted":false,"t":8,"tick":11497,"type":"hit"}
[client] {"a":8,"dup":false,"ev":"game","ms":193752,"predicted":false,"t":-1,"tick":11497,"type":"ko"}
[client] {"a":1,"dup":false,"ev":"game","ms":194387,"predicted":false,"t":-1,"tick":11540,"type":"respawn"}
[client] {"counts":{"blocks_on_me":0,"conf_actions":123,"confirmed_hits":557,"dup_confirmed":0,"hits_on_me":55,"pred_actions":134,"predicted_confirmed":59,"predicted_hits":122,"reconnects":0},"ev":"stats","hp":220.0,"in_bytes":2603052,"late":0,"local_entity":1,"match":{"countdown_until":300,"ctrl":-1,"final":false,"next":"","phase":3,"rot":3128,"scores":[29,10],"sd":false,"state":3,"tick":11272,"zone":"B"},"max_err":1.663,"mean_err":0.0233,"ms":194938,"out_bytes":567093,"pending":6,"pos":[-5.23,-45.68],"reconciles":3839,"server_tick":11573,"snaps":3844,"teleports":5}
[client] {"a":9,"dup":false,"ev":"game","ms":195118,"predicted":false,"t":2,"tick":11579,"type":"hit"}
[client] {"a":4,"dup":false,"ev":"game","ms":195940,"predicted":false,"t":7,"tick":11628,"type":"hit"}
[client] {"a":0,"dup":false,"ev":"game","ms":196071,"predicted":false,"t":7,"tick":11636,"type":"hit"}
[client] {"a":5,"dup":false,"ev":"game","ms":196291,"predicted":false,"t":-1,"tick":11649,"type":"respawn"}
[client] {"a":7,"dup":false,"ev":"game","ms":196892,"predicted":false,"t":4,"tick":11685,"type":"hit"}
[client] {"a":7,"dup":false,"ev":"game","ms":197154,"predicted":false,"t":4,"tick":11701,"type":"hit"}
[client] {"a":2,"dup":false,"ev":"game","ms":197271,"predicted":false,"t":9,"tick":11708,"type":"hit"}
[client] {"a":7,"dup":false,"ev":"game","ms":197520,"predicted":false,"t":4,"tick":11723,"type":"hit"}
[client] {"a":0,"dup":false,"ev":"game","ms":197603,"predicted":false,"t":7,"tick":11728,"type":"hit"}
[client] {"a":2,"dup":false,"ev":"game","ms":197623,"predicted":false,"t":9,"tick":11729,"type":"hit"}
[client] {"a":7,"dup":false,"ev":"game","ms":197975,"predicted":false,"t":4,"tick":11750,"type":"hit"}
[client] {"a":2,"dup":false,"ev":"game","ms":198023,"predicted":false,"t":9,"tick":11753,"type":"hit"}
[client] {"a":0,"dup":false,"ev":"game","ms":198072,"predicted":false,"t":7,"tick":11756,"type":"hit"}
[client] {"a":0,"dup":false,"ev":"game","ms":198741,"predicted":false,"t":7,"tick":11796,"type":"hit"}
[client] {"a":4,"dup":false,"ev":"game","ms":198810,"predicted":false,"t":7,"tick":11800,"type":"hit"}
[client] {"a":2,"dup":false,"ev":"game","ms":198823,"predicted":false,"t":7,"tick":11801,"type":"hit"}
[client] {"a":2,"dup":false,"ev":"game","ms":199093,"predicted":false,"t":7,"tick":11817,"type":"hit"}
[client] {"a":4,"dup":false,"ev":"game","ms":199155,"predicted":false,"t":7,"tick":11821,"type":"hit"}
[client] {"a":9,"dup":false,"ev":"game","ms":199507,"predicted":false,"t":2,"tick":11842,"type":"hit"}
[client] {"a":7,"dup":false,"ev":"game","ms":199589,"predicted":false,"t":0,"tick":11847,"type":"hit"}
[client] {"a":7,"dup":false,"ev":"game","ms":199859,"predicted":false,"t":2,"tick":11863,"type":"hit"}
[client] {"a":7,"dup":false,"ev":"game","ms":199893,"predicted":false,"t":0,"tick":11865,"type":"hit"}
[client] {"counts":{"blocks_on_me":0,"conf_actions":123,"confirmed_hits":578,"dup_confirmed":0,"hits_on_me":55,"pred_actions":134,"predicted_confirmed":59,"predicted_hits":122,"reconnects":0},"ev":"stats","hp":220.0,"in_bytes":2667654,"late":0,"local_entity":1,"match":{"countdown_until":300,"ctrl":-1,"final":false,"next":"","phase":3,"rot":2828,"scores":[29,10],"sd":false,"state":3,"tick":11572,"zone":"B"},"max_err":1.663,"mean_err":0.0227,"ms":199941,"out_bytes":581793,"pending":6,"pos":[-0.55,-10.21],"reconciles":3939,"server_tick":11873,"snaps":3944,"teleports":5}
[client] {"a":4,"dup":false,"ev":"game","ms":199990,"predicted":false,"t":7,"tick":11871,"type":"hit"}
[client] {"a":7,"dup":false,"ev":"game","ms":199990,"predicted":false,"t":-1,"tick":11871,"type":"ko"}
[client] {"a":9,"dup":false,"ev":"game","ms":200694,"predicted":false,"t":4,"tick":11913,"type":"hit"}
[client] {"a":9,"dup":false,"ev":"game","ms":200957,"predicted":false,"t":4,"tick":11929,"type":"hit"}
[client] {"a":9,"dup":false,"ev":"game","ms":200990,"predicted":false,"t":0,"tick":11931,"type":"hit"}
[client] {"a":4,"dup":false,"ev":"game","ms":201342,"predicted":false,"t":9,"tick":11952,"type":"hit"}
[client] {"a":0,"dup":false,"ev":"game","ms":201356,"predicted":false,"t":6,"tick":11953,"type":"hit"}
[client] {"a":2,"dup":false,"ev":"game","ms":201356,"predicted":false,"t":9,"tick":11953,"type":"hit"}
[client] {"a":6,"dup":false,"ev":"game","ms":201777,"predicted":false,"t":0,"tick":11978,"type":"hit"}
[client] {"a":0,"dup":false,"ev":"game","ms":202178,"predicted":false,"t":6,"tick":12002,"type":"hit"}
[client] {"a":0,"dup":false,"ev":"game","ms":202461,"predicted":false,"t":6,"tick":12020,"type":"hit"}
[client] {"a":0,"dup":false,"ev":"game","ms":202757,"predicted":false,"t":6,"tick":12038,"type":"hit"}
[client] {"a":9,"dup":false,"ev":"game","ms":202839,"predicted":false,"t":4,"tick":12043,"type":"block"}
[client] {"a":3,"dup":false,"ev":"game","ms":202874,"predicted":false,"t":9,"tick":12044,"type":"hit"}
[client] {"a":9,"dup":false,"ev":"game","ms":202874,"predicted":false,"t":-1,"tick":12044,"type":"ko"}
[client] {"a":6,"dup":false,"ev":"game","ms":203157,"predicted":false,"t":0,"tick":12062,"type":"hit"}
[client] {"a":8,"dup":false,"ev":"game","ms":203744,"predicted":false,"t":-1,"tick":12097,"type":"respawn"}
[client] {"a":6,"dup":false,"ev":"game","ms":203840,"predicted":false,"t":2,"tick":12103,"type":"hit"}
[client] {"a":5,"dup":false,"ev":"game","ms":203944,"predicted":false,"t":2,"tick":12109,"type":"hit"}
[client] {"a":2,"dup":false,"ev":"game","ms":204696,"predicted":false,"t":6,"tick":12154,"type":"hit"}
[client] {"counts":{"blocks_on_me":0,"conf_actions":127,"confirmed_hits":594,"dup_confirmed":0,"hits_on_me":55,"pred_actions":138,"predicted_confirmed":59,"predicted_hits":122,"reconnects":0},"ev":"stats","hp":220.0,"in_bytes":2734744,"late":0,"local_entity":1,"match":{"countdown_until":300,"ctrl":-1,"final":false,"next":"","phase":3,"rot":2525,"scores":[29,10],"sd":false,"state":3,"tick":11875,"zone":"B"},"max_err":1.663,"mean_err":0.0222,"ms":204943,"out_bytes":596493,"pending":6,"pos":[0.12,-2.56],"reconciles":4039,"server_tick":12173,"snaps":4045,"teleports":5}
[client] {"a":0,"dup":false,"ev":"game","ms":205061,"predicted":false,"t":6,"tick":12175,"type":"hit"}
[client] {"a":2,"dup":false,"ev":"game","ms":205096,"predicted":false,"t":6,"tick":12178,"type":"hit"}
[client] {"a":0,"dup":false,"ev":"game","ms":205358,"predicted":false,"t":6,"tick":12194,"type":"hit"}
[client] {"a":3,"dup":false,"ev":"game","ms":205393,"predicted":false,"t":6,"tick":12196,"type":"hit"}
[client] {"a":2,"dup":false,"ev":"game","ms":205434,"predicted":false,"t":6,"tick":12198,"type":"hit"}
[client] {"a":0,"dup":false,"ev":"game","ms":205704,"predicted":false,"t":6,"tick":12214,"type":"hit"}
[client] {"a":3,"dup":false,"ev":"game","ms":205752,"predicted":false,"t":6,"tick":12217,"type":"hit"}
[client] {"a":2,"dup":false,"ev":"game","ms":206152,"predicted":false,"t":6,"tick":12241,"type":"hit"}
[client] {"a":5,"dup":false,"ev":"game","ms":206504,"predicted":false,"t":3,"tick":12262,"type":"hit"}
[client] {"a":1,"dup":true,"ev":"game","ms":206634,"predicted":false,"t":5,"tick":12275,"type":"hit"}
[client] {"a":1,"dup":true,"ev":"game","ms":206669,"predicted":false,"t":6,"tick":12277,"type":"hit"}
[client] {"a":6,"dup":false,"ev":"game","ms":206752,"predicted":false,"t":-1,"tick":12277,"type":"ko"}
[client] {"a":0,"dup":false,"ev":"game","ms":209691,"predicted":false,"t":5,"tick":12453,"type":"hit"}
[client] {"counts":{"blocks_on_me":0,"conf_actions":130,"confirmed_hits":606,"dup_confirmed":0,"hits_on_me":55,"pred_actions":141,"predicted_confirmed":61,"predicted_hits":126,"reconnects":0},"ev":"stats","hp":220.0,"in_bytes":2793259,"late":0,"local_entity":1,"match":{"countdown_until":300,"ctrl":-1,"final":false,"next":"","phase":3,"rot":2228,"scores":[29,10],"sd":false,"state":3,"tick":12172,"zone":"B"},"max_err":1.663,"mean_err":0.0221,"ms":209939,"out_bytes":611193,"pending":6,"pos":[-0.78,-2.9],"reconciles":4139,"server_tick":12473,"snaps":4144,"teleports":5}
[client] {"a":7,"dup":false,"ev":"game","ms":209988,"predicted":false,"t":-1,"tick":12471,"type":"respawn"}
[client] {"a":3,"dup":false,"ev":"game","ms":210023,"predicted":false,"t":5,"tick":12473,"type":"hit"}
[client] {"a":0,"dup":false,"ev":"game","ms":210174,"predicted":false,"t":5,"tick":12482,"type":"hit"}
[client] {"a":0,"dup":false,"ev":"game","ms":210609,"predicted":false,"t":5,"tick":12508,"type":"hit"}
[client] {"a":3,"dup":false,"ev":"game","ms":210657,"predicted":false,"t":5,"tick":12511,"type":"hit"}
[client] {"a":3,"dup":false,"ev":"game","ms":211009,"predicted":false,"t":5,"tick":12532,"type":"hit"}
[client] {"a":3,"dup":false,"ev":"game","ms":211354,"predicted":false,"t":5,"tick":12553,"type":"hit"}
[client] {"a":8,"dup":false,"ev":"game","ms":211423,"predicted":false,"t":1,"tick":12557,"type":"hit"}
[client] {"a":8,"dup":false,"ev":"game","ms":211810,"predicted":false,"t":3,"tick":12580,"type":"hit"}
[client] {"a":1,"dup":true,"ev":"game","ms":211823,"predicted":false,"t":8,"tick":12586,"type":"hit"}
[client] {"a":0,"dup":false,"ev":"game","ms":212023,"predicted":false,"t":5,"tick":12593,"type":"hit"}
[client] {"a":1,"dup":false,"ev":"game","ms":212140,"predicted":false,"t":8,"tick":12605,"type":"hit"}
[client] {"a":3,"dup":false,"ev":"game","ms":212210,"predicted":false,"t":5,"tick":12604,"type":"hit"}
[client] {"a":1,"dup":true,"ev":"game","ms":212492,"predicted":false,"t":8,"tick":12626,"type":"hit"}
[client] {"a":5,"dup":false,"ev":"game","ms":212575,"predicted":false,"t":0,"tick":12626,"type":"hit"}
[client] {"a":5,"dup":false,"ev":"game","ms":212610,"predicted":false,"t":3,"tick":12628,"type":"hit"}
[client] {"a":9,"dup":false,"ev":"game","ms":212872,"predicted":false,"t":-1,"tick":12644,"type":"respawn"}
[client] {"a":5,"dup":false,"ev":"game","ms":212893,"predicted":false,"t":0,"tick":12645,"type":"hit"}
[client] {"a":5,"dup":false,"ev":"game","ms":212928,"predicted":false,"t":3,"tick":12647,"type":"hit"}
[client] {"a":1,"dup":true,"ev":"game","ms":213107,"predicted":false,"t":8,"tick":12663,"type":"hit"}
[client] {"a":0,"dup":false,"ev":"game","ms":213245,"predicted":false,"t":5,"tick":12666,"type":"hit"}
[client] {"a":3,"dup":false,"ev":"game","ms":213376,"predicted":false,"t":5,"tick":12674,"type":"hit"}
[client] {"a":5,"dup":false,"ev":"game","ms":213376,"predicted":false,"t":-1,"tick":12674,"type":"ko"}
[client] {"a":8,"dup":false,"ev":"game","ms":213776,"predicted":false,"t":1,"tick":12698,"type":"hit"}
[client] {"a":8,"dup":false,"ev":"game","ms":214024,"predicted":false,"t":1,"tick":12713,"type":"hit"}
[client] {"counts":{"blocks_on_me":0,"conf_actions":137,"confirmed_hits":628,"dup_confirmed":0,"hits_on_me":58,"pred_actions":149,"predicted_confirmed":64,"predicted_hits":129,"reconnects":0},"ev":"stats","hp":168.0,"in_bytes":2860114,"late":0,"local_entity":1,"match":{"countdown_until":300,"ctrl":-1,"final":false,"next":"","phase":3,"rot":1925,"scores":[29,10],"sd":false,"state":3,"tick":12475,"zone":"B"},"max_err":1.663,"mean_err":0.0222,"ms":214941,"out_bytes":625893,"pending":6,"pos":[-0.57,-2.66],"reconciles":4239,"server_tick":12773,"snaps":4245,"teleports":5}
[client] {"a":8,"dup":false,"ev":"game","ms":215577,"predicted":false,"t":1,"tick":12807,"type":"hit"}
[client] {"a":1,"dup":true,"ev":"game","ms":215860,"predicted":false,"t":8,"tick":12829,"type":"hit"}
[client] {"a":1,"dup":true,"ev":"game","ms":216177,"predicted":false,"t":8,"tick":12848,"type":"hit"}
[client] {"a":6,"dup":false,"ev":"game","ms":216744,"predicted":false,"t":-1,"tick":12877,"type":"respawn"}
[client] {"a":8,"dup":false,"ev":"game","ms":216909,"predicted":false,"t":1,"tick":12887,"type":"hit"}
[client] {"a":8,"dup":false,"ev":"game","ms":216943,"predicted":false,"t":0,"tick":12889,"type":"hit"}
[client] {"a":8,"dup":false,"ev":"game","ms":217012,"predicted":false,"t":3,"tick":12893,"type":"hit"}
[client] {"a":8,"dup":false,"ev":"game","ms":217578,"predicted":false,"t":1,"tick":12927,"type":"hit"}
[client] {"a":4,"dup":false,"ev":"game","ms":217930,"predicted":false,"t":8,"tick":12948,"type":"hit"}
[client] {"a":1,"dup":true,"ev":"game","ms":218144,"predicted":false,"t":7,"tick":12966,"type":"hit"}
[client] {"a":8,"dup":false,"ev":"game","ms":218896,"predicted":false,"t":4,"tick":13006,"type":"hit"}
[client] {"a":1,"dup":true,"ev":"game","ms":218979,"predicted":false,"t":8,"tick":13015,"type":"hit"}
[client] {"a":7,"dup":false,"ev":"game","ms":219048,"predicted":false,"t":4,"tick":13015,"type":"hit"}
[client] {"a":1,"dup":true,"ev":"game","ms":219379,"predicted":false,"t":8,"tick":13040,"type":"hit"}
[client] {"a":4,"dup":false,"ev":"game","ms":219614,"predicted":false,"t":7,"tick":13049,"type":"hit"}
[client] {"counts":{"blocks_on_me":0,"conf_actions":144,"confirmed_hits":642,"dup_confirmed":0,"hits_on_me":61,"pred_actions":157,"predicted_confirmed":69,"predicted_hits":139,"reconnects":0},"ev":"stats","hp":94.0,"in_bytes":2926080,"late":0,"local_entity":1,"match":{"countdown_until":300,"ctrl":-1,"final":false,"next":"","phase":3,"rot":1625,"scores":[29,10],"sd":false,"state":3,"tick":12775,"zone":"B"},"max_err":1.663,"mean_err":0.0225,"ms":219944,"out_bytes":640593,"pending":6,"pos":[-2.54,-2.44],"reconciles":4339,"server_tick":13073,"snaps":4345,"teleports":5}
[client] {"a":4,"dup":false,"ev":"game","ms":219945,"predicted":false,"t":7,"tick":13069,"type":"hit"}
[client] {"a":8,"dup":false,"ev":"game","ms":220241,"predicted":false,"t":1,"tick":13087,"type":"hit"}
[client] {"a":4,"dup":false,"ev":"game","ms":220289,"predicted":false,"t":7,"tick":13090,"type":"hit"}
[client] {"a":8,"dup":false,"ev":"game","ms":220587,"predicted":false,"t":1,"tick":13107,"type":"hit"}
[client] {"a":8,"dup":false,"ev":"game","ms":220925,"predicted":false,"t":1,"tick":13127,"type":"hit"}
[client] {"a":4,"dup":false,"ev":"game","ms":221221,"predicted":false,"t":8,"tick":13145,"type":"hit"}
[client] {"a":7,"dup":false,"ev":"game","ms":222160,"predicted":false,"t":4,"tick":13201,"type":"hit"}
[client] {"a":9,"dup":false,"ev":"game","ms":222225,"predicted":false,"t":4,"tick":13205,"type":"hit"}
[client] {"a":8,"dup":false,"ev":"game","ms":222359,"predicted":false,"t":4,"tick":13213,"type":"hit"}
[client] {"a":8,"dup":false,"ev":"game","ms":222584,"predicted":false,"t":4,"tick":13227,"type":"hit"}
[client] {"a":7,"dup":false,"ev":"game","ms":223183,"predicted":false,"t":4,"tick":13263,"type":"hit"}
[client] {"a":5,"dup":false,"ev":"game","ms":223369,"predicted":false,"t":-1,"tick":13274,"type":"respawn"}
[client] {"a":7,"dup":false,"ev":"game","ms":223486,"predicted":false,"t":4,"tick":13281,"type":"hit"}
[client] {"a":8,"dup":false,"ev":"game","ms":223569,"predicted":false,"t":4,"tick":13286,"type":"hit"}
[client] {"a":9,"dup":false,"ev":"game","ms":223638,"predicted":false,"t":4,"tick":13290,"type":"hit"}
[client] {"a":4,"dup":false,"ev":"game","ms":223638,"predicted":false,"t":-1,"tick":13290,"type":"ko"}
[client] {"a":8,"dup":false,"ev":"game","ms":224404,"predicted":false,"t":1,"tick":13336,"type":"hit"}
[client] {"a":8,"dup":false,"ev":"game","ms":224818,"predicted":false,"t":1,"tick":13361,"type":"hit"}
[client] {"counts":{"blocks_on_me":0,"conf_actions":149,"confirmed_hits":658,"dup_confirmed":0,"hits_on_me":66,"pred_actions":164,"predicted_confirmed":69,"predicted_hits":142,"reconnects":0},"ev":"stats","hp":4.0,"in_bytes":2993872,"late":0,"local_entity":1,"match":{"countdown_until":300,"ctrl":-1,"final":false,"next":"","phase":3,"rot":1328,"scores":[29,10],"sd":false,"state":3,"tick":13072,"zone":"B"},"max_err":1.663,"mean_err":0.0234,"ms":224934,"out_bytes":655293,"pending":6,"pos":[-0.57,-3.37],"reconciles":4439,"server_tick":13373,"snaps":4444,"teleports":5}
[client] {"a":8,"dup":false,"ev":"game","ms":225121,"predicted":false,"t":0,"tick":13379,"type":"hit"}
[client] {"a":1,"dup":true,"ev":"game","ms":225136,"predicted":false,"t":8,"tick":13385,"type":"hit"}
[client] {"a":7,"dup":false,"ev":"game","ms":225287,"predicted":false,"t":0,"tick":13389,"type":"hit"}
[client] {"a":0,"dup":false,"ev":"game","ms":225287,"predicted":false,"t":-1,"tick":13389,"type":"ko"}
[client] {"a":7,"dup":false,"ev":"game","ms":225336,"predicted":false,"t":3,"tick":13392,"type":"hit"}
[client] {"a":1,"dup":false,"ev":"game","ms":225406,"predicted":false,"t":-1,"tick":13402,"type":"ko"}
[client] {"a":9,"dup":false,"ev":"game","ms":225501,"predicted":false,"t":1,"tick":13402,"type":"hit"}
[client] {"a":7,"dup":false,"ev":"game","ms":225887,"predicted":false,"t":2,"tick":13425,"type":"hit"}
[client] {"a":7,"dup":false,"ev":"game","ms":226205,"predicted":false,"t":2,"tick":13444,"type":"hit"}
[client] {"a":7,"dup":false,"ev":"game","ms":226205,"predicted":false,"t":3,"tick":13444,"type":"hit"}
[client] {"a":7,"dup":false,"ev":"game","ms":226501,"predicted":false,"t":3,"tick":13462,"type":"hit"}
[client] {"a":2,"dup":false,"ev":"game","ms":226605,"predicted":false,"t":7,"tick":13468,"type":"hit"}
[client] {"a":9,"dup":false,"ev":"game","ms":226971,"predicted":false,"t":2,"tick":13490,"type":"hit"}
[client] {"a":7,"dup":false,"ev":"game","ms":227054,"predicted":false,"t":2,"tick":13495,"type":"hit"}
[client] {"a":3,"dup":false,"ev":"game","ms":227371,"predicted":false,"t":7,"tick":13514,"type":"hit"}
[client] {"a":8,"dup":false,"ev":"game","ms":227440,"predicted":false,"t":3,"tick":13518,"type":"hit"}
[client] {"a":6,"dup":false,"ev":"game","ms":227488,"predicted":false,"t":3,"tick":13521,"type":"hit"}
[client] {"a":2,"dup":false,"ev":"game","ms":227702,"predicted":false,"t":9,"tick":13534,"type":"hit"}
[client] {"a":9,"dup":false,"ev":"game","ms":228075,"predicted":false,"t":2,"tick":13556,"type":"hit"}
[client] {"a":9,"dup":false,"ev":"game","ms":228572,"predicted":false,"t":2,"tick":13586,"type":"hit"}
[client] {"a":9,"dup":false,"ev":"game","ms":228620,"predicted":false,"t":3,"tick":13589,"type":"hit"}
[client] {"a":3,"dup":false,"ev":"game","ms":228620,"predicted":false,"t":-1,"tick":13589,"type":"ko"}
[client] {"a":6,"dup":false,"ev":"game","ms":229841,"predicted":false,"t":2,"tick":13662,"type":"hit"}
[client] {"counts":{"blocks_on_me":0,"conf_actions":151,"confirmed_hits":678,"dup_confirmed":0,"hits_on_me":67,"pred_actions":165,"predicted_confirmed":70,"predicted_hits":144,"reconnects":0},"ev":"stats","hp":0.0,"in_bytes":3064785,"late":0,"local_entity":1,"match":{"countdown_until":300,"ctrl":-1,"final":false,"next":"","phase":3,"rot":1028,"scores":[29,10],"sd":false,"state":3,"tick":13372,"zone":"B"},"max_err":1.663,"mean_err":0.0229,"ms":229937,"out_bytes":669993,"pending":6,"pos":[-0.85,-3.33],"reconciles":4539,"server_tick":13673,"snaps":4544,"teleports":5}
[client] {"a":6,"dup":false,"ev":"game","ms":230324,"predicted":false,"t":2,"tick":13691,"type":"hit"}
[client] {"a":7,"dup":false,"ev":"game","ms":230420,"predicted":false,"t":2,"tick":13697,"type":"hit"}
[client] {"a":2,"dup":false,"ev":"game","ms":231290,"predicted":false,"t":6,"tick":13749,"type":"hit"}
[client] {"a":2,"dup":false,"ev":"game","ms":231524,"predicted":false,"t":6,"tick":13763,"type":"hit"}
[client] {"a":6,"dup":false,"ev":"game","ms":232325,"predicted":false,"t":2,"tick":13811,"type":"hit"}
[client] {"a":4,"dup":false,"ev":"game","ms":233643,"predicted":false,"t":-1,"tick":13890,"type":"respawn"}
[client] {"a":2,"dup":false,"ev":"game","ms":234623,"predicted":false,"t":5,"tick":13949,"type":"hit"}
[client] {"a":8,"dup":false,"ev":"game","ms":234844,"predicted":false,"t":2,"tick":13962,"type":"hit"}
[client] {"a":9,"dup":false,"ev":"game","ms":234844,"predicted":false,"t":2,"tick":13962,"type":"hit"}
[client] {"a":2,"dup":false,"ev":"game","ms":234844,"predicted":false,"t":-1,"tick":13962,"type":"ko"}
[client] {"counts":{"blocks_on_me":0,"conf_actions":151,"confirmed_hits":686,"dup_confirmed":0,"hits_on_me":67,"pred_actions":165,"predicted_confirmed":70,"predicted_hits":144,"reconnects":0},"ev":"stats","hp":0.0,"in_bytes":3131569,"late":0,"local_entity":1,"match":{"countdown_until":300,"ctrl":1,"final":false,"next":"A","phase":3,"rot":728,"scores":[29,10],"sd":false,"state":2,"tick":13672,"zone":"B"},"max_err":1.663,"mean_err":0.0224,"ms":234939,"out_bytes":684693,"pending":6,"pos":[-0.85,-3.33],"reconciles":4639,"server_tick":13973,"snaps":4644,"teleports":5}
[client] {"a":0,"dup":false,"ev":"game","ms":235278,"predicted":false,"t":-1,"tick":13989,"type":"respawn"}
[client] {"a":1,"dup":false,"ev":"game","ms":235409,"predicted":false,"t":-1,"tick":14002,"type":"respawn"}
[client] {"a":3,"dup":false,"ev":"game","ms":238618,"predicted":false,"t":-1,"tick":14189,"type":"respawn"}
[client] {"counts":{"blocks_on_me":0,"conf_actions":152,"confirmed_hits":686,"dup_confirmed":0,"hits_on_me":67,"pred_actions":165,"predicted_confirmed":70,"predicted_hits":144,"reconnects":0},"ev":"stats","hp":220.0,"in_bytes":3193302,"late":0,"local_entity":1,"match":{"countdown_until":300,"ctrl":-1,"final":false,"next":"A","phase":3,"rot":428,"scores":[29,15],"sd":false,"state":3,"tick":13972,"zone":"B"},"max_err":1.663,"mean_err":0.022,"ms":239935,"out_bytes":699393,"pending":6,"pos":[-1.44,-22.45],"reconciles":4738,"server_tick":14273,"snaps":4744,"teleports":6}
[client] {"a":4,"dup":false,"ev":"game","ms":240819,"predicted":false,"t":5,"tick":14321,"type":"hit"}
[client] {"a":4,"dup":false,"ev":"game","ms":241102,"predicted":false,"t":8,"tick":14338,"type":"hit"}
[client] {"a":8,"dup":false,"ev":"game","ms":241102,"predicted":false,"t":-1,"tick":14338,"type":"ko"}
[client] {"a":4,"dup":false,"ev":"game","ms":241158,"predicted":false,"t":5,"tick":14341,"type":"hit"}
[client] {"a":4,"dup":false,"ev":"game","ms":241454,"predicted":false,"t":5,"tick":14359,"type":"hit"}
[client] {"a":7,"dup":false,"ev":"game","ms":241654,"predicted":false,"t":4,"tick":14371,"type":"hit"}
[client] {"a":9,"dup":false,"ev":"game","ms":241723,"predicted":false,"t":4,"tick":14375,"type":"hit"}
[client] {"a":9,"dup":false,"ev":"game","ms":242737,"predicted":false,"t":1,"tick":14436,"type":"hit"}
[client] {"a":4,"dup":false,"ev":"game","ms":242772,"predicted":false,"t":7,"tick":14438,"type":"hit"}
[client] {"a":9,"dup":false,"ev":"game","ms":243075,"predicted":false,"t":4,"tick":14456,"type":"hit"}
[client] {"a":9,"dup":false,"ev":"game","ms":243089,"predicted":false,"t":1,"tick":14457,"type":"hit"}
[client] {"a":4,"dup":false,"ev":"game","ms":243442,"predicted":false,"t":7,"tick":14478,"type":"hit"}
[client] {"a":4,"dup":false,"ev":"game","ms":243489,"predicted":false,"t":6,"tick":14481,"type":"hit"}
[client] {"a":0,"dup":false,"ev":"game","ms":243559,"predicted":false,"t":7,"tick":14485,"type":"hit"}
[client] {"a":0,"dup":false,"ev":"game","ms":243572,"predicted":false,"t":9,"tick":14486,"type":"hit"}
[client] {"a":0,"dup":false,"ev":"game","ms":243620,"predicted":false,"t":5,"tick":14489,"type":"hit"}
[client] {"a":6,"dup":false,"ev":"game","ms":243841,"predicted":false,"t":4,"tick":14503,"type":"hit"}
[client] {"a":1,"dup":true,"ev":"game","ms":244076,"predicted":false,"t":6,"tick":14522,"type":"hit"}
[client] {"a":0,"dup":false,"ev":"game","ms":244407,"predicted":false,"t":7,"tick":14537,"type":"hit"}
[client] {"a":0,"dup":false,"ev":"game","ms":244407,"predicted":false,"t":9,"tick":14537,"type":"hit"}
[client] {"a":7,"dup":false,"ev":"game","ms":244407,"predicted":false,"t":-1,"tick":14537,"type":"ko"}
[client] {"a":0,"dup":false,"ev":"game","ms":244421,"predicted":false,"t":5,"tick":14538,"type":"hit"}
[client] {"a":2,"dup":false,"ev":"game","ms":244821,"predicted":false,"t":-1,"tick":14562,"type":"respawn"}
[client] {"counts":{"blocks_on_me":0,"conf_actions":156,"confirmed_hits":706,"dup_confirmed":0,"hits_on_me":69,"pred_actions":169,"predicted_confirmed":71,"predicted_hits":146,"reconnects":0},"ev":"stats","hp":184.0,"in_bytes":3263399,"late":0,"local_entity":1,"match":{"countdown_until":300,"ctrl":-1,"final":false,"next":"A","phase":3,"rot":128,"scores":[29,15],"sd":false,"state":3,"tick":14272,"zone":"B"},"max_err":1.663,"mean_err":0.0219,"ms":244937,"out_bytes":714093,"pending":6,"pos":[0.17,-4.04],"reconciles":4838,"server_tick":14573,"snaps":4844,"teleports":6}
[client] {"a":9,"dup":false,"ev":"game","ms":245138,"predicted":false,"t":0,"tick":14581,"type":"hit"}
[client] {"a":9,"dup":false,"ev":"game","ms":245138,"predicted":false,"t":1,"tick":14581,"type":"hit"}
[client] {"a":4,"dup":false,"ev":"game","ms":245207,"predicted":false,"t":6,"tick":14585,"type":"hit"}
[client] {"a":6,"dup":false,"ev":"game","ms":245774,"predicted":false,"t":4,"tick":14619,"type":"hit"}
[client] {"a":3,"dup":false,"ev":"game","ms":246125,"predicted":false,"t":9,"tick":14640,"type":"hit"}
[client] {"a":3,"dup":false,"ev":"game","ms":246160,"predicted":false,"t":5,"tick":14642,"type":"hit"}
[client] {"a":1,"dup":true,"ev":"game","ms":246194,"predicted":false,"t":6,"tick":14649,"type":"hit"}
[client] {"a":0,"dup":false,"ev":"game","ms":246491,"predicted":false,"t":6,"tick":14662,"type":"hit"}
[client] {"a":3,"dup":false,"ev":"game","ms":246725,"predicted":false,"t":9,"tick":14676,"type":"hit"}
[client] {"a":3,"dup":false,"ev":"game","ms":246739,"predicted":false,"t":6,"tick":14677,"type":"hit"}
[client] {"a":5,"dup":false,"ev":"game","ms":246774,"predicted":false,"t":3,"tick":14678,"type":"hit"}
[client] {"a":0,"dup":false,"ev":"game","ms":246795,"predicted":false,"t":6,"tick":14680,"type":"hit"}
[client] {"a":3,"dup":false,"ev":"game","ms":247077,"predicted":false,"t":6,"tick":14697,"type":"hit"}
[client] {"a":3,"dup":false,"ev":"game","ms":247077,"predicted":false,"t":9,"tick":14697,"type":"hit"}
[client] {"a":5,"dup":false,"ev":"game","ms":247077,"predicted":false,"t":3,"tick":14697,"type":"hit"}
[client] {"a":-1,"dup":false,"ev":"game","ms":247112,"predicted":false,"t":-1,"tick":14699,"type":"zone_rotated"}
[client] {"a":9,"dup":false,"ev":"game","ms":247422,"predicted":false,"t":3,"tick":14718,"type":"hit"}
[client] {"a":6,"dup":false,"ev":"game","ms":247443,"predicted":false,"t":3,"tick":14719,"type":"hit"}
[client] {"a":6,"dup":false,"ev":"game","ms":247492,"predicted":false,"t":0,"tick":14722,"type":"hit"}
[client] {"a":5,"dup":false,"ev":"game","ms":247513,"predicted":false,"t":3,"tick":14723,"type":"hit"}
[client] {"a":1,"dup":true,"ev":"game","ms":247513,"predicted":false,"t":5,"tick":14727,"type":"hit"}
[client] {"a":6,"dup":false,"ev":"game","ms":247822,"predicted":false,"t":3,"tick":14741,"type":"hit"}
[client] {"a":0,"dup":false,"ev":"game","ms":247892,"predicted":false,"t":9,"tick":14745,"type":"parry"}
[client] {"a":1,"dup":true,"ev":"game","ms":248161,"predicted":false,"t":9,"tick":14767,"type":"hit"}
[client] {"a":4,"dup":false,"ev":"game","ms":248355,"predicted":false,"t":6,"tick":14773,"type":"hit"}
[client] {"a":9,"dup":false,"ev":"game","ms":248602,"predicted":false,"t":1,"tick":14788,"type":"hit"}
[client] {"a":4,"dup":false,"ev":"game","ms":248685,"predicted":false,"t":6,"tick":14793,"type":"hit"}
[client] {"a":3,"dup":false,"ev":"game","ms":248837,"predicted":false,"t":6,"tick":14802,"type":"hit"}
[client] {"a":1,"dup":true,"ev":"game","ms":248906,"predicted":false,"t":9,"tick":14811,"type":"hit"}
[client] {"a":0,"dup":false,"ev":"game","ms":248968,"predicted":false,"t":9,"tick":14810,"type":"hit"}
[client] {"a":5,"dup":false,"ev":"game","ms":249169,"predicted":false,"t":4,"tick":14822,"type":"hit"}
[client] {"a":0,"dup":false,"ev":"game","ms":249307,"predicted":false,"t":9,"tick":14830,"type":"hit"}
[client] {"a":0,"dup":false,"ev":"game","ms":249355,"predicted":false,"t":5,"tick":14833,"type":"hit"}
[client] {"a":5,"dup":false,"ev":"game","ms":249355,"predicted":false,"t":-1,"tick":14833,"type":"ko"}
[client] {"a":3,"dup":false,"ev":"game","ms":249555,"predicted":false,"t":9,"tick":14845,"type":"hit"}
[client] {"a":1,"dup":true,"ev":"game","ms":249568,"predicted":false,"t":6,"tick":14851,"type":"hit"}
[client] {"a":1,"dup":true,"ev":"game","ms":249589,"predicted":false,"t":9,"tick":14852,"type":"hit"}
[client] {"a":6,"dup":false,"ev":"game","ms":249653,"predicted":false,"t":-1,"tick":14851,"type":"ko"}
[client] {"a":9,"dup":false,"ev":"game","ms":249673,"predicted":false,"t":-1,"tick":14852,"type":"ko"}
[client] {"counts":{"blocks_on_me":0,"conf_actions":166,"confirmed_hits":740,"dup_confirmed":0,"hits_on_me":71,"pred_actions":179,"predicted_confirmed":77,"predicted_hits":155,"reconnects":0},"ev":"stats","hp":128.0,"in_bytes":3338127,"late":0,"local_entity":1,"match":{"countdown_until":300,"ctrl":-1,"final":false,"next":"","phase":3,"rot":3428,"scores":[29,15],"sd":false,"state":1,"tick":14572,"zone":"A"},"max_err":1.663,"mean_err":0.022,"ms":249933,"out_bytes":728793,"pending":6,"pos":[0.19,-3.34],"reconciles":4938,"server_tick":14873,"snaps":4944,"teleports":6}
[client] {"a":8,"dup":false,"ev":"game","ms":251108,"predicted":false,"t":-1,"tick":14938,"type":"respawn"}
[client] {"a":7,"dup":false,"ev":"game","ms":254426,"predicted":false,"t":-1,"tick":15137,"type":"respawn"}
[client] {"counts":{"blocks_on_me":0,"conf_actions":166,"confirmed_hits":740,"dup_confirmed":0,"hits_on_me":71,"pred_actions":179,"predicted_confirmed":77,"predicted_hits":155,"reconnects":0},"ev":"stats","hp":128.0,"in_bytes":3389528,"late":0,"local_entity":1,"match":{"countdown_until":300,"ctrl":0,"final":false,"next":"","phase":3,"rot":3128,"scores":[30,15],"sd":false,"state":2,"tick":14872,"zone":"A"},"max_err":1.663,"mean_err":0.0216,"ms":254936,"out_bytes":743493,"pending":6,"pos":[-30.75,-6.3],"reconciles":5038,"server_tick":15173,"snaps":5044,"teleports":6}
[client] {"a":5,"dup":false,"ev":"game","ms":259346,"predicted":false,"t":-1,"tick":15433,"type":"respawn"}
[client] {"a":6,"dup":false,"ev":"game","ms":259642,"predicted":false,"t":-1,"tick":15451,"type":"respawn"}
[client] {"a":9,"dup":false,"ev":"game","ms":259656,"predicted":false,"t":-1,"tick":15452,"type":"respawn"}
[client] {"counts":{"blocks_on_me":0,"conf_actions":166,"confirmed_hits":740,"dup_confirmed":0,"hits_on_me":71,"pred_actions":179,"predicted_confirmed":77,"predicted_hits":155,"reconnects":0},"ev":"stats","hp":207.800000000003,"in_bytes":3441000,"late":0,"local_entity":1,"match":{"countdown_until":300,"ctrl":-1,"final":false,"next":"","phase":3,"rot":2825,"scores":[34,15],"sd":false,"state":3,"tick":15175,"zone":"A"},"max_err":1.663,"mean_err":0.0215,"ms":259945,"out_bytes":758193,"pending":6,"pos":[-41.75,0.54],"reconciles":5138,"server_tick":15473,"snaps":5145,"teleports":6}
[client] {"a":1,"dup":true,"ev":"game","ms":261078,"predicted":false,"t":8,"tick":15542,"type":"hit"}
[client] {"a":4,"dup":false,"ev":"game","ms":261340,"predicted":false,"t":8,"tick":15553,"type":"hit"}
[client] {"a":4,"dup":false,"ev":"game","ms":262602,"predicted":false,"t":8,"tick":15628,"type":"hit"}
[client] {"a":4,"dup":false,"ev":"game","ms":262941,"predicted":false,"t":8,"tick":15648,"type":"hit"}
[client] {"a":8,"dup":false,"ev":"game","ms":263589,"predicted":false,"t":4,"tick":15687,"type":"hit"}
[client] {"counts":{"blocks_on_me":0,"conf_actions":170,"confirmed_hits":745,"dup_confirmed":0,"hits_on_me":71,"pred_actions":183,"predicted_confirmed":78,"predicted_hits":159,"reconnects":0},"ev":"stats","hp":220.0,"in_bytes":3500044,"late":0,"local_entity":1,"match":{"countdown_until":300,"ctrl":-1,"final":false,"next":"","phase":3,"rot":2528,"scores":[34,15],"sd":false,"state":3,"tick":15472,"zone":"A"},"max_err":1.663,"mean_err":0.0214,"ms":264941,"out_bytes":772893,"pending":6,"pos":[-42.09,0.07],"reconciles":5238,"server_tick":15773,"snaps":5244,"teleports":6}
[client] {"a":3,"dup":false,"ev":"game","ms":266372,"predicted":false,"t":8,"tick":15854,"type":"hit"}
[client] {"a":7,"dup":false,"ev":"game","ms":266593,"predicted":false,"t":4,"tick":15868,"type":"hit"}
[client] {"a":0,"dup":false,"ev":"game","ms":266606,"predicted":false,"t":8,"tick":15869,"type":"hit"}
[client] {"a":4,"dup":false,"ev":"game","ms":267027,"predicted":false,"t":7,"tick":15894,"type":"hit"}
[client] {"a":3,"dup":false,"ev":"game","ms":267041,"predicted":false,"t":8,"tick":15895,"type":"hit"}
[client] {"a":4,"dup":false,"ev":"game","ms":267358,"predicted":false,"t":7,"tick":15914,"type":"hit"}
[client] {"a":7,"dup":false,"ev":"game","ms":267710,"predicted":false,"t":4,"tick":15935,"type":"hit"}
[client] {"a":7,"dup":false,"ev":"game","ms":268028,"predicted":false,"t":4,"tick":15954,"type":"hit"}
[client] {"a":2,"dup":false,"ev":"game","ms":268159,"predicted":false,"t":7,"tick":15962,"type":"hit"}
[client] {"a":2,"dup":false,"ev":"game","ms":268476,"predicted":false,"t":7,"tick":15981,"type":"hit"}
[client] {"a":8,"dup":false,"ev":"game","ms":268476,"predicted":false,"t":1,"tick":15981,"type":"hit"}
[client] {"a":8,"dup":false,"ev":"game","ms":268750,"predicted":false,"t":1,"tick":15997,"type":"hit"}
[client] {"a":4,"dup":false,"ev":"game","ms":268760,"predicted":false,"t":7,"tick":15998,"type":"hit"}
[client] {"a":4,"dup":false,"ev":"game","ms":269395,"predicted":false,"t":7,"tick":16036,"type":"hit"}
[client] {"a":4,"dup":false,"ev":"game","ms":269477,"predicted":false,"t":5,"tick":16041,"type":"hit"}
[client] {"a":1,"dup":true,"ev":"game","ms":269512,"predicted":false,"t":8,"tick":16048,"type":"hit"}
[client] {"a":1,"dup":true,"ev":"game","ms":269725,"predicted":false,"t":8,"tick":16061,"type":"hit"}
[client] {"counts":{"blocks_on_me":0,"conf_actions":173,"confirmed_hits":762,"dup_confirmed":0,"hits_on_me":73,"pred_actions":187,"predicted_confirmed":80,"predicted_hits":162,"reconnects":0},"ev":"stats","hp":186.0,"in_bytes":3572157,"late":0,"local_entity":1,"match":{"countdown_until":300,"ctrl":-1,"final":false,"next":"","phase":3,"rot":2225,"scores":[34,15],"sd":false,"state":3,"tick":15775,"zone":"A"},"max_err":1.663,"mean_err":0.0215,"ms":269945,"out_bytes":787593,"pending":6,"pos":[-44.22,-5.33],"reconciles":5338,"server_tick":16073,"snaps":5345,"teleports":6}
[client] {"a":8,"dup":false,"ev":"game","ms":270512,"predicted":false,"t":1,"tick":16103,"type":"hit"}
[client] {"a":9,"dup":false,"ev":"game","ms":271030,"predicted":false,"t":4,"tick":16134,"type":"hit"}
[client] {"a":2,"dup":false,"ev":"game","ms":271457,"predicted":false,"t":9,"tick":16159,"type":"hit"}
[client] {"a":6,"dup":false,"ev":"game","ms":271637,"predicted":false,"t":4,"tick":16170,"type":"hit"}
[client] {"a":7,"dup":false,"ev":"game","ms":271658,"predicted":false,"t":2,"tick":16171,"type":"hit"}
[client] {"a":9,"dup":false,"ev":"game","ms":271775,"predicted":false,"t":4,"tick":16178,"type":"hit"}
[client] {"a":1,"dup":true,"ev":"game","ms":271858,"predicted":false,"t":8,"tick":16189,"type":"hit"}
[client] {"a":3,"dup":false,"ev":"game","ms":271975,"predicted":false,"t":9,"tick":16190,"type":"hit"}
[client] {"a":1,"dup":true,"ev":"game","ms":272203,"predicted":false,"t":8,"tick":16209,"type":"hit"}
[client] {"a":4,"dup":false,"ev":"game","ms":272223,"predicted":false,"t":7,"tick":16205,"type":"hit"}
[client] {"a":2,"dup":false,"ev":"game","ms":272237,"predicted":false,"t":7,"tick":16206,"type":"hit"}
[client] {"a":9,"dup":false,"ev":"game","ms":272389,"predicted":false,"t":4,"tick":16215,"type":"hit"}
[client] {"a":5,"dup":false,"ev":"game","ms":272541,"predicted":false,"t":2,"tick":16224,"type":"hit"}
[client] {"a":1,"dup":true,"ev":"game","ms":272541,"predicted":false,"t":8,"tick":16230,"type":"hit"}
[client] {"a":5,"dup":false,"ev":"game","ms":272590,"predicted":false,"t":0,"tick":16227,"type":"hit"}
[client] {"a":7,"dup":false,"ev":"game","ms":272590,"predicted":false,"t":4,"tick":16227,"type":"hit"}
[client] {"a":8,"dup":false,"ev":"game","ms":272637,"predicted":false,"t":-1,"tick":16230,"type":"ko"}
[client] {"a":5,"dup":false,"ev":"game","ms":272838,"predicted":false,"t":2,"tick":16243,"type":"hit"}
[client] {"a":7,"dup":false,"ev":"game","ms":272886,"predicted":false,"t":4,"tick":16246,"type":"hit"}
[client] {"a":7,"dup":false,"ev":"game","ms":272941,"predicted":false,"t":2,"tick":16249,"type":"hit"}
[client] {"a":4,"dup":false,"ev":"game","ms":273259,"predicted":false,"t":5,"tick":16268,"type":"hit"}
[client] {"a":7,"dup":false,"ev":"game","ms":273486,"predicted":false,"t":3,"tick":16282,"type":"hit"}
[client] {"a":7,"dup":false,"ev":"game","ms":273520,"predicted":false,"t":0,"tick":16284,"type":"hit"}
[client] {"a":7,"dup":false,"ev":"game","ms":273520,"predicted":false,"t":4,"tick":16284,"type":"hit"}
[client] {"a":5,"dup":false,"ev":"game","ms":273672,"predicted":false,"t":4,"tick":16293,"type":"hit"}
[client] {"a":5,"dup":false,"ev":"game","ms":274038,"predicted":false,"t":1,"tick":16315,"type":"hit"}
[client] {"a":5,"dup":false,"ev":"game","ms":274073,"predicted":false,"t":4,"tick":16317,"type":"hit"}
[client] {"a":4,"dup":false,"ev":"game","ms":274073,"predicted":false,"t":-1,"tick":16317,"type":"ko"}
[client] {"a":3,"dup":false,"ev":"game","ms":274307,"predicted":false,"t":6,"tick":16331,"type":"block"}
[client] {"a":1,"dup":true,"ev":"game","ms":274321,"predicted":false,"t":5,"tick":16337,"type":"hit"}
[client] {"a":3,"dup":false,"ev":"game","ms":274604,"predicted":false,"t":6,"tick":16349,"type":"block"}
[client] {"a":1,"dup":true,"ev":"game","ms":274624,"predicted":false,"t":5,"tick":16355,"type":"hit"}
[client] {"a":1,"dup":true,"ev":"game","ms":274673,"predicted":false,"t":7,"tick":16358,"type":"hit"}
[client] {"a":0,"dup":false,"ev":"game","ms":274687,"predicted":false,"t":5,"tick":16354,"type":"hit"}
[client] {"a":0,"dup":false,"ev":"game","ms":274707,"predicted":false,"t":7,"tick":16355,"type":"hit"}
[client] {"counts":{"blocks_on_me":0,"conf_actions":182,"confirmed_hits":793,"dup_confirmed":0,"hits_on_me":75,"pred_actions":196,"predicted_confirmed":86,"predicted_hits":172,"reconnects":0},"ev":"stats","hp":150.0,"in_bytes":3653475,"late":0,"local_entity":1,"match":{"countdown_until":300,"ctrl":-1,"final":false,"next":"","phase":3,"rot":1925,"scores":[34,15],"sd":false,"state":3,"tick":16075,"zone":"A"},"max_err":1.663,"mean_err":0.0214,"ms":274941,"out_bytes":802293,"pending":6,"pos":[-41.76,-1.28],"reconciles":5438,"server_tick":16373,"snaps":5445,"teleports":6}
[client] {"a":9,"dup":false,"ev":"game","ms":275039,"predicted":false,"t":3,"tick":16375,"type":"hit"}
[client] {"a":2,"dup":false,"ev":"game","ms":275190,"predicted":false,"t":5,"tick":16384,"type":"hit"}
[client] {"a":1,"dup":true,"ev":"game","ms":275259,"predicted":false,"t":5,"tick":16392,"type":"hit"}
[client] {"a":0,"dup":false,"ev":"game","ms":275356,"predicted":false,"t":5,"tick":16394,"type":"hit"}
[client] {"a":9,"dup":false,"ev":"game","ms":275887,"predicted":false,"t":0,"tick":16426,"type":"hit"}
[client] {"a":5,"dup":false,"ev":"game","ms":276260,"predicted":false,"t":2,"tick":16448,"type":"hit"}
[client] {"a":0,"dup":false,"ev":"game","ms":276308,"predicted":false,"t":9,"tick":16451,"type":"hit"}
[client] {"a":0,"dup":false,"ev":"game","ms":276356,"predicted":false,"t":7,"tick":16454,"type":"hit"}
[client] {"a":5,"dup":false,"ev":"game","ms":276356,"predicted":false,"t":0,"tick":16454,"type":"hit"}
[client] {"a":7,"dup":false,"ev":"game","ms":276356,"predicted":false,"t":-1,"tick":16454,"type":"ko"}
[client] {"a":3,"dup":false,"ev":"game","ms":276756,"predicted":false,"t":6,"tick":16478,"type":"hit"}
[client] {"a":3,"dup":false,"ev":"game","ms":276791,"predicted":false,"t":9,"tick":16480,"type":"hit"}
[client] {"a":1,"dup":true,"ev":"game","ms":277061,"predicted":false,"t":6,"tick":16500,"type":"hit"}
[client] {"a":0,"dup":false,"ev":"game","ms":277288,"predicted":false,"t":6,"tick":16510,"type":"hit"}
[client] {"a":3,"dup":false,"ev":"game","ms":277322,"predicted":false,"t":6,"tick":16512,"type":"hit"}
[client] {"a":5,"dup":false,"ev":"game","ms":277461,"predicted":false,"t":1,"tick":16520,"type":"hit"}
[client] {"a":5,"dup":false,"ev":"game","ms":277488,"predicted":false,"t":2,"tick":16522,"type":"hit"}
[client] {"a":5,"dup":false,"ev":"game","ms":277557,"predicted":false,"t":0,"tick":16526,"type":"hit"}
[client] {"a":3,"dup":false,"ev":"game","ms":277640,"predicted":false,"t":6,"tick":16531,"type":"hit"}
[client] {"a":3,"dup":false,"ev":"game","ms":278074,"predicted":false,"t":6,"tick":16557,"type":"hit"}
[client] {"a":6,"dup":false,"ev":"game","ms":278444,"predicted":false,"t":3,"tick":16579,"type":"hit"}
[client] {"a":1,"dup":true,"ev":"game","ms":278496,"predicted":false,"t":6,"tick":16587,"type":"hit"}
[client] {"a":5,"dup":false,"ev":"game","ms":278544,"predicted":false,"t":3,"tick":16585,"type":"hit"}
[client] {"a":1,"dup":true,"ev":"game","ms":278806,"predicted":false,"t":6,"tick":16606,"type":"hit"}
[client] {"a":2,"dup":false,"ev":"game","ms":278826,"predicted":false,"t":5,"tick":16602,"type":"hit"}
[client] {"a":1,"dup":true,"ev":"game","ms":278861,"predicted":false,"t":9,"tick":16609,"type":"hit"}
[client] {"a":0,"dup":false,"ev":"game","ms":278978,"predicted":false,"t":6,"tick":16611,"type":"hit"}
[client] {"a":5,"dup":false,"ev":"game","ms":279179,"predicted":false,"t":1,"tick":16623,"type":"hit"}
[client] {"a":6,"dup":false,"ev":"game","ms":279379,"predicted":false,"t":1,"tick":16635,"type":"hit"}
[client] {"a":0,"dup":false,"ev":"game","ms":279709,"predicted":false,"t":5,"tick":16655,"type":"hit"}
[client] {"a":5,"dup":false,"ev":"game","ms":279710,"predicted":false,"t":-1,"tick":16655,"type":"ko"}
[client] {"a":6,"dup":false,"ev":"game","ms":279723,"predicted":false,"t":1,"tick":16656,"type":"hit"}
[client] {"a":0,"dup":false,"ev":"game","ms":279744,"predicted":false,"t":6,"tick":16657,"type":"hit"}
[client] {"a":9,"dup":false,"ev":"game","ms":279807,"predicted":false,"t":3,"tick":16661,"type":"hit"}
[client] {"a":2,"dup":false,"ev":"game","ms":279910,"predicted":false,"t":6,"tick":16667,"type":"hit"}
[client] {"counts":{"blocks_on_me":0,"conf_actions":191,"confirmed_hits":826,"dup_confirmed":0,"hits_on_me":79,"pred_actions":205,"predicted_confirmed":91,"predicted_hits":180,"reconnects":0},"ev":"stats","hp":58.0,"in_bytes":3728614,"late":0,"local_entity":1,"match":{"countdown_until":300,"ctrl":-1,"final":false,"next":"","phase":3,"rot":1625,"scores":[34,15],"sd":false,"state":3,"tick":16375,"zone":"A"},"max_err":1.663,"mean_err":0.0219,"ms":279944,"out_bytes":816993,"pending":6,"pos":[-42.31,0.52],"reconciles":5538,"server_tick":16673,"snaps":5545,"teleports":6}
[client] {"a":0,"dup":false,"ev":"game","ms":280124,"predicted":false,"t":9,"tick":16680,"type":"hit"}
[client] {"a":0,"dup":false,"ev":"game","ms":280441,"predicted":false,"t":9,"tick":16699,"type":"hit"}
[client] {"a":1,"dup":true,"ev":"game","ms":281056,"predicted":false,"t":6,"tick":16741,"type":"hit"}
[client] {"a":0,"dup":false,"ev":"game","ms":281090,"predicted":false,"t":6,"tick":16738,"type":"hit"}
[client] {"a":0,"dup":false,"ev":"game","ms":281401,"predicted":false,"t":6,"tick":16757,"type":"hit"}
[client] {"a":0,"dup":false,"ev":"game","ms":281718,"predicted":false,"t":6,"tick":16776,"type":"hit"}
[client] {"a":6,"dup":false,"ev":"game","ms":281718,"predicted":false,"t":-1,"tick":16776,"type":"ko"}
[client] {"a":1,"dup":false,"ev":"game","ms":281822,"predicted":false,"t":9,"tick":16786,"type":"hit"}
[client] {"a":1,"dup":true,"ev":"game","ms":282152,"predicted":false,"t":9,"tick":16806,"type":"hit"}
[client] {"a":0,"dup":false,"ev":"game","ms":282304,"predicted":false,"t":9,"tick":16811,"type":"hit"}
[client] {"a":8,"dup":false,"ev":"game","ms":282621,"predicted":false,"t":-1,"tick":16830,"type":"respawn"}
[client] {"a":0,"dup":false,"ev":"game","ms":282939,"predicted":false,"t":9,"tick":16848,"type":"hit"}
[client] {"a":1,"dup":false,"ev":"game","ms":283373,"predicted":false,"t":9,"tick":16880,"type":"hit"}
[client] {"a":9,"dup":false,"ev":"game","ms":284001,"predicted":false,"t":1,"tick":16913,"type":"hit"}
[client] {"a":4,"dup":false,"ev":"game","ms":284071,"predicted":false,"t":-1,"tick":16917,"type":"respawn"}
[client] {"counts":{"blocks_on_me":0,"conf_actions":198,"confirmed_hits":838,"dup_confirmed":0,"hits_on_me":80,"pred_actions":213,"predicted_confirmed":93,"predicted_hits":183,"reconnects":0},"ev":"stats","hp":44.0,"in_bytes":3791330,"late":0,"local_entity":1,"match":{"countdown_until":300,"ctrl":-1,"final":false,"next":"","phase":3,"rot":1325,"scores":[34,15],"sd":false,"state":3,"tick":16675,"zone":"A"},"max_err":1.663,"mean_err":0.0217,"ms":284939,"out_bytes":831693,"pending":6,"pos":[-40.79,2.7],"reconciles":5638,"server_tick":16973,"snaps":5645,"teleports":6}
[client] {"a":7,"dup":false,"ev":"game","ms":286354,"predicted":false,"t":-1,"tick":17054,"type":"respawn"}
[client] {"a":3,"dup":false,"ev":"game","ms":286706,"predicted":false,"t":9,"tick":17075,"type":"hit"}
[client] {"a":3,"dup":false,"ev":"game","ms":287389,"predicted":false,"t":9,"tick":17116,"type":"hit"}
[client] {"a":9,"dup":false,"ev":"game","ms":287389,"predicted":false,"t":-1,"tick":17116,"type":"ko"}
[client] {"a":5,"dup":false,"ev":"game","ms":289723,"predicted":false,"t":-1,"tick":17255,"type":"respawn"}
[client] {"counts":{"blocks_on_me":0,"conf_actions":201,"confirmed_hits":840,"dup_confirmed":0,"hits_on_me":80,"pred_actions":216,"predicted_confirmed":93,"predicted_hits":183,"reconnects":0},"ev":"stats","hp":44.0,"in_bytes":3845971,"late":0,"local_entity":1,"match":{"countdown_until":300,"ctrl":0,"final":false,"next":"","phase":3,"rot":1028,"scores":[36,15],"sd":false,"state":2,"tick":16972,"zone":"A"},"max_err":1.663,"mean_err":0.0215,"ms":289941,"out_bytes":846393,"pending":6,"pos":[-42.49,0.11],"reconciles":5738,"server_tick":17273,"snaps":5744,"teleports":6}
[client] {"a":6,"dup":false,"ev":"game","ms":291743,"predicted":false,"t":-1,"tick":17376,"type":"respawn"}
[client] {"a":8,"dup":false,"ev":"game","ms":292930,"predicted":false,"t":0,"tick":17447,"type":"hit"}
[client] {"a":8,"dup":false,"ev":"game","ms":293261,"predicted":false,"t":0,"tick":17467,"type":"hit"}
[client] {"counts":{"blocks_on_me":0,"conf_actions":202,"confirmed_hits":842,"dup_confirmed":0,"hits_on_me":80,"pred_actions":217,"predicted_confirmed":93,"predicted_hits":183,"reconnects":0},"ev":"stats","hp":58.9999999999999,"in_bytes":3904066,"late":0,"local_entity":1,"match":{"countdown_until":300,"ctrl":-1,"final":false,"next":"C","phase":3,"rot":725,"scores":[38,15],"sd":false,"state":3,"tick":17275,"zone":"A"},"max_err":1.663,"mean_err":0.0212,"ms":294943,"out_bytes":861093,"pending":6,"pos":[-42.44,0.39],"reconciles":5838,"server_tick":17573,"snaps":5845,"teleports":6}
[client] {"a":8,"dup":false,"ev":"game","ms":295323,"predicted":false,"t":2,"tick":17591,"type":"hit"}
[client] {"a":8,"dup":false,"ev":"game","ms":295628,"predicted":false,"t":1,"tick":17609,"type":"hit"}
[client] {"a":2,"dup":false,"ev":"game","ms":295840,"predicted":false,"t":8,"tick":17622,"type":"hit"}
[client] {"a":8,"dup":false,"ev":"game","ms":296959,"predicted":false,"t":1,"tick":17690,"type":"hit"}
[client] {"a":8,"dup":false,"ev":"game","ms":297297,"predicted":false,"t":1,"tick":17710,"type":"hit"}
[client] {"a":9,"dup":false,"ev":"game","ms":297393,"predicted":false,"t":-1,"tick":17716,"type":"respawn"}
[client] {"a":1,"dup":true,"ev":"game","ms":297745,"predicted":false,"t":8,"tick":17741,"type":"hit"}
[client] {"a":2,"dup":false,"ev":"game","ms":297897,"predicted":false,"t":8,"tick":17745,"type":"hit"}
[client] {"a":3,"dup":false,"ev":"game","ms":298097,"predicted":false,"t":7,"tick":17758,"type":"hit"}
[client] {"a":0,"dup":false,"ev":"game","ms":298697,"predicted":false,"t":7,"tick":17793,"type":"hit"}
[client] {"a":3,"dup":false,"ev":"game","ms":298746,"predicted":false,"t":7,"tick":17797,"type":"hit"}
[client] {"counts":{"blocks_on_me":0,"conf_actions":206,"confirmed_hits":852,"dup_confirmed":0,"hits_on_me":83,"pred_actions":221,"predicted_confirmed":94,"predicted_hits":186,"reconnects":0},"ev":"stats","hp":4.99999999999986,"in_bytes":3966320,"late":0,"local_entity":1,"match":{"countdown_until":300,"ctrl":-1,"final":false,"next":"C","phase":3,"rot":428,"scores":[38,15],"sd":false,"state":3,"tick":17572,"zone":"A"},"max_err":1.663,"mean_err":0.0213,"ms":299938,"out_bytes":875793,"pending":6,"pos":[-42.8,-0.45],"reconciles":5937,"server_tick":17873,"snaps":5943,"teleports":6}
[client] {"a":1,"dup":false,"ev":"game","ms":299974,"predicted":false,"t":-1,"tick":17875,"type":"ko"}
[client] {"a":8,"dup":false,"ev":"game","ms":300056,"predicted":false,"t":1,"tick":17875,"type":"hit"}
[client] {"a":2,"dup":false,"ev":"game","ms":300436,"predicted":false,"t":8,"tick":17898,"type":"hit"}
[client] {"a":5,"dup":false,"ev":"game","ms":300788,"predicted":false,"t":0,"tick":17919,"type":"hit"}
[client] {"a":7,"dup":false,"ev":"game","ms":301057,"predicted":false,"t":0,"tick":17935,"type":"hit"}
[client] {"a":0,"dup":false,"ev":"game","ms":301057,"predicted":false,"t":-1,"tick":17935,"type":"ko"}
[client] {"a":3,"dup":false,"ev":"game","ms":301540,"predicted":false,"t":8,"tick":17964,"type":"hit"}
[client] {"a":4,"dup":false,"ev":"game","ms":301740,"predicted":false,"t":5,"tick":17976,"type":"hit"}
[client] {"a":3,"dup":false,"ev":"game","ms":301857,"predicted":false,"t":8,"tick":17983,"type":"hit"}
[client] {"a":7,"dup":false,"ev":"game","ms":302071,"predicted":false,"t":4,"tick":17996,"type":"hit"}
[client] {"a":5,"dup":false,"ev":"game","ms":302119,"predicted":false,"t":4,"tick":17999,"type":"hit"}
[client] {"a":8,"dup":false,"ev":"game","ms":302223,"predicted":false,"t":3,"tick":18005,"type":"hit"}
[client] {"a":5,"dup":false,"ev":"game","ms":302554,"predicted":false,"t":4,"tick":18025,"type":"hit"}
[client] {"a":8,"dup":false,"ev":"game","ms":302554,"predicted":false,"t":3,"tick":18025,"type":"hit"}
[client] {"a":7,"dup":false,"ev":"game","ms":302671,"predicted":false,"t":4,"tick":18032,"type":"hit"}
[client] {"a":7,"dup":false,"ev":"game","ms":302706,"predicted":false,"t":3,"tick":18034,"type":"hit"}
[client] {"a":7,"dup":false,"ev":"game","ms":303092,"predicted":false,"t":4,"tick":18057,"type":"hit"}
[client] {"a":8,"dup":false,"ev":"game","ms":303141,"predicted":false,"t":3,"tick":18061,"type":"hit"}
[client] {"a":8,"dup":false,"ev":"game","ms":303376,"predicted":false,"t":4,"tick":18075,"type":"hit"}
[client] {"a":8,"dup":false,"ev":"game","ms":303423,"predicted":false,"t":3,"tick":18077,"type":"hit"}
[client] {"a":6,"dup":false,"ev":"game","ms":303893,"predicted":false,"t":2,"tick":18105,"type":"hit"}
[client] {"a":8,"dup":false,"ev":"game","ms":304155,"predicted":false,"t":4,"tick":18122,"type":"hit"}
[client] {"a":2,"dup":false,"ev":"game","ms":304460,"predicted":false,"t":8,"tick":18139,"type":"hit"}
[client] {"a":8,"dup":false,"ev":"game","ms":304894,"predicted":false,"t":2,"tick":18165,"type":"hit"}
[client] {"counts":{"blocks_on_me":0,"conf_actions":206,"confirmed_hits":874,"dup_confirmed":0,"hits_on_me":84,"pred_actions":221,"predicted_confirmed":94,"predicted_hits":186,"reconnects":0},"ev":"stats","hp":0.0,"in_bytes":4038759,"late":0,"local_entity":1,"match":{"countdown_until":300,"ctrl":-1,"final":false,"next":"C","phase":3,"rot":125,"scores":[38,15],"sd":false,"state":3,"tick":17875,"zone":"A"},"max_err":1.663,"mean_err":0.021,"ms":304941,"out_bytes":890493,"pending":6,"pos":[-42.73,-0.42],"reconciles":6037,"server_tick":18173,"snaps":6044,"teleports":6}
[client] {"a":4,"dup":false,"ev":"game","ms":305293,"predicted":false,"t":6,"tick":18189,"type":"block"}
[client] {"a":4,"dup":false,"ev":"game","ms":305956,"predicted":false,"t":6,"tick":18230,"type":"block"}
[client] {"a":2,"dup":false,"ev":"game","ms":305976,"predicted":false,"t":6,"tick":18231,"type":"block"}
[client] {"a":3,"dup":false,"ev":"game","ms":306074,"predicted":false,"t":6,"tick":18236,"type":"block"}
[client] {"a":2,"dup":false,"ev":"game","ms":306294,"predicted":false,"t":6,"tick":18250,"type":"block"}
[client] {"a":5,"dup":false,"ev":"game","ms":306459,"predicted":false,"t":4,"tick":18260,"type":"hit"}
[client] {"a":2,"dup":false,"ev":"game","ms":306556,"predicted":false,"t":6,"tick":18266,"type":"hit"}
[client] {"a":7,"dup":false,"ev":"game","ms":306625,"predicted":false,"t":3,"tick":18270,"type":"hit"}
[client] {"a":4,"dup":false,"ev":"game","ms":307108,"predicted":false,"t":6,"tick":18299,"type":"hit"}
[client] {"a":-1,"dup":false,"ev":"game","ms":307108,"predicted":false,"t":-1,"tick":18299,"type":"zone_rotated"}
[client] {"a":5,"dup":false,"ev":"game","ms":307426,"predicted":false,"t":4,"tick":18318,"type":"hit"}
[client] {"a":6,"dup":false,"ev":"game","ms":307495,"predicted":false,"t":4,"tick":18321,"type":"hit"}
[client] {"a":2,"dup":false,"ev":"game","ms":307529,"predicted":false,"t":5,"tick":18324,"type":"hit"}
[client] {"a":7,"dup":false,"ev":"game","ms":307543,"predicted":false,"t":4,"tick":18325,"type":"hit"}
[client] {"a":6,"dup":false,"ev":"game","ms":307839,"predicted":false,"t":3,"tick":18343,"type":"hit"}
[client] {"a":3,"dup":false,"ev":"game","ms":307839,"predicted":false,"t":-1,"tick":18343,"type":"ko"}
[client] {"a":9,"dup":false,"ev":"game","ms":307909,"predicted":false,"t":4,"tick":18347,"type":"hit"}
[client] {"a":2,"dup":false,"ev":"game","ms":308543,"predicted":false,"t":6,"tick":18385,"type":"hit"}
[client] {"a":7,"dup":false,"ev":"game","ms":308730,"predicted":false,"t":2,"tick":18396,"type":"hit"}
[client] {"a":9,"dup":false,"ev":"game","ms":309144,"predicted":false,"t":4,"tick":18421,"type":"hit"}
[client] {"a":4,"dup":false,"ev":"game","ms":309144,"predicted":false,"t":-1,"tick":18421,"type":"ko"}
[client] {"a":2,"dup":false,"ev":"game","ms":309585,"predicted":false,"t":8,"tick":18447,"type":"hit"}
[client] {"a":6,"dup":false,"ev":"game","ms":309903,"predicted":false,"t":2,"tick":18466,"type":"hit"}
[client] {"counts":{"blocks_on_me":0,"conf_actions":206,"confirmed_hits":889,"dup_confirmed":0,"hits_on_me":84,"pred_actions":221,"predicted_confirmed":94,"predicted_hits":186,"reconnects":0},"ev":"stats","hp":0.0,"in_bytes":4108528,"late":0,"local_entity":1,"match":{"countdown_until":300,"ctrl":-1,"final":false,"next":"","phase":3,"rot":3428,"scores":[38,15],"sd":false,"state":1,"tick":18172,"zone":"C"},"max_err":1.663,"mean_err":0.0206,"ms":309936,"out_bytes":905193,"pending":6,"pos":[-42.73,-0.42],"reconciles":6137,"server_tick":18473,"snaps":6143,"teleports":6}
[client] {"a":1,"dup":false,"ev":"game","ms":309972,"predicted":false,"t":-1,"tick":18475,"type":"respawn"}
[client] {"a":6,"dup":false,"ev":"game","ms":310289,"predicted":false,"t":2,"tick":18489,"type":"hit"}
[client] {"a":6,"dup":false,"ev":"game","ms":310786,"predicted":false,"t":2,"tick":18519,"type":"hit"}
[client] {"a":0,"dup":false,"ev":"game","ms":311056,"predicted":false,"t":-1,"tick":18535,"type":"respawn"}
[client] {"a":2,"dup":false,"ev":"game","ms":311209,"predicted":false,"t":6,"tick":18544,"type":"hit"}
[client] {"a":2,"dup":false,"ev":"game","ms":311952,"predicted":false,"t":6,"tick":18589,"type":"hit"}
[client] {"counts":{"blocks_on_me":0,"conf_actions":206,"confirmed_hits":893,"dup_confirmed":0,"hits_on_me":84,"pred_actions":221,"predicted_confirmed":94,"predicted_hits":186,"reconnects":0},"ev":"stats","hp":220.0,"in_bytes":4173140,"late":0,"local_entity":1,"match":{"countdown_until":300,"ctrl":-1,"final":false,"next":"","phase":3,"rot":3128,"scores":[38,15],"sd":false,"state":1,"tick":18472,"zone":"C"},"max_err":1.663,"mean_err":0.0203,"ms":314939,"out_bytes":919893,"pending":6,"pos":[25.14,-25.38],"reconciles":6236,"server_tick":18773,"snaps":6243,"teleports":7}
[client] {"a":3,"dup":false,"ev":"game","ms":317845,"predicted":false,"t":-1,"tick":18943,"type":"respawn"}
[client] {"a":4,"dup":false,"ev":"game","ms":319142,"predicted":false,"t":-1,"tick":19021,"type":"respawn"}
[client] {"a":2,"dup":false,"ev":"game","ms":319245,"predicted":false,"t":6,"tick":19027,"type":"hit"}
[client] {"counts":{"blocks_on_me":0,"conf_actions":206,"confirmed_hits":894,"dup_confirmed":0,"hits_on_me":84,"pred_actions":221,"predicted_confirmed":94,"predicted_hits":186,"reconnects":0},"ev":"stats","hp":220.0,"in_bytes":4233687,"late":0,"local_entity":1,"match":{"countdown_until":300,"ctrl":0,"final":false,"next":"","phase":3,"rot":2828,"scores":[39,15],"sd":false,"state":2,"tick":18772,"zone":"C"},"max_err":1.663,"mean_err":0.02,"ms":319935,"out_bytes":934593,"pending":6,"pos":[41.91,-0.06],"reconciles":6334,"server_tick":19073,"snaps":6341,"teleports":7}
[client] {"a":5,"dup":false,"ev":"game","ms":321653,"predicted":false,"t":1,"tick":19172,"type":"hit"}
[client] {"a":7,"dup":false,"ev":"game","ms":321722,"predicted":false,"t":0,"tick":19176,"type":"hit"}
[client] {"a":9,"dup":false,"ev":"game","ms":321840,"predicted":false,"t":0,"tick":19182,"type":"hit"}
[client] {"a":5,"dup":false,"ev":"game","ms":322440,"predicted":false,"t":1,"tick":19219,"type":"hit"}
[client] {"a":0,"dup":false,"ev":"game","ms":322737,"predicted":false,"t":5,"tick":19237,"type":"hit"}
[client] {"a":0,"dup":false,"ev":"game","ms":322820,"predicted":false,"t":9,"tick":19241,"type":"hit"}
[client] {"a":8,"dup":false,"ev":"game","ms":323041,"predicted":false,"t":0,"tick":19254,"type":"hit"}
[client] {"a":1,"dup":true,"ev":"game","ms":323171,"predicted":false,"t":7,"tick":19268,"type":"hit"}
[client] {"a":1,"dup":true,"ev":"game","ms":323172,"predicted":false,"t":8,"tick":19268,"type":"hit"}
[client] {"a":0,"dup":false,"ev":"game","ms":323655,"predicted":false,"t":5,"tick":19292,"type":"hit"}
[client] {"a":1,"dup":true,"ev":"game","ms":323758,"predicted":false,"t":5,"tick":19303,"type":"hit"}
[client] {"a":9,"dup":false,"ev":"game","ms":323868,"predicted":false,"t":1,"tick":19305,"type":"hit"}
[client] {"a":5,"dup":false,"ev":"game","ms":324242,"predicted":false,"t":0,"tick":19327,"type":"hit"}
[client] {"a":7,"dup":false,"ev":"game","ms":324386,"predicted":false,"t":0,"tick":19335,"type":"hit"}
[client] {"a":9,"dup":false,"ev":"game","ms":324842,"predicted":false,"t":1,"tick":19362,"type":"hit"}
[client] {"a":5,"dup":false,"ev":"game","ms":324842,"predicted":false,"t":1,"tick":19363,"type":"hit"}
[client] {"counts":{"blocks_on_me":0,"conf_actions":211,"confirmed_hits":910,"dup_confirmed":0,"hits_on_me":89,"pred_actions":227,"predicted_confirmed":97,"predicted_hits":192,"reconnects":0},"ev":"stats","hp":94.0,"in_bytes":4306194,"late":0,"local_entity":1,"match":{"countdown_until":300,"ctrl":-1,"final":false,"next":"","phase":3,"rot":2528,"scores":[39,15],"sd":false,"state":3,"tick":19072,"zone":"C"},"max_err":1.663,"mean_err":0.0205,"ms":324937,"out_bytes":949293,"pending":6,"pos":[44.07,0.81],"reconciles":6434,"server_tick":19373,"snaps":6441,"teleports":7}
[client] {"a":5,"dup":false,"ev":"game","ms":325421,"predicted":false,"t":0,"tick":19397,"type":"hit"}
[client] {"a":0,"dup":false,"ev":"game","ms":326090,"predicted":false,"t":9,"tick":19438,"type":"hit"}
[client] {"a":8,"dup":false,"ev":"game","ms":326105,"predicted":false,"t":1,"tick":19439,"type":"hit"}
[client] {"a":8,"dup":false,"ev":"game","ms":326124,"predicted":false,"t":0,"tick":19440,"type":"hit"}
[client] {"a":2,"dup":false,"ev":"game","ms":326884,"predicted":false,"t":9,"tick":19485,"type":"hit"}
[client] {"a":8,"dup":false,"ev":"game","ms":327084,"predicted":false,"t":1,"tick":19497,"type":"hit"}
[client] {"a":8,"dup":false,"ev":"game","ms":327132,"predicted":false,"t":0,"tick":19500,"type":"hit"}
[client] {"a":2,"dup":false,"ev":"game","ms":327553,"predicted":false,"t":5,"tick":19525,"type":"hit"}
[client] {"a":2,"dup":false,"ev":"game","ms":327553,"predicted":false,"t":9,"tick":19525,"type":"hit"}
[client] {"a":1,"dup":false,"ev":"game","ms":327601,"predicted":false,"t":9,"tick":19533,"type":"hit"}
[client] {"a":8,"dup":false,"ev":"game","ms":327767,"predicted":false,"t":0,"tick":19538,"type":"hit"}
[client] {"a":0,"dup":false,"ev":"game","ms":327767,"predicted":false,"t":-1,"tick":19538,"type":"ko"}
[client] {"a":1,"dup":true,"ev":"game","ms":328050,"predicted":false,"t":9,"tick":19560,"type":"hit"}
[client] {"a":9,"dup":false,"ev":"game","ms":328119,"predicted":false,"t":2,"tick":19559,"type":"hit"}
[client] {"a":7,"dup":false,"ev":"game","ms":328181,"predicted":false,"t":1,"tick":19563,"type":"hit"}
[client] {"a":5,"dup":false,"ev":"game","ms":328554,"predicted":false,"t":1,"tick":19585,"type":"hit"}
[client] {"a":1,"dup":false,"ev":"game","ms":328685,"predicted":false,"t":-1,"tick":19598,"type":"ko"}
[client] {"a":2,"dup":false,"ev":"game","ms":328719,"predicted":false,"t":6,"tick":19595,"type":"block"}
[client] {"a":9,"dup":false,"ev":"game","ms":328719,"predicted":false,"t":2,"tick":19595,"type":"hit"}
[client] {"a":5,"dup":false,"ev":"game","ms":328767,"predicted":false,"t":1,"tick":19598,"type":"hit"}
[client] {"a":3,"dup":false,"ev":"game","ms":329036,"predicted":false,"t":6,"tick":19614,"type":"hit"}
[client] {"a":2,"dup":false,"ev":"game","ms":329085,"predicted":false,"t":6,"tick":19617,"type":"hit"}
[client] {"a":9,"dup":false,"ev":"game","ms":329168,"predicted":false,"t":2,"tick":19622,"type":"hit"}
[client] {"a":2,"dup":false,"ev":"game","ms":329168,"predicted":false,"t":-1,"tick":19622,"type":"ko"}
[client] {"a":3,"dup":false,"ev":"game","ms":329450,"predicted":false,"t":6,"tick":19639,"type":"hit"}
[client] {"a":6,"dup":false,"ev":"game","ms":329851,"predicted":false,"t":3,"tick":19663,"type":"hit"}
[client] {"counts":{"blocks_on_me":0,"conf_actions":219,"confirmed_hits":932,"dup_confirmed":0,"hits_on_me":94,"pred_actions":236,"predicted_confirmed":98,"predicted_hits":194,"reconnects":0},"ev":"stats","hp":0.0,"in_bytes":4380864,"late":0,"local_entity":1,"match":{"countdown_until":300,"ctrl":-1,"final":false,"next":"","phase":3,"rot":2228,"scores":[39,15],"sd":false,"state":3,"tick":19372,"zone":"C"},"max_err":1.663,"mean_err":0.0207,"ms":329933,"out_bytes":963993,"pending":6,"pos":[42.39,-3.05],"reconciles":6534,"server_tick":19673,"snaps":6541,"teleports":7}
[client] {"a":6,"dup":false,"ev":"game","ms":330237,"predicted":false,"t":3,"tick":19686,"type":"hit"}
[client] {"a":3,"dup":false,"ev":"game","ms":330555,"predicted":false,"t":6,"tick":19705,"type":"hit"}
[client] {"a":4,"dup":false,"ev":"game","ms":332321,"predicted":false,"t":6,"tick":19811,"type":"hit"}
[client] {"a":3,"dup":false,"ev":"game","ms":332356,"predicted":false,"t":6,"tick":19813,"type":"hit"}
[client] {"a":4,"dup":false,"ev":"game","ms":332369,"predicted":false,"t":9,"tick":19814,"type":"hit"}
[client] {"a":7,"dup":false,"ev":"game","ms":332556,"predicted":false,"t":3,"tick":19825,"type":"hit"}
[client] {"a":6,"dup":false,"ev":"game","ms":332755,"predicted":false,"t":4,"tick":19837,"type":"hit"}
[client] {"a":7,"dup":false,"ev":"game","ms":332873,"predicted":false,"t":3,"tick":19844,"type":"hit"}
[client] {"a":4,"dup":false,"ev":"game","ms":333156,"predicted":false,"t":6,"tick":19861,"type":"hit"}
[client] {"a":4,"dup":false,"ev":"game","ms":333156,"predicted":false,"t":7,"tick":19861,"type":"hit"}
[client] {"a":3,"dup":false,"ev":"game","ms":333487,"predicted":false,"t":7,"tick":19881,"type":"hit"}
[client] {"a":5,"dup":false,"ev":"game","ms":333521,"predicted":false,"t":4,"tick":19883,"type":"hit"}
[client] {"a":9,"dup":false,"ev":"game","ms":333535,"predicted":false,"t":4,"tick":19884,"type":"hit"}
[client] {"a":3,"dup":false,"ev":"game","ms":333556,"predicted":false,"t":5,"tick":19885,"type":"hit"}
[client] {"a":6,"dup":false,"ev":"game","ms":333701,"predicted":false,"t":3,"tick":19894,"type":"hit"}
[client] {"a":8,"dup":false,"ev":"game","ms":333965,"predicted":false,"t":4,"tick":19909,"type":"hit"}
[client] {"a":3,"dup":false,"ev":"game","ms":334033,"predicted":false,"t":6,"tick":19914,"type":"hit"}
[client] {"a":6,"dup":false,"ev":"game","ms":334033,"predicted":false,"t":-1,"tick":19914,"type":"ko"}
[client] {"a":4,"dup":false,"ev":"game","ms":334330,"predicted":false,"t":8,"tick":19932,"type":"hit"}
[client] {"a":9,"dup":false,"ev":"game","ms":334469,"predicted":false,"t":3,"tick":19940,"type":"parry"}
[client] {"a":7,"dup":false,"ev":"game","ms":334613,"predicted":false,"t":3,"tick":19949,"type":"hit"}
[client] {"a":8,"dup":false,"ev":"game","ms":334765,"predicted":false,"t":4,"tick":19958,"type":"hit"}
[client] {"counts":{"blocks_on_me":0,"conf_actions":219,"confirmed_hits":952,"dup_confirmed":0,"hits_on_me":94,"pred_actions":236,"predicted_confirmed":98,"predicted_hits":194,"reconnects":0},"ev":"stats","hp":0.0,"in_bytes":4454832,"late":0,"local_entity":1,"match":{"countdown_until":300,"ctrl":-1,"final":false,"next":"","phase":3,"rot":1928,"scores":[39,15],"sd":false,"state":3,"tick":19672,"zone":"C"},"max_err":1.663,"mean_err":0.0204,"ms":334930,"out_bytes":978693,"pending":6,"pos":[42.39,-3.05],"reconciles":6634,"server_tick":19973,"snaps":6641,"teleports":7}
[client] {"a":3,"dup":false,"ev":"game","ms":334986,"predicted":false,"t":7,"tick":19971,"type":"hit"}
[client] {"a":8,"dup":false,"ev":"game","ms":335034,"predicted":false,"t":4,"tick":19974,"type":"hit"}
[client] {"a":3,"dup":false,"ev":"game","ms":335268,"predicted":false,"t":7,"tick":19988,"type":"hit"}
[client] {"a":9,"dup":false,"ev":"game","ms":335517,"predicted":false,"t":3,"tick":20003,"type":"hit"}
[client] {"a":8,"dup":false,"ev":"game","ms":335552,"predicted":false,"t":4,"tick":20005,"type":"hit"}
[client] {"a":8,"dup":false,"ev":"game","ms":335869,"predicted":false,"t":4,"tick":20024,"type":"hit"}
[client] {"a":8,"dup":false,"ev":"game","ms":336201,"predicted":false,"t":4,"tick":20044,"type":"hit"}
[client] {"a":3,"dup":false,"ev":"game","ms":336377,"predicted":false,"t":7,"tick":20054,"type":"hit"}
[client] {"a":9,"dup":false,"ev":"game","ms":336522,"predicted":false,"t":4,"tick":20063,"type":"hit"}
[client] {"a":5,"dup":false,"ev":"game","ms":337122,"predicted":false,"t":3,"tick":20099,"type":"hit"}
[client] {"a":4,"dup":false,"ev":"game","ms":337523,"predicted":false,"t":8,"tick":20123,"type":"hit"}
[client] {"a":0,"dup":false,"ev":"game","ms":337771,"predicted":false,"t":-1,"tick":20138,"type":"respawn"}
[client] {"a":8,"dup":false,"ev":"game","ms":337922,"predicted":false,"t":4,"tick":20147,"type":"hit"}
[client] {"a":3,"dup":false,"ev":"game","ms":337971,"predicted":false,"t":5,"tick":20150,"type":"hit"}
[client] {"a":8,"dup":false,"ev":"game","ms":338302,"predicted":false,"t":4,"tick":20170,"type":"hit"}
[client] {"a":1,"dup":false,"ev":"game","ms":338675,"predicted":false,"t":-1,"tick":20198,"type":"respawn"}
[client] {"a":4,"dup":false,"ev":"game","ms":338703,"predicted":false,"t":8,"tick":20194,"type":"hit"}
[client] {"a":3,"dup":false,"ev":"game","ms":339137,"predicted":false,"t":5,"tick":20220,"type":"hit"}
[client] {"a":2,"dup":false,"ev":"game","ms":339171,"predicted":false,"t":-1,"tick":20222,"type":"respawn"}
[client] {"a":8,"dup":false,"ev":"game","ms":339420,"predicted":false,"t":4,"tick":20237,"type":"block"}
[client] {"counts":{"blocks_on_me":0,"conf_actions":219,"confirmed_hits":968,"dup_confirmed":0,"hits_on_me":94,"pred_actions":236,"predicted_confirmed":98,"predicted_hits":194,"reconnects":0},"ev":"stats","hp":220.0,"in_bytes":4520427,"late":0,"local_entity":1,"match":{"countdown_until":300,"ctrl":-1,"final":false,"next":"","phase":3,"rot":1628,"scores":[39,15],"sd":false,"state":3,"tick":19972,"zone":"C"},"max_err":1.663,"mean_err":0.0201,"ms":339937,"out_bytes":993393,"pending":6,"pos":[-4.47,-39.61],"reconciles":6733,"server_tick":20273,"snaps":6741,"teleports":8}
[client] {"a":8,"dup":false,"ev":"game","ms":340041,"predicted":false,"t":4,"tick":20274,"type":"block"}
[client] {"a":8,"dup":false,"ev":"game","ms":340586,"predicted":false,"t":4,"tick":20307,"type":"hit"}
[client] {"a":8,"dup":false,"ev":"game","ms":340927,"predicted":false,"t":4,"tick":20327,"type":"hit"}
[client] {"a":4,"dup":false,"ev":"game","ms":340928,"predicted":false,"t":-1,"tick":20327,"type":"ko"}
[client] {"a":3,"dup":false,"ev":"game","ms":341166,"predicted":false,"t":5,"tick":20342,"type":"hit"}
[client] {"a":7,"dup":false,"ev":"game","ms":341284,"predicted":false,"t":3,"tick":20349,"type":"hit"}
[client] {"a":7,"dup":false,"ev":"game","ms":341787,"predicted":false,"t":3,"tick":20379,"type":"hit"}
[client] {"a":3,"dup":false,"ev":"game","ms":342133,"predicted":false,"t":7,"tick":20400,"type":"hit"}
[client] {"a":5,"dup":false,"ev":"game","ms":342250,"predicted":false,"t":3,"tick":20407,"type":"hit"}
[client] {"a":9,"dup":false,"ev":"game","ms":342354,"predicted":false,"t":3,"tick":20413,"type":"hit"}
[client] {"a":3,"dup":false,"ev":"game","ms":342354,"predicted":false,"t":-1,"tick":20413,"type":"ko"}
[client] {"a":6,"dup":false,"ev":"game","ms":344035,"predicted":false,"t":-1,"tick":20514,"type":"respawn"}
[client] {"counts":{"blocks_on_me":0,"conf_actions":219,"confirmed_hits":976,"dup_confirmed":0,"hits_on_me":94,"pred_actions":236,"predicted_confirmed":98,"predicted_hits":194,"reconnects":0},"ev":"stats","hp":220.0,"in_bytes":4583477,"late":0,"local_entity":1,"match":{"countdown_until":300,"ctrl":1,"final":false,"next":"","phase":3,"rot":1328,"scores":[39,17],"sd":false,"state":2,"tick":20272,"zone":"C"},"max_err":1.663,"mean_err":0.0198,"ms":344938,"out_bytes":1008093,"pending":6,"pos":[17.05,-18.97],"reconciles":6833,"server_tick":20573,"snaps":6841,"teleports":8}
[client] {"a":0,"dup":false,"ev":"game","ms":348858,"predicted":false,"t":9,"tick":20803,"type":"hit"}
[client] {"a":8,"dup":false,"ev":"game","ms":349127,"predicted":false,"t":0,"tick":20820,"type":"hit"}
[client] {"counts":{"blocks_on_me":0,"conf_actions":221,"confirmed_hits":978,"dup_confirmed":0,"hits_on_me":94,"pred_actions":238,"predicted_confirmed":98,"predicted_hits":194,"reconnects":0},"ev":"stats","hp":220.0,"in_bytes":4643139,"late":0,"local_entity":1,"match":{"countdown_until":300,"ctrl":-1,"final":false,"next":"","phase":3,"rot":1025,"scores":[39,20],"sd":false,"state":3,"tick":20575,"zone":"C"},"max_err":1.663,"mean_err":0.0197,"ms":349941,"out_bytes":1022793,"pending":6,"pos":[39.54,0.18],"reconciles":6933,"server_tick":20873,"snaps":6942,"teleports":8}
[client] {"a":5,"dup":false,"ev":"game","ms":349990,"predicted":false,"t":2,"tick":20872,"type":"hit"}
[client] {"a":8,"dup":false,"ev":"game","ms":350011,"predicted":false,"t":2,"tick":20873,"type":"hit"}
[client] {"a":1,"dup":true,"ev":"game","ms":350073,"predicted":false,"t":8,"tick":20882,"type":"hit"}
[client] {"a":8,"dup":false,"ev":"game","ms":350155,"predicted":false,"t":-1,"tick":20882,"type":"ko"}
[client] {"a":2,"dup":false,"ev":"game","ms":350459,"predicted":false,"t":5,"tick":20900,"type":"hit"}
[client] {"a":0,"dup":false,"ev":"game","ms":350645,"predicted":false,"t":9,"tick":20911,"type":"hit"}
[client] {"a":2,"dup":false,"ev":"game","ms":350728,"predicted":false,"t":5,"tick":20916,"type":"hit"}
[client] {"a":4,"dup":false,"ev":"game","ms":350908,"predicted":false,"t":-1,"tick":20927,"type":"respawn"}
[client] {"a":1,"dup":true,"ev":"game","ms":351376,"predicted":false,"t":7,"tick":20960,"type":"hit"}
[client] {"a":0,"dup":false,"ev":"game","ms":351460,"predicted":false,"t":7,"tick":20960,"type":"hit"}
[client] {"a":9,"dup":false,"ev":"game","ms":351495,"predicted":false,"t":0,"tick":20962,"type":"hit"}
[client] {"a":9,"dup":false,"ev":"game","ms":351508,"predicted":false,"t":1,"tick":20963,"type":"hit"}
[client] {"a":2,"dup":false,"ev":"game","ms":351592,"predicted":false,"t":5,"tick":20968,"type":"hit"}
[client] {"a":5,"dup":false,"ev":"game","ms":351592,"predicted":false,"t":-1,"tick":20968,"type":"ko"}
[client] {"a":3,"dup":false,"ev":"game","ms":352343,"predicted":false,"t":-1,"tick":21013,"type":"respawn"}
[client] {"a":0,"dup":false,"ev":"game","ms":352591,"predicted":false,"t":9,"tick":21028,"type":"hit"}
[client] {"a":9,"dup":false,"ev":"game","ms":352591,"predicted":false,"t":-1,"tick":21028,"type":"ko"}
[client] {"a":7,"dup":false,"ev":"game","ms":352895,"predicted":false,"t":2,"tick":21046,"type":"hit"}
[client] {"a":2,"dup":false,"ev":"game","ms":353296,"predicted":false,"t":7,"tick":21070,"type":"hit"}
[client] {"a":7,"dup":false,"ev":"game","ms":353296,"predicted":false,"t":-1,"tick":21070,"type":"ko"}
[client] {"counts":{"blocks_on_me":0,"conf_actions":228,"confirmed_hits":992,"dup_confirmed":0,"hits_on_me":95,"pred_actions":245,"predicted_confirmed":100,"predicted_hits":200,"reconnects":0},"ev":"stats","hp":182.0,"in_bytes":4708733,"late":0,"local_entity":1,"match":{"countdown_until":300,"ctrl":-1,"final":false,"next":"B","phase":3,"rot":725,"scores":[39,20],"sd":false,"state":3,"tick":20875,"zone":"C"},"max_err":1.663,"mean_err":0.0197,"ms":354943,"out_bytes":1037493,"pending":6,"pos":[41.45,-0.02],"reconciles":7033,"server_tick":21173,"snaps":7042,"teleports":8}
[client] {"a":6,"dup":false,"ev":"game","ms":355496,"predicted":false,"t":1,"tick":21202,"type":"hit"}
[client] {"a":0,"dup":false,"ev":"game","ms":355723,"predicted":false,"t":6,"tick":21216,"type":"hit"}
[client] {"a":1,"dup":true,"ev":"game","ms":355807,"predicted":false,"t":6,"tick":21226,"type":"hit"}
[client] {"a":1,"dup":true,"ev":"game","ms":356124,"predicted":false,"t":6,"tick":21245,"type":"hit"}
[client] {"a":2,"dup":false,"ev":"game","ms":356242,"predicted":false,"t":6,"tick":21246,"type":"hit"}
[client] {"a":6,"dup":false,"ev":"game","ms":357939,"predicted":false,"t":1,"tick":21348,"type":"hit"}
[client] {"a":2,"dup":false,"ev":"game","ms":358360,"predicted":false,"t":6,"tick":21373,"type":"hit"}
[client] {"a":0,"dup":false,"ev":"game","ms":358773,"predicted":false,"t":6,"tick":21398,"type":"hit"}
[client] {"a":0,"dup":false,"ev":"game","ms":359091,"predicted":false,"t":6,"tick":21417,"type":"hit"}
[client] {"a":2,"dup":false,"ev":"game","ms":359270,"predicted":false,"t":6,"tick":21428,"type":"hit"}
[client] {"counts":{"blocks_on_me":0,"conf_actions":234,"confirmed_hits":1002,"dup_confirmed":0,"hits_on_me":97,"pred_actions":251,"predicted_confirmed":102,"predicted_hits":204,"reconnects":0},"ev":"stats","hp":126.0,"in_bytes":4764950,"late":0,"local_entity":1,"match":{"countdown_until":300,"ctrl":-1,"final":false,"next":"B","phase":3,"rot":428,"scores":[39,20],"sd":false,"state":3,"tick":21172,"zone":"C"},"max_err":1.663,"mean_err":0.0198,"ms":359939,"out_bytes":1052193,"pending":6,"pos":[41.48,0.35],"reconciles":7133,"server_tick":21473,"snaps":7141,"teleports":8}
[client] {"a":8,"dup":false,"ev":"game","ms":360174,"predicted":false,"t":-1,"tick":21482,"type":"respawn"}
[client] {"a":1,"dup":true,"ev":"game","ms":361126,"predicted":false,"t":6,"tick":21545,"type":"hit"}
[client] {"a":1,"dup":true,"ev":"game","ms":361444,"predicted":false,"t":6,"tick":21564,"type":"hit"}
[client] {"a":5,"dup":false,"ev":"game","ms":361609,"predicted":false,"t":-1,"tick":21568,"type":"respawn"}
[client] {"a":6,"dup":false,"ev":"game","ms":361941,"predicted":false,"t":1,"tick":21588,"type":"hit"}
[client] {"a":1,"dup":true,"ev":"game","ms":362244,"predicted":false,"t":6,"tick":21611,"type":"hit"}
[client] {"a":1,"dup":true,"ev":"game","ms":362528,"predicted":false,"t":6,"tick":21629,"type":"hit"}
[client] {"a":9,"dup":false,"ev":"game","ms":362610,"predicted":false,"t":-1,"tick":21628,"type":"respawn"}
[client] {"a":1,"dup":true,"ev":"game","ms":362845,"predicted":false,"t":6,"tick":21648,"type":"hit"}
[client] {"a":7,"dup":false,"ev":"game","ms":363307,"predicted":false,"t":-1,"tick":21670,"type":"respawn"}
[client] {"a":6,"dup":false,"ev":"game","ms":363328,"predicted":false,"t":1,"tick":21671,"type":"hit"}
[client] {"a":6,"dup":false,"ev":"game","ms":364093,"predicted":false,"t":1,"tick":21717,"type":"hit"}
[client] {"a":4,"dup":false,"ev":"game","ms":364562,"predicted":false,"t":6,"tick":21745,"type":"hit"}
[client] {"a":6,"dup":false,"ev":"game","ms":364562,"predicted":false,"t":-1,"tick":21745,"type":"ko"}
[client] {"counts":{"blocks_on_me":0,"conf_actions":242,"confirmed_hits":1011,"dup_confirmed":0,"hits_on_me":100,"pred_actions":261,"predicted_confirmed":107,"predicted_hits":211,"reconnects":0},"ev":"stats","hp":64.0,"in_bytes":4826353,"late":0,"local_entity":1,"match":{"countdown_until":300,"ctrl":0,"final":false,"next":"B","phase":3,"rot":128,"scores":[39,20],"sd":false,"state":2,"tick":21472,"zone":"C"},"max_err":1.663,"mean_err":0.0199,"ms":364941,"out_bytes":1066893,"pending":6,"pos":[40.65,1.47],"reconciles":7233,"server_tick":21773,"snaps":7241,"teleports":8}
[client] {"a":-1,"dup":false,"ev":"game","ms":367122,"predicted":false,"t":-1,"tick":21899,"type":"zone_rotated"}
[client] {"counts":{"blocks_on_me":0,"conf_actions":242,"confirmed_hits":1011,"dup_confirmed":0,"hits_on_me":100,"pred_actions":261,"predicted_confirmed":107,"predicted_hits":211,"reconnects":0},"ev":"stats","hp":64.0,"in_bytes":4877370,"late":0,"local_entity":1,"match":{"countdown_until":300,"ctrl":1,"final":false,"next":"","phase":3,"rot":3428,"scores":[41,20],"sd":false,"state":2,"tick":21772,"zone":"B"},"max_err":1.663,"mean_err":0.02,"ms":369937,"out_bytes":1081593,"pending":6,"pos":[22.84,-3.97],"reconciles":7333,"server_tick":22073,"snaps":7341,"teleports":8}
[client] {"a":1,"dup":true,"ev":"game","ms":373244,"predicted":false,"t":5,"tick":22271,"type":"hit"}
[client] {"a":8,"dup":false,"ev":"game","ms":373423,"predicted":false,"t":1,"tick":22277,"type":"hit"}
[client] {"a":4,"dup":false,"ev":"game","ms":373644,"predicted":false,"t":5,"tick":22290,"type":"hit"}
[client] {"a":4,"dup":false,"ev":"game","ms":373644,"predicted":false,"t":8,"tick":22290,"type":"hit"}
[client] {"a":1,"dup":true,"ev":"game","ms":373872,"predicted":false,"t":5,"tick":22309,"type":"hit"}
[client] {"a":1,"dup":true,"ev":"game","ms":373906,"predicted":false,"t":8,"tick":22311,"type":"hit"}
[client] {"a":1,"dup":true,"ev":"game","ms":374189,"predicted":false,"t":5,"tick":22328,"type":"hit"}
[client] {"a":1,"dup":true,"ev":"game","ms":374223,"predicted":false,"t":8,"tick":22330,"type":"hit"}
[client] {"a":1,"dup":true,"ev":"game","ms":374244,"predicted":false,"t":7,"tick":22331,"type":"hit"}
[client] {"a":4,"dup":false,"ev":"game","ms":374341,"predicted":false,"t":5,"tick":22332,"type":"hit"}
[client] {"a":4,"dup":false,"ev":"game","ms":374341,"predicted":false,"t":8,"tick":22332,"type":"hit"}
[client] {"a":4,"dup":false,"ev":"game","ms":374375,"predicted":false,"t":7,"tick":22334,"type":"hit"}
[client] {"a":4,"dup":false,"ev":"game","ms":374375,"predicted":false,"t":9,"tick":22334,"type":"hit"}
[client] {"a":6,"dup":false,"ev":"game","ms":374562,"predicted":false,"t":-1,"tick":22345,"type":"respawn"}
[client] {"a":2,"dup":false,"ev":"game","ms":374810,"predicted":false,"t":9,"tick":22360,"type":"hit"}
[client] {"counts":{"blocks_on_me":0,"conf_actions":246,"confirmed_hits":1025,"dup_confirmed":0,"hits_on_me":101,"pred_actions":265,"predicted_confirmed":113,"predicted_hits":221,"reconnects":0},"ev":"stats","hp":92.1999999999996,"in_bytes":4946997,"late":0,"local_entity":1,"match":{"countdown_until":300,"ctrl":-1,"final":false,"next":"","phase":3,"rot":3128,"scores":[41,22],"sd":false,"state":3,"tick":22072,"zone":"B"},"max_err":1.663,"mean_err":0.0201,"ms":374940,"out_bytes":1096293,"pending":6,"pos":[0.5,-2.68],"reconciles":7433,"server_tick":22373,"snaps":7441,"teleports":8}
[client] {"a":2,"dup":false,"ev":"game","ms":375127,"predicted":false,"t":9,"tick":22379,"type":"hit"}
[client] {"a":5,"dup":false,"ev":"game","ms":375293,"predicted":false,"t":3,"tick":22389,"type":"hit"}
[client] {"a":8,"dup":false,"ev":"game","ms":375341,"predicted":false,"t":2,"tick":22392,"type":"hit"}
[client] {"a":8,"dup":false,"ev":"game","ms":375672,"predicted":false,"t":2,"tick":22412,"type":"hit"}
[client] {"a":7,"dup":false,"ev":"game","ms":375707,"predicted":false,"t":2,"tick":22414,"type":"hit"}
[client] {"a":2,"dup":false,"ev":"game","ms":376645,"predicted":false,"t":8,"tick":22470,"type":"hit"}
[client] {"a":2,"dup":false,"ev":"game","ms":376990,"predicted":false,"t":8,"tick":22491,"type":"hit"}
[client] {"a":2,"dup":false,"ev":"game","ms":377045,"predicted":false,"t":9,"tick":22494,"type":"hit"}
[client] {"a":3,"dup":false,"ev":"game","ms":377108,"predicted":false,"t":5,"tick":22498,"type":"hit"}
[client] {"a":7,"dup":false,"ev":"game","ms":377191,"predicted":false,"t":1,"tick":22503,"type":"hit"}
[client] {"a":0,"dup":false,"ev":"game","ms":377211,"predicted":false,"t":5,"tick":22504,"type":"hit"}
[client] {"a":7,"dup":false,"ev":"game","ms":377260,"predicted":false,"t":3,"tick":22507,"type":"hit"}
[client] {"a":4,"dup":false,"ev":"game","ms":377328,"predicted":false,"t":5,"tick":22511,"type":"hit"}
[client] {"a":2,"dup":false,"ev":"game","ms":377445,"predicted":false,"t":8,"tick":22518,"type":"hit"}
[client] {"a":2,"dup":false,"ev":"game","ms":377482,"predicted":false,"t":9,"tick":22520,"type":"hit"}
[client] {"a":4,"dup":false,"ev":"game","ms":377660,"predicted":false,"t":7,"tick":22531,"type":"hit"}
[client] {"a":5,"dup":false,"ev":"game","ms":377729,"predicted":false,"t":0,"tick":22535,"type":"hit"}
[client] {"a":2,"dup":false,"ev":"game","ms":377825,"predicted":false,"t":8,"tick":22541,"type":"block"}
[client] {"a":5,"dup":false,"ev":"game","ms":378046,"predicted":false,"t":4,"tick":22554,"type":"hit"}
[client] {"a":2,"dup":false,"ev":"game","ms":378060,"predicted":false,"t":8,"tick":22555,"type":"hit"}
[client] {"a":0,"dup":false,"ev":"game","ms":378094,"predicted":false,"t":5,"tick":22557,"type":"hit"}
[client] {"a":2,"dup":false,"ev":"game","ms":378094,"predicted":false,"t":9,"tick":22557,"type":"hit"}
[client] {"a":7,"dup":false,"ev":"game","ms":378425,"predicted":false,"t":4,"tick":22577,"type":"hit"}
[client] {"a":2,"dup":false,"ev":"game","ms":378612,"predicted":false,"t":8,"tick":22588,"type":"hit"}
[client] {"a":2,"dup":false,"ev":"game","ms":378977,"predicted":false,"t":8,"tick":22611,"type":"hit"}
[client] {"a":5,"dup":false,"ev":"game","ms":379129,"predicted":false,"t":1,"tick":22620,"type":"hit"}
[client] {"a":8,"dup":false,"ev":"game","ms":379392,"predicted":false,"t":2,"tick":22636,"type":"hit"}
[client] {"a":5,"dup":false,"ev":"game","ms":379460,"predicted":false,"t":1,"tick":22640,"type":"hit"}
[client] {"a":4,"dup":false,"ev":"game","ms":379778,"predicted":false,"t":5,"tick":22659,"type":"hit"}
[client] {"a":1,"dup":false,"ev":"game","ms":379778,"predicted":false,"t":-1,"tick":22664,"type":"ko"}
[client] {"a":3,"dup":false,"ev":"game","ms":379791,"predicted":false,"t":5,"tick":22660,"type":"hit"}
[client] {"a":5,"dup":false,"ev":"game","ms":379791,"predicted":false,"t":-1,"tick":22660,"type":"ko"}
[client] {"a":9,"dup":false,"ev":"game","ms":379860,"predicted":false,"t":1,"tick":22664,"type":"hit"}
[client] {"a":9,"dup":false,"ev":"game","ms":379902,"predicted":false,"t":4,"tick":22667,"type":"hit"}
[client] {"counts":{"blocks_on_me":0,"conf_actions":254,"confirmed_hits":1056,"dup_confirmed":0,"hits_on_me":105,"pred_actions":273,"predicted_confirmed":113,"predicted_hits":223,"reconnects":0},"ev":"stats","hp":0.0,"in_bytes":5025797,"late":0,"local_entity":1,"match":{"countdown_until":300,"ctrl":-1,"final":false,"next":"","phase":3,"rot":2828,"scores":[41,22],"sd":false,"state":3,"tick":22372,"zone":"B"},"max_err":1.663,"mean_err":0.0203,"ms":379936,"out_bytes":1110993,"pending":6,"pos":[-0.76,-2.61],"reconciles":7533,"server_tick":22673,"snaps":7541,"teleports":8}
[client] {"a":3,"dup":false,"ev":"game","ms":380440,"predicted":false,"t":9,"tick":22698,"type":"hit"}
[client] {"a":8,"dup":false,"ev":"game","ms":380474,"predicted":false,"t":0,"tick":22700,"type":"hit"}
[client] {"a":9,"dup":false,"ev":"game","ms":380785,"predicted":false,"t":0,"tick":22719,"type":"hit"}
[client] {"a":8,"dup":false,"ev":"game","ms":380819,"predicted":false,"t":0,"tick":22721,"type":"hit"}
[client] {"a":2,"dup":false,"ev":"game","ms":380937,"predicted":false,"t":8,"tick":22728,"type":"hit"}
[client] {"a":8,"dup":false,"ev":"game","ms":380937,"predicted":false,"t":-1,"tick":22728,"type":"ko"}
[client] {"a":3,"dup":false,"ev":"game","ms":380971,"predicted":false,"t":9,"tick":22730,"type":"hit"}
[client] {"a":0,"dup":false,"ev":"game","ms":381206,"predicted":false,"t":9,"tick":22744,"type":"hit"}
[client] {"a":3,"dup":false,"ev":"game","ms":381289,"predicted":false,"t":9,"tick":22749,"type":"hit"}
[client] {"a":7,"dup":false,"ev":"game","ms":381737,"predicted":false,"t":3,"tick":22776,"type":"hit"}
[client] {"a":7,"dup":false,"ev":"game","ms":381785,"predicted":false,"t":4,"tick":22779,"type":"hit"}
[client] {"a":2,"dup":false,"ev":"game","ms":382007,"predicted":false,"t":9,"tick":22792,"type":"hit"}
[client] {"a":3,"dup":false,"ev":"game","ms":382055,"predicted":false,"t":7,"tick":22795,"type":"hit"}
[client] {"a":0,"dup":false,"ev":"game","ms":382241,"predicted":false,"t":7,"tick":22806,"type":"hit"}
[client] {"a":0,"dup":false,"ev":"game","ms":382255,"predicted":false,"t":9,"tick":22807,"type":"hit"}
[client] {"a":2,"dup":false,"ev":"game","ms":382337,"predicted":false,"t":7,"tick":22812,"type":"hit"}
[client] {"a":0,"dup":false,"ev":"game","ms":382841,"predicted":false,"t":6,"tick":22842,"type":"hit"}
[client] {"a":9,"dup":false,"ev":"game","ms":383076,"predicted":false,"t":0,"tick":22856,"type":"hit"}
[client] {"a":6,"dup":false,"ev":"game","ms":383490,"predicted":false,"t":0,"tick":22881,"type":"hit"}
[client] {"a":2,"dup":false,"ev":"game","ms":383524,"predicted":false,"t":6,"tick":22883,"type":"hit"}
[client] {"a":7,"dup":false,"ev":"game","ms":383572,"predicted":false,"t":3,"tick":22886,"type":"hit"}
[client] {"a":3,"dup":false,"ev":"game","ms":383890,"predicted":false,"t":6,"tick":22905,"type":"hit"}
[client] {"a":7,"dup":false,"ev":"game","ms":384104,"predicted":false,"t":3,"tick":22918,"type":"hit"}
[client] {"a":2,"dup":false,"ev":"game","ms":384159,"predicted":false,"t":6,"tick":22921,"type":"hit"}
[client] {"a":7,"dup":false,"ev":"game","ms":384160,"predicted":false,"t":4,"tick":22921,"type":"hit"}
[client] {"a":9,"dup":false,"ev":"game","ms":384539,"predicted":false,"t":3,"tick":22944,"type":"hit"}
[client] {"a":4,"dup":false,"ev":"game","ms":384573,"predicted":false,"t":7,"tick":22946,"type":"hit"}
[client] {"a":6,"dup":false,"ev":"game","ms":384808,"predicted":false,"t":4,"tick":22960,"type":"hit"}
[client] {"a":0,"dup":false,"ev":"game","ms":384890,"predicted":false,"t":6,"tick":22965,"type":"hit"}
[client] {"a":2,"dup":false,"ev":"game","ms":384905,"predicted":false,"t":6,"tick":22966,"type":"hit"}
[client] {"a":3,"dup":false,"ev":"game","ms":384905,"predicted":false,"t":6,"tick":22966,"type":"hit"}
[client] {"counts":{"blocks_on_me":0,"conf_actions":254,"confirmed_hits":1086,"dup_confirmed":0,"hits_on_me":105,"pred_actions":273,"predicted_confirmed":113,"predicted_hits":223,"reconnects":0},"ev":"stats","hp":0.0,"in_bytes":5097109,"late":0,"local_entity":1,"match":{"countdown_until":300,"ctrl":-1,"final":false,"next":"","phase":3,"rot":2528,"scores":[41,22],"sd":false,"state":3,"tick":22672,"zone":"B"},"max_err":1.663,"mean_err":0.02,"ms":384938,"out_bytes":1125693,"pending":6,"pos":[-0.76,-2.61],"reconciles":7633,"server_tick":22973,"snaps":7641,"teleports":8}
[client] {"a":2,"dup":false,"ev":"game","ms":384939,"predicted":false,"t":9,"tick":22968,"type":"hit"}
[client] {"a":9,"dup":false,"ev":"game","ms":384939,"predicted":false,"t":-1,"tick":22968,"type":"ko"}
[client] {"a":2,"dup":false,"ev":"game","ms":384973,"predicted":false,"t":7,"tick":22970,"type":"hit"}
[client] {"a":4,"dup":false,"ev":"game","ms":385222,"predicted":false,"t":6,"tick":22985,"type":"block"}
[client] {"a":2,"dup":false,"ev":"game","ms":385525,"predicted":false,"t":6,"tick":23003,"type":"block"}
[client] {"a":3,"dup":false,"ev":"game","ms":385525,"predicted":false,"t":6,"tick":23003,"type":"block"}
[client] {"a":0,"dup":false,"ev":"game","ms":385773,"predicted":false,"t":6,"tick":23018,"type":"block"}
[client] {"a":2,"dup":false,"ev":"game","ms":385857,"predicted":false,"t":6,"tick":23023,"type":"block"}
[client] {"a":2,"dup":false,"ev":"game","ms":386208,"predicted":false,"t":6,"tick":23044,"type":"hit"}
[client] {"a":3,"dup":false,"ev":"game","ms":386595,"predicted":false,"t":6,"tick":23067,"type":"hit"}
[client] {"a":0,"dup":false,"ev":"game","ms":386622,"predicted":false,"t":6,"tick":23069,"type":"hit"}
[client] {"a":2,"dup":false,"ev":"game","ms":386858,"predicted":false,"t":6,"tick":23083,"type":"hit"}
[client] {"a":7,"dup":false,"ev":"game","ms":387107,"predicted":false,"t":4,"tick":23098,"type":"block"}
[client] {"a":7,"dup":false,"ev":"game","ms":387126,"predicted":false,"t":0,"tick":23099,"type":"hit"}
[client] {"a":7,"dup":false,"ev":"game","ms":387174,"predicted":false,"t":3,"tick":23102,"type":"hit"}
[client] {"a":2,"dup":false,"ev":"game","ms":387244,"predicted":false,"t":7,"tick":23106,"type":"hit"}
[client] {"a":7,"dup":false,"ev":"game","ms":387244,"predicted":false,"t":-1,"tick":23106,"type":"ko"}
[client] {"a":6,"dup":false,"ev":"game","ms":387858,"predicted":false,"t":4,"tick":23143,"type":"block"}
[client] {"a":6,"dup":false,"ev":"game","ms":388292,"predicted":false,"t":4,"tick":23170,"type":"block"}
[client] {"a":6,"dup":false,"ev":"game","ms":389120,"predicted":false,"t":4,"tick":23219,"type":"hit"}
[client] {"a":1,"dup":false,"ev":"game","ms":389790,"predicted":false,"t":-1,"tick":23264,"type":"respawn"}
[client] {"a":5,"dup":false,"ev":"game","ms":389803,"predicted":false,"t":-1,"tick":23260,"type":"respawn"}
[client] {"counts":{"blocks_on_me":0,"conf_actions":254,"confirmed_hits":1096,"dup_confirmed":0,"hits_on_me":105,"pred_actions":273,"predicted_confirmed":113,"predicted_hits":223,"reconnects":0},"ev":"stats","hp":220.0,"in_bytes":5155476,"late":0,"local_entity":1,"match":{"countdown_until":300,"ctrl":-1,"final":false,"next":"","phase":3,"rot":2228,"scores":[41,22],"sd":false,"state":3,"tick":22972,"zone":"B"},"max_err":1.663,"mean_err":0.0197,"ms":389934,"out_bytes":1140393,"pending":6,"pos":[6.3,-47.63],"reconciles":7732,"server_tick":23273,"snaps":7741,"teleports":9}
[client] {"a":2,"dup":false,"ev":"game","ms":390673,"predicted":false,"t":6,"tick":23312,"type":"hit"}
[client] {"a":6,"dup":false,"ev":"game","ms":390673,"predicted":false,"t":-1,"tick":23312,"type":"ko"}
[client] {"a":8,"dup":false,"ev":"game","ms":390935,"predicted":false,"t":-1,"tick":23328,"type":"respawn"}
[client] {"counts":{"blocks_on_me":0,"conf_actions":254,"confirmed_hits":1097,"dup_confirmed":0,"hits_on_me":105,"pred_actions":273,"predicted_confirmed":113,"predicted_hits":223,"reconnects":0},"ev":"stats","hp":220.0,"in_bytes":5208405,"late":0,"local_entity":1,"match":{"countdown_until":300,"ctrl":0,"final":false,"next":"","phase":3,"rot":1928,"scores":[45,22],"sd":false,"state":2,"tick":23272,"zone":"B"},"max_err":1.663,"mean_err":0.0195,"ms":394936,"out_bytes":1155093,"pending":6,"pos":[0.77,-12.3],"reconciles":7832,"server_tick":23573,"snaps":7841,"teleports":9}
[client] {"a":9,"dup":false,"ev":"game","ms":394937,"predicted":false,"t":-1,"tick":23568,"type":"respawn"}
[client] {"a":7,"dup":false,"ev":"game","ms":397221,"predicted":false,"t":-1,"tick":23706,"type":"respawn"}
[client] {"a":2,"dup":false,"ev":"game","ms":397372,"predicted":false,"t":5,"tick":23715,"type":"hit"}
[client] {"a":2,"dup":false,"ev":"game","ms":397711,"predicted":false,"t":5,"tick":23735,"type":"hit"}
[client] {"a":4,"dup":false,"ev":"game","ms":397724,"predicted":false,"t":5,"tick":23736,"type":"hit"}
[client] {"a":8,"dup":false,"ev":"game","ms":398007,"predicted":false,"t":2,"tick":23753,"type":"hit"}
[client] {"a":4,"dup":false,"ev":"game","ms":398208,"predicted":false,"t":5,"tick":23765,"type":"hit"}
[client] {"a":8,"dup":false,"ev":"game","ms":398242,"predicted":false,"t":2,"tick":23767,"type":"hit"}
[client] {"a":8,"dup":false,"ev":"game","ms":398276,"predicted":false,"t":4,"tick":23769,"type":"hit"}
[client] {"a":1,"dup":true,"ev":"game","ms":398608,"predicted":false,"t":5,"tick":23794,"type":"hit"}
[client] {"a":8,"dup":false,"ev":"game","ms":399208,"predicted":false,"t":1,"tick":23825,"type":"hit"}
[client] {"a":8,"dup":false,"ev":"game","ms":399257,"predicted":false,"t":0,"tick":23828,"type":"hit"}
[client] {"a":4,"dup":false,"ev":"game","ms":399325,"predicted":false,"t":8,"tick":23832,"type":"hit"}
[client] {"a":5,"dup":false,"ev":"game","ms":399726,"predicted":false,"t":4,"tick":23856,"type":"hit"}
[client] {"counts":{"blocks_on_me":0,"conf_actions":258,"confirmed_hits":1109,"dup_confirmed":0,"hits_on_me":106,"pred_actions":277,"predicted_confirmed":114,"predicted_hits":226,"reconnects":0},"ev":"stats","hp":182.0,"in_bytes":5269915,"late":0,"local_entity":1,"match":{"countdown_until":300,"ctrl":-1,"final":false,"next":"","phase":3,"rot":1625,"scores":[45,22],"sd":false,"state":3,"tick":23575,"zone":"B"},"max_err":1.663,"mean_err":0.0198,"ms":399939,"out_bytes":1169793,"pending":6,"pos":[0.39,-2.69],"reconciles":7932,"server_tick":23873,"snaps":7942,"teleports":9}
[client] {"a":5,"dup":false,"ev":"game","ms":400057,"predicted":false,"t":4,"tick":23876,"type":"hit"}
[client] {"a":2,"dup":false,"ev":"game","ms":400258,"predicted":false,"t":5,"tick":23888,"type":"hit"}
[client] {"a":2,"dup":false,"ev":"game","ms":400513,"predicted":false,"t":5,"tick":23903,"type":"hit"}
[client] {"a":8,"dup":false,"ev":"game","ms":400513,"predicted":false,"t":4,"tick":23903,"type":"hit"}
[client] {"a":6,"dup":false,"ev":"game","ms":400658,"predicted":false,"t":-1,"tick":23912,"type":"respawn"}
[client] {"a":8,"dup":false,"ev":"game","ms":401561,"predicted":false,"t":2,"tick":23966,"type":"hit"}
[client] {"a":4,"dup":false,"ev":"game","ms":401845,"predicted":false,"t":5,"tick":23983,"type":"hit"}
[client] {"a":1,"dup":true,"ev":"game","ms":402141,"predicted":false,"t":5,"tick":24006,"type":"hit"}
[client] {"a":4,"dup":false,"ev":"game","ms":402176,"predicted":false,"t":5,"tick":24003,"type":"hit"}
[client] {"a":4,"dup":false,"ev":"game","ms":402533,"predicted":false,"t":8,"tick":24025,"type":"hit"}
[client] {"a":9,"dup":false,"ev":"game","ms":402956,"predicted":false,"t":4,"tick":24049,"type":"hit"}
[client] {"a":4,"dup":false,"ev":"game","ms":402956,"predicted":false,"t":-1,"tick":24049,"type":"ko"}
[client] {"a":9,"dup":false,"ev":"game","ms":402989,"predicted":false,"t":1,"tick":24051,"type":"hit"}
[client] {"a":5,"dup":false,"ev":"game","ms":403506,"predicted":false,"t":1,"tick":24082,"type":"hit"}
[client] {"a":3,"dup":false,"ev":"game","ms":403803,"predicted":false,"t":9,"tick":24100,"type":"hit"}
[client] {"a":5,"dup":false,"ev":"game","ms":403824,"predicted":false,"t":1,"tick":24101,"type":"hit"}
[client] {"a":3,"dup":false,"ev":"game","ms":404355,"predicted":false,"t":5,"tick":24133,"type":"hit"}
[client] {"a":5,"dup":false,"ev":"game","ms":404355,"predicted":false,"t":-1,"tick":24133,"type":"ko"}
[client] {"a":3,"dup":false,"ev":"game","ms":404838,"predicted":false,"t":9,"tick":24162,"type":"hit"}
[client] {"a":3,"dup":false,"ev":"game","ms":404852,"predicted":false,"t":7,"tick":24163,"type":"hit"}
[client] {"a":0,"dup":false,"ev":"game","ms":404907,"predicted":false,"t":8,"tick":24166,"type":"hit"}
[client] {"counts":{"blocks_on_me":0,"conf_actions":264,"confirmed_hits":1127,"dup_confirmed":0,"hits_on_me":109,"pred_actions":284,"predicted_confirmed":115,"predicted_hits":228,"reconnects":0},"ev":"stats","hp":128.0,"in_bytes":5341225,"late":0,"local_entity":1,"match":{"countdown_until":300,"ctrl":-1,"final":false,"next":"","phase":3,"rot":1328,"scores":[45,22],"sd":false,"state":3,"tick":23872,"zone":"B"},"max_err":1.663,"mean_err":0.02,"ms":404934,"out_bytes":1184493,"pending":6,"pos":[-1.38,-4.99],"reconciles":8032,"server_tick":24173,"snaps":8041,"teleports":9}
[client] {"a":0,"dup":false,"ev":"game","ms":405204,"predicted":false,"t":8,"tick":24184,"type":"hit"}
[client] {"a":1,"dup":true,"ev":"game","ms":405556,"predicted":false,"t":8,"tick":24210,"type":"hit"}
[client] {"a":1,"dup":true,"ev":"game","ms":405956,"predicted":false,"t":8,"tick":24234,"type":"hit"}
[client] {"a":0,"dup":false,"ev":"game","ms":406191,"predicted":false,"t":8,"tick":24243,"type":"hit"}
[client] {"a":3,"dup":false,"ev":"game","ms":406205,"predicted":false,"t":9,"tick":24244,"type":"hit"}
[client] {"a":7,"dup":false,"ev":"game","ms":406488,"predicted":false,"t":3,"tick":24261,"type":"hit"}
[client] {"a":8,"dup":false,"ev":"game","ms":407122,"predicted":false,"t":1,"tick":24299,"type":"hit"}
[client] {"a":1,"dup":true,"ev":"game","ms":407826,"predicted":false,"t":7,"tick":24346,"type":"hit"}
[client] {"a":1,"dup":true,"ev":"game","ms":407826,"predicted":false,"t":9,"tick":24347,"type":"hit"}
[client] {"a":9,"dup":false,"ev":"game","ms":407854,"predicted":false,"t":2,"tick":24343,"type":"hit"}
[client] {"a":8,"dup":false,"ev":"game","ms":408206,"predicted":false,"t":3,"tick":24364,"type":"hit"}
[client] {"a":9,"dup":false,"ev":"game","ms":408426,"predicted":false,"t":1,"tick":24377,"type":"hit"}
[client] {"a":7,"dup":false,"ev":"game","ms":408544,"predicted":false,"t":3,"tick":24384,"type":"hit"}
[client] {"a":8,"dup":false,"ev":"game","ms":408743,"predicted":false,"t":1,"tick":24396,"type":"hit"}
[client] {"a":3,"dup":false,"ev":"game","ms":409006,"predicted":false,"t":8,"tick":24412,"type":"hit"}
[client] {"a":9,"dup":false,"ev":"game","ms":409075,"predicted":false,"t":1,"tick":24416,"type":"hit"}
[client] {"a":9,"dup":false,"ev":"game","ms":409075,"predicted":false,"t":2,"tick":24416,"type":"hit"}
[client] {"a":3,"dup":false,"ev":"game","ms":409689,"predicted":false,"t":7,"tick":24453,"type":"hit"}
[client] {"a":2,"dup":false,"ev":"game","ms":409710,"predicted":false,"t":7,"tick":24454,"type":"hit"}
[client] {"a":3,"dup":false,"ev":"game","ms":409744,"predicted":false,"t":9,"tick":24456,"type":"hit"}
[client] {"a":3,"dup":false,"ev":"game","ms":409796,"predicted":false,"t":6,"tick":24459,"type":"hit"}
[client] {"a":8,"dup":false,"ev":"game","ms":409796,"predicted":false,"t":2,"tick":24459,"type":"hit"}
[client] {"a":2,"dup":false,"ev":"game","ms":409796,"predicted":false,"t":-1,"tick":24459,"type":"ko"}
[client] {"counts":{"blocks_on_me":0,"conf_actions":272,"confirmed_hits":1149,"dup_confirmed":0,"hits_on_me":113,"pred_actions":292,"predicted_confirmed":119,"predicted_hits":237,"reconnects":0},"ev":"stats","hp":16.0,"in_bytes":5414429,"late":0,"local_entity":1,"match":{"countdown_until":300,"ctrl":-1,"final":false,"next":"","phase":3,"rot":1025,"scores":[45,22],"sd":false,"state":3,"tick":24175,"zone":"B"},"max_err":1.663,"mean_err":0.0202,"ms":409943,"out_bytes":1199193,"pending":6,"pos":[-0.79,-4.96],"reconciles":8132,"server_tick":24473,"snaps":8142,"teleports":9}
[client] {"a":7,"dup":false,"ev":"game","ms":410056,"predicted":false,"t":3,"tick":24475,"type":"hit"}
[client] {"a":1,"dup":true,"ev":"game","ms":410172,"predicted":false,"t":8,"tick":24487,"type":"hit"}
[client] {"a":3,"dup":false,"ev":"game","ms":410372,"predicted":false,"t":7,"tick":24494,"type":"hit"}
[client] {"a":0,"dup":false,"ev":"game","ms":410393,"predicted":false,"t":7,"tick":24495,"type":"hit"}
[client] {"a":3,"dup":false,"ev":"game","ms":410408,"predicted":false,"t":8,"tick":24496,"type":"hit"}
[client] {"a":1,"dup":true,"ev":"game","ms":410490,"predicted":false,"t":8,"tick":24506,"type":"hit"}
[client] {"a":1,"dup":true,"ev":"game","ms":410510,"predicted":false,"t":7,"tick":24507,"type":"hit"}
[client] {"a":3,"dup":false,"ev":"game","ms":410690,"predicted":false,"t":7,"tick":24513,"type":"hit"}
[client] {"a":1,"dup":false,"ev":"game","ms":411027,"predicted":false,"t":-1,"tick":24538,"type":"ko"}
[client] {"a":8,"dup":false,"ev":"game","ms":411110,"predicted":false,"t":1,"tick":24538,"type":"hit"}
[client] {"a":0,"dup":false,"ev":"game","ms":411193,"predicted":false,"t":9,"tick":24543,"type":"hit"}
[client] {"a":3,"dup":false,"ev":"game","ms":411345,"predicted":false,"t":9,"tick":24552,"type":"hit"}
[client] {"a":7,"dup":false,"ev":"game","ms":411345,"predicted":false,"t":3,"tick":24552,"type":"hit"}
[client] {"a":0,"dup":false,"ev":"game","ms":411828,"predicted":false,"t":7,"tick":24581,"type":"hit"}
[client] {"a":8,"dup":false,"ev":"game","ms":411876,"predicted":false,"t":0,"tick":24584,"type":"hit"}
[client] {"a":7,"dup":false,"ev":"game","ms":412228,"predicted":false,"t":3,"tick":24605,"type":"hit"}
[client] {"a":9,"dup":false,"ev":"game","ms":412393,"predicted":false,"t":0,"tick":24615,"type":"hit"}
[client] {"a":7,"dup":false,"ev":"game","ms":412594,"predicted":false,"t":3,"tick":24627,"type":"hit"}
[client] {"a":4,"dup":false,"ev":"game","ms":412959,"predicted":false,"t":-1,"tick":24649,"type":"respawn"}
[client] {"a":3,"dup":false,"ev":"game","ms":413346,"predicted":false,"t":7,"tick":24672,"type":"hit"}
[client] {"a":8,"dup":false,"ev":"game","ms":413359,"predicted":false,"t":0,"tick":24673,"type":"hit"}
[client] {"a":0,"dup":false,"ev":"game","ms":413360,"predicted":false,"t":-1,"tick":24673,"type":"ko"}
[client] {"a":6,"dup":false,"ev":"game","ms":414312,"predicted":false,"t":3,"tick":24730,"type":"hit"}
[client] {"a":5,"dup":false,"ev":"game","ms":414360,"predicted":false,"t":-1,"tick":24733,"type":"respawn"}
[client] {"a":8,"dup":false,"ev":"game","ms":414608,"predicted":false,"t":3,"tick":24748,"type":"hit"}
[client] {"a":6,"dup":false,"ev":"game","ms":414774,"predicted":false,"t":3,"tick":24758,"type":"hit"}
[client] {"a":3,"dup":false,"ev":"game","ms":414774,"predicted":false,"t":-1,"tick":24758,"type":"ko"}
[client] {"counts":{"blocks_on_me":0,"conf_actions":275,"confirmed_hits":1171,"dup_confirmed":0,"hits_on_me":114,"pred_actions":295,"predicted_confirmed":122,"predicted_hits":244,"reconnects":0},"ev":"stats","hp":0.0,"in_bytes":5486471,"late":0,"local_entity":1,"match":{"countdown_until":300,"ctrl":1,"final":false,"next":"A","phase":3,"rot":725,"scores":[45,22],"sd":false,"state":2,"tick":24475,"zone":"B"},"max_err":1.663,"mean_err":0.0201,"ms":414946,"out_bytes":1213893,"pending":6,"pos":[-1.0,-4.63],"reconciles":8232,"server_tick":24773,"snaps":8242,"teleports":9}
[client] {"a":2,"dup":false,"ev":"game","ms":419790,"predicted":false,"t":-1,"tick":25059,"type":"respawn"}
[client] {"counts":{"blocks_on_me":0,"conf_actions":275,"confirmed_hits":1171,"dup_confirmed":0,"hits_on_me":114,"pred_actions":295,"predicted_confirmed":122,"predicted_hits":244,"reconnects":0},"ev":"stats","hp":0.0,"in_bytes":5546569,"late":0,"local_entity":1,"match":{"countdown_until":300,"ctrl":-1,"final":false,"next":"A","phase":3,"rot":425,"scores":[45,26],"sd":false,"state":3,"tick":24775,"zone":"B"},"max_err":1.663,"mean_err":0.0198,"ms":419941,"out_bytes":1228593,"pending":6,"pos":[-1.0,-4.63],"reconciles":8332,"server_tick":25073,"snaps":8342,"teleports":9}
[client] {"a":7,"dup":false,"ev":"game","ms":420625,"predicted":false,"t":4,"tick":25109,"type":"hit"}
[client] {"a":8,"dup":false,"ev":"game","ms":420687,"predicted":false,"t":4,"tick":25113,"type":"hit"}
[client] {"a":6,"dup":false,"ev":"game","ms":420943,"predicted":false,"t":4,"tick":25128,"type":"hit"}
[client] {"a":7,"dup":false,"ev":"game","ms":420943,"predicted":false,"t":4,"tick":25128,"type":"hit"}
[client] {"a":9,"dup":false,"ev":"game","ms":420943,"predicted":false,"t":4,"tick":25128,"type":"hit"}
[client] {"a":1,"dup":false,"ev":"game","ms":421025,"predicted":false,"t":-1,"tick":25138,"type":"respawn"}
[client] {"a":4,"dup":false,"ev":"game","ms":422779,"predicted":false,"t":7,"tick":25238,"type":"hit"}
[client] {"a":7,"dup":false,"ev":"game","ms":422779,"predicted":false,"t":-1,"tick":25238,"type":"ko"}
[client] {"a":6,"dup":false,"ev":"game","ms":423275,"predicted":false,"t":4,"tick":25268,"type":"hit"}
[client] {"a":0,"dup":false,"ev":"game","ms":423358,"predicted":false,"t":-1,"tick":25273,"type":"respawn"}
[client] {"a":3,"dup":false,"ev":"game","ms":424779,"predicted":false,"t":-1,"tick":25358,"type":"respawn"}
[client] {"a":4,"dup":false,"ev":"game","ms":424876,"predicted":false,"t":6,"tick":25364,"type":"hit"}
[client] {"counts":{"blocks_on_me":0,"conf_actions":276,"confirmed_hits":1179,"dup_confirmed":0,"hits_on_me":114,"pred_actions":295,"predicted_confirmed":122,"predicted_hits":244,"reconnects":0},"ev":"stats","hp":220.0,"in_bytes":5612554,"late":0,"local_entity":1,"match":{"countdown_until":300,"ctrl":-1,"final":false,"next":"A","phase":3,"rot":125,"scores":[45,26],"sd":false,"state":3,"tick":25075,"zone":"B"},"max_err":1.663,"mean_err":0.0196,"ms":424944,"out_bytes":1243293,"pending":6,"pos":[-1.52,-23.41],"reconciles":8431,"server_tick":25373,"snaps":8442,"teleports":10}
[client] {"a":4,"dup":false,"ev":"game","ms":425345,"predicted":false,"t":9,"tick":25392,"type":"hit"}
[client] {"a":9,"dup":false,"ev":"game","ms":425663,"predicted":false,"t":4,"tick":25411,"type":"hit"}
[client] {"a":2,"dup":false,"ev":"game","ms":425945,"predicted":false,"t":5,"tick":25428,"type":"hit"}
[client] {"a":9,"dup":false,"ev":"game","ms":426042,"predicted":false,"t":4,"tick":25434,"type":"hit"}
[client] {"a":2,"dup":false,"ev":"game","ms":426194,"predicted":false,"t":5,"tick":25443,"type":"hit"}
[client] {"a":8,"dup":false,"ev":"game","ms":426608,"predicted":false,"t":2,"tick":25468,"type":"hit"}
[client] {"a":4,"dup":false,"ev":"game","ms":426676,"predicted":false,"t":9,"tick":25472,"type":"hit"}
[client] {"a":5,"dup":false,"ev":"game","ms":427008,"predicted":false,"t":2,"tick":25492,"type":"hit"}
[client] {"a":-1,"dup":false,"ev":"game","ms":427125,"predicted":false,"t":-1,"tick":25499,"type":"zone_rotated"}
[client] {"a":8,"dup":false,"ev":"game","ms":427312,"predicted":false,"t":2,"tick":25510,"type":"hit"}
[client] {"a":9,"dup":false,"ev":"game","ms":427395,"predicted":false,"t":4,"tick":25515,"type":"hit"}
[client] {"a":5,"dup":false,"ev":"game","ms":427408,"predicted":false,"t":2,"tick":25516,"type":"hit"}
[client] {"a":6,"dup":false,"ev":"game","ms":427491,"predicted":false,"t":4,"tick":25521,"type":"hit"}
[client] {"a":6,"dup":false,"ev":"game","ms":427830,"predicted":false,"t":4,"tick":25542,"type":"hit"}
[client] {"a":9,"dup":false,"ev":"game","ms":427918,"predicted":false,"t":2,"tick":25548,"type":"hit"}
[client] {"a":4,"dup":false,"ev":"game","ms":428222,"predicted":false,"t":6,"tick":25565,"type":"hit"}
[client] {"a":5,"dup":false,"ev":"game","ms":428236,"predicted":false,"t":2,"tick":25566,"type":"hit"}
[client] {"a":9,"dup":false,"ev":"game","ms":428257,"predicted":false,"t":2,"tick":25567,"type":"hit"}
[client] {"a":2,"dup":false,"ev":"game","ms":428623,"predicted":false,"t":9,"tick":25589,"type":"hit"}
[client] {"a":4,"dup":false,"ev":"game","ms":428692,"predicted":false,"t":6,"tick":25593,"type":"block"}
[client] {"a":9,"dup":false,"ev":"game","ms":428954,"predicted":false,"t":2,"tick":25609,"type":"hit"}
[client] {"a":4,"dup":false,"ev":"game","ms":429375,"predicted":false,"t":6,"tick":25634,"type":"hit"}
[client] {"a":4,"dup":false,"ev":"game","ms":429404,"predicted":false,"t":9,"tick":25636,"type":"hit"}
[client] {"a":2,"dup":false,"ev":"game","ms":429493,"predicted":false,"t":6,"tick":25641,"type":"hit"}
[client] {"counts":{"blocks_on_me":0,"conf_actions":276,"confirmed_hits":1201,"dup_confirmed":0,"hits_on_me":114,"pred_actions":295,"predicted_confirmed":122,"predicted_hits":244,"reconnects":0},"ev":"stats","hp":220.0,"in_bytes":5680418,"late":0,"local_entity":1,"match":{"countdown_until":300,"ctrl":-1,"final":true,"next":"","phase":3,"rot":3428,"scores":[45,26],"sd":false,"state":1,"tick":25372,"zone":"A"},"max_err":1.663,"mean_err":0.0194,"ms":429939,"out_bytes":1257993,"pending":6,"pos":[-19.23,-10.68],"reconciles":8531,"server_tick":25673,"snaps":8541,"teleports":10}
[client] {"a":6,"dup":false,"ev":"game","ms":430604,"predicted":false,"t":4,"tick":25708,"type":"hit"}
[client] {"a":4,"dup":false,"ev":"game","ms":430604,"predicted":false,"t":-1,"tick":25708,"type":"ko"}
[client] {"a":7,"dup":false,"ev":"game","ms":432756,"predicted":false,"t":-1,"tick":25838,"type":"respawn"}
[client] {"a":1,"dup":true,"ev":"game","ms":434322,"predicted":false,"t":8,"tick":25937,"type":"hit"}
[client] {"a":1,"dup":true,"ev":"game","ms":434660,"predicted":false,"t":8,"tick":25956,"type":"hit"}
[client] {"a":8,"dup":false,"ev":"game","ms":434722,"predicted":false,"t":-1,"tick":25956,"type":"ko"}
[client] {"counts":{"blocks_on_me":0,"conf_actions":278,"confirmed_hits":1204,"dup_confirmed":0,"hits_on_me":114,"pred_actions":297,"predicted_confirmed":124,"predicted_hits":248,"reconnects":0},"ev":"stats","hp":220.0,"in_bytes":5743114,"late":0,"local_entity":1,"match":{"countdown_until":300,"ctrl":0,"final":true,"next":"","phase":3,"rot":3125,"scores":[45,26],"sd":false,"state":2,"tick":25675,"zone":"A"},"max_err":1.663,"mean_err":0.0192,"ms":434942,"out_bytes":1272693,"pending":6,"pos":[-41.25,-0.46],"reconciles":8631,"server_tick":25973,"snaps":8642,"teleports":10}
[client] {"a":9,"dup":false,"ev":"game","ms":436875,"predicted":false,"t":2,"tick":26085,"type":"hit"}
[client] {"a":9,"dup":false,"ev":"game","ms":437206,"predicted":false,"t":2,"tick":26104,"type":"hit"}
[client] {"a":2,"dup":false,"ev":"game","ms":437206,"predicted":false,"t":-1,"tick":26104,"type":"ko"}
[client] {"a":0,"dup":false,"ev":"game","ms":437344,"predicted":false,"t":9,"tick":26112,"type":"hit"}
[client] {"a":9,"dup":false,"ev":"game","ms":437675,"predicted":false,"t":0,"tick":26132,"type":"hit"}
[client] {"a":3,"dup":false,"ev":"game","ms":437792,"predicted":false,"t":9,"tick":26139,"type":"hit"}
[client] {"a":9,"dup":false,"ev":"game","ms":437793,"predicted":false,"t":-1,"tick":26139,"type":"ko"}
[client] {"a":5,"dup":false,"ev":"game","ms":438393,"predicted":false,"t":3,"tick":26175,"type":"hit"}
[client] {"a":0,"dup":false,"ev":"game","ms":438497,"predicted":false,"t":5,"tick":26181,"type":"hit"}
[client] {"a":1,"dup":true,"ev":"game","ms":438697,"predicted":false,"t":5,"tick":26199,"type":"hit"}
[client] {"a":1,"dup":true,"ev":"game","ms":438745,"predicted":false,"t":6,"tick":26202,"type":"hit"}
[client] {"a":0,"dup":false,"ev":"game","ms":438807,"predicted":false,"t":5,"tick":26201,"type":"hit"}
[client] {"a":5,"dup":false,"ev":"game","ms":439207,"predicted":false,"t":3,"tick":26225,"type":"hit"}
[client] {"a":1,"dup":true,"ev":"game","ms":439580,"predicted":false,"t":5,"tick":26252,"type":"hit"}
[client] {"a":1,"dup":true,"ev":"game","ms":439608,"predicted":false,"t":6,"tick":26254,"type":"hit"}
[client] {"a":0,"dup":false,"ev":"game","ms":439725,"predicted":false,"t":6,"tick":26256,"type":"hit"}
[client] {"counts":{"blocks_on_me":0,"conf_actions":283,"confirmed_hits":1218,"dup_confirmed":0,"hits_on_me":114,"pred_actions":302,"predicted_confirmed":128,"predicted_hits":256,"reconnects":0},"ev":"stats","hp":220.0,"in_bytes":5806385,"late":0,"local_entity":1,"match":{"countdown_until":300,"ctrl":-1,"final":true,"next":"","phase":3,"rot":2825,"scores":[45,26],"sd":false,"state":3,"tick":25975,"zone":"A"},"max_err":1.663,"mean_err":0.0191,"ms":439944,"out_bytes":1287393,"pending":6,"pos":[-40.85,-1.31],"reconciles":8731,"server_tick":26273,"snaps":8742,"teleports":10}
[client] {"a":6,"dup":false,"ev":"game","ms":440346,"predicted":false,"t":0,"tick":26293,"type":"hit"}
[client] {"a":4,"dup":false,"ev":"game","ms":440594,"predicted":false,"t":-1,"tick":26308,"type":"respawn"}
[client] {"a":6,"dup":false,"ev":"game","ms":440643,"predicted":false,"t":1,"tick":26311,"type":"hit"}
[client] {"a":5,"dup":false,"ev":"game","ms":440898,"predicted":false,"t":1,"tick":26326,"type":"hit"}
[client] {"a":0,"dup":false,"ev":"game","ms":440911,"predicted":false,"t":5,"tick":26327,"type":"hit"}
[client] {"a":0,"dup":false,"ev":"game","ms":440925,"predicted":false,"t":6,"tick":26328,"type":"hit"}
[client] {"a":5,"dup":false,"ev":"game","ms":441975,"predicted":false,"t":0,"tick":26391,"type":"hit"}
[client] {"a":6,"dup":false,"ev":"game","ms":442092,"predicted":false,"t":1,"tick":26397,"type":"hit"}
[client] {"a":3,"dup":false,"ev":"game","ms":442520,"predicted":false,"t":5,"tick":26423,"type":"hit"}
[client] {"a":5,"dup":false,"ev":"game","ms":442906,"predicted":false,"t":3,"tick":26446,"type":"hit"}
[client] {"a":3,"dup":false,"ev":"game","ms":443459,"predicted":false,"t":5,"tick":26479,"type":"block"}
[client] {"a":5,"dup":false,"ev":"game","ms":443706,"predicted":false,"t":3,"tick":26494,"type":"hit"}
[client] {"a":1,"dup":true,"ev":"game","ms":443941,"predicted":false,"t":5,"tick":26513,"type":"hit"}
[client] {"a":3,"dup":false,"ev":"game","ms":444024,"predicted":false,"t":5,"tick":26513,"type":"hit"}
[client] {"a":3,"dup":false,"ev":"game","ms":444508,"predicted":false,"t":5,"tick":26542,"type":"hit"}
[client] {"a":5,"dup":false,"ev":"game","ms":444508,"predicted":false,"t":-1,"tick":26542,"type":"ko"}
[client] {"a":6,"dup":false,"ev":"game","ms":444721,"predicted":false,"t":1,"tick":26555,"type":"hit"}
[client] {"a":8,"dup":false,"ev":"game","ms":444741,"predicted":false,"t":-1,"tick":26556,"type":"respawn"}
[client] {"a":7,"dup":false,"ev":"game","ms":444824,"predicted":false,"t":1,"tick":26561,"type":"hit"}
[client] {"counts":{"blocks_on_me":0,"conf_actions":291,"confirmed_hits":1233,"dup_confirmed":0,"hits_on_me":119,"pred_actions":311,"predicted_confirmed":129,"predicted_hits":259,"reconnects":0},"ev":"stats","hp":90.0,"in_bytes":5874673,"late":0,"local_entity":1,"match":{"countdown_until":300,"ctrl":-1,"final":true,"next":"","phase":3,"rot":2528,"scores":[45,26],"sd":false,"state":3,"tick":26272,"zone":"A"},"max_err":1.663,"mean_err":0.0196,"ms":444941,"out_bytes":1302093,"pending":6,"pos":[-43.77,-1.4],"reconciles":8831,"server_tick":26573,"snaps":8841,"teleports":10}
[client] {"a":0,"dup":false,"ev":"game","ms":445072,"predicted":false,"t":7,"tick":26576,"type":"hit"}
[client] {"a":7,"dup":false,"ev":"game","ms":445460,"predicted":false,"t":0,"tick":26599,"type":"hit"}
[client] {"a":3,"dup":false,"ev":"game","ms":445576,"predicted":false,"t":6,"tick":26606,"type":"hit"}
[client] {"a":0,"dup":false,"ev":"game","ms":445840,"predicted":false,"t":7,"tick":26622,"type":"hit"}
[client] {"a":1,"dup":true,"ev":"game","ms":445860,"predicted":false,"t":6,"tick":26628,"type":"hit"}
[client] {"a":3,"dup":false,"ev":"game","ms":446425,"predicted":false,"t":6,"tick":26657,"type":"hit"}
[client] {"a":6,"dup":false,"ev":"game","ms":446425,"predicted":false,"t":-1,"tick":26657,"type":"ko"}
[client] {"a":7,"dup":false,"ev":"game","ms":446991,"predicted":false,"t":0,"tick":26691,"type":"hit"}
[client] {"a":2,"dup":false,"ev":"game","ms":447191,"predicted":false,"t":-1,"tick":26704,"type":"respawn"}
[client] {"a":7,"dup":false,"ev":"game","ms":447296,"predicted":false,"t":0,"tick":26710,"type":"hit"}
[client] {"a":7,"dup":false,"ev":"game","ms":447778,"predicted":false,"t":0,"tick":26739,"type":"hit"}
[client] {"a":9,"dup":false,"ev":"game","ms":447778,"predicted":false,"t":-1,"tick":26739,"type":"respawn"}
[client] {"a":7,"dup":false,"ev":"game","ms":447812,"predicted":false,"t":3,"tick":26741,"type":"hit"}
[client] {"a":1,"dup":true,"ev":"game","ms":447978,"predicted":false,"t":7,"tick":26756,"type":"hit"}
[client] {"a":7,"dup":false,"ev":"game","ms":449096,"predicted":false,"t":0,"tick":26817,"type":"hit"}
[client] {"a":1,"dup":true,"ev":"game","ms":449323,"predicted":false,"t":7,"tick":26837,"type":"hit"}
[client] {"a":7,"dup":false,"ev":"game","ms":449392,"predicted":false,"t":0,"tick":26836,"type":"hit"}
[client] {"counts":{"blocks_on_me":0,"conf_actions":296,"confirmed_hits":1247,"dup_confirmed":0,"hits_on_me":119,"pred_actions":316,"predicted_confirmed":132,"predicted_hits":266,"reconnects":0},"ev":"stats","hp":90.0,"in_bytes":5938304,"late":0,"local_entity":1,"match":{"countdown_until":300,"ctrl":-1,"final":true,"next":"","phase":3,"rot":2225,"scores":[45,26],"sd":false,"state":3,"tick":26575,"zone":"A"},"max_err":1.663,"mean_err":0.0195,"ms":449943,"out_bytes":1316793,"pending":6,"pos":[-41.26,0.05],"reconciles":8931,"server_tick":26873,"snaps":8942,"teleports":10}
[client] {"a":7,"dup":false,"ev":"game","ms":451173,"predicted":false,"t":1,"tick":26942,"type":"hit"}
[client] {"a":7,"dup":false,"ev":"game","ms":451234,"predicted":false,"t":0,"tick":26946,"type":"hit"}
[client] {"a":0,"dup":false,"ev":"game","ms":451234,"predicted":false,"t":-1,"tick":26946,"type":"ko"}
[client] {"a":7,"dup":false,"ev":"game","ms":451835,"predicted":false,"t":3,"tick":26982,"type":"hit"}
[client] {"a":1,"dup":true,"ev":"game","ms":452173,"predicted":false,"t":7,"tick":27007,"type":"hit"}
[client] {"a":3,"dup":false,"ev":"game","ms":452187,"predicted":false,"t":7,"tick":27003,"type":"hit"}
[client] {"a":4,"dup":false,"ev":"game","ms":452587,"predicted":false,"t":7,"tick":27027,"type":"hit"}
[client] {"a":1,"dup":true,"ev":"game","ms":452870,"predicted":false,"t":7,"tick":27049,"type":"hit"}
[client] {"a":5,"dup":false,"ev":"game","ms":454506,"predicted":false,"t":-1,"tick":27142,"type":"respawn"}
[client] {"a":8,"dup":false,"ev":"game","ms":454672,"predicted":false,"t":4,"tick":27152,"type":"hit"}
[client] {"counts":{"blocks_on_me":0,"conf_actions":304,"confirmed_hits":1255,"dup_confirmed":0,"hits_on_me":120,"pred_actions":324,"predicted_confirmed":134,"predicted_hits":268,"reconnects":0},"ev":"stats","hp":52.0,"in_bytes":6003253,"late":0,"local_entity":1,"match":{"countdown_until":300,"ctrl":-1,"final":true,"next":"","phase":3,"rot":1928,"scores":[45,26],"sd":false,"state":3,"tick":26872,"zone":"A"},"max_err":1.663,"mean_err":0.0196,"ms":454939,"out_bytes":1331493,"pending":6,"pos":[-40.35,1.66],"reconciles":9031,"server_tick":27173,"snaps":9041,"teleports":10}
[client] {"a":8,"dup":false,"ev":"game","ms":454988,"predicted":false,"t":4,"tick":27171,"type":"hit"}
[client] {"a":4,"dup":false,"ev":"game","ms":455354,"predicted":false,"t":8,"tick":27193,"type":"hit"}
[client] {"a":3,"dup":false,"ev":"game","ms":455756,"predicted":false,"t":7,"tick":27217,"type":"hit"}
[client] {"a":4,"dup":false,"ev":"game","ms":455756,"predicted":false,"t":7,"tick":27217,"type":"hit"}
[client] {"a":7,"dup":false,"ev":"game","ms":455756,"predicted":false,"t":-1,"tick":27217,"type":"ko"}
[client] {"a":6,"dup":false,"ev":"game","ms":456410,"predicted":false,"t":-1,"tick":27257,"type":"respawn"}
[client] {"a":3,"dup":false,"ev":"game","ms":456893,"predicted":false,"t":8,"tick":27286,"type":"hit"}
[client] {"a":1,"dup":true,"ev":"game","ms":456906,"predicted":false,"t":8,"tick":27292,"type":"hit"}
[client] {"a":3,"dup":false,"ev":"game","ms":457210,"predicted":false,"t":8,"tick":27305,"type":"hit"}
[client] {"a":1,"dup":true,"ev":"game","ms":457224,"predicted":false,"t":8,"tick":27311,"type":"hit"}
[client] {"a":4,"dup":false,"ev":"game","ms":457410,"predicted":false,"t":8,"tick":27317,"type":"hit"}
[client] {"a":1,"dup":true,"ev":"game","ms":458356,"predicted":false,"t":8,"tick":27378,"type":"hit"}
[client] {"a":1,"dup":true,"ev":"game","ms":458659,"predicted":false,"t":8,"tick":27397,"type":"hit"}
[client] {"a":2,"dup":false,"ev":"game","ms":458955,"predicted":false,"t":9,"tick":27410,"type":"hit"}
[client] {"a":1,"dup":true,"ev":"game","ms":459012,"predicted":false,"t":8,"tick":27417,"type":"hit"}
[client] {"counts":{"blocks_on_me":0,"conf_actions":312,"confirmed_hits":1268,"dup_confirmed":0,"hits_on_me":120,"pred_actions":332,"predicted_confirmed":139,"predicted_hits":279,"reconnects":0},"ev":"stats","hp":52.0,"in_bytes":6066410,"late":0,"local_entity":1,"match":{"countdown_until":300,"ctrl":-1,"final":true,"next":"","phase":3,"rot":1628,"scores":[45,26],"sd":false,"state":3,"tick":27172,"zone":"A"},"max_err":1.663,"mean_err":0.0196,"ms":459934,"out_bytes":1346193,"pending":9,"pos":[-42.34,0.18],"reconciles":9130,"server_tick":27473,"snaps":9141,"teleports":10}
[client] {"a":2,"dup":false,"ev":"game","ms":460038,"predicted":false,"t":9,"tick":27474,"type":"hit"}
[client] {"a":3,"dup":false,"ev":"game","ms":460806,"predicted":false,"t":8,"tick":27520,"type":"hit"}
[client] {"a":1,"dup":true,"ev":"game","ms":461066,"predicted":false,"t":8,"tick":27541,"type":"hit"}
[client] {"a":4,"dup":false,"ev":"game","ms":461239,"predicted":false,"t":8,"tick":27546,"type":"hit"}
[client] {"a":8,"dup":false,"ev":"game","ms":461239,"predicted":false,"t":-1,"tick":27546,"type":"ko"}
[client] {"a":0,"dup":false,"ev":"game","ms":461239,"predicted":false,"t":-1,"tick":27546,"type":"respawn"}
[client] {"a":2,"dup":false,"ev":"game","ms":461784,"predicted":false,"t":9,"tick":27579,"type":"hit"}
[client] {"a":2,"dup":false,"ev":"game","ms":462840,"predicted":false,"t":9,"tick":27642,"type":"hit"}
[client] {"a":1,"dup":true,"ev":"game","ms":463350,"predicted":false,"t":9,"tick":27678,"type":"hit"}
[client] {"a":9,"dup":false,"ev":"game","ms":464151,"predicted":false,"t":1,"tick":27721,"type":"hit"}
[client] {"a":9,"dup":false,"ev":"game","ms":464454,"predicted":false,"t":1,"tick":27739,"type":"hit"}
[client] {"a":1,"dup":false,"ev":"game","ms":464703,"predicted":false,"t":-1,"tick":27759,"type":"ko"}
[client] {"a":9,"dup":false,"ev":"game","ms":464786,"predicted":false,"t":1,"tick":27759,"type":"hit"}
[client] {"counts":{"blocks_on_me":0,"conf_actions":317,"confirmed_hits":1278,"dup_confirmed":0,"hits_on_me":123,"pred_actions":337,"predicted_confirmed":141,"predicted_hits":285,"reconnects":0},"ev":"stats","hp":0.0,"in_bytes":6131523,"late":0,"local_entity":1,"match":{"countdown_until":300,"ctrl":-1,"final":true,"next":"","phase":3,"rot":1328,"scores":[45,26],"sd":false,"state":3,"tick":27472,"zone":"A"},"max_err":1.663,"mean_err":0.0198,"ms":464937,"out_bytes":1360893,"pending":6,"pos":[-39.37,3.01],"reconciles":9231,"server_tick":27773,"snaps":9241,"teleports":10}
[client] {"a":7,"dup":false,"ev":"game","ms":465751,"predicted":false,"t":-1,"tick":27817,"type":"respawn"}
[client] {"a":5,"dup":false,"ev":"game","ms":465952,"predicted":false,"t":2,"tick":27829,"type":"hit"}
[client] {"a":9,"dup":false,"ev":"game","ms":466207,"predicted":false,"t":2,"tick":27844,"type":"hit"}
[client] {"a":5,"dup":false,"ev":"game","ms":467104,"predicted":false,"t":3,"tick":27898,"type":"hit"}
[client] {"a":5,"dup":false,"ev":"game","ms":467125,"predicted":false,"t":2,"tick":27899,"type":"hit"}
[client] {"a":5,"dup":false,"ev":"game","ms":467387,"predicted":false,"t":3,"tick":27915,"type":"hit"}
[client] {"a":2,"dup":false,"ev":"game","ms":467504,"predicted":false,"t":5,"tick":27922,"type":"hit"}
[client] {"a":9,"dup":false,"ev":"game","ms":467739,"predicted":false,"t":3,"tick":27936,"type":"hit"}
[client] {"a":9,"dup":false,"ev":"game","ms":467760,"predicted":false,"t":4,"tick":27937,"type":"hit"}
[client] {"a":5,"dup":false,"ev":"game","ms":467939,"predicted":false,"t":2,"tick":27948,"type":"hit"}
[client] {"a":5,"dup":false,"ev":"game","ms":468173,"predicted":false,"t":2,"tick":27962,"type":"hit"}
[client] {"a":2,"dup":false,"ev":"game","ms":468691,"predicted":false,"t":5,"tick":27993,"type":"hit"}
[client] {"a":2,"dup":false,"ev":"game","ms":469043,"predicted":false,"t":5,"tick":28014,"type":"hit"}
[client] {"a":2,"dup":false,"ev":"game","ms":469409,"predicted":false,"t":5,"tick":28036,"type":"hit"}
[client] {"a":2,"dup":false,"ev":"game","ms":469423,"predicted":false,"t":6,"tick":28037,"type":"hit"}
[client] {"a":3,"dup":false,"ev":"game","ms":469491,"predicted":false,"t":5,"tick":28041,"type":"hit"}
[client] {"a":9,"dup":false,"ev":"game","ms":469760,"predicted":false,"t":2,"tick":28057,"type":"hit"}
[client] {"a":4,"dup":false,"ev":"game","ms":469843,"predicted":false,"t":9,"tick":28062,"type":"hit"}
[client] {"a":6,"dup":false,"ev":"game","ms":469843,"predicted":false,"t":2,"tick":28062,"type":"hit"}
[client] {"counts":{"blocks_on_me":0,"conf_actions":317,"confirmed_hits":1296,"dup_confirmed":0,"hits_on_me":123,"pred_actions":337,"predicted_confirmed":141,"predicted_hits":285,"reconnects":0},"ev":"stats","hp":0.0,"in_bytes":6196479,"late":0,"local_entity":1,"match":{"countdown_until":300,"ctrl":-1,"final":true,"next":"","phase":3,"rot":1028,"scores":[45,26],"sd":false,"state":3,"tick":27772,"zone":"A"},"max_err":1.663,"mean_err":0.0196,"ms":469939,"out_bytes":1375593,"pending":6,"pos":[-39.37,3.01],"reconciles":9331,"server_tick":28073,"snaps":9341,"teleports":10}
[client] {"a":6,"dup":false,"ev":"game","ms":470174,"predicted":false,"t":2,"tick":28082,"type":"hit"}
[client] {"a":3,"dup":false,"ev":"game","ms":470388,"predicted":false,"t":6,"tick":28095,"type":"hit"}
[client] {"a":5,"dup":false,"ev":"game","ms":470726,"predicted":false,"t":3,"tick":28115,"type":"hit"}
[client] {"a":4,"dup":false,"ev":"game","ms":470940,"predicted":false,"t":9,"tick":28128,"type":"hit"}
[client] {"a":8,"dup":false,"ev":"game","ms":471244,"predicted":false,"t":-1,"tick":28146,"type":"respawn"}
[client] {"a":4,"dup":false,"ev":"game","ms":471271,"predicted":false,"t":9,"tick":28148,"type":"hit"}
[client] {"a":5,"dup":false,"ev":"game","ms":471293,"predicted":false,"t":4,"tick":28149,"type":"hit"}
[client] {"a":3,"dup":false,"ev":"game","ms":471361,"predicted":false,"t":5,"tick":28153,"type":"hit"}
[client] {"a":6,"dup":false,"ev":"game","ms":471527,"predicted":false,"t":4,"tick":28163,"type":"hit"}
[client] {"a":3,"dup":false,"ev":"game","ms":471707,"predicted":false,"t":5,"tick":28174,"type":"hit"}
[client] {"a":2,"dup":false,"ev":"game","ms":471727,"predicted":false,"t":5,"tick":28175,"type":"hit"}
[client] {"a":4,"dup":false,"ev":"game","ms":471892,"predicted":false,"t":5,"tick":28185,"type":"hit"}
[client] {"a":6,"dup":false,"ev":"game","ms":471892,"predicted":false,"t":3,"tick":28185,"type":"hit"}
[client] {"a":4,"dup":false,"ev":"game","ms":471941,"predicted":false,"t":6,"tick":28188,"type":"hit"}
[client] {"a":0,"dup":false,"ev":"game","ms":472327,"predicted":false,"t":6,"tick":28211,"type":"hit"}
[client] {"a":9,"dup":false,"ev":"game","ms":472362,"predicted":false,"t":4,"tick":28213,"type":"hit"}
[client] {"a":2,"dup":false,"ev":"game","ms":472493,"predicted":false,"t":9,"tick":28221,"type":"hit"}
[client] {"a":0,"dup":false,"ev":"game","ms":472645,"predicted":false,"t":6,"tick":28230,"type":"hit"}
[client] {"a":3,"dup":false,"ev":"game","ms":472742,"predicted":false,"t":6,"tick":28236,"type":"hit"}
[client] {"a":0,"dup":false,"ev":"game","ms":472976,"predicted":false,"t":6,"tick":28250,"type":"hit"}
[client] {"a":4,"dup":false,"ev":"game","ms":473059,"predicted":false,"t":5,"tick":28255,"type":"hit"}
[client] {"a":5,"dup":false,"ev":"game","ms":473059,"predicted":false,"t":-1,"tick":28255,"type":"ko"}
[client] {"a":9,"dup":false,"ev":"game","ms":473528,"predicted":false,"t":4,"tick":28283,"type":"hit"}
[client] {"a":0,"dup":false,"ev":"game","ms":473562,"predicted":false,"t":6,"tick":28285,"type":"hit"}
[client] {"a":9,"dup":false,"ev":"game","ms":473562,"predicted":false,"t":2,"tick":28285,"type":"hit"}
[client] {"a":9,"dup":false,"ev":"game","ms":473576,"predicted":false,"t":3,"tick":28286,"type":"hit"}
[client] {"a":6,"dup":false,"ev":"game","ms":473964,"predicted":false,"t":0,"tick":28309,"type":"hit"}
[client] {"a":6,"dup":false,"ev":"game","ms":474293,"predicted":false,"t":0,"tick":28329,"type":"hit"}
[client] {"a":4,"dup":false,"ev":"game","ms":474363,"predicted":false,"t":9,"tick":28333,"type":"hit"}
[client] {"a":9,"dup":false,"ev":"game","ms":474363,"predicted":false,"t":-1,"tick":28333,"type":"ko"}
[client] {"a":6,"dup":false,"ev":"game","ms":474659,"predicted":false,"t":0,"tick":28351,"type":"hit"}
[client] {"a":1,"dup":false,"ev":"game","ms":474708,"predicted":false,"t":-1,"tick":28359,"type":"respawn"}
[client] {"a":3,"dup":false,"ev":"game","ms":474908,"predicted":false,"t":6,"tick":28366,"type":"hit"}
[client] {"counts":{"blocks_on_me":0,"conf_actions":317,"confirmed_hits":1325,"dup_confirmed":0,"hits_on_me":123,"pred_actions":337,"predicted_confirmed":141,"predicted_hits":285,"reconnects":0},"ev":"stats","hp":220.0,"in_bytes":6266658,"late":0,"local_entity":1,"match":{"countdown_until":300,"ctrl":-1,"final":true,"next":"","phase":3,"rot":728,"scores":[45,26],"sd":false,"state":3,"tick":28072,"zone":"A"},"max_err":1.663,"mean_err":0.0194,"ms":474942,"out_bytes":1390293,"pending":6,"pos":[5.6,-47.39],"reconciles":9430,"server_tick":28373,"snaps":9441,"teleports":11}
[client] {"a":3,"dup":false,"ev":"game","ms":475260,"predicted":false,"t":6,"tick":28387,"type":"hit"}
[client] {"a":0,"dup":false,"ev":"game","ms":475494,"predicted":false,"t":6,"tick":28401,"type":"hit"}
[client] {"a":0,"dup":false,"ev":"game","ms":475791,"predicted":false,"t":6,"tick":28419,"type":"hit"}
[client] {"a":3,"dup":false,"ev":"game","ms":476164,"predicted":false,"t":6,"tick":28441,"type":"hit"}
[client] {"a":0,"dup":false,"ev":"game","ms":476260,"predicted":false,"t":6,"tick":28447,"type":"hit"}
[client] {"a":6,"dup":false,"ev":"game","ms":476260,"predicted":false,"t":-1,"tick":28447,"type":"ko"}
[client] {"a":7,"dup":false,"ev":"game","ms":477924,"predicted":false,"t":0,"tick":28547,"type":"hit"}
[client] {"a":7,"dup":false,"ev":"game","ms":477937,"predicted":false,"t":3,"tick":28548,"type":"hit"}
[client] {"a":3,"dup":false,"ev":"game","ms":477937,"predicted":false,"t":-1,"tick":28548,"type":"ko"}
[client] {"counts":{"blocks_on_me":0,"conf_actions":317,"confirmed_hits":1332,"dup_confirmed":0,"hits_on_me":123,"pred_actions":337,"predicted_confirmed":141,"predicted_hits":285,"reconnects":0},"ev":"stats","hp":220.0,"in_bytes":6322293,"late":0,"local_entity":1,"match":{"countdown_until":300,"ctrl":-1,"final":true,"next":"","phase":3,"rot":428,"scores":[45,26],"sd":false,"state":3,"tick":28372,"zone":"A"},"max_err":1.663,"mean_err":0.0192,"ms":479937,"out_bytes":1404993,"pending":6,"pos":[-9.22,-19.15],"reconciles":9530,"server_tick":28673,"snaps":9541,"teleports":11}
[client] {"a":7,"dup":false,"ev":"game","ms":480090,"predicted":false,"t":4,"tick":28677,"type":"hit"}
[client] {"a":7,"dup":false,"ev":"game","ms":480608,"predicted":false,"t":4,"tick":28708,"type":"hit"}
[client] {"a":7,"dup":false,"ev":"game","ms":481010,"predicted":false,"t":4,"tick":28732,"type":"hit"}
[client] {"a":7,"dup":false,"ev":"game","ms":481056,"predicted":false,"t":0,"tick":28735,"type":"hit"}
[client] {"a":2,"dup":false,"ev":"game","ms":481125,"predicted":false,"t":7,"tick":28739,"type":"hit"}
[client] {"a":8,"dup":false,"ev":"game","ms":481373,"predicted":false,"t":4,"tick":28754,"type":"hit"}
[client] {"a":8,"dup":false,"ev":"game","ms":481691,"predicted":false,"t":4,"tick":28773,"type":"hit"}
[client] {"a":2,"dup":false,"ev":"game","ms":481740,"predicted":false,"t":8,"tick":28776,"type":"hit"}
[client] {"a":7,"dup":false,"ev":"game","ms":481995,"predicted":false,"t":2,"tick":28791,"type":"hit"}
[client] {"a":2,"dup":false,"ev":"game","ms":481995,"predicted":false,"t":-1,"tick":28791,"type":"ko"}
[client] {"a":4,"dup":false,"ev":"game","ms":482361,"predicted":false,"t":7,"tick":28813,"type":"hit"}
[client] {"a":4,"dup":false,"ev":"game","ms":482395,"predicted":false,"t":8,"tick":28815,"type":"hit"}
[client] {"a":5,"dup":false,"ev":"game","ms":483057,"predicted":false,"t":-1,"tick":28855,"type":"respawn"}
[client] {"a":7,"dup":false,"ev":"game","ms":483326,"predicted":false,"t":0,"tick":28871,"type":"hit"}
[client] {"a":7,"dup":false,"ev":"game","ms":483659,"predicted":false,"t":0,"tick":28891,"type":"hit"}
[client] {"a":4,"dup":false,"ev":"game","ms":484258,"predicted":false,"t":7,"tick":28927,"type":"hit"}
[client] {"a":9,"dup":false,"ev":"game","ms":484361,"predicted":false,"t":-1,"tick":28933,"type":"respawn"}
[client] {"a":0,"dup":false,"ev":"game","ms":484624,"predicted":false,"t":8,"tick":28949,"type":"hit"}
[client] {"counts":{"blocks_on_me":0,"conf_actions":317,"confirmed_hits":1347,"dup_confirmed":0,"hits_on_me":123,"pred_actions":337,"predicted_confirmed":141,"predicted_hits":285,"reconnects":0},"ev":"stats","hp":220.0,"in_bytes":6382556,"late":0,"local_entity":1,"match":{"countdown_until":300,"ctrl":-1,"final":true,"next":"","phase":3,"rot":128,"scores":[45,26],"sd":false,"state":3,"tick":28672,"zone":"A"},"max_err":1.663,"mean_err":0.019,"ms":484941,"out_bytes":1419693,"pending":6,"pos":[-38.31,-2.12],"reconciles":9630,"server_tick":28973,"snaps":9641,"teleports":11}
[client] {"a":7,"dup":false,"ev":"game","ms":485127,"predicted":false,"t":4,"tick":28979,"type":"hit"}
[client] {"a":4,"dup":false,"ev":"game","ms":485542,"predicted":false,"t":7,"tick":29004,"type":"hit"}
[client] {"a":8,"dup":false,"ev":"game","ms":485762,"predicted":false,"t":4,"tick":29017,"type":"hit"}
[client] {"a":4,"dup":false,"ev":"game","ms":485762,"predicted":false,"t":-1,"tick":29017,"type":"ko"}
[client] {"a":0,"dup":false,"ev":"game","ms":486141,"predicted":false,"t":8,"tick":29041,"type":"hit"}
[client] {"a":7,"dup":false,"ev":"game","ms":486176,"predicted":false,"t":1,"tick":29043,"type":"hit"}
[client] {"a":6,"dup":false,"ev":"game","ms":486244,"predicted":false,"t":-1,"tick":29047,"type":"respawn"}
[client] {"duration_s":480.0,"ev":"results","ms":487168,"reason":"time","score":[45,26],"winner":0}
[client] {"counts":{"blocks_on_me":0,"conf_actions":320,"confirmed_hits":1352,"dup_confirmed":0,"hits_on_me":124,"ERROR: Attempt to disconnect a nonexistent connection from 'Net:<Node#47596963389>'. Signal: 'tree_exited', callable: ''.
   at: _disconnect (core/object/object.cpp:1644)
pred_actions":341,"predicted_confirmed":141,"predicted_hits":285,"reconnects":0},"ev":"stats","hp":182.0,"in_bytes":6413552,"late":0,"local_entity":1,"match":{"countdown_until":300,"ctrl":-1,"final":true,"next":"","phase":3,"rot":2,"scores":[45,26],"sd":false,"state":3,"tick":28798,"zone":"A"},"max_err":1.663,"mean_err":0.019,"ms":487168,"out_bytes":1426259,"pending":14,"pos":[-39.26,-0.35],"reconciles":9672,"server_tick":29107,"snaps":9683,"teleports":11}
[client] {"a":-1,"dup":false,"ev":"game","ms":487176,"predicted":false,"t":-1,"tick":29099,"type":"match_end"}
