Godot Engine v4.7.2.stable.official.ed1daf0bf - https://godotengine.org

[client] {"detail":"127.0.0.1:24610","ev":"status","ms":0,"status":"connecting"}
[client] {"detail":"","ev":"status","ms":49,"status":"connected"}
[client] {"ev":"welcome","ms":56,"observer":false,"pid":5}
[client] {"ev":"pick","f":"nyx","ms":194}
[client] {"ev":"lock","f":"nyx","ms":1243}
[client] {"ev":"match_setup","fighters":10,"ms":2266,"you":2}
[client] {"counts":{"blocks_on_me":0,"conf_actions":0,"confirmed_hits":0,"dup_confirmed":0,"hits_on_me":0,"pred_actions":0,"predicted_confirmed":0,"predicted_hits":0,"reconnects":0},"ev":"stats","hp":220.0,"in_bytes":96831,"late":0,"local_entity":2,"match":{"countdown_until":300,"ctrl":-1,"final":false,"next":"","phase":2,"rot":3600,"scores":[0,0],"sd":false,"state":1,"tick":0,"zone":""},"max_err":0.21,"mean_err":0.2042,"ms":4923,"out_bytes":7856,"pending":5,"pos":[-0.11,-47.86],"reconciles":52,"server_tick":160,"snaps":53,"teleports":1}
[client] {"counts":{"blocks_on_me":0,"conf_actions":0,"confirmed_hits":0,"dup_confirmed":0,"hits_on_me":0,"pred_actions":0,"predicted_confirmed":0,"predicted_hits":0,"reconnects":0},"ev":"stats","hp":220.0,"in_bytes":141170,"late":0,"local_entity":2,"match":{"countdown_until":300,"ctrl":-1,"final":false,"next":"","phase":3,"rot":3440,"scores":[0,0],"sd":false,"state":1,"tick":160,"zone":"B"},"max_err":0.21,"mean_err":0.1344,"ms":9926,"out_bytes":22556,"pending":5,"pos":[-2.02,-30.67],"reconciles":152,"server_tick":459,"snaps":153,"teleports":1}
[client] {"counts":{"blocks_on_me":0,"conf_actions":2,"confirmed_hits":0,"dup_confirmed":0,"hits_on_me":0,"pred_actions":2,"predicted_confirmed":0,"predicted_hits":0,"reconnects":0},"ev":"stats","hp":220.0,"in_bytes":205166,"late":0,"local_entity":2,"match":{"countdown_until":300,"ctrl":-1,"final":false,"next":"","phase":3,"rot":3140,"scores":[0,0],"sd":false,"state":3,"tick":460,"zone":"B"},"max_err":0.21,"mean_err":0.0856,"ms":14928,"out_bytes":37256,"pending":5,"pos":[-0.92,-2.56],"reconciles":252,"server_tick":759,"snaps":253,"teleports":1}
[client] {"a":5,"dup":false,"ev":"game","ms":15329,"predicted":false,"t":2,"tick":779,"type":"hit"}
[client] {"a":6,"dup":false,"ev":"game","ms":15930,"predicted":false,"t":3,"tick":815,"type":"hit"}
[client] {"a":1,"dup":false,"ev":"game","ms":15943,"predicted":false,"t":7,"tick":816,"type":"hit"}
[client] {"a":6,"dup":false,"ev":"game","ms":15943,"predicted":false,"t":0,"tick":816,"type":"hit"}
[client] {"a":5,"dup":false,"ev":"game","ms":16159,"predicted":false,"t":4,"tick":829,"type":"hit"}
[client] {"a":5,"dup":false,"ev":"game","ms":16178,"predicted":false,"t":0,"tick":830,"type":"hit"}
[client] {"a":8,"dup":false,"ev":"game","ms":16261,"predicted":false,"t":2,"tick":835,"type":"hit"}
[client] {"a":9,"dup":false,"ev":"game","ms":16426,"predicted":false,"t":3,"tick":845,"type":"hit"}
[client] {"a":0,"dup":false,"ev":"game","ms":16778,"predicted":false,"t":6,"tick":866,"type":"hit"}
[client] {"a":4,"dup":false,"ev":"game","ms":16778,"predicted":false,"t":6,"tick":866,"type":"hit"}
[client] {"a":1,"dup":false,"ev":"game","ms":16862,"predicted":false,"t":7,"tick":871,"type":"hit"}
[client] {"a":5,"dup":false,"ev":"game","ms":16895,"predicted":false,"t":2,"tick":873,"type":"hit"}
[client] {"a":3,"dup":false,"ev":"game","ms":16993,"predicted":false,"t":6,"tick":879,"type":"hit"}
[client] {"a":5,"dup":false,"ev":"game","ms":17227,"predicted":false,"t":2,"tick":893,"type":"hit"}
[client] {"a":5,"dup":false,"ev":"game","ms":17593,"predicted":false,"t":2,"tick":915,"type":"hit"}
[client] {"a":8,"dup":false,"ev":"game","ms":17793,"predicted":false,"t":3,"tick":927,"type":"hit"}
[client] {"a":1,"dup":false,"ev":"game","ms":17972,"predicted":false,"t":9,"tick":938,"type":"hit"}
[client] {"a":2,"dup":true,"ev":"game","ms":18186,"predicted":false,"t":5,"tick":956,"type":"hit"}
[client] {"a":3,"dup":false,"ev":"game","ms":18407,"predicted":false,"t":8,"tick":964,"type":"hit"}
[client] {"a":6,"dup":false,"ev":"game","ms":18442,"predicted":false,"t":3,"tick":966,"type":"hit"}
[client] {"a":6,"dup":false,"ev":"game","ms":18442,"predicted":false,"t":4,"tick":966,"type":"hit"}
[client] {"a":2,"dup":true,"ev":"game","ms":18491,"predicted":false,"t":5,"tick":974,"type":"hit"}
[client] {"a":2,"dup":true,"ev":"game","ms":18538,"predicted":false,"t":9,"tick":977,"type":"hit"}
[client] {"a":5,"dup":false,"ev":"game","ms":19041,"predicted":false,"t":2,"tick":1002,"type":"hit"}
[client] {"a":3,"dup":false,"ev":"game","ms":19090,"predicted":false,"t":5,"tick":1005,"type":"hit"}
[client] {"a":4,"dup":false,"ev":"game","ms":19104,"predicted":false,"t":6,"tick":1006,"type":"hit"}
[client] {"a":7,"dup":false,"ev":"game","ms":19104,"predicted":false,"t":1,"tick":1006,"type":"hit"}
[client] {"a":2,"dup":true,"ev":"game","ms":19305,"predicted":false,"t":5,"tick":1023,"type":"hit"}
[client] {"a":3,"dup":false,"ev":"game","ms":19408,"predicted":false,"t":5,"tick":1024,"type":"hit"}
[client] {"a":0,"dup":false,"ev":"game","ms":19470,"predicted":false,"t":6,"tick":1028,"type":"hit"}
[client] {"a":8,"dup":false,"ev":"game","ms":19470,"predicted":false,"t":2,"tick":1028,"type":"hit"}
[client] {"a":9,"dup":false,"ev":"game","ms":19573,"predicted":false,"t":1,"tick":1034,"type":"hit"}
[client] {"a":3,"dup":false,"ev":"game","ms":19704,"predicted":false,"t":5,"tick":1042,"type":"hit"}
[client] {"a":8,"dup":false,"ev":"game","ms":19787,"predicted":false,"t":2,"tick":1047,"type":"hit"}
[client] {"a":9,"dup":false,"ev":"game","ms":19890,"predicted":false,"t":1,"tick":1053,"type":"hit"}
[client] {"counts":{"blocks_on_me":0,"conf_actions":13,"confirmed_hits":35,"dup_confirmed":0,"hits_on_me":8,"pred_actions":15,"predicted_confirmed":4,"predicted_hits":8,"reconnects":0},"ev":"stats","hp":48.0,"in_bytes":285149,"late":0,"local_entity":2,"match":{"countdown_until":300,"ctrl":-1,"final":false,"next":"","phase":3,"rot":2840,"scores":[0,0],"sd":false,"state":3,"tick":760,"zone":"B"},"max_err":1.413,"mean_err":0.0799,"ms":19924,"out_bytes":51956,"pending":5,"pos":[-2.12,-4.39],"reconciles":352,"server_tick":1059,"snaps":353,"teleports":1}
[client] {"a":5,"dup":false,"ev":"game","ms":20125,"predicted":false,"t":1,"tick":1067,"type":"hit"}
[client] {"a":5,"dup":false,"ev":"game","ms":20153,"predicted":false,"t":2,"tick":1069,"type":"hit"}
[client] {"a":6,"dup":false,"ev":"game","ms":20290,"predicted":false,"t":3,"tick":1077,"type":"hit"}
[client] {"a":7,"dup":false,"ev":"game","ms":20304,"predicted":false,"t":1,"tick":1078,"type":"hit"}
[client] {"a":5,"dup":false,"ev":"game","ms":20456,"predicted":false,"t":1,"tick":1087,"type":"hit"}
[client] {"a":5,"dup":false,"ev":"game","ms":20505,"predicted":false,"t":2,"tick":1090,"type":"hit"}
[client] {"a":2,"dup":true,"ev":"game","ms":20787,"predicted":false,"t":7,"tick":1112,"type":"hit"}
[client] {"a":1,"dup":false,"ev":"game","ms":20822,"predicted":false,"t":5,"tick":1109,"type":"hit"}
[client] {"a":0,"dup":false,"ev":"game","ms":20842,"predicted":false,"t":6,"tick":1110,"type":"hit"}
[client] {"a":3,"dup":false,"ev":"game","ms":21008,"predicted":false,"t":7,"tick":1120,"type":"hit"}
[client] {"a":0,"dup":false,"ev":"game","ms":21139,"predicted":false,"t":6,"tick":1128,"type":"hit"}
[client] {"a":5,"dup":false,"ev":"game","ms":21208,"predicted":false,"t":1,"tick":1132,"type":"hit"}
[client] {"a":9,"dup":false,"ev":"game","ms":21422,"predicted":false,"t":3,"tick":1145,"type":"hit"}
[client] {"a":1,"dup":false,"ev":"game","ms":21609,"predicted":false,"t":7,"tick":1156,"type":"hit"}
[client] {"a":2,"dup":true,"ev":"game","ms":21671,"predicted":false,"t":7,"tick":1164,"type":"hit"}
[client] {"a":0,"dup":false,"ev":"game","ms":21795,"predicted":false,"t":5,"tick":1167,"type":"hit"}
[client] {"a":0,"dup":false,"ev":"game","ms":21795,"predicted":false,"t":6,"tick":1167,"type":"hit"}
[client] {"a":2,"dup":true,"ev":"game","ms":22174,"predicted":false,"t":9,"tick":1194,"type":"hit"}
[client] {"a":7,"dup":false,"ev":"game","ms":22209,"predicted":false,"t":4,"tick":1192,"type":"hit"}
[client] {"a":1,"dup":false,"ev":"game","ms":22326,"predicted":false,"t":5,"tick":1199,"type":"hit"}
[client] {"a":2,"dup":true,"ev":"game","ms":22526,"predicted":false,"t":9,"tick":1216,"type":"hit"}
[client] {"a":8,"dup":false,"ev":"game","ms":22540,"predicted":false,"t":4,"tick":1212,"type":"hit"}
[client] {"a":1,"dup":false,"ev":"game","ms":22561,"predicted":false,"t":5,"tick":1213,"type":"hit"}
[client] {"a":3,"dup":false,"ev":"game","ms":22561,"predicted":false,"t":9,"tick":1213,"type":"hit"}
[client] {"a":7,"dup":false,"ev":"game","ms":22671,"predicted":false,"t":4,"tick":1220,"type":"hit"}
[client] {"a":6,"dup":false,"ev":"game","ms":23044,"predicted":false,"t":0,"tick":1242,"type":"hit"}
[client] {"a":2,"dup":false,"ev":"game","ms":23044,"predicted":false,"t":-1,"tick":1247,"type":"ko"}
[client] {"a":3,"dup":false,"ev":"game","ms":23106,"predicted":false,"t":9,"tick":1246,"type":"hit"}
[client] {"a":5,"dup":false,"ev":"game","ms":23126,"predicted":false,"t":2,"tick":1247,"type":"hit"}
[client] {"a":4,"dup":false,"ev":"game","ms":23243,"predicted":false,"t":7,"tick":1254,"type":"block"}
[client] {"a":8,"dup":false,"ev":"game","ms":23243,"predicted":false,"t":0,"tick":1254,"type":"hit"}
[client] {"a":1,"dup":false,"ev":"game","ms":23361,"predicted":false,"t":5,"tick":1261,"type":"hit"}
[client] {"a":9,"dup":false,"ev":"game","ms":23472,"predicted":false,"t":4,"tick":1268,"type":"hit"}
[client] {"a":6,"dup":false,"ev":"game","ms":23562,"predicted":false,"t":0,"tick":1273,"type":"hit"}
[client] {"a":7,"dup":false,"ev":"game","ms":23761,"predicted":false,"t":0,"tick":1285,"type":"hit"}
[client] {"a":7,"dup":false,"ev":"game","ms":23761,"predicted":false,"t":4,"tick":1285,"type":"hit"}
[client] {"a":8,"dup":false,"ev":"game","ms":23775,"predicted":false,"t":0,"tick":1286,"type":"hit"}
[client] {"a":1,"dup":false,"ev":"game","ms":23809,"predicted":false,"t":5,"tick":1288,"type":"hit"}
[client] {"a":8,"dup":false,"ev":"game","ms":24141,"predicted":false,"t":4,"tick":1308,"type":"hit"}
[client] {"a":0,"dup":false,"ev":"game","ms":24161,"predicted":false,"t":7,"tick":1309,"type":"hit"}
[client] {"a":1,"dup":false,"ev":"game","ms":24175,"predicted":false,"t":5,"tick":1310,"type":"hit"}
[client] {"a":0,"dup":false,"ev":"game","ms":24189,"predicted":false,"t":8,"tick":1311,"type":"hit"}
[client] {"a":9,"dup":false,"ev":"game","ms":24189,"predicted":false,"t":4,"tick":1311,"type":"hit"}
[client] {"a":0,"dup":false,"ev":"game","ms":24492,"predicted":false,"t":7,"tick":1329,"type":"hit"}
[client] {"a":0,"dup":false,"ev":"game","ms":24541,"predicted":false,"t":8,"tick":1332,"type":"hit"}
[client] {"a":9,"dup":false,"ev":"game","ms":24789,"predicted":false,"t":0,"tick":1347,"type":"hit"}
[client] {"a":3,"dup":false,"ev":"game","ms":24844,"predicted":false,"t":5,"tick":1350,"type":"hit"}
[client] {"counts":{"blocks_on_me":0,"conf_actions":18,"confirmed_hits":80,"dup_confirmed":0,"hits_on_me":11,"pred_actions":20,"predicted_confirmed":8,"predicted_hits":17,"reconnects":0},"ev":"stats","hp":0.0,"in_bytes":370677,"late":0,"local_entity":2,"match":{"countdown_until":300,"ctrl":-1,"final":false,"next":"","phase":3,"rot":2540,"scores":[0,0],"sd":false,"state":3,"tick":1060,"zone":"B"},"max_err":1.413,"mean_err":0.0692,"ms":24926,"out_bytes":66656,"pending":5,"pos":[-1.65,-3.32],"reconciles":452,"server_tick":1359,"snaps":453,"teleports":1}
[client] {"a":3,"dup":false,"ev":"game","ms":25762,"predicted":false,"t":7,"tick":1405,"type":"hit"}
[client] {"a":1,"dup":false,"ev":"game","ms":25845,"predicted":false,"t":9,"tick":1410,"type":"hit"}
[client] {"a":5,"dup":false,"ev":"game","ms":26045,"predicted":false,"t":3,"tick":1422,"type":"hit"}
[client] {"a":6,"dup":false,"ev":"game","ms":26045,"predicted":false,"t":4,"tick":1422,"type":"block"}
[client] {"a":8,"dup":false,"ev":"game","ms":26308,"predicted":false,"t":1,"tick":1438,"type":"hit"}
[client] {"a":3,"dup":false,"ev":"game","ms":26363,"predicted":false,"t":7,"tick":1441,"type":"hit"}
[client] {"a":7,"dup":false,"ev":"game","ms":26363,"predicted":false,"t":-1,"tick":1441,"type":"ko"}
[client] {"a":5,"dup":false,"ev":"game","ms":26376,"predicted":false,"t":3,"tick":1442,"type":"hit"}
[client] {"a":9,"dup":false,"ev":"game","ms":26611,"predicted":false,"t":1,"tick":1456,"type":"hit"}
[client] {"a":0,"dup":false,"ev":"game","ms":26624,"predicted":false,"t":8,"tick":1457,"type":"hit"}
[client] {"a":6,"dup":false,"ev":"game","ms":26707,"predicted":false,"t":4,"tick":1462,"type":"block"}
[client] {"a":5,"dup":false,"ev":"game","ms":26776,"predicted":false,"t":3,"tick":1466,"type":"hit"}
[client] {"a":6,"dup":false,"ev":"game","ms":27046,"predicted":false,"t":4,"tick":1482,"type":"block"}
[client] {"a":3,"dup":false,"ev":"game","ms":27094,"predicted":false,"t":8,"tick":1485,"type":"hit"}
[client] {"a":9,"dup":false,"ev":"game","ms":27129,"predicted":false,"t":0,"tick":1487,"type":"hit"}
[client] {"a":1,"dup":false,"ev":"game","ms":27377,"predicted":false,"t":9,"tick":1502,"type":"hit"}
[client] {"a":6,"dup":false,"ev":"game","ms":27425,"predicted":false,"t":4,"tick":1505,"type":"block"}
[client] {"a":8,"dup":false,"ev":"game","ms":27611,"predicted":false,"t":4,"tick":1516,"type":"hit"}
[client] {"a":1,"dup":false,"ev":"game","ms":27763,"predicted":false,"t":9,"tick":1525,"type":"hit"}
[client] {"a":4,"dup":false,"ev":"game","ms":27977,"predicted":false,"t":6,"tick":1538,"type":"hit"}
[client] {"a":3,"dup":false,"ev":"game","ms":28094,"predicted":false,"t":5,"tick":1545,"type":"hit"}
[client] {"a":5,"dup":false,"ev":"game","ms":28094,"predicted":false,"t":-1,"tick":1545,"type":"ko"}
[client] {"a":9,"dup":false,"ev":"game","ms":28191,"predicted":false,"t":3,"tick":1551,"type":"hit"}
[client] {"a":6,"dup":false,"ev":"game","ms":28343,"predicted":false,"t":4,"tick":1560,"type":"hit"}
[client] {"a":9,"dup":false,"ev":"game","ms":28543,"predicted":false,"t":3,"tick":1572,"type":"hit"}
[client] {"a":3,"dup":false,"ev":"game","ms":28543,"predicted":false,"t":-1,"tick":1572,"type":"ko"}
[client] {"a":8,"dup":false,"ev":"game","ms":28626,"predicted":false,"t":4,"tick":1577,"type":"hit"}
[client] {"a":4,"dup":false,"ev":"game","ms":28626,"predicted":false,"t":-1,"tick":1577,"type":"ko"}
[client] {"a":9,"dup":false,"ev":"game","ms":29267,"predicted":false,"t":1,"tick":1616,"type":"hit"}
[client] {"a":9,"dup":false,"ev":"game","ms":29302,"predicted":false,"t":0,"tick":1618,"type":"hit"}
[client] {"a":6,"dup":false,"ev":"game","ms":29357,"predicted":false,"t":1,"tick":1621,"type":"hit"}
[client] {"a":1,"dup":false,"ev":"game","ms":29888,"predicted":false,"t":9,"tick":1653,"type":"hit"}
[client] {"counts":{"blocks_on_me":0,"conf_actions":18,"confirmed_hits":104,"dup_confirmed":0,"hits_on_me":11,"pred_actions":20,"predicted_confirmed":8,"predicted_hits":17,"reconnects":0},"ev":"stats","hp":0.0,"in_bytes":439529,"late":0,"local_entity":2,"match":{"countdown_until":300,"ctrl":-1,"final":false,"next":"","phase":3,"rot":2240,"scores":[0,0],"sd":false,"state":3,"tick":1360,"zone":"B"},"max_err":1.413,"mean_err":0.0571,"ms":29922,"out_bytes":81356,"pending":5,"pos":[-1.65,-3.32],"reconciles":548,"server_tick":1660,"snaps":549,"teleports":1}
[client] {"a":8,"dup":false,"ev":"game","ms":29985,"predicted":false,"t":1,"tick":1659,"type":"hit"}
[client] {"a":1,"dup":false,"ev":"game","ms":29985,"predicted":false,"t":-1,"tick":1659,"type":"ko"}
[client] {"a":9,"dup":false,"ev":"game","ms":30558,"predicted":false,"t":0,"tick":1693,"type":"hit"}
[client] {"a":0,"dup":false,"ev":"game","ms":30558,"predicted":false,"t":-1,"tick":1693,"type":"ko"}
[client] {"a":2,"dup":false,"ev":"game","ms":33038,"predicted":false,"t":-1,"tick":1847,"type":"respawn"}
[client] {"counts":{"blocks_on_me":0,"conf_actions":18,"confirmed_hits":106,"dup_confirmed":0,"hits_on_me":11,"pred_actions":20,"predicted_confirmed":8,"predicted_hits":17,"reconnects":0},"ev":"stats","hp":220.0,"in_bytes":491001,"late":0,"local_entity":2,"match":{"countdown_until":300,"ctrl":1,"final":false,"next":"","phase":3,"rot":1940,"scores":[0,4],"sd":false,"state":2,"tick":1660,"zone":"B"},"max_err":1.413,"mean_err":0.0483,"ms":34921,"out_bytes":96056,"pending":6,"pos":[-2.69,-35.31],"reconciles":647,"server_tick":1959,"snaps":649,"teleports":2}
[client] {"a":7,"dup":false,"ev":"game","ms":36358,"predicted":false,"t":-1,"tick":2041,"type":"respawn"}
[client] {"a":5,"dup":false,"ev":"game","ms":38089,"predicted":false,"t":-1,"tick":2145,"type":"respawn"}
[client] {"a":3,"dup":false,"ev":"game","ms":38537,"predicted":false,"t":-1,"tick":2172,"type":"respawn"}
[client] {"a":4,"dup":false,"ev":"game","ms":38620,"predicted":false,"t":-1,"tick":2177,"type":"respawn"}
[client] {"counts":{"blocks_on_me":0,"conf_actions":19,"confirmed_hits":106,"dup_confirmed":0,"hits_on_me":11,"pred_actions":21,"predicted_confirmed":8,"predicted_hits":17,"reconnects":0},"ev":"stats","hp":202.0,"in_bytes":548055,"late":0,"local_entity":2,"match":{"countdown_until":300,"ctrl":-1,"final":false,"next":"","phase":3,"rot":1640,"scores":[0,8],"sd":false,"state":3,"tick":1960,"zone":"B"},"max_err":1.413,"mean_err":0.0428,"ms":39924,"out_bytes":110756,"pending":6,"pos":[-0.33,-3.14],"reconciles":747,"server_tick":2259,"snaps":749,"teleports":2}
[client] {"a":8,"dup":false,"ev":"game","ms":39972,"predicted":false,"t":2,"tick":2258,"type":"hit"}
[client] {"a":1,"dup":false,"ev":"game","ms":39993,"predicted":false,"t":-1,"tick":2259,"type":"respawn"}
[client] {"a":6,"dup":false,"ev":"game","ms":40105,"predicted":false,"t":2,"tick":2266,"type":"hit"}
[client] {"a":9,"dup":false,"ev":"game","ms":40125,"predicted":false,"t":2,"tick":2267,"type":"hit"}
[client] {"a":0,"dup":false,"ev":"game","ms":40559,"predicted":false,"t":-1,"tick":2293,"type":"respawn"}
[client] {"a":6,"dup":false,"ev":"game","ms":41042,"predicted":false,"t":2,"tick":2322,"type":"hit"}
[client] {"a":2,"dup":true,"ev":"game","ms":41325,"predicted":false,"t":9,"tick":2344,"type":"hit"}
[client] {"a":2,"dup":true,"ev":"game","ms":43822,"predicted":false,"t":9,"tick":2494,"type":"hit"}
[client] {"a":6,"dup":false,"ev":"game","ms":44195,"predicted":false,"t":2,"tick":2511,"type":"hit"}
[client] {"a":9,"dup":false,"ev":"game","ms":44258,"predicted":false,"t":2,"tick":2515,"type":"hit"}
[client] {"a":8,"dup":false,"ev":"game","ms":44326,"predicted":false,"t":2,"tick":2519,"type":"hit"}
[client] {"a":6,"dup":false,"ev":"game","ms":44507,"predicted":false,"t":2,"tick":2530,"type":"hit"}
[client] {"a":6,"dup":false,"ev":"game","ms":44844,"predicted":false,"t":2,"tick":2550,"type":"hit"}
[client] {"counts":{"blocks_on_me":0,"conf_actions":29,"confirmed_hits":117,"dup_confirmed":0,"hits_on_me":20,"pred_actions":32,"predicted_confirmed":10,"predicted_hits":24,"reconnects":0},"ev":"stats","hp":38.0,"in_bytes":621206,"late":0,"local_entity":2,"match":{"countdown_until":300,"ctrl":-1,"final":false,"next":"","phase":3,"rot":1340,"scores":[0,8],"sd":false,"state":3,"tick":2260,"zone":"B"},"max_err":1.48,"mean_err":0.0456,"ms":44926,"out_bytes":125456,"pending":6,"pos":[-1.27,-2.51],"reconciles":847,"server_tick":2559,"snaps":849,"teleports":2}
[client] {"a":2,"dup":true,"ev":"game","ms":45175,"predicted":false,"t":9,"tick":2575,"type":"hit"}
[client] {"a":2,"dup":true,"ev":"game","ms":45211,"predicted":false,"t":6,"tick":2577,"type":"hit"}
[client] {"a":2,"dup":true,"ev":"game","ms":45493,"predicted":false,"t":9,"tick":2594,"type":"hit"}
[client] {"a":4,"dup":false,"ev":"game","ms":45576,"predicted":false,"t":6,"tick":2594,"type":"hit"}
[client] {"a":3,"dup":false,"ev":"game","ms":45727,"predicted":false,"t":9,"tick":2603,"type":"hit"}
[client] {"a":4,"dup":false,"ev":"game","ms":45879,"predicted":false,"t":9,"tick":2612,"type":"hit"}
[client] {"a":6,"dup":false,"ev":"game","ms":45997,"predicted":false,"t":2,"tick":2619,"type":"block"}
[client] {"a":8,"dup":false,"ev":"game","ms":46162,"predicted":false,"t":2,"tick":2629,"type":"hit"}
[client] {"a":9,"dup":false,"ev":"game","ms":46307,"predicted":false,"t":2,"tick":2638,"type":"hit"}
[client] {"a":2,"dup":false,"ev":"game","ms":46396,"predicted":false,"t":-1,"tick":2648,"type":"ko"}
[client] {"a":8,"dup":false,"ev":"game","ms":46479,"predicted":false,"t":2,"tick":2648,"type":"hit"}
[client] {"a":6,"dup":false,"ev":"game","ms":47411,"predicted":false,"t":4,"tick":2704,"type":"hit"}
[client] {"a":3,"dup":false,"ev":"game","ms":47459,"predicted":false,"t":9,"tick":2707,"type":"hit"}
[client] {"a":9,"dup":false,"ev":"game","ms":47459,"predicted":false,"t":-1,"tick":2707,"type":"ko"}
[client] {"a":3,"dup":false,"ev":"game","ms":47542,"predicted":false,"t":7,"tick":2712,"type":"hit"}
[client] {"a":4,"dup":false,"ev":"game","ms":47859,"predicted":false,"t":6,"tick":2731,"type":"hit"}
[client] {"a":5,"dup":false,"ev":"game","ms":47928,"predicted":false,"t":3,"tick":2735,"type":"hit"}
[client] {"a":8,"dup":false,"ev":"game","ms":48080,"predicted":false,"t":4,"tick":2744,"type":"hit"}
[client] {"a":3,"dup":false,"ev":"game","ms":48260,"predicted":false,"t":5,"tick":2755,"type":"hit"}
[client] {"a":8,"dup":false,"ev":"game","ms":48296,"predicted":false,"t":4,"tick":2757,"type":"hit"}
[client] {"a":8,"dup":false,"ev":"game","ms":48315,"predicted":false,"t":3,"tick":2758,"type":"hit"}
[client] {"a":8,"dup":false,"ev":"game","ms":48328,"predicted":false,"t":1,"tick":2759,"type":"hit"}
[client] {"a":7,"dup":false,"ev":"game","ms":48460,"predicted":false,"t":4,"tick":2767,"type":"hit"}
[client] {"a":5,"dup":false,"ev":"game","ms":48729,"predicted":false,"t":3,"tick":2783,"type":"hit"}
[client] {"a":0,"dup":false,"ev":"game","ms":49166,"predicted":false,"t":5,"tick":2809,"type":"hit"}
[client] {"a":1,"dup":false,"ev":"game","ms":49239,"predicted":false,"t":6,"tick":2814,"type":"hit"}
[client] {"a":1,"dup":false,"ev":"game","ms":49288,"predicted":false,"t":7,"tick":2817,"type":"hit"}
[client] {"a":0,"dup":false,"ev":"game","ms":49440,"predicted":false,"t":5,"tick":2826,"type":"hit"}
[client] {"a":0,"dup":false,"ev":"game","ms":49457,"predicted":false,"t":7,"tick":2827,"type":"hit"}
[client] {"a":8,"dup":false,"ev":"game","ms":49508,"predicted":false,"t":4,"tick":2830,"type":"hit"}
[client] {"a":6,"dup":false,"ev":"game","ms":49618,"predicted":false,"t":1,"tick":2837,"type":"hit"}
[client] {"a":0,"dup":false,"ev":"game","ms":49888,"predicted":false,"t":5,"tick":2853,"type":"hit"}
[client] {"counts":{"blocks_on_me":1,"conf_actions":31,"confirmed_hits":146,"dup_confirmed":0,"hits_on_me":23,"pred_actions":37,"predicted_confirmed":13,"predicted_hits":30,"reconnects":0},"ev":"stats","hp":0.0,"in_bytes":697379,"late":0,"local_entity":2,"match":{"countdown_until":300,"ctrl":-1,"final":false,"next":"","phase":3,"rot":1040,"scores":[0,8],"sd":false,"state":3,"tick":2560,"zone":"B"},"max_err":1.48,"mean_err":0.0432,"ms":49921,"out_bytes":140156,"pending":6,"pos":[-1.66,-2.66],"reconciles":947,"server_tick":2859,"snaps":949,"teleports":2}
[client] {"a":7,"dup":false,"ev":"game","ms":50039,"predicted":false,"t":0,"tick":2862,"type":"hit"}
[client] {"a":7,"dup":false,"ev":"game","ms":50054,"predicted":false,"t":3,"tick":2863,"type":"hit"}
[client] {"a":7,"dup":false,"ev":"game","ms":50074,"predicted":false,"t":4,"tick":2864,"type":"block"}
[client] {"a":8,"dup":false,"ev":"game","ms":50558,"predicted":false,"t":0,"tick":2893,"type":"hit"}
[client] {"a":8,"dup":false,"ev":"game","ms":50619,"predicted":false,"t":3,"tick":2897,"type":"hit"}
[client] {"a":5,"dup":false,"ev":"game","ms":50640,"predicted":false,"t":4,"tick":2898,"type":"block"}
[client] {"a":7,"dup":false,"ev":"game","ms":51021,"predicted":false,"t":4,"tick":2921,"type":"block"}
[client] {"a":5,"dup":false,"ev":"game","ms":51288,"predicted":false,"t":4,"tick":2937,"type":"block"}
[client] {"a":7,"dup":false,"ev":"game","ms":51337,"predicted":false,"t":4,"tick":2940,"type":"block"}
[client] {"a":5,"dup":false,"ev":"game","ms":51606,"predicted":false,"t":4,"tick":2956,"type":"block"}
[client] {"a":5,"dup":false,"ev":"game","ms":51910,"predicted":false,"t":4,"tick":2974,"type":"block"}
[client] {"a":6,"dup":false,"ev":"game","ms":52255,"predicted":false,"t":0,"tick":2995,"type":"hit"}
[client] {"a":5,"dup":false,"ev":"game","ms":52407,"predicted":false,"t":4,"tick":3004,"type":"block"}
[client] {"a":3,"dup":false,"ev":"game","ms":52489,"predicted":false,"t":5,"tick":3009,"type":"hit"}
[client] {"a":1,"dup":false,"ev":"game","ms":52537,"predicted":false,"t":7,"tick":3012,"type":"hit"}
[client] {"a":6,"dup":false,"ev":"game","ms":52592,"predicted":false,"t":0,"tick":3015,"type":"hit"}
[client] {"a":3,"dup":false,"ev":"game","ms":52841,"predicted":false,"t":5,"tick":3030,"type":"hit"}
[client] {"a":1,"dup":false,"ev":"game","ms":52924,"predicted":false,"t":7,"tick":3035,"type":"hit"}
[client] {"a":4,"dup":false,"ev":"game","ms":53041,"predicted":false,"t":5,"tick":3042,"type":"hit"}
[client] {"a":0,"dup":false,"ev":"game","ms":53207,"predicted":false,"t":5,"tick":3052,"type":"hit"}
[client] {"a":3,"dup":false,"ev":"game","ms":53255,"predicted":false,"t":5,"tick":3055,"type":"hit"}
[client] {"a":7,"dup":false,"ev":"game","ms":53276,"predicted":false,"t":1,"tick":3056,"type":"hit"}
[client] {"a":1,"dup":false,"ev":"game","ms":53689,"predicted":false,"t":5,"tick":3081,"type":"hit"}
[client] {"a":1,"dup":false,"ev":"game","ms":53690,"predicted":false,"t":7,"tick":3081,"type":"hit"}
[client] {"a":8,"dup":false,"ev":"game","ms":53807,"predicted":false,"t":4,"tick":3088,"type":"hit"}
[client] {"a":1,"dup":false,"ev":"game","ms":53959,"predicted":false,"t":5,"tick":3097,"type":"hit"}
[client] {"a":7,"dup":false,"ev":"game","ms":54138,"predicted":false,"t":1,"tick":3108,"type":"hit"}
[client] {"a":0,"dup":false,"ev":"game","ms":54159,"predicted":false,"t":5,"tick":3109,"type":"hit"}
[client] {"a":8,"dup":false,"ev":"game","ms":54173,"predicted":false,"t":4,"tick":3110,"type":"hit"}
[client] {"a":6,"dup":false,"ev":"game","ms":54456,"predicted":false,"t":3,"tick":3127,"type":"hit"}
[client] {"a":7,"dup":false,"ev":"game","ms":54456,"predicted":false,"t":1,"tick":3127,"type":"hit"}
[client] {"a":0,"dup":false,"ev":"game","ms":54490,"predicted":false,"t":5,"tick":3129,"type":"hit"}
[client] {"a":8,"dup":false,"ev":"game","ms":54724,"predicted":false,"t":3,"tick":3143,"type":"hit"}
[client] {"a":1,"dup":false,"ev":"game","ms":54828,"predicted":false,"t":7,"tick":3149,"type":"hit"}
[client] {"a":4,"dup":false,"ev":"game","ms":54842,"predicted":false,"t":5,"tick":3150,"type":"hit"}
[client] {"a":5,"dup":false,"ev":"game","ms":54842,"predicted":false,"t":-1,"tick":3150,"type":"ko"}
[client] {"a":4,"dup":false,"ev":"game","ms":54890,"predicted":false,"t":7,"tick":3153,"type":"hit"}
[client] {"counts":{"blocks_on_me":1,"conf_actions":31,"confirmed_hits":174,"dup_confirmed":0,"hits_on_me":23,"pred_actions":37,"predicted_confirmed":13,"predicted_hits":30,"reconnects":0},"ev":"stats","hp":0.0,"in_bytes":772427,"late":0,"local_entity":2,"match":{"countdown_until":300,"ctrl":-1,"final":false,"next":"A","phase":3,"rot":740,"scores":[0,8],"sd":false,"state":3,"tick":2860,"zone":"B"},"max_err":1.48,"mean_err":0.0391,"ms":54924,"out_bytes":154856,"pending":6,"pos":[-1.66,-2.66],"reconciles":1047,"server_tick":3159,"snaps":1049,"teleports":2}
[client] {"a":3,"dup":false,"ev":"game","ms":55090,"predicted":false,"t":6,"tick":3165,"type":"hit"}
[client] {"a":3,"dup":false,"ev":"game","ms":55525,"predicted":false,"t":6,"tick":3191,"type":"hit"}
[client] {"a":6,"dup":false,"ev":"game","ms":55525,"predicted":false,"t":-1,"tick":3191,"type":"ko"}
[client] {"a":1,"dup":false,"ev":"game","ms":55808,"predicted":false,"t":7,"tick":3208,"type":"hit"}
[client] {"a":3,"dup":false,"ev":"game","ms":56077,"predicted":false,"t":8,"tick":3224,"type":"hit"}
[client] {"a":3,"dup":false,"ev":"game","ms":56394,"predicted":false,"t":8,"tick":3243,"type":"hit"}
[client] {"a":2,"dup":false,"ev":"game","ms":56394,"predicted":false,"t":-1,"tick":3248,"type":"respawn"}
[client] {"a":3,"dup":false,"ev":"game","ms":56712,"predicted":false,"t":8,"tick":3262,"type":"hit"}
[client] {"a":0,"dup":false,"ev":"game","ms":57091,"predicted":false,"t":7,"tick":3285,"type":"hit"}
[client] {"a":7,"dup":false,"ev":"game","ms":57091,"predicted":false,"t":-1,"tick":3285,"type":"ko"}
[client] {"a":8,"dup":false,"ev":"game","ms":57257,"predicted":false,"t":3,"tick":3295,"type":"hit"}
[client] {"a":9,"dup":false,"ev":"game","ms":57457,"predicted":false,"t":-1,"tick":3307,"type":"respawn"}
[client] {"a":8,"dup":false,"ev":"game","ms":57861,"predicted":false,"t":3,"tick":3331,"type":"hit"}
[client] {"a":8,"dup":false,"ev":"game","ms":59002,"predicted":false,"t":4,"tick":3400,"type":"hit"}
[client] {"a":0,"dup":false,"ev":"game","ms":59672,"predicted":false,"t":8,"tick":3440,"type":"hit"}
[client] {"counts":{"blocks_on_me":1,"conf_actions":31,"confirmed_hits":185,"dup_confirmed":0,"hits_on_me":23,"pred_actions":37,"predicted_confirmed":13,"predicted_hits":30,"reconnects":0},"ev":"stats","hp":220.0,"in_bytes":828992,"late":0,"local_entity":2,"match":{"countdown_until":300,"ctrl":-1,"final":false,"next":"A","phase":3,"rot":440,"scores":[0,8],"sd":false,"state":3,"tick":3160,"zone":"B"},"max_err":1.48,"mean_err":0.0357,"ms":59919,"out_bytes":169556,"pending":6,"pos":[-1.53,-23.85],"reconciles":1146,"server_tick":3459,"snaps":1149,"teleports":3}
[client] {"a":8,"dup":false,"ev":"game","ms":60107,"predicted":false,"t":0,"tick":3466,"type":"hit"}
[client] {"a":8,"dup":false,"ev":"game","ms":60107,"predicted":false,"t":3,"tick":3466,"type":"hit"}
[client] {"a":8,"dup":false,"ev":"game","ms":60120,"predicted":false,"t":1,"tick":3467,"type":"block"}
[client] {"a":8,"dup":false,"ev":"game","ms":60334,"predicted":false,"t":0,"tick":3480,"type":"hit"}
[client] {"a":8,"dup":false,"ev":"game","ms":60389,"predicted":false,"t":1,"tick":3483,"type":"hit"}
[client] {"a":3,"dup":false,"ev":"game","ms":60508,"predicted":false,"t":8,"tick":3490,"type":"hit"}
[client] {"a":4,"dup":false,"ev":"game","ms":60589,"predicted":false,"t":8,"tick":3495,"type":"hit"}
[client] {"a":0,"dup":false,"ev":"game","ms":61838,"predicted":false,"t":8,"tick":3570,"type":"hit"}
[client] {"a":8,"dup":false,"ev":"game","ms":61838,"predicted":false,"t":-1,"tick":3570,"type":"ko"}
[client] {"a":5,"dup":false,"ev":"game","ms":64840,"predicted":false,"t":-1,"tick":3750,"type":"respawn"}
[client] {"counts":{"blocks_on_me":1,"conf_actions":31,"confirmed_hits":192,"dup_confirmed":0,"hits_on_me":23,"pred_actions":37,"predicted_confirmed":13,"predicted_hits":30,"reconnects":0},"ev":"stats","hp":220.0,"in_bytes":884195,"late":0,"local_entity":2,"match":{"countdown_until":300,"ctrl":-1,"final":false,"next":"A","phase":3,"rot":140,"scores":[2,8],"sd":false,"state":3,"tick":3460,"zone":"B"},"max_err":1.48,"mean_err":0.0368,"ms":64922,"out_bytes":184256,"pending":6,"pos":[-0.38,-3.05],"reconciles":1246,"server_tick":3759,"snaps":1249,"teleports":3}
[client] {"a":6,"dup":false,"ev":"game","ms":65523,"predicted":false,"t":-1,"tick":3791,"type":"respawn"}
[client] {"a":9,"dup":false,"ev":"game","ms":65840,"predicted":false,"t":4,"tick":3810,"type":"hit"}
[client] {"a":2,"dup":true,"ev":"game","ms":66123,"predicted":false,"t":9,"tick":3832,"type":"hit"}
[client] {"a":7,"dup":false,"ev":"game","ms":67089,"predicted":false,"t":-1,"tick":3885,"type":"respawn"}
[client] {"a":-1,"dup":false,"ev":"game","ms":67324,"predicted":false,"t":-1,"tick":3899,"type":"zone_rotated"}
[client] {"counts":{"blocks_on_me":1,"conf_actions":32,"confirmed_hits":194,"dup_confirmed":0,"hits_on_me":23,"pred_actions":38,"predicted_confirmed":14,"predicted_hits":32,"reconnects":0},"ev":"stats","hp":220.0,"in_bytes":937171,"late":0,"local_entity":2,"match":{"countdown_until":300,"ctrl":-1,"final":false,"next":"","phase":3,"rot":3440,"scores":[2,8],"sd":false,"state":1,"tick":3760,"zone":"A"},"max_err":1.48,"mean_err":0.0369,"ms":69924,"out_bytes":198956,"pending":6,"pos":[-17.39,-9.12],"reconciles":1346,"server_tick":4059,"snaps":1349,"teleports":3}
[client] {"a":8,"dup":false,"ev":"game","ms":71843,"predicted":false,"t":-1,"tick":4170,"type":"respawn"}
[client] {"a":1,"dup":false,"ev":"game","ms":73810,"predicted":false,"t":9,"tick":4288,"type":"hit"}
[client] {"a":9,"dup":false,"ev":"game","ms":74708,"predicted":false,"t":4,"tick":4342,"type":"hit"}
[client] {"a":3,"dup":false,"ev":"game","ms":74838,"predicted":false,"t":9,"tick":4350,"type":"hit"}
[client] {"a":1,"dup":false,"ev":"game","ms":74859,"predicted":false,"t":9,"tick":4351,"type":"hit"}
[client] {"counts":{"blocks_on_me":1,"conf_actions":34,"confirmed_hits":198,"dup_confirmed":0,"hits_on_me":23,"pred_actions":40,"predicted_confirmed":14,"predicted_hits":32,"reconnects":0},"ev":"stats","hp":220.0,"in_bytes":997334,"late":0,"local_entity":2,"match":{"countdown_until":300,"ctrl":-1,"final":false,"next":"","phase":3,"rot":3140,"scores":[2,8],"sd":false,"state":3,"tick":4060,"zone":"A"},"max_err":1.48,"mean_err":0.0361,"ms":74920,"out_bytes":213656,"pending":6,"pos":[-42.12,0.56],"reconciles":1446,"server_tick":4359,"snaps":1449,"teleports":3}
[client] {"a":4,"dup":false,"ev":"game","ms":75072,"predicted":false,"t":9,"tick":4364,"type":"hit"}
[client] {"a":2,"dup":true,"ev":"game","ms":75087,"predicted":false,"t":9,"tick":4370,"type":"hit"}
[client] {"a":4,"dup":false,"ev":"game","ms":75438,"predicted":false,"t":9,"tick":4386,"type":"hit"}
[client] {"a":6,"dup":false,"ev":"game","ms":75577,"predicted":false,"t":0,"tick":4394,"type":"hit"}
[client] {"a":4,"dup":false,"ev":"game","ms":75756,"predicted":false,"t":9,"tick":4405,"type":"hit"}
[client] {"a":6,"dup":false,"ev":"game","ms":75805,"predicted":false,"t":0,"tick":4408,"type":"hit"}
[client] {"a":6,"dup":false,"ev":"game","ms":75860,"predicted":false,"t":1,"tick":4411,"type":"hit"}
[client] {"a":4,"dup":false,"ev":"game","ms":76405,"predicted":false,"t":9,"tick":4444,"type":"hit"}
[client] {"a":6,"dup":false,"ev":"game","ms":76626,"predicted":false,"t":0,"tick":4457,"type":"hit"}
[client] {"a":6,"dup":false,"ev":"game","ms":76674,"predicted":false,"t":3,"tick":4460,"type":"hit"}
[client] {"a":9,"dup":false,"ev":"game","ms":76777,"predicted":false,"t":4,"tick":4466,"type":"hit"}
[client] {"a":1,"dup":false,"ev":"game","ms":77006,"predicted":false,"t":6,"tick":4480,"type":"hit"}
[client] {"a":4,"dup":false,"ev":"game","ms":77191,"predicted":false,"t":9,"tick":4491,"type":"hit"}
[client] {"a":1,"dup":false,"ev":"game","ms":77378,"predicted":false,"t":6,"tick":4502,"type":"hit"}
[client] {"a":4,"dup":false,"ev":"game","ms":77509,"predicted":false,"t":9,"tick":4510,"type":"hit"}
[client] {"a":2,"dup":true,"ev":"game","ms":77805,"predicted":false,"t":6,"tick":4533,"type":"hit"}
[client] {"a":5,"dup":false,"ev":"game","ms":77826,"predicted":false,"t":1,"tick":4529,"type":"hit"}
[client] {"a":4,"dup":false,"ev":"game","ms":77861,"predicted":false,"t":9,"tick":4531,"type":"hit"}
[client] {"a":0,"dup":false,"ev":"game","ms":78143,"predicted":false,"t":7,"tick":4548,"type":"hit"}
[client] {"a":0,"dup":false,"ev":"game","ms":78157,"predicted":false,"t":5,"tick":4549,"type":"hit"}
[client] {"a":9,"dup":false,"ev":"game","ms":78592,"predicted":false,"t":4,"tick":4575,"type":"hit"}
[client] {"a":7,"dup":false,"ev":"game","ms":78958,"predicted":false,"t":1,"tick":4597,"type":"hit"}
[client] {"a":4,"dup":false,"ev":"game","ms":79026,"predicted":false,"t":9,"tick":4601,"type":"hit"}
[client] {"a":4,"dup":false,"ev":"game","ms":79441,"predicted":false,"t":9,"tick":4626,"type":"hit"}
[client] {"a":9,"dup":false,"ev":"game","ms":79441,"predicted":false,"t":-1,"tick":4626,"type":"ko"}
[client] {"a":7,"dup":false,"ev":"game","ms":79511,"predicted":false,"t":1,"tick":4630,"type":"hit"}
[client] {"a":7,"dup":false,"ev":"game","ms":79523,"predicted":false,"t":0,"tick":4631,"type":"hit"}
[client] {"counts":{"blocks_on_me":1,"conf_actions":42,"confirmed_hits":224,"dup_confirmed":0,"hits_on_me":23,"pred_actions":48,"predicted_confirmed":16,"predicted_hits":35,"reconnects":0},"ev":"stats","hp":220.0,"in_bytes":1072280,"late":0,"local_entity":2,"match":{"countdown_until":300,"ctrl":-1,"final":false,"next":"","phase":3,"rot":2840,"scores":[2,8],"sd":false,"state":3,"tick":4360,"zone":"A"},"max_err":1.48,"mean_err":0.0339,"ms":79923,"out_bytes":228356,"pending":6,"pos":[-41.61,1.89],"reconciles":1546,"server_tick":4659,"snaps":1549,"teleports":3}
[client] {"a":5,"dup":false,"ev":"game","ms":80110,"predicted":false,"t":2,"tick":4666,"type":"hit"}
[client] {"a":0,"dup":false,"ev":"game","ms":80379,"predicted":false,"t":5,"tick":4682,"type":"hit"}
[client] {"a":1,"dup":false,"ev":"game","ms":80410,"predicted":false,"t":5,"tick":4684,"type":"hit"}
[client] {"a":7,"dup":false,"ev":"game","ms":80668,"predicted":false,"t":0,"tick":4700,"type":"hit"}
[client] {"a":7,"dup":false,"ev":"game","ms":80703,"predicted":false,"t":3,"tick":4702,"type":"hit"}
[client] {"a":6,"dup":false,"ev":"game","ms":80717,"predicted":false,"t":2,"tick":4703,"type":"hit"}
[client] {"a":1,"dup":false,"ev":"game","ms":80786,"predicted":false,"t":5,"tick":4707,"type":"hit"}
[client] {"a":7,"dup":false,"ev":"game","ms":81304,"predicted":false,"t":1,"tick":4738,"type":"hit"}
[client] {"a":7,"dup":false,"ev":"game","ms":81338,"predicted":false,"t":4,"tick":4740,"type":"hit"}
[client] {"a":5,"dup":false,"ev":"game","ms":81434,"predicted":false,"t":1,"tick":4746,"type":"hit"}
[client] {"a":0,"dup":false,"ev":"game","ms":81602,"predicted":false,"t":5,"tick":4756,"type":"hit"}
[client] {"a":0,"dup":false,"ev":"game","ms":81602,"predicted":false,"t":7,"tick":4756,"type":"hit"}
[client] {"a":2,"dup":true,"ev":"game","ms":81658,"predicted":false,"t":6,"tick":4764,"type":"hit"}
[client] {"a":4,"dup":false,"ev":"game","ms":81704,"predicted":false,"t":5,"tick":4762,"type":"hit"}
[client] {"a":4,"dup":false,"ev":"game","ms":81704,"predicted":false,"t":7,"tick":4762,"type":"hit"}
[client] {"a":5,"dup":false,"ev":"game","ms":82199,"predicted":false,"t":4,"tick":4792,"type":"hit"}
[client] {"a":8,"dup":false,"ev":"game","ms":82317,"predicted":false,"t":4,"tick":4799,"type":"hit"}
[client] {"a":4,"dup":false,"ev":"game","ms":82317,"predicted":false,"t":-1,"tick":4799,"type":"ko"}
[client] {"a":0,"dup":false,"ev":"game","ms":82506,"predicted":false,"t":5,"tick":4809,"type":"hit"}
[client] {"a":7,"dup":false,"ev":"game","ms":82553,"predicted":false,"t":3,"tick":4812,"type":"hit"}
[client] {"a":3,"dup":false,"ev":"game","ms":82553,"predicted":false,"t":-1,"tick":4812,"type":"ko"}
[client] {"a":7,"dup":false,"ev":"game","ms":82587,"predicted":false,"t":1,"tick":4814,"type":"hit"}
[client] {"a":7,"dup":false,"ev":"game","ms":82622,"predicted":false,"t":0,"tick":4816,"type":"hit"}
[client] {"a":0,"dup":false,"ev":"game","ms":82622,"predicted":false,"t":-1,"tick":4816,"type":"ko"}
[client] {"a":8,"dup":false,"ev":"game","ms":83132,"predicted":false,"t":2,"tick":4848,"type":"hit"}
[client] {"a":7,"dup":false,"ev":"game","ms":83187,"predicted":false,"t":2,"tick":4851,"type":"hit"}
[client] {"a":1,"dup":false,"ev":"game","ms":83519,"predicted":false,"t":7,"tick":4871,"type":"hit"}
[client] {"a":8,"dup":false,"ev":"game","ms":83836,"predicted":false,"t":2,"tick":4890,"type":"hit"}
[client] {"a":8,"dup":false,"ev":"game","ms":83850,"predicted":false,"t":1,"tick":4891,"type":"hit"}
[client] {"a":7,"dup":false,"ev":"game","ms":83871,"predicted":false,"t":2,"tick":4892,"type":"hit"}
[client] {"a":7,"dup":false,"ev":"game","ms":83884,"predicted":false,"t":1,"tick":4893,"type":"hit"}
[client] {"a":6,"dup":false,"ev":"game","ms":84270,"predicted":false,"t":1,"tick":4916,"type":"hit"}
[client] {"a":1,"dup":false,"ev":"game","ms":84270,"predicted":false,"t":-1,"tick":4916,"type":"ko"}
[client] {"a":7,"dup":false,"ev":"game","ms":84602,"predicted":false,"t":2,"tick":4936,"type":"hit"}
[client] {"counts":{"blocks_on_me":1,"conf_actions":49,"confirmed_hits":254,"dup_confirmed":0,"hits_on_me":30,"pred_actions":55,"predicted_confirmed":17,"predicted_hits":36,"reconnects":0},"ev":"stats","hp":34.0,"in_bytes":1149191,"late":0,"local_entity":2,"match":{"countdown_until":300,"ctrl":-1,"final":false,"next":"","phase":3,"rot":2540,"scores":[2,8],"sd":false,"state":3,"tick":4660,"zone":"A"},"max_err":1.767,"mean_err":0.0365,"ms":84918,"out_bytes":243056,"pending":6,"pos":[-42.28,-3.46],"reconciles":1646,"server_tick":4959,"snaps":1649,"teleports":3}
[client] {"a":2,"dup":false,"ev":"game","ms":86154,"predicted":false,"t":-1,"tick":5034,"type":"ko"}
[client] {"a":6,"dup":false,"ev":"game","ms":86237,"predicted":false,"t":2,"tick":5034,"type":"hit"}
[client] {"a":9,"dup":false,"ev":"game","ms":89438,"predicted":false,"t":-1,"tick":5226,"type":"respawn"}
[client] {"counts":{"blocks_on_me":1,"conf_actions":51,"confirmed_hits":255,"dup_confirmed":0,"hits_on_me":31,"pred_actions":57,"predicted_confirmed":17,"predicted_hits":36,"reconnects":0},"ev":"stats","hp":0.0,"in_bytes":1202256,"late":0,"local_entity":2,"match":{"countdown_until":300,"ctrl":1,"final":false,"next":"","phase":3,"rot":2240,"scores":[2,11],"sd":false,"state":2,"tick":4960,"zone":"A"},"max_err":1.767,"mean_err":0.0345,"ms":89921,"out_bytes":257756,"pending":6,"pos":[-41.75,-2.55],"reconciles":1746,"server_tick":5259,"snaps":1749,"teleports":3}
[client] {"a":4,"dup":false,"ev":"game","ms":92322,"predicted":false,"t":-1,"tick":5399,"type":"respawn"}
[client] {"a":3,"dup":false,"ev":"game","ms":92544,"predicted":false,"t":-1,"tick":5412,"type":"respawn"}
[client] {"a":0,"dup":false,"ev":"game","ms":92606,"predicted":false,"t":-1,"tick":5416,"type":"respawn"}
[client] {"a":1,"dup":false,"ev":"game","ms":94275,"predicted":false,"t":-1,"tick":5516,"type":"respawn"}
[client] {"counts":{"blocks_on_me":1,"conf_actions":51,"confirmed_hits":255,"dup_confirmed":0,"hits_on_me":31,"pred_actions":57,"predicted_confirmed":17,"predicted_hits":36,"reconnects":0},"ev":"stats","hp":0.0,"in_bytes":1251696,"late":0,"local_entity":2,"match":{"countdown_until":300,"ctrl":1,"final":false,"next":"","phase":3,"rot":1940,"scores":[2,16],"sd":false,"state":2,"tick":5260,"zone":"A"},"max_err":1.767,"mean_err":0.0326,"ms":94923,"out_bytes":272456,"pending":6,"pos":[-41.75,-2.55],"reconciles":1846,"server_tick":5559,"snaps":1849,"teleports":3}
[client] {"a":2,"dup":false,"ev":"game","ms":96159,"predicted":false,"t":-1,"tick":5634,"type":"respawn"}
[client] {"counts":{"blocks_on_me":1,"conf_actions":51,"confirmed_hits":255,"dup_confirmed":0,"hits_on_me":31,"pred_actions":57,"predicted_confirmed":17,"predicted_hits":36,"reconnects":0},"ev":"stats","hp":220.0,"in_bytes":1304037,"late":0,"local_entity":2,"match":{"countdown_until":300,"ctrl":1,"final":false,"next":"","phase":3,"rot":1640,"scores":[2,21],"sd":false,"state":2,"tick":5560,"zone":"A"},"max_err":1.767,"mean_err":0.0309,"ms":99919,"out_bytes":287156,"pending":6,"pos":[-1.16,-23.07],"reconciles":1945,"server_tick":5859,"snaps":1949,"teleports":4}
[client] {"a":3,"dup":false,"ev":"game","ms":103156,"predicted":false,"t":5,"tick":6048,"type":"hit"}
[client] {"a":6,"dup":false,"ev":"game","ms":103260,"predicted":false,"t":3,"tick":6054,"type":"hit"}
[client] {"a":6,"dup":false,"ev":"game","ms":103839,"predicted":false,"t":3,"tick":6089,"type":"hit"}
[client] {"a":5,"dup":false,"ev":"game","ms":104143,"predicted":false,"t":3,"tick":6107,"type":"hit"}
[client] {"a":0,"dup":false,"ev":"game","ms":104288,"predicted":false,"t":6,"tick":6116,"type":"hit"}
[client] {"a":4,"dup":false,"ev":"game","ms":104405,"predicted":false,"t":5,"tick":6123,"type":"hit"}
[client] {"a":8,"dup":false,"ev":"game","ms":104427,"predicted":false,"t":0,"tick":6124,"type":"hit"}
[client] {"a":5,"dup":false,"ev":"game","ms":104758,"predicted":false,"t":4,"tick":6145,"type":"hit"}
[client] {"a":0,"dup":false,"ev":"game","ms":104777,"predicted":false,"t":5,"tick":6146,"type":"hit"}
[client] {"a":0,"dup":false,"ev":"game","ms":104791,"predicted":false,"t":9,"tick":6147,"type":"hit"}
[client] {"counts":{"blocks_on_me":1,"conf_actions":51,"confirmed_hits":265,"dup_confirmed":0,"hits_on_me":31,"pred_actions":57,"predicted_confirmed":17,"predicted_hits":36,"reconnects":0},"ev":"stats","hp":220.0,"in_bytes":1371043,"late":0,"local_entity":2,"match":{"countdown_until":300,"ctrl":-1,"final":false,"next":"","phase":3,"rot":1340,"scores":[2,23],"sd":false,"state":3,"tick":5860,"zone":"A"},"max_err":1.767,"mean_err":0.0294,"ms":104921,"out_bytes":301856,"pending":6,"pos":[-29.11,-7.37],"reconciles":2045,"server_tick":6159,"snaps":2049,"teleports":4}
[client] {"a":1,"dup":false,"ev":"game","ms":105109,"predicted":false,"t":5,"tick":6166,"type":"hit"}
[client] {"a":9,"dup":false,"ev":"game","ms":105240,"predicted":false,"t":0,"tick":6174,"type":"hit"}
[client] {"a":9,"dup":false,"ev":"game","ms":105261,"predicted":false,"t":4,"tick":6175,"type":"hit"}
[client] {"a":8,"dup":false,"ev":"game","ms":105309,"predicted":false,"t":0,"tick":6178,"type":"hit"}
[client] {"a":8,"dup":false,"ev":"game","ms":105309,"predicted":false,"t":4,"tick":6178,"type":"hit"}
[client] {"a":1,"dup":false,"ev":"game","ms":105744,"predicted":false,"t":8,"tick":6204,"type":"hit"}
[client] {"a":8,"dup":false,"ev":"game","ms":106143,"predicted":false,"t":1,"tick":6228,"type":"hit"}
[client] {"a":0,"dup":false,"ev":"game","ms":106157,"predicted":false,"t":9,"tick":6229,"type":"hit"}
[client] {"a":6,"dup":false,"ev":"game","ms":106406,"predicted":false,"t":3,"tick":6244,"type":"hit"}
[client] {"a":0,"dup":false,"ev":"game","ms":106426,"predicted":false,"t":9,"tick":6245,"type":"hit"}
[client] {"a":7,"dup":false,"ev":"game","ms":106489,"predicted":false,"t":3,"tick":6249,"type":"hit"}
[client] {"a":4,"dup":false,"ev":"game","ms":106510,"predicted":false,"t":9,"tick":6250,"type":"hit"}
[client] {"a":4,"dup":false,"ev":"game","ms":106558,"predicted":false,"t":8,"tick":6253,"type":"hit"}
[client] {"a":6,"dup":false,"ev":"game","ms":106627,"predicted":false,"t":3,"tick":6257,"type":"hit"}
[client] {"a":2,"dup":true,"ev":"game","ms":106793,"predicted":false,"t":6,"tick":6272,"type":"hit"}
[client] {"a":7,"dup":false,"ev":"game","ms":107006,"predicted":false,"t":4,"tick":6280,"type":"hit"}
[client] {"a":1,"dup":false,"ev":"game","ms":107240,"predicted":false,"t":5,"tick":6294,"type":"hit"}
[client] {"a":9,"dup":false,"ev":"game","ms":107358,"predicted":false,"t":1,"tick":6301,"type":"hit"}
[client] {"a":7,"dup":false,"ev":"game","ms":107392,"predicted":false,"t":4,"tick":6303,"type":"hit"}
[client] {"a":8,"dup":false,"ev":"game","ms":107440,"predicted":false,"t":1,"tick":6306,"type":"hit"}
[client] {"a":5,"dup":false,"ev":"game","ms":107641,"predicted":false,"t":1,"tick":6318,"type":"hit"}
[client] {"a":2,"dup":true,"ev":"game","ms":107662,"predicted":false,"t":6,"tick":6324,"type":"hit"}
[client] {"a":7,"dup":false,"ev":"game","ms":107710,"predicted":false,"t":4,"tick":6322,"type":"hit"}
[client] {"a":7,"dup":false,"ev":"game","ms":107744,"predicted":false,"t":0,"tick":6324,"type":"hit"}
[client] {"a":3,"dup":false,"ev":"game","ms":107779,"predicted":false,"t":7,"tick":6326,"type":"hit"}
[client] {"a":2,"dup":true,"ev":"game","ms":107993,"predicted":false,"t":6,"tick":6344,"type":"hit"}
[client] {"a":1,"dup":false,"ev":"game","ms":108007,"predicted":false,"t":8,"tick":6340,"type":"hit"}
[client] {"a":1,"dup":false,"ev":"game","ms":108041,"predicted":false,"t":9,"tick":6342,"type":"hit"}
[client] {"a":7,"dup":false,"ev":"game","ms":108179,"predicted":false,"t":0,"tick":6350,"type":"hit"}
[client] {"a":5,"dup":false,"ev":"game","ms":108289,"predicted":false,"t":1,"tick":6357,"type":"hit"}
[client] {"a":6,"dup":false,"ev":"game","ms":108724,"predicted":false,"t":2,"tick":6383,"type":"hit"}
[client] {"a":4,"dup":false,"ev":"game","ms":108759,"predicted":false,"t":7,"tick":6385,"type":"hit"}
[client] {"a":8,"dup":false,"ev":"game","ms":108912,"predicted":false,"t":1,"tick":6394,"type":"hit"}
[client] {"a":3,"dup":false,"ev":"game","ms":108924,"predicted":false,"t":6,"tick":6395,"type":"hit"}
[client] {"a":3,"dup":false,"ev":"game","ms":109263,"predicted":false,"t":6,"tick":6415,"type":"hit"}
[client] {"a":3,"dup":false,"ev":"game","ms":109759,"predicted":false,"t":6,"tick":6445,"type":"hit"}
[client] {"a":5,"dup":false,"ev":"game","ms":109876,"predicted":false,"t":4,"tick":6452,"type":"hit"}
[client] {"counts":{"blocks_on_me":1,"conf_actions":56,"confirmed_hits":302,"dup_confirmed":0,"hits_on_me":32,"pred_actions":62,"predicted_confirmed":20,"predicted_hits":41,"reconnects":0},"ev":"stats","hp":182.0,"in_bytes":1450133,"late":0,"local_entity":2,"match":{"countdown_until":300,"ctrl":-1,"final":false,"next":"","phase":3,"rot":1040,"scores":[2,23],"sd":false,"state":3,"tick":6160,"zone":"A"},"max_err":1.767,"mean_err":0.0296,"ms":109924,"out_bytes":316556,"pending":6,"pos":[-40.46,-0.51],"reconciles":2145,"server_tick":6459,"snaps":2149,"teleports":4}
[client] {"a":9,"dup":false,"ev":"game","ms":110028,"predicted":false,"t":4,"tick":6461,"type":"hit"}
[client] {"a":7,"dup":false,"ev":"game","ms":110063,"predicted":false,"t":2,"tick":6463,"type":"hit"}
[client] {"a":7,"dup":false,"ev":"game","ms":110063,"predicted":false,"t":4,"tick":6463,"type":"hit"}
[client] {"a":0,"dup":false,"ev":"game","ms":110090,"predicted":false,"t":7,"tick":6465,"type":"hit"}
[client] {"a":5,"dup":false,"ev":"game","ms":110346,"predicted":false,"t":2,"tick":6480,"type":"block"}
[client] {"a":0,"dup":false,"ev":"game","ms":110463,"predicted":false,"t":7,"tick":6487,"type":"hit"}
[client] {"a":1,"dup":false,"ev":"game","ms":110594,"predicted":false,"t":8,"tick":6495,"type":"hit"}
[client] {"a":3,"dup":false,"ev":"game","ms":110608,"predicted":false,"t":5,"tick":6496,"type":"hit"}
[client] {"a":2,"dup":true,"ev":"game","ms":110663,"predicted":false,"t":5,"tick":6504,"type":"hit"}
[client] {"a":0,"dup":false,"ev":"game","ms":110746,"predicted":false,"t":9,"tick":6504,"type":"hit"}
[client] {"a":4,"dup":false,"ev":"game","ms":110794,"predicted":false,"t":7,"tick":6507,"type":"hit"}
[client] {"a":4,"dup":false,"ev":"game","ms":110794,"predicted":false,"t":9,"tick":6507,"type":"hit"}
[client] {"a":4,"dup":false,"ev":"game","ms":110808,"predicted":false,"t":8,"tick":6508,"type":"hit"}
[client] {"a":1,"dup":false,"ev":"game","ms":110863,"predicted":false,"t":8,"tick":6511,"type":"hit"}
[client] {"a":3,"dup":false,"ev":"game","ms":110925,"predicted":false,"t":5,"tick":6515,"type":"hit"}
[client] {"a":2,"dup":true,"ev":"game","ms":110980,"predicted":false,"t":5,"tick":6523,"type":"hit"}
[client] {"a":2,"dup":true,"ev":"game","ms":110994,"predicted":false,"t":8,"tick":6524,"type":"hit"}
[client] {"a":1,"dup":false,"ev":"game","ms":111298,"predicted":false,"t":9,"tick":6537,"type":"hit"}
[client] {"a":2,"dup":true,"ev":"game","ms":111298,"predicted":false,"t":5,"tick":6542,"type":"hit"}
[client] {"a":2,"dup":true,"ev":"game","ms":111312,"predicted":false,"t":8,"tick":6543,"type":"hit"}
[client] {"a":0,"dup":false,"ev":"game","ms":111477,"predicted":false,"t":8,"tick":6548,"type":"hit"}
[client] {"a":0,"dup":false,"ev":"game","ms":111526,"predicted":false,"t":7,"tick":6551,"type":"hit"}
[client] {"a":0,"dup":false,"ev":"game","ms":111546,"predicted":false,"t":5,"tick":6552,"type":"hit"}
[client] {"a":4,"dup":false,"ev":"game","ms":111609,"predicted":false,"t":5,"tick":6556,"type":"hit"}
[client] {"a":4,"dup":false,"ev":"game","ms":111609,"predicted":false,"t":7,"tick":6556,"type":"hit"}
[client] {"a":6,"dup":false,"ev":"game","ms":111974,"predicted":false,"t":3,"tick":6578,"type":"hit"}
[client] {"a":9,"dup":false,"ev":"game","ms":112023,"predicted":false,"t":1,"tick":6581,"type":"hit"}
[client] {"a":2,"dup":true,"ev":"game","ms":112023,"predicted":false,"t":9,"tick":6586,"type":"hit"}
[client] {"a":8,"dup":false,"ev":"game","ms":112506,"predicted":false,"t":4,"tick":6610,"type":"hit"}
[client] {"a":1,"dup":false,"ev":"game","ms":112788,"predicted":false,"t":8,"tick":6627,"type":"hit"}
[client] {"a":2,"dup":true,"ev":"game","ms":112823,"predicted":false,"t":8,"tick":6634,"type":"hit"}
[client] {"a":8,"dup":false,"ev":"game","ms":112906,"predicted":false,"t":-1,"tick":6634,"type":"ko"}
[client] {"a":6,"dup":false,"ev":"game","ms":112988,"predicted":false,"t":2,"tick":6639,"type":"hit"}
[client] {"a":5,"dup":false,"ev":"game","ms":113092,"predicted":false,"t":2,"tick":6645,"type":"hit"}
[client] {"a":5,"dup":false,"ev":"game","ms":113092,"predicted":false,"t":4,"tick":6645,"type":"hit"}
[client] {"a":9,"dup":false,"ev":"game","ms":113188,"predicted":false,"t":0,"tick":6651,"type":"hit"}
[client] {"a":3,"dup":false,"ev":"game","ms":113340,"predicted":false,"t":9,"tick":6660,"type":"hit"}
[client] {"a":0,"dup":false,"ev":"game","ms":113588,"predicted":false,"t":5,"tick":6675,"type":"hit"}
[client] {"a":5,"dup":false,"ev":"game","ms":113588,"predicted":false,"t":-1,"tick":6675,"type":"ko"}
[client] {"a":1,"dup":false,"ev":"game","ms":113940,"predicted":false,"t":6,"tick":6696,"type":"hit"}
[client] {"a":7,"dup":false,"ev":"game","ms":114120,"predicted":false,"t":4,"tick":6707,"type":"block"}
[client] {"a":9,"dup":false,"ev":"game","ms":114355,"predicted":false,"t":4,"tick":6721,"type":"hit"}
[client] {"a":0,"dup":false,"ev":"game","ms":114637,"predicted":false,"t":9,"tick":6738,"type":"hit"}
[client] {"a":7,"dup":false,"ev":"game","ms":114741,"predicted":false,"t":0,"tick":6744,"type":"hit"}
[client] {"a":7,"dup":false,"ev":"game","ms":114755,"predicted":false,"t":2,"tick":6745,"type":"hit"}
[client] {"counts":{"blocks_on_me":2,"conf_actions":63,"confirmed_hits":343,"dup_confirmed":0,"hits_on_me":36,"pred_actions":69,"predicted_confirmed":27,"predicted_hits":57,"reconnects":0},"ev":"stats","hp":108.0,"in_bytes":1533403,"late":0,"local_entity":2,"match":{"countdown_until":300,"ctrl":-1,"final":false,"next":"C","phase":3,"rot":740,"scores":[2,23],"sd":false,"state":3,"tick":6460,"zone":"A"},"max_err":1.767,"mean_err":0.0304,"ms":114919,"out_bytes":331256,"pending":6,"pos":[-39.09,0.75],"reconciles":2245,"server_tick":6759,"snaps":2249,"teleports":4}
[client] {"a":3,"dup":false,"ev":"game","ms":114941,"predicted":false,"t":9,"tick":6756,"type":"hit"}
[client] {"a":2,"dup":true,"ev":"game","ms":115176,"predicted":false,"t":6,"tick":6775,"type":"hit"}
[client] {"a":3,"dup":false,"ev":"game","ms":115438,"predicted":false,"t":9,"tick":6786,"type":"hit"}
[client] {"a":9,"dup":false,"ev":"game","ms":115438,"predicted":false,"t":-1,"tick":6786,"type":"ko"}
[client] {"a":4,"dup":false,"ev":"game","ms":115541,"predicted":false,"t":7,"tick":6792,"type":"hit"}
[client] {"a":7,"dup":false,"ev":"game","ms":115541,"predicted":false,"t":-1,"tick":6792,"type":"ko"}
[client] {"a":6,"dup":false,"ev":"game","ms":115803,"predicted":false,"t":2,"tick":6808,"type":"hit"}
[client] {"a":6,"dup":false,"ev":"game","ms":116576,"predicted":false,"t":2,"tick":6854,"type":"hit"}
[client] {"a":2,"dup":true,"ev":"game","ms":116838,"predicted":false,"t":6,"tick":6875,"type":"hit"}
[client] {"a":2,"dup":true,"ev":"game","ms":117156,"predicted":false,"t":6,"tick":6894,"type":"hit"}
[client] {"a":6,"dup":false,"ev":"game","ms":117239,"predicted":false,"t":-1,"tick":6894,"type":"ko"}
[client] {"counts":{"blocks_on_me":2,"conf_actions":69,"confirmed_hits":351,"dup_confirmed":0,"hits_on_me":38,"pred_actions":76,"predicted_confirmed":30,"predicted_hits":63,"reconnects":0},"ev":"stats","hp":72.0,"in_bytes":1589188,"late":0,"local_entity":2,"match":{"countdown_until":300,"ctrl":0,"final":false,"next":"C","phase":3,"rot":440,"scores":[4,23],"sd":false,"state":2,"tick":6760,"zone":"A"},"max_err":1.767,"mean_err":0.0301,"ms":119922,"out_bytes":345956,"pending":6,"pos":[-41.48,0.2],"reconciles":2345,"server_tick":7059,"snaps":2349,"teleports":4}
[client] {"a":8,"dup":false,"ev":"game","ms":122910,"predicted":false,"t":-1,"tick":7234,"type":"respawn"}
[client] {"a":5,"dup":false,"ev":"game","ms":123587,"predicted":false,"t":-1,"tick":7275,"type":"respawn"}
[client] {"counts":{"blocks_on_me":2,"conf_actions":69,"confirmed_hits":351,"dup_confirmed":0,"hits_on_me":38,"pred_actions":76,"predicted_confirmed":30,"predicted_hits":63,"reconnects":0},"ev":"stats","hp":102.6,"in_bytes":1638352,"late":0,"local_entity":2,"match":{"countdown_until":300,"ctrl":0,"final":false,"next":"C","phase":3,"rot":140,"scores":[9,23],"sd":false,"state":2,"tick":7060,"zone":"A"},"max_err":1.767,"mean_err":0.0289,"ms":124924,"out_bytes":360656,"pending":6,"pos":[-41.48,0.2],"reconciles":2445,"server_tick":7359,"snaps":2449,"teleports":4}
[client] {"a":9,"dup":false,"ev":"game","ms":125436,"predicted":false,"t":-1,"tick":7386,"type":"respawn"}
[client] {"a":7,"dup":false,"ev":"game","ms":125539,"predicted":false,"t":-1,"tick":7392,"type":"respawn"}
[client] {"a":6,"dup":false,"ev":"game","ms":127236,"predicted":false,"t":-1,"tick":7494,"type":"respawn"}
[client] {"a":-1,"dup":false,"ev":"game","ms":127326,"predicted":false,"t":-1,"tick":7499,"type":"zone_rotated"}
[client] {"counts":{"blocks_on_me":2,"conf_actions":69,"confirmed_hits":351,"dup_confirmed":0,"hits_on_me":38,"pred_actions":76,"predicted_confirmed":30,"predicted_hits":63,"reconnects":0},"ev":"stats","hp":192.600000000002,"in_bytes":1686949,"late":0,"local_entity":2,"match":{"countdown_until":300,"ctrl":-1,"final":false,"next":"","phase":3,"rot":3440,"scores":[12,23],"sd":false,"state":1,"tick":7360,"zone":"C"},"max_err":1.767,"mean_err":0.0281,"ms":129927,"out_bytes":375356,"pending":6,"pos":[-23.68,5.35],"reconciles":2545,"server_tick":7659,"snaps":2549,"teleports":4}
[client] {"counts":{"blocks_on_me":2,"conf_actions":69,"confirmed_hits":351,"dup_confirmed":0,"hits_on_me":38,"pred_actions":76,"predicted_confirmed":30,"predicted_hits":63,"reconnects":0},"ev":"stats","hp":220.0,"in_bytes":1747115,"late":0,"local_entity":2,"match":{"countdown_until":300,"ctrl":1,"final":false,"next":"","phase":3,"rot":3140,"scores":[12,24],"sd":false,"state":2,"tick":7660,"zone":"C"},"max_err":1.767,"mean_err":0.0274,"ms":134923,"out_bytes":390056,"pending":6,"pos":[12.76,-0.36],"reconciles":2645,"server_tick":7959,"snaps":2649,"teleports":4}
[client] {"a":2,"dup":true,"ev":"game","ms":139091,"predicted":false,"t":8,"tick":8210,"type":"hit"}
[client] {"a":6,"dup":false,"ev":"game","ms":139506,"predicted":false,"t":2,"tick":8230,"type":"hit"}
[client] {"a":9,"dup":false,"ev":"game","ms":139609,"predicted":false,"t":2,"tick":8236,"type":"hit"}
[client] {"a":6,"dup":false,"ev":"game","ms":139858,"predicted":false,"t":2,"tick":8251,"type":"hit"}
[client] {"counts":{"blocks_on_me":2,"conf_actions":72,"confirmed_hits":355,"dup_confirmed":0,"hits_on_me":41,"pred_actions":80,"predicted_confirmed":31,"predicted_hits":67,"reconnects":0},"ev":"stats","hp":166.0,"in_bytes":1805983,"late":0,"local_entity":2,"match":{"countdown_until":300,"ctrl":-1,"final":false,"next":"","phase":3,"rot":2840,"scores":[12,27],"sd":false,"state":3,"tick":7960,"zone":"C"},"max_err":1.767,"mean_err":0.0274,"ms":139926,"out_bytes":404756,"pending":6,"pos":[40.04,-1.31],"reconciles":2745,"server_tick":8259,"snaps":2749,"teleports":4}
[client] {"a":1,"dup":false,"ev":"game","ms":140072,"predicted":false,"t":6,"tick":8264,"type":"hit"}
[client] {"a":2,"dup":true,"ev":"game","ms":140155,"predicted":false,"t":9,"tick":8274,"type":"hit"}
[client] {"a":8,"dup":false,"ev":"game","ms":140327,"predicted":false,"t":1,"tick":8279,"type":"hit"}
[client] {"a":8,"dup":false,"ev":"game","ms":140327,"predicted":false,"t":4,"tick":8279,"type":"hit"}
[client] {"a":8,"dup":false,"ev":"game","ms":140340,"predicted":false,"t":0,"tick":8280,"type":"hit"}
[client] {"a":2,"dup":true,"ev":"game","ms":140624,"predicted":false,"t":8,"tick":8302,"type":"hit"}
[client] {"a":3,"dup":false,"ev":"game","ms":140658,"predicted":false,"t":8,"tick":8299,"type":"hit"}
[client] {"a":7,"dup":false,"ev":"game","ms":140727,"predicted":false,"t":2,"tick":8303,"type":"hit"}
[client] {"a":3,"dup":false,"ev":"game","ms":141307,"predicted":false,"t":7,"tick":8338,"type":"hit"}
[client] {"a":8,"dup":false,"ev":"game","ms":141375,"predicted":false,"t":1,"tick":8342,"type":"hit"}
[client] {"a":8,"dup":false,"ev":"game","ms":141424,"predicted":false,"t":0,"tick":8345,"type":"hit"}
[client] {"a":3,"dup":false,"ev":"game","ms":141659,"predicted":false,"t":6,"tick":8359,"type":"hit"}
[client] {"a":7,"dup":false,"ev":"game","ms":141693,"predicted":false,"t":3,"tick":8361,"type":"hit"}
[client] {"a":8,"dup":false,"ev":"game","ms":141727,"predicted":false,"t":1,"tick":8363,"type":"hit"}
[client] {"a":8,"dup":false,"ev":"game","ms":141755,"predicted":false,"t":4,"tick":8365,"type":"hit"}
[client] {"a":3,"dup":false,"ev":"game","ms":142024,"predicted":false,"t":7,"tick":8381,"type":"hit"}
[client] {"a":9,"dup":false,"ev":"game","ms":142038,"predicted":false,"t":3,"tick":8382,"type":"hit"}
[client] {"a":6,"dup":false,"ev":"game","ms":142059,"predicted":false,"t":3,"tick":8383,"type":"hit"}
[client] {"a":0,"dup":false,"ev":"game","ms":142072,"predicted":false,"t":8,"tick":8384,"type":"hit"}
[client] {"a":1,"dup":false,"ev":"game","ms":142141,"predicted":false,"t":8,"tick":8388,"type":"hit"}
[client] {"a":0,"dup":false,"ev":"game","ms":142176,"predicted":false,"t":6,"tick":8390,"type":"hit"}
[client] {"a":3,"dup":false,"ev":"game","ms":142424,"predicted":false,"t":9,"tick":8405,"type":"hit"}
[client] {"a":4,"dup":false,"ev":"game","ms":143024,"predicted":false,"t":7,"tick":8441,"type":"hit"}
[client] {"a":8,"dup":false,"ev":"game","ms":143024,"predicted":false,"t":1,"tick":8441,"type":"hit"}
[client] {"a":4,"dup":false,"ev":"game","ms":143342,"predicted":false,"t":7,"tick":8460,"type":"hit"}
[client] {"a":4,"dup":false,"ev":"game","ms":143391,"predicted":false,"t":6,"tick":8463,"type":"hit"}
[client] {"a":1,"dup":false,"ev":"game","ms":143556,"predicted":false,"t":7,"tick":8473,"type":"hit"}
[client] {"a":9,"dup":false,"ev":"game","ms":143790,"predicted":false,"t":4,"tick":8487,"type":"hit"}
[client] {"a":7,"dup":false,"ev":"game","ms":143908,"predicted":false,"t":4,"tick":8494,"type":"hit"}
[client] {"a":6,"dup":false,"ev":"game","ms":144060,"predicted":false,"t":4,"tick":8503,"type":"hit"}
[client] {"a":6,"dup":false,"ev":"game","ms":144142,"predicted":false,"t":1,"tick":8508,"type":"hit"}
[client] {"a":0,"dup":false,"ev":"game","ms":144246,"predicted":false,"t":6,"tick":8514,"type":"hit"}
[client] {"a":0,"dup":false,"ev":"game","ms":144246,"predicted":false,"t":7,"tick":8514,"type":"hit"}
[client] {"a":9,"dup":false,"ev":"game","ms":144246,"predicted":false,"t":2,"tick":8514,"type":"hit"}
[client] {"a":5,"dup":false,"ev":"game","ms":144591,"predicted":false,"t":0,"tick":8535,"type":"hit"}
[client] {"a":9,"dup":false,"ev":"game","ms":144874,"predicted":false,"t":2,"tick":8552,"type":"hit"}
[client] {"counts":{"blocks_on_me":2,"conf_actions":82,"confirmed_hits":391,"dup_confirmed":0,"hits_on_me":44,"pred_actions":90,"predicted_confirmed":33,"predicted_hits":70,"reconnects":0},"ev":"stats","hp":116.0,"in_bytes":1888691,"late":0,"local_entity":2,"match":{"countdown_until":300,"ctrl":-1,"final":false,"next":"","phase":3,"rot":2540,"scores":[12,27],"sd":false,"state":3,"tick":8260,"zone":"C"},"max_err":1.767,"mean_err":0.028,"ms":144928,"out_bytes":419456,"pending":6,"pos":[40.32,-1.19],"reconciles":2845,"server_tick":8559,"snaps":2849,"teleports":4}
[client] {"a":4,"dup":false,"ev":"game","ms":145012,"predicted":false,"t":7,"tick":8560,"type":"hit"}
[client] {"a":0,"dup":false,"ev":"game","ms":145129,"predicted":false,"t":5,"tick":8567,"type":"hit"}
[client] {"a":6,"dup":false,"ev":"game","ms":145157,"predicted":false,"t":0,"tick":8569,"type":"hit"}
[client] {"a":1,"dup":false,"ev":"game","ms":145295,"predicted":false,"t":9,"tick":8577,"type":"hit"}
[client] {"a":4,"dup":false,"ev":"game","ms":145309,"predicted":false,"t":9,"tick":8578,"type":"hit"}
[client] {"a":8,"dup":false,"ev":"game","ms":145426,"predicted":false,"t":2,"tick":8585,"type":"hit"}
[client] {"a":3,"dup":false,"ev":"game","ms":145543,"predicted":false,"t":5,"tick":8592,"type":"hit"}
[client] {"a":7,"dup":false,"ev":"game","ms":145543,"predicted":false,"t":4,"tick":8592,"type":"hit"}
[client] {"a":3,"dup":false,"ev":"game","ms":145578,"predicted":false,"t":8,"tick":8594,"type":"hit"}
[client] {"a":3,"dup":false,"ev":"game","ms":145591,"predicted":false,"t":6,"tick":8595,"type":"hit"}
[client] {"a":4,"dup":false,"ev":"game","ms":145929,"predicted":false,"t":7,"tick":8615,"type":"hit"}
[client] {"a":9,"dup":false,"ev":"game","ms":145930,"predicted":false,"t":1,"tick":8615,"type":"hit"}
[client] {"a":9,"dup":false,"ev":"game","ms":145930,"predicted":false,"t":4,"tick":8615,"type":"hit"}
[client] {"a":2,"dup":true,"ev":"game","ms":146144,"predicted":false,"t":9,"tick":8633,"type":"hit"}
[client] {"a":3,"dup":false,"ev":"game","ms":146192,"predicted":false,"t":9,"tick":8631,"type":"hit"}
[client] {"a":5,"dup":false,"ev":"game","ms":146462,"predicted":false,"t":3,"tick":8647,"type":"hit"}
[client] {"a":0,"dup":false,"ev":"game","ms":146778,"predicted":false,"t":5,"tick":8666,"type":"hit"}
[client] {"a":3,"dup":false,"ev":"game","ms":146778,"predicted":false,"t":9,"tick":8666,"type":"hit"}
[client] {"a":0,"dup":false,"ev":"game","ms":146792,"predicted":false,"t":9,"tick":8667,"type":"hit"}
[client] {"a":0,"dup":false,"ev":"game","ms":146875,"predicted":false,"t":8,"tick":8672,"type":"hit"}
[client] {"a":6,"dup":false,"ev":"game","ms":147075,"predicted":false,"t":0,"tick":8684,"type":"hit"}
[client] {"a":3,"dup":false,"ev":"game","ms":147275,"predicted":false,"t":6,"tick":8696,"type":"hit"}
[client] {"a":3,"dup":false,"ev":"game","ms":147296,"predicted":false,"t":7,"tick":8697,"type":"hit"}
[client] {"a":9,"dup":false,"ev":"game","ms":147344,"predicted":false,"t":2,"tick":8700,"type":"hit"}
[client] {"a":9,"dup":false,"ev":"game","ms":147675,"predicted":false,"t":2,"tick":8720,"type":"hit"}
[client] {"a":1,"dup":false,"ev":"game","ms":147896,"predicted":false,"t":5,"tick":8733,"type":"hit"}
[client] {"a":9,"dup":false,"ev":"game","ms":147992,"predicted":false,"t":2,"tick":8739,"type":"hit"}
[client] {"a":3,"dup":false,"ev":"game","ms":148248,"predicted":false,"t":8,"tick":8754,"type":"hit"}
[client] {"a":8,"dup":false,"ev":"game","ms":148248,"predicted":false,"t":-1,"tick":8754,"type":"ko"}
[client] {"a":0,"dup":false,"ev":"game","ms":148510,"predicted":false,"t":6,"tick":8770,"type":"hit"}
[client] {"a":3,"dup":false,"ev":"game","ms":148579,"predicted":false,"t":9,"tick":8774,"type":"parry"}
[client] {"a":4,"dup":false,"ev":"game","ms":148614,"predicted":false,"t":9,"tick":8776,"type":"hit"}
[client] {"a":7,"dup":false,"ev":"game","ms":148710,"predicted":false,"t":0,"tick":8782,"type":"hit"}
[client] {"a":1,"dup":false,"ev":"game","ms":148843,"predicted":false,"t":9,"tick":8790,"type":"hit"}
[client] {"a":7,"dup":false,"ev":"game","ms":149007,"predicted":false,"t":3,"tick":8800,"type":"hit"}
[client] {"a":1,"dup":false,"ev":"game","ms":149324,"predicted":false,"t":9,"tick":8819,"type":"hit"}
[client] {"a":0,"dup":false,"ev":"game","ms":149352,"predicted":false,"t":7,"tick":8821,"type":"hit"}
[client] {"a":3,"dup":false,"ev":"game","ms":149621,"predicted":false,"t":5,"tick":8837,"type":"block"}
[client] {"a":6,"dup":false,"ev":"game","ms":149690,"predicted":false,"t":0,"tick":8841,"type":"hit"}
[client] {"a":1,"dup":false,"ev":"game","ms":149704,"predicted":false,"t":9,"tick":8842,"type":"hit"}
[client] {"counts":{"blocks_on_me":2,"conf_actions":94,"confirmed_hits":428,"dup_confirmed":0,"hits_on_me":48,"pred_actions":101,"predicted_confirmed":34,"predicted_hits":73,"reconnects":0},"ev":"stats","hp":44.0,"in_bytes":1972189,"late":0,"local_entity":2,"match":{"countdown_until":300,"ctrl":-1,"final":false,"next":"","phase":3,"rot":2240,"scores":[12,27],"sd":false,"state":3,"tick":8560,"zone":"C"},"max_err":1.767,"mean_err":0.0283,"ms":149924,"out_bytes":434156,"pending":6,"pos":[41.1,-2.19],"reconciles":2945,"server_tick":8860,"snaps":2949,"teleports":4}
[client] {"a":7,"dup":false,"ev":"game","ms":150290,"predicted":false,"t":3,"tick":8877,"type":"hit"}
[client] {"a":6,"dup":false,"ev":"game","ms":150304,"predicted":false,"t":3,"tick":8878,"type":"hit"}
[client] {"a":9,"dup":false,"ev":"game","ms":150352,"predicted":false,"t":1,"tick":8881,"type":"hit"}
[client] {"a":3,"dup":false,"ev":"game","ms":150621,"predicted":false,"t":5,"tick":8897,"type":"block"}
[client] {"a":7,"dup":false,"ev":"game","ms":150870,"predicted":false,"t":3,"tick":8912,"type":"hit"}
[client] {"a":9,"dup":false,"ev":"game","ms":151091,"predicted":false,"t":4,"tick":8925,"type":"block"}
[client] {"a":3,"dup":false,"ev":"game","ms":151187,"predicted":false,"t":5,"tick":8931,"type":"block"}
[client] {"a":3,"dup":false,"ev":"game","ms":151243,"predicted":false,"t":7,"tick":8934,"type":"hit"}
[client] {"a":2,"dup":true,"ev":"game","ms":151305,"predicted":false,"t":9,"tick":8943,"type":"hit"}
[client] {"a":9,"dup":false,"ev":"game","ms":151374,"predicted":false,"t":4,"tick":8942,"type":"hit"}
[client] {"a":6,"dup":false,"ev":"game","ms":151387,"predicted":false,"t":0,"tick":8943,"type":"hit"}
[client] {"a":6,"dup":false,"ev":"game","ms":151422,"predicted":false,"t":3,"tick":8945,"type":"hit"}
[client] {"a":1,"dup":false,"ev":"game","ms":151491,"predicted":false,"t":6,"tick":8949,"type":"hit"}
[client] {"a":6,"dup":false,"ev":"game","ms":151491,"predicted":false,"t":-1,"tick":8949,"type":"ko"}
[client] {"a":2,"dup":true,"ev":"game","ms":151622,"predicted":false,"t":9,"tick":8962,"type":"hit"}
[client] {"a":9,"dup":false,"ev":"game","ms":151706,"predicted":false,"t":-1,"tick":8962,"type":"ko"}
[client] {"a":4,"dup":false,"ev":"game","ms":151739,"predicted":false,"t":5,"tick":8964,"type":"hit"}
[client] {"a":3,"dup":false,"ev":"game","ms":151809,"predicted":false,"t":5,"tick":8968,"type":"hit"}
[client] {"a":0,"dup":false,"ev":"game","ms":151905,"predicted":false,"t":5,"tick":8974,"type":"hit"}
[client] {"a":4,"dup":false,"ev":"game","ms":152106,"predicted":false,"t":5,"tick":8986,"type":"hit"}
[client] {"a":3,"dup":false,"ev":"game","ms":152126,"predicted":false,"t":5,"tick":8987,"type":"hit"}
[client] {"a":3,"dup":false,"ev":"game","ms":152174,"predicted":false,"t":7,"tick":8990,"type":"hit"}
[client] {"a":7,"dup":false,"ev":"game","ms":152174,"predicted":false,"t":-1,"tick":8990,"type":"ko"}
[client] {"a":0,"dup":false,"ev":"game","ms":152222,"predicted":false,"t":5,"tick":8993,"type":"hit"}
[client] {"a":3,"dup":false,"ev":"game","ms":152443,"predicted":false,"t":5,"tick":9006,"type":"hit"}
[client] {"a":4,"dup":false,"ev":"game","ms":152457,"predicted":false,"t":5,"tick":9007,"type":"hit"}
[client] {"a":4,"dup":false,"ev":"game","ms":153023,"predicted":false,"t":5,"tick":9041,"type":"hit"}
[client] {"a":5,"dup":false,"ev":"game","ms":153023,"predicted":false,"t":-1,"tick":9041,"type":"ko"}
[client] {"counts":{"blocks_on_me":2,"conf_actions":99,"confirmed_hits":449,"dup_confirmed":0,"hits_on_me":48,"pred_actions":106,"predicted_confirmed":36,"predicted_hits":75,"reconnects":0},"ev":"stats","hp":44.0,"in_bytes":2039583,"late":0,"local_entity":2,"match":{"countdown_until":300,"ctrl":0,"final":false,"next":"","phase":3,"rot":1940,"scores":[13,27],"sd":false,"state":2,"tick":8860,"zone":"C"},"max_err":1.767,"mean_err":0.0279,"ms":154926,"out_bytes":448856,"pending":6,"pos":[41.49,-0.3],"reconciles":3045,"server_tick":9160,"snaps":3049,"teleports":4}
[client] {"a":8,"dup":false,"ev":"game","ms":158246,"predicted":false,"t":-1,"tick":9354,"type":"respawn"}
[client] {"counts":{"blocks_on_me":2,"conf_actions":99,"confirmed_hits":449,"dup_confirmed":0,"hits_on_me":48,"pred_actions":106,"predicted_confirmed":36,"predicted_hits":75,"reconnects":0},"ev":"stats","hp":72.7999999999997,"in_bytes":2087458,"late":0,"local_entity":2,"match":{"countdown_until":300,"ctrl":0,"final":false,"next":"","phase":3,"rot":1640,"scores":[18,27],"sd":false,"state":2,"tick":9160,"zone":"C"},"max_err":1.767,"mean_err":0.027,"ms":159929,"out_bytes":463556,"pending":6,"pos":[41.48,-0.3],"reconciles":3145,"server_tick":9460,"snaps":3149,"teleports":4}
[client] {"a":6,"dup":false,"ev":"game","ms":161496,"predicted":false,"t":-1,"tick":9549,"type":"respawn"}
[client] {"a":9,"dup":false,"ev":"game","ms":161710,"predicted":false,"t":-1,"tick":9562,"type":"respawn"}
[client] {"a":7,"dup":false,"ev":"game","ms":162179,"predicted":false,"t":-1,"tick":9590,"type":"respawn"}
[client] {"a":5,"dup":false,"ev":"game","ms":163021,"predicted":false,"t":-1,"tick":9641,"type":"respawn"}
[client] {"counts":{"blocks_on_me":2,"conf_actions":99,"confirmed_hits":449,"dup_confirmed":0,"hits_on_me":48,"pred_actions":106,"predicted_confirmed":36,"predicted_hits":75,"reconnects":0},"ev":"stats","hp":162.800000000001,"in_bytes":2138189,"late":0,"local_entity":2,"match":{"countdown_until":300,"ctrl":0,"final":false,"next":"","phase":3,"rot":1340,"scores":[23,27],"sd":false,"state":2,"tick":9460,"zone":"C"},"max_err":1.767,"mean_err":0.0262,"ms":164924,"out_bytes":478256,"pending":6,"pos":[41.48,-0.3],"reconciles":3245,"server_tick":9760,"snaps":3249,"teleports":4}
[client] {"a":8,"dup":false,"ev":"game","ms":168962,"predicted":false,"t":1,"tick":9997,"type":"hit"}
[client] {"a":8,"dup":false,"ev":"game","ms":169279,"predicted":false,"t":1,"tick":10016,"type":"hit"}
[client] {"a":0,"dup":false,"ev":"game","ms":169527,"predicted":false,"t":8,"tick":10031,"type":"hit"}
[client] {"counts":{"blocks_on_me":2,"conf_actions":101,"confirmed_hits":452,"dup_confirmed":0,"hits_on_me":48,"pred_actions":108,"predicted_confirmed":36,"predicted_hits":75,"reconnects":0},"ev":"stats","hp":220.0,"in_bytes":2195793,"late":0,"local_entity":2,"match":{"countdown_until":300,"ctrl":-1,"final":false,"next":"","phase":3,"rot":1040,"scores":[26,27],"sd":false,"state":3,"tick":9760,"zone":"C"},"max_err":1.767,"mean_err":0.0257,"ms":169927,"out_bytes":492956,"pending":6,"pos":[38.43,4.37],"reconciles":3345,"server_tick":10059,"snaps":3349,"teleports":4}
[client] {"a":1,"dup":false,"ev":"game","ms":171702,"predicted":false,"t":8,"tick":10162,"type":"hit"}
[client] {"a":1,"dup":false,"ev":"game","ms":172054,"predicted":false,"t":8,"tick":10183,"type":"hit"}
[client] {"a":6,"dup":false,"ev":"game","ms":172088,"predicted":false,"t":1,"tick":10185,"type":"hit"}
[client] {"a":2,"dup":true,"ev":"game","ms":172205,"predicted":false,"t":6,"tick":10197,"type":"hit"}
[client] {"a":4,"dup":false,"ev":"game","ms":172392,"predicted":false,"t":8,"tick":10203,"type":"hit"}
[client] {"a":0,"dup":false,"ev":"game","ms":172639,"predicted":false,"t":6,"tick":10218,"type":"hit"}
[client] {"a":3,"dup":false,"ev":"game","ms":172688,"predicted":false,"t":6,"tick":10221,"type":"hit"}
[client] {"a":8,"dup":false,"ev":"game","ms":172853,"predicted":false,"t":2,"tick":10231,"type":"hit"}
[client] {"a":0,"dup":false,"ev":"game","ms":172991,"predicted":false,"t":6,"tick":10239,"type":"hit"}
[client] {"a":2,"dup":true,"ev":"game","ms":173171,"predicted":false,"t":9,"tick":10255,"type":"hit"}
[client] {"a":9,"dup":false,"ev":"game","ms":173654,"predicted":false,"t":2,"tick":10279,"type":"hit"}
[client] {"a":6,"dup":false,"ev":"game","ms":173688,"predicted":false,"t":0,"tick":10281,"type":"hit"}
[client] {"a":6,"dup":false,"ev":"game","ms":174020,"predicted":false,"t":0,"tick":10301,"type":"hit"}
[client] {"a":2,"dup":true,"ev":"game","ms":174020,"predicted":false,"t":9,"tick":10306,"type":"hit"}
[client] {"a":4,"dup":false,"ev":"game","ms":174171,"predicted":false,"t":6,"tick":10310,"type":"hit"}
[client] {"a":8,"dup":false,"ev":"game","ms":174219,"predicted":false,"t":2,"tick":10313,"type":"hit"}
[client] {"a":7,"dup":false,"ev":"game","ms":174240,"predicted":false,"t":2,"tick":10314,"type":"hit"}
[client] {"a":5,"dup":false,"ev":"game","ms":174392,"predicted":false,"t":2,"tick":10323,"type":"hit"}
[client] {"counts":{"blocks_on_me":2,"conf_actions":107,"confirmed_hits":470,"dup_confirmed":0,"hits_on_me":53,"pred_actions":115,"predicted_confirmed":39,"predicted_hits":82,"reconnects":0},"ev":"stats","hp":102.0,"in_bytes":2272274,"late":0,"local_entity":2,"match":{"countdown_until":300,"ctrl":-1,"final":false,"next":"B","phase":3,"rot":740,"scores":[26,27],"sd":false,"state":3,"tick":10060,"zone":"C"},"max_err":1.767,"mean_err":0.0263,"ms":174922,"out_bytes":507656,"pending":6,"pos":[42.13,2.63],"reconciles":3445,"server_tick":10359,"snaps":3449,"teleports":4}
[client] {"a":3,"dup":false,"ev":"game","ms":175406,"predicted":false,"t":9,"tick":10384,"type":"hit"}
[client] {"a":4,"dup":false,"ev":"game","ms":176442,"predicted":false,"t":6,"tick":10446,"type":"hit"}
[client] {"a":7,"dup":false,"ev":"game","ms":176559,"predicted":false,"t":2,"tick":10453,"type":"hit"}
[client] {"a":8,"dup":false,"ev":"game","ms":176711,"predicted":false,"t":2,"tick":10462,"type":"hit"}
[client] {"a":4,"dup":false,"ev":"game","ms":176772,"predicted":false,"t":6,"tick":10466,"type":"hit"}
[client] {"a":4,"dup":false,"ev":"game","ms":177111,"predicted":false,"t":6,"tick":10486,"type":"hit"}
[client] {"a":3,"dup":false,"ev":"game","ms":177276,"predicted":false,"t":8,"tick":10496,"type":"hit"}
[client] {"a":7,"dup":false,"ev":"game","ms":177290,"predicted":false,"t":3,"tick":10497,"type":"hit"}
[client] {"a":6,"dup":false,"ev":"game","ms":177794,"predicted":false,"t":4,"tick":10527,"type":"hit"}
[client] {"a":2,"dup":true,"ev":"game","ms":178056,"predicted":false,"t":7,"tick":10548,"type":"hit"}
[client] {"a":2,"dup":false,"ev":"game","ms":178111,"predicted":false,"t":5,"tick":10551,"type":"block"}
[client] {"a":6,"dup":false,"ev":"game","ms":178125,"predicted":false,"t":4,"tick":10547,"type":"hit"}
[client] {"a":2,"dup":false,"ev":"game","ms":178422,"predicted":false,"t":5,"tick":10570,"type":"block"}
[client] {"a":2,"dup":true,"ev":"game","ms":178422,"predicted":false,"t":7,"tick":10570,"type":"hit"}
[client] {"a":6,"dup":false,"ev":"game","ms":178442,"predicted":false,"t":4,"tick":10566,"type":"hit"}
[client] {"a":8,"dup":false,"ev":"game","ms":178595,"predicted":false,"t":2,"tick":10575,"type":"hit"}
[client] {"a":2,"dup":false,"ev":"game","ms":178642,"predicted":false,"t":-1,"tick":10583,"type":"ko"}
[client] {"a":9,"dup":false,"ev":"game","ms":178725,"predicted":false,"t":2,"tick":10583,"type":"hit"}
[client] {"a":9,"dup":false,"ev":"game","ms":178739,"predicted":false,"t":3,"tick":10584,"type":"hit"}
[client] {"a":4,"dup":false,"ev":"game","ms":178843,"predicted":false,"t":6,"tick":10590,"type":"hit"}
[client] {"a":0,"dup":false,"ev":"game","ms":179270,"predicted":false,"t":9,"tick":10616,"type":"hit"}
[client] {"counts":{"blocks_on_me":2,"conf_actions":112,"confirmed_hits":488,"dup_confirmed":0,"hits_on_me":57,"pred_actions":121,"predicted_confirmed":41,"predicted_hits":90,"reconnects":0},"ev":"stats","hp":0.0,"in_bytes":2348693,"late":0,"local_entity":2,"match":{"countdown_until":300,"ctrl":-1,"final":false,"next":"B","phase":3,"rot":440,"scores":[26,27],"sd":false,"state":3,"tick":10360,"zone":"C"},"max_err":1.767,"mean_err":0.0263,"ms":179918,"out_bytes":522356,"pending":6,"pos":[41.97,1.03],"reconciles":3545,"server_tick":10659,"snaps":3549,"teleports":4}
[client] {"a":5,"dup":false,"ev":"game","ms":179920,"predicted":false,"t":0,"tick":10655,"type":"hit"}
[client] {"a":1,"dup":false,"ev":"game","ms":180023,"predicted":false,"t":9,"tick":10661,"type":"hit"}
[client] {"a":5,"dup":false,"ev":"game","ms":180237,"predicted":false,"t":0,"tick":10674,"type":"hit"}
[client] {"a":5,"dup":false,"ev":"game","ms":180567,"predicted":false,"t":0,"tick":10694,"type":"hit"}
[client] {"a":4,"dup":false,"ev":"game","ms":180602,"predicted":false,"t":9,"tick":10696,"type":"hit"}
[client] {"a":6,"dup":false,"ev":"game","ms":180733,"predicted":false,"t":1,"tick":10704,"type":"hit"}
[client] {"a":3,"dup":false,"ev":"game","ms":180767,"predicted":false,"t":5,"tick":10706,"type":"hit"}
[client] {"a":8,"dup":false,"ev":"game","ms":180788,"predicted":false,"t":0,"tick":10707,"type":"hit"}
[client] {"a":7,"dup":false,"ev":"game","ms":180850,"predicted":false,"t":3,"tick":10711,"type":"hit"}
[client] {"a":4,"dup":false,"ev":"game","ms":180919,"predicted":false,"t":9,"tick":10715,"type":"hit"}
[client] {"a":8,"dup":false,"ev":"game","ms":181133,"predicted":false,"t":0,"tick":10728,"type":"hit"}
[client] {"a":4,"dup":false,"ev":"game","ms":181250,"predicted":false,"t":9,"tick":10735,"type":"hit"}
[client] {"a":3,"dup":false,"ev":"game","ms":181370,"predicted":false,"t":8,"tick":10742,"type":"hit"}
[client] {"a":1,"dup":false,"ev":"game","ms":181509,"predicted":false,"t":9,"tick":10750,"type":"hit"}
[client] {"a":5,"dup":false,"ev":"game","ms":181791,"predicted":false,"t":0,"tick":10767,"type":"hit"}
[client] {"a":9,"dup":false,"ev":"game","ms":181853,"predicted":false,"t":1,"tick":10771,"type":"hit"}
[client] {"a":6,"dup":false,"ev":"game","ms":181888,"predicted":false,"t":0,"tick":10773,"type":"hit"}
[client] {"a":8,"dup":false,"ev":"game","ms":182054,"predicted":false,"t":4,"tick":10783,"type":"hit"}
[client] {"a":7,"dup":false,"ev":"game","ms":182136,"predicted":false,"t":0,"tick":10788,"type":"hit"}
[client] {"a":5,"dup":false,"ev":"game","ms":182158,"predicted":false,"t":0,"tick":10789,"type":"hit"}
[client] {"a":9,"dup":false,"ev":"game","ms":182171,"predicted":false,"t":1,"tick":10790,"type":"hit"}
[client] {"a":9,"dup":false,"ev":"game","ms":182509,"predicted":false,"t":1,"tick":10810,"type":"hit"}
[client] {"a":5,"dup":false,"ev":"game","ms":182523,"predicted":false,"t":0,"tick":10811,"type":"hit"}
[client] {"a":0,"dup":false,"ev":"game","ms":182524,"predicted":false,"t":-1,"tick":10811,"type":"ko"}
[client] {"a":7,"dup":false,"ev":"game","ms":182688,"predicted":false,"t":3,"tick":10821,"type":"hit"}
[client] {"a":3,"dup":false,"ev":"game","ms":183026,"predicted":false,"t":7,"tick":10841,"type":"hit"}
[client] {"a":5,"dup":false,"ev":"game","ms":183040,"predicted":false,"t":3,"tick":10842,"type":"hit"}
[client] {"a":4,"dup":false,"ev":"game","ms":183137,"predicted":false,"t":8,"tick":10848,"type":"hit"}
[client] {"a":9,"dup":false,"ev":"game","ms":183206,"predicted":false,"t":1,"tick":10852,"type":"hit"}
[client] {"a":4,"dup":false,"ev":"game","ms":183537,"predicted":false,"t":8,"tick":10872,"type":"hit"}
[client] {"a":3,"dup":false,"ev":"game","ms":183592,"predicted":false,"t":7,"tick":10875,"type":"hit"}
[client] {"a":5,"dup":false,"ev":"game","ms":183723,"predicted":false,"t":3,"tick":10883,"type":"hit"}
[client] {"a":4,"dup":false,"ev":"game","ms":183909,"predicted":false,"t":8,"tick":10894,"type":"hit"}
[client] {"a":4,"dup":false,"ev":"game","ms":184641,"predicted":false,"t":8,"tick":10938,"type":"hit"}
[client] {"a":8,"dup":false,"ev":"game","ms":184641,"predicted":false,"t":-1,"tick":10938,"type":"ko"}
[client] {"a":5,"dup":false,"ev":"game","ms":184724,"predicted":false,"t":3,"tick":10943,"type":"hit"}
[client] {"counts":{"blocks_on_me":2,"conf_actions":112,"confirmed_hits":522,"dup_confirmed":0,"hits_on_me":57,"pred_actions":121,"predicted_confirmed":41,"predicted_hits":90,"reconnects":0},"ev":"stats","hp":0.0,"in_bytes":2426613,"late":0,"local_entity":2,"match":{"countdown_until":300,"ctrl":-1,"final":false,"next":"B","phase":3,"rot":140,"scores":[26,27],"sd":false,"state":3,"tick":10660,"zone":"C"},"max_err":1.767,"mean_err":0.0256,"ms":184923,"out_bytes":537056,"pending":6,"pos":[41.97,1.03],"reconciles":3645,"server_tick":10959,"snaps":3649,"teleports":4}
[client] {"a":1,"dup":false,"ev":"game","ms":185372,"predicted":false,"t":9,"tick":10982,"type":"hit"}
[client] {"a":3,"dup":false,"ev":"game","ms":185559,"predicted":false,"t":5,"tick":10993,"type":"hit"}
[client] {"a":3,"dup":false,"ev":"game","ms":185559,"predicted":false,"t":7,"tick":10993,"type":"hit"}
[client] {"a":9,"dup":false,"ev":"game","ms":185759,"predicted":false,"t":1,"tick":11005,"type":"hit"}
[client] {"a":4,"dup":false,"ev":"game","ms":185911,"predicted":false,"t":9,"tick":11014,"type":"hit"}
[client] {"a":6,"dup":false,"ev":"game","ms":186056,"predicted":false,"t":4,"tick":11023,"type":"hit"}
[client] {"a":3,"dup":false,"ev":"game","ms":187008,"predicted":false,"t":7,"tick":11080,"type":"hit"}
[client] {"a":4,"dup":false,"ev":"game","ms":187125,"predicted":false,"t":6,"tick":11087,"type":"hit"}
[client] {"a":6,"dup":false,"ev":"game","ms":187125,"predicted":false,"t":-1,"tick":11087,"type":"ko"}
[client] {"a":-1,"dup":false,"ev":"game","ms":187325,"predicted":false,"t":-1,"tick":11099,"type":"zone_rotated"}
[client] {"a":5,"dup":false,"ev":"game","ms":187373,"predicted":false,"t":3,"tick":11102,"type":"hit"}
[client] {"a":7,"dup":false,"ev":"game","ms":187395,"predicted":false,"t":3,"tick":11103,"type":"hit"}
[client] {"a":9,"dup":false,"ev":"game","ms":187644,"predicted":false,"t":4,"tick":11118,"type":"hit"}
[client] {"a":7,"dup":false,"ev":"game","ms":187712,"predicted":false,"t":3,"tick":11122,"type":"hit"}
[client] {"a":3,"dup":false,"ev":"game","ms":187712,"predicted":false,"t":-1,"tick":11122,"type":"ko"}
[client] {"a":9,"dup":false,"ev":"game","ms":187973,"predicted":false,"t":4,"tick":11138,"type":"hit"}
[client] {"a":1,"dup":false,"ev":"game","ms":187994,"predicted":false,"t":7,"tick":11139,"type":"hit"}
[client] {"a":9,"dup":false,"ev":"game","ms":188291,"predicted":false,"t":4,"tick":11157,"type":"hit"}
[client] {"a":1,"dup":false,"ev":"game","ms":188394,"predicted":false,"t":7,"tick":11163,"type":"hit"}
[client] {"a":1,"dup":false,"ev":"game","ms":188443,"predicted":false,"t":5,"tick":11166,"type":"hit"}
[client] {"a":2,"dup":false,"ev":"game","ms":188643,"predicted":false,"t":-1,"tick":11183,"type":"respawn"}
[client] {"a":1,"dup":false,"ev":"game","ms":188795,"predicted":false,"t":7,"tick":11187,"type":"hit"}
[client] {"a":1,"dup":false,"ev":"game","ms":188843,"predicted":false,"t":5,"tick":11190,"type":"hit"}
[client] {"a":4,"dup":false,"ev":"game","ms":188961,"predicted":false,"t":9,"tick":11197,"type":"hit"}
[client] {"a":9,"dup":false,"ev":"game","ms":188961,"predicted":false,"t":-1,"tick":11197,"type":"ko"}
[client] {"a":7,"dup":false,"ev":"game","ms":189203,"predicted":false,"t":1,"tick":11212,"type":"hit"}
[client] {"a":1,"dup":false,"ev":"game","ms":189203,"predicted":false,"t":-1,"tick":11212,"type":"ko"}
[client] {"counts":{"blocks_on_me":2,"conf_actions":113,"confirmed_hits":543,"dup_confirmed":0,"hits_on_me":57,"pred_actions":121,"predicted_confirmed":41,"predicted_hits":90,"reconnects":0},"ev":"stats","hp":220.0,"in_bytes":2494443,"late":0,"local_entity":2,"match":{"countdown_until":300,"ctrl":-1,"final":false,"next":"","phase":3,"rot":3440,"scores":[26,27],"sd":false,"state":1,"tick":10960,"zone":"B"},"max_err":1.767,"mean_err":0.0249,"ms":189919,"out_bytes":551756,"pending":6,"pos":[-5.06,-42.25],"reconciles":3744,"server_tick":11259,"snaps":3749,"teleports":5}
[client] {"a":4,"dup":false,"ev":"game","ms":189940,"predicted":false,"t":5,"tick":11256,"type":"hit"}
[client] {"a":4,"dup":false,"ev":"game","ms":190637,"predicted":false,"t":7,"tick":11297,"type":"hit"}
[client] {"a":4,"dup":false,"ev":"game","ms":190989,"predicted":false,"t":7,"tick":11318,"type":"hit"}
[client] {"a":4,"dup":false,"ev":"game","ms":191320,"predicted":false,"t":7,"tick":11338,"type":"hit"}
[client] {"a":5,"dup":false,"ev":"game","ms":191320,"predicted":false,"t":4,"tick":11338,"type":"hit"}
[client] {"a":5,"dup":false,"ev":"game","ms":191637,"predicted":false,"t":4,"tick":11357,"type":"hit"}
[client] {"a":7,"dup":false,"ev":"game","ms":192252,"predicted":false,"t":4,"tick":11394,"type":"hit"}
[client] {"a":0,"dup":false,"ev":"game","ms":192542,"predicted":false,"t":-1,"tick":11411,"type":"respawn"}
[client] {"a":5,"dup":false,"ev":"game","ms":192638,"predicted":false,"t":4,"tick":11417,"type":"hit"}
[client] {"a":4,"dup":false,"ev":"game","ms":193957,"predicted":false,"t":7,"tick":11497,"type":"hit"}
[client] {"a":7,"dup":false,"ev":"game","ms":193957,"predicted":false,"t":-1,"tick":11497,"type":"ko"}
[client] {"a":8,"dup":false,"ev":"game","ms":194639,"predicted":false,"t":-1,"tick":11538,"type":"respawn"}
[client] {"counts":{"blocks_on_me":2,"conf_actions":113,"confirmed_hits":552,"dup_confirmed":0,"hits_on_me":57,"pred_actions":121,"predicted_confirmed":41,"predicted_hits":90,"reconnects":0},"ev":"stats","hp":220.0,"in_bytes":2551377,"late":0,"local_entity":2,"match":{"countdown_until":300,"ctrl":0,"final":false,"next":"","phase":3,"rot":3140,"scores":[26,27],"sd":false,"state":2,"tick":11260,"zone":"B"},"max_err":1.767,"mean_err":0.0243,"ms":194921,"out_bytes":566456,"pending":6,"pos":[-0.3,-6.8],"reconciles":3844,"server_tick":11559,"snaps":3849,"teleports":5}
[client] {"a":6,"dup":false,"ev":"game","ms":197123,"predicted":false,"t":-1,"tick":11687,"type":"respawn"}
[client] {"a":3,"dup":false,"ev":"game","ms":197710,"predicted":false,"t":-1,"tick":11722,"type":"respawn"}
[client] {"a":9,"dup":false,"ev":"game","ms":198959,"predicted":false,"t":-1,"tick":11797,"type":"respawn"}
[client] {"a":1,"dup":false,"ev":"game","ms":199200,"predicted":false,"t":-1,"tick":11812,"type":"respawn"}
[client] {"counts":{"blocks_on_me":2,"conf_actions":114,"confirmed_hits":552,"dup_confirmed":0,"hits_on_me":57,"pred_actions":122,"predicted_confirmed":41,"predicted_hits":92,"reconnects":0},"ev":"stats","hp":202.0,"in_bytes":2603610,"late":0,"local_entity":2,"match":{"countdown_until":300,"ctrl":-1,"final":false,"next":"","phase":3,"rot":2840,"scores":[29,27],"sd":false,"state":3,"tick":11560,"zone":"B"},"max_err":1.767,"mean_err":0.0238,"ms":199917,"out_bytes":581156,"pending":9,"pos":[0.05,-2.72],"reconciles":3943,"server_tick":11859,"snaps":3949,"teleports":5}
[client] {"a":5,"dup":false,"ev":"game","ms":199918,"predicted":false,"t":2,"tick":11854,"type":"hit"}
[client] {"a":5,"dup":false,"ev":"game","ms":199941,"predicted":false,"t":0,"tick":11855,"type":"hit"}
[client] {"a":5,"dup":false,"ev":"game","ms":200257,"predicted":false,"t":0,"tick":11874,"type":"hit"}
[client] {"a":5,"dup":false,"ev":"game","ms":200257,"predicted":false,"t":2,"tick":11874,"type":"hit"}
[client] {"a":5,"dup":false,"ev":"game","ms":200588,"predicted":false,"t":2,"tick":11894,"type":"hit"}
[client] {"a":5,"dup":false,"ev":"game","ms":200601,"predicted":false,"t":0,"tick":11895,"type":"hit"}
[client] {"a":5,"dup":false,"ev":"game","ms":201085,"predicted":false,"t":2,"tick":11924,"type":"hit"}
[client] {"a":0,"dup":false,"ev":"game","ms":201306,"predicted":false,"t":5,"tick":11938,"type":"hit"}
[client] {"a":0,"dup":false,"ev":"game","ms":201803,"predicted":false,"t":5,"tick":11968,"type":"hit"}
[client] {"a":5,"dup":false,"ev":"game","ms":202307,"predicted":false,"t":4,"tick":11998,"type":"block"}
[client] {"a":0,"dup":false,"ev":"game","ms":202472,"predicted":false,"t":5,"tick":12008,"type":"hit"}
[client] {"a":8,"dup":false,"ev":"game","ms":202955,"predicted":false,"t":2,"tick":12037,"type":"hit"}
[client] {"a":5,"dup":false,"ev":"game","ms":203462,"predicted":false,"t":4,"tick":12067,"type":"block"}
[client] {"a":5,"dup":false,"ev":"game","ms":203756,"predicted":false,"t":4,"tick":12085,"type":"block"}
[client] {"a":2,"dup":true,"ev":"game","ms":203886,"predicted":false,"t":8,"tick":12098,"type":"hit"}
[client] {"a":7,"dup":false,"ev":"game","ms":203956,"predicted":false,"t":-1,"tick":12097,"type":"respawn"}
[client] {"a":5,"dup":false,"ev":"game","ms":204376,"predicted":false,"t":4,"tick":12122,"type":"hit"}
[client] {"a":2,"dup":true,"ev":"game","ms":204522,"predicted":false,"t":8,"tick":12136,"type":"hit"}
[client] {"a":2,"dup":true,"ev":"game","ms":204556,"predicted":false,"t":6,"tick":12138,"type":"hit"}
[client] {"a":5,"dup":false,"ev":"game","ms":204708,"predicted":false,"t":4,"tick":12142,"type":"hit"}
[client] {"counts":{"blocks_on_me":2,"conf_actions":120,"confirmed_hits":568,"dup_confirmed":0,"hits_on_me":62,"pred_actions":129,"predicted_confirmed":44,"predicted_hits":100,"reconnects":0},"ev":"stats","hp":102.0,"in_bytes":2674172,"late":0,"local_entity":2,"match":{"countdown_until":300,"ctrl":-1,"final":false,"next":"","phase":3,"rot":2540,"scores":[29,27],"sd":false,"state":3,"tick":11860,"zone":"B"},"max_err":1.767,"mean_err":0.0245,"ms":204921,"out_bytes":595856,"pending":6,"pos":[-1.35,-2.54],"reconciles":4044,"server_tick":12159,"snaps":4049,"teleports":5}
[client] {"a":0,"dup":false,"ev":"game","ms":205025,"predicted":false,"t":5,"tick":12161,"type":"hit"}
[client] {"a":3,"dup":false,"ev":"game","ms":205025,"predicted":false,"t":8,"tick":12161,"type":"hit"}
[client] {"a":4,"dup":false,"ev":"game","ms":205074,"predicted":false,"t":5,"tick":12164,"type":"hit"}
[client] {"a":5,"dup":false,"ev":"game","ms":205522,"predicted":false,"t":4,"tick":12191,"type":"hit"}
[client] {"a":6,"dup":false,"ev":"game","ms":205522,"predicted":false,"t":2,"tick":12191,"type":"hit"}
[client] {"a":8,"dup":false,"ev":"game","ms":205625,"predicted":false,"t":0,"tick":12197,"type":"hit"}
[client] {"a":4,"dup":false,"ev":"game","ms":205887,"predicted":false,"t":8,"tick":12213,"type":"hit"}
[client] {"a":5,"dup":false,"ev":"game","ms":206087,"predicted":false,"t":0,"tick":12225,"type":"hit"}
[client] {"a":6,"dup":false,"ev":"game","ms":206157,"predicted":false,"t":2,"tick":12229,"type":"hit"}
[client] {"a":4,"dup":false,"ev":"game","ms":206606,"predicted":false,"t":5,"tick":12256,"type":"hit"}
[client] {"a":2,"dup":true,"ev":"game","ms":206660,"predicted":false,"t":6,"tick":12264,"type":"hit"}
[client] {"a":4,"dup":false,"ev":"game","ms":206943,"predicted":false,"t":5,"tick":12276,"type":"hit"}
[client] {"a":1,"dup":false,"ev":"game","ms":207026,"predicted":false,"t":8,"tick":12281,"type":"hit"}
[client] {"a":9,"dup":false,"ev":"game","ms":207226,"predicted":false,"t":2,"tick":12293,"type":"hit"}
[client] {"a":5,"dup":false,"ev":"game","ms":207309,"predicted":false,"t":4,"tick":12298,"type":"hit"}
[client] {"a":8,"dup":false,"ev":"game","ms":207840,"predicted":false,"t":4,"tick":12330,"type":"hit"}
[client] {"a":4,"dup":false,"ev":"game","ms":207840,"predicted":false,"t":-1,"tick":12330,"type":"ko"}
[client] {"a":2,"dup":true,"ev":"game","ms":207875,"predicted":false,"t":9,"tick":12337,"type":"hit"}
[client] {"a":3,"dup":false,"ev":"game","ms":207923,"predicted":false,"t":8,"tick":12335,"type":"hit"}
[client] {"a":6,"dup":false,"ev":"game","ms":207993,"predicted":false,"t":2,"tick":12339,"type":"hit"}
[client] {"a":0,"dup":false,"ev":"game","ms":208179,"predicted":false,"t":5,"tick":12350,"type":"hit"}
[client] {"a":5,"dup":false,"ev":"game","ms":208179,"predicted":false,"t":-1,"tick":12350,"type":"ko"}
[client] {"a":3,"dup":false,"ev":"game","ms":208206,"predicted":false,"t":8,"tick":12352,"type":"hit"}
[client] {"a":1,"dup":false,"ev":"game","ms":208463,"predicted":false,"t":8,"tick":12367,"type":"hit"}
[client] {"a":0,"dup":false,"ev":"game","ms":208758,"predicted":false,"t":8,"tick":12385,"type":"hit"}
[client] {"a":8,"dup":false,"ev":"game","ms":208758,"predicted":false,"t":-1,"tick":12385,"type":"ko"}
[client] {"a":6,"dup":false,"ev":"game","ms":209227,"predicted":false,"t":3,"tick":12413,"type":"hit"}
[client] {"a":6,"dup":false,"ev":"game","ms":209546,"predicted":false,"t":3,"tick":12432,"type":"hit"}
[client] {"counts":{"blocks_on_me":2,"conf_actions":126,"confirmed_hits":593,"dup_confirmed":0,"hits_on_me":66,"pred_actions":137,"predicted_confirmed":46,"predicted_hits":103,"reconnects":0},"ev":"stats","hp":16.0,"in_bytes":2748170,"late":0,"local_entity":2,"match":{"countdown_until":300,"ctrl":-1,"final":false,"next":"","phase":3,"rot":2240,"scores":[29,27],"sd":false,"state":3,"tick":12160,"zone":"B"},"max_err":1.767,"mean_err":0.0258,"ms":209923,"out_bytes":610556,"pending":6,"pos":[-2.01,-2.03],"reconciles":4144,"server_tick":12459,"snaps":4149,"teleports":5}
[client] {"a":9,"dup":false,"ev":"game","ms":210110,"predicted":false,"t":3,"tick":12466,"type":"hit"}
[client] {"a":0,"dup":false,"ev":"game","ms":210207,"predicted":false,"t":6,"tick":12472,"type":"hit"}
[client] {"a":2,"dup":true,"ev":"game","ms":210379,"predicted":false,"t":6,"tick":12487,"type":"hit"}
[client] {"a":2,"dup":true,"ev":"game","ms":210379,"predicted":false,"t":9,"tick":12487,"type":"hit"}
[client] {"a":0,"dup":false,"ev":"game","ms":210924,"predicted":false,"t":9,"tick":12515,"type":"hit"}
[client] {"a":1,"dup":false,"ev":"game","ms":210924,"predicted":false,"t":9,"tick":12515,"type":"hit"}
[client] {"a":0,"dup":false,"ev":"game","ms":211842,"predicted":false,"t":9,"tick":12570,"type":"hit"}
[client] {"a":3,"dup":false,"ev":"game","ms":211877,"predicted":false,"t":9,"tick":12572,"type":"hit"}
[client] {"a":1,"dup":false,"ev":"game","ms":211897,"predicted":false,"t":9,"tick":12573,"type":"hit"}
[client] {"a":0,"dup":false,"ev":"game","ms":212829,"predicted":false,"t":9,"tick":12629,"type":"hit"}
[client] {"a":2,"dup":true,"ev":"game","ms":212864,"predicted":false,"t":7,"tick":12636,"type":"hit"}
[client] {"a":2,"dup":true,"ev":"game","ms":213174,"predicted":false,"t":7,"tick":12655,"type":"hit"}
[client] {"a":1,"dup":false,"ev":"game","ms":213236,"predicted":false,"t":7,"tick":12654,"type":"hit"}
[client] {"a":2,"dup":false,"ev":"game","ms":213539,"predicted":false,"t":-1,"tick":12677,"type":"ko"}
[client] {"a":7,"dup":false,"ev":"game","ms":213622,"predicted":false,"t":2,"tick":12677,"type":"hit"}
[client] {"a":9,"dup":false,"ev":"game","ms":213837,"predicted":false,"t":0,"tick":12690,"type":"hit"}
[client] {"a":1,"dup":false,"ev":"game","ms":213870,"predicted":false,"t":7,"tick":12692,"type":"hit"}
[client] {"a":0,"dup":false,"ev":"game","ms":214292,"predicted":false,"t":9,"tick":12717,"type":"hit"}
[client] {"a":7,"dup":false,"ev":"game","ms":214292,"predicted":false,"t":3,"tick":12717,"type":"hit"}
[client] {"a":1,"dup":false,"ev":"game","ms":214306,"predicted":false,"t":7,"tick":12718,"type":"hit"}
[client] {"a":6,"dup":false,"ev":"game","ms":214540,"predicted":false,"t":1,"tick":12732,"type":"hit"}
[client] {"a":0,"dup":false,"ev":"game","ms":214602,"predicted":false,"t":9,"tick":12736,"type":"hit"}
[client] {"a":3,"dup":false,"ev":"game","ms":214775,"predicted":false,"t":9,"tick":12746,"type":"hit"}
[client] {"a":7,"dup":false,"ev":"game","ms":214823,"predicted":false,"t":1,"tick":12749,"type":"hit"}
[client] {"a":7,"dup":false,"ev":"game","ms":214892,"predicted":false,"t":3,"tick":12753,"type":"hit"}
[client] {"counts":{"blocks_on_me":2,"conf_actions":132,"confirmed_hits":617,"dup_confirmed":0,"hits_on_me":67,"pred_actions":142,"predicted_confirmed":50,"predicted_hits":113,"reconnects":0},"ev":"stats","hp":0.0,"in_bytes":2819633,"late":0,"local_entity":2,"match":{"countdown_until":300,"ctrl":-1,"final":false,"next":"","phase":3,"rot":1940,"scores":[29,27],"sd":false,"state":3,"tick":12460,"zone":"B"},"max_err":1.767,"mean_err":0.0254,"ms":214919,"out_bytes":625256,"pending":6,"pos":[-0.77,-2.74],"reconciles":4244,"server_tick":12759,"snaps":4249,"teleports":5}
[client] {"a":0,"dup":false,"ev":"game","ms":214919,"predicted":false,"t":9,"tick":12755,"type":"hit"}
[client] {"a":9,"dup":false,"ev":"game","ms":214919,"predicted":false,"t":-1,"tick":12755,"type":"ko"}
[client] {"a":6,"dup":false,"ev":"game","ms":215693,"predicted":false,"t":3,"tick":12801,"type":"hit"}
[client] {"a":6,"dup":false,"ev":"game","ms":215706,"predicted":false,"t":0,"tick":12802,"type":"hit"}
[client] {"a":6,"dup":false,"ev":"game","ms":216106,"predicted":false,"t":0,"tick":12826,"type":"hit"}
[client] {"a":6,"dup":false,"ev":"game","ms":216140,"predicted":false,"t":3,"tick":12828,"type":"hit"}
[client] {"a":7,"dup":false,"ev":"game","ms":216341,"predicted":false,"t":0,"tick":12840,"type":"hit"}
[client] {"a":7,"dup":false,"ev":"game","ms":216355,"predicted":false,"t":3,"tick":12841,"type":"hit"}
[client] {"a":3,"dup":false,"ev":"game","ms":217521,"predicted":false,"t":7,"tick":12911,"type":"hit"}
[client] {"a":6,"dup":false,"ev":"game","ms":217624,"predicted":false,"t":3,"tick":12917,"type":"hit"}
[client] {"a":0,"dup":false,"ev":"game","ms":217659,"predicted":false,"t":7,"tick":12919,"type":"hit"}
[client] {"a":4,"dup":false,"ev":"game","ms":217838,"predicted":false,"t":-1,"tick":12930,"type":"respawn"}
[client] {"a":1,"dup":false,"ev":"game","ms":217873,"predicted":false,"t":6,"tick":12932,"type":"hit"}
[client] {"a":3,"dup":false,"ev":"game","ms":217942,"predicted":false,"t":6,"tick":12936,"type":"hit"}
[client] {"a":0,"dup":false,"ev":"game","ms":217990,"predicted":false,"t":6,"tick":12939,"type":"hit"}
[client] {"a":7,"dup":false,"ev":"game","ms":218024,"predicted":false,"t":0,"tick":12941,"type":"hit"}
[client] {"a":5,"dup":false,"ev":"game","ms":218176,"predicted":false,"t":-1,"tick":12950,"type":"respawn"}
[client] {"a":7,"dup":false,"ev":"game","ms":218411,"predicted":false,"t":3,"tick":12964,"type":"hit"}
[client] {"a":7,"dup":false,"ev":"game","ms":218438,"predicted":false,"t":0,"tick":12966,"type":"hit"}
[client] {"a":1,"dup":false,"ev":"game","ms":218556,"predicted":false,"t":6,"tick":12973,"type":"hit"}
[client] {"a":8,"dup":false,"ev":"game","ms":218756,"predicted":false,"t":-1,"tick":12985,"type":"respawn"}
[client] {"a":3,"dup":false,"ev":"game","ms":218922,"predicted":false,"t":7,"tick":12995,"type":"hit"}
[client] {"a":6,"dup":false,"ev":"game","ms":219273,"predicted":false,"t":1,"tick":13016,"type":"hit"}
[client] {"a":7,"dup":false,"ev":"game","ms":219273,"predicted":false,"t":0,"tick":13016,"type":"hit"}
[client] {"a":0,"dup":false,"ev":"game","ms":219274,"predicted":false,"t":-1,"tick":13016,"type":"ko"}
[client] {"a":3,"dup":false,"ev":"game","ms":219577,"predicted":false,"t":7,"tick":13034,"type":"hit"}
[client] {"a":6,"dup":false,"ev":"game","ms":219874,"predicted":false,"t":3,"tick":13052,"type":"hit"}
[client] {"counts":{"blocks_on_me":2,"conf_actions":132,"confirmed_hits":639,"dup_confirmed":0,"hits_on_me":67,"pred_actions":142,"predicted_confirmed":50,"predicted_hits":113,"reconnects":0},"ev":"stats","hp":0.0,"in_bytes":2881755,"late":0,"local_entity":2,"match":{"countdown_until":300,"ctrl":-1,"final":false,"next":"","phase":3,"rot":1640,"scores":[29,27],"sd":false,"state":3,"tick":12760,"zone":"B"},"max_err":1.767,"mean_err":0.0249,"ms":219921,"out_bytes":639956,"pending":6,"pos":[-0.77,-2.74],"reconciles":4344,"server_tick":13059,"snaps":4349,"teleports":5}
[client] {"a":1,"dup":false,"ev":"game","ms":220294,"predicted":false,"t":6,"tick":13077,"type":"hit"}
[client] {"a":1,"dup":false,"ev":"game","ms":220639,"predicted":false,"t":6,"tick":13098,"type":"hit"}
[client] {"a":7,"dup":false,"ev":"game","ms":220660,"predicted":false,"t":3,"tick":13099,"type":"hit"}
[client] {"a":7,"dup":false,"ev":"game","ms":220977,"predicted":false,"t":3,"tick":13118,"type":"hit"}
[client] {"a":1,"dup":false,"ev":"game","ms":221274,"predicted":false,"t":6,"tick":13136,"type":"hit"}
[client] {"a":6,"dup":false,"ev":"game","ms":221274,"predicted":false,"t":-1,"tick":13136,"type":"ko"}
[client] {"a":3,"dup":false,"ev":"game","ms":221826,"predicted":false,"t":7,"tick":13169,"type":"hit"}
[client] {"a":1,"dup":false,"ev":"game","ms":221923,"predicted":false,"t":7,"tick":13175,"type":"hit"}
[client] {"a":7,"dup":false,"ev":"game","ms":222640,"predicted":false,"t":1,"tick":13218,"type":"hit"}
[client] {"a":3,"dup":false,"ev":"game","ms":222832,"predicted":false,"t":7,"tick":13230,"type":"hit"}
[client] {"a":7,"dup":false,"ev":"game","ms":222832,"predicted":false,"t":-1,"tick":13230,"type":"ko"}
[client] {"a":2,"dup":false,"ev":"game","ms":223549,"predicted":false,"t":-1,"tick":13277,"type":"respawn"}
[client] {"counts":{"blocks_on_me":2,"conf_actions":132,"confirmed_hits":648,"dup_confirmed":0,"hits_on_me":67,"pred_actions":142,"predicted_confirmed":50,"predicted_hits":113,"reconnects":0},"ev":"stats","hp":220.0,"in_bytes":2943139,"late":0,"local_entity":2,"match":{"countdown_until":300,"ctrl":-1,"final":false,"next":"","phase":3,"rot":1340,"scores":[30,27],"sd":false,"state":3,"tick":13060,"zone":"B"},"max_err":1.767,"mean_err":0.0243,"ms":224922,"out_bytes":654656,"pending":9,"pos":[4.56,-39.35],"reconciles":4442,"server_tick":13359,"snaps":4449,"teleports":6}
[client] {"a":9,"dup":false,"ev":"game","ms":224923,"predicted":false,"t":-1,"tick":13355,"type":"respawn"}
[client] {"a":5,"dup":false,"ev":"game","ms":226256,"predicted":false,"t":3,"tick":13435,"type":"hit"}
[client] {"a":3,"dup":false,"ev":"game","ms":226256,"predicted":false,"t":-1,"tick":13435,"type":"ko"}
[client] {"a":4,"dup":false,"ev":"game","ms":226670,"predicted":false,"t":5,"tick":13460,"type":"hit"}
[client] {"a":4,"dup":false,"ev":"game","ms":226974,"predicted":false,"t":5,"tick":13478,"type":"hit"}
[client] {"a":8,"dup":false,"ev":"game","ms":227154,"predicted":false,"t":4,"tick":13489,"type":"hit"}
[client] {"a":4,"dup":false,"ev":"game","ms":227609,"predicted":false,"t":5,"tick":13516,"type":"hit"}
[client] {"a":8,"dup":false,"ev":"game","ms":227754,"predicted":false,"t":4,"tick":13525,"type":"hit"}
[client] {"a":5,"dup":false,"ev":"game","ms":227974,"predicted":false,"t":4,"tick":13538,"type":"hit"}
[client] {"a":5,"dup":false,"ev":"game","ms":228306,"predicted":false,"t":4,"tick":13558,"type":"hit"}
[client] {"a":5,"dup":false,"ev":"game","ms":228658,"predicted":false,"t":4,"tick":13579,"type":"hit"}
[client] {"a":0,"dup":false,"ev":"game","ms":229272,"predicted":false,"t":-1,"tick":13616,"type":"respawn"}
[client] {"a":1,"dup":false,"ev":"game","ms":229506,"predicted":false,"t":8,"tick":13630,"type":"hit"}
[client] {"a":1,"dup":false,"ev":"game","ms":229555,"predicted":false,"t":5,"tick":13633,"type":"hit"}
[client] {"counts":{"blocks_on_me":2,"conf_actions":132,"confirmed_hits":659,"dup_confirmed":0,"hits_on_me":67,"pred_actions":142,"predicted_confirmed":50,"predicted_hits":113,"reconnects":0},"ev":"stats","hp":220.0,"in_bytes":3001065,"late":0,"local_entity":2,"match":{"countdown_until":300,"ctrl":-1,"final":false,"next":"","phase":3,"rot":1040,"scores":[30,27],"sd":false,"state":3,"tick":13360,"zone":"B"},"max_err":1.767,"mean_err":0.0238,"ms":229926,"out_bytes":669356,"pending":6,"pos":[0.06,-4.14],"reconciles":4540,"server_tick":13659,"snaps":4546,"teleports":6}
[client] {"a":5,"dup":false,"ev":"game","ms":229941,"predicted":false,"t":4,"tick":13656,"type":"hit"}
[client] {"a":8,"dup":false,"ev":"game","ms":230093,"predicted":false,"t":4,"tick":13665,"type":"hit"}
[client] {"a":8,"dup":false,"ev":"game","ms":230127,"predicted":false,"t":2,"tick":13667,"type":"hit"}
[client] {"a":5,"dup":false,"ev":"game","ms":230293,"predicted":false,"t":4,"tick":13677,"type":"hit"}
[client] {"a":5,"dup":false,"ev":"game","ms":230617,"predicted":false,"t":4,"tick":13697,"type":"hit"}
[client] {"a":8,"dup":false,"ev":"game","ms":230817,"predicted":false,"t":2,"tick":13709,"type":"hit"}
[client] {"a":8,"dup":false,"ev":"game","ms":230817,"predicted":false,"t":4,"tick":13709,"type":"hit"}
[client] {"a":1,"dup":false,"ev":"game","ms":231266,"predicted":false,"t":5,"tick":13736,"type":"hit"}
[client] {"a":6,"dup":false,"ev":"game","ms":231266,"predicted":false,"t":-1,"tick":13736,"type":"respawn"}
[client] {"a":2,"dup":true,"ev":"game","ms":231570,"predicted":false,"t":5,"tick":13759,"type":"hit"}
[client] {"a":4,"dup":false,"ev":"game","ms":231639,"predicted":false,"t":5,"tick":13758,"type":"hit"}
[client] {"a":2,"dup":true,"ev":"game","ms":231935,"predicted":false,"t":5,"tick":13781,"type":"hit"}
[client] {"a":4,"dup":false,"ev":"game","ms":231984,"predicted":false,"t":5,"tick":13778,"type":"hit"}
[client] {"a":2,"dup":true,"ev":"game","ms":232180,"predicted":false,"t":5,"tick":13795,"type":"hit"}
[client] {"a":1,"dup":false,"ev":"game","ms":232242,"predicted":false,"t":8,"tick":13794,"type":"hit"}
[client] {"a":4,"dup":false,"ev":"game","ms":232393,"predicted":false,"t":5,"tick":13803,"type":"hit"}
[client] {"a":1,"dup":false,"ev":"game","ms":232490,"predicted":false,"t":8,"tick":13809,"type":"hit"}
[client] {"a":2,"dup":true,"ev":"game","ms":232752,"predicted":false,"t":5,"tick":13830,"type":"hit"}
[client] {"a":7,"dup":false,"ev":"game","ms":232835,"predicted":false,"t":-1,"tick":13830,"type":"respawn"}
[client] {"a":4,"dup":false,"ev":"game","ms":233069,"predicted":false,"t":5,"tick":13844,"type":"hit"}
[client] {"a":9,"dup":false,"ev":"game","ms":233091,"predicted":false,"t":1,"tick":13845,"type":"hit"}
[client] {"a":4,"dup":false,"ev":"game","ms":233173,"predicted":false,"t":8,"tick":13850,"type":"hit"}
[client] {"a":1,"dup":false,"ev":"game","ms":233457,"predicted":false,"t":5,"tick":13867,"type":"hit"}
[client] {"a":5,"dup":false,"ev":"game","ms":233457,"predicted":false,"t":-1,"tick":13867,"type":"ko"}
[client] {"a":8,"dup":false,"ev":"game","ms":234339,"predicted":false,"t":1,"tick":13920,"type":"hit"}
[client] {"a":4,"dup":false,"ev":"game","ms":234470,"predicted":false,"t":8,"tick":13928,"type":"hit"}
[client] {"a":2,"dup":true,"ev":"game","ms":234506,"predicted":false,"t":8,"tick":13935,"type":"hit"}
[client] {"a":4,"dup":false,"ev":"game","ms":234843,"predicted":false,"t":8,"tick":13950,"type":"hit"}
[client] {"a":2,"dup":true,"ev":"game","ms":234858,"predicted":false,"t":8,"tick":13956,"type":"hit"}
[client] {"counts":{"blocks_on_me":2,"conf_actions":140,"confirmed_hits":685,"dup_confirmed":0,"hits_on_me":69,"pred_actions":150,"predicted_confirmed":56,"predicted_hits":125,"reconnects":0},"ev":"stats","hp":160.0,"in_bytes":3072662,"late":0,"local_entity":2,"match":{"countdown_until":300,"ctrl":-1,"final":false,"next":"A","phase":3,"rot":740,"scores":[30,27],"sd":false,"state":3,"tick":13660,"zone":"B"},"max_err":1.767,"mean_err":0.0242,"ms":234925,"out_bytes":684056,"pending":6,"pos":[0.7,-2.89],"reconciles":4640,"server_tick":13960,"snaps":4646,"teleports":6}
[client] {"a":9,"dup":false,"ev":"game","ms":235610,"predicted":false,"t":1,"tick":13996,"type":"hit"}
[client] {"a":8,"dup":false,"ev":"game","ms":235843,"predicted":false,"t":4,"tick":14010,"type":"hit"}
[client] {"a":1,"dup":false,"ev":"game","ms":235988,"predicted":false,"t":9,"tick":14019,"type":"hit"}
[client] {"a":8,"dup":false,"ev":"game","ms":236154,"predicted":false,"t":4,"tick":14029,"type":"hit"}
[client] {"a":3,"dup":false,"ev":"game","ms":236258,"predicted":false,"t":-1,"tick":14035,"type":"respawn"}
[client] {"a":9,"dup":false,"ev":"game","ms":236327,"predicted":false,"t":1,"tick":14039,"type":"hit"}
[client] {"a":8,"dup":false,"ev":"game","ms":236575,"predicted":false,"t":4,"tick":14054,"type":"hit"}
[client] {"a":0,"dup":false,"ev":"game","ms":236623,"predicted":false,"t":9,"tick":14057,"type":"hit"}
[client] {"a":2,"dup":true,"ev":"game","ms":236623,"predicted":false,"t":8,"tick":14062,"type":"hit"}
[client] {"a":8,"dup":false,"ev":"game","ms":237106,"predicted":false,"t":4,"tick":14086,"type":"hit"}
[client] {"a":1,"dup":false,"ev":"game","ms":237375,"predicted":false,"t":8,"tick":14102,"type":"hit"}
[client] {"a":1,"dup":false,"ev":"game","ms":237727,"predicted":false,"t":8,"tick":14123,"type":"hit"}
[client] {"a":0,"dup":false,"ev":"game","ms":237941,"predicted":false,"t":9,"tick":14136,"type":"hit"}
[client] {"a":1,"dup":false,"ev":"game","ms":238058,"predicted":false,"t":8,"tick":14143,"type":"hit"}
[client] {"a":8,"dup":false,"ev":"game","ms":238058,"predicted":false,"t":-1,"tick":14143,"type":"ko"}
[client] {"a":0,"dup":false,"ev":"game","ms":238528,"predicted":false,"t":6,"tick":14171,"type":"hit"}
[client] {"a":9,"dup":false,"ev":"game","ms":238845,"predicted":false,"t":0,"tick":14190,"type":"hit"}
[client] {"a":6,"dup":false,"ev":"game","ms":238893,"predicted":false,"t":0,"tick":14193,"type":"hit"}
[client] {"a":0,"dup":false,"ev":"game","ms":239273,"predicted":false,"t":6,"tick":14216,"type":"hit"}
[client] {"a":9,"dup":false,"ev":"game","ms":239529,"predicted":false,"t":0,"tick":14231,"type":"hit"}
[client] {"counts":{"blocks_on_me":2,"conf_actions":147,"confirmed_hits":703,"dup_confirmed":0,"hits_on_me":69,"pred_actions":157,"predicted_confirmed":57,"predicted_hits":128,"reconnects":0},"ev":"stats","hp":160.0,"in_bytes":3141415,"late":0,"local_entity":2,"match":{"countdown_until":300,"ctrl":-1,"final":false,"next":"A","phase":3,"rot":440,"scores":[30,27],"sd":false,"state":3,"tick":13960,"zone":"B"},"max_err":1.767,"mean_err":0.0239,"ms":239927,"out_bytes":698756,"pending":6,"pos":[0.54,-2.67],"reconciles":4740,"server_tick":14260,"snaps":4746,"teleports":6}
[client] {"a":6,"dup":false,"ev":"game","ms":240073,"predicted":false,"t":0,"tick":14264,"type":"hit"}
[client] {"a":9,"dup":false,"ev":"game","ms":240308,"predicted":false,"t":0,"tick":14278,"type":"hit"}
[client] {"a":7,"dup":false,"ev":"game","ms":241094,"predicted":false,"t":1,"tick":14325,"type":"hit"}
[client] {"a":9,"dup":false,"ev":"game","ms":241164,"predicted":false,"t":1,"tick":14329,"type":"hit"}
[client] {"a":1,"dup":false,"ev":"game","ms":241164,"predicted":false,"t":-1,"tick":14329,"type":"ko"}
[client] {"a":4,"dup":false,"ev":"game","ms":241191,"predicted":false,"t":7,"tick":14331,"type":"hit"}
[client] {"a":4,"dup":false,"ev":"game","ms":241813,"predicted":false,"t":9,"tick":14368,"type":"hit"}
[client] {"a":4,"dup":false,"ev":"game","ms":242165,"predicted":false,"t":9,"tick":14389,"type":"hit"}
[client] {"a":4,"dup":false,"ev":"game","ms":242529,"predicted":false,"t":9,"tick":14411,"type":"hit"}
[client] {"a":2,"dup":false,"ev":"game","ms":242792,"predicted":false,"t":7,"tick":14432,"type":"hit"}
[client] {"a":0,"dup":false,"ev":"game","ms":243130,"predicted":false,"t":6,"tick":14447,"type":"hit"}
[client] {"a":2,"dup":true,"ev":"game","ms":243165,"predicted":false,"t":7,"tick":14454,"type":"hit"}
[client] {"a":0,"dup":false,"ev":"game","ms":243192,"predicted":false,"t":7,"tick":14451,"type":"hit"}
[client] {"a":4,"dup":false,"ev":"game","ms":243309,"predicted":false,"t":7,"tick":14458,"type":"hit"}
[client] {"a":5,"dup":false,"ev":"game","ms":243463,"predicted":false,"t":-1,"tick":14467,"type":"respawn"}
[client] {"a":9,"dup":false,"ev":"game","ms":243530,"predicted":false,"t":4,"tick":14471,"type":"hit"}
[client] {"a":4,"dup":false,"ev":"game","ms":243530,"predicted":false,"t":-1,"tick":14471,"type":"ko"}
[client] {"a":3,"dup":false,"ev":"game","ms":243993,"predicted":false,"t":6,"tick":14499,"type":"hit"}
[client] {"a":3,"dup":false,"ev":"game","ms":244689,"predicted":false,"t":6,"tick":14541,"type":"hit"}
[client] {"counts":{"blocks_on_me":2,"conf_actions":154,"confirmed_hits":719,"dup_confirmed":0,"hits_on_me":69,"pred_actions":164,"predicted_confirmed":58,"predicted_hits":129,"reconnects":0},"ev":"stats","hp":160.0,"in_bytes":3212465,"late":0,"local_entity":2,"match":{"countdown_until":300,"ctrl":-1,"final":false,"next":"A","phase":3,"rot":140,"scores":[30,27],"sd":false,"state":3,"tick":14260,"zone":"B"},"max_err":1.767,"mean_err":0.024,"ms":244923,"out_bytes":713456,"pending":6,"pos":[-6.33,-4.23],"reconciles":4840,"server_tick":14559,"snaps":4846,"teleports":6}
[client] {"a":0,"dup":false,"ev":"game","ms":245055,"predicted":false,"t":9,"tick":14563,"type":"hit"}
[client] {"a":7,"dup":false,"ev":"game","ms":245338,"predicted":false,"t":0,"tick":14580,"type":"hit"}
[client] {"a":9,"dup":false,"ev":"game","ms":245373,"predicted":false,"t":0,"tick":14582,"type":"hit"}
[client] {"a":9,"dup":false,"ev":"game","ms":245690,"predicted":false,"t":0,"tick":14601,"type":"hit"}
[client] {"a":9,"dup":false,"ev":"game","ms":246055,"predicted":false,"t":0,"tick":14623,"type":"hit"}
[client] {"a":2,"dup":true,"ev":"game","ms":246208,"predicted":false,"t":9,"tick":14637,"type":"hit"}
[client] {"a":2,"dup":true,"ev":"game","ms":246221,"predicted":false,"t":7,"tick":14638,"type":"hit"}
[client] {"a":3,"dup":false,"ev":"game","ms":246407,"predicted":false,"t":6,"tick":14644,"type":"hit"}
[client] {"a":9,"dup":false,"ev":"game","ms":246842,"predicted":false,"t":3,"tick":14670,"type":"hit"}
[client] {"a":7,"dup":false,"ev":"game","ms":247125,"predicted":false,"t":3,"tick":14687,"type":"hit"}
[client] {"a":-1,"dup":false,"ev":"game","ms":247325,"predicted":false,"t":-1,"tick":14699,"type":"zone_rotated"}
[client] {"a":3,"dup":false,"ev":"game","ms":247442,"predicted":false,"t":7,"tick":14706,"type":"hit"}
[client] {"a":3,"dup":false,"ev":"game","ms":247470,"predicted":false,"t":9,"tick":14708,"type":"hit"}
[client] {"a":0,"dup":false,"ev":"game","ms":247773,"predicted":false,"t":9,"tick":14726,"type":"hit"}
[client] {"a":6,"dup":false,"ev":"game","ms":247842,"predicted":false,"t":3,"tick":14730,"type":"hit"}
[client] {"a":8,"dup":false,"ev":"game","ms":248056,"predicted":false,"t":-1,"tick":14743,"type":"respawn"}
[client] {"a":0,"dup":false,"ev":"game","ms":248105,"predicted":false,"t":9,"tick":14746,"type":"hit"}
[client] {"a":3,"dup":false,"ev":"game","ms":248160,"predicted":false,"t":7,"tick":14749,"type":"hit"}
[client] {"a":3,"dup":false,"ev":"game","ms":248160,"predicted":false,"t":9,"tick":14749,"type":"hit"}
[client] {"a":9,"dup":false,"ev":"game","ms":248160,"predicted":false,"t":-1,"tick":14749,"type":"ko"}
[client] {"a":6,"dup":false,"ev":"game","ms":248174,"predicted":false,"t":3,"tick":14750,"type":"hit"}
[client] {"a":2,"dup":true,"ev":"game","ms":248278,"predicted":false,"t":7,"tick":14760,"type":"hit"}
[client] {"a":3,"dup":false,"ev":"game","ms":249140,"predicted":false,"t":7,"tick":14808,"type":"hit"}
[client] {"a":7,"dup":false,"ev":"game","ms":249140,"predicted":false,"t":-1,"tick":14808,"type":"ko"}
[client] {"a":6,"dup":false,"ev":"game","ms":249444,"predicted":false,"t":3,"tick":14826,"type":"hit"}
[client] {"a":6,"dup":false,"ev":"game","ms":249692,"predicted":false,"t":3,"tick":14841,"type":"hit"}
[client] {"a":6,"dup":false,"ev":"game","ms":249740,"predicted":false,"t":2,"tick":14844,"type":"hit"}
[client] {"counts":{"blocks_on_me":2,"conf_actions":161,"confirmed_hits":742,"dup_confirmed":0,"hits_on_me":70,"pred_actions":171,"predicted_confirmed":61,"predicted_hits":136,"reconnects":0},"ev":"stats","hp":141.0,"in_bytes":3283459,"late":0,"local_entity":2,"match":{"countdown_until":300,"ctrl":-1,"final":false,"next":"","phase":3,"rot":3440,"scores":[30,27],"sd":false,"state":1,"tick":14560,"zone":"A"},"max_err":1.767,"mean_err":0.0237,"ms":249925,"out_bytes":728156,"pending":6,"pos":[-1.76,-2.75],"reconciles":4940,"server_tick":14859,"snaps":4946,"teleports":6}
[client] {"a":1,"dup":false,"ev":"game","ms":251162,"predicted":false,"t":-1,"tick":14929,"type":"respawn"}
[client] {"a":4,"dup":false,"ev":"game","ms":253528,"predicted":false,"t":-1,"tick":15071,"type":"respawn"}
[client] {"counts":{"blocks_on_me":2,"conf_actions":161,"confirmed_hits":742,"dup_confirmed":0,"hits_on_me":70,"pred_actions":171,"predicted_confirmed":61,"predicted_hits":136,"reconnects":0},"ev":"stats","hp":141.0,"in_bytes":3340514,"late":0,"local_entity":2,"match":{"countdown_until":300,"ctrl":-1,"final":false,"next":"","phase":3,"rot":3140,"scores":[30,28],"sd":false,"state":3,"tick":14860,"zone":"A"},"max_err":1.767,"mean_err":0.0233,"ms":254928,"out_bytes":742856,"pending":6,"pos":[-33.82,-4.62],"reconciles":5040,"server_tick":15160,"snaps":5046,"teleports":6}
[client] {"a":0,"dup":false,"ev":"game","ms":256195,"predicted":false,"t":5,"tick":15231,"type":"hit"}
[client] {"a":0,"dup":false,"ev":"game","ms":256471,"predicted":false,"t":5,"tick":15248,"type":"hit"}
[client] {"a":2,"dup":true,"ev":"game","ms":256788,"predicted":false,"t":5,"tick":15271,"type":"hit"}
[client] {"a":2,"dup":true,"ev":"game","ms":256988,"predicted":false,"t":5,"tick":15284,"type":"hit"}
[client] {"a":0,"dup":false,"ev":"game","ms":257119,"predicted":false,"t":5,"tick":15287,"type":"hit"}
[client] {"a":0,"dup":false,"ev":"game","ms":257167,"predicted":false,"t":6,"tick":15290,"type":"hit"}
[client] {"a":8,"dup":false,"ev":"game","ms":258156,"predicted":false,"t":3,"tick":15349,"type":"hit"}
[client] {"a":9,"dup":false,"ev":"game","ms":258156,"predicted":false,"t":-1,"tick":15349,"type":"respawn"}
[client] {"a":2,"dup":true,"ev":"game","ms":258388,"predicted":false,"t":5,"tick":15368,"type":"hit"}
[client] {"a":5,"dup":false,"ev":"game","ms":258922,"predicted":false,"t":2,"tick":15394,"type":"hit"}
[client] {"a":8,"dup":false,"ev":"game","ms":258923,"predicted":false,"t":3,"tick":15394,"type":"hit"}
[client] {"a":7,"dup":false,"ev":"game","ms":259155,"predicted":false,"t":-1,"tick":15408,"type":"respawn"}
[client] {"a":2,"dup":false,"ev":"game","ms":259555,"predicted":false,"t":6,"tick":15437,"type":"hit"}
[client] {"a":5,"dup":false,"ev":"game","ms":259851,"predicted":false,"t":2,"tick":15451,"type":"hit"}
[client] {"counts":{"blocks_on_me":2,"conf_actions":167,"confirmed_hits":754,"dup_confirmed":0,"hits_on_me":72,"pred_actions":177,"predicted_confirmed":64,"predicted_hits":139,"reconnects":0},"ev":"stats","hp":73.9000000000003,"in_bytes":3407275,"late":0,"local_entity":2,"match":{"countdown_until":300,"ctrl":-1,"final":false,"next":"","phase":3,"rot":2840,"scores":[30,28],"sd":false,"state":3,"tick":15160,"zone":"A"},"max_err":1.767,"mean_err":0.0238,"ms":259920,"out_bytes":757556,"pending":9,"pos":[-42.64,-2.15],"reconciles":5139,"server_tick":15459,"snaps":5146,"teleports":6}
[client] {"a":8,"dup":false,"ev":"game","ms":259936,"predicted":false,"t":2,"tick":15455,"type":"hit"}
[client] {"a":8,"dup":false,"ev":"game","ms":260286,"predicted":false,"t":3,"tick":15476,"type":"hit"}
[client] {"a":6,"dup":false,"ev":"game","ms":260355,"predicted":false,"t":0,"tick":15481,"type":"hit"}
[client] {"a":3,"dup":false,"ev":"game","ms":260700,"predicted":false,"t":8,"tick":15501,"type":"hit"}
[client] {"a":6,"dup":false,"ev":"game","ms":260838,"predicted":false,"t":0,"tick":15510,"type":"hit"}
[client] {"a":2,"dup":true,"ev":"game","ms":260921,"predicted":false,"t":6,"tick":15520,"type":"hit"}
[client] {"a":1,"dup":false,"ev":"game","ms":261756,"predicted":false,"t":5,"tick":15564,"type":"block"}
[client] {"a":6,"dup":false,"ev":"game","ms":261908,"predicted":false,"t":2,"tick":15574,"type":"hit"}
[client] {"a":1,"dup":false,"ev":"game","ms":262018,"predicted":false,"t":8,"tick":15581,"type":"hit"}
[client] {"a":1,"dup":false,"ev":"game","ms":262053,"predicted":false,"t":5,"tick":15583,"type":"block"}
[client] {"a":3,"dup":false,"ev":"game","ms":262156,"predicted":false,"t":5,"tick":15589,"type":"block"}
[client] {"a":3,"dup":false,"ev":"game","ms":262205,"predicted":false,"t":8,"tick":15592,"type":"hit"}
[client] {"a":6,"dup":false,"ev":"game","ms":262709,"predicted":false,"t":2,"tick":15622,"type":"hit"}
[client] {"a":3,"dup":false,"ev":"game","ms":262922,"predicted":false,"t":5,"tick":15635,"type":"block"}
[client] {"a":6,"dup":false,"ev":"game","ms":263039,"predicted":false,"t":2,"tick":15642,"type":"hit"}
[client] {"a":8,"dup":false,"ev":"game","ms":263405,"predicted":false,"t":3,"tick":15664,"type":"hit"}
[client] {"a":2,"dup":true,"ev":"game","ms":263454,"predicted":false,"t":6,"tick":15672,"type":"hit"}
[client] {"a":6,"dup":false,"ev":"game","ms":263536,"predicted":false,"t":-1,"tick":15672,"type":"ko"}
[client] {"a":3,"dup":false,"ev":"game","ms":263722,"predicted":false,"t":5,"tick":15683,"type":"block"}
[client] {"a":8,"dup":false,"ev":"game","ms":263840,"predicted":false,"t":3,"tick":15690,"type":"hit"}
[client] {"a":1,"dup":false,"ev":"game","ms":263991,"predicted":false,"t":5,"tick":15699,"type":"hit"}
[client] {"a":1,"dup":false,"ev":"game","ms":264336,"predicted":false,"t":5,"tick":15720,"type":"hit"}
[client] {"a":3,"dup":false,"ev":"game","ms":264336,"predicted":false,"t":5,"tick":15720,"type":"hit"}
[client] {"a":2,"dup":true,"ev":"game","ms":264571,"predicted":false,"t":5,"tick":15739,"type":"hit"}
[client] {"a":1,"dup":false,"ev":"game","ms":264688,"predicted":false,"t":5,"tick":15741,"type":"hit"}
[client] {"a":0,"dup":false,"ev":"game","ms":264889,"predicted":false,"t":5,"tick":15753,"type":"hit"}
[client] {"counts":{"blocks_on_me":2,"conf_actions":174,"confirmed_hits":774,"dup_confirmed":0,"hits_on_me":76,"pred_actions":186,"predicted_confirmed":67,"predicted_hits":146,"reconnects":0},"ev":"stats","hp":19.9000000000003,"in_bytes":3482676,"late":0,"local_entity":2,"match":{"countdown_until":300,"ctrl":-1,"final":false,"next":"","phase":3,"rot":2540,"scores":[30,28],"sd":false,"state":3,"tick":15460,"zone":"A"},"max_err":1.767,"mean_err":0.0241,"ms":264922,"out_bytes":772256,"pending":6,"pos":[-41.89,0.32],"reconciles":5240,"server_tick":15759,"snaps":5246,"teleports":6}
[client] {"a":1,"dup":false,"ev":"game","ms":265440,"predicted":false,"t":5,"tick":15786,"type":"hit"}
[client] {"a":5,"dup":false,"ev":"game","ms":265440,"predicted":false,"t":-1,"tick":15786,"type":"ko"}
[client] {"a":8,"dup":false,"ev":"game","ms":266406,"predicted":false,"t":4,"tick":15844,"type":"hit"}
[client] {"a":8,"dup":false,"ev":"game","ms":266421,"predicted":false,"t":3,"tick":15845,"type":"hit"}
[client] {"a":8,"dup":false,"ev":"game","ms":266510,"predicted":false,"t":0,"tick":15850,"type":"hit"}
[client] {"a":0,"dup":false,"ev":"game","ms":266510,"predicted":false,"t":-1,"tick":15850,"type":"ko"}
[client] {"a":2,"dup":true,"ev":"game","ms":266959,"predicted":false,"t":8,"tick":15882,"type":"hit"}
[client] {"a":2,"dup":true,"ev":"game","ms":267172,"predicted":false,"t":8,"tick":15895,"type":"hit"}
[client] {"a":4,"dup":false,"ev":"game","ms":267338,"predicted":false,"t":8,"tick":15900,"type":"hit"}
[client] {"a":1,"dup":false,"ev":"game","ms":267372,"predicted":false,"t":8,"tick":15902,"type":"hit"}
[client] {"a":2,"dup":false,"ev":"game","ms":268912,"predicted":false,"t":8,"tick":15999,"type":"hit"}
[client] {"a":1,"dup":false,"ev":"game","ms":269056,"predicted":false,"t":8,"tick":16003,"type":"hit"}
[client] {"a":2,"dup":true,"ev":"game","ms":269242,"predicted":false,"t":8,"tick":16019,"type":"hit"}
[client] {"a":1,"dup":false,"ev":"game","ms":269325,"predicted":false,"t":8,"tick":16019,"type":"hit"}
[client] {"a":8,"dup":false,"ev":"game","ms":269325,"predicted":false,"t":-1,"tick":16019,"type":"ko"}
[client] {"a":9,"dup":false,"ev":"game","ms":269808,"predicted":false,"t":3,"tick":16048,"type":"parry"}
[client] {"a":4,"dup":false,"ev":"game","ms":269843,"predicted":false,"t":9,"tick":16050,"type":"hit"}
[client] {"a":7,"dup":false,"ev":"game","ms":269843,"predicted":false,"t":3,"tick":16050,"type":"hit"}
[client] {"counts":{"blocks_on_me":2,"conf_actions":181,"confirmed_hits":788,"dup_confirmed":0,"hits_on_me":76,"pred_actions":192,"predicted_confirmed":70,"predicted_hits":150,"reconnects":0},"ev":"stats","hp":19.9000000000003,"in_bytes":3548818,"late":0,"local_entity":2,"match":{"countdown_until":300,"ctrl":-1,"final":false,"next":"","phase":3,"rot":2240,"scores":[30,28],"sd":false,"state":3,"tick":15760,"zone":"A"},"max_err":1.767,"mean_err":0.024,"ms":269925,"out_bytes":786956,"pending":6,"pos":[-42.18,-1.11],"reconciles":5340,"server_tick":16059,"snaps":5346,"teleports":6}
[client] {"a":4,"dup":false,"ev":"game","ms":270139,"predicted":false,"t":9,"tick":16068,"type":"hit"}
[client] {"a":4,"dup":false,"ev":"game","ms":270194,"predicted":false,"t":7,"tick":16071,"type":"hit"}
[client] {"a":1,"dup":false,"ev":"game","ms":270256,"predicted":false,"t":9,"tick":16075,"type":"hit"}
[client] {"a":2,"dup":true,"ev":"game","ms":270257,"predicted":false,"t":7,"tick":16080,"type":"hit"}
[client] {"a":3,"dup":false,"ev":"game","ms":272092,"predicted":false,"t":7,"tick":16185,"type":"hit"}
[client] {"a":3,"dup":false,"ev":"game","ms":272140,"predicted":false,"t":9,"tick":16188,"type":"hit"}
[client] {"a":4,"dup":false,"ev":"game","ms":272140,"predicted":false,"t":7,"tick":16188,"type":"hit"}
[client] {"a":4,"dup":false,"ev":"game","ms":272175,"predicted":false,"t":9,"tick":16190,"type":"hit"}
[client] {"a":1,"dup":false,"ev":"game","ms":272195,"predicted":false,"t":7,"tick":16191,"type":"hit"}
[client] {"a":9,"dup":false,"ev":"game","ms":272830,"predicted":false,"t":4,"tick":16229,"type":"hit"}
[client] {"a":1,"dup":false,"ev":"game","ms":272892,"predicted":false,"t":9,"tick":16233,"type":"hit"}
[client] {"a":7,"dup":false,"ev":"game","ms":272927,"predicted":false,"t":4,"tick":16235,"type":"hit"}
[client] {"a":7,"dup":false,"ev":"game","ms":273258,"predicted":false,"t":4,"tick":16255,"type":"hit"}
[client] {"a":3,"dup":false,"ev":"game","ms":273375,"predicted":false,"t":7,"tick":16262,"type":"hit"}
[client] {"a":6,"dup":false,"ev":"game","ms":273541,"predicted":false,"t":-1,"tick":16272,"type":"respawn"}
[client] {"a":9,"dup":false,"ev":"game","ms":273928,"predicted":false,"t":3,"tick":16295,"type":"hit"}
[client] {"a":3,"dup":false,"ev":"game","ms":273928,"predicted":false,"t":-1,"tick":16295,"type":"ko"}
[client] {"counts":{"blocks_on_me":2,"conf_actions":182,"confirmed_hits":803,"dup_confirmed":0,"hits_on_me":76,"pred_actions":193,"predicted_confirmed":71,"predicted_hits":152,"reconnects":0},"ev":"stats","hp":19.9000000000003,"in_bytes":3612141,"late":0,"local_entity":2,"match":{"countdown_until":300,"ctrl":-1,"final":false,"next":"","phase":3,"rot":1940,"scores":[30,28],"sd":false,"state":3,"tick":16060,"zone":"A"},"max_err":1.767,"mean_err":0.024,"ms":274920,"out_bytes":801656,"pending":6,"pos":[-42.25,-0.53],"reconciles":5440,"server_tick":16359,"snaps":5446,"teleports":6}
[client] {"a":7,"dup":false,"ev":"game","ms":275135,"predicted":false,"t":4,"tick":16368,"type":"hit"}
[client] {"a":5,"dup":false,"ev":"game","ms":275439,"predicted":false,"t":-1,"tick":16386,"type":"respawn"}
[client] {"a":4,"dup":false,"ev":"game","ms":275535,"predicted":false,"t":7,"tick":16392,"type":"hit"}
[client] {"a":1,"dup":false,"ev":"game","ms":275646,"predicted":false,"t":9,"tick":16398,"type":"hit"}
[client] {"a":4,"dup":false,"ev":"game","ms":275887,"predicted":false,"t":7,"tick":16413,"type":"hit"}
[client] {"a":7,"dup":false,"ev":"game","ms":276253,"predicted":false,"t":4,"tick":16435,"type":"hit"}
[client] {"a":0,"dup":false,"ev":"game","ms":276510,"predicted":false,"t":-1,"tick":16450,"type":"respawn"}
[client] {"a":7,"dup":false,"ev":"game","ms":276557,"predicted":false,"t":4,"tick":16453,"type":"block"}
[client] {"a":9,"dup":false,"ev":"game","ms":276757,"predicted":false,"t":4,"tick":16465,"type":"block"}
[client] {"a":2,"dup":true,"ev":"game","ms":276757,"predicted":false,"t":7,"tick":16469,"type":"hit"}
[client] {"a":2,"dup":true,"ev":"game","ms":276791,"predicted":false,"t":9,"tick":16471,"type":"hit"}
[client] {"a":7,"dup":false,"ev":"game","ms":276826,"predicted":false,"t":-1,"tick":16469,"type":"ko"}
[client] {"a":1,"dup":false,"ev":"game","ms":278323,"predicted":false,"t":9,"tick":16559,"type":"hit"}
[client] {"a":9,"dup":false,"ev":"game","ms":278323,"predicted":false,"t":-1,"tick":16559,"type":"ko"}
[client] {"a":8,"dup":false,"ev":"game","ms":279323,"predicted":false,"t":-1,"tick":16619,"type":"respawn"}
[client] {"counts":{"blocks_on_me":2,"conf_actions":185,"confirmed_hits":811,"dup_confirmed":0,"hits_on_me":76,"pred_actions":196,"predicted_confirmed":73,"predicted_hits":157,"reconnects":0},"ev":"stats","hp":19.9000000000003,"in_bytes":3671271,"late":0,"local_entity":2,"match":{"countdown_until":300,"ctrl":0,"final":false,"next":"","phase":3,"rot":1640,"scores":[31,28],"sd":false,"state":2,"tick":16360,"zone":"A"},"max_err":1.767,"mean_err":0.0239,"ms":279923,"out_bytes":816356,"pending":6,"pos":[-42.21,-0.56],"reconciles":5540,"server_tick":16659,"snaps":5546,"teleports":6}
[client] {"a":1,"dup":false,"ev":"game","ms":283725,"predicted":false,"t":6,"tick":16883,"type":"hit"}
[client] {"a":4,"dup":false,"ev":"game","ms":283809,"predicted":false,"t":6,"tick":16888,"type":"hit"}
[client] {"a":3,"dup":false,"ev":"game","ms":283925,"predicted":false,"t":-1,"tick":16895,"type":"respawn"}
[client] {"a":4,"dup":false,"ev":"game","ms":284174,"predicted":false,"t":6,"tick":16910,"type":"hit"}
[client] {"counts":{"blocks_on_me":2,"conf_actions":185,"confirmed_hits":814,"dup_confirmed":0,"hits_on_me":76,"pred_actions":196,"predicted_confirmed":73,"predicted_hits":157,"reconnects":0},"ev":"stats","hp":60.4,"in_bytes":3730251,"late":0,"local_entity":2,"match":{"countdown_until":300,"ctrl":-1,"final":false,"next":"","phase":3,"rot":1340,"scores":[33,28],"sd":false,"state":3,"tick":16660,"zone":"A"},"max_err":1.767,"mean_err":0.0235,"ms":284925,"out_bytes":831056,"pending":6,"pos":[-42.21,-0.56],"reconciles":5640,"server_tick":16959,"snaps":5646,"teleports":6}
[client] {"a":6,"dup":false,"ev":"game","ms":286306,"predicted":false,"t":2,"tick":17037,"type":"hit"}
[client] {"a":6,"dup":false,"ev":"game","ms":286320,"predicted":false,"t":1,"tick":17039,"type":"hit"}
[client] {"a":4,"dup":false,"ev":"game","ms":286486,"predicted":false,"t":6,"tick":17048,"type":"hit"}
[client] {"a":7,"dup":false,"ev":"game","ms":286838,"predicted":false,"t":-1,"tick":17069,"type":"respawn"}
[client] {"a":6,"dup":false,"ev":"game","ms":287141,"predicted":false,"t":2,"tick":17087,"type":"hit"}
[client] {"a":6,"dup":false,"ev":"game","ms":287141,"predicted":false,"t":4,"tick":17087,"type":"hit"}
[client] {"a":1,"dup":false,"ev":"game","ms":287169,"predicted":false,"t":6,"tick":17089,"type":"hit"}
[client] {"a":1,"dup":false,"ev":"game","ms":287541,"predicted":false,"t":6,"tick":17111,"type":"hit"}
[client] {"a":2,"dup":true,"ev":"game","ms":287769,"predicted":false,"t":5,"tick":17130,"type":"hit"}
[client] {"a":5,"dup":false,"ev":"game","ms":287825,"predicted":false,"t":4,"tick":17128,"type":"hit"}
[client] {"a":2,"dup":false,"ev":"game","ms":288073,"predicted":false,"t":5,"tick":17148,"type":"block"}
[client] {"a":9,"dup":false,"ev":"game","ms":288341,"predicted":false,"t":-1,"tick":17159,"type":"respawn"}
[client] {"a":2,"dup":false,"ev":"game","ms":288369,"predicted":false,"t":5,"tick":17166,"type":"block"}
[client] {"a":4,"dup":false,"ev":"game","ms":288673,"predicted":false,"t":5,"tick":17179,"type":"block"}
[client] {"a":2,"dup":false,"ev":"game","ms":288790,"predicted":false,"t":5,"tick":17192,"type":"block"}
[client] {"a":2,"dup":false,"ev":"game","ms":288990,"predicted":false,"t":5,"tick":17204,"type":"block"}
[client] {"a":6,"dup":false,"ev":"game","ms":289108,"predicted":false,"t":0,"tick":17205,"type":"hit"}
[client] {"a":4,"dup":false,"ev":"game","ms":289287,"predicted":false,"t":5,"tick":17216,"type":"block"}
[client] {"a":0,"dup":false,"ev":"game","ms":289508,"predicted":false,"t":6,"tick":17229,"type":"hit"}
[client] {"a":4,"dup":false,"ev":"game","ms":289626,"predicted":false,"t":5,"tick":17236,"type":"hit"}
[client] {"a":2,"dup":true,"ev":"game","ms":289653,"predicted":false,"t":5,"tick":17243,"type":"hit"}
[client] {"a":2,"dup":false,"ev":"game","ms":289673,"predicted":false,"t":-1,"tick":17244,"type":"ko"}
[client] {"a":8,"dup":false,"ev":"game","ms":289708,"predicted":false,"t":4,"tick":17241,"type":"hit"}
[client] {"a":8,"dup":false,"ev":"game","ms":289758,"predicted":false,"t":2,"tick":17244,"type":"hit"}
[client] {"a":0,"dup":false,"ev":"game","ms":289804,"predicted":false,"t":6,"tick":17247,"type":"hit"}
[client] {"a":1,"dup":false,"ev":"game","ms":289839,"predicted":false,"t":6,"tick":17249,"type":"hit"}
[client] {"counts":{"blocks_on_me":2,"conf_actions":191,"confirmed_hits":831,"dup_confirmed":0,"hits_on_me":79,"pred_actions":202,"predicted_confirmed":75,"predicted_hits":170,"reconnects":0},"ev":"stats","hp":0.0,"in_bytes":3801328,"late":0,"local_entity":2,"match":{"countdown_until":300,"ctrl":-1,"final":false,"next":"","phase":3,"rot":1040,"scores":[33,28],"sd":false,"state":3,"tick":16960,"zone":"A"},"max_err":1.767,"mean_err":0.0237,"ms":289921,"out_bytes":845756,"pending":6,"pos":[-39.28,1.28],"reconciles":5740,"server_tick":17259,"snaps":5746,"teleports":6}
[client] {"a":1,"dup":false,"ev":"game","ms":291061,"predicted":false,"t":6,"tick":17322,"type":"hit"}
[client] {"a":4,"dup":false,"ev":"game","ms":291191,"predicted":false,"t":6,"tick":17330,"type":"hit"}
[client] {"a":8,"dup":false,"ev":"game","ms":291191,"predicted":false,"t":4,"tick":17330,"type":"hit"}
[client] {"a":8,"dup":false,"ev":"game","ms":291287,"predicted":false,"t":1,"tick":17336,"type":"hit"}
[client] {"a":0,"dup":false,"ev":"game","ms":291557,"predicted":false,"t":8,"tick":17353,"type":"hit"}
[client] {"a":0,"dup":false,"ev":"game","ms":291605,"predicted":false,"t":5,"tick":17355,"type":"hit"}
[client] {"a":4,"dup":false,"ev":"game","ms":291840,"predicted":false,"t":6,"tick":17370,"type":"hit"}
[client] {"a":6,"dup":false,"ev":"game","ms":291840,"predicted":false,"t":-1,"tick":17370,"type":"ko"}
[client] {"a":0,"dup":false,"ev":"game","ms":292461,"predicted":false,"t":8,"tick":17407,"type":"hit"}
[client] {"a":0,"dup":false,"ev":"game","ms":292757,"predicted":false,"t":8,"tick":17425,"type":"hit"}
[client] {"a":0,"dup":false,"ev":"game","ms":292792,"predicted":false,"t":5,"tick":17427,"type":"hit"}
[client] {"a":4,"dup":false,"ev":"game","ms":292910,"predicted":false,"t":8,"tick":17434,"type":"hit"}
[client] {"a":4,"dup":false,"ev":"game","ms":292958,"predicted":false,"t":5,"tick":17437,"type":"hit"}
[client] {"a":8,"dup":false,"ev":"game","ms":294006,"predicted":false,"t":0,"tick":17500,"type":"hit"}
[client] {"a":8,"dup":false,"ev":"game","ms":294310,"predicted":false,"t":0,"tick":17518,"type":"hit"}
[client] {"a":5,"dup":false,"ev":"game","ms":294427,"predicted":false,"t":0,"tick":17525,"type":"hit"}
[client] {"a":5,"dup":false,"ev":"game","ms":294427,"predicted":false,"t":4,"tick":17525,"type":"hit"}
[client] {"a":1,"dup":false,"ev":"game","ms":294759,"predicted":false,"t":5,"tick":17545,"type":"hit"}
[client] {"counts":{"blocks_on_me":2,"conf_actions":191,"confirmed_hits":848,"dup_confirmed":0,"hits_on_me":79,"pred_actions":202,"predicted_confirmed":75,"predicted_hits":170,"reconnects":0},"ev":"stats","hp":0.0,"in_bytes":3868510,"late":0,"local_entity":2,"match":{"countdown_until":300,"ctrl":-1,"final":false,"next":"C","phase":3,"rot":740,"scores":[33,28],"sd":false,"state":3,"tick":17260,"zone":"A"},"max_err":1.767,"mean_err":0.0233,"ms":294923,"out_bytes":860456,"pending":6,"pos":[-39.28,1.28],"reconciles":5840,"server_tick":17559,"snaps":5846,"teleports":6}
[client] {"a":8,"dup":false,"ev":"game","ms":295324,"predicted":false,"t":1,"tick":17579,"type":"hit"}
[client] {"a":4,"dup":false,"ev":"game","ms":295593,"predicted":false,"t":8,"tick":17595,"type":"hit"}
[client] {"a":1,"dup":false,"ev":"game","ms":295711,"predicted":false,"t":8,"tick":17602,"type":"hit"}
[client] {"a":5,"dup":false,"ev":"game","ms":295745,"predicted":false,"t":3,"tick":17604,"type":"hit"}
[client] {"a":5,"dup":false,"ev":"game","ms":296063,"predicted":false,"t":3,"tick":17623,"type":"hit"}
[client] {"a":8,"dup":false,"ev":"game","ms":296090,"predicted":false,"t":1,"tick":17625,"type":"hit"}
[client] {"a":8,"dup":false,"ev":"game","ms":296111,"predicted":false,"t":4,"tick":17626,"type":"hit"}
[client] {"a":4,"dup":false,"ev":"game","ms":296111,"predicted":false,"t":-1,"tick":17626,"type":"ko"}
[client] {"a":0,"dup":false,"ev":"game","ms":296691,"predicted":false,"t":8,"tick":17661,"type":"hit"}
[client] {"a":3,"dup":false,"ev":"game","ms":296711,"predicted":false,"t":5,"tick":17662,"type":"hit"}
[client] {"a":1,"dup":false,"ev":"game","ms":296994,"predicted":false,"t":8,"tick":17679,"type":"hit"}
[client] {"a":0,"dup":false,"ev":"game","ms":297063,"predicted":false,"t":8,"tick":17683,"type":"hit"}
[client] {"a":3,"dup":false,"ev":"game","ms":297277,"predicted":false,"t":8,"tick":17696,"type":"hit"}
[client] {"a":8,"dup":false,"ev":"game","ms":297277,"predicted":false,"t":-1,"tick":17696,"type":"ko"}
[client] {"a":0,"dup":false,"ev":"game","ms":297960,"predicted":false,"t":7,"tick":17737,"type":"hit"}
[client] {"a":3,"dup":false,"ev":"game","ms":298008,"predicted":false,"t":5,"tick":17740,"type":"hit"}
[client] {"a":3,"dup":false,"ev":"game","ms":298325,"predicted":false,"t":5,"tick":17759,"type":"hit"}
[client] {"a":7,"dup":false,"ev":"game","ms":298546,"predicted":false,"t":0,"tick":17772,"type":"hit"}
[client] {"a":3,"dup":false,"ev":"game","ms":298712,"predicted":false,"t":5,"tick":17782,"type":"hit"}
[client] {"a":1,"dup":false,"ev":"game","ms":298746,"predicted":false,"t":5,"tick":17784,"type":"hit"}
[client] {"a":7,"dup":false,"ev":"game","ms":298878,"predicted":false,"t":0,"tick":17792,"type":"hit"}
[client] {"a":7,"dup":false,"ev":"game","ms":299195,"predicted":false,"t":0,"tick":17811,"type":"hit"}
[client] {"a":5,"dup":false,"ev":"game","ms":299361,"predicted":false,"t":3,"tick":17821,"type":"hit"}
[client] {"a":9,"dup":false,"ev":"game","ms":299492,"predicted":false,"t":1,"tick":17829,"type":"hit"}
[client] {"a":2,"dup":false,"ev":"game","ms":299665,"predicted":false,"t":-1,"tick":17844,"type":"respawn"}
[client] {"a":5,"dup":false,"ev":"game","ms":299692,"predicted":false,"t":3,"tick":17841,"type":"hit"}
[client] {"counts":{"blocks_on_me":2,"conf_actions":192,"confirmed_hits":871,"dup_confirmed":0,"hits_on_me":79,"pred_actions":203,"predicted_confirmed":75,"predicted_hits":170,"reconnects":0},"ev":"stats","hp":220.0,"in_bytes":3937379,"late":0,"local_entity":2,"match":{"countdown_until":300,"ctrl":-1,"final":false,"next":"C","phase":3,"rot":440,"scores":[33,28],"sd":false,"state":3,"tick":17560,"zone":"A"},"max_err":1.767,"mean_err":0.023,"ms":299926,"out_bytes":875156,"pending":6,"pos":[6.15,-47.9],"reconciles":5939,"server_tick":17859,"snaps":5946,"teleports":7}
[client] {"a":3,"dup":false,"ev":"game","ms":300313,"predicted":false,"t":5,"tick":17878,"type":"hit"}
[client] {"a":5,"dup":false,"ev":"game","ms":300313,"predicted":false,"t":-1,"tick":17878,"type":"ko"}
[client] {"a":3,"dup":false,"ev":"game","ms":300396,"predicted":false,"t":9,"tick":17883,"type":"hit"}
[client] {"a":1,"dup":false,"ev":"game","ms":300755,"predicted":false,"t":7,"tick":17905,"type":"hit"}
[client] {"a":3,"dup":false,"ev":"game","ms":301624,"predicted":false,"t":7,"tick":17957,"type":"hit"}
[client] {"a":6,"dup":false,"ev":"game","ms":301859,"predicted":false,"t":-1,"tick":17970,"type":"respawn"}
[client] {"a":9,"dup":false,"ev":"game","ms":302059,"predicted":false,"t":0,"tick":17983,"type":"hit"}
[client] {"a":7,"dup":false,"ev":"game","ms":302577,"predicted":false,"t":0,"tick":18014,"type":"hit"}
[client] {"a":1,"dup":false,"ev":"game","ms":302755,"predicted":false,"t":9,"tick":18025,"type":"hit"}
[client] {"a":0,"dup":false,"ev":"game","ms":302921,"predicted":false,"t":7,"tick":18035,"type":"hit"}
[client] {"a":0,"dup":false,"ev":"game","ms":303260,"predicted":false,"t":7,"tick":18055,"type":"hit"}
[client] {"a":3,"dup":false,"ev":"game","ms":303460,"predicted":false,"t":7,"tick":18067,"type":"hit"}
[client] {"a":9,"dup":false,"ev":"game","ms":303887,"predicted":false,"t":1,"tick":18093,"type":"hit"}
[client] {"a":7,"dup":false,"ev":"game","ms":304191,"predicted":false,"t":0,"tick":18111,"type":"hit"}
[client] {"a":0,"dup":false,"ev":"game","ms":304591,"predicted":false,"t":7,"tick":18135,"type":"hit"}
[client] {"a":9,"dup":false,"ev":"game","ms":304778,"predicted":false,"t":3,"tick":18146,"type":"hit"}
[client] {"counts":{"blocks_on_me":2,"conf_actions":192,"confirmed_hits":885,"dup_confirmed":0,"hits_on_me":79,"pred_actions":203,"predicted_confirmed":75,"predicted_hits":170,"reconnects":0},"ev":"stats","hp":220.0,"in_bytes":3997689,"late":0,"local_entity":2,"match":{"countdown_until":300,"ctrl":-1,"final":false,"next":"C","phase":3,"rot":140,"scores":[33,28],"sd":false,"state":3,"tick":17860,"zone":"A"},"max_err":1.767,"mean_err":0.0226,"ms":304921,"out_bytes":889856,"pending":6,"pos":[-3.58,-19.26],"reconciles":6039,"server_tick":18159,"snaps":6046,"teleports":7}
[client] {"a":7,"dup":false,"ev":"game","ms":305495,"predicted":false,"t":0,"tick":18189,"type":"hit"}
[client] {"a":0,"dup":false,"ev":"game","ms":305495,"predicted":false,"t":-1,"tick":18189,"type":"ko"}
[client] {"a":3,"dup":false,"ev":"game","ms":305509,"predicted":false,"t":9,"tick":18190,"type":"hit"}
[client] {"a":7,"dup":false,"ev":"game","ms":305861,"predicted":false,"t":3,"tick":18211,"type":"hit"}
[client] {"a":4,"dup":false,"ev":"game","ms":306110,"predicted":false,"t":-1,"tick":18226,"type":"respawn"}
[client] {"a":9,"dup":false,"ev":"game","ms":306378,"predicted":false,"t":1,"tick":18242,"type":"hit"}
[client] {"a":3,"dup":false,"ev":"game","ms":306461,"predicted":false,"t":7,"tick":18247,"type":"hit"}
[client] {"a":3,"dup":false,"ev":"game","ms":306910,"predicted":false,"t":7,"tick":18274,"type":"hit"}
[client] {"a":7,"dup":false,"ev":"game","ms":306910,"predicted":false,"t":-1,"tick":18274,"type":"ko"}
[client] {"a":9,"dup":false,"ev":"game","ms":306993,"predicted":false,"t":1,"tick":18279,"type":"hit"}
[client] {"a":8,"dup":false,"ev":"game","ms":307275,"predicted":false,"t":-1,"tick":18296,"type":"respawn"}
[client] {"a":-1,"dup":false,"ev":"game","ms":307323,"predicted":false,"t":-1,"tick":18299,"type":"zone_rotated"}
[client] {"a":9,"dup":false,"ev":"game","ms":307592,"predicted":false,"t":3,"tick":18315,"type":"hit"}
[client] {"a":1,"dup":false,"ev":"game","ms":308110,"predicted":false,"t":9,"tick":18346,"type":"hit"}
[client] {"counts":{"blocks_on_me":2,"conf_actions":192,"confirmed_hits":894,"dup_confirmed":0,"hits_on_me":79,"pred_actions":203,"predicted_confirmed":75,"predicted_hits":170,"reconnects":0},"ev":"stats","hp":220.0,"in_bytes":4054403,"late":0,"local_entity":2,"match":{"countdown_until":300,"ctrl":-1,"final":false,"next":"","phase":3,"rot":3440,"scores":[33,28],"sd":false,"state":1,"tick":18160,"zone":"C"},"max_err":1.767,"mean_err":0.0222,"ms":309924,"out_bytes":904556,"pending":6,"pos":[-8.05,-13.71],"reconciles":6139,"server_tick":18459,"snaps":6146,"teleports":7}
[client] {"a":5,"dup":false,"ev":"game","ms":310304,"predicted":false,"t":-1,"tick":18478,"type":"respawn"}
[client] {"counts":{"blocks_on_me":2,"conf_actions":192,"confirmed_hits":894,"dup_confirmed":0,"hits_on_me":79,"pred_actions":203,"predicted_confirmed":75,"predicted_hits":170,"reconnects":0},"ev":"stats","hp":220.0,"in_bytes":4110212,"late":0,"local_entity":2,"match":{"countdown_until":300,"ctrl":1,"final":false,"next":"","phase":3,"rot":3140,"scores":[33,28],"sd":false,"state":2,"tick":18460,"zone":"C"},"max_err":1.767,"mean_err":0.0219,"ms":314919,"out_bytes":919256,"pending":9,"pos":[25.66,-4.88],"reconciles":6238,"server_tick":18759,"snaps":6246,"teleports":7}
[client] {"a":0,"dup":false,"ev":"game","ms":315493,"predicted":false,"t":-1,"tick":18789,"type":"respawn"}
[client] {"a":7,"dup":false,"ev":"game","ms":316908,"predicted":false,"t":-1,"tick":18874,"type":"respawn"}
[client] {"a":6,"dup":false,"ev":"game","ms":317873,"predicted":false,"t":4,"tick":18932,"type":"hit"}
[client] {"a":2,"dup":true,"ev":"game","ms":317991,"predicted":false,"t":6,"tick":18944,"type":"hit"}
[client] {"a":6,"dup":false,"ev":"game","ms":319109,"predicted":false,"t":2,"tick":19006,"type":"hit"}
[client] {"a":6,"dup":false,"ev":"game","ms":319157,"predicted":false,"t":4,"tick":19009,"type":"hit"}
[client] {"a":8,"dup":false,"ev":"game","ms":319178,"predicted":false,"t":2,"tick":19010,"type":"hit"}
[client] {"a":8,"dup":false,"ev":"game","ms":319826,"predicted":false,"t":2,"tick":19049,"type":"hit"}
[client] {"counts":{"blocks_on_me":2,"conf_actions":197,"confirmed_hits":900,"dup_confirmed":0,"hits_on_me":82,"pred_actions":209,"predicted_confirmed":76,"predicted_hits":171,"reconnects":0},"ev":"stats","hp":126.0,"in_bytes":4173708,"late":0,"local_entity":2,"match":{"countdown_until":300,"ctrl":-1,"final":false,"next":"","phase":3,"rot":2840,"scores":[33,29],"sd":false,"state":3,"tick":18760,"zone":"C"},"max_err":1.767,"mean_err":0.0222,"ms":319929,"out_bytes":933956,"pending":6,"pos":[42.59,1.9],"reconciles":6339,"server_tick":19059,"snaps":6346,"teleports":7}
[client] {"a":6,"dup":false,"ev":"game","ms":320075,"predicted":false,"t":4,"tick":19064,"type":"hit"}
[client] {"a":1,"dup":false,"ev":"game","ms":320495,"predicted":false,"t":6,"tick":19089,"type":"hit"}
[client] {"a":3,"dup":false,"ev":"game","ms":320510,"predicted":false,"t":6,"tick":19090,"type":"hit"}
[client] {"a":2,"dup":true,"ev":"game","ms":320710,"predicted":false,"t":6,"tick":19107,"type":"hit"}
[client] {"a":1,"dup":false,"ev":"game","ms":320778,"predicted":false,"t":8,"tick":19106,"type":"hit"}
[client] {"a":5,"dup":false,"ev":"game","ms":321262,"predicted":false,"t":3,"tick":19135,"type":"hit"}
[client] {"a":1,"dup":false,"ev":"game","ms":321296,"predicted":false,"t":6,"tick":19137,"type":"hit"}
[client] {"a":5,"dup":false,"ev":"game","ms":321310,"predicted":false,"t":1,"tick":19138,"type":"hit"}
[client] {"a":2,"dup":true,"ev":"game","ms":321662,"predicted":false,"t":5,"tick":19164,"type":"hit"}
[client] {"a":6,"dup":false,"ev":"game","ms":322027,"predicted":false,"t":1,"tick":19181,"type":"hit"}
[client] {"a":2,"dup":true,"ev":"game","ms":322062,"predicted":false,"t":5,"tick":19188,"type":"hit"}
[client] {"a":3,"dup":false,"ev":"game","ms":322075,"predicted":false,"t":6,"tick":19184,"type":"hit"}
[client] {"a":9,"dup":false,"ev":"game","ms":322242,"predicted":false,"t":4,"tick":19194,"type":"hit"}
[client] {"a":9,"dup":false,"ev":"game","ms":322262,"predicted":false,"t":1,"tick":19195,"type":"hit"}
[client] {"a":2,"dup":true,"ev":"game","ms":322931,"predicted":false,"t":5,"tick":19240,"type":"hit"}
[client] {"a":2,"dup":true,"ev":"game","ms":322960,"predicted":false,"t":8,"tick":19242,"type":"hit"}
[client] {"a":1,"dup":false,"ev":"game","ms":323090,"predicted":false,"t":5,"tick":19245,"type":"hit"}
[client] {"a":9,"dup":false,"ev":"game","ms":323235,"predicted":false,"t":1,"tick":19254,"type":"hit"}
[client] {"a":4,"dup":false,"ev":"game","ms":323538,"predicted":false,"t":9,"tick":19272,"type":"hit"}
[client] {"a":1,"dup":false,"ev":"game","ms":323608,"predicted":false,"t":9,"tick":19276,"type":"hit"}
[client] {"a":3,"dup":false,"ev":"game","ms":323773,"predicted":false,"t":5,"tick":19286,"type":"block"}
[client] {"a":9,"dup":false,"ev":"game","ms":324056,"predicted":false,"t":3,"tick":19303,"type":"hit"}
[client] {"a":2,"dup":true,"ev":"game","ms":324290,"predicted":false,"t":9,"tick":19321,"type":"hit"}
[client] {"a":8,"dup":false,"ev":"game","ms":324325,"predicted":false,"t":1,"tick":19319,"type":"hit"}
[client] {"a":8,"dup":false,"ev":"game","ms":324352,"predicted":false,"t":3,"tick":19321,"type":"hit"}
[client] {"a":6,"dup":false,"ev":"game","ms":324526,"predicted":false,"t":3,"tick":19331,"type":"hit"}
[client] {"a":6,"dup":false,"ev":"game","ms":324822,"predicted":false,"t":1,"tick":19349,"type":"hit"}
[client] {"a":1,"dup":false,"ev":"game","ms":324822,"predicted":false,"t":-1,"tick":19349,"type":"ko"}
[client] {"a":6,"dup":false,"ev":"game","ms":324870,"predicted":false,"t":4,"tick":19352,"type":"hit"}
[client] {"counts":{"blocks_on_me":2,"conf_actions":206,"confirmed_hits":927,"dup_confirmed":0,"hits_on_me":82,"pred_actions":218,"predicted_confirmed":82,"predicted_hits":182,"reconnects":0},"ev":"stats","hp":126.0,"in_bytes":4252953,"late":0,"local_entity":2,"match":{"countdown_until":300,"ctrl":-1,"final":false,"next":"","phase":3,"rot":2540,"scores":[33,29],"sd":false,"state":3,"tick":19060,"zone":"C"},"max_err":1.767,"mean_err":0.0219,"ms":324924,"out_bytes":948656,"pending":9,"pos":[40.9,-1.49],"reconciles":6437,"server_tick":19359,"snaps":6445,"teleports":7}
[client] {"a":8,"dup":false,"ev":"game","ms":324953,"predicted":false,"t":2,"tick":19357,"type":"hit"}
[client] {"a":9,"dup":false,"ev":"game","ms":324988,"predicted":false,"t":2,"tick":19358,"type":"hit"}
[client] {"a":6,"dup":false,"ev":"game","ms":325091,"predicted":false,"t":3,"tick":19365,"type":"hit"}
[client] {"a":6,"dup":false,"ev":"game","ms":325126,"predicted":false,"t":4,"tick":19367,"type":"hit"}
[client] {"a":0,"dup":false,"ev":"game","ms":325353,"predicted":false,"t":9,"tick":19381,"type":"hit"}
[client] {"a":0,"dup":false,"ev":"game","ms":325422,"predicted":false,"t":8,"tick":19385,"type":"hit"}
[client] {"a":5,"dup":false,"ev":"game","ms":325553,"predicted":false,"t":4,"tick":19393,"type":"hit"}
[client] {"a":6,"dup":false,"ev":"game","ms":325622,"predicted":false,"t":3,"tick":19397,"type":"hit"}
[client] {"a":2,"dup":true,"ev":"game","ms":325775,"predicted":false,"t":8,"tick":19411,"type":"hit"}
[client] {"a":3,"dup":false,"ev":"game","ms":325940,"predicted":false,"t":9,"tick":19416,"type":"hit"}
[client] {"a":6,"dup":false,"ev":"game","ms":326022,"predicted":false,"t":3,"tick":19421,"type":"hit"}
[client] {"a":4,"dup":false,"ev":"game","ms":326258,"predicted":false,"t":9,"tick":19435,"type":"hit"}
[client] {"a":0,"dup":false,"ev":"game","ms":326305,"predicted":false,"t":5,"tick":19438,"type":"hit"}
[client] {"a":4,"dup":false,"ev":"game","ms":326327,"predicted":false,"t":6,"tick":19439,"type":"hit"}
[client] {"a":3,"dup":false,"ev":"game","ms":326657,"predicted":false,"t":5,"tick":19459,"type":"hit"}
[client] {"a":0,"dup":false,"ev":"game","ms":326727,"predicted":false,"t":5,"tick":19463,"type":"hit"}
[client] {"a":4,"dup":false,"ev":"game","ms":327210,"predicted":false,"t":5,"tick":19492,"type":"hit"}
[client] {"a":2,"dup":true,"ev":"game","ms":327292,"predicted":false,"t":8,"tick":19502,"type":"hit"}
[client] {"a":3,"dup":false,"ev":"game","ms":327354,"predicted":false,"t":5,"tick":19501,"type":"hit"}
[client] {"a":6,"dup":false,"ev":"game","ms":327658,"predicted":false,"t":4,"tick":19519,"type":"hit"}
[client] {"a":6,"dup":false,"ev":"game","ms":327727,"predicted":false,"t":3,"tick":19523,"type":"hit"}
[client] {"a":7,"dup":false,"ev":"game","ms":327844,"predicted":false,"t":0,"tick":19530,"type":"hit"}
[client] {"a":7,"dup":false,"ev":"game","ms":327844,"predicted":false,"t":4,"tick":19530,"type":"hit"}
[client] {"a":7,"dup":false,"ev":"game","ms":328175,"predicted":false,"t":0,"tick":19550,"type":"hit"}
[client] {"a":6,"dup":false,"ev":"game","ms":328244,"predicted":false,"t":2,"tick":19554,"type":"hit"}
[client] {"a":0,"dup":false,"ev":"game","ms":328541,"predicted":false,"t":7,"tick":19572,"type":"hit"}
[client] {"a":2,"dup":true,"ev":"game","ms":328575,"predicted":false,"t":6,"tick":19579,"type":"hit"}
[client] {"a":4,"dup":false,"ev":"game","ms":328589,"predicted":false,"t":7,"tick":19575,"type":"hit"}
[client] {"a":4,"dup":false,"ev":"game","ms":328658,"predicted":false,"t":5,"tick":19579,"type":"hit"}
[client] {"a":8,"dup":false,"ev":"game","ms":328658,"predicted":false,"t":2,"tick":19579,"type":"hit"}
[client] {"a":8,"dup":false,"ev":"game","ms":328989,"predicted":false,"t":2,"tick":19599,"type":"hit"}
[client] {"a":2,"dup":false,"ev":"game","ms":329245,"predicted":false,"t":-1,"tick":19619,"type":"ko"}
[client] {"a":8,"dup":false,"ev":"game","ms":329330,"predicted":false,"t":2,"tick":19619,"type":"hit"}
[client] {"a":4,"dup":false,"ev":"game","ms":329811,"predicted":false,"t":5,"tick":19648,"type":"hit"}
[client] {"a":0,"dup":false,"ev":"game","ms":329824,"predicted":false,"t":5,"tick":19649,"type":"hit"}
[client] {"a":5,"dup":false,"ev":"game","ms":329824,"predicted":false,"t":-1,"tick":19649,"type":"ko"}
[client] {"counts":{"blocks_on_me":2,"conf_actions":213,"confirmed_hits":961,"dup_confirmed":0,"hits_on_me":88,"pred_actions":225,"predicted_confirmed":85,"predicted_hits":190,"reconnects":0},"ev":"stats","hp":0.0,"in_bytes":4331286,"late":0,"local_entity":2,"match":{"countdown_until":300,"ctrl":-1,"final":false,"next":"","phase":3,"rot":2240,"scores":[33,29],"sd":false,"state":3,"tick":19360,"zone":"C"},"max_err":1.767,"mean_err":0.022,"ms":329927,"out_bytes":963356,"pending":6,"pos":[42.82,-0.84],"reconciles":6538,"server_tick":19659,"snaps":6545,"teleports":7}
[client] {"a":8,"dup":false,"ev":"game","ms":329955,"predicted":false,"t":4,"tick":19657,"type":"hit"}
[client] {"a":3,"dup":false,"ev":"game","ms":330059,"predicted":false,"t":7,"tick":19663,"type":"hit"}
[client] {"a":3,"dup":false,"ev":"game","ms":330094,"predicted":false,"t":9,"tick":19665,"type":"hit"}
[client] {"a":0,"dup":false,"ev":"game","ms":330742,"predicted":false,"t":7,"tick":19704,"type":"hit"}
[client] {"a":0,"dup":false,"ev":"game","ms":330756,"predicted":false,"t":9,"tick":19705,"type":"hit"}
[client] {"a":3,"dup":false,"ev":"game","ms":330756,"predicted":false,"t":8,"tick":19705,"type":"hit"}
[client] {"a":6,"dup":false,"ev":"game","ms":330826,"predicted":false,"t":3,"tick":19709,"type":"hit"}
[client] {"a":4,"dup":false,"ev":"game","ms":330942,"predicted":false,"t":8,"tick":19716,"type":"hit"}
[client] {"a":6,"dup":false,"ev":"game","ms":331211,"predicted":false,"t":3,"tick":19732,"type":"hit"}
[client] {"a":0,"dup":false,"ev":"game","ms":331659,"predicted":false,"t":8,"tick":19759,"type":"hit"}
[client] {"a":7,"dup":false,"ev":"game","ms":331660,"predicted":false,"t":0,"tick":19759,"type":"hit"}
[client] {"a":8,"dup":false,"ev":"game","ms":331660,"predicted":false,"t":-1,"tick":19759,"type":"ko"}
[client] {"a":6,"dup":false,"ev":"game","ms":332094,"predicted":false,"t":0,"tick":19785,"type":"hit"}
[client] {"a":6,"dup":false,"ev":"game","ms":332142,"predicted":false,"t":4,"tick":19788,"type":"hit"}
[client] {"a":4,"dup":false,"ev":"game","ms":332142,"predicted":false,"t":-1,"tick":19788,"type":"ko"}
[client] {"a":7,"dup":false,"ev":"game","ms":332646,"predicted":false,"t":3,"tick":19818,"type":"hit"}
[client] {"a":3,"dup":false,"ev":"game","ms":332646,"predicted":false,"t":-1,"tick":19818,"type":"ko"}
[client] {"a":0,"dup":false,"ev":"game","ms":333661,"predicted":false,"t":7,"tick":19879,"type":"hit"}
[client] {"a":0,"dup":false,"ev":"game","ms":333674,"predicted":false,"t":9,"tick":19880,"type":"hit"}
[client] {"a":6,"dup":false,"ev":"game","ms":334309,"predicted":false,"t":0,"tick":19918,"type":"hit"}
[client] {"a":9,"dup":false,"ev":"game","ms":334778,"predicted":false,"t":0,"tick":19946,"type":"hit"}
[client] {"a":1,"dup":false,"ev":"game","ms":334827,"predicted":false,"t":-1,"tick":19949,"type":"respawn"}
[client] {"counts":{"blocks_on_me":2,"conf_actions":213,"confirmed_hits":979,"dup_confirmed":0,"hits_on_me":88,"pred_actions":225,"predicted_confirmed":85,"predicted_hits":190,"reconnects":0},"ev":"stats","hp":0.0,"in_bytes":4398444,"late":0,"local_entity":2,"match":{"countdown_until":300,"ctrl":-1,"final":false,"next":"","phase":3,"rot":1940,"scores":[33,29],"sd":false,"state":3,"tick":19660,"zone":"C"},"max_err":1.767,"mean_err":0.0217,"ms":334929,"out_bytes":978056,"pending":6,"pos":[42.82,-0.84],"reconciles":6638,"server_tick":19959,"snaps":6645,"teleports":7}
[client] {"a":6,"dup":false,"ev":"game","ms":335027,"predicted":false,"t":0,"tick":19961,"type":"hit"}
[client] {"a":7,"dup":false,"ev":"game","ms":335047,"predicted":false,"t":0,"tick":19962,"type":"hit"}
[client] {"a":9,"dup":false,"ev":"game","ms":335110,"predicted":false,"t":0,"tick":19966,"type":"hit"}
[client] {"a":0,"dup":false,"ev":"game","ms":336020,"predicted":false,"t":7,"tick":20021,"type":"hit"}
[client] {"a":9,"dup":false,"ev":"game","ms":336469,"predicted":false,"t":0,"tick":20048,"type":"hit"}
[client] {"a":0,"dup":false,"ev":"game","ms":336469,"predicted":false,"t":-1,"tick":20048,"type":"ko"}
[client] {"a":2,"dup":false,"ev":"game","ms":339243,"predicted":false,"t":-1,"tick":20219,"type":"respawn"}
[client] {"a":5,"dup":false,"ev":"game","ms":339822,"predicted":false,"t":-1,"tick":20249,"type":"respawn"}
[client] {"counts":{"blocks_on_me":2,"conf_actions":213,"confirmed_hits":984,"dup_confirmed":0,"hits_on_me":88,"pred_actions":225,"predicted_confirmed":85,"predicted_hits":190,"reconnects":0},"ev":"stats","hp":220.0,"in_bytes":4451238,"late":0,"local_entity":2,"match":{"countdown_until":300,"ctrl":1,"final":false,"next":"","phase":3,"rot":1640,"scores":[33,32],"sd":false,"state":2,"tick":19960,"zone":"C"},"max_err":1.767,"mean_err":0.0214,"ms":339925,"out_bytes":992756,"pending":6,"pos":[-5.38,-43.57],"reconciles":6737,"server_tick":20259,"snaps":6745,"teleports":8}
[client] {"a":8,"dup":false,"ev":"game","ms":341658,"predicted":false,"t":-1,"tick":20359,"type":"respawn"}
[client] {"a":4,"dup":false,"ev":"game","ms":342142,"predicted":false,"t":-1,"tick":20388,"type":"respawn"}
[client] {"a":3,"dup":false,"ev":"game","ms":342645,"predicted":false,"t":-1,"tick":20418,"type":"respawn"}
[client] {"counts":{"blocks_on_me":2,"conf_actions":213,"confirmed_hits":984,"dup_confirmed":0,"hits_on_me":88,"pred_actions":225,"predicted_confirmed":85,"predicted_hits":190,"reconnects":0},"ev":"stats","hp":220.0,"in_bytes":4509512,"late":0,"local_entity":2,"match":{"countdown_until":300,"ctrl":-1,"final":false,"next":"","phase":3,"rot":1340,"scores":[33,36],"sd":false,"state":3,"tick":20260,"zone":"C"},"max_err":1.767,"mean_err":0.0211,"ms":344921,"out_bytes":1007456,"pending":9,"pos":[12.97,-19.06],"reconciles":6836,"server_tick":20559,"snaps":6845,"teleports":8}
[client] {"a":0,"dup":false,"ev":"game","ms":346474,"predicted":false,"t":-1,"tick":20648,"type":"respawn"}
[client] {"a":1,"dup":false,"ev":"game","ms":346738,"predicted":false,"t":9,"tick":20664,"type":"hit"}
[client] {"a":1,"dup":false,"ev":"game","ms":347419,"predicted":false,"t":7,"tick":20705,"type":"hit"}
[client] {"a":6,"dup":false,"ev":"game","ms":347419,"predicted":false,"t":1,"tick":20705,"type":"hit"}
[client] {"a":6,"dup":false,"ev":"game","ms":347640,"predicted":false,"t":1,"tick":20718,"type":"hit"}
[client] {"a":1,"dup":false,"ev":"game","ms":348620,"predicted":false,"t":9,"tick":20777,"type":"hit"}
[client] {"a":9,"dup":false,"ev":"game","ms":348620,"predicted":false,"t":-1,"tick":20777,"type":"ko"}
[client] {"a":1,"dup":false,"ev":"game","ms":348647,"predicted":false,"t":6,"tick":20778,"type":"hit"}
[client] {"a":1,"dup":false,"ev":"game","ms":349220,"predicted":false,"t":7,"tick":20813,"type":"hit"}
[client] {"a":1,"dup":false,"ev":"game","ms":349455,"predicted":false,"t":7,"tick":20827,"type":"hit"}
[client] {"a":1,"dup":false,"ev":"game","ms":349505,"predicted":false,"t":6,"tick":20829,"type":"hit"}
[client] {"counts":{"blocks_on_me":2,"conf_actions":214,"confirmed_hits":993,"dup_confirmed":0,"hits_on_me":88,"pred_actions":226,"predicted_confirmed":85,"predicted_hits":192,"reconnects":0},"ev":"stats","hp":220.0,"in_bytes":4573546,"late":0,"local_entity":2,"match":{"countdown_until":300,"ctrl":-1,"final":false,"next":"","phase":3,"rot":1040,"scores":[33,36],"sd":false,"state":3,"tick":20560,"zone":"C"},"max_err":1.767,"mean_err":0.0208,"ms":349923,"out_bytes":1022156,"pending":9,"pos":[40.16,-1.11],"reconciles":6935,"server_tick":20859,"snaps":6944,"teleports":8}
[client] {"a":2,"dup":true,"ev":"game","ms":349925,"predicted":false,"t":6,"tick":20859,"type":"hit"}
[client] {"a":2,"dup":true,"ev":"game","ms":349959,"predicted":false,"t":7,"tick":20862,"type":"hit"}
[client] {"a":6,"dup":false,"ev":"game","ms":349993,"predicted":false,"t":-1,"tick":20859,"type":"ko"}
[client] {"a":2,"dup":true,"ev":"game","ms":350276,"predicted":false,"t":7,"tick":20881,"type":"hit"}
[client] {"a":2,"dup":true,"ev":"game","ms":350573,"predicted":false,"t":7,"tick":20899,"type":"hit"}
[client] {"a":7,"dup":false,"ev":"game","ms":350677,"predicted":false,"t":-1,"tick":20899,"type":"ko"}
[client] {"a":2,"dup":true,"ev":"game","ms":351208,"predicted":false,"t":5,"tick":20937,"type":"hit"}
[client] {"a":1,"dup":false,"ev":"game","ms":352811,"predicted":false,"t":5,"tick":21028,"type":"hit"}
[client] {"a":1,"dup":false,"ev":"game","ms":352843,"predicted":false,"t":8,"tick":21030,"type":"hit"}
[client] {"a":1,"dup":false,"ev":"game","ms":354174,"predicted":false,"t":8,"tick":21110,"type":"hit"}
[client] {"a":5,"dup":false,"ev":"game","ms":354174,"predicted":false,"t":1,"tick":21110,"type":"hit"}
[client] {"a":4,"dup":false,"ev":"game","ms":354540,"predicted":false,"t":8,"tick":21132,"type":"hit"}
[client] {"counts":{"blocks_on_me":2,"conf_actions":221,"confirmed_hits":1003,"dup_confirmed":0,"hits_on_me":88,"pred_actions":233,"predicted_confirmed":90,"predicted_hits":196,"reconnects":0},"ev":"stats","hp":220.0,"in_bytes":4636211,"late":0,"local_entity":2,"match":{"countdown_until":300,"ctrl":-1,"final":false,"next":"B","phase":3,"rot":740,"scores":[33,36],"sd":false,"state":3,"tick":20860,"zone":"C"},"max_err":1.767,"mean_err":0.0207,"ms":354926,"out_bytes":1036856,"pending":6,"pos":[42.93,-0.61],"reconciles":7036,"server_tick":21159,"snaps":7044,"teleports":8}
[client] {"a":8,"dup":false,"ev":"game","ms":354926,"predicted":false,"t":4,"tick":21155,"type":"hit"}
[client] {"a":8,"dup":false,"ev":"game","ms":355327,"predicted":false,"t":4,"tick":21179,"type":"hit"}
[client] {"a":1,"dup":false,"ev":"game","ms":355375,"predicted":false,"t":8,"tick":21182,"type":"hit"}
[client] {"a":2,"dup":false,"ev":"game","ms":355762,"predicted":false,"t":5,"tick":21210,"type":"block"}
[client] {"a":4,"dup":false,"ev":"game","ms":355996,"predicted":false,"t":5,"tick":21219,"type":"block"}
[client] {"a":2,"dup":false,"ev":"game","ms":356044,"predicted":false,"t":5,"tick":21227,"type":"block"}
[client] {"a":1,"dup":false,"ev":"game","ms":356224,"predicted":false,"t":5,"tick":21233,"type":"block"}
[client] {"a":4,"dup":false,"ev":"game","ms":356293,"predicted":false,"t":5,"tick":21237,"type":"block"}
[client] {"a":2,"dup":false,"ev":"game","ms":356362,"predicted":false,"t":5,"tick":21246,"type":"block"}
[client] {"a":1,"dup":false,"ev":"game","ms":356458,"predicted":false,"t":5,"tick":21247,"type":"block"}
[client] {"a":4,"dup":false,"ev":"game","ms":356610,"predicted":false,"t":5,"tick":21256,"type":"block"}
[client] {"a":4,"dup":false,"ev":"game","ms":356645,"predicted":false,"t":8,"tick":21258,"type":"hit"}
[client] {"a":3,"dup":false,"ev":"game","ms":356659,"predicted":false,"t":5,"tick":21259,"type":"block"}
[client] {"a":1,"dup":false,"ev":"game","ms":356976,"predicted":false,"t":5,"tick":21278,"type":"block"}
[client] {"a":2,"dup":true,"ev":"game","ms":357286,"predicted":false,"t":5,"tick":21302,"type":"hit"}
[client] {"a":1,"dup":false,"ev":"game","ms":357307,"predicted":false,"t":5,"tick":21298,"type":"guard_break"}
[client] {"a":1,"dup":false,"ev":"game","ms":357673,"predicted":false,"t":5,"tick":21320,"type":"hit"}
[client] {"a":8,"dup":false,"ev":"game","ms":357673,"predicted":false,"t":2,"tick":21320,"type":"hit"}
[client] {"a":3,"dup":false,"ev":"game","ms":357769,"predicted":false,"t":5,"tick":21326,"type":"hit"}
[client] {"a":8,"dup":false,"ev":"game","ms":358238,"predicted":false,"t":4,"tick":21354,"type":"hit"}
[client] {"a":4,"dup":false,"ev":"game","ms":358618,"predicted":false,"t":8,"tick":21377,"type":"hit"}
[client] {"a":9,"dup":false,"ev":"game","ms":358618,"predicted":false,"t":-1,"tick":21377,"type":"respawn"}
[client] {"a":1,"dup":false,"ev":"game","ms":359239,"predicted":false,"t":8,"tick":21414,"type":"hit"}
[client] {"a":1,"dup":false,"ev":"game","ms":359274,"predicted":false,"t":5,"tick":21416,"type":"hit"}
[client] {"counts":{"blocks_on_me":2,"conf_actions":228,"confirmed_hits":1015,"dup_confirmed":0,"hits_on_me":89,"pred_actions":240,"predicted_confirmed":91,"predicted_hits":203,"reconnects":0},"ev":"stats","hp":202.0,"in_bytes":4700689,"late":0,"local_entity":2,"match":{"countdown_until":300,"ctrl":-1,"final":false,"next":"B","phase":3,"rot":440,"scores":[33,36],"sd":false,"state":3,"tick":21160,"zone":"C"},"max_err":1.767,"mean_err":0.0209,"ms":359921,"out_bytes":1051556,"pending":6,"pos":[42.22,0.55],"reconciles":7136,"server_tick":21459,"snaps":7144,"teleports":8}
[client] {"a":6,"dup":false,"ev":"game","ms":359991,"predicted":false,"t":-1,"tick":21459,"type":"respawn"}
[client] {"a":7,"dup":false,"ev":"game","ms":360656,"predicted":false,"t":-1,"tick":21499,"type":"respawn"}
[client] {"a":5,"dup":false,"ev":"game","ms":361219,"predicted":false,"t":4,"tick":21533,"type":"hit"}
[client] {"a":8,"dup":false,"ev":"game","ms":361275,"predicted":false,"t":0,"tick":21536,"type":"hit"}
[client] {"a":5,"dup":false,"ev":"game","ms":361288,"predicted":false,"t":2,"tick":21537,"type":"hit"}
[client] {"a":3,"dup":false,"ev":"game","ms":361737,"predicted":false,"t":8,"tick":21564,"type":"hit"}
[client] {"a":1,"dup":false,"ev":"game","ms":362192,"predicted":false,"t":5,"tick":21591,"type":"hit"}
[client] {"a":1,"dup":false,"ev":"game","ms":362792,"predicted":false,"t":5,"tick":21627,"type":"hit"}
[client] {"a":8,"dup":false,"ev":"game","ms":362806,"predicted":false,"t":0,"tick":21628,"type":"hit"}
[client] {"a":8,"dup":false,"ev":"game","ms":362827,"predicted":false,"t":2,"tick":21629,"type":"hit"}
[client] {"a":8,"dup":false,"ev":"game","ms":363123,"predicted":false,"t":2,"tick":21647,"type":"hit"}
[client] {"a":0,"dup":false,"ev":"game","ms":363193,"predicted":false,"t":8,"tick":21651,"type":"hit"}
[client] {"a":8,"dup":false,"ev":"game","ms":363193,"predicted":false,"t":-1,"tick":21651,"type":"ko"}
[client] {"a":3,"dup":false,"ev":"game","ms":363476,"predicted":false,"t":5,"tick":21668,"type":"hit"}
[client] {"a":1,"dup":false,"ev":"game","ms":363607,"predicted":false,"t":5,"tick":21676,"type":"hit"}
[client] {"a":5,"dup":false,"ev":"game","ms":363607,"predicted":false,"t":-1,"tick":21676,"type":"ko"}
[client] {"counts":{"blocks_on_me":2,"conf_actions":235,"confirmed_hits":1027,"dup_confirmed":0,"hits_on_me":92,"pred_actions":247,"predicted_confirmed":91,"predicted_hits":205,"reconnects":0},"ev":"stats","hp":128.0,"in_bytes":4763098,"late":0,"local_entity":2,"match":{"countdown_until":300,"ctrl":0,"final":false,"next":"B","phase":3,"rot":140,"scores":[34,36],"sd":false,"state":2,"tick":21460,"zone":"C"},"max_err":1.767,"mean_err":0.0214,"ms":364924,"out_bytes":1066256,"pending":6,"pos":[42.07,0.59],"reconciles":7236,"server_tick":21759,"snaps":7244,"teleports":8}
[client] {"a":-1,"dup":false,"ev":"game","ms":367325,"predicted":false,"t":-1,"tick":21899,"type":"zone_rotated"}
[client] {"counts":{"blocks_on_me":2,"conf_actions":235,"confirmed_hits":1027,"dup_confirmed":0,"hits_on_me":92,"pred_actions":247,"predicted_confirmed":91,"predicted_hits":205,"reconnects":0},"ev":"stats","hp":137.0,"in_bytes":4816441,"late":0,"local_entity":2,"match":{"countdown_until":300,"ctrl":-1,"final":false,"next":"","phase":3,"rot":3440,"scores":[36,36],"sd":false,"state":1,"tick":21760,"zone":"B"},"max_err":1.767,"mean_err":0.0213,"ms":369919,"out_bytes":1080956,"pending":6,"pos":[24.8,-4.3],"reconciles":7336,"server_tick":22059,"snaps":7344,"teleports":8}
[client] {"a":8,"dup":false,"ev":"game","ms":373191,"predicted":false,"t":-1,"tick":22251,"type":"respawn"}
[client] {"a":9,"dup":false,"ev":"game","ms":373205,"predicted":false,"t":1,"tick":22252,"type":"hit"}
[client] {"a":3,"dup":false,"ev":"game","ms":373371,"predicted":false,"t":9,"tick":22262,"type":"hit"}
[client] {"a":5,"dup":false,"ev":"game","ms":373606,"predicted":false,"t":-1,"tick":22276,"type":"respawn"}
[client] {"a":3,"dup":false,"ev":"game","ms":373674,"predicted":false,"t":9,"tick":22280,"type":"hit"}
[client] {"a":6,"dup":false,"ev":"game","ms":373826,"predicted":false,"t":1,"tick":22289,"type":"hit"}
[client] {"a":3,"dup":false,"ev":"game","ms":373971,"predicted":false,"t":9,"tick":22298,"type":"hit"}
[client] {"a":7,"dup":false,"ev":"game","ms":374005,"predicted":false,"t":1,"tick":22300,"type":"hit"}
[client] {"a":7,"dup":false,"ev":"game","ms":374005,"predicted":false,"t":3,"tick":22300,"type":"hit"}
[client] {"a":7,"dup":false,"ev":"game","ms":374039,"predicted":false,"t":2,"tick":22302,"type":"hit"}
[client] {"a":3,"dup":false,"ev":"game","ms":374488,"predicted":false,"t":7,"tick":22329,"type":"hit"}
[client] {"counts":{"blocks_on_me":2,"conf_actions":239,"confirmed_hits":1036,"dup_confirmed":0,"hits_on_me":93,"pred_actions":251,"predicted_confirmed":91,"predicted_hits":206,"reconnects":0},"ev":"stats","hp":167.800000000003,"in_bytes":4880928,"late":0,"local_entity":2,"match":{"countdown_until":300,"ctrl":-1,"final":false,"next":"","phase":3,"rot":3140,"scores":[36,37],"sd":false,"state":3,"tick":22060,"zone":"B"},"max_err":1.767,"mean_err":0.0214,"ms":374922,"out_bytes":1095656,"pending":6,"pos":[2.2,-2.27],"reconciles":7436,"server_tick":22359,"snaps":7444,"teleports":8}
[client] {"a":7,"dup":false,"ev":"game","ms":374923,"predicted":false,"t":4,"tick":22355,"type":"hit"}
[client] {"a":6,"dup":false,"ev":"game","ms":375027,"predicted":false,"t":3,"tick":22361,"type":"hit"}
[client] {"a":7,"dup":false,"ev":"game","ms":375226,"predicted":false,"t":4,"tick":22373,"type":"hit"}
[client] {"a":2,"dup":true,"ev":"game","ms":375537,"predicted":false,"t":6,"tick":22396,"type":"hit"}
[client] {"a":4,"dup":false,"ev":"game","ms":375634,"predicted":false,"t":7,"tick":22397,"type":"hit"}
[client] {"a":2,"dup":true,"ev":"game","ms":375821,"predicted":false,"t":6,"tick":22414,"type":"hit"}
[client] {"a":9,"dup":false,"ev":"game","ms":375986,"predicted":false,"t":4,"tick":22418,"type":"hit"}
[client] {"a":2,"dup":true,"ev":"game","ms":376138,"predicted":false,"t":6,"tick":22433,"type":"hit"}
[client] {"a":2,"dup":true,"ev":"game","ms":376166,"predicted":false,"t":9,"tick":22434,"type":"hit"}
[client] {"a":7,"dup":false,"ev":"game","ms":376621,"predicted":false,"t":2,"tick":22457,"type":"hit"}
[client] {"a":4,"dup":false,"ev":"game","ms":376656,"predicted":false,"t":7,"tick":22459,"type":"hit"}
[client] {"a":4,"dup":false,"ev":"game","ms":376683,"predicted":false,"t":9,"tick":22461,"type":"hit"}
[client] {"a":6,"dup":false,"ev":"game","ms":377152,"predicted":false,"t":4,"tick":22489,"type":"hit"}
[client] {"a":3,"dup":false,"ev":"game","ms":377283,"predicted":false,"t":6,"tick":22497,"type":"hit"}
[client] {"a":2,"dup":true,"ev":"game","ms":377421,"predicted":false,"t":7,"tick":22509,"type":"hit"}
[client] {"a":2,"dup":true,"ev":"game","ms":377435,"predicted":false,"t":9,"tick":22511,"type":"hit"}
[client] {"a":6,"dup":false,"ev":"game","ms":378187,"predicted":false,"t":3,"tick":22551,"type":"block"}
[client] {"a":6,"dup":false,"ev":"game","ms":378222,"predicted":false,"t":0,"tick":22553,"type":"hit"}
[client] {"a":6,"dup":false,"ev":"game","ms":378235,"predicted":false,"t":2,"tick":22554,"type":"hit"}
[client] {"a":9,"dup":false,"ev":"game","ms":378401,"predicted":false,"t":3,"tick":22564,"type":"hit"}
[client] {"a":7,"dup":false,"ev":"game","ms":378539,"predicted":false,"t":3,"tick":22572,"type":"hit"}
[client] {"a":0,"dup":false,"ev":"game","ms":378568,"predicted":false,"t":7,"tick":22574,"type":"hit"}
[client] {"a":0,"dup":false,"ev":"game","ms":378568,"predicted":false,"t":9,"tick":22574,"type":"hit"}
[client] {"a":2,"dup":true,"ev":"game","ms":378568,"predicted":false,"t":7,"tick":22578,"type":"hit"}
[client] {"a":6,"dup":false,"ev":"game","ms":378635,"predicted":false,"t":3,"tick":22578,"type":"hit"}
[client] {"a":6,"dup":false,"ev":"game","ms":378684,"predicted":false,"t":2,"tick":22581,"type":"hit"}
[client] {"a":0,"dup":false,"ev":"game","ms":378884,"predicted":false,"t":7,"tick":22593,"type":"hit"}
[client] {"a":0,"dup":false,"ev":"game","ms":378918,"predicted":false,"t":9,"tick":22595,"type":"hit"}
[client] {"a":0,"dup":false,"ev":"game","ms":379202,"predicted":false,"t":6,"tick":22612,"type":"hit"}
[client] {"a":0,"dup":false,"ev":"game","ms":379202,"predicted":false,"t":7,"tick":22612,"type":"hit"}
[client] {"a":3,"dup":false,"ev":"game","ms":379257,"predicted":false,"t":6,"tick":22615,"type":"hit"}
[client] {"a":3,"dup":false,"ev":"game","ms":379284,"predicted":false,"t":7,"tick":22617,"type":"hit"}
[client] {"a":7,"dup":false,"ev":"game","ms":379284,"predicted":false,"t":-1,"tick":22617,"type":"ko"}
[client] {"a":9,"dup":false,"ev":"game","ms":379539,"predicted":false,"t":0,"tick":22632,"type":"hit"}
[client] {"a":9,"dup":false,"ev":"game","ms":379554,"predicted":false,"t":3,"tick":22633,"type":"hit"}
[client] {"a":9,"dup":false,"ev":"game","ms":379602,"predicted":false,"t":4,"tick":22636,"type":"hit"}
[client] {"a":2,"dup":false,"ev":"game","ms":379906,"predicted":false,"t":9,"tick":22659,"type":"hit"}
[client] {"counts":{"blocks_on_me":2,"conf_actions":247,"confirmed_hits":1071,"dup_confirmed":0,"hits_on_me":96,"pred_actions":261,"predicted_confirmed":98,"predicted_hits":223,"reconnects":0},"ev":"stats","hp":113.800000000003,"in_bytes":4960460,"late":0,"local_entity":2,"match":{"countdown_until":300,"ctrl":-1,"final":false,"next":"","phase":3,"rot":2840,"scores":[36,37],"sd":false,"state":3,"tick":22360,"zone":"B"},"max_err":1.767,"mean_err":0.0216,"ms":379918,"out_bytes":1110356,"pending":6,"pos":[-0.4,-2.82],"reconciles":7536,"server_tick":22659,"snaps":7544,"teleports":8}
[client] {"a":2,"dup":true,"ev":"game","ms":380223,"predicted":false,"t":9,"tick":22678,"type":"hit"}
[client] {"a":6,"dup":false,"ev":"game","ms":380436,"predicted":false,"t":2,"tick":22686,"type":"hit"}
[client] {"a":0,"dup":false,"ev":"game","ms":380540,"predicted":false,"t":6,"tick":22692,"type":"hit"}
[client] {"a":0,"dup":false,"ev":"game","ms":381085,"predicted":false,"t":9,"tick":22725,"type":"hit"}
[client] {"a":8,"dup":false,"ev":"game","ms":381320,"predicted":false,"t":3,"tick":22739,"type":"hit"}
[client] {"a":0,"dup":false,"ev":"game","ms":381403,"predicted":false,"t":9,"tick":22744,"type":"hit"}
[client] {"a":6,"dup":false,"ev":"game","ms":381740,"predicted":false,"t":0,"tick":22764,"type":"hit"}
[client] {"a":6,"dup":false,"ev":"game","ms":381755,"predicted":false,"t":2,"tick":22765,"type":"hit"}
[client] {"a":9,"dup":false,"ev":"game","ms":381906,"predicted":false,"t":1,"tick":22774,"type":"hit"}
[client] {"a":4,"dup":false,"ev":"game","ms":382107,"predicted":false,"t":8,"tick":22786,"type":"hit"}
[client] {"a":4,"dup":false,"ev":"game","ms":382155,"predicted":false,"t":6,"tick":22789,"type":"hit"}
[client] {"a":1,"dup":false,"ev":"game","ms":382272,"predicted":false,"t":9,"tick":22796,"type":"hit"}
[client] {"a":9,"dup":false,"ev":"game","ms":382272,"predicted":false,"t":-1,"tick":22796,"type":"ko"}
[client] {"a":8,"dup":false,"ev":"game","ms":382472,"predicted":false,"t":4,"tick":22808,"type":"hit"}
[client] {"a":8,"dup":false,"ev":"game","ms":382520,"predicted":false,"t":3,"tick":22811,"type":"hit"}
[client] {"a":5,"dup":false,"ev":"game","ms":382755,"predicted":false,"t":4,"tick":22825,"type":"hit"}
[client] {"a":8,"dup":false,"ev":"game","ms":382789,"predicted":false,"t":4,"tick":22827,"type":"hit"}
[client] {"a":6,"dup":false,"ev":"game","ms":382838,"predicted":false,"t":1,"tick":22830,"type":"hit"}
[client] {"a":8,"dup":false,"ev":"game","ms":383108,"predicted":false,"t":4,"tick":22846,"type":"hit"}
[client] {"a":3,"dup":false,"ev":"game","ms":383141,"predicted":false,"t":8,"tick":22848,"type":"hit"}
[client] {"a":6,"dup":false,"ev":"game","ms":384059,"predicted":false,"t":3,"tick":22903,"type":"hit"}
[client] {"a":8,"dup":false,"ev":"game","ms":384259,"predicted":false,"t":3,"tick":22915,"type":"hit"}
[client] {"a":5,"dup":false,"ev":"game","ms":384273,"predicted":false,"t":2,"tick":22916,"type":"hit"}
[client] {"a":5,"dup":false,"ev":"game","ms":384273,"predicted":false,"t":3,"tick":22916,"type":"hit"}
[client] {"a":6,"dup":false,"ev":"game","ms":384425,"predicted":false,"t":2,"tick":22925,"type":"hit"}
[client] {"a":6,"dup":false,"ev":"game","ms":384425,"predicted":false,"t":3,"tick":22925,"type":"hit"}
[client] {"a":3,"dup":false,"ev":"game","ms":384425,"predicted":false,"t":-1,"tick":22925,"type":"ko"}
[client] {"a":4,"dup":false,"ev":"game","ms":384542,"predicted":false,"t":5,"tick":22932,"type":"hit"}
[client] {"a":1,"dup":false,"ev":"game","ms":384556,"predicted":false,"t":6,"tick":22933,"type":"hit"}
[client] {"a":1,"dup":false,"ev":"game","ms":384556,"predicted":false,"t":8,"tick":22933,"type":"hit"}
[client] {"a":2,"dup":true,"ev":"game","ms":384708,"predicted":false,"t":6,"tick":22947,"type":"hit"}
[client] {"a":2,"dup":true,"ev":"game","ms":384742,"predicted":false,"t":5,"tick":22949,"type":"hit"}
[client] {"a":6,"dup":false,"ev":"game","ms":384790,"predicted":false,"t":-1,"tick":22947,"type":"ko"}
[client] {"counts":{"blocks_on_me":2,"conf_actions":253,"confirmed_hits":1101,"dup_confirmed":0,"hits_on_me":100,"pred_actions":269,"predicted_confirmed":101,"predicted_hits":234,"reconnects":0},"ev":"stats","hp":1.80000000000257,"in_bytes":5037035,"late":0,"local_entity":2,"match":{"countdown_until":300,"ctrl":-1,"final":false,"next":"","phase":3,"rot":2540,"scores":[36,37],"sd":false,"state":3,"tick":22660,"zone":"B"},"max_err":2.008,"mean_err":0.0224,"ms":384921,"out_bytes":1125056,"pending":6,"pos":[-0.54,-3.5],"reconciles":7636,"server_tick":22959,"snaps":7644,"teleports":8}
[client] {"a":8,"dup":false,"ev":"game","ms":385143,"predicted":false,"t":4,"tick":22968,"type":"hit"}
[client] {"a":2,"dup":true,"ev":"game","ms":385157,"predicted":false,"t":8,"tick":22974,"type":"hit"}
[client] {"a":2,"dup":false,"ev":"game","ms":385205,"predicted":false,"t":-1,"tick":22977,"type":"ko"}
[client] {"a":5,"dup":false,"ev":"game","ms":385287,"predicted":false,"t":0,"tick":22977,"type":"hit"}
[client] {"a":5,"dup":false,"ev":"game","ms":385287,"predicted":false,"t":2,"tick":22977,"type":"hit"}
[client] {"a":4,"dup":false,"ev":"game","ms":385508,"predicted":false,"t":8,"tick":22990,"type":"hit"}
[client] {"a":0,"dup":false,"ev":"game","ms":385756,"predicted":false,"t":5,"tick":23005,"type":"hit"}
[client] {"a":4,"dup":false,"ev":"game","ms":385860,"predicted":false,"t":8,"tick":23011,"type":"hit"}
[client] {"a":5,"dup":false,"ev":"game","ms":386122,"predicted":false,"t":0,"tick":23027,"type":"hit"}
[client] {"a":1,"dup":false,"ev":"game","ms":386260,"predicted":false,"t":5,"tick":23035,"type":"hit"}
[client] {"a":0,"dup":false,"ev":"game","ms":386474,"predicted":false,"t":5,"tick":23048,"type":"hit"}
[client] {"a":8,"dup":false,"ev":"game","ms":386509,"predicted":false,"t":4,"tick":23050,"type":"hit"}
[client] {"a":1,"dup":false,"ev":"game","ms":387040,"predicted":false,"t":5,"tick":23082,"type":"hit"}
[client] {"a":0,"dup":false,"ev":"game","ms":387144,"predicted":false,"t":5,"tick":23088,"type":"hit"}
[client] {"a":0,"dup":false,"ev":"game","ms":387206,"predicted":false,"t":8,"tick":23092,"type":"hit"}
[client] {"a":0,"dup":false,"ev":"game","ms":387744,"predicted":false,"t":5,"tick":23124,"type":"hit"}
[client] {"a":0,"dup":false,"ev":"game","ms":388061,"predicted":false,"t":5,"tick":23143,"type":"hit"}
[client] {"a":0,"dup":false,"ev":"game","ms":388378,"predicted":false,"t":5,"tick":23162,"type":"hit"}
[client] {"a":4,"dup":false,"ev":"game","ms":388392,"predicted":false,"t":5,"tick":23163,"type":"hit"}
[client] {"a":5,"dup":false,"ev":"game","ms":388827,"predicted":false,"t":0,"tick":23189,"type":"hit"}
[client] {"a":4,"dup":false,"ev":"game","ms":389041,"predicted":false,"t":5,"tick":23202,"type":"hit"}
[client] {"a":8,"dup":false,"ev":"game","ms":389089,"predicted":false,"t":0,"tick":23205,"type":"hit"}
[client] {"a":8,"dup":false,"ev":"game","ms":389123,"predicted":false,"t":4,"tick":23207,"type":"hit"}
[client] {"a":7,"dup":false,"ev":"game","ms":389282,"predicted":false,"t":-1,"tick":23217,"type":"respawn"}
[client] {"counts":{"blocks_on_me":2,"conf_actions":254,"confirmed_hits":1123,"dup_confirmed":0,"hits_on_me":101,"pred_actions":269,"predicted_confirmed":102,"predicted_hits":236,"reconnects":0},"ev":"stats","hp":0.0,"in_bytes":5100555,"late":0,"local_entity":2,"match":{"countdown_until":300,"ctrl":-1,"final":false,"next":"","phase":3,"rot":2240,"scores":[36,37],"sd":false,"state":3,"tick":22960,"zone":"B"},"max_err":2.008,"mean_err":0.0221,"ms":389916,"out_bytes":1139756,"pending":6,"pos":[-0.6,-3.23],"reconciles":7736,"server_tick":23259,"snaps":7744,"teleports":8}
[client] {"a":5,"dup":false,"ev":"game","ms":390069,"predicted":false,"t":1,"tick":23264,"type":"hit"}
[client] {"a":4,"dup":false,"ev":"game","ms":390082,"predicted":false,"t":8,"tick":23265,"type":"hit"}
[client] {"a":0,"dup":false,"ev":"game","ms":390400,"predicted":false,"t":5,"tick":23284,"type":"hit"}
[client] {"a":0,"dup":false,"ev":"game","ms":390400,"predicted":false,"t":8,"tick":23284,"type":"hit"}
[client] {"a":5,"dup":false,"ev":"game","ms":390400,"predicted":false,"t":-1,"tick":23284,"type":"ko"}
[client] {"a":8,"dup":false,"ev":"game","ms":390400,"predicted":false,"t":-1,"tick":23284,"type":"ko"}
[client] {"a":9,"dup":false,"ev":"game","ms":392270,"predicted":false,"t":-1,"tick":23396,"type":"respawn"}
[client] {"a":3,"dup":false,"ev":"game","ms":394420,"predicted":false,"t":-1,"tick":23525,"type":"respawn"}
[client] {"a":6,"dup":false,"ev":"game","ms":394786,"predicted":false,"t":-1,"tick":23547,"type":"respawn"}
[client] {"counts":{"blocks_on_me":2,"conf_actions":254,"confirmed_hits":1127,"dup_confirmed":0,"hits_on_me":101,"pred_actions":269,"predicted_confirmed":102,"predicted_hits":236,"reconnects":0},"ev":"stats","hp":0.0,"in_bytes":5155687,"late":0,"local_entity":2,"match":{"countdown_until":300,"ctrl":0,"final":false,"next":"","phase":3,"rot":1940,"scores":[40,37],"sd":false,"state":2,"tick":23260,"zone":"B"},"max_err":2.008,"mean_err":0.0219,"ms":394916,"out_bytes":1154456,"pending":6,"pos":[-0.6,-3.23],"reconciles":7836,"server_tick":23559,"snaps":7844,"teleports":8}
[client] {"a":2,"dup":false,"ev":"game","ms":395221,"predicted":false,"t":-1,"tick":23577,"type":"respawn"}
[client] {"a":0,"dup":false,"ev":"game","ms":397319,"predicted":false,"t":7,"tick":23698,"type":"hit"}
[client] {"a":7,"dup":false,"ev":"game","ms":397954,"predicted":false,"t":0,"tick":23736,"type":"hit"}
[client] {"a":0,"dup":false,"ev":"game","ms":398319,"predicted":false,"t":7,"tick":23758,"type":"hit"}
[client] {"a":7,"dup":false,"ev":"game","ms":398754,"predicted":false,"t":0,"tick":23784,"type":"hit"}
[client] {"a":0,"dup":false,"ev":"game","ms":398754,"predicted":false,"t":-1,"tick":23784,"type":"ko"}
[client] {"counts":{"blocks_on_me":2,"conf_actions":254,"confirmed_hits":1131,"dup_confirmed":0,"hits_on_me":101,"pred_actions":269,"predicted_confirmed":102,"predicted_hits":236,"reconnects":0},"ev":"stats","hp":220.0,"in_bytes":5212397,"late":0,"local_entity":2,"match":{"countdown_until":300,"ctrl":-1,"final":false,"next":"","phase":3,"rot":1640,"scores":[40,37],"sd":false,"state":3,"tick":23560,"zone":"B"},"max_err":2.008,"mean_err":0.0216,"ms":399919,"out_bytes":1169156,"pending":6,"pos":[0.98,-14.96],"reconciles":7935,"server_tick":23859,"snaps":7944,"teleports":9}
[client] {"a":1,"dup":false,"ev":"game","ms":399955,"predicted":false,"t":7,"tick":23856,"type":"hit"}
[client] {"a":1,"dup":false,"ev":"game","ms":400259,"predicted":false,"t":7,"tick":23875,"type":"hit"}
[client] {"a":5,"dup":false,"ev":"game","ms":400403,"predicted":false,"t":-1,"tick":23884,"type":"respawn"}
[client] {"a":8,"dup":false,"ev":"game","ms":400403,"predicted":false,"t":-1,"tick":23884,"type":"respawn"}
[client] {"a":9,"dup":false,"ev":"game","ms":400625,"predicted":false,"t":1,"tick":23897,"type":"hit"}
[client] {"a":7,"dup":false,"ev":"game","ms":400907,"predicted":false,"t":1,"tick":23914,"type":"hit"}
[client] {"a":9,"dup":false,"ev":"game","ms":400920,"predicted":false,"t":1,"tick":23915,"type":"hit"}
[client] {"a":7,"dup":false,"ev":"game","ms":400941,"predicted":false,"t":4,"tick":23916,"type":"hit"}
[client] {"a":1,"dup":false,"ev":"game","ms":401424,"predicted":false,"t":7,"tick":23945,"type":"hit"}
[client] {"a":3,"dup":false,"ev":"game","ms":401493,"predicted":false,"t":7,"tick":23949,"type":"hit"}
[client] {"a":3,"dup":false,"ev":"game","ms":401576,"predicted":false,"t":9,"tick":23954,"type":"hit"}
[client] {"a":6,"dup":false,"ev":"game","ms":402321,"predicted":false,"t":1,"tick":23999,"type":"hit"}
[client] {"a":6,"dup":false,"ev":"game","ms":402321,"predicted":false,"t":3,"tick":23999,"type":"hit"}
[client] {"a":6,"dup":false,"ev":"game","ms":402411,"predicted":false,"t":2,"tick":24004,"type":"hit"}
[client] {"a":4,"dup":false,"ev":"game","ms":402576,"predicted":false,"t":6,"tick":24014,"type":"hit"}
[client] {"a":9,"dup":false,"ev":"game","ms":402576,"predicted":false,"t":4,"tick":24014,"type":"hit"}
[client] {"a":4,"dup":false,"ev":"game","ms":402576,"predicted":false,"t":-1,"tick":24014,"type":"ko"}
[client] {"a":3,"dup":false,"ev":"game","ms":403198,"predicted":false,"t":6,"tick":24051,"type":"hit"}
[client] {"a":1,"dup":false,"ev":"game","ms":403212,"predicted":false,"t":6,"tick":24052,"type":"hit"}
[client] {"a":1,"dup":false,"ev":"game","ms":403273,"predicted":false,"t":9,"tick":24056,"type":"hit"}
[client] {"a":1,"dup":false,"ev":"game","ms":403474,"predicted":false,"t":6,"tick":24068,"type":"hit"}
[client] {"a":1,"dup":false,"ev":"game","ms":403508,"predicted":false,"t":9,"tick":24070,"type":"block"}
[client] {"a":7,"dup":false,"ev":"game","ms":403860,"predicted":false,"t":3,"tick":24091,"type":"hit"}
[client] {"a":7,"dup":false,"ev":"game","ms":403874,"predicted":false,"t":1,"tick":24092,"type":"hit"}
[client] {"a":6,"dup":false,"ev":"game","ms":404460,"predicted":false,"t":2,"tick":24127,"type":"hit"}
[client] {"a":1,"dup":false,"ev":"game","ms":404695,"predicted":false,"t":9,"tick":24141,"type":"hit"}
[client] {"a":6,"dup":false,"ev":"game","ms":404839,"predicted":false,"t":2,"tick":24150,"type":"hit"}
[client] {"a":3,"dup":false,"ev":"game","ms":404860,"predicted":false,"t":9,"tick":24151,"type":"hit"}
[client] {"counts":{"blocks_on_me":2,"conf_actions":258,"confirmed_hits":1155,"dup_confirmed":0,"hits_on_me":104,"pred_actions":275,"predicted_confirmed":102,"predicted_hits":241,"reconnects":0},"ev":"stats","hp":146.0,"in_bytes":5283652,"late":0,"local_entity":2,"match":{"countdown_until":300,"ctrl":-1,"final":false,"next":"","phase":3,"rot":1340,"scores":[40,37],"sd":false,"state":3,"tick":23860,"zone":"B"},"max_err":2.008,"mean_err":0.0219,"ms":404922,"out_bytes":1183856,"pending":6,"pos":[0.84,-4.18],"reconciles":8035,"server_tick":24159,"snaps":8044,"teleports":9}
[client] {"a":1,"dup":false,"ev":"game","ms":405474,"predicted":false,"t":9,"tick":24188,"type":"hit"}
[client] {"a":6,"dup":false,"ev":"game","ms":405543,"predicted":false,"t":1,"tick":24192,"type":"hit"}
[client] {"a":1,"dup":false,"ev":"game","ms":405543,"predicted":false,"t":-1,"tick":24192,"type":"ko"}
[client] {"a":3,"dup":false,"ev":"game","ms":405620,"predicted":false,"t":9,"tick":24197,"type":"hit"}
[client] {"a":6,"dup":false,"ev":"game","ms":405620,"predicted":false,"t":3,"tick":24197,"type":"hit"}
[client] {"a":2,"dup":true,"ev":"game","ms":405654,"predicted":false,"t":7,"tick":24202,"type":"hit"}
[client] {"a":6,"dup":false,"ev":"game","ms":406620,"predicted":false,"t":2,"tick":24257,"type":"hit"}
[client] {"a":9,"dup":false,"ev":"game","ms":406620,"predicted":false,"t":2,"tick":24257,"type":"hit"}
[client] {"a":6,"dup":false,"ev":"game","ms":406951,"predicted":false,"t":2,"tick":24277,"type":"hit"}
[client] {"a":3,"dup":false,"ev":"game","ms":407289,"predicted":false,"t":6,"tick":24297,"type":"hit"}
[client] {"a":7,"dup":false,"ev":"game","ms":407572,"predicted":false,"t":2,"tick":24314,"type":"hit"}
[client] {"a":9,"dup":false,"ev":"game","ms":407606,"predicted":false,"t":2,"tick":24316,"type":"hit"}
[client] {"a":7,"dup":false,"ev":"game","ms":407972,"predicted":false,"t":2,"tick":24338,"type":"hit"}
[client] {"a":3,"dup":false,"ev":"game","ms":408455,"predicted":false,"t":6,"tick":24367,"type":"hit"}
[client] {"a":0,"dup":false,"ev":"game","ms":408738,"predicted":false,"t":-1,"tick":24384,"type":"respawn"}
[client] {"a":3,"dup":false,"ev":"game","ms":408787,"predicted":false,"t":6,"tick":24387,"type":"hit"}
[client] {"a":2,"dup":true,"ev":"game","ms":408904,"predicted":false,"t":6,"tick":24399,"type":"hit"}
[client] {"a":7,"dup":false,"ev":"game","ms":409021,"predicted":false,"t":3,"tick":24401,"type":"hit"}
[client] {"a":2,"dup":true,"ev":"game","ms":409221,"predicted":false,"t":6,"tick":24418,"type":"hit"}
[client] {"a":3,"dup":false,"ev":"game","ms":409352,"predicted":false,"t":7,"tick":24421,"type":"hit"}
[client] {"a":3,"dup":false,"ev":"game","ms":409373,"predicted":false,"t":9,"tick":24422,"type":"block"}
[client] {"a":6,"dup":false,"ev":"game","ms":409738,"predicted":false,"t":2,"tick":24444,"type":"hit"}
[client] {"counts":{"blocks_on_me":2,"conf_actions":266,"confirmed_hits":1174,"dup_confirmed":0,"hits_on_me":111,"pred_actions":283,"predicted_confirmed":105,"predicted_hits":250,"reconnects":0},"ev":"stats","hp":24.0,"in_bytes":5359461,"late":0,"local_entity":2,"match":{"countdown_until":300,"ctrl":-1,"final":false,"next":"","phase":3,"rot":1040,"scores":[40,37],"sd":false,"state":3,"tick":24160,"zone":"B"},"max_err":2.008,"mean_err":0.0224,"ms":409924,"out_bytes":1198556,"pending":6,"pos":[-1.12,-4.82],"reconciles":8135,"server_tick":24459,"snaps":8144,"teleports":9}
[client] {"a":9,"dup":false,"ev":"game","ms":409939,"predicted":false,"t":3,"tick":24456,"type":"hit"}
[client] {"a":7,"dup":false,"ev":"game","ms":410236,"predicted":false,"t":3,"tick":24474,"type":"hit"}
[client] {"a":9,"dup":false,"ev":"game","ms":410260,"predicted":false,"t":3,"tick":24475,"type":"hit"}
[client] {"a":6,"dup":false,"ev":"game","ms":410373,"predicted":false,"t":2,"tick":24482,"type":"hit"}
[client] {"a":3,"dup":false,"ev":"game","ms":410587,"predicted":false,"t":9,"tick":24495,"type":"hit"}
[client] {"a":7,"dup":false,"ev":"game","ms":410822,"predicted":false,"t":3,"tick":24509,"type":"hit"}
[client] {"a":9,"dup":false,"ev":"game","ms":411188,"predicted":false,"t":3,"tick":24531,"type":"hit"}
[client] {"a":7,"dup":false,"ev":"game","ms":411491,"predicted":false,"t":3,"tick":24549,"type":"hit"}
[client] {"a":3,"dup":false,"ev":"game","ms":411492,"predicted":false,"t":-1,"tick":24549,"type":"ko"}
[client] {"a":2,"dup":true,"ev":"game","ms":411588,"predicted":false,"t":9,"tick":24560,"type":"hit"}
[client] {"a":2,"dup":true,"ev":"game","ms":411622,"predicted":false,"t":5,"tick":24562,"type":"hit"}
[client] {"a":2,"dup":false,"ev":"game","ms":411691,"predicted":false,"t":-1,"tick":24566,"type":"ko"}
[client] {"a":6,"dup":false,"ev":"game","ms":411774,"predicted":false,"t":2,"tick":24566,"type":"hit"}
[client] {"a":4,"dup":false,"ev":"game","ms":412574,"predicted":false,"t":-1,"tick":24614,"type":"respawn"}
[client] {"counts":{"blocks_on_me":2,"conf_actions":268,"confirmed_hits":1185,"dup_confirmed":0,"hits_on_me":113,"pred_actions":285,"predicted_confirmed":107,"predicted_hits":256,"reconnects":0},"ev":"stats","hp":0.0,"in_bytes":5429275,"late":0,"local_entity":2,"match":{"countdown_until":300,"ctrl":-1,"final":false,"next":"A","phase":3,"rot":740,"scores":[40,40],"sd":false,"state":3,"tick":24460,"zone":"B"},"max_err":2.008,"mean_err":0.0223,"ms":414926,"out_bytes":1213256,"pending":6,"pos":[-0.49,-3.79],"reconciles":8235,"server_tick":24759,"snaps":8244,"teleports":9}
[client] {"a":1,"dup":false,"ev":"game","ms":415541,"predicted":false,"t":-1,"tick":24792,"type":"respawn"}
[client] {"a":9,"dup":false,"ev":"game","ms":416010,"predicted":false,"t":0,"tick":24820,"type":"hit"}
[client] {"a":6,"dup":false,"ev":"game","ms":416272,"predicted":false,"t":0,"tick":24836,"type":"hit"}
[client] {"a":9,"dup":false,"ev":"game","ms":416411,"predicted":false,"t":0,"tick":24844,"type":"hit"}
[client] {"a":9,"dup":false,"ev":"game","ms":416742,"predicted":false,"t":0,"tick":24864,"type":"hit"}
[client] {"a":6,"dup":false,"ev":"game","ms":416859,"predicted":false,"t":0,"tick":24871,"type":"hit"}
[client] {"a":0,"dup":false,"ev":"game","ms":418625,"predicted":false,"t":6,"tick":24977,"type":"hit"}
[client] {"a":0,"dup":false,"ev":"game","ms":418646,"predicted":false,"t":9,"tick":24978,"type":"hit"}
[client] {"a":8,"dup":false,"ev":"game","ms":419074,"predicted":false,"t":0,"tick":25004,"type":"hit"}
[client] {"a":5,"dup":false,"ev":"game","ms":419343,"predicted":false,"t":0,"tick":25020,"type":"hit"}
[client] {"a":6,"dup":false,"ev":"game","ms":419460,"predicted":false,"t":0,"tick":25027,"type":"hit"}
[client] {"a":8,"dup":false,"ev":"game","ms":419460,"predicted":false,"t":0,"tick":25027,"type":"hit"}
[client] {"a":4,"dup":false,"ev":"game","ms":419909,"predicted":false,"t":8,"tick":25054,"type":"hit"}
[client] {"counts":{"blocks_on_me":2,"conf_actions":268,"confirmed_hits":1197,"dup_confirmed":0,"hits_on_me":113,"pred_actions":285,"predicted_confirmed":107,"predicted_hits":256,"reconnects":0},"ev":"stats","hp":0.0,"in_bytes":5496035,"late":0,"local_entity":2,"match":{"countdown_until":300,"ctrl":-1,"final":false,"next":"A","phase":3,"rot":440,"scores":[40,40],"sd":false,"state":3,"tick":24760,"zone":"B"},"max_err":2.008,"mean_err":0.022,"ms":419929,"out_bytes":1227956,"pending":6,"pos":[-0.49,-3.79],"reconciles":8335,"server_tick":25060,"snaps":8344,"teleports":9}
[client] {"a":4,"dup":false,"ev":"game","ms":419958,"predicted":false,"t":5,"tick":25057,"type":"hit"}
[client] {"a":0,"dup":false,"ev":"game","ms":420213,"predicted":false,"t":5,"tick":25072,"type":"hit"}
[client] {"a":0,"dup":false,"ev":"game","ms":420247,"predicted":false,"t":8,"tick":25074,"type":"hit"}
[client] {"a":0,"dup":false,"ev":"game","ms":420261,"predicted":false,"t":6,"tick":25075,"type":"hit"}
[client] {"a":6,"dup":false,"ev":"game","ms":420261,"predicted":false,"t":-1,"tick":25075,"type":"ko"}
[client] {"a":4,"dup":false,"ev":"game","ms":420778,"predicted":false,"t":5,"tick":25106,"type":"hit"}
[client] {"a":7,"dup":false,"ev":"game","ms":420896,"predicted":false,"t":4,"tick":25113,"type":"hit"}
[client] {"a":7,"dup":false,"ev":"game","ms":420910,"predicted":false,"t":0,"tick":25114,"type":"hit"}
[client] {"a":3,"dup":false,"ev":"game","ms":421496,"predicted":false,"t":-1,"tick":25149,"type":"respawn"}
[client] {"a":7,"dup":false,"ev":"game","ms":421662,"predicted":false,"t":1,"tick":25159,"type":"hit"}
[client] {"a":2,"dup":false,"ev":"game","ms":421696,"predicted":false,"t":-1,"tick":25166,"type":"respawn"}
[client] {"a":4,"dup":false,"ev":"game","ms":422048,"predicted":false,"t":7,"tick":25182,"type":"hit"}
[client] {"a":7,"dup":false,"ev":"game","ms":422048,"predicted":false,"t":-1,"tick":25182,"type":"ko"}
[client] {"a":4,"dup":false,"ev":"game","ms":422131,"predicted":false,"t":5,"tick":25187,"type":"hit"}
[client] {"a":1,"dup":false,"ev":"game","ms":422145,"predicted":false,"t":5,"tick":25188,"type":"hit"}
[client] {"a":0,"dup":false,"ev":"game","ms":422179,"predicted":false,"t":5,"tick":25190,"type":"hit"}
[client] {"a":0,"dup":false,"ev":"game","ms":422179,"predicted":false,"t":9,"tick":25190,"type":"hit"}
[client] {"a":9,"dup":false,"ev":"game","ms":422179,"predicted":false,"t":-1,"tick":25190,"type":"ko"}
[client] {"a":8,"dup":false,"ev":"game","ms":422828,"predicted":false,"t":4,"tick":25229,"type":"hit"}
[client] {"a":0,"dup":false,"ev":"game","ms":423042,"predicted":false,"t":8,"tick":25242,"type":"hit"}
[client] {"a":1,"dup":false,"ev":"game","ms":423090,"predicted":false,"t":8,"tick":25245,"type":"hit"}
[client] {"a":8,"dup":false,"ev":"game","ms":423559,"predicted":false,"t":0,"tick":25273,"type":"hit"}
[client] {"a":0,"dup":false,"ev":"game","ms":423559,"predicted":false,"t":-1,"tick":25273,"type":"ko"}
[client] {"a":1,"dup":false,"ev":"game","ms":423759,"predicted":false,"t":5,"tick":25285,"type":"block"}
[client] {"a":1,"dup":false,"ev":"game","ms":423760,"predicted":false,"t":8,"tick":25285,"type":"hit"}
[client] {"a":5,"dup":false,"ev":"game","ms":424160,"predicted":false,"t":1,"tick":25309,"type":"hit"}
[client] {"a":5,"dup":false,"ev":"game","ms":424539,"predicted":false,"t":4,"tick":25332,"type":"hit"}
[client] {"a":1,"dup":false,"ev":"game","ms":424808,"predicted":false,"t":5,"tick":25348,"type":"hit"}
[client] {"counts":{"blocks_on_me":2,"conf_actions":269,"confirmed_hits":1218,"dup_confirmed":0,"hits_on_me":113,"pred_actions":285,"predicted_confirmed":107,"predicted_hits":256,"reconnects":0},"ev":"stats","hp":220.0,"in_bytes":5563154,"late":0,"local_entity":2,"match":{"countdown_until":300,"ctrl":-1,"final":false,"next":"A","phase":3,"rot":140,"scores":[40,40],"sd":false,"state":3,"tick":25060,"zone":"B"},"max_err":2.008,"mean_err":0.0218,"ms":424924,"out_bytes":1242656,"pending":6,"pos":[2.09,-28.45],"reconciles":8434,"server_tick":25360,"snaps":8444,"teleports":10}
[client] {"a":8,"dup":false,"ev":"game","ms":425160,"predicted":false,"t":1,"tick":25369,"type":"hit"}
[client] {"a":8,"dup":false,"ev":"game","ms":425443,"predicted":false,"t":4,"tick":25386,"type":"hit"}
[client] {"a":1,"dup":false,"ev":"game","ms":425539,"predicted":false,"t":8,"tick":25392,"type":"hit"}
[client] {"a":4,"dup":false,"ev":"game","ms":425843,"predicted":false,"t":8,"tick":25410,"type":"hit"}
[client] {"a":4,"dup":false,"ev":"game","ms":426161,"predicted":false,"t":8,"tick":25429,"type":"hit"}
[client] {"a":1,"dup":false,"ev":"game","ms":426209,"predicted":false,"t":8,"tick":25432,"type":"hit"}
[client] {"a":8,"dup":false,"ev":"game","ms":426209,"predicted":false,"t":-1,"tick":25432,"type":"ko"}
[client] {"a":4,"dup":false,"ev":"game","ms":426540,"predicted":false,"t":5,"tick":25452,"type":"block"}
[client] {"a":1,"dup":false,"ev":"game","ms":427106,"predicted":false,"t":5,"tick":25486,"type":"block"}
[client] {"a":4,"dup":false,"ev":"game","ms":427223,"predicted":false,"t":5,"tick":25493,"type":"block"}
[client] {"a":-1,"dup":false,"ev":"game","ms":427326,"predicted":false,"t":-1,"tick":25499,"type":"zone_rotated"}
[client] {"a":4,"dup":false,"ev":"game","ms":427927,"predicted":false,"t":5,"tick":25535,"type":"hit"}
[client] {"a":5,"dup":false,"ev":"game","ms":427927,"predicted":false,"t":-1,"tick":25535,"type":"ko"}
[client] {"counts":{"blocks_on_me":2,"conf_actions":269,"confirmed_hits":1225,"dup_confirmed":0,"hits_on_me":113,"pred_actions":285,"predicted_confirmed":107,"predicted_hits":256,"reconnects":0},"ev":"stats","hp":220.0,"in_bytes":5616358,"late":0,"local_entity":2,"match":{"countdown_until":300,"ctrl":-1,"final":true,"next":"","phase":3,"rot":3440,"scores":[40,40],"sd":false,"state":1,"tick":25360,"zone":"A"},"max_err":2.008,"mean_err":0.0215,"ms":429927,"out_bytes":1257356,"pending":6,"pos":[-14.41,-10.14],"reconciles":8534,"server_tick":25660,"snaps":8544,"teleports":10}
[client] {"a":6,"dup":false,"ev":"game","ms":430259,"predicted":false,"t":-1,"tick":25675,"type":"respawn"}
[client] {"a":7,"dup":false,"ev":"game","ms":432046,"predicted":false,"t":-1,"tick":25782,"type":"respawn"}
[client] {"a":9,"dup":false,"ev":"game","ms":432177,"predicted":false,"t":-1,"tick":25790,"type":"respawn"}
[client] {"a":0,"dup":false,"ev":"game","ms":433564,"predicted":false,"t":-1,"tick":25873,"type":"respawn"}
[client] {"counts":{"blocks_on_me":2,"conf_actions":269,"confirmed_hits":1225,"dup_confirmed":0,"hits_on_me":113,"pred_actions":285,"predicted_confirmed":107,"predicted_hits":256,"reconnects":0},"ev":"stats","hp":220.0,"in_bytes":5664770,"late":0,"local_entity":2,"match":{"countdown_until":300,"ctrl":0,"final":true,"next":"","phase":3,"rot":3140,"scores":[42,40],"sd":false,"state":2,"tick":25660,"zone":"A"},"max_err":2.008,"mean_err":0.0213,"ms":434923,"out_bytes":1272056,"pending":6,"pos":[-41.43,-0.05],"reconciles":8634,"server_tick":25960,"snaps":8644,"teleports":10}
[client] {"a":8,"dup":false,"ev":"game","ms":436207,"predicted":false,"t":-1,"tick":26032,"type":"respawn"}
[client] {"a":5,"dup":false,"ev":"game","ms":437925,"predicted":false,"t":-1,"tick":26135,"type":"respawn"}
[client] {"counts":{"blocks_on_me":2,"conf_actions":269,"confirmed_hits":1225,"dup_confirmed":0,"hits_on_me":113,"pred_actions":285,"predicted_confirmed":107,"predicted_hits":256,"reconnects":0},"ev":"stats","hp":220.0,"in_bytes":5716436,"late":0,"local_entity":2,"match":{"countdown_until":300,"ctrl":-1,"final":true,"next":"","phase":3,"rot":2840,"scores":[47,40],"sd":false,"state":3,"tick":25960,"zone":"A"},"max_err":2.008,"mean_err":0.0211,"ms":439925,"out_bytes":1286756,"pending":6,"pos":[-41.48,0.29],"reconciles":8734,"server_tick":26260,"snaps":8744,"teleports":10}
[client] {"a":6,"dup":false,"ev":"game","ms":442169,"predicted":false,"t":3,"tick":26390,"type":"hit"}
[client] {"a":6,"dup":false,"ev":"game","ms":442417,"predicted":false,"t":3,"tick":26405,"type":"hit"}
[client] {"a":7,"dup":false,"ev":"game","ms":442735,"predicted":false,"t":2,"tick":26424,"type":"hit"}
[client] {"a":9,"dup":false,"ev":"game","ms":442956,"predicted":false,"t":3,"tick":26437,"type":"hit"}
[client] {"a":4,"dup":false,"ev":"game","ms":442970,"predicted":false,"t":7,"tick":26438,"type":"hit"}
[client] {"a":1,"dup":false,"ev":"game","ms":443218,"predicted":false,"t":6,"tick":26453,"type":"hit"}
[client] {"a":7,"dup":false,"ev":"game","ms":443357,"predicted":false,"t":4,"tick":26461,"type":"hit"}
[client] {"a":2,"dup":true,"ev":"game","ms":443370,"predicted":false,"t":7,"tick":26467,"type":"hit"}
[client] {"a":0,"dup":false,"ev":"game","ms":443473,"predicted":false,"t":7,"tick":26468,"type":"hit"}
[client] {"a":1,"dup":false,"ev":"game","ms":443618,"predicted":false,"t":6,"tick":26477,"type":"hit"}
[client] {"a":2,"dup":true,"ev":"game","ms":443874,"predicted":false,"t":9,"tick":26497,"type":"hit"}
[client] {"a":1,"dup":false,"ev":"game","ms":444005,"predicted":false,"t":6,"tick":26500,"type":"hit"}
[client] {"a":2,"dup":true,"ev":"game","ms":444509,"predicted":false,"t":7,"tick":26535,"type":"hit"}
[client] {"a":9,"dup":false,"ev":"game","ms":444687,"predicted":false,"t":2,"tick":26541,"type":"hit"}
[client] {"a":0,"dup":false,"ev":"game","ms":444853,"predicted":false,"t":9,"tick":26551,"type":"hit"}
[client] {"counts":{"blocks_on_me":2,"conf_actions":275,"confirmed_hits":1240,"dup_confirmed":0,"hits_on_me":115,"pred_actions":291,"predicted_confirmed":110,"predicted_hits":260,"reconnects":0},"ev":"stats","hp":184.0,"in_bytes":5786084,"late":0,"local_entity":2,"match":{"countdown_until":300,"ctrl":-1,"final":true,"next":"","phase":3,"rot":2540,"scores":[47,40],"sd":false,"state":3,"tick":26260,"zone":"A"},"max_err":2.008,"mean_err":0.0211,"ms":444921,"out_bytes":1301456,"pending":6,"pos":[-40.71,1.69],"reconciles":8834,"server_tick":26559,"snaps":8844,"teleports":10}
[client] {"a":7,"dup":false,"ev":"game","ms":445122,"predicted":false,"t":2,"tick":26567,"type":"hit"}
[client] {"a":0,"dup":false,"ev":"game","ms":445488,"predicted":false,"t":7,"tick":26589,"type":"hit"}
[client] {"a":2,"dup":true,"ev":"game","ms":445722,"predicted":false,"t":9,"tick":26608,"type":"hit"}
[client] {"a":1,"dup":false,"ev":"game","ms":445736,"predicted":false,"t":6,"tick":26604,"type":"hit"}
[client] {"a":3,"dup":false,"ev":"game","ms":445957,"predicted":false,"t":7,"tick":26617,"type":"hit"}
[client] {"a":6,"dup":false,"ev":"game","ms":446206,"predicted":false,"t":4,"tick":26632,"type":"hit"}
[client] {"a":1,"dup":false,"ev":"game","ms":446240,"predicted":false,"t":6,"tick":26634,"type":"hit"}
[client] {"a":7,"dup":false,"ev":"game","ms":446488,"predicted":false,"t":3,"tick":26649,"type":"hit"}
[client] {"a":8,"dup":false,"ev":"game","ms":446654,"predicted":false,"t":2,"tick":26659,"type":"hit"}
[client] {"a":7,"dup":false,"ev":"game","ms":446806,"predicted":false,"t":3,"tick":26668,"type":"hit"}
[client] {"a":6,"dup":false,"ev":"game","ms":446875,"predicted":false,"t":3,"tick":26672,"type":"hit"}
[client] {"a":8,"dup":false,"ev":"game","ms":446875,"predicted":false,"t":2,"tick":26672,"type":"hit"}
[client] {"a":4,"dup":false,"ev":"game","ms":446937,"predicted":false,"t":6,"tick":26676,"type":"hit"}
[client] {"a":4,"dup":false,"ev":"game","ms":446958,"predicted":false,"t":7,"tick":26677,"type":"hit"}
[client] {"a":0,"dup":false,"ev":"game","ms":447006,"predicted":false,"t":6,"tick":26680,"type":"hit"}
[client] {"a":9,"dup":false,"ev":"game","ms":447088,"predicted":false,"t":2,"tick":26685,"type":"hit"}
[client] {"a":9,"dup":false,"ev":"game","ms":447406,"predicted":false,"t":2,"tick":26704,"type":"hit"}
[client] {"a":3,"dup":false,"ev":"game","ms":447538,"predicted":false,"t":6,"tick":26712,"type":"hit"}
[client] {"a":8,"dup":false,"ev":"game","ms":447655,"predicted":false,"t":2,"tick":26719,"type":"hit"}
[client] {"a":8,"dup":false,"ev":"game","ms":447675,"predicted":false,"t":3,"tick":26720,"type":"hit"}
[client] {"a":4,"dup":false,"ev":"game","ms":447910,"predicted":false,"t":7,"tick":26734,"type":"hit"}
[client] {"a":0,"dup":false,"ev":"game","ms":448076,"predicted":false,"t":7,"tick":26744,"type":"hit"}
[client] {"a":3,"dup":false,"ev":"game","ms":448193,"predicted":false,"t":7,"tick":26751,"type":"hit"}
[client] {"a":3,"dup":false,"ev":"game","ms":448559,"predicted":false,"t":7,"tick":26773,"type":"hit"}
[client] {"a":8,"dup":false,"ev":"game","ms":448710,"predicted":false,"t":0,"tick":26782,"type":"hit"}
[client] {"a":8,"dup":false,"ev":"game","ms":448759,"predicted":false,"t":4,"tick":26785,"type":"hit"}
[client] {"a":3,"dup":false,"ev":"game","ms":448911,"predicted":false,"t":7,"tick":26794,"type":"hit"}
[client] {"a":1,"dup":false,"ev":"game","ms":449207,"predicted":false,"t":8,"tick":26812,"type":"hit"}
[client] {"a":2,"dup":false,"ev":"game","ms":449559,"predicted":false,"t":-1,"tick":26838,"type":"ko"}
[client] {"a":1,"dup":false,"ev":"game","ms":449594,"predicted":false,"t":5,"tick":26835,"type":"hit"}
[client] {"a":9,"dup":false,"ev":"game","ms":449607,"predicted":false,"t":2,"tick":26836,"type":"hit"}
[client] {"a":7,"dup":false,"ev":"game","ms":449642,"predicted":false,"t":2,"tick":26838,"type":"hit"}
[client] {"counts":{"blocks_on_me":2,"conf_actions":282,"confirmed_hits":1271,"dup_confirmed":0,"hits_on_me":123,"pred_actions":301,"predicted_confirmed":111,"predicted_hits":267,"reconnects":0},"ev":"stats","hp":0.0,"in_bytes":5865475,"late":0,"local_entity":2,"match":{"countdown_until":300,"ctrl":-1,"final":true,"next":"","phase":3,"rot":2240,"scores":[47,40],"sd":false,"state":3,"tick":26560,"zone":"A"},"max_err":2.008,"mean_err":0.0215,"ms":449924,"out_bytes":1316156,"pending":6,"pos":[-43.02,2.93],"reconciles":8934,"server_tick":26859,"snaps":8944,"teleports":10}
[client] {"a":1,"dup":false,"ev":"game","ms":449924,"predicted":false,"t":5,"tick":26855,"type":"block"}
[client] {"a":8,"dup":false,"ev":"game","ms":449938,"predicted":false,"t":1,"tick":26856,"type":"hit"}
[client] {"a":0,"dup":false,"ev":"game","ms":450311,"predicted":false,"t":8,"tick":26878,"type":"hit"}
[client] {"a":6,"dup":false,"ev":"game","ms":450393,"predicted":false,"t":1,"tick":26883,"type":"hit"}
[client] {"a":0,"dup":false,"ev":"game","ms":450621,"predicted":false,"t":9,"tick":26897,"type":"hit"}
[client] {"a":8,"dup":false,"ev":"game","ms":450676,"predicted":false,"t":0,"tick":26900,"type":"hit"}
[client] {"a":3,"dup":false,"ev":"game","ms":450690,"predicted":false,"t":9,"tick":26901,"type":"hit"}
[client] {"a":8,"dup":false,"ev":"game","ms":450973,"predicted":false,"t":0,"tick":26918,"type":"hit"}
[client] {"a":3,"dup":false,"ev":"game","ms":451008,"predicted":false,"t":7,"tick":26920,"type":"hit"}
[client] {"a":7,"dup":false,"ev":"game","ms":451008,"predicted":false,"t":-1,"tick":26920,"type":"ko"}
[client] {"a":9,"dup":false,"ev":"game","ms":451056,"predicted":false,"t":0,"tick":26923,"type":"hit"}
[client] {"a":6,"dup":false,"ev":"game","ms":451090,"predicted":false,"t":1,"tick":26925,"type":"hit"}
[client] {"a":4,"dup":false,"ev":"game","ms":451139,"predicted":false,"t":8,"tick":26928,"type":"hit"}
[client] {"a":3,"dup":false,"ev":"game","ms":451477,"predicted":false,"t":9,"tick":26948,"type":"block"}
[client] {"a":6,"dup":false,"ev":"game","ms":451512,"predicted":false,"t":1,"tick":26950,"type":"hit"}
[client] {"a":5,"dup":false,"ev":"game","ms":451560,"predicted":false,"t":4,"tick":26953,"type":"hit"}
[client] {"a":9,"dup":false,"ev":"game","ms":451725,"predicted":false,"t":3,"tick":26963,"type":"block"}
[client] {"a":4,"dup":false,"ev":"game","ms":451925,"predicted":false,"t":5,"tick":26975,"type":"hit"}
[client] {"a":9,"dup":false,"ev":"game","ms":452043,"predicted":false,"t":3,"tick":26982,"type":"hit"}
[client] {"a":0,"dup":false,"ev":"game","ms":452339,"predicted":false,"t":5,"tick":27000,"type":"hit"}
[client] {"a":8,"dup":false,"ev":"game","ms":452457,"predicted":false,"t":3,"tick":27007,"type":"hit"}
[client] {"a":1,"dup":false,"ev":"game","ms":452526,"predicted":false,"t":5,"tick":27011,"type":"hit"}
[client] {"a":9,"dup":false,"ev":"game","ms":452526,"predicted":false,"t":3,"tick":27011,"type":"hit"}
[client] {"a":6,"dup":false,"ev":"game","ms":452609,"predicted":false,"t":0,"tick":27016,"type":"hit"}
[client] {"a":0,"dup":false,"ev":"game","ms":453009,"predicted":false,"t":9,"tick":27040,"type":"hit"}
[client] {"a":6,"dup":false,"ev":"game","ms":453161,"predicted":false,"t":0,"tick":27049,"type":"hit"}
[client] {"a":3,"dup":false,"ev":"game","ms":453257,"predicted":false,"t":5,"tick":27055,"type":"hit"}
[client] {"a":5,"dup":false,"ev":"game","ms":453630,"predicted":false,"t":0,"tick":27077,"type":"hit"}
[client] {"a":1,"dup":false,"ev":"game","ms":453830,"predicted":false,"t":6,"tick":27089,"type":"hit"}
[client] {"a":0,"dup":false,"ev":"game","ms":453975,"predicted":false,"t":5,"tick":27098,"type":"hit"}
[client] {"a":3,"dup":false,"ev":"game","ms":454030,"predicted":false,"t":5,"tick":27101,"type":"hit"}
[client] {"a":1,"dup":false,"ev":"game","ms":454175,"predicted":false,"t":5,"tick":27110,"type":"hit"}
[client] {"a":1,"dup":false,"ev":"game","ms":454175,"predicted":false,"t":6,"tick":27110,"type":"hit"}
[client] {"a":8,"dup":false,"ev":"game","ms":454259,"predicted":false,"t":4,"tick":27115,"type":"hit"}
[client] {"a":0,"dup":false,"ev":"game","ms":454541,"predicted":false,"t":5,"tick":27132,"type":"hit"}
[client] {"a":8,"dup":false,"ev":"game","ms":454562,"predicted":false,"t":4,"tick":27133,"type":"hit"}
[client] {"a":1,"dup":false,"ev":"game","ms":454596,"predicted":false,"t":5,"tick":27135,"type":"hit"}
[client] {"a":6,"dup":false,"ev":"game","ms":454734,"predicted":false,"t":3,"tick":27144,"type":"hit"}
[client] {"a":9,"dup":false,"ev":"game","ms":454906,"predicted":false,"t":3,"tick":27154,"type":"hit"}
[client] {"counts":{"blocks_on_me":2,"conf_actions":282,"confirmed_hits":1306,"dup_confirmed":0,"hits_on_me":123,"pred_actions":301,"predicted_confirmed":111,"predicted_hits":267,"reconnects":0},"ev":"stats","hp":0.0,"in_bytes":5942067,"late":0,"local_entity":2,"match":{"countdown_until":300,"ctrl":-1,"final":true,"next":"","phase":3,"rot":1940,"scores":[47,40],"sd":false,"state":3,"tick":26860,"zone":"A"},"max_err":2.008,"mean_err":0.0212,"ms":454919,"out_bytes":1330856,"pending":6,"pos":[-43.02,2.93],"reconciles":9034,"server_tick":27159,"snaps":9044,"teleports":10}
[client] {"a":6,"dup":false,"ev":"game","ms":454989,"predicted":false,"t":3,"tick":27159,"type":"hit"}
[client] {"a":3,"dup":false,"ev":"game","ms":454989,"predicted":false,"t":-1,"tick":27159,"type":"ko"}
[client] {"a":4,"dup":false,"ev":"game","ms":455072,"predicted":false,"t":8,"tick":27164,"type":"hit"}
[client] {"a":0,"dup":false,"ev":"game","ms":455451,"predicted":false,"t":6,"tick":27187,"type":"hit"}
[client] {"a":8,"dup":false,"ev":"game","ms":455755,"predicted":false,"t":4,"tick":27205,"type":"hit"}
[client] {"a":6,"dup":false,"ev":"game","ms":455955,"predicted":false,"t":0,"tick":27217,"type":"hit"}
[client] {"a":9,"dup":false,"ev":"game","ms":455955,"predicted":false,"t":0,"tick":27217,"type":"hit"}
[client] {"a":8,"dup":false,"ev":"game","ms":456052,"predicted":false,"t":4,"tick":27223,"type":"hit"}
[client] {"a":6,"dup":false,"ev":"game","ms":456272,"predicted":false,"t":0,"tick":27236,"type":"hit"}
[client] {"a":4,"dup":false,"ev":"game","ms":456438,"predicted":false,"t":8,"tick":27246,"type":"hit"}
[client] {"a":1,"dup":false,"ev":"game","ms":456507,"predicted":false,"t":8,"tick":27250,"type":"hit"}
[client] {"a":6,"dup":false,"ev":"game","ms":456624,"predicted":false,"t":0,"tick":27257,"type":"hit"}
[client] {"a":5,"dup":false,"ev":"game","ms":456673,"predicted":false,"t":0,"tick":27260,"type":"hit"}
[client] {"a":0,"dup":false,"ev":"game","ms":456673,"predicted":false,"t":-1,"tick":27260,"type":"ko"}
[client] {"a":4,"dup":false,"ev":"game","ms":456804,"predicted":false,"t":8,"tick":27268,"type":"hit"}
[client] {"a":6,"dup":false,"ev":"game","ms":457439,"predicted":false,"t":1,"tick":27306,"type":"hit"}
[client] {"a":1,"dup":false,"ev":"game","ms":457804,"predicted":false,"t":9,"tick":27328,"type":"hit"}
[client] {"a":6,"dup":false,"ev":"game","ms":457804,"predicted":false,"t":1,"tick":27328,"type":"hit"}
[client] {"a":8,"dup":false,"ev":"game","ms":458025,"predicted":false,"t":1,"tick":27341,"type":"hit"}
[client] {"a":5,"dup":false,"ev":"game","ms":458156,"predicted":false,"t":1,"tick":27349,"type":"hit"}
[client] {"a":6,"dup":false,"ev":"game","ms":458170,"predicted":false,"t":1,"tick":27350,"type":"hit"}
[client] {"a":5,"dup":false,"ev":"game","ms":458708,"predicted":false,"t":1,"tick":27382,"type":"hit"}
[client] {"a":9,"dup":false,"ev":"game","ms":458805,"predicted":false,"t":4,"tick":27388,"type":"hit"}
[client] {"a":8,"dup":false,"ev":"game","ms":458943,"predicted":false,"t":4,"tick":27396,"type":"hit"}
[client] {"a":9,"dup":false,"ev":"game","ms":459143,"predicted":false,"t":4,"tick":27408,"type":"hit"}
[client] {"a":8,"dup":false,"ev":"game","ms":459170,"predicted":false,"t":4,"tick":27410,"type":"hit"}
[client] {"a":9,"dup":false,"ev":"game","ms":459488,"predicted":false,"t":1,"tick":27429,"type":"hit"}
[client] {"a":1,"dup":false,"ev":"game","ms":459488,"predicted":false,"t":-1,"tick":27429,"type":"ko"}
[client] {"a":2,"dup":false,"ev":"game","ms":459557,"predicted":false,"t":-1,"tick":27438,"type":"respawn"}
[client] {"a":4,"dup":false,"ev":"game","ms":459688,"predicted":false,"t":8,"tick":27441,"type":"hit"}
[client] {"a":4,"dup":false,"ev":"game","ms":459722,"predicted":false,"t":9,"tick":27443,"type":"hit"}
[client] {"counts":{"blocks_on_me":2,"conf_actions":282,"confirmed_hits":1333,"dup_confirmed":0,"hits_on_me":123,"pred_actions":301,"predicted_confirmed":111,"predicted_hits":267,"reconnects":0},"ev":"stats","hp":220.0,"in_bytes":6011020,"late":0,"local_entity":2,"match":{"countdown_until":300,"ctrl":-1,"final":true,"next":"","phase":3,"rot":1640,"scores":[47,40],"sd":false,"state":3,"tick":27160,"zone":"A"},"max_err":2.008,"mean_err":0.021,"ms":459922,"out_bytes":1345556,"pending":6,"pos":[5.04,-47.22],"reconciles":9133,"server_tick":27459,"snaps":9144,"teleports":11}
[client] {"a":4,"dup":false,"ev":"game","ms":460026,"predicted":false,"t":8,"tick":27461,"type":"hit"}
[client] {"a":9,"dup":false,"ev":"game","ms":460206,"predicted":false,"t":4,"tick":27472,"type":"hit"}
[client] {"a":8,"dup":false,"ev":"game","ms":460371,"predicted":false,"t":4,"tick":27482,"type":"hit"}
[client] {"a":9,"dup":false,"ev":"game","ms":460640,"predicted":false,"t":4,"tick":27498,"type":"hit"}
[client] {"a":4,"dup":false,"ev":"game","ms":460640,"predicted":false,"t":-1,"tick":27498,"type":"ko"}
[client] {"a":7,"dup":false,"ev":"game","ms":461006,"predicted":false,"t":-1,"tick":27520,"type":"respawn"}
[client] {"counts":{"blocks_on_me":2,"conf_actions":282,"confirmed_hits":1337,"dup_confirmed":0,"hits_on_me":123,"pred_actions":301,"predicted_confirmed":111,"predicted_hits":267,"reconnects":0},"ev":"stats","hp":220.0,"in_bytes":6063584,"late":0,"local_entity":2,"match":{"countdown_until":300,"ctrl":1,"final":true,"next":"","phase":3,"rot":1340,"scores":[47,44],"sd":false,"state":2,"tick":27460,"zone":"A"},"max_err":2.008,"mean_err":0.0208,"ms":464924,"out_bytes":1360256,"pending":6,"pos":[-9.44,-19.14],"reconciles":9233,"server_tick":27759,"snaps":9244,"teleports":11}
[client] {"a":3,"dup":false,"ev":"game","ms":464994,"predicted":false,"t":-1,"tick":27759,"type":"respawn"}
[client] {"a":0,"dup":false,"ev":"game","ms":466678,"predicted":false,"t":-1,"tick":27860,"type":"respawn"}
[client] {"a":1,"dup":false,"ev":"game","ms":469486,"predicted":false,"t":-1,"tick":28029,"type":"respawn"}
[client] {"counts":{"blocks_on_me":2,"conf_actions":282,"confirmed_hits":1337,"dup_confirmed":0,"hits_on_me":123,"pred_actions":301,"predicted_confirmed":111,"predicted_hits":267,"reconnects":0},"ev":"stats","hp":220.0,"in_bytes":6124159,"late":0,"local_entity":2,"match":{"countdown_until":300,"ctrl":-1,"final":true,"next":"","phase":3,"rot":1040,"scores":[47,48],"sd":false,"state":3,"tick":27760,"zone":"A"},"max_err":2.008,"mean_err":0.0206,"ms":469920,"out_bytes":1374956,"pending":6,"pos":[-38.51,-2.01],"reconciles":9333,"server_tick":28059,"snaps":9344,"teleports":11}
[client] {"a":4,"dup":false,"ev":"game","ms":470639,"predicted":false,"t":-1,"tick":28098,"type":"respawn"}
[client] {"a":7,"dup":false,"ev":"game","ms":470990,"predicted":false,"t":2,"tick":28119,"type":"hit"}
[client] {"a":7,"dup":false,"ev":"game","ms":471308,"predicted":false,"t":2,"tick":28138,"type":"hit"}
[client] {"a":5,"dup":false,"ev":"game","ms":471372,"predicted":false,"t":2,"tick":28142,"type":"hit"}
[client] {"a":9,"dup":false,"ev":"game","ms":471404,"predicted":false,"t":2,"tick":28144,"type":"hit"}
[client] {"a":2,"dup":true,"ev":"game","ms":472488,"predicted":false,"t":7,"tick":28214,"type":"hit"}
[client] {"a":2,"dup":true,"ev":"game","ms":472488,"predicted":false,"t":8,"tick":28214,"type":"hit"}
[client] {"a":2,"dup":true,"ev":"game","ms":472488,"predicted":false,"t":9,"tick":28214,"type":"hit"}
[client] {"a":6,"dup":false,"ev":"game","ms":473061,"predicted":false,"t":2,"tick":28243,"type":"hit"}
[client] {"a":5,"dup":false,"ev":"game","ms":473226,"predicted":false,"t":2,"tick":28253,"type":"hit"}
[client] {"a":6,"dup":false,"ev":"game","ms":473392,"predicted":false,"t":2,"tick":28263,"type":"hit"}
[client] {"a":5,"dup":false,"ev":"game","ms":473709,"predicted":false,"t":2,"tick":28282,"type":"hit"}
[client] {"a":2,"dup":false,"ev":"game","ms":474485,"predicted":false,"t":-1,"tick":28334,"type":"ko"}
[client] {"a":8,"dup":false,"ev":"game","ms":474519,"predicted":false,"t":2,"tick":28331,"type":"hit"}
[client] {"a":5,"dup":false,"ev":"game","ms":474568,"predicted":false,"t":2,"tick":28334,"type":"hit"}
[client] {"counts":{"blocks_on_me":2,"conf_actions":287,"confirmed_hits":1350,"dup_confirmed":0,"hits_on_me":133,"pred_actions":308,"predicted_confirmed":114,"predicted_hits":279,"reconnects":0},"ev":"stats","hp":0.0,"in_bytes":6196343,"late":0,"local_entity":2,"match":{"countdown_until":300,"ctrl":1,"final":true,"next":"","phase":3,"rot":740,"scores":[47,48],"sd":false,"state":2,"tick":28060,"zone":"A"},"max_err":2.008,"mean_err":0.0214,"ms":474919,"out_bytes":1389656,"pending":6,"pos":[-43.96,-0.63],"reconciles":9432,"server_tick":28359,"snaps":9443,"teleports":11}
[client] {"a":6,"dup":false,"ev":"game","ms":476589,"predicted":false,"t":3,"tick":28455,"type":"hit"}
[client] {"a":6,"dup":false,"ev":"game","ms":476838,"predicted":false,"t":3,"tick":28470,"type":"hit"}
[client] {"a":3,"dup":false,"ev":"game","ms":478238,"predicted":false,"t":5,"tick":28554,"type":"hit"}
[client] {"a":6,"dup":false,"ev":"game","ms":478873,"predicted":false,"t":3,"tick":28592,"type":"hit"}
[client] {"a":7,"dup":false,"ev":"game","ms":478873,"predicted":false,"t":3,"tick":28592,"type":"hit"}
[client] {"a":7,"dup":false,"ev":"game","ms":479190,"predicted":false,"t":3,"tick":28611,"type":"hit"}
[client] {"a":6,"dup":false,"ev":"game","ms":479287,"predicted":false,"t":0,"tick":28617,"type":"hit"}
[client] {"a":3,"dup":false,"ev":"game","ms":479509,"predicted":false,"t":7,"tick":28630,"type":"hit"}
[client] {"a":0,"dup":false,"ev":"game","ms":479660,"predicted":false,"t":5,"tick":28639,"type":"hit"}
[client] {"counts":{"blocks_on_me":2,"conf_actions":287,"confirmed_hits":1359,"dup_confirmed":0,"hits_on_me":133,"pred_actions":308,"predicted_confirmed":114,"predicted_hits":279,"reconnects":0},"ev":"stats","hp":0.0,"in_bytes":6262867,"late":0,"local_entity":2,"match":{"countdown_until":300,"ctrl":-1,"final":true,"next":"","phase":3,"rot":440,"scores":[47,48],"sd":false,"state":3,"tick":28360,"zone":"A"},"max_err":2.008,"mean_err":0.0211,"ms":479921,"out_bytes":1404356,"pending":6,"pos":[-43.96,-0.63],"reconciles":9532,"server_tick":28659,"snaps":9543,"teleports":11}
[client] {"a":0,"dup":false,"ev":"game","ms":479957,"predicted":false,"t":5,"tick":28657,"type":"hit"}
[client] {"a":6,"dup":false,"ev":"game","ms":480108,"predicted":false,"t":0,"tick":28666,"type":"hit"}
[client] {"a":1,"dup":false,"ev":"game","ms":480239,"predicted":false,"t":7,"tick":28674,"type":"hit"}
[client] {"a":5,"dup":false,"ev":"game","ms":480343,"predicted":false,"t":0,"tick":28680,"type":"hit"}
[client] {"a":3,"dup":false,"ev":"game","ms":480605,"predicted":false,"t":6,"tick":28696,"type":"hit"}
[client] {"a":6,"dup":false,"ev":"game","ms":480972,"predicted":false,"t":3,"tick":28718,"type":"hit"}
[client] {"a":8,"dup":false,"ev":"game","ms":481021,"predicted":false,"t":0,"tick":28721,"type":"hit"}
[client] {"a":0,"dup":false,"ev":"game","ms":481373,"predicted":false,"t":8,"tick":28742,"type":"hit"}
[client] {"a":1,"dup":false,"ev":"game","ms":481373,"predicted":false,"t":6,"tick":28742,"type":"hit"}
[client] {"a":7,"dup":false,"ev":"game","ms":481434,"predicted":false,"t":1,"tick":28746,"type":"hit"}
[client] {"a":7,"dup":false,"ev":"game","ms":481504,"predicted":false,"t":3,"tick":28750,"type":"hit"}
[client] {"a":8,"dup":false,"ev":"game","ms":481752,"predicted":false,"t":0,"tick":28765,"type":"hit"}
[client] {"a":5,"dup":false,"ev":"game","ms":482821,"predicted":false,"t":3,"tick":28828,"type":"hit"}
[client] {"a":7,"dup":false,"ev":"game","ms":482822,"predicted":false,"t":3,"tick":28828,"type":"hit"}
[client] {"a":1,"dup":false,"ev":"game","ms":482918,"predicted":false,"t":7,"tick":28835,"type":"hit"}
[client] {"a":6,"dup":false,"ev":"game","ms":483104,"predicted":false,"t":3,"tick":28845,"type":"hit"}
[client] {"a":5,"dup":false,"ev":"game","ms":483139,"predicted":false,"t":3,"tick":28848,"type":"hit"}
[client] {"a":5,"dup":false,"ev":"game","ms":483201,"predicted":false,"t":1,"tick":28851,"type":"hit"}
[client] {"a":4,"dup":false,"ev":"game","ms":483222,"predicted":false,"t":7,"tick":28852,"type":"hit"}
[client] {"a":8,"dup":false,"ev":"game","ms":483222,"predicted":false,"t":0,"tick":28852,"type":"hit"}
[client] {"a":4,"dup":false,"ev":"game","ms":483256,"predicted":false,"t":6,"tick":28854,"type":"hit"}
[client] {"a":3,"dup":false,"ev":"game","ms":483470,"predicted":false,"t":5,"tick":28867,"type":"hit"}
[client] {"a":0,"dup":false,"ev":"game","ms":483587,"predicted":false,"t":8,"tick":28874,"type":"hit"}
[client] {"a":9,"dup":false,"ev":"game","ms":483739,"predicted":false,"t":4,"tick":28884,"type":"hit"}
[client] {"a":3,"dup":false,"ev":"game","ms":483774,"predicted":false,"t":5,"tick":28886,"type":"hit"}
[client] {"a":1,"dup":false,"ev":"game","ms":483857,"predicted":false,"t":5,"tick":28890,"type":"hit"}
[client] {"a":8,"dup":false,"ev":"game","ms":483953,"predicted":false,"t":0,"tick":28897,"type":"hit"}
[client] {"a":0,"dup":false,"ev":"game","ms":484305,"predicted":false,"t":8,"tick":28918,"type":"hit"}
[client] {"a":6,"dup":false,"ev":"game","ms":484436,"predicted":false,"t":3,"tick":28925,"type":"hit"}
[client] {"a":7,"dup":false,"ev":"game","ms":484491,"predicted":false,"t":3,"tick":28928,"type":"hit"}
[client] {"a":9,"dup":false,"ev":"game","ms":484491,"predicted":false,"t":3,"tick":28928,"type":"hit"}
[client] {"a":3,"dup":false,"ev":"game","ms":484491,"predicted":false,"t":-1,"tick":28928,"type":"ko"}
[client] {"a":2,"dup":false,"ev":"game","ms":484491,"predicted":false,"t":-1,"tick":28934,"type":"respawn"}
[client] {"a":7,"dup":false,"ev":"game","ms":484906,"predicted":false,"t":4,"tick":28954,"type":"hit"}
[client] {"counts":{"blocks_on_me":2,"conf_actions":288,"confirmed_hits":1391,"dup_confirmed":0,"hits_on_me":133,"pred_actions":308,"predicted_confirmed":114,"predicted_hits":279,"reconnects":0},"ev":"stats","hp":220.0,"in_bytes":6336697,"late":0,"local_entity":2,"match":{"countdown_until":300,"ctrl":-1,"final":true,"next":"","phase":3,"rot":140,"scores":[47,48],"sd":false,"state":3,"tick":28660,"zone":"A"},"max_err":2.008,"mean_err":0.0209,"ms":484918,"out_bytes":1419056,"pending":6,"pos":[6.15,-47.67],"reconciles":9625,"server_tick":28959,"snaps":9637,"teleports":12}
[client] {"a":0,"dup":false,"ev":"game","ms":484919,"predicted":false,"t":8,"tick":28955,"type":"hit"}
[client] {"a":7,"dup":false,"ev":"game","ms":484954,"predicted":false,"t":1,"tick":28957,"type":"hit"}
[client] {"a":4,"dup":false,"ev":"game","ms":485507,"predicted":false,"t":7,"tick":28989,"type":"hit"}
[client] {"a":1,"dup":false,"ev":"game","ms":485692,"predicted":false,"t":7,"tick":29001,"type":"hit"}
[client] {"a":4,"dup":false,"ev":"game","ms":486002,"predicted":false,"t":7,"tick":29019,"type":"hit"}
[client] {"a":1,"dup":false,"ev":"game","ms":486058,"predicted":false,"t":7,"tick":29022,"type":"hit"}
[client] {"a":5,"dup":false,"ev":"game","ms":486375,"predicted":false,"t":0,"tick":29042,"type":"hit"}
[client] {"a":7,"dup":false,"ev":"game","ms":486458,"predicted":false,"t":4,"tick":29046,"type":"hit"}
[client] {"a":0,"dup":false,"ev":"game","ms":486754,"predicted":false,"t":5,"tick":29065,"type":"hit"}
[client] {"a":7,"dup":false,"ev":"game","ms":486754,"predicted":false,"t":4,"tick":29065,"type":"hit"}
[client] {"a":1,"dup":false,"ev":"game","ms":487072,"predicted":false,"t":7,"tick":29084,"type":"hit"}
[client] {"a":5,"dup":false,"ev":"game","ms":487141,"predicted":false,"t":0,"tick":29088,"type":"hit"}
[client] {"a":8,"dup":false,"ev":"game","ms":487141,"predicted":false,"t":0,"tick":29088,"type":"hit"}
[client] {"duration_s":480.0,"ev":"results","ms":487368,"reason":"time","score":[47,48],"winner":1}
[client] {"counts":{"blocks_on_me":2,"conf_actions":288,"confirmed_hits":1404,"dup_confirmed":0,"hits_on_me":133,"pred_actions":308,"predicted_confirmed":114,"predicted_hits":279,"reconnects":0},"ev":"stats","hp":220.0,"in_bytes":6371061,"late":0,"local_entity":2,"match":{"countdown_until":300,"ctrl":-1,"final":true,"next":"","phase":3,"rot":2,"scores":[47,48],"sd":false,"state":3,"tick":28798,"zone":"A"},"max_err":2.008,"mean_err":0.0208,"ms":487368,"out_bytes":1426259,"pending":15,"pos":[1.46,-31.02],"reconciles":9668,"server_tick":29106,"snaps":9680,"teleports":12}
[client] {"a":-1,"dup":false,"ev":"game","ms":487375,"predicted":false,"t":-1,"tick":29099,"type":"match_end"}
ERROR: Attempt to disconnect a nonexistent connection from 'Net:<Node#47596963389>'. Signal: 'tree_exited', callable: ''.
   at: _disconnect (core/object/object.cpp:1644)
