Godot Engine v4.7.2.stable.official.ed1daf0bf - https://godotengine.org

[client] {"detail":"127.0.0.1:24610","ev":"status","ms":1,"status":"connecting"}
[client] {"detail":"","ev":"status","ms":56,"status":"connected"}
[client] {"ev":"welcome","ms":63,"observer":false,"pid":5}
[client] {"ev":"pick","f":"nyx","ms":346}
[client] {"ev":"lock","f":"nyx","ms":1160}
[client] {"ev":"match_setup","fighters":10,"ms":2177,"you":6}
[client] {"counts":{"blocks_on_me":0,"conf_actions":0,"confirmed_hits":0,"dup_confirmed":0,"hits_on_me":0,"pred_actions":0,"predicted_confirmed":0,"predicted_hits":0,"reconnects":0},"ev":"stats","hp":220.0,"in_bytes":84253,"late":0,"local_entity":6,"match":{"countdown_until":300,"ctrl":-1,"final":false,"next":"","phase":2,"rot":3600,"scores":[0,0],"sd":false,"state":1,"tick":0,"zone":""},"max_err":1.307,"mean_err":0.6055,"ms":4965,"out_bytes":8199,"pending":7,"pos":[-3.11,46.19],"reconciles":25,"server_tick":167,"snaps":26,"teleports":1}
[client] {"counts":{"blocks_on_me":0,"conf_actions":0,"confirmed_hits":0,"dup_confirmed":0,"hits_on_me":0,"pred_actions":0,"predicted_confirmed":0,"predicted_hits":0,"reconnects":0},"ev":"stats","hp":220.0,"in_bytes":125916,"late":0,"local_entity":6,"match":{"countdown_until":300,"ctrl":-1,"final":false,"next":"","phase":3,"rot":3434,"scores":[0,0],"sd":false,"state":1,"tick":166,"zone":"B"},"max_err":1.307,"mean_err":0.2304,"ms":9968,"out_bytes":22899,"pending":7,"pos":[-2.27,26.93],"reconciles":117,"server_tick":467,"snaps":118,"teleports":1}
[client] {"a":3,"dup":false,"ev":"game","ms":14316,"predicted":false,"t":6,"tick":724,"type":"hit"}
[client] {"a":5,"dup":false,"ev":"game","ms":14902,"predicted":false,"t":3,"tick":759,"type":"hit"}
[client] {"counts":{"blocks_on_me":0,"conf_actions":2,"confirmed_hits":2,"dup_confirmed":0,"hits_on_me":1,"pred_actions":2,"predicted_confirmed":0,"predicted_hits":0,"reconnects":0},"ev":"stats","hp":194.0,"in_bytes":190316,"late":0,"local_entity":6,"match":{"countdown_until":300,"ctrl":-1,"final":false,"next":"","phase":3,"rot":3131,"scores":[0,0],"sd":false,"state":3,"tick":469,"zone":"B"},"max_err":1.772,"mean_err":0.1324,"ms":14970,"out_bytes":37599,"pending":7,"pos":[-4.02,-0.91],"reconciles":217,"server_tick":767,"snaps":219,"teleports":1}
[client] {"a":3,"dup":false,"ev":"game","ms":15833,"predicted":false,"t":5,"tick":815,"type":"hit"}
[client] {"a":2,"dup":false,"ev":"game","ms":16172,"predicted":false,"t":5,"tick":835,"type":"hit"}
[client] {"a":2,"dup":false,"ev":"game","ms":16172,"predicted":false,"t":9,"tick":835,"type":"hit"}
[client] {"a":2,"dup":false,"ev":"game","ms":16256,"predicted":false,"t":6,"tick":840,"type":"hit"}
[client] {"a":1,"dup":false,"ev":"game","ms":16289,"predicted":false,"t":6,"tick":842,"type":"hit"}
[client] {"a":1,"dup":false,"ev":"game","ms":16316,"predicted":false,"t":5,"tick":844,"type":"hit"}
[client] {"a":1,"dup":false,"ev":"game","ms":16316,"predicted":false,"t":9,"tick":844,"type":"hit"}
[client] {"a":3,"dup":false,"ev":"game","ms":16572,"predicted":false,"t":7,"tick":859,"type":"hit"}
[client] {"a":8,"dup":false,"ev":"game","ms":16973,"predicted":false,"t":4,"tick":883,"type":"hit"}
[client] {"a":2,"dup":false,"ev":"game","ms":17200,"predicted":false,"t":6,"tick":897,"type":"hit"}
[client] {"a":1,"dup":false,"ev":"game","ms":17317,"predicted":false,"t":5,"tick":904,"type":"hit"}
[client] {"a":1,"dup":false,"ev":"game","ms":17317,"predicted":false,"t":6,"tick":904,"type":"hit"}
[client] {"a":1,"dup":false,"ev":"game","ms":17351,"predicted":false,"t":9,"tick":906,"type":"hit"}
[client] {"a":1,"dup":false,"ev":"game","ms":17372,"predicted":false,"t":7,"tick":907,"type":"hit"}
[client] {"a":8,"dup":false,"ev":"game","ms":17586,"predicted":false,"t":4,"tick":920,"type":"hit"}
[client] {"a":7,"dup":false,"ev":"game","ms":18235,"predicted":false,"t":3,"tick":959,"type":"hit"}
[client] {"a":8,"dup":false,"ev":"game","ms":18290,"predicted":false,"t":2,"tick":962,"type":"hit"}
[client] {"a":7,"dup":false,"ev":"game","ms":18532,"predicted":false,"t":3,"tick":977,"type":"hit"}
[client] {"a":4,"dup":false,"ev":"game","ms":18566,"predicted":false,"t":8,"tick":979,"type":"hit"}
[client] {"a":7,"dup":false,"ev":"game","ms":18897,"predicted":false,"t":3,"tick":998,"type":"hit"}
[client] {"a":2,"dup":false,"ev":"game","ms":18933,"predicted":false,"t":8,"tick":1000,"type":"hit"}
[client] {"a":4,"dup":false,"ev":"game","ms":18969,"predicted":false,"t":8,"tick":1002,"type":"hit"}
[client] {"a":9,"dup":false,"ev":"game","ms":19147,"predicted":false,"t":3,"tick":1013,"type":"hit"}
[client] {"a":8,"dup":false,"ev":"game","ms":19367,"predicted":false,"t":0,"tick":1026,"type":"hit"}
[client] {"a":2,"dup":false,"ev":"game","ms":19663,"predicted":false,"t":8,"tick":1044,"type":"hit"}
[client] {"a":7,"dup":false,"ev":"game","ms":19664,"predicted":false,"t":3,"tick":1044,"type":"hit"}
[client] {"counts":{"blocks_on_me":0,"conf_actions":7,"confirmed_hits":28,"dup_confirmed":0,"hits_on_me":5,"pred_actions":7,"predicted_confirmed":0,"predicted_hits":2,"reconnects":0},"ev":"stats","hp":42.0,"in_bytes":262914,"late":0,"local_entity":6,"match":{"countdown_until":300,"ctrl":-1,"final":false,"next":"","phase":3,"rot":2834,"scores":[0,0],"sd":false,"state":3,"tick":766,"zone":"B"},"max_err":1.772,"mean_err":0.1171,"ms":19966,"out_bytes":52299,"pending":7,"pos":[-2.38,-1.4],"reconciles":317,"server_tick":1067,"snaps":318,"teleports":1}
[client] {"a":2,"dup":false,"ev":"game","ms":19981,"predicted":false,"t":8,"tick":1063,"type":"hit"}
[client] {"a":9,"dup":false,"ev":"game","ms":20098,"predicted":false,"t":4,"tick":1070,"type":"hit"}
[client] {"a":9,"dup":false,"ev":"game","ms":20112,"predicted":false,"t":1,"tick":1071,"type":"hit"}
[client] {"a":2,"dup":false,"ev":"game","ms":20298,"predicted":false,"t":8,"tick":1082,"type":"hit"}
[client] {"a":8,"dup":false,"ev":"game","ms":20733,"predicted":false,"t":1,"tick":1108,"type":"hit"}
[client] {"a":7,"dup":false,"ev":"game","ms":20781,"predicted":false,"t":3,"tick":1111,"type":"block"}
[client] {"a":9,"dup":false,"ev":"game","ms":20815,"predicted":false,"t":3,"tick":1113,"type":"block"}
[client] {"a":6,"dup":false,"ev":"game","ms":20947,"predicted":false,"t":3,"tick":1126,"type":"block"}
[client] {"a":0,"dup":false,"ev":"game","ms":21064,"predicted":false,"t":8,"tick":1128,"type":"hit"}
[client] {"a":7,"dup":false,"ev":"game","ms":21064,"predicted":false,"t":3,"tick":1128,"type":"block"}
[client] {"a":9,"dup":false,"ev":"game","ms":21134,"predicted":false,"t":3,"tick":1132,"type":"block"}
[client] {"a":0,"dup":false,"ev":"game","ms":21168,"predicted":false,"t":6,"tick":1134,"type":"hit"}
[client] {"a":0,"dup":false,"ev":"game","ms":21168,"predicted":false,"t":9,"tick":1134,"type":"hit"}
[client] {"a":4,"dup":false,"ev":"game","ms":21968,"predicted":false,"t":7,"tick":1182,"type":"hit"}
[client] {"a":1,"dup":false,"ev":"game","ms":22002,"predicted":false,"t":6,"tick":1184,"type":"hit"}
[client] {"a":5,"dup":false,"ev":"game","ms":22147,"predicted":false,"t":3,"tick":1194,"type":"hit"}
[client] {"a":6,"dup":false,"ev":"game","ms":22216,"predicted":false,"t":-1,"tick":1203,"type":"ko"}
[client] {"a":2,"dup":false,"ev":"game","ms":22299,"predicted":false,"t":5,"tick":1203,"type":"hit"}
[client] {"a":2,"dup":false,"ev":"game","ms":22299,"predicted":false,"t":6,"tick":1203,"type":"hit"}
[client] {"a":9,"dup":false,"ev":"game","ms":22851,"predicted":false,"t":0,"tick":1236,"type":"hit"}
[client] {"a":3,"dup":false,"ev":"game","ms":22913,"predicted":false,"t":5,"tick":1240,"type":"hit"}
[client] {"a":3,"dup":false,"ev":"game","ms":22968,"predicted":false,"t":7,"tick":1243,"type":"hit"}
[client] {"a":2,"dup":false,"ev":"game","ms":23251,"predicted":false,"t":8,"tick":1260,"type":"hit"}
[client] {"a":4,"dup":false,"ev":"game","ms":23251,"predicted":false,"t":8,"tick":1260,"type":"hit"}
[client] {"a":5,"dup":false,"ev":"game","ms":23286,"predicted":false,"t":3,"tick":1262,"type":"hit"}
[client] {"a":1,"dup":false,"ev":"game","ms":23313,"predicted":false,"t":8,"tick":1264,"type":"hit"}
[client] {"a":0,"dup":false,"ev":"game","ms":23347,"predicted":false,"t":8,"tick":1266,"type":"hit"}
[client] {"a":4,"dup":false,"ev":"game","ms":23513,"predicted":false,"t":8,"tick":1276,"type":"hit"}
[client] {"a":8,"dup":false,"ev":"game","ms":23513,"predicted":false,"t":-1,"tick":1276,"type":"ko"}
[client] {"a":7,"dup":false,"ev":"game","ms":23617,"predicted":false,"t":3,"tick":1282,"type":"hit"}
[client] {"a":5,"dup":false,"ev":"game","ms":24203,"predicted":false,"t":1,"tick":1317,"type":"hit"}
[client] {"a":0,"dup":false,"ev":"game","ms":24217,"predicted":false,"t":9,"tick":1318,"type":"hit"}
[client] {"a":3,"dup":false,"ev":"game","ms":24451,"predicted":false,"t":5,"tick":1332,"type":"hit"}
[client] {"a":4,"dup":false,"ev":"game","ms":24735,"predicted":false,"t":9,"tick":1349,"type":"hit"}
[client] {"a":1,"dup":false,"ev":"game","ms":24769,"predicted":false,"t":9,"tick":1351,"type":"hit"}
[client] {"a":5,"dup":false,"ev":"game","ms":24914,"predicted":false,"t":3,"tick":1360,"type":"hit"}
[client] {"counts":{"blocks_on_me":0,"conf_actions":10,"confirmed_hits":57,"dup_confirmed":0,"hits_on_me":8,"pred_actions":11,"predicted_confirmed":0,"predicted_hits":10,"reconnects":0},"ev":"stats","hp":0.0,"in_bytes":342432,"late":0,"local_entity":6,"match":{"countdown_until":300,"ctrl":-1,"final":false,"next":"","phase":3,"rot":2531,"scores":[0,0],"sd":false,"state":3,"tick":1069,"zone":"B"},"max_err":1.772,"mean_err":0.0981,"ms":24968,"out_bytes":66999,"pending":7,"pos":[-0.67,-2.71],"reconciles":417,"server_tick":1367,"snaps":419,"teleports":1}
[client] {"a":7,"dup":false,"ev":"game","ms":25100,"predicted":false,"t":3,"tick":1371,"type":"hit"}
[client] {"a":1,"dup":false,"ev":"game","ms":25148,"predicted":false,"t":7,"tick":1374,"type":"hit"}
[client] {"a":9,"dup":false,"ev":"game","ms":25169,"predicted":false,"t":3,"tick":1375,"type":"hit"}
[client] {"a":4,"dup":false,"ev":"game","ms":25217,"predicted":false,"t":9,"tick":1378,"type":"hit"}
[client] {"a":5,"dup":false,"ev":"game","ms":25467,"predicted":false,"t":3,"tick":1393,"type":"hit"}
[client] {"a":3,"dup":false,"ev":"game","ms":25467,"predicted":false,"t":-1,"tick":1393,"type":"ko"}
[client] {"a":4,"dup":false,"ev":"game","ms":25570,"predicted":false,"t":9,"tick":1399,"type":"hit"}
[client] {"a":9,"dup":false,"ev":"game","ms":25570,"predicted":false,"t":-1,"tick":1399,"type":"ko"}
[client] {"a":4,"dup":false,"ev":"game","ms":25583,"predicted":false,"t":5,"tick":1400,"type":"hit"}
[client] {"a":2,"dup":false,"ev":"game","ms":25631,"predicted":false,"t":5,"tick":1403,"type":"hit"}
[client] {"a":5,"dup":false,"ev":"game","ms":26004,"predicted":false,"t":2,"tick":1425,"type":"hit"}
[client] {"a":2,"dup":false,"ev":"game","ms":26770,"predicted":false,"t":5,"tick":1471,"type":"block"}
[client] {"a":0,"dup":false,"ev":"game","ms":27019,"predicted":false,"t":5,"tick":1486,"type":"block"}
[client] {"a":0,"dup":false,"ev":"game","ms":27067,"predicted":false,"t":7,"tick":1489,"type":"hit"}
[client] {"a":2,"dup":false,"ev":"game","ms":27087,"predicted":false,"t":5,"tick":1490,"type":"block"}
[client] {"a":0,"dup":false,"ev":"game","ms":27337,"predicted":false,"t":5,"tick":1505,"type":"block"}
[client] {"a":4,"dup":false,"ev":"game","ms":27453,"predicted":false,"t":7,"tick":1512,"type":"hit"}
[client] {"a":2,"dup":false,"ev":"game","ms":27488,"predicted":false,"t":5,"tick":1514,"type":"block"}
[client] {"a":1,"dup":false,"ev":"game","ms":27607,"predicted":false,"t":7,"tick":1521,"type":"hit"}
[client] {"a":0,"dup":false,"ev":"game","ms":27736,"predicted":false,"t":5,"tick":1529,"type":"block"}
[client] {"a":0,"dup":false,"ev":"game","ms":27771,"predicted":false,"t":7,"tick":1531,"type":"hit"}
[client] {"a":2,"dup":false,"ev":"game","ms":28033,"predicted":false,"t":5,"tick":1547,"type":"block"}
[client] {"a":7,"dup":false,"ev":"game","ms":28088,"predicted":false,"t":1,"tick":1550,"type":"hit"}
[client] {"a":0,"dup":false,"ev":"game","ms":28288,"predicted":false,"t":5,"tick":1562,"type":"block"}
[client] {"a":7,"dup":false,"ev":"game","ms":28405,"predicted":false,"t":1,"tick":1569,"type":"hit"}
[client] {"a":4,"dup":false,"ev":"game","ms":28605,"predicted":false,"t":7,"tick":1581,"type":"hit"}
[client] {"a":7,"dup":false,"ev":"game","ms":28923,"predicted":false,"t":1,"tick":1600,"type":"hit"}
[client] {"a":4,"dup":false,"ev":"game","ms":28937,"predicted":false,"t":7,"tick":1601,"type":"hit"}
[client] {"a":7,"dup":false,"ev":"game","ms":28937,"predicted":false,"t":-1,"tick":1601,"type":"ko"}
[client] {"a":2,"dup":false,"ev":"game","ms":29089,"predicted":false,"t":5,"tick":1610,"type":"block"}
[client] {"a":0,"dup":false,"ev":"game","ms":29337,"predicted":false,"t":5,"tick":1625,"type":"hit"}
[client] {"a":2,"dup":false,"ev":"game","ms":29420,"predicted":false,"t":5,"tick":1630,"type":"hit"}
[client] {"a":0,"dup":false,"ev":"game","ms":29661,"predicted":false,"t":5,"tick":1645,"type":"hit"}
[client] {"a":1,"dup":false,"ev":"game","ms":29661,"predicted":false,"t":5,"tick":1645,"type":"hit"}
[client] {"a":5,"dup":false,"ev":"game","ms":29661,"predicted":false,"t":-1,"tick":1645,"type":"ko"}
[client] {"counts":{"blocks_on_me":0,"conf_actions":10,"confirmed_hits":79,"dup_confirmed":0,"hits_on_me":8,"pred_actions":11,"predicted_confirmed":0,"predicted_hits":10,"reconnects":0},"ev":"stats","hp":0.0,"in_bytes":414668,"late":0,"local_entity":6,"match":{"countdown_until":300,"ctrl":0,"final":false,"next":"","phase":3,"rot":2234,"scores":[0,0],"sd":false,"state":2,"tick":1366,"zone":"B"},"max_err":1.772,"mean_err":0.0791,"ms":29964,"out_bytes":81699,"pending":7,"pos":[-0.67,-2.71],"reconciles":517,"server_tick":1667,"snaps":518,"teleports":1}
[client] {"a":6,"dup":false,"ev":"game","ms":32229,"predicted":false,"t":-1,"tick":1803,"type":"respawn"}
[client] {"a":8,"dup":false,"ev":"game","ms":33533,"predicted":false,"t":-1,"tick":1876,"type":"respawn"}
[client] {"counts":{"blocks_on_me":0,"conf_actions":10,"confirmed_hits":79,"dup_confirmed":0,"hits_on_me":8,"pred_actions":11,"predicted_confirmed":0,"predicted_hits":10,"reconnects":0},"ev":"stats","hp":220.0,"in_bytes":464917,"late":0,"local_entity":6,"match":{"countdown_until":300,"ctrl":0,"final":false,"next":"","phase":3,"rot":1931,"scores":[5,0],"sd":false,"state":2,"tick":1669,"zone":"B"},"max_err":1.772,"mean_err":0.0664,"ms":34966,"out_bytes":96399,"pending":7,"pos":[1.74,29.63],"reconciles":616,"server_tick":1967,"snaps":619,"teleports":2}
[client] {"a":3,"dup":false,"ev":"game","ms":35464,"predicted":false,"t":-1,"tick":1993,"type":"respawn"}
[client] {"a":9,"dup":false,"ev":"game","ms":35567,"predicted":false,"t":-1,"tick":1999,"type":"respawn"}
[client] {"a":7,"dup":false,"ev":"game","ms":38935,"predicted":false,"t":-1,"tick":2201,"type":"respawn"}
[client] {"a":5,"dup":false,"ev":"game","ms":39680,"predicted":false,"t":-1,"tick":2245,"type":"respawn"}
[client] {"a":6,"dup":true,"ev":"game","ms":39762,"predicted":false,"t":0,"tick":2255,"type":"hit"}
[client] {"counts":{"blocks_on_me":0,"conf_actions":11,"confirmed_hits":80,"dup_confirmed":0,"hits_on_me":8,"pred_actions":12,"predicted_confirmed":1,"predicted_hits":12,"reconnects":0},"ev":"stats","hp":220.0,"in_bytes":521100,"late":0,"local_entity":6,"match":{"countdown_until":300,"ctrl":-1,"final":false,"next":"","phase":3,"rot":1634,"scores":[8,0],"sd":false,"state":3,"tick":1966,"zone":"B"},"max_err":1.772,"mean_err":0.0571,"ms":39961,"out_bytes":111099,"pending":7,"pos":[-1.43,-2.31],"reconciles":716,"server_tick":2267,"snaps":718,"teleports":2}
[client] {"a":6,"dup":true,"ev":"game","ms":39977,"predicted":false,"t":0,"tick":2268,"type":"hit"}
[client] {"a":6,"dup":false,"ev":"game","ms":39997,"predicted":false,"t":4,"tick":2269,"type":"hit"}
[client] {"a":6,"dup":true,"ev":"game","ms":40459,"predicted":false,"t":0,"tick":2297,"type":"hit"}
[client] {"a":6,"dup":true,"ev":"game","ms":40480,"predicted":false,"t":1,"tick":2298,"type":"hit"}
[client] {"a":6,"dup":true,"ev":"game","ms":40811,"predicted":false,"t":0,"tick":2318,"type":"hit"}
[client] {"a":1,"dup":false,"ev":"game","ms":40928,"predicted":false,"t":6,"tick":2320,"type":"hit"}
[client] {"a":4,"dup":false,"ev":"game","ms":41011,"predicted":false,"t":6,"tick":2325,"type":"hit"}
[client] {"a":0,"dup":false,"ev":"game","ms":41245,"predicted":false,"t":8,"tick":2339,"type":"hit"}
[client] {"a":1,"dup":false,"ev":"game","ms":41260,"predicted":false,"t":6,"tick":2340,"type":"hit"}
[client] {"a":4,"dup":false,"ev":"game","ms":41377,"predicted":false,"t":6,"tick":2347,"type":"hit"}
[client] {"a":0,"dup":false,"ev":"game","ms":41577,"predicted":false,"t":8,"tick":2359,"type":"hit"}
[client] {"a":0,"dup":false,"ev":"game","ms":41611,"predicted":false,"t":6,"tick":2361,"type":"hit"}
[client] {"a":0,"dup":false,"ev":"game","ms":41977,"predicted":false,"t":8,"tick":2383,"type":"hit"}
[client] {"a":1,"dup":false,"ev":"game","ms":42260,"predicted":false,"t":6,"tick":2400,"type":"hit"}
[client] {"a":8,"dup":false,"ev":"game","ms":42412,"predicted":false,"t":0,"tick":2409,"type":"hit"}
[client] {"a":8,"dup":false,"ev":"game","ms":42743,"predicted":false,"t":1,"tick":2429,"type":"hit"}
[client] {"a":3,"dup":false,"ev":"game","ms":43012,"predicted":false,"t":6,"tick":2445,"type":"hit"}
[client] {"a":6,"dup":true,"ev":"game","ms":43447,"predicted":false,"t":0,"tick":2476,"type":"hit"}
[client] {"a":3,"dup":false,"ev":"game","ms":43612,"predicted":false,"t":6,"tick":2481,"type":"hit"}
[client] {"a":1,"dup":false,"ev":"game","ms":43696,"predicted":false,"t":8,"tick":2486,"type":"hit"}
[client] {"a":9,"dup":false,"ev":"game","ms":43964,"predicted":false,"t":1,"tick":2502,"type":"hit"}
[client] {"a":8,"dup":false,"ev":"game","ms":44350,"predicted":false,"t":1,"tick":2525,"type":"hit"}
[client] {"a":9,"dup":false,"ev":"game","ms":44661,"predicted":false,"t":1,"tick":2544,"type":"hit"}
[client] {"a":9,"dup":false,"ev":"game","ms":44696,"predicted":false,"t":0,"tick":2546,"type":"hit"}
[client] {"counts":{"blocks_on_me":0,"conf_actions":19,"confirmed_hits":104,"dup_confirmed":0,"hits_on_me":16,"pred_actions":22,"predicted_confirmed":6,"predicted_hits":25,"reconnects":0},"ev":"stats","hp":76.0,"in_bytes":598926,"late":0,"local_entity":6,"match":{"countdown_until":300,"ctrl":-1,"final":false,"next":"","phase":3,"rot":1334,"scores":[8,0],"sd":false,"state":3,"tick":2266,"zone":"B"},"max_err":1.772,"mean_err":0.0549,"ms":44964,"out_bytes":125799,"pending":7,"pos":[-1.79,-4.19],"reconciles":816,"server_tick":2567,"snaps":818,"teleports":2}
[client] {"a":9,"dup":false,"ev":"game","ms":45461,"predicted":false,"t":2,"tick":2592,"type":"block"}
[client] {"a":8,"dup":false,"ev":"game","ms":45482,"predicted":false,"t":2,"tick":2593,"type":"hit"}
[client] {"a":9,"dup":false,"ev":"game","ms":45516,"predicted":false,"t":4,"tick":2595,"type":"hit"}
[client] {"a":8,"dup":false,"ev":"game","ms":45800,"predicted":false,"t":2,"tick":2612,"type":"hit"}
[client] {"a":9,"dup":false,"ev":"game","ms":45800,"predicted":false,"t":2,"tick":2612,"type":"hit"}
[client] {"a":9,"dup":false,"ev":"game","ms":45835,"predicted":false,"t":4,"tick":2614,"type":"hit"}
[client] {"a":8,"dup":false,"ev":"game","ms":45848,"predicted":false,"t":4,"tick":2615,"type":"hit"}
[client] {"a":3,"dup":false,"ev":"game","ms":45966,"predicted":false,"t":9,"tick":2622,"type":"hit"}
[client] {"a":1,"dup":false,"ev":"game","ms":46000,"predicted":false,"t":6,"tick":2624,"type":"hit"}
[client] {"a":0,"dup":false,"ev":"game","ms":46351,"predicted":false,"t":8,"tick":2645,"type":"hit"}
[client] {"a":2,"dup":false,"ev":"game","ms":46400,"predicted":false,"t":8,"tick":2649,"type":"hit"}
[client] {"a":3,"dup":false,"ev":"game","ms":46414,"predicted":false,"t":8,"tick":2650,"type":"hit"}
[client] {"a":6,"dup":false,"ev":"game","ms":46814,"predicted":false,"t":-1,"tick":2679,"type":"ko"}
[client] {"a":1,"dup":false,"ev":"game","ms":46897,"predicted":false,"t":6,"tick":2679,"type":"hit"}
[client] {"a":8,"dup":false,"ev":"game","ms":47131,"predicted":false,"t":1,"tick":2693,"type":"hit"}
[client] {"a":9,"dup":false,"ev":"game","ms":47131,"predicted":false,"t":2,"tick":2693,"type":"hit"}
[client] {"a":3,"dup":false,"ev":"game","ms":47439,"predicted":false,"t":9,"tick":2711,"type":"hit"}
[client] {"a":2,"dup":false,"ev":"game","ms":47449,"predicted":false,"t":9,"tick":2712,"type":"hit"}
[client] {"a":8,"dup":false,"ev":"game","ms":47469,"predicted":false,"t":1,"tick":2713,"type":"hit"}
[client] {"a":7,"dup":false,"ev":"game","ms":47513,"predicted":false,"t":2,"tick":2716,"type":"hit"}
[client] {"a":3,"dup":false,"ev":"game","ms":47527,"predicted":false,"t":7,"tick":2717,"type":"hit"}
[client] {"a":9,"dup":false,"ev":"game","ms":47879,"predicted":false,"t":3,"tick":2737,"type":"hit"}
[client] {"a":9,"dup":false,"ev":"game","ms":47892,"predicted":false,"t":2,"tick":2738,"type":"hit"}
[client] {"a":4,"dup":false,"ev":"game","ms":47996,"predicted":false,"t":9,"tick":2744,"type":"hit"}
[client] {"a":8,"dup":false,"ev":"game","ms":48211,"predicted":false,"t":4,"tick":2757,"type":"hit"}
[client] {"a":3,"dup":false,"ev":"game","ms":48279,"predicted":false,"t":8,"tick":2761,"type":"hit"}
[client] {"a":3,"dup":false,"ev":"game","ms":48610,"predicted":false,"t":8,"tick":2781,"type":"hit"}
[client] {"a":7,"dup":false,"ev":"game","ms":48762,"predicted":false,"t":3,"tick":2790,"type":"hit"}
[client] {"a":8,"dup":false,"ev":"game","ms":49011,"predicted":false,"t":3,"tick":2805,"type":"hit"}
[client] {"a":8,"dup":false,"ev":"game","ms":49063,"predicted":false,"t":2,"tick":2808,"type":"hit"}
[client] {"a":1,"dup":false,"ev":"game","ms":49128,"predicted":false,"t":8,"tick":2812,"type":"hit"}
[client] {"a":1,"dup":false,"ev":"game","ms":49197,"predicted":false,"t":9,"tick":2816,"type":"hit"}
[client] {"a":2,"dup":false,"ev":"game","ms":49413,"predicted":false,"t":7,"tick":2829,"type":"hit"}
[client] {"a":3,"dup":false,"ev":"game","ms":49715,"predicted":false,"t":5,"tick":2845,"type":"block"}
[client] {"a":3,"dup":false,"ev":"game","ms":49727,"predicted":false,"t":7,"tick":2847,"type":"hit"}
[client] {"a":1,"dup":false,"ev":"game","ms":49760,"predicted":false,"t":7,"tick":2850,"type":"hit"}
[client] {"a":0,"dup":false,"ev":"game","ms":49842,"predicted":false,"t":5,"tick":2855,"type":"block"}
[client] {"counts":{"blocks_on_me":0,"conf_actions":24,"confirmed_hits":137,"dup_confirmed":0,"hits_on_me":18,"pred_actions":26,"predicted_confirmed":6,"predicted_hits":25,"reconnects":0},"ev":"stats","hp":0.0,"in_bytes":677229,"late":0,"local_entity":6,"match":{"countdown_until":300,"ctrl":-1,"final":false,"next":"","phase":3,"rot":1034,"scores":[8,0],"sd":false,"state":3,"tick":2566,"zone":"B"},"max_err":1.772,"mean_err":0.0507,"ms":49959,"out_bytes":140499,"pending":7,"pos":[-2.86,-4.26],"reconciles":916,"server_tick":2866,"snaps":918,"teleports":2}
[client] {"a":8,"dup":false,"ev":"game","ms":50043,"predicted":false,"t":3,"tick":2867,"type":"hit"}
[client] {"a":1,"dup":false,"ev":"game","ms":50077,"predicted":false,"t":8,"tick":2869,"type":"hit"}
[client] {"a":8,"dup":false,"ev":"game","ms":50077,"predicted":false,"t":-1,"tick":2869,"type":"ko"}
[client] {"a":0,"dup":false,"ev":"game","ms":50125,"predicted":false,"t":5,"tick":2872,"type":"block"}
[client] {"a":1,"dup":false,"ev":"game","ms":50373,"predicted":false,"t":5,"tick":2887,"type":"block"}
[client] {"a":7,"dup":false,"ev":"game","ms":50374,"predicted":false,"t":3,"tick":2887,"type":"block"}
[client] {"a":1,"dup":false,"ev":"game","ms":50408,"predicted":false,"t":7,"tick":2889,"type":"hit"}
[client] {"a":2,"dup":false,"ev":"game","ms":50539,"predicted":false,"t":5,"tick":2897,"type":"block"}
[client] {"a":2,"dup":false,"ev":"game","ms":50842,"predicted":false,"t":5,"tick":2915,"type":"block"}
[client] {"a":1,"dup":false,"ev":"game","ms":50857,"predicted":false,"t":5,"tick":2916,"type":"block"}
[client] {"a":1,"dup":false,"ev":"game","ms":51077,"predicted":false,"t":5,"tick":2929,"type":"block"}
[client] {"a":7,"dup":false,"ev":"game","ms":51077,"predicted":false,"t":1,"tick":2929,"type":"hit"}
[client] {"a":2,"dup":false,"ev":"game","ms":51146,"predicted":false,"t":5,"tick":2933,"type":"block"}
[client] {"a":1,"dup":false,"ev":"game","ms":51727,"predicted":false,"t":5,"tick":2968,"type":"hit"}
[client] {"a":7,"dup":false,"ev":"game","ms":51727,"predicted":false,"t":3,"tick":2968,"type":"block"}
[client] {"a":1,"dup":false,"ev":"game","ms":51747,"predicted":false,"t":7,"tick":2969,"type":"hit"}
[client] {"a":0,"dup":false,"ev":"game","ms":51760,"predicted":false,"t":5,"tick":2970,"type":"hit"}
[client] {"a":9,"dup":false,"ev":"game","ms":51926,"predicted":false,"t":1,"tick":2980,"type":"hit"}
[client] {"a":1,"dup":false,"ev":"game","ms":51926,"predicted":false,"t":-1,"tick":2980,"type":"ko"}
[client] {"a":9,"dup":false,"ev":"game","ms":51961,"predicted":false,"t":3,"tick":2982,"type":"block"}
[client] {"a":2,"dup":false,"ev":"game","ms":52030,"predicted":false,"t":5,"tick":2986,"type":"hit"}
[client] {"a":2,"dup":false,"ev":"game","ms":52030,"predicted":false,"t":9,"tick":2986,"type":"hit"}
[client] {"a":2,"dup":false,"ev":"game","ms":52775,"predicted":false,"t":7,"tick":3031,"type":"hit"}
[client] {"a":2,"dup":false,"ev":"game","ms":53092,"predicted":false,"t":5,"tick":3050,"type":"hit"}
[client] {"a":9,"dup":false,"ev":"game","ms":53230,"predicted":false,"t":2,"tick":3058,"type":"hit"}
[client] {"a":5,"dup":false,"ev":"game","ms":53479,"predicted":false,"t":2,"tick":3073,"type":"hit"}
[client] {"a":2,"dup":false,"ev":"game","ms":53796,"predicted":false,"t":5,"tick":3092,"type":"hit"}
[client] {"a":2,"dup":false,"ev":"game","ms":53796,"predicted":false,"t":9,"tick":3092,"type":"hit"}
[client] {"a":2,"dup":false,"ev":"game","ms":54162,"predicted":false,"t":5,"tick":3114,"type":"hit"}
[client] {"a":2,"dup":false,"ev":"game","ms":54162,"predicted":false,"t":7,"tick":3114,"type":"hit"}
[client] {"a":9,"dup":false,"ev":"game","ms":54377,"predicted":false,"t":2,"tick":3127,"type":"hit"}
[client] {"a":7,"dup":false,"ev":"game","ms":54480,"predicted":false,"t":2,"tick":3133,"type":"hit"}
[client] {"a":5,"dup":false,"ev":"game","ms":54645,"predicted":false,"t":2,"tick":3143,"type":"hit"}
[client] {"counts":{"blocks_on_me":0,"conf_actions":24,"confirmed_hits":158,"dup_confirmed":0,"hits_on_me":18,"pred_actions":26,"predicted_confirmed":6,"predicted_hits":25,"reconnects":0},"ev":"stats","hp":0.0,"in_bytes":751441,"late":0,"local_entity":6,"match":{"countdown_until":300,"ctrl":-1,"final":false,"next":"A","phase":3,"rot":734,"scores":[8,0],"sd":false,"state":3,"tick":2866,"zone":"B"},"max_err":1.772,"mean_err":0.0457,"ms":54961,"out_bytes":155199,"pending":7,"pos":[-2.86,-4.26],"reconciles":1016,"server_tick":3167,"snaps":1018,"teleports":2}
[client] {"a":2,"dup":false,"ev":"game","ms":55079,"predicted":false,"t":7,"tick":3169,"type":"hit"}
[client] {"a":9,"dup":false,"ev":"game","ms":55514,"predicted":false,"t":2,"tick":3195,"type":"hit"}
[client] {"a":3,"dup":false,"ev":"game","ms":55915,"predicted":false,"t":9,"tick":3219,"type":"hit"}
[client] {"a":9,"dup":false,"ev":"game","ms":55915,"predicted":false,"t":-1,"tick":3219,"type":"ko"}
[client] {"a":3,"dup":false,"ev":"game","ms":56246,"predicted":false,"t":5,"tick":3239,"type":"hit"}
[client] {"a":3,"dup":false,"ev":"game","ms":56563,"predicted":false,"t":5,"tick":3258,"type":"hit"}
[client] {"a":7,"dup":false,"ev":"game","ms":56815,"predicted":false,"t":3,"tick":3273,"type":"hit"}
[client] {"a":6,"dup":false,"ev":"game","ms":56832,"predicted":false,"t":-1,"tick":3279,"type":"respawn"}
[client] {"a":7,"dup":false,"ev":"game","ms":57129,"predicted":false,"t":0,"tick":3292,"type":"hit"}
[client] {"a":7,"dup":false,"ev":"game","ms":57129,"predicted":false,"t":3,"tick":3292,"type":"hit"}
[client] {"a":5,"dup":false,"ev":"game","ms":57363,"predicted":false,"t":3,"tick":3306,"type":"hit"}
[client] {"a":5,"dup":false,"ev":"game","ms":57412,"predicted":false,"t":0,"tick":3309,"type":"hit"}
[client] {"a":7,"dup":false,"ev":"game","ms":58198,"predicted":false,"t":2,"tick":3356,"type":"hit"}
[client] {"a":2,"dup":false,"ev":"game","ms":58198,"predicted":false,"t":-1,"tick":3356,"type":"ko"}
[client] {"a":7,"dup":false,"ev":"game","ms":58895,"predicted":false,"t":4,"tick":3398,"type":"hit"}
[client] {"a":7,"dup":false,"ev":"game","ms":58917,"predicted":false,"t":0,"tick":3399,"type":"hit"}
[client] {"a":7,"dup":false,"ev":"game","ms":58930,"predicted":false,"t":3,"tick":3400,"type":"hit"}
[client] {"a":5,"dup":false,"ev":"game","ms":59330,"predicted":false,"t":4,"tick":3424,"type":"hit"}
[client] {"a":5,"dup":false,"ev":"game","ms":59350,"predicted":false,"t":3,"tick":3425,"type":"hit"}
[client] {"counts":{"blocks_on_me":0,"conf_actions":24,"confirmed_hits":174,"dup_confirmed":0,"hits_on_me":18,"pred_actions":26,"predicted_confirmed":6,"predicted_hits":25,"reconnects":0},"ev":"stats","hp":220.0,"in_bytes":816849,"late":0,"local_entity":6,"match":{"countdown_until":300,"ctrl":-1,"final":false,"next":"A","phase":3,"rot":434,"scores":[8,0],"sd":false,"state":3,"tick":3166,"zone":"B"},"max_err":1.772,"mean_err":0.0416,"ms":59964,"out_bytes":169899,"pending":7,"pos":[1.33,27.04],"reconciles":1115,"server_tick":3467,"snaps":1118,"teleports":3}
[client] {"a":8,"dup":false,"ev":"game","ms":60082,"predicted":false,"t":-1,"tick":3469,"type":"respawn"}
[client] {"a":5,"dup":false,"ev":"game","ms":60234,"predicted":false,"t":0,"tick":3478,"type":"hit"}
[client] {"a":0,"dup":false,"ev":"game","ms":60234,"predicted":false,"t":-1,"tick":3478,"type":"ko"}
[client] {"a":5,"dup":false,"ev":"game","ms":60268,"predicted":false,"t":4,"tick":3480,"type":"hit"}
[client] {"a":3,"dup":false,"ev":"game","ms":60530,"predicted":false,"t":5,"tick":3496,"type":"hit"}
[client] {"a":7,"dup":false,"ev":"game","ms":61199,"predicted":false,"t":3,"tick":3536,"type":"hit"}
[client] {"a":7,"dup":false,"ev":"game","ms":61234,"predicted":false,"t":4,"tick":3538,"type":"hit"}
[client] {"a":1,"dup":false,"ev":"game","ms":61932,"predicted":false,"t":-1,"tick":3580,"type":"respawn"}
[client] {"a":3,"dup":false,"ev":"game","ms":62132,"predicted":false,"t":7,"tick":3592,"type":"hit"}
[client] {"a":4,"dup":false,"ev":"game","ms":62166,"predicted":false,"t":7,"tick":3594,"type":"hit"}
[client] {"a":3,"dup":false,"ev":"game","ms":62483,"predicted":false,"t":7,"tick":3613,"type":"hit"}
[client] {"a":7,"dup":false,"ev":"game","ms":62483,"predicted":false,"t":-1,"tick":3613,"type":"ko"}
[client] {"a":3,"dup":false,"ev":"game","ms":62814,"predicted":false,"t":5,"tick":3633,"type":"hit"}
[client] {"a":5,"dup":false,"ev":"game","ms":63214,"predicted":false,"t":3,"tick":3657,"type":"hit"}
[client] {"a":5,"dup":false,"ev":"game","ms":63532,"predicted":false,"t":3,"tick":3676,"type":"hit"}
[client] {"a":4,"dup":false,"ev":"game","ms":63553,"predicted":false,"t":5,"tick":3677,"type":"hit"}
[client] {"a":5,"dup":false,"ev":"game","ms":63966,"predicted":false,"t":4,"tick":3702,"type":"hit"}
[client] {"a":3,"dup":false,"ev":"game","ms":64284,"predicted":false,"t":5,"tick":3721,"type":"hit"}
[client] {"a":5,"dup":false,"ev":"game","ms":64284,"predicted":false,"t":-1,"tick":3721,"type":"ko"}
[client] {"a":6,"dup":true,"ev":"game","ms":64871,"predicted":false,"t":3,"tick":3761,"type":"hit"}
[client] {"a":3,"dup":false,"ev":"game","ms":64953,"predicted":false,"t":-1,"tick":3761,"type":"ko"}
[client] {"counts":{"blocks_on_me":0,"conf_actions":25,"confirmed_hits":189,"dup_confirmed":0,"hits_on_me":18,"pred_actions":27,"predicted_confirmed":7,"predicted_hits":28,"reconnects":0},"ev":"stats","hp":220.0,"in_bytes":878155,"late":0,"local_entity":6,"match":{"countdown_until":300,"ctrl":-1,"final":false,"next":"A","phase":3,"rot":134,"scores":[8,0],"sd":false,"state":3,"tick":3466,"zone":"B"},"max_err":1.772,"mean_err":0.0382,"ms":64966,"out_bytes":184599,"pending":7,"pos":[0.03,-3.09],"reconciles":1215,"server_tick":3767,"snaps":1218,"teleports":3}
[client] {"a":4,"dup":false,"ev":"game","ms":65533,"predicted":false,"t":6,"tick":3796,"type":"hit"}
[client] {"a":9,"dup":false,"ev":"game","ms":65919,"predicted":false,"t":-1,"tick":3819,"type":"respawn"}
[client] {"a":4,"dup":false,"ev":"game","ms":66616,"predicted":false,"t":6,"tick":3861,"type":"hit"}
[client] {"a":4,"dup":false,"ev":"game","ms":66934,"predicted":false,"t":6,"tick":3881,"type":"hit"}
[client] {"a":-1,"dup":false,"ev":"game","ms":67237,"predicted":false,"t":-1,"tick":3899,"type":"zone_rotated"}
[client] {"a":4,"dup":false,"ev":"game","ms":67285,"predicted":false,"t":6,"tick":3902,"type":"hit"}
[client] {"a":6,"dup":true,"ev":"game","ms":67920,"predicted":false,"t":4,"tick":3944,"type":"hit"}
[client] {"a":2,"dup":false,"ev":"game","ms":68189,"predicted":false,"t":-1,"tick":3956,"type":"respawn"}
[client] {"a":6,"dup":true,"ev":"game","ms":68189,"predicted":false,"t":4,"tick":3961,"type":"hit"}
[client] {"a":4,"dup":false,"ev":"game","ms":68700,"predicted":false,"t":6,"tick":3987,"type":"hit"}
[client] {"a":4,"dup":false,"ev":"game","ms":69334,"predicted":false,"t":6,"tick":4025,"type":"hit"}
[client] {"counts":{"blocks_on_me":0,"conf_actions":33,"confirmed_hits":197,"dup_confirmed":0,"hits_on_me":24,"pred_actions":35,"predicted_confirmed":9,"predicted_hits":33,"reconnects":0},"ev":"stats","hp":72.0,"in_bytes":938240,"late":0,"local_entity":6,"match":{"countdown_until":300,"ctrl":-1,"final":false,"next":"","phase":3,"rot":3431,"scores":[8,0],"sd":false,"state":1,"tick":3769,"zone":"A"},"max_err":1.772,"mean_err":0.0395,"ms":69969,"out_bytes":199299,"pending":7,"pos":[-4.83,-4.45],"reconciles":1315,"server_tick":4067,"snaps":1319,"teleports":3}
[client] {"a":0,"dup":false,"ev":"game","ms":70218,"predicted":false,"t":-1,"tick":4078,"type":"respawn"}
[client] {"a":7,"dup":false,"ev":"game","ms":72481,"predicted":false,"t":-1,"tick":4213,"type":"respawn"}
[client] {"a":5,"dup":false,"ev":"game","ms":74282,"predicted":false,"t":-1,"tick":4321,"type":"respawn"}
[client] {"a":8,"dup":false,"ev":"game","ms":74751,"predicted":false,"t":1,"tick":4349,"type":"hit"}
[client] {"a":3,"dup":false,"ev":"game","ms":74951,"predicted":false,"t":-1,"tick":4361,"type":"respawn"}
[client] {"counts":{"blocks_on_me":0,"conf_actions":33,"confirmed_hits":198,"dup_confirmed":0,"hits_on_me":24,"pred_actions":35,"predicted_confirmed":9,"predicted_hits":33,"reconnects":0},"ev":"stats","hp":72.0,"in_bytes":995535,"late":0,"local_entity":6,"match":{"countdown_until":300,"ctrl":-1,"final":false,"next":"","phase":3,"rot":3134,"scores":[8,0],"sd":false,"state":3,"tick":4066,"zone":"A"},"max_err":1.772,"mean_err":0.0367,"ms":74964,"out_bytes":213999,"pending":7,"pos":[-37.52,-2.54],"reconciles":1415,"server_tick":4367,"snaps":1418,"teleports":3}
[client] {"a":8,"dup":false,"ev":"game","ms":75103,"predicted":false,"t":1,"tick":4370,"type":"hit"}
[client] {"a":8,"dup":false,"ev":"game","ms":75754,"predicted":false,"t":1,"tick":4409,"type":"hit"}
[client] {"a":1,"dup":false,"ev":"game","ms":76706,"predicted":false,"t":8,"tick":4467,"type":"hit"}
[client] {"a":1,"dup":false,"ev":"game","ms":76706,"predicted":false,"t":9,"tick":4467,"type":"hit"}
[client] {"a":9,"dup":false,"ev":"game","ms":77306,"predicted":false,"t":4,"tick":4503,"type":"hit"}
[client] {"a":4,"dup":false,"ev":"game","ms":77306,"predicted":false,"t":-1,"tick":4503,"type":"ko"}
[client] {"a":1,"dup":false,"ev":"game","ms":77589,"predicted":false,"t":6,"tick":4520,"type":"hit"}
[client] {"a":1,"dup":false,"ev":"game","ms":77921,"predicted":false,"t":6,"tick":4540,"type":"hit"}
[client] {"a":8,"dup":false,"ev":"game","ms":78114,"predicted":false,"t":1,"tick":4552,"type":"hit"}
[client] {"a":6,"dup":true,"ev":"game","ms":78280,"predicted":false,"t":1,"tick":4566,"type":"hit"}
[client] {"a":1,"dup":false,"ev":"game","ms":79080,"predicted":false,"t":6,"tick":4609,"type":"hit"}
[client] {"a":8,"dup":false,"ev":"game","ms":79314,"predicted":false,"t":2,"tick":4623,"type":"hit"}
[client] {"a":9,"dup":false,"ev":"game","ms":79328,"predicted":false,"t":2,"tick":4624,"type":"hit"}
[client] {"a":1,"dup":false,"ev":"game","ms":79411,"predicted":false,"t":6,"tick":4629,"type":"hit"}
[client] {"a":8,"dup":false,"ev":"game","ms":79667,"predicted":false,"t":2,"tick":4644,"type":"parry"}
[client] {"counts":{"blocks_on_me":0,"conf_actions":42,"confirmed_hits":211,"dup_confirmed":0,"hits_on_me":28,"pred_actions":45,"predicted_confirmed":10,"predicted_hits":37,"reconnects":0},"ev":"stats","hp":8.39999999999992,"in_bytes":1065327,"late":0,"local_entity":6,"match":{"countdown_until":300,"ctrl":-1,"final":false,"next":"","phase":3,"rot":2834,"scores":[8,0],"sd":false,"state":3,"tick":4366,"zone":"A"},"max_err":1.772,"mean_err":0.0362,"ms":79962,"out_bytes":228699,"pending":7,"pos":[-42.47,-1.79],"reconciles":1515,"server_tick":4667,"snaps":1518,"teleports":3}
[client] {"a":9,"dup":false,"ev":"game","ms":80032,"predicted":false,"t":2,"tick":4666,"type":"hit"}
[client] {"a":6,"dup":false,"ev":"game","ms":80081,"predicted":false,"t":1,"tick":4674,"type":"hit"}
[client] {"a":8,"dup":false,"ev":"game","ms":80819,"predicted":false,"t":1,"tick":4713,"type":"hit"}
[client] {"a":9,"dup":false,"ev":"game","ms":81619,"predicted":false,"t":0,"tick":4761,"type":"hit"}
[client] {"a":2,"dup":false,"ev":"game","ms":81764,"predicted":false,"t":9,"tick":4770,"type":"hit"}
[client] {"a":0,"dup":false,"ev":"game","ms":81964,"predicted":false,"t":9,"tick":4782,"type":"hit"}
[client] {"a":8,"dup":false,"ev":"game","ms":82130,"predicted":false,"t":1,"tick":4792,"type":"hit"}
[client] {"a":2,"dup":false,"ev":"game","ms":82702,"predicted":false,"t":9,"tick":4826,"type":"hit"}
[client] {"a":6,"dup":true,"ev":"game","ms":83247,"predicted":false,"t":1,"tick":4864,"type":"hit"}
[client] {"a":1,"dup":false,"ev":"game","ms":83268,"predicted":false,"t":8,"tick":4860,"type":"hit"}
[client] {"a":9,"dup":false,"ev":"game","ms":83386,"predicted":false,"t":0,"tick":4867,"type":"hit"}
[client] {"a":9,"dup":false,"ev":"game","ms":83703,"predicted":false,"t":0,"tick":4886,"type":"hit"}
[client] {"a":7,"dup":false,"ev":"game","ms":83751,"predicted":false,"t":1,"tick":4889,"type":"hit"}
[client] {"a":8,"dup":false,"ev":"game","ms":83965,"predicted":false,"t":2,"tick":4902,"type":"hit"}
[client] {"a":9,"dup":false,"ev":"game","ms":84083,"predicted":false,"t":2,"tick":4909,"type":"hit"}
[client] {"a":1,"dup":false,"ev":"game","ms":84103,"predicted":false,"t":7,"tick":4910,"type":"hit"}
[client] {"a":0,"dup":false,"ev":"game","ms":84421,"predicted":false,"t":8,"tick":4929,"type":"hit"}
[client] {"a":0,"dup":false,"ev":"game","ms":84434,"predicted":false,"t":9,"tick":4930,"type":"hit"}
[client] {"a":1,"dup":false,"ev":"game","ms":84565,"predicted":false,"t":7,"tick":4938,"type":"hit"}
[client] {"a":1,"dup":false,"ev":"game","ms":84903,"predicted":false,"t":7,"tick":4958,"type":"hit"}
[client] {"counts":{"blocks_on_me":0,"conf_actions":48,"confirmed_hits":231,"dup_confirmed":0,"hits_on_me":28,"pred_actions":51,"predicted_confirmed":11,"predicted_hits":38,"reconnects":0},"ev":"stats","hp":8.39999999999992,"in_bytes":1139498,"late":0,"local_entity":6,"match":{"countdown_until":300,"ctrl":-1,"final":false,"next":"","phase":3,"rot":2534,"scores":[8,0],"sd":false,"state":3,"tick":4666,"zone":"A"},"max_err":1.772,"mean_err":0.0345,"ms":84964,"out_bytes":243399,"pending":7,"pos":[-40.0,3.13],"reconciles":1615,"server_tick":4967,"snaps":1618,"teleports":3}
[client] {"a":9,"dup":false,"ev":"game","ms":85531,"predicted":false,"t":0,"tick":4996,"type":"hit"}
[client] {"a":8,"dup":false,"ev":"game","ms":85565,"predicted":false,"t":2,"tick":4998,"type":"hit"}
[client] {"a":7,"dup":false,"ev":"game","ms":85787,"predicted":false,"t":1,"tick":5011,"type":"hit"}
[client] {"a":2,"dup":false,"ev":"game","ms":86132,"predicted":false,"t":5,"tick":5032,"type":"hit"}
[client] {"a":7,"dup":false,"ev":"game","ms":86304,"predicted":false,"t":1,"tick":5042,"type":"hit"}
[client] {"a":1,"dup":false,"ev":"game","ms":86304,"predicted":false,"t":-1,"tick":5042,"type":"ko"}
[client] {"a":2,"dup":false,"ev":"game","ms":86635,"predicted":false,"t":5,"tick":5062,"type":"hit"}
[client] {"a":9,"dup":false,"ev":"game","ms":86704,"predicted":false,"t":0,"tick":5066,"type":"hit"}
[client] {"a":9,"dup":false,"ev":"game","ms":86718,"predicted":false,"t":3,"tick":5067,"type":"hit"}
[client] {"a":6,"dup":true,"ev":"game","ms":86822,"predicted":false,"t":2,"tick":5078,"type":"hit"}
[client] {"a":3,"dup":false,"ev":"game","ms":87077,"predicted":false,"t":9,"tick":5089,"type":"hit"}
[client] {"a":4,"dup":false,"ev":"game","ms":87311,"predicted":false,"t":-1,"tick":5103,"type":"respawn"}
[client] {"a":3,"dup":false,"ev":"game","ms":87429,"predicted":false,"t":9,"tick":5110,"type":"hit"}
[client] {"a":3,"dup":false,"ev":"game","ms":87843,"predicted":false,"t":9,"tick":5135,"type":"hit"}
[client] {"a":5,"dup":false,"ev":"game","ms":88146,"predicted":false,"t":2,"tick":5153,"type":"hit"}
[client] {"a":8,"dup":false,"ev":"game","ms":88243,"predicted":false,"t":3,"tick":5159,"type":"hit"}
[client] {"a":6,"dup":true,"ev":"game","ms":88298,"predicted":false,"t":3,"tick":5166,"type":"hit"}
[client] {"a":6,"dup":true,"ev":"game","ms":88698,"predicted":false,"t":3,"tick":5191,"type":"hit"}
[client] {"a":9,"dup":false,"ev":"game","ms":88782,"predicted":false,"t":0,"tick":5191,"type":"hit"}
[client] {"a":8,"dup":false,"ev":"game","ms":89015,"predicted":false,"t":3,"tick":5205,"type":"hit"}
[client] {"a":0,"dup":false,"ev":"game","ms":89133,"predicted":false,"t":9,"tick":5212,"type":"hit"}
[client] {"a":8,"dup":false,"ev":"game","ms":89595,"predicted":false,"t":0,"tick":5240,"type":"hit"}
[client] {"a":9,"dup":false,"ev":"game","ms":89782,"predicted":false,"t":0,"tick":5251,"type":"hit"}
[client] {"a":8,"dup":false,"ev":"game","ms":89864,"predicted":false,"t":0,"tick":5256,"type":"hit"}
[client] {"counts":{"blocks_on_me":0,"conf_actions":54,"confirmed_hits":253,"dup_confirmed":0,"hits_on_me":28,"pred_actions":57,"predicted_confirmed":14,"predicted_hits":43,"reconnects":0},"ev":"stats","hp":8.39999999999992,"in_bytes":1209456,"late":0,"local_entity":6,"match":{"countdown_until":300,"ctrl":-1,"final":false,"next":"","phase":3,"rot":2234,"scores":[8,0],"sd":false,"state":3,"tick":4966,"zone":"A"},"max_err":1.772,"mean_err":0.0334,"ms":89960,"out_bytes":258099,"pending":7,"pos":[-41.71,-0.33],"reconciles":1715,"server_tick":5266,"snaps":1718,"teleports":3}
[client] {"a":2,"dup":false,"ev":"game","ms":90196,"predicted":false,"t":5,"tick":5276,"type":"hit"}
[client] {"a":3,"dup":false,"ev":"game","ms":90279,"predicted":false,"t":9,"tick":5281,"type":"hit"}
[client] {"a":9,"dup":false,"ev":"game","ms":90279,"predicted":false,"t":-1,"tick":5281,"type":"ko"}
[client] {"a":8,"dup":false,"ev":"game","ms":90416,"predicted":false,"t":3,"tick":5289,"type":"hit"}
[client] {"a":5,"dup":false,"ev":"game","ms":90561,"predicted":false,"t":2,"tick":5298,"type":"hit"}
[client] {"a":3,"dup":false,"ev":"game","ms":90831,"predicted":false,"t":8,"tick":5314,"type":"hit"}
[client] {"a":2,"dup":false,"ev":"game","ms":90879,"predicted":false,"t":5,"tick":5317,"type":"hit"}
[client] {"a":2,"dup":false,"ev":"game","ms":91196,"predicted":false,"t":5,"tick":5336,"type":"hit"}
[client] {"a":2,"dup":false,"ev":"game","ms":91714,"predicted":false,"t":5,"tick":5367,"type":"hit"}
[client] {"a":6,"dup":false,"ev":"game","ms":92265,"predicted":false,"t":-1,"tick":5405,"type":"ko"}
[client] {"a":0,"dup":false,"ev":"game","ms":92348,"predicted":false,"t":6,"tick":5405,"type":"hit"}
[client] {"a":5,"dup":false,"ev":"game","ms":92445,"predicted":false,"t":2,"tick":5411,"type":"hit"}
[client] {"a":5,"dup":false,"ev":"game","ms":92783,"predicted":false,"t":2,"tick":5431,"type":"hit"}
[client] {"a":5,"dup":false,"ev":"game","ms":93163,"predicted":false,"t":2,"tick":5454,"type":"hit"}
[client] {"a":2,"dup":false,"ev":"game","ms":93163,"predicted":false,"t":-1,"tick":5454,"type":"ko"}
[client] {"a":0,"dup":false,"ev":"game","ms":93231,"predicted":false,"t":7,"tick":5458,"type":"hit"}
[client] {"a":3,"dup":false,"ev":"game","ms":93563,"predicted":false,"t":8,"tick":5478,"type":"hit"}
[client] {"a":8,"dup":false,"ev":"game","ms":93963,"predicted":false,"t":3,"tick":5502,"type":"hit"}
[client] {"a":0,"dup":false,"ev":"game","ms":94114,"predicted":false,"t":7,"tick":5511,"type":"hit"}
[client] {"a":3,"dup":false,"ev":"game","ms":94432,"predicted":false,"t":8,"tick":5530,"type":"hit"}
[client] {"a":3,"dup":false,"ev":"game","ms":94832,"predicted":false,"t":8,"tick":5554,"type":"hit"}
[client] {"counts":{"blocks_on_me":0,"conf_actions":55,"confirmed_hits":271,"dup_confirmed":0,"hits_on_me":29,"pred_actions":58,"predicted_confirmed":14,"predicted_hits":43,"reconnects":0},"ev":"stats","hp":0.0,"in_bytes":1277507,"late":0,"local_entity":6,"match":{"countdown_until":300,"ctrl":-1,"final":false,"next":"","phase":3,"rot":1934,"scores":[8,0],"sd":false,"state":3,"tick":5266,"zone":"A"},"max_err":1.772,"mean_err":0.0316,"ms":94962,"out_bytes":272799,"pending":7,"pos":[-41.75,-0.82],"reconciles":1815,"server_tick":5567,"snaps":1818,"teleports":3}
[client] {"a":5,"dup":false,"ev":"game","ms":95101,"predicted":false,"t":0,"tick":5570,"type":"hit"}
[client] {"a":3,"dup":false,"ev":"game","ms":95163,"predicted":false,"t":8,"tick":5574,"type":"hit"}
[client] {"a":0,"dup":false,"ev":"game","ms":95681,"predicted":false,"t":5,"tick":5605,"type":"hit"}
[client] {"a":8,"dup":false,"ev":"game","ms":95833,"predicted":false,"t":3,"tick":5614,"type":"hit"}
[client] {"a":8,"dup":false,"ev":"game","ms":96164,"predicted":false,"t":3,"tick":5634,"type":"hit"}
[client] {"a":1,"dup":false,"ev":"game","ms":96302,"predicted":false,"t":-1,"tick":5642,"type":"respawn"}
[client] {"a":8,"dup":false,"ev":"game","ms":96551,"predicted":false,"t":3,"tick":5657,"type":"hit"}
[client] {"a":3,"dup":false,"ev":"game","ms":97020,"predicted":false,"t":8,"tick":5685,"type":"hit"}
[client] {"a":0,"dup":false,"ev":"game","ms":97116,"predicted":false,"t":5,"tick":5691,"type":"hit"}
[client] {"a":0,"dup":false,"ev":"game","ms":97151,"predicted":false,"t":7,"tick":5693,"type":"hit"}
[client] {"a":3,"dup":false,"ev":"game","ms":97351,"predicted":false,"t":8,"tick":5705,"type":"hit"}
[client] {"a":5,"dup":false,"ev":"game","ms":97482,"predicted":false,"t":0,"tick":5713,"type":"hit"}
[client] {"a":0,"dup":false,"ev":"game","ms":97482,"predicted":false,"t":-1,"tick":5713,"type":"ko"}
[client] {"a":4,"dup":false,"ev":"game","ms":97544,"predicted":false,"t":5,"tick":5717,"type":"hit"}
[client] {"a":8,"dup":false,"ev":"game","ms":97958,"predicted":false,"t":3,"tick":5742,"type":"hit"}
[client] {"a":5,"dup":false,"ev":"game","ms":98061,"predicted":false,"t":4,"tick":5748,"type":"hit"}
[client] {"a":3,"dup":false,"ev":"game","ms":98330,"predicted":false,"t":8,"tick":5764,"type":"block"}
[client] {"a":5,"dup":false,"ev":"game","ms":98510,"predicted":false,"t":4,"tick":5775,"type":"hit"}
[client] {"a":3,"dup":false,"ev":"game","ms":98661,"predicted":false,"t":8,"tick":5784,"type":"hit"}
[client] {"a":8,"dup":false,"ev":"game","ms":98662,"predicted":false,"t":-1,"tick":5784,"type":"ko"}
[client] {"a":4,"dup":false,"ev":"game","ms":98944,"predicted":false,"t":5,"tick":5801,"type":"block"}
[client] {"a":4,"dup":false,"ev":"game","ms":99159,"predicted":false,"t":5,"tick":5814,"type":"block"}
[client] {"a":4,"dup":false,"ev":"game","ms":99814,"predicted":false,"t":5,"tick":5853,"type":"block"}
[client] {"counts":{"blocks_on_me":0,"conf_actions":55,"confirmed_hits":287,"dup_confirmed":0,"hits_on_me":29,"pred_actions":58,"predicted_confirmed":14,"predicted_hits":43,"reconnects":0},"ev":"stats","hp":0.0,"in_bytes":1339090,"late":0,"local_entity":6,"match":{"countdown_until":300,"ctrl":-1,"final":false,"next":"","phase":3,"rot":1634,"scores":[8,0],"sd":false,"state":3,"tick":5566,"zone":"A"},"max_err":1.772,"mean_err":0.03,"ms":99958,"out_bytes":287499,"pending":7,"pos":[-41.75,-0.82],"reconciles":1914,"server_tick":5867,"snaps":1917,"teleports":3}
[client] {"a":9,"dup":false,"ev":"game","ms":100276,"predicted":false,"t":-1,"tick":5881,"type":"respawn"}
[client] {"a":4,"dup":false,"ev":"game","ms":100511,"predicted":false,"t":5,"tick":5895,"type":"hit"}
[client] {"a":3,"dup":false,"ev":"game","ms":100628,"predicted":false,"t":5,"tick":5902,"type":"hit"}
[client] {"a":5,"dup":false,"ev":"game","ms":101049,"predicted":false,"t":3,"tick":5927,"type":"hit"}
[client] {"a":7,"dup":false,"ev":"game","ms":101148,"predicted":false,"t":3,"tick":5933,"type":"hit"}
[client] {"a":4,"dup":false,"ev":"game","ms":101181,"predicted":false,"t":5,"tick":5935,"type":"hit"}
[client] {"a":5,"dup":false,"ev":"game","ms":101594,"predicted":false,"t":4,"tick":5960,"type":"hit"}
[client] {"a":3,"dup":false,"ev":"game","ms":102077,"predicted":false,"t":7,"tick":5989,"type":"hit"}
[client] {"a":5,"dup":false,"ev":"game","ms":102077,"predicted":false,"t":3,"tick":5989,"type":"hit"}
[client] {"a":3,"dup":false,"ev":"game","ms":102077,"predicted":false,"t":-1,"tick":5989,"type":"ko"}
[client] {"a":6,"dup":false,"ev":"game","ms":102249,"predicted":false,"t":-1,"tick":6005,"type":"respawn"}
[client] {"a":4,"dup":false,"ev":"game","ms":102333,"predicted":false,"t":5,"tick":6004,"type":"hit"}
[client] {"a":7,"dup":false,"ev":"game","ms":102733,"predicted":false,"t":4,"tick":6028,"type":"hit"}
[client] {"a":2,"dup":false,"ev":"game","ms":103167,"predicted":false,"t":-1,"tick":6054,"type":"respawn"}
[client] {"a":4,"dup":false,"ev":"game","ms":103264,"predicted":false,"t":7,"tick":6060,"type":"hit"}
[client] {"a":4,"dup":false,"ev":"game","ms":103595,"predicted":false,"t":5,"tick":6080,"type":"hit"}
[client] {"a":4,"dup":false,"ev":"game","ms":104216,"predicted":false,"t":5,"tick":6117,"type":"hit"}
[client] {"a":5,"dup":false,"ev":"game","ms":104216,"predicted":false,"t":-1,"tick":6117,"type":"ko"}
[client] {"a":7,"dup":false,"ev":"game","ms":104334,"predicted":false,"t":4,"tick":6124,"type":"hit"}
[client] {"a":4,"dup":false,"ev":"game","ms":104713,"predicted":false,"t":7,"tick":6147,"type":"parry"}
[client] {"counts":{"blocks_on_me":0,"conf_actions":55,"confirmed_hits":301,"dup_confirmed":0,"hits_on_me":29,"pred_actions":58,"predicted_confirmed":14,"predicted_hits":43,"reconnects":0},"ev":"stats","hp":220.0,"in_bytes":1400355,"late":0,"local_entity":6,"match":{"countdown_until":300,"ctrl":-1,"final":false,"next":"","phase":3,"rot":1334,"scores":[8,0],"sd":false,"state":3,"tick":5866,"zone":"A"},"max_err":1.772,"mean_err":0.0285,"ms":104967,"out_bytes":302199,"pending":7,"pos":[1.02,30.06],"reconciles":2013,"server_tick":6167,"snaps":2017,"teleports":4}
[client] {"a":7,"dup":false,"ev":"game","ms":105231,"predicted":false,"t":4,"tick":6178,"type":"hit"}
[client] {"a":7,"dup":false,"ev":"game","ms":105548,"predicted":false,"t":4,"tick":6197,"type":"hit"}
[client] {"a":7,"dup":false,"ev":"game","ms":105935,"predicted":false,"t":4,"tick":6220,"type":"hit"}
[client] {"a":7,"dup":false,"ev":"game","ms":106914,"predicted":false,"t":4,"tick":6279,"type":"hit"}
[client] {"a":1,"dup":false,"ev":"game","ms":107397,"predicted":false,"t":7,"tick":6308,"type":"hit"}
[client] {"a":0,"dup":false,"ev":"game","ms":107480,"predicted":false,"t":-1,"tick":6313,"type":"respawn"}
[client] {"a":7,"dup":false,"ev":"game","ms":107784,"predicted":false,"t":1,"tick":6331,"type":"block"}
[client] {"a":7,"dup":false,"ev":"game","ms":107867,"predicted":false,"t":4,"tick":6336,"type":"hit"}
[client] {"a":1,"dup":false,"ev":"game","ms":108170,"predicted":false,"t":7,"tick":6354,"type":"hit"}
[client] {"a":4,"dup":false,"ev":"game","ms":108253,"predicted":false,"t":7,"tick":6359,"type":"hit"}
[client] {"a":7,"dup":false,"ev":"game","ms":108570,"predicted":false,"t":1,"tick":6378,"type":"hit"}
[client] {"a":4,"dup":false,"ev":"game","ms":108618,"predicted":false,"t":7,"tick":6381,"type":"hit"}
[client] {"a":8,"dup":false,"ev":"game","ms":108668,"predicted":false,"t":-1,"tick":6384,"type":"respawn"}
[client] {"a":1,"dup":false,"ev":"game","ms":108936,"predicted":false,"t":7,"tick":6400,"type":"hit"}
[client] {"a":4,"dup":false,"ev":"game","ms":109136,"predicted":false,"t":7,"tick":6412,"type":"hit"}
[client] {"a":7,"dup":false,"ev":"game","ms":109136,"predicted":false,"t":-1,"tick":6412,"type":"ko"}
[client] {"counts":{"blocks_on_me":0,"conf_actions":55,"confirmed_hits":313,"dup_confirmed":0,"hits_on_me":29,"pred_actions":58,"predicted_confirmed":14,"predicted_hits":43,"reconnects":0},"ev":"stats","hp":220.0,"in_bytes":1460520,"late":0,"local_entity":6,"match":{"countdown_until":300,"ctrl":-1,"final":false,"next":"","phase":3,"rot":1031,"scores":[8,0],"sd":false,"state":3,"tick":6169,"zone":"A"},"max_err":1.772,"mean_err":0.0271,"ms":109970,"out_bytes":316899,"pending":7,"pos":[-25.19,10.0],"reconciles":2113,"server_tick":6467,"snaps":2118,"teleports":4}
[client] {"a":1,"dup":false,"ev":"game","ms":111234,"predicted":false,"t":9,"tick":6538,"type":"hit"}
[client] {"a":3,"dup":false,"ev":"game","ms":112090,"predicted":false,"t":-1,"tick":6589,"type":"respawn"}
[client] {"a":4,"dup":false,"ev":"game","ms":112386,"predicted":false,"t":6,"tick":6607,"type":"hit"}
[client] {"a":6,"dup":true,"ev":"game","ms":114063,"predicted":false,"t":4,"tick":6713,"type":"hit"}
[client] {"a":5,"dup":false,"ev":"game","ms":114215,"predicted":false,"t":-1,"tick":6717,"type":"respawn"}
[client] {"a":9,"dup":false,"ev":"game","ms":114263,"predicted":false,"t":4,"tick":6720,"type":"hit"}
[client] {"a":4,"dup":false,"ev":"game","ms":114263,"predicted":false,"t":-1,"tick":6720,"type":"ko"}
[client] {"a":1,"dup":false,"ev":"game","ms":114885,"predicted":false,"t":9,"tick":6757,"type":"hit"}
[client] {"counts":{"blocks_on_me":0,"conf_actions":60,"confirmed_hits":318,"dup_confirmed":0,"hits_on_me":30,"pred_actions":64,"predicted_confirmed":15,"predicted_hits":46,"reconnects":0},"ev":"stats","hp":190.0,"in_bytes":1524736,"late":0,"local_entity":6,"match":{"countdown_until":300,"ctrl":-1,"final":false,"next":"C","phase":3,"rot":734,"scores":[8,0],"sd":false,"state":3,"tick":6466,"zone":"A"},"max_err":1.973,"mean_err":0.0268,"ms":114966,"out_bytes":331599,"pending":7,"pos":[-40.47,0.77],"reconciles":2213,"server_tick":6767,"snaps":2217,"teleports":4}
[client] {"a":6,"dup":true,"ev":"game","ms":115084,"predicted":false,"t":2,"tick":6774,"type":"hit"}
[client] {"a":1,"dup":false,"ev":"game","ms":115284,"predicted":false,"t":9,"tick":6781,"type":"hit"}
[client] {"a":9,"dup":false,"ev":"game","ms":115630,"predicted":false,"t":1,"tick":6802,"type":"hit"}
[client] {"a":2,"dup":false,"ev":"game","ms":115684,"predicted":false,"t":6,"tick":6805,"type":"hit"}
[client] {"a":2,"dup":false,"ev":"game","ms":116001,"predicted":false,"t":6,"tick":6824,"type":"hit"}
[client] {"a":6,"dup":true,"ev":"game","ms":116264,"predicted":false,"t":2,"tick":6845,"type":"hit"}
[client] {"a":1,"dup":false,"ev":"game","ms":116285,"predicted":false,"t":9,"tick":6841,"type":"hit"}
[client] {"a":6,"dup":true,"ev":"game","ms":116568,"predicted":false,"t":2,"tick":6864,"type":"hit"}
[client] {"a":1,"dup":false,"ev":"game","ms":117030,"predicted":false,"t":6,"tick":6886,"type":"hit"}
[client] {"a":2,"dup":false,"ev":"game","ms":117133,"predicted":false,"t":6,"tick":6892,"type":"hit"}
[client] {"a":2,"dup":false,"ev":"game","ms":117464,"predicted":false,"t":6,"tick":6912,"type":"hit"}
[client] {"a":2,"dup":false,"ev":"game","ms":117499,"predicted":false,"t":9,"tick":6914,"type":"hit"}
[client] {"a":1,"dup":false,"ev":"game","ms":117533,"predicted":false,"t":9,"tick":6916,"type":"hit"}
[client] {"a":9,"dup":false,"ev":"game","ms":118017,"predicted":false,"t":2,"tick":6945,"type":"hit"}
[client] {"a":1,"dup":false,"ev":"game","ms":118230,"predicted":false,"t":9,"tick":6958,"type":"hit"}
[client] {"a":2,"dup":false,"ev":"game","ms":118431,"predicted":false,"t":9,"tick":6970,"type":"hit"}
[client] {"a":1,"dup":false,"ev":"game","ms":118465,"predicted":false,"t":9,"tick":6972,"type":"hit"}
[client] {"a":8,"dup":false,"ev":"game","ms":118747,"predicted":false,"t":1,"tick":6989,"type":"hit"}
[client] {"a":8,"dup":false,"ev":"game","ms":119099,"predicted":false,"t":2,"tick":7010,"type":"hit"}
[client] {"a":7,"dup":false,"ev":"game","ms":119134,"predicted":false,"t":-1,"tick":7012,"type":"respawn"}
[client] {"a":1,"dup":false,"ev":"game","ms":119148,"predicted":false,"t":8,"tick":7013,"type":"hit"}
[client] {"a":9,"dup":false,"ev":"game","ms":119265,"predicted":false,"t":1,"tick":7020,"type":"hit"}
[client] {"counts":{"blocks_on_me":0,"conf_actions":67,"confirmed_hits":339,"dup_confirmed":0,"hits_on_me":35,"pred_actions":72,"predicted_confirmed":18,"predicted_hits":51,"reconnects":0},"ev":"stats","hp":100.0,"in_bytes":1596672,"late":0,"local_entity":6,"match":{"countdown_until":300,"ctrl":-1,"final":false,"next":"C","phase":3,"rot":431,"scores":[8,0],"sd":false,"state":3,"tick":6769,"zone":"A"},"max_err":1.973,"mean_err":0.0275,"ms":119968,"out_bytes":346299,"pending":7,"pos":[-43.81,-0.46],"reconciles":2313,"server_tick":7067,"snaps":2318,"teleports":4}
[client] {"a":8,"dup":false,"ev":"game","ms":120135,"predicted":false,"t":0,"tick":7072,"type":"hit"}
[client] {"a":9,"dup":false,"ev":"game","ms":120135,"predicted":false,"t":0,"tick":7072,"type":"hit"}
[client] {"a":8,"dup":false,"ev":"game","ms":120183,"predicted":false,"t":1,"tick":7075,"type":"hit"}
[client] {"a":6,"dup":true,"ev":"game","ms":120466,"predicted":false,"t":2,"tick":7097,"type":"hit"}
[client] {"a":9,"dup":false,"ev":"game","ms":120536,"predicted":false,"t":0,"tick":7096,"type":"hit"}
[client] {"a":1,"dup":false,"ev":"game","ms":120749,"predicted":false,"t":8,"tick":7109,"type":"hit"}
[client] {"a":2,"dup":false,"ev":"game","ms":120914,"predicted":false,"t":6,"tick":7119,"type":"hit"}
[client] {"a":0,"dup":false,"ev":"game","ms":121032,"predicted":false,"t":8,"tick":7126,"type":"hit"}
[client] {"a":0,"dup":false,"ev":"game","ms":121032,"predicted":false,"t":9,"tick":7126,"type":"hit"}
[client] {"a":2,"dup":false,"ev":"game","ms":121232,"predicted":false,"t":6,"tick":7138,"type":"hit"}
[client] {"a":9,"dup":false,"ev":"game","ms":121404,"predicted":false,"t":0,"tick":7148,"type":"hit"}
[client] {"a":8,"dup":false,"ev":"game","ms":121466,"predicted":false,"t":0,"tick":7152,"type":"hit"}
[client] {"a":8,"dup":false,"ev":"game","ms":121501,"predicted":false,"t":1,"tick":7154,"type":"hit"}
[client] {"a":8,"dup":false,"ev":"game","ms":121736,"predicted":false,"t":0,"tick":7168,"type":"hit"}
[client] {"a":6,"dup":true,"ev":"game","ms":121888,"predicted":false,"t":2,"tick":7182,"type":"hit"}
[client] {"a":1,"dup":false,"ev":"game","ms":122004,"predicted":false,"t":8,"tick":7184,"type":"hit"}
[client] {"a":8,"dup":false,"ev":"game","ms":122515,"predicted":false,"t":2,"tick":7215,"type":"hit"}
[client] {"a":9,"dup":false,"ev":"game","ms":122618,"predicted":false,"t":2,"tick":7221,"type":"hit"}
[client] {"a":1,"dup":false,"ev":"game","ms":122667,"predicted":false,"t":9,"tick":7224,"type":"hit"}
[client] {"a":9,"dup":false,"ev":"game","ms":122668,"predicted":false,"t":-1,"tick":7224,"type":"ko"}
[client] {"a":2,"dup":false,"ev":"game","ms":123005,"predicted":false,"t":8,"tick":7244,"type":"hit"}
[client] {"a":0,"dup":false,"ev":"game","ms":123033,"predicted":false,"t":6,"tick":7246,"type":"hit"}
[client] {"a":1,"dup":false,"ev":"game","ms":123288,"predicted":false,"t":8,"tick":7261,"type":"hit"}
[client] {"a":2,"dup":false,"ev":"game","ms":123419,"predicted":false,"t":8,"tick":7269,"type":"hit"}
[client] {"a":8,"dup":false,"ev":"game","ms":123833,"predicted":false,"t":1,"tick":7294,"type":"hit"}
[client] {"a":0,"dup":false,"ev":"game","ms":124088,"predicted":false,"t":6,"tick":7309,"type":"hit"}
[client] {"a":8,"dup":false,"ev":"game","ms":124233,"predicted":false,"t":3,"tick":7318,"type":"hit"}
[client] {"a":4,"dup":false,"ev":"game","ms":124268,"predicted":false,"t":-1,"tick":7320,"type":"respawn"}
[client] {"a":6,"dup":false,"ev":"game","ms":124523,"predicted":false,"t":-1,"tick":7341,"type":"ko"}
[client] {"a":1,"dup":false,"ev":"game","ms":124605,"predicted":false,"t":8,"tick":7340,"type":"hit"}
[client] {"a":0,"dup":false,"ev":"game","ms":124619,"predicted":false,"t":6,"tick":7341,"type":"hit"}
[client] {"counts":{"blocks_on_me":0,"conf_actions":75,"confirmed_hits":367,"dup_confirmed":0,"hits_on_me":40,"pred_actions":81,"predicted_confirmed":20,"predicted_hits":55,"reconnects":0},"ev":"stats","hp":0.0,"in_bytes":1668194,"late":0,"local_entity":6,"match":{"countdown_until":300,"ctrl":-1,"final":false,"next":"C","phase":3,"rot":134,"scores":[8,0],"sd":false,"state":3,"tick":7066,"zone":"A"},"max_err":1.973,"mean_err":0.0281,"ms":124964,"out_bytes":360999,"pending":7,"pos":[-44.23,-0.09],"reconciles":2408,"server_tick":7367,"snaps":2412,"teleports":4}
[client] {"a":1,"dup":false,"ev":"game","ms":125696,"predicted":false,"t":5,"tick":7406,"type":"hit"}
[client] {"a":1,"dup":false,"ev":"game","ms":125979,"predicted":false,"t":5,"tick":7423,"type":"hit"}
[client] {"a":-1,"dup":false,"ev":"game","ms":127248,"predicted":false,"t":-1,"tick":7499,"type":"zone_rotated"}
[client] {"a":8,"dup":false,"ev":"game","ms":127366,"predicted":false,"t":3,"tick":7506,"type":"hit"}
[client] {"a":5,"dup":false,"ev":"game","ms":127400,"predicted":false,"t":1,"tick":7508,"type":"hit"}
[client] {"a":5,"dup":false,"ev":"game","ms":127400,"predicted":false,"t":3,"tick":7508,"type":"hit"}
[client] {"a":8,"dup":false,"ev":"game","ms":128083,"predicted":false,"t":2,"tick":7549,"type":"hit"}
[client] {"a":3,"dup":false,"ev":"game","ms":128428,"predicted":false,"t":5,"tick":7570,"type":"hit"}
[client] {"a":2,"dup":false,"ev":"game","ms":128449,"predicted":false,"t":5,"tick":7571,"type":"hit"}
[client] {"a":1,"dup":false,"ev":"game","ms":128546,"predicted":false,"t":5,"tick":7577,"type":"hit"}
[client] {"a":1,"dup":false,"ev":"game","ms":129319,"predicted":false,"t":5,"tick":7623,"type":"hit"}
[client] {"a":1,"dup":false,"ev":"game","ms":129664,"predicted":false,"t":5,"tick":7644,"type":"hit"}
[client] {"a":0,"dup":false,"ev":"game","ms":129685,"predicted":false,"t":5,"tick":7645,"type":"hit"}
[client] {"counts":{"blocks_on_me":0,"conf_actions":75,"confirmed_hits":379,"dup_confirmed":0,"hits_on_me":40,"pred_actions":81,"predicted_confirmed":20,"predicted_hits":55,"reconnects":0},"ev":"stats","hp":0.0,"in_bytes":1733436,"late":0,"local_entity":6,"match":{"countdown_until":300,"ctrl":-1,"final":false,"next":"","phase":3,"rot":3434,"scores":[8,0],"sd":false,"state":1,"tick":7366,"zone":"C"},"max_err":1.973,"mean_err":0.027,"ms":129966,"out_bytes":375699,"pending":7,"pos":[-44.23,-0.09],"reconciles":2506,"server_tick":7667,"snaps":2510,"teleports":4}
[client] {"a":2,"dup":false,"ev":"game","ms":129967,"predicted":false,"t":5,"tick":7662,"type":"hit"}
[client] {"a":1,"dup":false,"ev":"game","ms":129981,"predicted":false,"t":5,"tick":7663,"type":"hit"}
[client] {"a":3,"dup":false,"ev":"game","ms":130015,"predicted":false,"t":5,"tick":7665,"type":"hit"}
[client] {"a":0,"dup":false,"ev":"game","ms":130050,"predicted":false,"t":5,"tick":7667,"type":"hit"}
[client] {"a":0,"dup":false,"ev":"game","ms":130381,"predicted":false,"t":5,"tick":7687,"type":"hit"}
[client] {"a":1,"dup":false,"ev":"game","ms":130637,"predicted":false,"t":5,"tick":7702,"type":"hit"}
[client] {"a":5,"dup":false,"ev":"game","ms":131002,"predicted":false,"t":1,"tick":7724,"type":"hit"}
[client] {"a":1,"dup":false,"ev":"game","ms":131381,"predicted":false,"t":5,"tick":7747,"type":"hit"}
[client] {"a":5,"dup":false,"ev":"game","ms":131382,"predicted":false,"t":-1,"tick":7747,"type":"ko"}
[client] {"a":9,"dup":false,"ev":"game","ms":132665,"predicted":false,"t":-1,"tick":7824,"type":"respawn"}
[client] {"a":6,"dup":false,"ev":"game","ms":134521,"predicted":false,"t":-1,"tick":7941,"type":"respawn"}
[client] {"counts":{"blocks_on_me":0,"conf_actions":75,"confirmed_hits":387,"dup_confirmed":0,"hits_on_me":40,"pred_actions":81,"predicted_confirmed":20,"predicted_hits":55,"reconnects":0},"ev":"stats","hp":220.0,"in_bytes":1798280,"late":0,"local_entity":6,"match":{"countdown_until":300,"ctrl":-1,"final":false,"next":"","phase":3,"rot":3134,"scores":[8,0],"sd":false,"state":1,"tick":7666,"zone":"C"},"max_err":1.973,"mean_err":0.026,"ms":134969,"out_bytes":390399,"pending":7,"pos":[6.39,46.13],"reconciles":2605,"server_tick":7967,"snaps":2610,"teleports":5}
[client] {"a":4,"dup":false,"ev":"game","ms":139600,"predicted":false,"t":7,"tick":8240,"type":"hit"}
[client] {"counts":{"blocks_on_me":0,"conf_actions":75,"confirmed_hits":388,"dup_confirmed":0,"hits_on_me":40,"pred_actions":81,"predicted_confirmed":20,"predicted_hits":55,"reconnects":0},"ev":"stats","hp":220.0,"in_bytes":1858485,"late":0,"local_entity":6,"match":{"countdown_until":300,"ctrl":-1,"final":false,"next":"","phase":3,"rot":2834,"scores":[8,1],"sd":false,"state":3,"tick":7966,"zone":"C"},"max_err":1.973,"mean_err":0.025,"ms":139964,"out_bytes":405099,"pending":7,"pos":[25.76,21.21],"reconciles":2705,"server_tick":8267,"snaps":2710,"teleports":5}
[client] {"a":4,"dup":false,"ev":"game","ms":140746,"predicted":false,"t":7,"tick":8309,"type":"hit"}
[client] {"a":7,"dup":false,"ev":"game","ms":141062,"predicted":false,"t":4,"tick":8328,"type":"hit"}
[client] {"a":8,"dup":false,"ev":"game","ms":141284,"predicted":false,"t":4,"tick":8341,"type":"hit"}
[client] {"a":5,"dup":false,"ev":"game","ms":141381,"predicted":false,"t":-1,"tick":8347,"type":"respawn"}
[client] {"a":4,"dup":false,"ev":"game","ms":143753,"predicted":false,"t":8,"tick":8489,"type":"hit"}
[client] {"a":1,"dup":false,"ev":"game","ms":143953,"predicted":false,"t":7,"tick":8501,"type":"hit"}
[client] {"a":9,"dup":false,"ev":"game","ms":144064,"predicted":false,"t":4,"tick":8508,"type":"hit"}
[client] {"a":8,"dup":false,"ev":"game","ms":144368,"predicted":false,"t":1,"tick":8526,"type":"hit"}
[client] {"a":6,"dup":true,"ev":"game","ms":144402,"predicted":false,"t":1,"tick":8533,"type":"hit"}
[client] {"a":6,"dup":false,"ev":"game","ms":144699,"predicted":false,"t":3,"tick":8551,"type":"block"}
[client] {"a":8,"dup":false,"ev":"game","ms":144719,"predicted":false,"t":1,"tick":8547,"type":"hit"}
[client] {"a":4,"dup":false,"ev":"game","ms":144754,"predicted":false,"t":9,"tick":8549,"type":"hit"}
[client] {"a":7,"dup":false,"ev":"game","ms":144754,"predicted":false,"t":1,"tick":8549,"type":"hit"}
[client] {"a":0,"dup":false,"ev":"game","ms":144864,"predicted":false,"t":6,"tick":8556,"type":"hit"}
[client] {"a":0,"dup":false,"ev":"game","ms":144864,"predicted":false,"t":8,"tick":8556,"type":"hit"}
[client] {"counts":{"blocks_on_me":0,"conf_actions":78,"confirmed_hits":401,"dup_confirmed":0,"hits_on_me":41,"pred_actions":84,"predicted_confirmed":21,"predicted_hits":57,"reconnects":0},"ev":"stats","hp":182.0,"in_bytes":1927978,"late":0,"local_entity":6,"match":{"countdown_until":300,"ctrl":-1,"final":false,"next":"","phase":3,"rot":2534,"scores":[8,1],"sd":false,"state":3,"tick":8266,"zone":"C"},"max_err":1.973,"mean_err":0.0246,"ms":144967,"out_bytes":419799,"pending":7,"pos":[42.09,1.42],"reconciles":2805,"server_tick":8567,"snaps":2810,"teleports":5}
[client] {"a":4,"dup":false,"ev":"game","ms":145099,"predicted":false,"t":9,"tick":8570,"type":"hit"}
[client] {"a":4,"dup":false,"ev":"game","ms":145437,"predicted":false,"t":9,"tick":8590,"type":"hit"}
[client] {"a":7,"dup":false,"ev":"game","ms":145602,"predicted":false,"t":3,"tick":8600,"type":"hit"}
[client] {"a":7,"dup":false,"ev":"game","ms":145616,"predicted":false,"t":0,"tick":8601,"type":"hit"}
[client] {"a":8,"dup":false,"ev":"game","ms":145768,"predicted":false,"t":4,"tick":8611,"type":"hit"}
[client] {"a":1,"dup":false,"ev":"game","ms":145837,"predicted":false,"t":7,"tick":8615,"type":"hit"}
[client] {"a":1,"dup":false,"ev":"game","ms":146155,"predicted":false,"t":7,"tick":8634,"type":"hit"}
[client] {"a":2,"dup":false,"ev":"game","ms":146285,"predicted":false,"t":7,"tick":8642,"type":"hit"}
[client] {"a":6,"dup":true,"ev":"game","ms":146459,"predicted":false,"t":1,"tick":8657,"type":"hit"}
[client] {"a":3,"dup":false,"ev":"game","ms":146514,"predicted":false,"t":7,"tick":8656,"type":"hit"}
[client] {"a":9,"dup":false,"ev":"game","ms":146610,"predicted":false,"t":2,"tick":8661,"type":"hit"}
[client] {"a":9,"dup":false,"ev":"game","ms":146631,"predicted":false,"t":1,"tick":8662,"type":"hit"}
[client] {"a":9,"dup":false,"ev":"game","ms":146631,"predicted":false,"t":3,"tick":8662,"type":"hit"}
[client] {"a":4,"dup":false,"ev":"game","ms":147045,"predicted":false,"t":7,"tick":8687,"type":"hit"}
[client] {"a":6,"dup":true,"ev":"game","ms":147196,"predicted":false,"t":0,"tick":8701,"type":"hit"}
[client] {"a":6,"dup":true,"ev":"game","ms":147232,"predicted":false,"t":2,"tick":8704,"type":"hit"}
[client] {"a":4,"dup":false,"ev":"game","ms":147397,"predicted":false,"t":7,"tick":8708,"type":"hit"}
[client] {"a":3,"dup":false,"ev":"game","ms":147480,"predicted":false,"t":6,"tick":8713,"type":"hit"}
[client] {"a":1,"dup":false,"ev":"game","ms":147548,"predicted":false,"t":6,"tick":8717,"type":"hit"}
[client] {"a":9,"dup":false,"ev":"game","ms":147597,"predicted":false,"t":1,"tick":8720,"type":"hit"}
[client] {"a":4,"dup":false,"ev":"game","ms":147645,"predicted":false,"t":7,"tick":8723,"type":"hit"}
[client] {"a":3,"dup":false,"ev":"game","ms":147762,"predicted":false,"t":6,"tick":8730,"type":"hit"}
[client] {"a":6,"dup":true,"ev":"game","ms":148032,"predicted":false,"t":3,"tick":8751,"type":"hit"}
[client] {"a":2,"dup":false,"ev":"game","ms":148259,"predicted":false,"t":9,"tick":8760,"type":"hit"}
[client] {"a":8,"dup":false,"ev":"game","ms":148259,"predicted":false,"t":3,"tick":8760,"type":"hit"}
[client] {"a":0,"dup":false,"ev":"game","ms":148362,"predicted":false,"t":6,"tick":8766,"type":"hit"}
[client] {"a":6,"dup":true,"ev":"game","ms":148632,"predicted":false,"t":3,"tick":8788,"type":"hit"}
[client] {"a":6,"dup":false,"ev":"game","ms":148693,"predicted":false,"t":0,"tick":8791,"type":"hit"}
[client] {"a":3,"dup":false,"ev":"game","ms":149129,"predicted":false,"t":6,"tick":8812,"type":"hit"}
[client] {"a":8,"dup":false,"ev":"game","ms":149329,"predicted":false,"t":3,"tick":8824,"type":"hit"}
[client] {"a":7,"dup":false,"ev":"game","ms":149377,"predicted":false,"t":3,"tick":8827,"type":"hit"}
[client] {"a":1,"dup":false,"ev":"game","ms":149646,"predicted":false,"t":9,"tick":8843,"type":"hit"}
[client] {"a":2,"dup":false,"ev":"game","ms":149646,"predicted":false,"t":6,"tick":8843,"type":"hit"}
[client] {"a":0,"dup":false,"ev":"game","ms":149798,"predicted":false,"t":6,"tick":8852,"type":"hit"}
[client] {"a":0,"dup":false,"ev":"game","ms":149846,"predicted":false,"t":8,"tick":8855,"type":"hit"}
[client] {"counts":{"blocks_on_me":0,"conf_actions":86,"confirmed_hits":436,"dup_confirmed":0,"hits_on_me":48,"pred_actions":93,"predicted_confirmed":26,"predicted_hits":69,"reconnects":0},"ev":"stats","hp":36.0,"in_bytes":2006906,"late":0,"local_entity":6,"match":{"countdown_until":300,"ctrl":-1,"final":false,"next":"","phase":3,"rot":2234,"scores":[8,1],"sd":false,"state":3,"tick":8566,"zone":"C"},"max_err":1.973,"mean_err":0.0258,"ms":149962,"out_bytes":434499,"pending":7,"pos":[41.37,0.6],"reconciles":2905,"server_tick":8867,"snaps":2910,"teleports":5}
[client] {"a":4,"dup":false,"ev":"game","ms":150081,"predicted":false,"t":7,"tick":8869,"type":"hit"}
[client] {"a":6,"dup":false,"ev":"game","ms":150267,"predicted":false,"t":-1,"tick":8885,"type":"ko"}
[client] {"a":1,"dup":false,"ev":"game","ms":150329,"predicted":false,"t":9,"tick":8884,"type":"hit"}
[client] {"a":2,"dup":false,"ev":"game","ms":150350,"predicted":false,"t":6,"tick":8885,"type":"hit"}
[client] {"a":0,"dup":false,"ev":"game","ms":150515,"predicted":false,"t":7,"tick":8895,"type":"hit"}
[client] {"a":1,"dup":false,"ev":"game","ms":150646,"predicted":false,"t":9,"tick":8903,"type":"hit"}
[client] {"a":8,"dup":false,"ev":"game","ms":150750,"predicted":false,"t":4,"tick":8909,"type":"hit"}
[client] {"a":0,"dup":false,"ev":"game","ms":150847,"predicted":false,"t":7,"tick":8915,"type":"hit"}
[client] {"a":7,"dup":false,"ev":"game","ms":150847,"predicted":false,"t":-1,"tick":8915,"type":"ko"}
[client] {"a":1,"dup":false,"ev":"game","ms":151012,"predicted":false,"t":9,"tick":8925,"type":"hit"}
[client] {"a":1,"dup":false,"ev":"game","ms":151567,"predicted":false,"t":8,"tick":8958,"type":"hit"}
[client] {"a":9,"dup":false,"ev":"game","ms":151730,"predicted":false,"t":4,"tick":8968,"type":"hit"}
[client] {"a":1,"dup":false,"ev":"game","ms":152268,"predicted":false,"t":8,"tick":9000,"type":"hit"}
[client] {"a":3,"dup":false,"ev":"game","ms":152804,"predicted":false,"t":9,"tick":9032,"type":"hit"}
[client] {"a":8,"dup":false,"ev":"game","ms":153218,"predicted":false,"t":2,"tick":9057,"type":"hit"}
[client] {"a":0,"dup":false,"ev":"game","ms":154018,"predicted":false,"t":8,"tick":9105,"type":"hit"}
[client] {"a":8,"dup":false,"ev":"game","ms":154018,"predicted":false,"t":-1,"tick":9105,"type":"ko"}
[client] {"a":5,"dup":false,"ev":"game","ms":154067,"predicted":false,"t":3,"tick":9108,"type":"hit"}
[client] {"a":4,"dup":false,"ev":"game","ms":154101,"predicted":false,"t":5,"tick":9110,"type":"hit"}
[client] {"a":2,"dup":false,"ev":"game","ms":154170,"predicted":false,"t":5,"tick":9114,"type":"hit"}
[client] {"a":4,"dup":false,"ev":"game","ms":154420,"predicted":false,"t":5,"tick":9129,"type":"hit"}
[client] {"a":2,"dup":false,"ev":"game","ms":154501,"predicted":false,"t":5,"tick":9134,"type":"hit"}
[client] {"a":0,"dup":false,"ev":"game","ms":154620,"predicted":false,"t":9,"tick":9141,"type":"hit"}
[client] {"a":3,"dup":false,"ev":"game","ms":154640,"predicted":false,"t":5,"tick":9142,"type":"hit"}
[client] {"counts":{"blocks_on_me":0,"conf_actions":86,"confirmed_hits":457,"dup_confirmed":0,"hits_on_me":49,"pred_actions":93,"predicted_confirmed":26,"predicted_hits":69,"reconnects":0},"ev":"stats","hp":0.0,"in_bytes":2081372,"late":0,"local_entity":6,"match":{"countdown_until":300,"ctrl":-1,"final":false,"next":"","phase":3,"rot":1934,"scores":[8,1],"sd":false,"state":3,"tick":8866,"zone":"C"},"max_err":1.973,"mean_err":0.025,"ms":154970,"out_bytes":449199,"pending":7,"pos":[41.3,0.6],"reconciles":3005,"server_tick":9167,"snaps":3010,"teleports":5}
[client] {"a":3,"dup":false,"ev":"game","ms":154971,"predicted":false,"t":5,"tick":9162,"type":"hit"}
[client] {"a":4,"dup":false,"ev":"game","ms":155067,"predicted":false,"t":5,"tick":9168,"type":"hit"}
[client] {"a":9,"dup":false,"ev":"game","ms":155489,"predicted":false,"t":0,"tick":9193,"type":"hit"}
[client] {"a":9,"dup":false,"ev":"game","ms":155799,"predicted":false,"t":0,"tick":9212,"type":"hit"}
[client] {"a":1,"dup":false,"ev":"game","ms":155978,"predicted":false,"t":9,"tick":9223,"type":"hit"}
[client] {"a":1,"dup":false,"ev":"game","ms":156198,"predicted":false,"t":9,"tick":9236,"type":"hit"}
[client] {"a":0,"dup":false,"ev":"game","ms":156516,"predicted":false,"t":9,"tick":9255,"type":"hit"}
[client] {"a":9,"dup":false,"ev":"game","ms":156516,"predicted":false,"t":-1,"tick":9255,"type":"ko"}
[client] {"a":2,"dup":false,"ev":"game","ms":156716,"predicted":false,"t":5,"tick":9267,"type":"block"}
[client] {"a":3,"dup":false,"ev":"game","ms":157696,"predicted":false,"t":5,"tick":9326,"type":"hit"}
[client] {"a":3,"dup":false,"ev":"game","ms":158035,"predicted":false,"t":5,"tick":9346,"type":"hit"}
[client] {"a":2,"dup":false,"ev":"game","ms":158235,"predicted":false,"t":5,"tick":9358,"type":"hit"}
[client] {"a":3,"dup":false,"ev":"game","ms":158380,"predicted":false,"t":5,"tick":9367,"type":"hit"}
[client] {"a":2,"dup":false,"ev":"game","ms":158634,"predicted":false,"t":5,"tick":9382,"type":"hit"}
[client] {"a":2,"dup":false,"ev":"game","ms":158917,"predicted":false,"t":5,"tick":9399,"type":"hit"}
[client] {"a":2,"dup":false,"ev":"game","ms":159697,"predicted":false,"t":5,"tick":9446,"type":"hit"}
[client] {"counts":{"blocks_on_me":0,"conf_actions":86,"confirmed_hits":471,"dup_confirmed":0,"hits_on_me":49,"pred_actions":93,"predicted_confirmed":26,"predicted_hits":69,"reconnects":0},"ev":"stats","hp":0.0,"in_bytes":2149032,"late":0,"local_entity":6,"match":{"countdown_until":300,"ctrl":-1,"final":false,"next":"","phase":3,"rot":1634,"scores":[8,1],"sd":false,"state":3,"tick":9166,"zone":"C"},"max_err":1.973,"mean_err":0.0242,"ms":159965,"out_bytes":463899,"pending":7,"pos":[41.3,0.6],"reconciles":3105,"server_tick":9467,"snaps":3110,"teleports":5}
[client] {"a":5,"dup":false,"ev":"game","ms":160250,"predicted":false,"t":3,"tick":9479,"type":"hit"}
[client] {"a":6,"dup":false,"ev":"game","ms":160263,"predicted":false,"t":-1,"tick":9485,"type":"respawn"}
[client] {"a":2,"dup":false,"ev":"game","ms":160333,"predicted":false,"t":5,"tick":9484,"type":"hit"}
[client] {"a":5,"dup":false,"ev":"game","ms":160333,"predicted":false,"t":-1,"tick":9484,"type":"ko"}
[client] {"a":7,"dup":false,"ev":"game","ms":160850,"predicted":false,"t":-1,"tick":9515,"type":"respawn"}
[client] {"a":8,"dup":false,"ev":"game","ms":164010,"predicted":false,"t":-1,"tick":9705,"type":"respawn"}
[client] {"counts":{"blocks_on_me":0,"conf_actions":86,"confirmed_hits":473,"dup_confirmed":0,"hits_on_me":49,"pred_actions":93,"predicted_confirmed":26,"predicted_hits":69,"reconnects":0},"ev":"stats","hp":220.0,"in_bytes":2200595,"late":0,"local_entity":6,"match":{"countdown_until":300,"ctrl":0,"final":false,"next":"","phase":3,"rot":1334,"scores":[12,1],"sd":false,"state":2,"tick":9466,"zone":"C"},"max_err":1.973,"mean_err":0.0234,"ms":164961,"out_bytes":478599,"pending":7,"pos":[6.26,19.05],"reconciles":3204,"server_tick":9767,"snaps":3210,"teleports":6}
[client] {"a":9,"dup":false,"ev":"game","ms":166514,"predicted":false,"t":-1,"tick":9855,"type":"respawn"}
[client] {"counts":{"blocks_on_me":0,"conf_actions":86,"confirmed_hits":473,"dup_confirmed":0,"hits_on_me":49,"pred_actions":93,"predicted_confirmed":26,"predicted_hits":69,"reconnects":0},"ev":"stats","hp":220.0,"in_bytes":2258208,"late":0,"local_entity":6,"match":{"countdown_until":300,"ctrl":-1,"final":false,"next":"","phase":3,"rot":1034,"scores":[17,1],"sd":false,"state":3,"tick":9766,"zone":"C"},"max_err":1.973,"mean_err":0.0227,"ms":169965,"out_bytes":493299,"pending":7,"pos":[38.0,2.46],"reconciles":3304,"server_tick":10067,"snaps":3310,"teleports":6}
[client] {"a":5,"dup":false,"ev":"game","ms":170324,"predicted":false,"t":-1,"tick":10084,"type":"respawn"}
[client] {"a":6,"dup":true,"ev":"game","ms":170827,"predicted":false,"t":3,"tick":10119,"type":"hit"}
[client] {"a":4,"dup":false,"ev":"game","ms":171076,"predicted":false,"t":6,"tick":10129,"type":"hit"}
[client] {"a":2,"dup":false,"ev":"game","ms":171241,"predicted":false,"t":6,"tick":10139,"type":"hit"}
[client] {"a":7,"dup":false,"ev":"game","ms":172428,"predicted":false,"t":0,"tick":10210,"type":"hit"}
[client] {"a":3,"dup":false,"ev":"game","ms":172463,"predicted":false,"t":6,"tick":10212,"type":"hit"}
[client] {"a":4,"dup":false,"ev":"game","ms":172925,"predicted":false,"t":7,"tick":10240,"type":"hit"}
[client] {"a":3,"dup":false,"ev":"game","ms":173525,"predicted":false,"t":7,"tick":10276,"type":"hit"}
[client] {"a":4,"dup":false,"ev":"game","ms":173628,"predicted":false,"t":6,"tick":10282,"type":"hit"}
[client] {"a":8,"dup":false,"ev":"game","ms":173711,"predicted":false,"t":3,"tick":10287,"type":"hit"}
[client] {"a":4,"dup":false,"ev":"game","ms":174042,"predicted":false,"t":6,"tick":10307,"type":"hit"}
[client] {"a":3,"dup":false,"ev":"game","ms":174111,"predicted":false,"t":6,"tick":10311,"type":"hit"}
[client] {"a":8,"dup":false,"ev":"game","ms":174360,"predicted":false,"t":3,"tick":10326,"type":"block"}
[client] {"a":7,"dup":false,"ev":"game","ms":174760,"predicted":false,"t":3,"tick":10350,"type":"block"}
[client] {"a":8,"dup":false,"ev":"game","ms":174781,"predicted":false,"t":3,"tick":10351,"type":"block"}
[client] {"counts":{"blocks_on_me":0,"conf_actions":92,"confirmed_hits":484,"dup_confirmed":0,"hits_on_me":55,"pred_actions":101,"predicted_confirmed":27,"predicted_hits":72,"reconnects":0},"ev":"stats","hp":84.0,"in_bytes":2329988,"late":0,"local_entity":6,"match":{"countdown_until":300,"ctrl":-1,"final":false,"next":"B","phase":3,"rot":734,"scores":[17,1],"sd":false,"state":3,"tick":10066,"zone":"C"},"max_err":1.973,"mean_err":0.0236,"ms":174959,"out_bytes":507999,"pending":7,"pos":[38.69,2.28],"reconciles":3404,"server_tick":10367,"snaps":3410,"teleports":6}
[client] {"a":7,"dup":false,"ev":"game","ms":175063,"predicted":false,"t":3,"tick":10368,"type":"block"}
[client] {"a":8,"dup":false,"ev":"game","ms":175327,"predicted":false,"t":3,"tick":10384,"type":"block"}
[client] {"a":6,"dup":false,"ev":"game","ms":175430,"predicted":false,"t":3,"tick":10395,"type":"guard_break"}
[client] {"a":8,"dup":false,"ev":"game","ms":175761,"predicted":false,"t":3,"tick":10410,"type":"hit"}
[client] {"a":7,"dup":false,"ev":"game","ms":175844,"predicted":false,"t":3,"tick":10415,"type":"hit"}
[client] {"a":2,"dup":false,"ev":"game","ms":177044,"predicted":false,"t":7,"tick":10487,"type":"hit"}
[client] {"a":9,"dup":false,"ev":"game","ms":177313,"predicted":false,"t":3,"tick":10503,"type":"hit"}
[client] {"a":6,"dup":true,"ev":"game","ms":177348,"predicted":false,"t":3,"tick":10511,"type":"hit"}
[client] {"a":6,"dup":true,"ev":"game","ms":177348,"predicted":false,"t":4,"tick":10511,"type":"hit"}
[client] {"a":8,"dup":false,"ev":"game","ms":177810,"predicted":false,"t":4,"tick":10533,"type":"hit"}
[client] {"a":8,"dup":false,"ev":"game","ms":177844,"predicted":false,"t":3,"tick":10535,"type":"hit"}
[client] {"a":3,"dup":false,"ev":"game","ms":177844,"predicted":false,"t":-1,"tick":10535,"type":"ko"}
[client] {"a":2,"dup":false,"ev":"game","ms":177927,"predicted":false,"t":6,"tick":10540,"type":"hit"}
[client] {"a":7,"dup":false,"ev":"game","ms":178162,"predicted":false,"t":2,"tick":10554,"type":"hit"}
[client] {"a":8,"dup":false,"ev":"game","ms":178162,"predicted":false,"t":4,"tick":10554,"type":"hit"}
[client] {"a":8,"dup":false,"ev":"game","ms":178500,"predicted":false,"t":4,"tick":10574,"type":"hit"}
[client] {"a":8,"dup":false,"ev":"game","ms":178528,"predicted":false,"t":2,"tick":10576,"type":"hit"}
[client] {"a":6,"dup":true,"ev":"game","ms":178783,"predicted":false,"t":0,"tick":10597,"type":"hit"}
[client] {"a":4,"dup":false,"ev":"game","ms":178914,"predicted":false,"t":8,"tick":10599,"type":"hit"}
[client] {"a":1,"dup":false,"ev":"game","ms":179362,"predicted":false,"t":9,"tick":10626,"type":"hit"}
[client] {"a":8,"dup":false,"ev":"game","ms":179584,"predicted":false,"t":4,"tick":10639,"type":"hit"}
[client] {"a":1,"dup":false,"ev":"game","ms":179749,"predicted":false,"t":9,"tick":10649,"type":"hit"}
[client] {"a":2,"dup":false,"ev":"game","ms":179881,"predicted":false,"t":7,"tick":10657,"type":"hit"}
[client] {"counts":{"blocks_on_me":0,"conf_actions":100,"confirmed_hits":503,"dup_confirmed":0,"hits_on_me":56,"pred_actions":108,"predicted_confirmed":30,"predicted_hits":85,"reconnects":0},"ev":"stats","hp":46.0,"in_bytes":2403079,"late":0,"local_entity":6,"match":{"countdown_until":300,"ctrl":-1,"final":false,"next":"B","phase":3,"rot":434,"scores":[17,1],"sd":false,"state":3,"tick":10366,"zone":"C"},"max_err":1.973,"mean_err":0.0237,"ms":179962,"out_bytes":522699,"pending":7,"pos":[41.45,1.13],"reconciles":3504,"server_tick":10667,"snaps":3510,"teleports":6}
[client] {"a":6,"dup":true,"ev":"game","ms":179984,"predicted":false,"t":2,"tick":10668,"type":"hit"}
[client] {"a":9,"dup":false,"ev":"game","ms":180129,"predicted":false,"t":1,"tick":10672,"type":"hit"}
[client] {"a":7,"dup":false,"ev":"game","ms":180197,"predicted":false,"t":2,"tick":10676,"type":"hit"}
[client] {"a":4,"dup":false,"ev":"game","ms":180232,"predicted":false,"t":6,"tick":10678,"type":"hit"}
[client] {"a":4,"dup":false,"ev":"game","ms":180433,"predicted":false,"t":7,"tick":10690,"type":"hit"}
[client] {"a":1,"dup":false,"ev":"game","ms":180515,"predicted":false,"t":9,"tick":10695,"type":"hit"}
[client] {"a":6,"dup":true,"ev":"game","ms":180584,"predicted":false,"t":2,"tick":10705,"type":"hit"}
[client] {"a":8,"dup":false,"ev":"game","ms":180984,"predicted":false,"t":2,"tick":10723,"type":"hit"}
[client] {"a":9,"dup":false,"ev":"game","ms":181267,"predicted":false,"t":1,"tick":10740,"type":"hit"}
[client] {"a":2,"dup":false,"ev":"game","ms":181301,"predicted":false,"t":6,"tick":10742,"type":"hit"}
[client] {"a":7,"dup":false,"ev":"game","ms":181468,"predicted":false,"t":2,"tick":10752,"type":"hit"}
[client] {"a":0,"dup":false,"ev":"game","ms":181833,"predicted":false,"t":8,"tick":10774,"type":"hit"}
[client] {"a":6,"dup":true,"ev":"game","ms":181867,"predicted":false,"t":4,"tick":10781,"type":"hit"}
[client] {"a":6,"dup":true,"ev":"game","ms":181901,"predicted":false,"t":2,"tick":10784,"type":"hit"}
[client] {"a":1,"dup":false,"ev":"game","ms":182398,"predicted":false,"t":5,"tick":10808,"type":"hit"}
[client] {"a":9,"dup":false,"ev":"game","ms":182481,"predicted":false,"t":0,"tick":10813,"type":"hit"}
[client] {"a":6,"dup":false,"ev":"game","ms":182502,"predicted":false,"t":0,"tick":10819,"type":"hit"}
[client] {"a":0,"dup":false,"ev":"game","ms":182985,"predicted":false,"t":9,"tick":10843,"type":"hit"}
[client] {"a":4,"dup":false,"ev":"game","ms":183047,"predicted":false,"t":7,"tick":10847,"type":"hit"}
[client] {"a":2,"dup":false,"ev":"game","ms":183130,"predicted":false,"t":7,"tick":10852,"type":"hit"}
[client] {"a":6,"dup":false,"ev":"game","ms":183130,"predicted":false,"t":-1,"tick":10857,"type":"ko"}
[client] {"a":2,"dup":false,"ev":"game","ms":183212,"predicted":false,"t":6,"tick":10857,"type":"hit"}
[client] {"a":0,"dup":false,"ev":"game","ms":183282,"predicted":false,"t":9,"tick":10861,"type":"hit"}
[client] {"a":9,"dup":false,"ev":"game","ms":183670,"predicted":false,"t":2,"tick":10884,"type":"hit"}
[client] {"a":2,"dup":false,"ev":"game","ms":183670,"predicted":false,"t":-1,"tick":10884,"type":"ko"}
[client] {"a":1,"dup":false,"ev":"game","ms":183785,"predicted":false,"t":7,"tick":10891,"type":"hit"}
[client] {"a":0,"dup":false,"ev":"game","ms":184020,"predicted":false,"t":8,"tick":10905,"type":"hit"}
[client] {"a":5,"dup":false,"ev":"game","ms":184020,"predicted":false,"t":4,"tick":10905,"type":"hit"}
[client] {"a":9,"dup":false,"ev":"game","ms":184034,"predicted":false,"t":4,"tick":10906,"type":"hit"}
[client] {"a":4,"dup":false,"ev":"game","ms":184034,"predicted":false,"t":-1,"tick":10906,"type":"ko"}
[client] {"a":1,"dup":false,"ev":"game","ms":184247,"predicted":false,"t":7,"tick":10919,"type":"hit"}
[client] {"a":1,"dup":false,"ev":"game","ms":184282,"predicted":false,"t":8,"tick":10921,"type":"hit"}
[client] {"a":0,"dup":false,"ev":"game","ms":184620,"predicted":false,"t":9,"tick":10941,"type":"hit"}
[client] {"a":7,"dup":false,"ev":"game","ms":184620,"predicted":false,"t":1,"tick":10941,"type":"hit"}
[client] {"a":8,"dup":false,"ev":"game","ms":184716,"predicted":false,"t":1,"tick":10947,"type":"hit"}
[client] {"counts":{"blocks_on_me":0,"conf_actions":105,"confirmed_hits":535,"dup_confirmed":0,"hits_on_me":59,"pred_actions":114,"predicted_confirmed":34,"predicted_hits":95,"reconnects":0},"ev":"stats","hp":0.0,"in_bytes":2477972,"late":0,"local_entity":6,"match":{"countdown_until":300,"ctrl":-1,"final":false,"next":"B","phase":3,"rot":134,"scores":[17,1],"sd":false,"state":3,"tick":10666,"zone":"C"},"max_err":1.973,"mean_err":0.0236,"ms":184964,"out_bytes":537399,"pending":7,"pos":[41.11,0.04],"reconciles":3604,"server_tick":10967,"snaps":3610,"teleports":6}
[client] {"a":0,"dup":false,"ev":"game","ms":184986,"predicted":false,"t":9,"tick":10963,"type":"hit"}
[client] {"a":5,"dup":false,"ev":"game","ms":185083,"predicted":false,"t":0,"tick":10969,"type":"hit"}
[client] {"a":8,"dup":false,"ev":"game","ms":185234,"predicted":false,"t":1,"tick":10978,"type":"hit"}
[client] {"a":8,"dup":false,"ev":"game","ms":185587,"predicted":false,"t":1,"tick":10999,"type":"hit"}
[client] {"a":5,"dup":false,"ev":"game","ms":185883,"predicted":false,"t":0,"tick":11017,"type":"hit"}
[client] {"a":9,"dup":false,"ev":"game","ms":186234,"predicted":false,"t":1,"tick":11038,"type":"hit"}
[client] {"a":0,"dup":false,"ev":"game","ms":186822,"predicted":false,"t":5,"tick":11073,"type":"hit"}
[client] {"a":-1,"dup":false,"ev":"game","ms":187249,"predicted":false,"t":-1,"tick":11099,"type":"zone_rotated"}
[client] {"a":5,"dup":false,"ev":"game","ms":187318,"predicted":false,"t":0,"tick":11103,"type":"hit"}
[client] {"a":7,"dup":false,"ev":"game","ms":187518,"predicted":false,"t":0,"tick":11115,"type":"hit"}
[client] {"a":0,"dup":false,"ev":"game","ms":187518,"predicted":false,"t":-1,"tick":11115,"type":"ko"}
[client] {"a":3,"dup":false,"ev":"game","ms":187849,"predicted":false,"t":-1,"tick":11135,"type":"respawn"}
[client] {"a":8,"dup":false,"ev":"game","ms":188022,"predicted":false,"t":1,"tick":11145,"type":"hit"}
[client] {"a":1,"dup":false,"ev":"game","ms":188401,"predicted":false,"t":5,"tick":11168,"type":"hit"}
[client] {"a":7,"dup":false,"ev":"game","ms":188622,"predicted":false,"t":1,"tick":11181,"type":"hit"}
[client] {"a":1,"dup":false,"ev":"game","ms":188622,"predicted":false,"t":-1,"tick":11181,"type":"ko"}
[client] {"counts":{"blocks_on_me":0,"conf_actions":105,"confirmed_hits":547,"dup_confirmed":0,"hits_on_me":59,"pred_actions":114,"predicted_confirmed":34,"predicted_hits":95,"reconnects":0},"ev":"stats","hp":0.0,"in_bytes":2534207,"late":0,"local_entity":6,"match":{"countdown_until":300,"ctrl":-1,"final":false,"next":"","phase":3,"rot":3431,"scores":[17,1],"sd":false,"state":1,"tick":10969,"zone":"B"},"max_err":1.973,"mean_err":0.023,"ms":189967,"out_bytes":552099,"pending":7,"pos":[41.11,0.04],"reconciles":3704,"server_tick":11267,"snaps":3711,"teleports":6}
[client] {"a":6,"dup":false,"ev":"game","ms":193135,"predicted":false,"t":-1,"tick":11457,"type":"respawn"}
[client] {"a":2,"dup":false,"ev":"game","ms":193666,"predicted":false,"t":-1,"tick":11484,"type":"respawn"}
[client] {"a":4,"dup":false,"ev":"game","ms":194031,"predicted":false,"t":-1,"tick":11506,"type":"respawn"}
[client] {"counts":{"blocks_on_me":0,"conf_actions":105,"confirmed_hits":547,"dup_confirmed":0,"hits_on_me":59,"pred_actions":114,"predicted_confirmed":34,"predicted_hits":95,"reconnects":0},"ev":"stats","hp":220.0,"in_bytes":2584381,"late":0,"local_entity":6,"match":{"countdown_until":300,"ctrl":-1,"final":false,"next":"","phase":3,"rot":3134,"scores":[17,1],"sd":false,"state":3,"tick":11266,"zone":"B"},"max_err":1.973,"mean_err":0.0224,"ms":194963,"out_bytes":566799,"pending":7,"pos":[2.93,35.53],"reconciles":3803,"server_tick":11567,"snaps":3810,"teleports":7}
[client] {"a":9,"dup":false,"ev":"game","ms":195432,"predicted":false,"t":3,"tick":11590,"type":"hit"}
[client] {"a":9,"dup":false,"ev":"game","ms":195736,"predicted":false,"t":3,"tick":11608,"type":"block"}
[client] {"a":8,"dup":false,"ev":"game","ms":195763,"predicted":false,"t":3,"tick":11610,"type":"block"}
[client] {"a":5,"dup":false,"ev":"game","ms":195902,"predicted":false,"t":3,"tick":11618,"type":"block"}
[client] {"a":9,"dup":false,"ev":"game","ms":196047,"predicted":false,"t":3,"tick":11627,"type":"block"}
[client] {"a":5,"dup":false,"ev":"game","ms":196281,"predicted":false,"t":3,"tick":11641,"type":"block"}
[client] {"a":8,"dup":false,"ev":"game","ms":196536,"predicted":false,"t":3,"tick":11656,"type":"hit"}
[client] {"a":5,"dup":false,"ev":"game","ms":196598,"predicted":false,"t":3,"tick":11660,"type":"hit"}
[client] {"a":8,"dup":false,"ev":"game","ms":196867,"predicted":false,"t":3,"tick":11676,"type":"hit"}
[client] {"a":5,"dup":false,"ev":"game","ms":197137,"predicted":false,"t":3,"tick":11692,"type":"hit"}
[client] {"a":8,"dup":false,"ev":"game","ms":197220,"predicted":false,"t":3,"tick":11697,"type":"hit"}
[client] {"a":0,"dup":false,"ev":"game","ms":197518,"predicted":false,"t":-1,"tick":11715,"type":"respawn"}
[client] {"a":8,"dup":false,"ev":"game","ms":197599,"predicted":false,"t":3,"tick":11720,"type":"hit"}
[client] {"a":9,"dup":false,"ev":"game","ms":197647,"predicted":false,"t":3,"tick":11723,"type":"hit"}
[client] {"a":8,"dup":false,"ev":"game","ms":197855,"predicted":false,"t":3,"tick":11735,"type":"hit"}
[client] {"a":9,"dup":false,"ev":"game","ms":198199,"predicted":false,"t":3,"tick":11756,"type":"hit"}
[client] {"a":9,"dup":false,"ev":"game","ms":198600,"predicted":false,"t":3,"tick":11780,"type":"hit"}
[client] {"a":1,"dup":false,"ev":"game","ms":198622,"predicted":false,"t":-1,"tick":11781,"type":"respawn"}
[client] {"a":8,"dup":false,"ev":"game","ms":198655,"predicted":false,"t":3,"tick":11783,"type":"hit"}
[client] {"counts":{"blocks_on_me":0,"conf_actions":105,"confirmed_hits":559,"dup_confirmed":0,"hits_on_me":59,"pred_actions":114,"predicted_confirmed":34,"predicted_hits":95,"reconnects":0},"ev":"stats","hp":220.0,"in_bytes":2645279,"late":0,"local_entity":6,"match":{"countdown_until":300,"ctrl":-1,"final":false,"next":"","phase":3,"rot":2834,"scores":[17,1],"sd":false,"state":3,"tick":11566,"zone":"B"},"max_err":1.973,"mean_err":0.0218,"ms":199957,"out_bytes":581499,"pending":7,"pos":[-2.72,0.01],"reconciles":3903,"server_tick":11867,"snaps":3910,"teleports":7}
[client] {"a":8,"dup":false,"ev":"game","ms":200242,"predicted":false,"t":3,"tick":11879,"type":"hit"}
[client] {"a":8,"dup":false,"ev":"game","ms":200295,"predicted":false,"t":2,"tick":11882,"type":"hit"}
[client] {"a":8,"dup":false,"ev":"game","ms":200579,"predicted":false,"t":3,"tick":11899,"type":"hit"}
[client] {"a":2,"dup":false,"ev":"game","ms":200647,"predicted":false,"t":8,"tick":11903,"type":"hit"}
[client] {"a":7,"dup":false,"ev":"game","ms":200848,"predicted":false,"t":2,"tick":11915,"type":"hit"}
[client] {"a":7,"dup":false,"ev":"game","ms":200861,"predicted":false,"t":3,"tick":11916,"type":"hit"}
[client] {"a":3,"dup":false,"ev":"game","ms":200861,"predicted":false,"t":-1,"tick":11916,"type":"ko"}
[client] {"a":5,"dup":false,"ev":"game","ms":201076,"predicted":false,"t":2,"tick":11929,"type":"hit"}
[client] {"a":6,"dup":false,"ev":"game","ms":201296,"predicted":false,"t":4,"tick":11948,"type":"hit"}
[client] {"a":2,"dup":false,"ev":"game","ms":201945,"predicted":false,"t":5,"tick":11981,"type":"hit"}
[client] {"a":2,"dup":false,"ev":"game","ms":201979,"predicted":false,"t":8,"tick":11983,"type":"hit"}
[client] {"a":4,"dup":false,"ev":"game","ms":202746,"predicted":false,"t":7,"tick":12029,"type":"hit"}
[client] {"a":4,"dup":false,"ev":"game","ms":203180,"predicted":false,"t":6,"tick":12055,"type":"hit"}
[client] {"a":4,"dup":false,"ev":"game","ms":203215,"predicted":false,"t":7,"tick":12057,"type":"hit"}
[client] {"a":2,"dup":false,"ev":"game","ms":203415,"predicted":false,"t":5,"tick":12069,"type":"hit"}
[client] {"a":4,"dup":false,"ev":"game","ms":203511,"predicted":false,"t":6,"tick":12075,"type":"hit"}
[client] {"a":8,"dup":false,"ev":"game","ms":203532,"predicted":false,"t":2,"tick":12076,"type":"hit"}
[client] {"a":4,"dup":false,"ev":"game","ms":203545,"predicted":false,"t":7,"tick":12077,"type":"hit"}
[client] {"a":7,"dup":false,"ev":"game","ms":203545,"predicted":false,"t":-1,"tick":12077,"type":"ko"}
[client] {"a":4,"dup":false,"ev":"game","ms":203559,"predicted":false,"t":9,"tick":12078,"type":"hit"}
[client] {"a":2,"dup":false,"ev":"game","ms":203849,"predicted":false,"t":5,"tick":12095,"type":"hit"}
[client] {"a":6,"dup":false,"ev":"game","ms":203897,"predicted":false,"t":4,"tick":12103,"type":"hit"}
[client] {"a":8,"dup":false,"ev":"game","ms":203932,"predicted":false,"t":2,"tick":12100,"type":"hit"}
[client] {"a":0,"dup":false,"ev":"game","ms":204181,"predicted":false,"t":5,"tick":12115,"type":"hit"}
[client] {"a":8,"dup":false,"ev":"game","ms":204312,"predicted":false,"t":2,"tick":12123,"type":"hit"}
[client] {"a":4,"dup":false,"ev":"game","ms":204463,"predicted":false,"t":6,"tick":12132,"type":"hit"}
[client] {"a":8,"dup":false,"ev":"game","ms":204712,"predicted":false,"t":0,"tick":12147,"type":"hit"}
[client] {"counts":{"blocks_on_me":0,"conf_actions":110,"confirmed_hits":584,"dup_confirmed":0,"hits_on_me":62,"pred_actions":119,"predicted_confirmed":34,"predicted_hits":98,"reconnects":0},"ev":"stats","hp":154.0,"in_bytes":2719875,"late":0,"local_entity":6,"match":{"countdown_until":300,"ctrl":-1,"final":false,"next":"","phase":3,"rot":2534,"scores":[17,1],"sd":false,"state":3,"tick":11866,"zone":"B"},"max_err":1.973,"mean_err":0.0224,"ms":204959,"out_bytes":596199,"pending":7,"pos":[-2.59,-2.72],"reconciles":4003,"server_tick":12167,"snaps":4010,"teleports":7}
[client] {"a":8,"dup":false,"ev":"game","ms":204960,"predicted":false,"t":0,"tick":12162,"type":"hit"}
[client] {"a":2,"dup":false,"ev":"game","ms":205278,"predicted":false,"t":8,"tick":12181,"type":"hit"}
[client] {"a":1,"dup":false,"ev":"game","ms":205346,"predicted":false,"t":8,"tick":12185,"type":"hit"}
[client] {"a":2,"dup":false,"ev":"game","ms":205629,"predicted":false,"t":8,"tick":12202,"type":"hit"}
[client] {"a":4,"dup":false,"ev":"game","ms":205678,"predicted":false,"t":9,"tick":12205,"type":"hit"}
[client] {"a":2,"dup":false,"ev":"game","ms":205947,"predicted":false,"t":8,"tick":12221,"type":"hit"}
[client] {"a":1,"dup":false,"ev":"game","ms":206478,"predicted":false,"t":5,"tick":12253,"type":"hit"}
[client] {"a":4,"dup":false,"ev":"game","ms":206547,"predicted":false,"t":9,"tick":12257,"type":"hit"}
[client] {"a":2,"dup":false,"ev":"game","ms":206582,"predicted":false,"t":5,"tick":12259,"type":"hit"}
[client] {"a":8,"dup":false,"ev":"game","ms":206734,"predicted":false,"t":2,"tick":12268,"type":"hit"}
[client] {"a":6,"dup":true,"ev":"game","ms":206761,"predicted":false,"t":2,"tick":12275,"type":"hit"}
[client] {"a":4,"dup":false,"ev":"game","ms":206816,"predicted":false,"t":9,"tick":12273,"type":"hit"}
[client] {"a":4,"dup":false,"ev":"game","ms":206864,"predicted":false,"t":6,"tick":12276,"type":"hit"}
[client] {"a":0,"dup":false,"ev":"game","ms":207113,"predicted":false,"t":6,"tick":12291,"type":"hit"}
[client] {"a":0,"dup":false,"ev":"game","ms":207134,"predicted":false,"t":8,"tick":12292,"type":"hit"}
[client] {"a":9,"dup":false,"ev":"game","ms":207665,"predicted":false,"t":1,"tick":12324,"type":"hit"}
[client] {"a":5,"dup":false,"ev":"game","ms":207948,"predicted":false,"t":1,"tick":12341,"type":"hit"}
[client] {"a":5,"dup":false,"ev":"game","ms":207982,"predicted":false,"t":0,"tick":12343,"type":"hit"}
[client] {"a":5,"dup":false,"ev":"game","ms":207982,"predicted":false,"t":2,"tick":12343,"type":"hit"}
[client] {"a":5,"dup":false,"ev":"game","ms":208935,"predicted":false,"t":1,"tick":12400,"type":"hit"}
[client] {"a":4,"dup":false,"ev":"game","ms":208969,"predicted":false,"t":5,"tick":12402,"type":"hit"}
[client] {"a":6,"dup":true,"ev":"game","ms":209031,"predicted":false,"t":4,"tick":12411,"type":"hit"}
[client] {"a":0,"dup":false,"ev":"game","ms":209100,"predicted":false,"t":5,"tick":12410,"type":"hit"}
[client] {"a":1,"dup":false,"ev":"game","ms":209300,"predicted":false,"t":5,"tick":12422,"type":"hit"}
[client] {"a":6,"dup":true,"ev":"game","ms":209396,"predicted":false,"t":4,"tick":12433,"type":"hit"}
[client] {"a":0,"dup":false,"ev":"game","ms":209535,"predicted":false,"t":5,"tick":12436,"type":"hit"}
[client] {"a":5,"dup":false,"ev":"game","ms":209535,"predicted":false,"t":-1,"tick":12436,"type":"ko"}
[client] {"counts":{"blocks_on_me":0,"conf_actions":118,"confirmed_hits":610,"dup_confirmed":0,"hits_on_me":64,"pred_actions":127,"predicted_confirmed":37,"predicted_hits":107,"reconnects":0},"ev":"stats","hp":115.0,"in_bytes":2791984,"late":0,"local_entity":6,"match":{"countdown_until":300,"ctrl":-1,"final":false,"next":"","phase":3,"rot":2231,"scores":[17,1],"sd":false,"state":3,"tick":12169,"zone":"B"},"max_err":1.973,"mean_err":0.0227,"ms":209968,"out_bytes":610899,"pending":7,"pos":[0.32,-2.71],"reconciles":4103,"server_tick":12467,"snaps":4111,"teleports":7}
[client] {"a":6,"dup":true,"ev":"game","ms":210218,"predicted":false,"t":4,"tick":12482,"type":"hit"}
[client] {"a":8,"dup":false,"ev":"game","ms":210549,"predicted":false,"t":2,"tick":12497,"type":"hit"}
[client] {"a":0,"dup":false,"ev":"game","ms":210832,"predicted":false,"t":8,"tick":12515,"type":"hit"}
[client] {"a":8,"dup":false,"ev":"game","ms":210832,"predicted":false,"t":-1,"tick":12515,"type":"ko"}
[client] {"a":3,"dup":false,"ev":"game","ms":210853,"predicted":false,"t":-1,"tick":12516,"type":"respawn"}
[client] {"a":6,"dup":true,"ev":"game","ms":210936,"predicted":false,"t":2,"tick":12525,"type":"hit"}
[client] {"a":4,"dup":false,"ev":"game","ms":211171,"predicted":false,"t":6,"tick":12534,"type":"hit"}
[client] {"a":0,"dup":false,"ev":"game","ms":211771,"predicted":false,"t":6,"tick":12571,"type":"hit"}
[client] {"a":1,"dup":false,"ev":"game","ms":211970,"predicted":false,"t":6,"tick":12582,"type":"hit"}
[client] {"a":6,"dup":true,"ev":"game","ms":212233,"predicted":false,"t":1,"tick":12603,"type":"hit"}
[client] {"a":4,"dup":false,"ev":"game","ms":212598,"predicted":false,"t":6,"tick":12620,"type":"hit"}
[client] {"a":1,"dup":false,"ev":"game","ms":212668,"predicted":false,"t":6,"tick":12624,"type":"hit"}
[client] {"a":6,"dup":true,"ev":"game","ms":213054,"predicted":false,"t":0,"tick":12652,"type":"hit"}
[client] {"a":6,"dup":false,"ev":"game","ms":213199,"predicted":false,"t":-1,"tick":12661,"type":"ko"}
[client] {"a":9,"dup":false,"ev":"game","ms":213254,"predicted":false,"t":0,"tick":12659,"type":"hit"}
[client] {"a":1,"dup":false,"ev":"game","ms":213282,"predicted":false,"t":6,"tick":12661,"type":"hit"}
[client] {"a":9,"dup":false,"ev":"game","ms":213518,"predicted":false,"t":0,"tick":12675,"type":"hit"}
[client] {"a":7,"dup":false,"ev":"game","ms":213550,"predicted":false,"t":-1,"tick":12677,"type":"respawn"}
[client] {"a":2,"dup":false,"ev":"game","ms":213881,"predicted":false,"t":9,"tick":12698,"type":"hit"}
[client] {"a":0,"dup":false,"ev":"game","ms":214696,"predicted":false,"t":9,"tick":12747,"type":"hit"}
[client] {"counts":{"blocks_on_me":0,"conf_actions":123,"confirmed_hits":626,"dup_confirmed":0,"hits_on_me":70,"pred_actions":134,"predicted_confirmed":41,"predicted_hits":116,"reconnects":0},"ev":"stats","hp":0.0,"in_bytes":2863900,"late":0,"local_entity":6,"match":{"countdown_until":300,"ctrl":-1,"final":false,"next":"","phase":3,"rot":1931,"scores":[17,1],"sd":false,"state":3,"tick":12469,"zone":"B"},"max_err":1.973,"mean_err":0.0229,"ms":214964,"out_bytes":625599,"pending":7,"pos":[-1.83,-3.56],"reconciles":4203,"server_tick":12767,"snaps":4211,"teleports":7}
[client] {"a":9,"dup":false,"ev":"game","ms":215179,"predicted":false,"t":1,"tick":12776,"type":"hit"}
[client] {"a":1,"dup":false,"ev":"game","ms":215579,"predicted":false,"t":9,"tick":12799,"type":"hit"}
[client] {"a":9,"dup":false,"ev":"game","ms":215579,"predicted":false,"t":-1,"tick":12799,"type":"ko"}
[client] {"a":5,"dup":false,"ev":"game","ms":219533,"predicted":false,"t":-1,"tick":13036,"type":"respawn"}
[client] {"counts":{"blocks_on_me":0,"conf_actions":123,"confirmed_hits":628,"dup_confirmed":0,"hits_on_me":70,"pred_actions":134,"predicted_confirmed":41,"predicted_hits":116,"reconnects":0},"ev":"stats","hp":0.0,"in_bytes":2918328,"late":0,"local_entity":6,"match":{"countdown_until":300,"ctrl":0,"final":false,"next":"","phase":3,"rot":1631,"scores":[21,1],"sd":false,"state":2,"tick":12769,"zone":"B"},"max_err":1.973,"mean_err":0.0224,"ms":219968,"out_bytes":640299,"pending":7,"pos":[-1.83,-3.56],"reconciles":4303,"server_tick":13067,"snaps":4311,"teleports":7}
[client] {"a":8,"dup":false,"ev":"game","ms":220850,"predicted":false,"t":-1,"tick":13115,"type":"respawn"}
[client] {"a":7,"dup":false,"ev":"game","ms":222949,"predicted":false,"t":4,"tick":13241,"type":"hit"}
[client] {"a":0,"dup":false,"ev":"game","ms":223065,"predicted":false,"t":7,"tick":13248,"type":"hit"}
[client] {"a":6,"dup":false,"ev":"game","ms":223203,"predicted":false,"t":-1,"tick":13261,"type":"respawn"}
[client] {"a":4,"dup":false,"ev":"game","ms":223434,"predicted":false,"t":7,"tick":13270,"type":"hit"}
[client] {"a":4,"dup":false,"ev":"game","ms":223701,"predicted":false,"t":7,"tick":13286,"type":"hit"}
[client] {"a":0,"dup":false,"ev":"game","ms":224020,"predicted":false,"t":7,"tick":13305,"type":"hit"}
[client] {"a":4,"dup":false,"ev":"game","ms":224301,"predicted":false,"t":7,"tick":13322,"type":"hit"}
[client] {"a":4,"dup":false,"ev":"game","ms":224749,"predicted":false,"t":7,"tick":13349,"type":"hit"}
[client] {"counts":{"blocks_on_me":0,"conf_actions":123,"confirmed_hits":635,"dup_confirmed":0,"hits_on_me":70,"pred_actions":134,"predicted_confirmed":41,"predicted_hits":116,"reconnects":0},"ev":"stats","hp":220.0,"in_bytes":2986175,"late":0,"local_entity":6,"match":{"countdown_until":300,"ctrl":-1,"final":false,"next":"","phase":3,"rot":1331,"scores":[21,1],"sd":false,"state":3,"tick":13069,"zone":"B"},"max_err":1.973,"mean_err":0.0219,"ms":224969,"out_bytes":654999,"pending":7,"pos":[3.52,36.94],"reconciles":4402,"server_tick":13367,"snaps":4411,"teleports":8}
[client] {"a":7,"dup":false,"ev":"game","ms":225066,"predicted":false,"t":1,"tick":13368,"type":"hit"}
[client] {"a":4,"dup":false,"ev":"game","ms":225115,"predicted":false,"t":7,"tick":13371,"type":"hit"}
[client] {"a":3,"dup":false,"ev":"game","ms":225219,"predicted":false,"t":7,"tick":13377,"type":"hit"}
[client] {"a":3,"dup":false,"ev":"game","ms":225515,"predicted":false,"t":7,"tick":13395,"type":"hit"}
[client] {"a":9,"dup":false,"ev":"game","ms":225584,"predicted":false,"t":-1,"tick":13399,"type":"respawn"}
[client] {"a":0,"dup":false,"ev":"game","ms":225619,"predicted":false,"t":7,"tick":13401,"type":"hit"}
[client] {"a":1,"dup":false,"ev":"game","ms":225819,"predicted":false,"t":7,"tick":13413,"type":"hit"}
[client] {"a":0,"dup":false,"ev":"game","ms":226115,"predicted":false,"t":7,"tick":13431,"type":"hit"}
[client] {"a":1,"dup":false,"ev":"game","ms":226137,"predicted":false,"t":7,"tick":13432,"type":"hit"}
[client] {"a":4,"dup":false,"ev":"game","ms":226406,"predicted":false,"t":7,"tick":13448,"type":"hit"}
[client] {"a":1,"dup":false,"ev":"game","ms":226468,"predicted":false,"t":7,"tick":13452,"type":"hit"}
[client] {"a":3,"dup":false,"ev":"game","ms":226468,"predicted":false,"t":7,"tick":13452,"type":"hit"}
[client] {"a":7,"dup":false,"ev":"game","ms":226468,"predicted":false,"t":-1,"tick":13452,"type":"ko"}
[client] {"a":4,"dup":false,"ev":"game","ms":227999,"predicted":false,"t":5,"tick":13544,"type":"hit"}
[client] {"a":4,"dup":false,"ev":"game","ms":228310,"predicted":false,"t":5,"tick":13563,"type":"hit"}
[client] {"a":4,"dup":false,"ev":"game","ms":228628,"predicted":false,"t":5,"tick":13582,"type":"hit"}
[client] {"a":4,"dup":false,"ev":"game","ms":228684,"predicted":false,"t":8,"tick":13585,"type":"hit"}
[client] {"a":5,"dup":false,"ev":"game","ms":229200,"predicted":false,"t":4,"tick":13616,"type":"hit"}
[client] {"a":5,"dup":false,"ev":"game","ms":229228,"predicted":false,"t":3,"tick":13618,"type":"hit"}
[client] {"a":4,"dup":false,"ev":"game","ms":229600,"predicted":false,"t":5,"tick":13640,"type":"hit"}
[client] {"counts":{"blocks_on_me":0,"conf_actions":123,"confirmed_hits":653,"dup_confirmed":0,"hits_on_me":70,"pred_actions":134,"predicted_confirmed":41,"predicted_hits":116,"reconnects":0},"ev":"stats","hp":220.0,"in_bytes":3053737,"late":0,"local_entity":6,"match":{"countdown_until":300,"ctrl":-1,"final":false,"next":"","phase":3,"rot":1034,"scores":[21,1],"sd":false,"state":3,"tick":13366,"zone":"B"},"max_err":1.973,"mean_err":0.0214,"ms":229960,"out_bytes":669699,"pending":7,"pos":[-2.68,1.55],"reconciles":4502,"server_tick":13666,"snaps":4510,"teleports":8}
[client] {"a":5,"dup":false,"ev":"game","ms":229997,"predicted":false,"t":4,"tick":13664,"type":"hit"}
[client] {"a":4,"dup":false,"ev":"game","ms":230658,"predicted":false,"t":5,"tick":13704,"type":"block"}
[client] {"a":3,"dup":false,"ev":"game","ms":230692,"predicted":false,"t":5,"tick":13706,"type":"block"}
[client] {"a":8,"dup":false,"ev":"game","ms":230741,"predicted":false,"t":2,"tick":13709,"type":"hit"}
[client] {"a":6,"dup":true,"ev":"game","ms":230810,"predicted":false,"t":3,"tick":13718,"type":"hit"}
[client] {"a":6,"dup":true,"ev":"game","ms":231044,"predicted":false,"t":3,"tick":13732,"type":"hit"}
[client] {"a":6,"dup":true,"ev":"game","ms":231079,"predicted":false,"t":2,"tick":13734,"type":"hit"}
[client] {"a":4,"dup":false,"ev":"game","ms":231576,"predicted":false,"t":5,"tick":13759,"type":"hit"}
[client] {"a":4,"dup":false,"ev":"game","ms":231611,"predicted":false,"t":6,"tick":13761,"type":"hit"}
[client] {"a":0,"dup":false,"ev":"game","ms":231659,"predicted":false,"t":8,"tick":13764,"type":"hit"}
[client] {"a":4,"dup":false,"ev":"game","ms":231914,"predicted":false,"t":5,"tick":13779,"type":"hit"}
[client] {"a":3,"dup":false,"ev":"game","ms":231928,"predicted":false,"t":6,"tick":13780,"type":"hit"}
[client] {"a":2,"dup":false,"ev":"game","ms":232176,"predicted":false,"t":5,"tick":13795,"type":"hit"}
[client] {"a":4,"dup":false,"ev":"game","ms":232341,"predicted":false,"t":5,"tick":13805,"type":"hit"}
[client] {"a":8,"dup":false,"ev":"game","ms":232763,"predicted":false,"t":0,"tick":13831,"type":"hit"}
[client] {"a":5,"dup":false,"ev":"game","ms":232977,"predicted":false,"t":3,"tick":13844,"type":"hit"}
[client] {"a":6,"dup":true,"ev":"game","ms":232999,"predicted":false,"t":2,"tick":13850,"type":"hit"}
[client] {"a":8,"dup":false,"ev":"game","ms":233128,"predicted":false,"t":0,"tick":13852,"type":"hit"}
[client] {"a":4,"dup":false,"ev":"game","ms":233328,"predicted":false,"t":5,"tick":13864,"type":"hit"}
[client] {"a":8,"dup":false,"ev":"game","ms":233528,"predicted":false,"t":1,"tick":13876,"type":"hit"}
[client] {"a":4,"dup":false,"ev":"game","ms":233576,"predicted":false,"t":5,"tick":13880,"type":"hit"}
[client] {"a":6,"dup":true,"ev":"game","ms":234060,"predicted":false,"t":1,"tick":13913,"type":"hit"}
[client] {"a":6,"dup":true,"ev":"game","ms":234060,"predicted":false,"t":4,"tick":13913,"type":"hit"}
[client] {"a":4,"dup":false,"ev":"game","ms":234115,"predicted":false,"t":5,"tick":13911,"type":"hit"}
[client] {"a":6,"dup":true,"ev":"game","ms":234364,"predicted":false,"t":1,"tick":13932,"type":"hit"}
[client] {"a":9,"dup":false,"ev":"game","ms":234398,"predicted":false,"t":4,"tick":13929,"type":"hit"}
[client] {"a":6,"dup":true,"ev":"game","ms":234399,"predicted":false,"t":4,"tick":13933,"type":"hit"}
[client] {"a":9,"dup":false,"ev":"game","ms":234460,"predicted":false,"t":1,"tick":13932,"type":"hit"}
[client] {"a":4,"dup":false,"ev":"game","ms":234847,"predicted":false,"t":5,"tick":13955,"type":"hit"}
[client] {"counts":{"blocks_on_me":0,"conf_actions":130,"confirmed_hits":680,"dup_confirmed":0,"hits_on_me":72,"pred_actions":142,"predicted_confirmed":49,"predicted_hits":129,"reconnects":0},"ev":"stats","hp":164.0,"in_bytes":3134527,"late":0,"local_entity":6,"match":{"countdown_until":300,"ctrl":-1,"final":false,"next":"A","phase":3,"rot":734,"scores":[21,1],"sd":false,"state":3,"tick":13666,"zone":"B"},"max_err":1.973,"mean_err":0.0222,"ms":234963,"out_bytes":684399,"pending":7,"pos":[-2.95,-0.25],"reconciles":4602,"server_tick":13967,"snaps":4610,"teleports":8}
[client] {"a":2,"dup":false,"ev":"game","ms":235129,"predicted":false,"t":8,"tick":13972,"type":"hit"}
[client] {"a":5,"dup":false,"ev":"game","ms":235260,"predicted":false,"t":4,"tick":13980,"type":"hit"}
[client] {"a":9,"dup":false,"ev":"game","ms":235343,"predicted":false,"t":4,"tick":13985,"type":"hit"}
[client] {"a":2,"dup":false,"ev":"game","ms":235482,"predicted":false,"t":8,"tick":13993,"type":"hit"}
[client] {"a":0,"dup":false,"ev":"game","ms":235743,"predicted":false,"t":8,"tick":14009,"type":"hit"}
[client] {"a":8,"dup":false,"ev":"game","ms":236081,"predicted":false,"t":0,"tick":14029,"type":"hit"}
[client] {"a":2,"dup":false,"ev":"game","ms":236282,"predicted":false,"t":8,"tick":14041,"type":"hit"}
[client] {"a":5,"dup":false,"ev":"game","ms":236343,"predicted":false,"t":4,"tick":14045,"type":"hit"}
[client] {"a":4,"dup":false,"ev":"game","ms":236344,"predicted":false,"t":-1,"tick":14045,"type":"ko"}
[client] {"a":5,"dup":false,"ev":"game","ms":236364,"predicted":false,"t":3,"tick":14046,"type":"hit"}
[client] {"a":7,"dup":false,"ev":"game","ms":236461,"predicted":false,"t":-1,"tick":14052,"type":"respawn"}
[client] {"a":0,"dup":false,"ev":"game","ms":236530,"predicted":false,"t":8,"tick":14056,"type":"hit"}
[client] {"a":2,"dup":false,"ev":"game","ms":236599,"predicted":false,"t":8,"tick":14061,"type":"hit"}
[client] {"a":8,"dup":false,"ev":"game","ms":236979,"predicted":false,"t":0,"tick":14083,"type":"hit"}
[client] {"a":2,"dup":false,"ev":"game","ms":237247,"predicted":false,"t":8,"tick":14099,"type":"hit"}
[client] {"a":9,"dup":false,"ev":"game","ms":237379,"predicted":false,"t":1,"tick":14107,"type":"hit"}
[client] {"a":5,"dup":false,"ev":"game","ms":238083,"predicted":false,"t":3,"tick":14149,"type":"hit"}
[client] {"a":2,"dup":false,"ev":"game","ms":238531,"predicted":false,"t":5,"tick":14176,"type":"hit"}
[client] {"a":1,"dup":false,"ev":"game","ms":238614,"predicted":false,"t":5,"tick":14181,"type":"hit"}
[client] {"a":1,"dup":false,"ev":"game","ms":238614,"predicted":false,"t":9,"tick":14181,"type":"hit"}
[client] {"a":1,"dup":false,"ev":"game","ms":238635,"predicted":false,"t":6,"tick":14182,"type":"hit"}
[client] {"a":8,"dup":false,"ev":"game","ms":239718,"predicted":false,"t":3,"tick":14248,"type":"hit"}
[client] {"a":9,"dup":false,"ev":"game","ms":239732,"predicted":false,"t":1,"tick":14249,"type":"hit"}
[client] {"a":1,"dup":false,"ev":"game","ms":239732,"predicted":false,"t":-1,"tick":14249,"type":"ko"}
[client] {"counts":{"blocks_on_me":0,"conf_actions":135,"confirmed_hits":701,"dup_confirmed":0,"hits_on_me":73,"pred_actions":147,"predicted_confirmed":49,"predicted_hits":129,"reconnects":0},"ev":"stats","hp":126.0,"in_bytes":3207153,"late":0,"local_entity":6,"match":{"countdown_until":300,"ctrl":-1,"final":false,"next":"A","phase":3,"rot":431,"scores":[21,1],"sd":false,"state":3,"tick":13969,"zone":"B"},"max_err":1.973,"mean_err":0.0227,"ms":239965,"out_bytes":699099,"pending":7,"pos":[-2.63,-2.31],"reconciles":4702,"server_tick":14267,"snaps":4711,"teleports":8}
[client] {"a":9,"dup":false,"ev":"game","ms":240235,"predicted":false,"t":3,"tick":14279,"type":"hit"}
[client] {"a":5,"dup":false,"ev":"game","ms":240263,"predicted":false,"t":3,"tick":14281,"type":"hit"}
[client] {"a":6,"dup":true,"ev":"game","ms":240519,"predicted":false,"t":3,"tick":14301,"type":"hit"}
[client] {"a":2,"dup":false,"ev":"game","ms":240546,"predicted":false,"t":5,"tick":14298,"type":"hit"}
[client] {"a":5,"dup":false,"ev":"game","ms":240546,"predicted":false,"t":-1,"tick":14298,"type":"ko"}
[client] {"a":6,"dup":true,"ev":"game","ms":240580,"predicted":false,"t":2,"tick":14305,"type":"hit"}
[client] {"a":8,"dup":false,"ev":"game","ms":240635,"predicted":false,"t":0,"tick":14303,"type":"hit"}
[client] {"a":2,"dup":false,"ev":"game","ms":240663,"predicted":false,"t":-1,"tick":14305,"type":"ko"}
[client] {"a":6,"dup":true,"ev":"game","ms":241119,"predicted":false,"t":0,"tick":14337,"type":"hit"}
[client] {"a":9,"dup":false,"ev":"game","ms":241201,"predicted":false,"t":0,"tick":14337,"type":"hit"}
[client] {"a":0,"dup":false,"ev":"game","ms":241201,"predicted":false,"t":-1,"tick":14337,"type":"ko"}
[client] {"a":8,"dup":false,"ev":"game","ms":241216,"predicted":false,"t":3,"tick":14338,"type":"hit"}
[client] {"a":3,"dup":false,"ev":"game","ms":241216,"predicted":false,"t":-1,"tick":14338,"type":"ko"}
[client] {"counts":{"blocks_on_me":0,"conf_actions":137,"confirmed_hits":710,"dup_confirmed":0,"hits_on_me":73,"pred_actions":149,"predicted_confirmed":52,"predicted_hits":134,"reconnects":0},"ev":"stats","hp":126.0,"in_bytes":3263842,"late":0,"local_entity":6,"match":{"countdown_until":300,"ctrl":1,"final":false,"next":"A","phase":3,"rot":131,"scores":[21,4],"sd":false,"state":2,"tick":14269,"zone":"B"},"max_err":1.973,"mean_err":0.0234,"ms":244968,"out_bytes":713799,"pending":7,"pos":[-0.51,-2.98],"reconciles":4802,"server_tick":14567,"snaps":4811,"teleports":8}
[client] {"a":4,"dup":false,"ev":"game","ms":246335,"predicted":false,"t":-1,"tick":14645,"type":"respawn"}
[client] {"a":-1,"dup":false,"ev":"game","ms":247238,"predicted":false,"t":-1,"tick":14699,"type":"zone_rotated"}
[client] {"a":1,"dup":false,"ev":"game","ms":249750,"predicted":false,"t":-1,"tick":14849,"type":"respawn"}
[client] {"counts":{"blocks_on_me":0,"conf_actions":137,"confirmed_hits":710,"dup_confirmed":0,"hits_on_me":73,"pred_actions":149,"predicted_confirmed":52,"predicted_hits":134,"reconnects":0},"ev":"stats","hp":178.800000000002,"in_bytes":3311968,"late":0,"local_entity":6,"match":{"countdown_until":300,"ctrl":-1,"final":false,"next":"","phase":3,"rot":3434,"scores":[21,7],"sd":false,"state":1,"tick":14566,"zone":"A"},"max_err":1.973,"mean_err":0.0241,"ms":249963,"out_bytes":728499,"pending":7,"pos":[-17.83,-9.56],"reconciles":4902,"server_tick":14867,"snaps":4910,"teleports":8}
[client] {"a":5,"dup":false,"ev":"game","ms":250564,"predicted":false,"t":-1,"tick":14898,"type":"respawn"}
[client] {"a":2,"dup":false,"ev":"game","ms":250683,"predicted":false,"t":-1,"tick":14905,"type":"respawn"}
[client] {"a":0,"dup":false,"ev":"game","ms":251213,"predicted":false,"t":-1,"tick":14937,"type":"respawn"}
[client] {"a":3,"dup":false,"ev":"game","ms":251234,"predicted":false,"t":-1,"tick":14938,"type":"respawn"}
[client] {"counts":{"blocks_on_me":0,"conf_actions":137,"confirmed_hits":710,"dup_confirmed":0,"hits_on_me":73,"pred_actions":149,"predicted_confirmed":52,"predicted_hits":134,"reconnects":0},"ev":"stats","hp":220.0,"in_bytes":3368039,"late":0,"local_entity":6,"match":{"countdown_until":300,"ctrl":1,"final":false,"next":"","phase":3,"rot":3134,"scores":[21,9],"sd":false,"state":2,"tick":14866,"zone":"A"},"max_err":1.973,"mean_err":0.0238,"ms":254966,"out_bytes":743199,"pending":7,"pos":[-41.93,0.21],"reconciles":5002,"server_tick":15167,"snaps":5010,"teleports":8}
[client] {"a":4,"dup":false,"ev":"game","ms":258196,"predicted":false,"t":6,"tick":15356,"type":"hit"}
[client] {"a":4,"dup":false,"ev":"game","ms":258210,"predicted":false,"t":9,"tick":15357,"type":"hit"}
[client] {"a":8,"dup":false,"ev":"game","ms":258493,"predicted":false,"t":4,"tick":15374,"type":"hit"}
[client] {"a":9,"dup":false,"ev":"game","ms":258583,"predicted":false,"t":4,"tick":15379,"type":"hit"}
[client] {"a":4,"dup":false,"ev":"game","ms":259667,"predicted":false,"t":9,"tick":15444,"type":"hit"}
[client] {"a":4,"dup":false,"ev":"game","ms":259694,"predicted":false,"t":7,"tick":15446,"type":"hit"}
[client] {"a":4,"dup":false,"ev":"game","ms":259694,"predicted":false,"t":8,"tick":15446,"type":"block"}
[client] {"counts":{"blocks_on_me":0,"conf_actions":142,"confirmed_hits":716,"dup_confirmed":0,"hits_on_me":74,"pred_actions":154,"predicted_confirmed":52,"predicted_hits":134,"reconnects":0},"ev":"stats","hp":202.0,"in_bytes":3434657,"late":0,"local_entity":6,"match":{"countdown_until":300,"ctrl":-1,"final":false,"next":"","phase":3,"rot":2834,"scores":[21,10],"sd":false,"state":3,"tick":15166,"zone":"A"},"max_err":1.973,"mean_err":0.0237,"ms":259963,"out_bytes":757899,"pending":7,"pos":[-41.73,-0.38],"reconciles":5102,"server_tick":15467,"snaps":5110,"teleports":8}
[client] {"a":9,"dup":false,"ev":"game","ms":260613,"predicted":false,"t":4,"tick":15501,"type":"hit"}
[client] {"a":1,"dup":false,"ev":"game","ms":260647,"predicted":false,"t":7,"tick":15503,"type":"hit"}
[client] {"a":1,"dup":false,"ev":"game","ms":260964,"predicted":false,"t":7,"tick":15522,"type":"hit"}
[client] {"a":7,"dup":false,"ev":"game","ms":261316,"predicted":false,"t":1,"tick":15543,"type":"hit"}
[client] {"a":7,"dup":false,"ev":"game","ms":261647,"predicted":false,"t":1,"tick":15563,"type":"hit"}
[client] {"a":4,"dup":false,"ev":"game","ms":261895,"predicted":false,"t":6,"tick":15578,"type":"hit"}
[client] {"a":4,"dup":false,"ev":"game","ms":261930,"predicted":false,"t":9,"tick":15580,"type":"hit"}
[client] {"a":1,"dup":false,"ev":"game","ms":261999,"predicted":false,"t":7,"tick":15584,"type":"hit"}
[client] {"a":2,"dup":false,"ev":"game","ms":262234,"predicted":false,"t":7,"tick":15598,"type":"hit"}
[client] {"a":4,"dup":false,"ev":"game","ms":262234,"predicted":false,"t":6,"tick":15598,"type":"hit"}
[client] {"a":4,"dup":false,"ev":"game","ms":262269,"predicted":false,"t":9,"tick":15600,"type":"hit"}
[client] {"a":5,"dup":false,"ev":"game","ms":262413,"predicted":false,"t":1,"tick":15609,"type":"hit"}
[client] {"a":5,"dup":false,"ev":"game","ms":262413,"predicted":false,"t":2,"tick":15609,"type":"hit"}
[client] {"a":6,"dup":true,"ev":"game","ms":262496,"predicted":false,"t":4,"tick":15619,"type":"hit"}
[client] {"a":3,"dup":false,"ev":"game","ms":262517,"predicted":false,"t":5,"tick":15615,"type":"hit"}
[client] {"a":0,"dup":false,"ev":"game","ms":262588,"predicted":false,"t":9,"tick":15619,"type":"hit"}
[client] {"a":8,"dup":false,"ev":"game","ms":262965,"predicted":false,"t":4,"tick":15642,"type":"hit"}
[client] {"a":7,"dup":false,"ev":"game","ms":263614,"predicted":false,"t":1,"tick":15681,"type":"hit"}
[client] {"a":7,"dup":false,"ev":"game","ms":263917,"predicted":false,"t":1,"tick":15699,"type":"hit"}
[client] {"a":9,"dup":false,"ev":"game","ms":263986,"predicted":false,"t":0,"tick":15703,"type":"hit"}
[client] {"a":4,"dup":false,"ev":"game","ms":264132,"predicted":false,"t":9,"tick":15712,"type":"hit"}
[client] {"a":2,"dup":false,"ev":"game","ms":264152,"predicted":false,"t":7,"tick":15713,"type":"hit"}
[client] {"a":8,"dup":false,"ev":"game","ms":264235,"predicted":false,"t":4,"tick":15718,"type":"hit"}
[client] {"a":7,"dup":false,"ev":"game","ms":264483,"predicted":false,"t":2,"tick":15733,"type":"hit"}
[client] {"a":1,"dup":false,"ev":"game","ms":264587,"predicted":false,"t":7,"tick":15739,"type":"hit"}
[client] {"a":8,"dup":false,"ev":"game","ms":264635,"predicted":false,"t":4,"tick":15742,"type":"hit"}
[client] {"a":8,"dup":false,"ev":"game","ms":264648,"predicted":false,"t":0,"tick":15743,"type":"hit"}
[client] {"a":1,"dup":false,"ev":"game","ms":264683,"predicted":false,"t":9,"tick":15745,"type":"hit"}
[client] {"counts":{"blocks_on_me":0,"conf_actions":150,"confirmed_hits":744,"dup_confirmed":0,"hits_on_me":76,"pred_actions":162,"predicted_confirmed":53,"predicted_hits":138,"reconnects":0},"ev":"stats","hp":166.0,"in_bytes":3516156,"late":0,"local_entity":6,"match":{"countdown_until":300,"ctrl":-1,"final":false,"next":"","phase":3,"rot":2534,"scores":[21,10],"sd":false,"state":3,"tick":15466,"zone":"A"},"max_err":1.973,"mean_err":0.0239,"ms":264965,"out_bytes":772599,"pending":7,"pos":[-42.21,0.22],"reconciles":5202,"server_tick":15767,"snaps":5210,"teleports":8}
[client] {"a":4,"dup":false,"ev":"game","ms":265035,"predicted":false,"t":8,"tick":15766,"type":"hit"}
[client] {"a":3,"dup":false,"ev":"game","ms":265083,"predicted":false,"t":5,"tick":15769,"type":"hit"}
[client] {"a":6,"dup":true,"ev":"game","ms":265118,"predicted":false,"t":3,"tick":15776,"type":"hit"}
[client] {"a":2,"dup":false,"ev":"game","ms":265166,"predicted":false,"t":8,"tick":15774,"type":"hit"}
[client] {"a":0,"dup":false,"ev":"game","ms":265236,"predicted":false,"t":5,"tick":15778,"type":"hit"}
[client] {"a":0,"dup":false,"ev":"game","ms":265236,"predicted":false,"t":6,"tick":15778,"type":"hit"}
[client] {"a":0,"dup":false,"ev":"game","ms":265249,"predicted":false,"t":8,"tick":15779,"type":"hit"}
[client] {"a":7,"dup":false,"ev":"game","ms":265497,"predicted":false,"t":1,"tick":15794,"type":"hit"}
[client] {"a":7,"dup":false,"ev":"game","ms":265801,"predicted":false,"t":1,"tick":15812,"type":"hit"}
[client] {"a":3,"dup":false,"ev":"game","ms":265918,"predicted":false,"t":8,"tick":15819,"type":"hit"}
[client] {"a":3,"dup":false,"ev":"game","ms":265932,"predicted":false,"t":6,"tick":15820,"type":"hit"}
[client] {"a":7,"dup":false,"ev":"game","ms":266187,"predicted":false,"t":1,"tick":15835,"type":"hit"}
[client] {"a":9,"dup":false,"ev":"game","ms":266236,"predicted":false,"t":2,"tick":15838,"type":"hit"}
[client] {"a":9,"dup":false,"ev":"game","ms":266284,"predicted":false,"t":1,"tick":15841,"type":"hit"}
[client] {"a":5,"dup":false,"ev":"game","ms":266319,"predicted":false,"t":3,"tick":15843,"type":"hit"}
[client] {"a":5,"dup":false,"ev":"game","ms":266388,"predicted":false,"t":4,"tick":15847,"type":"hit"}
[client] {"a":0,"dup":false,"ev":"game","ms":266836,"predicted":false,"t":9,"tick":15874,"type":"hit"}
[client] {"a":0,"dup":false,"ev":"game","ms":266850,"predicted":false,"t":7,"tick":15875,"type":"hit"}
[client] {"a":6,"dup":true,"ev":"game","ms":267133,"predicted":false,"t":0,"tick":15897,"type":"hit"}
[client] {"a":8,"dup":false,"ev":"game","ms":267153,"predicted":false,"t":0,"tick":15893,"type":"hit"}
[client] {"a":3,"dup":false,"ev":"game","ms":267354,"predicted":false,"t":5,"tick":15905,"type":"hit"}
[client] {"a":8,"dup":false,"ev":"game","ms":267519,"predicted":false,"t":0,"tick":15915,"type":"hit"}
[client] {"a":3,"dup":false,"ev":"game","ms":267671,"predicted":false,"t":5,"tick":15924,"type":"block"}
[client] {"a":3,"dup":false,"ev":"game","ms":268002,"predicted":false,"t":5,"tick":15944,"type":"block"}
[client] {"a":1,"dup":false,"ev":"game","ms":268084,"predicted":false,"t":6,"tick":15949,"type":"hit"}
[client] {"a":1,"dup":false,"ev":"game","ms":268085,"predicted":false,"t":8,"tick":15949,"type":"hit"}
[client] {"a":4,"dup":false,"ev":"game","ms":268133,"predicted":false,"t":6,"tick":15952,"type":"hit"}
[client] {"a":4,"dup":false,"ev":"game","ms":268167,"predicted":false,"t":8,"tick":15954,"type":"hit"}
[client] {"a":0,"dup":false,"ev":"game","ms":268437,"predicted":false,"t":7,"tick":15970,"type":"hit"}
[client] {"a":4,"dup":false,"ev":"game","ms":268505,"predicted":false,"t":5,"tick":15974,"type":"block"}
[client] {"a":6,"dup":true,"ev":"game","ms":268589,"predicted":false,"t":1,"tick":15984,"type":"hit"}
[client] {"a":6,"dup":true,"ev":"game","ms":268637,"predicted":false,"t":4,"tick":15987,"type":"hit"}
[client] {"a":3,"dup":false,"ev":"game","ms":268789,"predicted":false,"t":5,"tick":15991,"type":"hit"}
[client] {"a":0,"dup":false,"ev":"game","ms":268995,"predicted":false,"t":9,"tick":16004,"type":"hit"}
[client] {"a":9,"dup":false,"ev":"game","ms":268995,"predicted":false,"t":-1,"tick":16004,"type":"ko"}
[client] {"a":3,"dup":false,"ev":"game","ms":269113,"predicted":false,"t":5,"tick":16011,"type":"hit"}
[client] {"a":6,"dup":true,"ev":"game","ms":269244,"predicted":false,"t":3,"tick":16024,"type":"hit"}
[client] {"a":6,"dup":true,"ev":"game","ms":269299,"predicted":false,"t":4,"tick":16027,"type":"hit"}
[client] {"a":7,"dup":false,"ev":"game","ms":269347,"predicted":false,"t":0,"tick":16025,"type":"hit"}
[client] {"a":4,"dup":false,"ev":"game","ms":269383,"predicted":false,"t":-1,"tick":16027,"type":"ko"}
[client] {"a":0,"dup":false,"ev":"game","ms":269747,"predicted":false,"t":7,"tick":16049,"type":"hit"}
[client] {"a":2,"dup":false,"ev":"game","ms":269796,"predicted":false,"t":6,"tick":16052,"type":"hit"}
[client] {"counts":{"blocks_on_me":0,"conf_actions":158,"confirmed_hits":781,"dup_confirmed":0,"hits_on_me":81,"pred_actions":170,"predicted_confirmed":59,"predicted_hits":151,"reconnects":0},"ev":"stats","hp":34.0,"in_bytes":3597653,"late":0,"local_entity":6,"match":{"countdown_until":300,"ctrl":-1,"final":false,"next":"","phase":3,"rot":2234,"scores":[21,10],"sd":false,"state":3,"tick":15766,"zone":"A"},"max_err":1.973,"mean_err":0.0246,"ms":269961,"out_bytes":787299,"pending":7,"pos":[-42.27,0.09],"reconciles":5302,"server_tick":16067,"snaps":5310,"teleports":8}
[client] {"a":0,"dup":false,"ev":"game","ms":270065,"predicted":false,"t":7,"tick":16068,"type":"hit"}
[client] {"a":2,"dup":false,"ev":"game","ms":270113,"predicted":false,"t":6,"tick":16071,"type":"hit"}
[client] {"a":8,"dup":false,"ev":"game","ms":270162,"predicted":false,"t":0,"tick":16074,"type":"hit"}
[client] {"a":6,"dup":false,"ev":"game","ms":270348,"predicted":false,"t":-1,"tick":16090,"type":"ko"}
[client] {"a":7,"dup":false,"ev":"game","ms":270382,"predicted":false,"t":1,"tick":16087,"type":"hit"}
[client] {"a":1,"dup":false,"ev":"game","ms":270382,"predicted":false,"t":-1,"tick":16087,"type":"ko"}
[client] {"a":3,"dup":false,"ev":"game","ms":270410,"predicted":false,"t":5,"tick":16089,"type":"hit"}
[client] {"a":2,"dup":false,"ev":"game","ms":270431,"predicted":false,"t":6,"tick":16090,"type":"hit"}
[client] {"a":8,"dup":false,"ev":"game","ms":271031,"predicted":false,"t":2,"tick":16126,"type":"hit"}
[client] {"a":8,"dup":false,"ev":"game","ms":271348,"predicted":false,"t":2,"tick":16145,"type":"hit"}
[client] {"a":3,"dup":false,"ev":"game","ms":271548,"predicted":false,"t":8,"tick":16157,"type":"hit"}
[client] {"a":3,"dup":false,"ev":"game","ms":272149,"predicted":false,"t":5,"tick":16193,"type":"hit"}
[client] {"a":2,"dup":false,"ev":"game","ms":272384,"predicted":false,"t":5,"tick":16207,"type":"hit"}
[client] {"a":7,"dup":false,"ev":"game","ms":272646,"predicted":false,"t":3,"tick":16223,"type":"hit"}
[client] {"a":0,"dup":false,"ev":"game","ms":272667,"predicted":false,"t":7,"tick":16224,"type":"hit"}
[client] {"a":7,"dup":false,"ev":"game","ms":272667,"predicted":false,"t":-1,"tick":16224,"type":"ko"}
[client] {"a":3,"dup":false,"ev":"game","ms":273046,"predicted":false,"t":5,"tick":16247,"type":"hit"}
[client] {"a":3,"dup":false,"ev":"game","ms":273384,"predicted":false,"t":5,"tick":16267,"type":"hit"}
[client] {"a":2,"dup":false,"ev":"game","ms":274033,"predicted":false,"t":8,"tick":16306,"type":"hit"}
[client] {"a":3,"dup":false,"ev":"game","ms":274033,"predicted":false,"t":5,"tick":16306,"type":"hit"}
[client] {"a":0,"dup":false,"ev":"game","ms":274419,"predicted":false,"t":5,"tick":16329,"type":"hit"}
[client] {"a":5,"dup":false,"ev":"game","ms":274419,"predicted":false,"t":-1,"tick":16329,"type":"ko"}
[client] {"counts":{"blocks_on_me":0,"conf_actions":159,"confirmed_hits":799,"dup_confirmed":0,"hits_on_me":83,"pred_actions":171,"predicted_confirmed":59,"predicted_hits":153,"reconnects":0},"ev":"stats","hp":0.0,"in_bytes":3664814,"late":0,"local_entity":6,"match":{"countdown_until":300,"ctrl":-1,"final":false,"next":"","phase":3,"rot":1934,"scores":[21,10],"sd":false,"state":3,"tick":16066,"zone":"A"},"max_err":1.973,"mean_err":0.0243,"ms":274963,"out_bytes":801999,"pending":7,"pos":[-42.43,0.3],"reconciles":5402,"server_tick":16367,"snaps":5410,"teleports":8}
[client] {"a":3,"dup":false,"ev":"game","ms":275247,"predicted":false,"t":8,"tick":16379,"type":"hit"}
[client] {"a":8,"dup":false,"ev":"game","ms":275247,"predicted":false,"t":-1,"tick":16379,"type":"ko"}
[client] {"a":9,"dup":false,"ev":"game","ms":278987,"predicted":false,"t":-1,"tick":16604,"type":"respawn"}
[client] {"a":4,"dup":false,"ev":"game","ms":279367,"predicted":false,"t":-1,"tick":16627,"type":"respawn"}
[client] {"counts":{"blocks_on_me":0,"conf_actions":159,"confirmed_hits":800,"dup_confirmed":0,"hits_on_me":83,"pred_actions":171,"predicted_confirmed":59,"predicted_hits":153,"reconnects":0},"ev":"stats","hp":0.0,"in_bytes":3715030,"late":0,"local_entity":6,"match":{"countdown_until":300,"ctrl":0,"final":false,"next":"","phase":3,"rot":1631,"scores":[25,10],"sd":false,"state":2,"tick":16369,"zone":"A"},"max_err":1.973,"mean_err":0.0239,"ms":279966,"out_bytes":816699,"pending":7,"pos":[-42.43,0.3],"reconciles":5502,"server_tick":16667,"snaps":5511,"teleports":8}
[client] {"a":6,"dup":false,"ev":"game","ms":280332,"predicted":false,"t":-1,"tick":16690,"type":"respawn"}
[client] {"a":1,"dup":false,"ev":"game","ms":280367,"predicted":false,"t":-1,"tick":16687,"type":"respawn"}
[client] {"a":7,"dup":false,"ev":"game","ms":282664,"predicted":false,"t":-1,"tick":16824,"type":"respawn"}
[client] {"a":5,"dup":false,"ev":"game","ms":284417,"predicted":false,"t":-1,"tick":16929,"type":"respawn"}
[client] {"counts":{"blocks_on_me":0,"conf_actions":159,"confirmed_hits":800,"dup_confirmed":0,"hits_on_me":83,"pred_actions":171,"predicted_confirmed":59,"predicted_hits":153,"reconnects":0},"ev":"stats","hp":220.0,"in_bytes":3763941,"late":0,"local_entity":6,"match":{"countdown_until":300,"ctrl":0,"final":false,"next":"","phase":3,"rot":1334,"scores":[30,10],"sd":false,"state":2,"tick":16666,"zone":"A"},"max_err":1.973,"mean_err":0.0234,"ms":284961,"out_bytes":831399,"pending":7,"pos":[-5.18,19.11],"reconciles":5601,"server_tick":16967,"snaps":5610,"teleports":9}
[client] {"a":8,"dup":false,"ev":"game","ms":285245,"predicted":false,"t":-1,"tick":16979,"type":"respawn"}
[client] {"a":9,"dup":false,"ev":"game","ms":289861,"predicted":false,"t":2,"tick":17256,"type":"parry"}
[client] {"counts":{"blocks_on_me":0,"conf_actions":159,"confirmed_hits":800,"dup_confirmed":0,"hits_on_me":83,"pred_actions":171,"predicted_confirmed":59,"predicted_hits":153,"reconnects":0},"ev":"stats","hp":220.0,"in_bytes":3824876,"late":0,"local_entity":6,"match":{"countdown_until":300,"ctrl":-1,"final":false,"next":"","phase":3,"rot":1034,"scores":[34,10],"sd":false,"state":3,"tick":16966,"zone":"A"},"max_err":1.973,"mean_err":0.023,"ms":289957,"out_bytes":846099,"pending":7,"pos":[-37.05,2.94],"reconciles":5700,"server_tick":17267,"snaps":5709,"teleports":9}
[client] {"a":9,"dup":false,"ev":"game","ms":290613,"predicted":false,"t":1,"tick":17301,"type":"hit"}
[client] {"a":2,"dup":false,"ev":"game","ms":290814,"predicted":false,"t":9,"tick":17313,"type":"hit"}
[client] {"a":2,"dup":false,"ev":"game","ms":291393,"predicted":false,"t":6,"tick":17348,"type":"hit"}
[client] {"a":1,"dup":false,"ev":"game","ms":291559,"predicted":false,"t":9,"tick":17358,"type":"hit"}
[client] {"a":2,"dup":false,"ev":"game","ms":291793,"predicted":false,"t":6,"tick":17372,"type":"hit"}
[client] {"a":1,"dup":false,"ev":"game","ms":291876,"predicted":false,"t":9,"tick":17377,"type":"hit"}
[client] {"a":6,"dup":true,"ev":"game","ms":292062,"predicted":false,"t":2,"tick":17393,"type":"hit"}
[client] {"a":3,"dup":false,"ev":"game","ms":292464,"predicted":false,"t":6,"tick":17412,"type":"hit"}
[client] {"a":2,"dup":false,"ev":"game","ms":292510,"predicted":false,"t":6,"tick":17415,"type":"hit"}
[client] {"a":9,"dup":false,"ev":"game","ms":292531,"predicted":false,"t":1,"tick":17416,"type":"hit"}
[client] {"a":3,"dup":false,"ev":"game","ms":292829,"predicted":false,"t":6,"tick":17434,"type":"hit"}
[client] {"a":7,"dup":false,"ev":"game","ms":292980,"predicted":false,"t":1,"tick":17443,"type":"hit"}
[client] {"a":2,"dup":false,"ev":"game","ms":293265,"predicted":false,"t":6,"tick":17460,"type":"hit"}
[client] {"a":9,"dup":false,"ev":"game","ms":294098,"predicted":false,"t":1,"tick":17510,"type":"hit"}
[client] {"a":9,"dup":false,"ev":"game","ms":294146,"predicted":false,"t":2,"tick":17513,"type":"hit"}
[client] {"a":6,"dup":false,"ev":"game","ms":294215,"predicted":false,"t":2,"tick":17522,"type":"hit"}
[client] {"a":1,"dup":false,"ev":"game","ms":294912,"predicted":false,"t":6,"tick":17559,"type":"hit"}
[client] {"counts":{"blocks_on_me":0,"conf_actions":167,"confirmed_hits":817,"dup_confirmed":0,"hits_on_me":90,"pred_actions":182,"predicted_confirmed":60,"predicted_hits":155,"reconnects":0},"ev":"stats","hp":74.0,"in_bytes":3897755,"late":0,"local_entity":6,"match":{"countdown_until":300,"ctrl":-1,"final":false,"next":"C","phase":3,"rot":734,"scores":[34,10],"sd":false,"state":3,"tick":17266,"zone":"A"},"max_err":1.973,"mean_err":0.0235,"ms":294959,"out_bytes":860799,"pending":7,"pos":[-36.39,1.11],"reconciles":5799,"server_tick":17567,"snaps":5808,"teleports":9}
[client] {"a":5,"dup":false,"ev":"game","ms":294960,"predicted":false,"t":2,"tick":17562,"type":"hit"}
[client] {"a":1,"dup":false,"ev":"game","ms":295229,"predicted":false,"t":6,"tick":17578,"type":"hit"}
[client] {"a":4,"dup":false,"ev":"game","ms":295278,"predicted":false,"t":9,"tick":17581,"type":"hit"}
[client] {"a":7,"dup":false,"ev":"game","ms":295346,"predicted":false,"t":2,"tick":17585,"type":"hit"}
[client] {"a":5,"dup":false,"ev":"game","ms":295429,"predicted":false,"t":2,"tick":17590,"type":"hit"}
[client] {"a":1,"dup":false,"ev":"game","ms":295569,"predicted":false,"t":6,"tick":17598,"type":"hit"}
[client] {"a":6,"dup":true,"ev":"game","ms":296251,"predicted":false,"t":1,"tick":17645,"type":"hit"}
[client] {"a":7,"dup":false,"ev":"game","ms":296368,"predicted":false,"t":1,"tick":17646,"type":"hit"}
[client] {"a":4,"dup":false,"ev":"game","ms":296396,"predicted":false,"t":9,"tick":17648,"type":"hit"}
[client] {"a":5,"dup":false,"ev":"game","ms":296499,"predicted":false,"t":2,"tick":17654,"type":"hit"}
[client] {"a":5,"dup":false,"ev":"game","ms":296534,"predicted":false,"t":3,"tick":17656,"type":"hit"}
[client] {"a":0,"dup":false,"ev":"game","ms":296651,"predicted":false,"t":8,"tick":17664,"type":"hit"}
[client] {"a":4,"dup":false,"ev":"game","ms":296734,"predicted":false,"t":9,"tick":17668,"type":"hit"}
[client] {"a":0,"dup":false,"ev":"game","ms":297299,"predicted":false,"t":8,"tick":17702,"type":"hit"}
[client] {"a":6,"dup":true,"ev":"game","ms":297299,"predicted":false,"t":1,"tick":17707,"type":"hit"}
[client] {"a":4,"dup":false,"ev":"game","ms":297347,"predicted":false,"t":9,"tick":17705,"type":"hit"}
[client] {"a":4,"dup":false,"ev":"game","ms":297547,"predicted":false,"t":9,"tick":17717,"type":"hit"}
[client] {"a":3,"dup":false,"ev":"game","ms":297865,"predicted":false,"t":8,"tick":17737,"type":"hit"}
[client] {"a":0,"dup":false,"ev":"game","ms":298052,"predicted":false,"t":5,"tick":17748,"type":"hit"}
[client] {"a":4,"dup":false,"ev":"game","ms":298417,"predicted":false,"t":9,"tick":17770,"type":"hit"}
[client] {"a":5,"dup":false,"ev":"game","ms":298714,"predicted":false,"t":0,"tick":17787,"type":"hit"}
[client] {"a":4,"dup":false,"ev":"game","ms":298735,"predicted":false,"t":9,"tick":17788,"type":"hit"}
[client] {"a":8,"dup":false,"ev":"game","ms":299114,"predicted":false,"t":0,"tick":17811,"type":"hit"}
[client] {"a":2,"dup":false,"ev":"game","ms":299148,"predicted":false,"t":5,"tick":17813,"type":"hit"}
[client] {"a":6,"dup":true,"ev":"game","ms":299169,"predicted":false,"t":3,"tick":17819,"type":"hit"}
[client] {"a":5,"dup":false,"ev":"game","ms":299507,"predicted":false,"t":3,"tick":17835,"type":"hit"}
[client] {"a":1,"dup":false,"ev":"game","ms":299563,"predicted":false,"t":7,"tick":17838,"type":"hit"}
[client] {"a":6,"dup":true,"ev":"game","ms":299590,"predicted":false,"t":0,"tick":17845,"type":"hit"}
[client] {"a":5,"dup":false,"ev":"game","ms":299845,"predicted":false,"t":2,"tick":17855,"type":"hit"}
[client] {"a":5,"dup":false,"ev":"game","ms":299845,"predicted":false,"t":3,"tick":17855,"type":"hit"}
[client] {"counts":{"blocks_on_me":0,"conf_actions":175,"confirmed_hits":847,"dup_confirmed":0,"hits_on_me":92,"pred_actions":189,"predicted_confirmed":64,"predicted_hits":165,"reconnects":0},"ev":"stats","hp":38.0,"in_bytes":3977429,"late":0,"local_entity":6,"match":{"countdown_until":300,"ctrl":-1,"final":false,"next":"C","phase":3,"rot":434,"scores":[34,10],"sd":false,"state":3,"tick":17566,"zone":"A"},"max_err":1.973,"mean_err":0.0235,"ms":299962,"out_bytes":875499,"pending":7,"pos":[-40.65,0.82],"reconciles":5899,"server_tick":17867,"snaps":5908,"teleports":9}
[client] {"a":0,"dup":false,"ev":"game","ms":300025,"predicted":false,"t":6,"tick":17866,"type":"hit"}
[client] {"a":5,"dup":false,"ev":"game","ms":300177,"predicted":false,"t":2,"tick":17875,"type":"hit"}
[client] {"a":5,"dup":false,"ev":"game","ms":300177,"predicted":false,"t":3,"tick":17875,"type":"hit"}
[client] {"a":1,"dup":false,"ev":"game","ms":300211,"predicted":false,"t":7,"tick":17877,"type":"hit"}
[client] {"a":8,"dup":false,"ev":"game","ms":300307,"predicted":false,"t":3,"tick":17883,"type":"hit"}
[client] {"a":9,"dup":false,"ev":"game","ms":300308,"predicted":false,"t":1,"tick":17883,"type":"hit"}
[client] {"a":1,"dup":false,"ev":"game","ms":300308,"predicted":false,"t":-1,"tick":17883,"type":"ko"}
[client] {"a":8,"dup":false,"ev":"game","ms":300329,"predicted":false,"t":2,"tick":17884,"type":"hit"}
[client] {"a":8,"dup":false,"ev":"game","ms":300542,"predicted":false,"t":2,"tick":17897,"type":"hit"}
[client] {"a":6,"dup":true,"ev":"game","ms":300591,"predicted":false,"t":0,"tick":17905,"type":"hit"}
[client] {"a":7,"dup":false,"ev":"game","ms":300626,"predicted":false,"t":2,"tick":17902,"type":"hit"}
[client] {"a":7,"dup":false,"ev":"game","ms":300646,"predicted":false,"t":3,"tick":17903,"type":"hit"}
[client] {"a":8,"dup":false,"ev":"game","ms":301061,"predicted":false,"t":2,"tick":17928,"type":"hit"}
[client] {"a":7,"dup":false,"ev":"game","ms":301177,"predicted":false,"t":2,"tick":17935,"type":"hit"}
[client] {"a":2,"dup":false,"ev":"game","ms":301177,"predicted":false,"t":-1,"tick":17935,"type":"ko"}
[client] {"a":6,"dup":true,"ev":"game","ms":301494,"predicted":false,"t":4,"tick":17959,"type":"hit"}
[client] {"a":0,"dup":false,"ev":"game","ms":301661,"predicted":false,"t":6,"tick":17964,"type":"hit"}
[client] {"a":8,"dup":false,"ev":"game","ms":301743,"predicted":false,"t":4,"tick":17969,"type":"hit"}
[client] {"a":6,"dup":true,"ev":"game","ms":301963,"predicted":false,"t":0,"tick":17987,"type":"hit"}
[client] {"a":3,"dup":false,"ev":"game","ms":302060,"predicted":false,"t":8,"tick":17988,"type":"hit"}
[client] {"a":6,"dup":true,"ev":"game","ms":302261,"predicted":false,"t":0,"tick":18005,"type":"hit"}
[client] {"a":3,"dup":false,"ev":"game","ms":302412,"predicted":false,"t":8,"tick":18009,"type":"hit"}
[client] {"a":6,"dup":true,"ev":"game","ms":302579,"predicted":false,"t":0,"tick":18024,"type":"hit"}
[client] {"a":7,"dup":false,"ev":"game","ms":302730,"predicted":false,"t":3,"tick":18028,"type":"hit"}
[client] {"a":8,"dup":false,"ev":"game","ms":302778,"predicted":false,"t":3,"tick":18031,"type":"hit"}
[client] {"a":3,"dup":false,"ev":"game","ms":303247,"predicted":false,"t":7,"tick":18059,"type":"hit"}
[client] {"a":3,"dup":false,"ev":"game","ms":303291,"predicted":false,"t":5,"tick":18061,"type":"block"}
[client] {"a":8,"dup":false,"ev":"game","ms":303346,"predicted":false,"t":3,"tick":18065,"type":"hit"}
[client] {"a":6,"dup":true,"ev":"game","ms":303450,"predicted":false,"t":0,"tick":18076,"type":"hit"}
[client] {"a":4,"dup":false,"ev":"game","ms":303684,"predicted":false,"t":5,"tick":18085,"type":"block"}
[client] {"a":3,"dup":false,"ev":"game","ms":303714,"predicted":false,"t":5,"tick":18087,"type":"block"}
[client] {"a":9,"dup":false,"ev":"game","ms":303794,"predicted":false,"t":3,"tick":18092,"type":"hit"}
[client] {"a":8,"dup":false,"ev":"game","ms":303980,"predicted":false,"t":3,"tick":18103,"type":"hit"}
[client] {"a":7,"dup":false,"ev":"game","ms":304216,"predicted":false,"t":3,"tick":18117,"type":"hit"}
[client] {"a":7,"dup":false,"ev":"game","ms":304264,"predicted":false,"t":4,"tick":18120,"type":"hit"}
[client] {"a":6,"dup":true,"ev":"game","ms":304486,"predicted":false,"t":0,"tick":18138,"type":"hit"}
[client] {"a":7,"dup":false,"ev":"game","ms":304533,"predicted":false,"t":3,"tick":18136,"type":"hit"}
[client] {"a":3,"dup":false,"ev":"game","ms":304533,"predicted":false,"t":-1,"tick":18136,"type":"ko"}
[client] {"a":0,"dup":false,"ev":"game","ms":304570,"predicted":false,"t":-1,"tick":18138,"type":"ko"}
[client] {"counts":{"blocks_on_me":0,"conf_actions":184,"confirmed_hits":879,"dup_confirmed":0,"hits_on_me":94,"pred_actions":198,"predicted_confirmed":71,"predicted_hits":181,"reconnects":0},"ev":"stats","hp":2.0,"in_bytes":4055509,"late":0,"local_entity":6,"match":{"countdown_until":300,"ctrl":-1,"final":false,"next":"C","phase":3,"rot":131,"scores":[34,10],"sd":false,"state":3,"tick":17869,"zone":"A"},"max_err":1.973,"mean_err":0.0234,"ms":304966,"out_bytes":890199,"pending":7,"pos":[-42.17,3.4],"reconciles":5999,"server_tick":18167,"snaps":6009,"teleports":9}
[client] {"a":6,"dup":true,"ev":"game","ms":305533,"predicted":false,"t":4,"tick":18201,"type":"hit"}
[client] {"a":6,"dup":true,"ev":"game","ms":305857,"predicted":false,"t":4,"tick":18221,"type":"hit"}
[client] {"a":6,"dup":false,"ev":"game","ms":306244,"predicted":false,"t":-1,"tick":18243,"type":"ko"}
[client] {"a":4,"dup":false,"ev":"game","ms":306306,"predicted":false,"t":6,"tick":18243,"type":"hit"}
[client] {"a":4,"dup":false,"ev":"game","ms":307244,"predicted":false,"t":8,"tick":18299,"type":"hit"}
[client] {"a":-1,"dup":false,"ev":"game","ms":307244,"predicted":false,"t":-1,"tick":18299,"type":"zone_rotated"}
[client] {"a":5,"dup":false,"ev":"game","ms":307879,"predicted":false,"t":4,"tick":18337,"type":"hit"}
[client] {"a":7,"dup":false,"ev":"game","ms":309445,"predicted":false,"t":4,"tick":18431,"type":"hit"}
[client] {"a":7,"dup":false,"ev":"game","ms":309763,"predicted":false,"t":4,"tick":18450,"type":"hit"}
[client] {"counts":{"blocks_on_me":0,"conf_actions":186,"confirmed_hits":886,"dup_confirmed":0,"hits_on_me":95,"pred_actions":201,"predicted_confirmed":73,"predicted_hits":185,"reconnects":0},"ev":"stats","hp":0.0,"in_bytes":4110426,"late":0,"local_entity":6,"match":{"countdown_until":300,"ctrl":-1,"final":false,"next":"","phase":3,"rot":3434,"scores":[34,10],"sd":false,"state":1,"tick":18166,"zone":"C"},"max_err":1.973,"mean_err":0.023,"ms":309962,"out_bytes":904899,"pending":7,"pos":[-43.2,2.92],"reconciles":6099,"server_tick":18466,"snaps":6108,"teleports":9}
[client] {"a":1,"dup":false,"ev":"game","ms":310307,"predicted":false,"t":-1,"tick":18483,"type":"respawn"}
[client] {"a":7,"dup":false,"ev":"game","ms":310597,"predicted":false,"t":4,"tick":18500,"type":"hit"}
[client] {"a":7,"dup":false,"ev":"game","ms":311094,"predicted":false,"t":4,"tick":18530,"type":"hit"}
[client] {"a":2,"dup":false,"ev":"game","ms":311177,"predicted":false,"t":-1,"tick":18535,"type":"respawn"}
[client] {"a":7,"dup":false,"ev":"game","ms":311743,"predicted":false,"t":4,"tick":18569,"type":"hit"}
[client] {"a":4,"dup":false,"ev":"game","ms":311743,"predicted":false,"t":-1,"tick":18569,"type":"ko"}
[client] {"a":3,"dup":false,"ev":"game","ms":314530,"predicted":false,"t":-1,"tick":18736,"type":"respawn"}
[client] {"a":0,"dup":false,"ev":"game","ms":314565,"predicted":false,"t":-1,"tick":18738,"type":"respawn"}
[client] {"counts":{"blocks_on_me":0,"conf_actions":186,"confirmed_hits":889,"dup_confirmed":0,"hits_on_me":95,"pred_actions":201,"predicted_confirmed":73,"predicted_hits":185,"reconnects":0},"ev":"stats","hp":0.0,"in_bytes":4163398,"late":0,"local_entity":6,"match":{"countdown_until":300,"ctrl":-1,"final":false,"next":"","phase":3,"rot":3134,"scores":[34,10],"sd":false,"state":1,"tick":18466,"zone":"C"},"max_err":1.973,"mean_err":0.0227,"ms":314964,"out_bytes":919599,"pending":7,"pos":[-43.2,2.92],"reconciles":6199,"server_tick":18766,"snaps":6208,"teleports":9}
[client] {"a":6,"dup":false,"ev":"game","ms":316228,"predicted":false,"t":-1,"tick":18843,"type":"respawn"}
[client] {"counts":{"blocks_on_me":0,"conf_actions":186,"confirmed_hits":889,"dup_confirmed":0,"hits_on_me":95,"pred_actions":201,"predicted_confirmed":73,"predicted_hits":185,"reconnects":0},"ev":"stats","hp":220.0,"in_bytes":4218647,"late":0,"local_entity":6,"match":{"countdown_until":300,"ctrl":-1,"final":false,"next":"","phase":3,"rot":2831,"scores":[34,10],"sd":false,"state":3,"tick":18769,"zone":"C"},"max_err":1.973,"mean_err":0.0223,"ms":319967,"out_bytes":934299,"pending":7,"pos":[1.38,23.52],"reconciles":6298,"server_tick":19067,"snaps":6309,"teleports":10}
[client] {"a":1,"dup":false,"ev":"game","ms":320601,"predicted":false,"t":8,"tick":19100,"type":"hit"}
[client] {"a":2,"dup":false,"ev":"game","ms":321086,"predicted":false,"t":8,"tick":19129,"type":"hit"}
[client] {"a":1,"dup":false,"ev":"game","ms":321649,"predicted":false,"t":9,"tick":19163,"type":"hit"}
[client] {"a":5,"dup":false,"ev":"game","ms":321718,"predicted":false,"t":2,"tick":19167,"type":"hit"}
[client] {"a":4,"dup":false,"ev":"game","ms":321745,"predicted":false,"t":-1,"tick":19169,"type":"respawn"}
[client] {"a":1,"dup":false,"ev":"game","ms":321980,"predicted":false,"t":9,"tick":19183,"type":"hit"}
[client] {"a":8,"dup":false,"ev":"game","ms":322498,"predicted":false,"t":1,"tick":19214,"type":"hit"}
[client] {"a":9,"dup":false,"ev":"game","ms":322650,"predicted":false,"t":2,"tick":19223,"type":"hit"}
[client] {"a":9,"dup":false,"ev":"game","ms":322698,"predicted":false,"t":1,"tick":19226,"type":"hit"}
[client] {"a":8,"dup":false,"ev":"game","ms":322815,"predicted":false,"t":1,"tick":19233,"type":"hit"}
[client] {"a":8,"dup":false,"ev":"game","ms":322830,"predicted":false,"t":2,"tick":19234,"type":"hit"}
[client] {"a":1,"dup":false,"ev":"game","ms":323464,"predicted":false,"t":5,"tick":19272,"type":"hit"}
[client] {"a":1,"dup":false,"ev":"game","ms":323464,"predicted":false,"t":8,"tick":19272,"type":"hit"}
[client] {"a":9,"dup":false,"ev":"game","ms":323498,"predicted":false,"t":2,"tick":19274,"type":"hit"}
[client] {"a":2,"dup":false,"ev":"game","ms":324464,"predicted":false,"t":9,"tick":19332,"type":"hit"}
[client] {"a":1,"dup":false,"ev":"game","ms":324520,"predicted":false,"t":9,"tick":19335,"type":"hit"}
[client] {"a":2,"dup":false,"ev":"game","ms":324816,"predicted":false,"t":9,"tick":19354,"type":"hit"}
[client] {"a":1,"dup":false,"ev":"game","ms":324864,"predicted":false,"t":9,"tick":19356,"type":"hit"}
[client] {"counts":{"blocks_on_me":0,"conf_actions":186,"confirmed_hits":906,"dup_confirmed":0,"hits_on_me":95,"pred_actions":201,"predicted_confirmed":73,"predicted_hits":185,"reconnects":0},"ev":"stats","hp":220.0,"in_bytes":4283609,"late":0,"local_entity":6,"match":{"countdown_until":300,"ctrl":-1,"final":false,"next":"","phase":3,"rot":2531,"scores":[34,10],"sd":false,"state":3,"tick":19069,"zone":"C"},"max_err":1.973,"mean_err":0.022,"ms":324967,"out_bytes":948999,"pending":7,"pos":[31.36,6.55],"reconciles":6393,"server_tick":19367,"snaps":6406,"teleports":10}
[client] {"a":9,"dup":false,"ev":"game","ms":325203,"predicted":false,"t":1,"tick":19377,"type":"hit"}
[client] {"a":9,"dup":false,"ev":"game","ms":325217,"predicted":false,"t":2,"tick":19378,"type":"hit"}
[client] {"a":8,"dup":false,"ev":"game","ms":325533,"predicted":false,"t":1,"tick":19397,"type":"hit"}
[client] {"a":9,"dup":false,"ev":"game","ms":325665,"predicted":false,"t":1,"tick":19404,"type":"hit"}
[client] {"a":9,"dup":false,"ev":"game","ms":325665,"predicted":false,"t":2,"tick":19404,"type":"hit"}
[client] {"a":8,"dup":false,"ev":"game","ms":325782,"predicted":false,"t":1,"tick":19412,"type":"hit"}
[client] {"a":2,"dup":false,"ev":"game","ms":325969,"predicted":false,"t":9,"tick":19423,"type":"hit"}
[client] {"a":5,"dup":false,"ev":"game","ms":325969,"predicted":false,"t":0,"tick":19423,"type":"hit"}
[client] {"a":3,"dup":false,"ev":"game","ms":326065,"predicted":false,"t":5,"tick":19428,"type":"hit"}
[client] {"a":2,"dup":false,"ev":"game","ms":326334,"predicted":false,"t":9,"tick":19444,"type":"hit"}
[client] {"a":5,"dup":false,"ev":"game","ms":326569,"predicted":false,"t":3,"tick":19459,"type":"hit"}
[client] {"a":0,"dup":false,"ev":"game","ms":326604,"predicted":false,"t":6,"tick":19461,"type":"hit"}
[client] {"a":9,"dup":false,"ev":"game","ms":326686,"predicted":false,"t":2,"tick":19465,"type":"hit"}
[client] {"a":8,"dup":false,"ev":"game","ms":326700,"predicted":false,"t":2,"tick":19466,"type":"hit"}
[client] {"a":9,"dup":false,"ev":"game","ms":326700,"predicted":false,"t":1,"tick":19466,"type":"hit"}
[client] {"a":5,"dup":false,"ev":"game","ms":326935,"predicted":false,"t":3,"tick":19480,"type":"hit"}
[client] {"a":0,"dup":false,"ev":"game","ms":326948,"predicted":false,"t":6,"tick":19481,"type":"hit"}
[client] {"a":2,"dup":false,"ev":"game","ms":327087,"predicted":false,"t":9,"tick":19489,"type":"hit"}
[client] {"a":0,"dup":false,"ev":"game","ms":327252,"predicted":false,"t":6,"tick":19499,"type":"hit"}
[client] {"a":3,"dup":false,"ev":"game","ms":327300,"predicted":false,"t":5,"tick":19502,"type":"hit"}
[client] {"a":9,"dup":false,"ev":"game","ms":327466,"predicted":false,"t":2,"tick":19512,"type":"hit"}
[client] {"a":7,"dup":false,"ev":"game","ms":327521,"predicted":false,"t":2,"tick":19515,"type":"hit"}
[client] {"a":3,"dup":false,"ev":"game","ms":327617,"predicted":false,"t":5,"tick":19522,"type":"hit"}
[client] {"a":8,"dup":false,"ev":"game","ms":327748,"predicted":false,"t":1,"tick":19529,"type":"hit"}
[client] {"a":0,"dup":false,"ev":"game","ms":327852,"predicted":false,"t":6,"tick":19535,"type":"hit"}
[client] {"a":5,"dup":false,"ev":"game","ms":328287,"predicted":false,"t":3,"tick":19561,"type":"hit"}
[client] {"a":7,"dup":false,"ev":"game","ms":328487,"predicted":false,"t":2,"tick":19573,"type":"hit"}
[client] {"a":2,"dup":false,"ev":"game","ms":328487,"predicted":false,"t":-1,"tick":19573,"type":"ko"}
[client] {"a":9,"dup":false,"ev":"game","ms":328521,"predicted":false,"t":1,"tick":19575,"type":"hit"}
[client] {"a":1,"dup":false,"ev":"game","ms":328522,"predicted":false,"t":-1,"tick":19575,"type":"ko"}
[client] {"a":0,"dup":false,"ev":"game","ms":328972,"predicted":false,"t":6,"tick":19603,"type":"hit"}
[client] {"a":3,"dup":false,"ev":"game","ms":329247,"predicted":false,"t":5,"tick":19619,"type":"hit"}
[client] {"a":6,"dup":true,"ev":"game","ms":329260,"predicted":false,"t":0,"tick":19625,"type":"hit"}
[client] {"a":6,"dup":true,"ev":"game","ms":329598,"predicted":false,"t":0,"tick":19645,"type":"hit"}
[client] {"counts":{"blocks_on_me":0,"conf_actions":195,"confirmed_hits":938,"dup_confirmed":0,"hits_on_me":100,"pred_actions":210,"predicted_confirmed":75,"predicted_hits":192,"reconnects":0},"ev":"stats","hp":128.0,"in_bytes":4358181,"late":0,"local_entity":6,"match":{"countdown_until":300,"ctrl":-1,"final":false,"next":"","phase":3,"rot":2234,"scores":[34,10],"sd":false,"state":3,"tick":19366,"zone":"C"},"max_err":1.973,"mean_err":0.0223,"ms":329963,"out_bytes":963699,"pending":7,"pos":[41.34,-1.33],"reconciles":6493,"server_tick":19667,"snaps":6505,"teleports":10}
[client] {"a":6,"dup":true,"ev":"game","ms":330199,"predicted":false,"t":3,"tick":19681,"type":"hit"}
[client] {"a":6,"dup":true,"ev":"game","ms":330613,"predicted":false,"t":3,"tick":19706,"type":"hit"}
[client] {"a":8,"dup":false,"ev":"game","ms":330696,"predicted":false,"t":3,"tick":19706,"type":"hit"}
[client] {"a":9,"dup":false,"ev":"game","ms":330850,"predicted":false,"t":3,"tick":19715,"type":"hit"}
[client] {"a":0,"dup":false,"ev":"game","ms":331261,"predicted":false,"t":5,"tick":19740,"type":"hit"}
[client] {"a":0,"dup":false,"ev":"game","ms":331282,"predicted":false,"t":8,"tick":19741,"type":"hit"}
[client] {"a":5,"dup":false,"ev":"game","ms":331636,"predicted":false,"t":0,"tick":19762,"type":"hit"}
[client] {"a":8,"dup":false,"ev":"game","ms":331662,"predicted":false,"t":0,"tick":19764,"type":"hit"}
[client] {"a":4,"dup":false,"ev":"game","ms":331861,"predicted":false,"t":6,"tick":19776,"type":"hit"}
[client] {"a":5,"dup":false,"ev":"game","ms":332448,"predicted":false,"t":0,"tick":19811,"type":"hit"}
[client] {"a":4,"dup":false,"ev":"game","ms":332517,"predicted":false,"t":6,"tick":19815,"type":"hit"}
[client] {"a":5,"dup":false,"ev":"game","ms":333299,"predicted":false,"t":0,"tick":19862,"type":"hit"}
[client] {"a":0,"dup":false,"ev":"game","ms":333766,"predicted":false,"t":5,"tick":19890,"type":"hit"}
[client] {"a":3,"dup":false,"ev":"game","ms":334297,"predicted":false,"t":5,"tick":19922,"type":"hit"}
[client] {"a":4,"dup":false,"ev":"game","ms":334435,"predicted":false,"t":9,"tick":19930,"type":"hit"}
[client] {"a":8,"dup":false,"ev":"game","ms":334898,"predicted":false,"t":4,"tick":19958,"type":"hit"}
[client] {"counts":{"blocks_on_me":0,"conf_actions":203,"confirmed_hits":954,"dup_confirmed":0,"hits_on_me":102,"pred_actions":218,"predicted_confirmed":77,"predicted_hits":199,"reconnects":0},"ev":"stats","hp":72.0,"in_bytes":4426132,"late":0,"local_entity":6,"match":{"countdown_until":300,"ctrl":-1,"final":false,"next":"","phase":3,"rot":1934,"scores":[34,10],"sd":false,"state":3,"tick":19666,"zone":"C"},"max_err":1.973,"mean_err":0.0223,"ms":334966,"out_bytes":978399,"pending":7,"pos":[41.47,0.07],"reconciles":6593,"server_tick":19967,"snaps":6605,"teleports":10}
[client] {"a":9,"dup":false,"ev":"game","ms":335001,"predicted":false,"t":4,"tick":19964,"type":"hit"}
[client] {"a":5,"dup":false,"ev":"game","ms":335167,"predicted":false,"t":0,"tick":19974,"type":"hit"}
[client] {"a":9,"dup":false,"ev":"game","ms":335263,"predicted":false,"t":4,"tick":19980,"type":"hit"}
[client] {"a":6,"dup":true,"ev":"game","ms":335403,"predicted":false,"t":4,"tick":19993,"type":"hit"}
[client] {"a":3,"dup":false,"ev":"game","ms":335581,"predicted":false,"t":6,"tick":19999,"type":"hit"}
[client] {"a":9,"dup":false,"ev":"game","ms":335581,"predicted":false,"t":4,"tick":19999,"type":"hit"}
[client] {"a":0,"dup":false,"ev":"game","ms":335850,"predicted":false,"t":5,"tick":20015,"type":"hit"}
[client] {"a":3,"dup":false,"ev":"game","ms":335885,"predicted":false,"t":6,"tick":20017,"type":"hit"}
[client] {"a":4,"dup":false,"ev":"game","ms":336168,"predicted":false,"t":8,"tick":20034,"type":"hit"}
[client] {"a":9,"dup":false,"ev":"game","ms":336250,"predicted":false,"t":3,"tick":20039,"type":"hit"}
[client] {"a":4,"dup":false,"ev":"game","ms":336520,"predicted":false,"t":8,"tick":20055,"type":"hit"}
[client] {"a":4,"dup":false,"ev":"game","ms":336767,"predicted":false,"t":8,"tick":20070,"type":"hit"}
[client] {"a":5,"dup":false,"ev":"game","ms":336782,"predicted":false,"t":3,"tick":20071,"type":"hit"}
[client] {"a":9,"dup":false,"ev":"game","ms":336899,"predicted":false,"t":0,"tick":20078,"type":"hit"}
[client] {"a":9,"dup":false,"ev":"game","ms":337216,"predicted":false,"t":0,"tick":20097,"type":"hit"}
[client] {"a":3,"dup":false,"ev":"game","ms":337402,"predicted":false,"t":5,"tick":20108,"type":"hit"}
[client] {"a":9,"dup":false,"ev":"game","ms":337520,"predicted":false,"t":0,"tick":20115,"type":"hit"}
[client] {"a":0,"dup":false,"ev":"game","ms":337520,"predicted":false,"t":-1,"tick":20115,"type":"ko"}
[client] {"a":3,"dup":false,"ev":"game","ms":337733,"predicted":false,"t":5,"tick":20128,"type":"hit"}
[client] {"a":5,"dup":false,"ev":"game","ms":338120,"predicted":false,"t":3,"tick":20151,"type":"hit"}
[client] {"a":7,"dup":false,"ev":"game","ms":338216,"predicted":false,"t":3,"tick":20157,"type":"hit"}
[client] {"a":4,"dup":false,"ev":"game","ms":338264,"predicted":false,"t":8,"tick":20160,"type":"hit"}
[client] {"a":2,"dup":false,"ev":"game","ms":338486,"predicted":false,"t":-1,"tick":20173,"type":"respawn"}
[client] {"a":5,"dup":false,"ev":"game","ms":338499,"predicted":false,"t":3,"tick":20174,"type":"hit"}
[client] {"a":3,"dup":false,"ev":"game","ms":338500,"predicted":false,"t":-1,"tick":20174,"type":"ko"}
[client] {"a":1,"dup":false,"ev":"game","ms":338521,"predicted":false,"t":-1,"tick":20175,"type":"respawn"}
[client] {"a":4,"dup":false,"ev":"game","ms":338603,"predicted":false,"t":8,"tick":20180,"type":"hit"}
[client] {"a":6,"dup":true,"ev":"game","ms":339700,"predicted":false,"t":4,"tick":20251,"type":"hit"}
[client] {"a":6,"dup":true,"ev":"game","ms":339934,"predicted":false,"t":4,"tick":20265,"type":"hit"}
[client] {"counts":{"blocks_on_me":0,"conf_actions":206,"confirmed_hits":979,"dup_confirmed":0,"hits_on_me":104,"pred_actions":221,"predicted_confirmed":80,"predicted_hits":207,"reconnects":0},"ev":"stats","hp":36.0,"in_bytes":4492178,"late":0,"local_entity":6,"match":{"countdown_until":300,"ctrl":-1,"final":false,"next":"","phase":3,"rot":1634,"scores":[34,10],"sd":false,"state":3,"tick":19966,"zone":"C"},"max_err":1.973,"mean_err":0.0223,"ms":339968,"out_bytes":993099,"pending":7,"pos":[40.42,-0.94],"reconciles":6693,"server_tick":20267,"snaps":6705,"teleports":10}
[client] {"a":6,"dup":false,"ev":"game","ms":340438,"predicted":false,"t":4,"tick":20295,"type":"hit"}
[client] {"a":6,"dup":true,"ev":"game","ms":340755,"predicted":false,"t":4,"tick":20314,"type":"hit"}
[client] {"a":6,"dup":true,"ev":"game","ms":341100,"predicted":false,"t":4,"tick":20335,"type":"hit"}
[client] {"a":4,"dup":false,"ev":"game","ms":341749,"predicted":false,"t":6,"tick":20369,"type":"hit"}
[client] {"a":6,"dup":false,"ev":"game","ms":342011,"predicted":false,"t":-1,"tick":20390,"type":"ko"}
[client] {"a":4,"dup":false,"ev":"game","ms":342096,"predicted":false,"t":6,"tick":20390,"type":"hit"}
[client] {"a":4,"dup":false,"ev":"game","ms":343529,"predicted":false,"t":7,"tick":20476,"type":"hit"}
[client] {"a":4,"dup":false,"ev":"game","ms":343564,"predicted":false,"t":9,"tick":20478,"type":"hit"}
[client] {"a":8,"dup":false,"ev":"game","ms":343833,"predicted":false,"t":4,"tick":20494,"type":"hit"}
[client] {"a":7,"dup":false,"ev":"game","ms":343895,"predicted":false,"t":4,"tick":20498,"type":"hit"}
[client] {"a":4,"dup":false,"ev":"game","ms":343895,"predicted":false,"t":-1,"tick":20498,"type":"ko"}
[client] {"counts":{"blocks_on_me":0,"conf_actions":211,"confirmed_hits":988,"dup_confirmed":0,"hits_on_me":106,"pred_actions":226,"predicted_confirmed":82,"predicted_hits":209,"reconnects":0},"ev":"stats","hp":0.0,"in_bytes":4549431,"late":0,"local_entity":6,"match":{"countdown_until":300,"ctrl":1,"final":false,"next":"","phase":3,"rot":1334,"scores":[34,11],"sd":false,"state":2,"tick":20266,"zone":"C"},"max_err":1.973,"mean_err":0.0221,"ms":344964,"out_bytes":1007799,"pending":7,"pos":[39.49,-1.17],"reconciles":6793,"server_tick":20567,"snaps":6805,"teleports":10}
[client] {"a":0,"dup":false,"ev":"game","ms":347518,"predicted":false,"t":-1,"tick":20715,"type":"respawn"}
[client] {"a":3,"dup":false,"ev":"game","ms":348497,"predicted":false,"t":-1,"tick":20774,"type":"respawn"}
[client] {"a":8,"dup":false,"ev":"game","ms":348870,"predicted":false,"t":1,"tick":20797,"type":"hit"}
[client] {"a":7,"dup":false,"ev":"game","ms":349036,"predicted":false,"t":1,"tick":20806,"type":"hit"}
[client] {"a":9,"dup":false,"ev":"game","ms":349050,"predicted":false,"t":1,"tick":20807,"type":"hit"}
[client] {"a":1,"dup":false,"ev":"game","ms":349449,"predicted":false,"t":9,"tick":20831,"type":"hit"}
[client] {"a":9,"dup":false,"ev":"game","ms":349449,"predicted":false,"t":-1,"tick":20831,"type":"ko"}
[client] {"counts":{"blocks_on_me":0,"conf_actions":211,"confirmed_hits":992,"dup_confirmed":0,"hits_on_me":106,"pred_actions":226,"predicted_confirmed":82,"predicted_hits":209,"reconnects":0},"ev":"stats","hp":0.0,"in_bytes":4602789,"late":0,"local_entity":6,"match":{"countdown_until":300,"ctrl":-1,"final":false,"next":"","phase":3,"rot":1034,"scores":[34,13],"sd":false,"state":3,"tick":20566,"zone":"C"},"max_err":1.973,"mean_err":0.0218,"ms":349956,"out_bytes":1022499,"pending":7,"pos":[39.49,-1.17],"reconciles":6893,"server_tick":20867,"snaps":6905,"teleports":10}
[client] {"a":1,"dup":false,"ev":"game","ms":350144,"predicted":false,"t":7,"tick":20873,"type":"hit"}
[client] {"a":1,"dup":false,"ev":"game","ms":350744,"predicted":false,"t":7,"tick":20909,"type":"hit"}
[client] {"a":7,"dup":false,"ev":"game","ms":351544,"predicted":false,"t":1,"tick":20957,"type":"hit"}
[client] {"a":7,"dup":false,"ev":"game","ms":351606,"predicted":false,"t":2,"tick":20961,"type":"hit"}
[client] {"a":6,"dup":false,"ev":"game","ms":352028,"predicted":false,"t":-1,"tick":20990,"type":"respawn"}
[client] {"a":7,"dup":false,"ev":"game","ms":353041,"predicted":false,"t":1,"tick":21047,"type":"hit"}
[client] {"a":7,"dup":false,"ev":"game","ms":353076,"predicted":false,"t":2,"tick":21049,"type":"hit"}
[client] {"a":4,"dup":false,"ev":"game","ms":353890,"predicted":false,"t":-1,"tick":21098,"type":"respawn"}
[client] {"a":1,"dup":false,"ev":"game","ms":354580,"predicted":false,"t":7,"tick":21139,"type":"hit"}
[client] {"a":5,"dup":false,"ev":"game","ms":354829,"predicted":false,"t":1,"tick":21154,"type":"hit"}
[client] {"counts":{"blocks_on_me":0,"conf_actions":212,"confirmed_hits":1000,"dup_confirmed":0,"hits_on_me":106,"pred_actions":226,"predicted_confirmed":82,"predicted_hits":209,"reconnects":0},"ev":"stats","hp":220.0,"in_bytes":4662267,"late":0,"local_entity":6,"match":{"countdown_until":300,"ctrl":-1,"final":false,"next":"B","phase":3,"rot":734,"scores":[34,13],"sd":false,"state":3,"tick":20866,"zone":"C"},"max_err":1.973,"mean_err":0.0215,"ms":354959,"out_bytes":1037199,"pending":7,"pos":[-1.06,30.69],"reconciles":6991,"server_tick":21166,"snaps":7004,"teleports":11}
[client] {"a":7,"dup":false,"ev":"game","ms":354995,"predicted":false,"t":1,"tick":21164,"type":"hit"}
[client] {"a":7,"dup":false,"ev":"game","ms":355008,"predicted":false,"t":2,"tick":21165,"type":"hit"}
[client] {"a":5,"dup":false,"ev":"game","ms":355147,"predicted":false,"t":2,"tick":21173,"type":"hit"}
[client] {"a":7,"dup":false,"ev":"game","ms":356182,"predicted":false,"t":1,"tick":21235,"type":"hit"}
[client] {"a":2,"dup":false,"ev":"game","ms":356230,"predicted":false,"t":5,"tick":21238,"type":"block"}
[client] {"a":7,"dup":false,"ev":"game","ms":356761,"predicted":false,"t":2,"tick":21270,"type":"hit"}
[client] {"a":2,"dup":false,"ev":"game","ms":357161,"predicted":false,"t":5,"tick":21294,"type":"block"}
[client] {"a":1,"dup":false,"ev":"game","ms":357312,"predicted":false,"t":5,"tick":21303,"type":"block"}
[client] {"a":7,"dup":false,"ev":"game","ms":357583,"predicted":false,"t":2,"tick":21319,"type":"hit"}
[client] {"a":1,"dup":false,"ev":"game","ms":357755,"predicted":false,"t":5,"tick":21329,"type":"block"}
[client] {"a":2,"dup":false,"ev":"game","ms":358100,"predicted":false,"t":5,"tick":21350,"type":"block"}
[client] {"a":7,"dup":false,"ev":"game","ms":358134,"predicted":false,"t":2,"tick":21352,"type":"hit"}
[client] {"a":0,"dup":false,"ev":"game","ms":358322,"predicted":false,"t":7,"tick":21363,"type":"hit"}
[client] {"a":2,"dup":false,"ev":"game","ms":358472,"predicted":false,"t":5,"tick":21372,"type":"hit"}
[client] {"a":2,"dup":false,"ev":"game","ms":358472,"predicted":false,"t":7,"tick":21372,"type":"hit"}
[client] {"a":5,"dup":false,"ev":"game","ms":358472,"predicted":false,"t":-1,"tick":21372,"type":"ko"}
[client] {"a":1,"dup":false,"ev":"game","ms":358755,"predicted":false,"t":7,"tick":21389,"type":"hit"}
[client] {"a":2,"dup":false,"ev":"game","ms":358803,"predicted":false,"t":7,"tick":21392,"type":"hit"}
[client] {"a":9,"dup":false,"ev":"game","ms":359445,"predicted":false,"t":-1,"tick":21431,"type":"respawn"}
[client] {"a":8,"dup":false,"ev":"game","ms":359562,"predicted":false,"t":1,"tick":21438,"type":"hit"}
[client] {"a":8,"dup":false,"ev":"game","ms":359596,"predicted":false,"t":2,"tick":21440,"type":"hit"}
[client] {"a":7,"dup":false,"ev":"game","ms":359681,"predicted":false,"t":0,"tick":21445,"type":"hit"}
[client] {"a":8,"dup":false,"ev":"game","ms":359797,"predicted":false,"t":1,"tick":21452,"type":"hit"}
[client] {"a":1,"dup":false,"ev":"game","ms":359797,"predicted":false,"t":-1,"tick":21452,"type":"ko"}
[client] {"a":8,"dup":false,"ev":"game","ms":359845,"predicted":false,"t":2,"tick":21455,"type":"hit"}
[client] {"counts":{"blocks_on_me":0,"conf_actions":212,"confirmed_hits":1017,"dup_confirmed":0,"hits_on_me":106,"pred_actions":226,"predicted_confirmed":82,"predicted_hits":209,"reconnects":0},"ev":"stats","hp":220.0,"in_bytes":4728811,"late":0,"local_entity":6,"match":{"countdown_until":300,"ctrl":-1,"final":false,"next":"B","phase":3,"rot":434,"scores":[34,13],"sd":false,"state":3,"tick":21166,"zone":"C"},"max_err":1.973,"mean_err":0.0212,"ms":359962,"out_bytes":1051899,"pending":7,"pos":[24.91,10.51],"reconciles":7091,"server_tick":21467,"snaps":7104,"teleports":11}
[client] {"a":0,"dup":false,"ev":"game","ms":360232,"predicted":false,"t":7,"tick":21478,"type":"hit"}
[client] {"a":0,"dup":false,"ev":"game","ms":360266,"predicted":false,"t":8,"tick":21480,"type":"hit"}
[client] {"a":0,"dup":false,"ev":"game","ms":360963,"predicted":false,"t":7,"tick":21522,"type":"hit"}
[client] {"a":8,"dup":false,"ev":"game","ms":361067,"predicted":false,"t":0,"tick":21528,"type":"hit"}
[client] {"a":0,"dup":false,"ev":"game","ms":362150,"predicted":false,"t":7,"tick":21593,"type":"hit"}
[client] {"a":7,"dup":false,"ev":"game","ms":363033,"predicted":false,"t":0,"tick":21646,"type":"hit"}
[client] {"a":7,"dup":false,"ev":"game","ms":363033,"predicted":false,"t":3,"tick":21646,"type":"block"}
[client] {"a":6,"dup":true,"ev":"game","ms":363116,"predicted":false,"t":2,"tick":21656,"type":"hit"}
[client] {"a":0,"dup":false,"ev":"game","ms":363385,"predicted":false,"t":7,"tick":21667,"type":"hit"}
[client] {"a":7,"dup":false,"ev":"game","ms":363385,"predicted":false,"t":-1,"tick":21667,"type":"ko"}
[client] {"a":6,"dup":true,"ev":"game","ms":363449,"predicted":false,"t":2,"tick":21676,"type":"hit"}
[client] {"a":0,"dup":false,"ev":"game","ms":364385,"predicted":false,"t":6,"tick":21727,"type":"hit"}
[client] {"a":8,"dup":false,"ev":"game","ms":364468,"predicted":false,"t":3,"tick":21732,"type":"hit"}
[client] {"counts":{"blocks_on_me":0,"conf_actions":216,"confirmed_hits":1028,"dup_confirmed":0,"hits_on_me":107,"pred_actions":231,"predicted_confirmed":84,"predicted_hits":212,"reconnects":0},"ev":"stats","hp":182.0,"in_bytes":4796975,"late":0,"local_entity":6,"match":{"countdown_until":300,"ctrl":-1,"final":false,"next":"B","phase":3,"rot":134,"scores":[34,13],"sd":false,"state":3,"tick":21466,"zone":"C"},"max_err":2.003,"mean_err":0.0212,"ms":364964,"out_bytes":1066599,"pending":7,"pos":[41.97,0.35],"reconciles":7191,"server_tick":21767,"snaps":7204,"teleports":11}
[client] {"a":3,"dup":false,"ev":"game","ms":365082,"predicted":false,"t":8,"tick":21769,"type":"hit"}
[client] {"a":6,"dup":true,"ev":"game","ms":365186,"predicted":false,"t":2,"tick":21780,"type":"hit"}
[client] {"a":3,"dup":false,"ev":"game","ms":365435,"predicted":false,"t":8,"tick":21790,"type":"hit"}
[client] {"a":8,"dup":false,"ev":"game","ms":365435,"predicted":false,"t":-1,"tick":21790,"type":"ko"}
[client] {"a":2,"dup":false,"ev":"game","ms":365565,"predicted":false,"t":6,"tick":21799,"type":"hit"}
[client] {"a":2,"dup":false,"ev":"game","ms":365883,"predicted":false,"t":6,"tick":21818,"type":"hit"}
[client] {"a":4,"dup":false,"ev":"game","ms":365903,"predicted":false,"t":6,"tick":21819,"type":"hit"}
[client] {"a":4,"dup":false,"ev":"game","ms":367083,"predicted":false,"t":6,"tick":21890,"type":"hit"}
[client] {"a":-1,"dup":false,"ev":"game","ms":367235,"predicted":false,"t":-1,"tick":21899,"type":"zone_rotated"}
[client] {"a":6,"dup":true,"ev":"game","ms":367387,"predicted":false,"t":3,"tick":21912,"type":"hit"}
[client] {"a":4,"dup":false,"ev":"game","ms":367718,"predicted":false,"t":6,"tick":21928,"type":"hit"}
[client] {"a":5,"dup":false,"ev":"game","ms":368449,"predicted":false,"t":-1,"tick":21972,"type":"respawn"}
[client] {"a":6,"dup":true,"ev":"game","ms":368636,"predicted":false,"t":3,"tick":21987,"type":"hit"}
[client] {"a":6,"dup":true,"ev":"game","ms":368932,"predicted":false,"t":3,"tick":22005,"type":"hit"}
[client] {"a":6,"dup":true,"ev":"game","ms":369236,"predicted":false,"t":3,"tick":22024,"type":"hit"}
[client] {"a":3,"dup":false,"ev":"game","ms":369705,"predicted":false,"t":6,"tick":22047,"type":"hit"}
[client] {"a":1,"dup":false,"ev":"game","ms":369788,"predicted":false,"t":-1,"tick":22052,"type":"respawn"}
[client] {"counts":{"blocks_on_me":0,"conf_actions":226,"confirmed_hits":1041,"dup_confirmed":0,"hits_on_me":113,"pred_actions":241,"predicted_confirmed":89,"predicted_hits":227,"reconnects":0},"ev":"stats","hp":42.0,"in_bytes":4866339,"late":0,"local_entity":6,"match":{"countdown_until":300,"ctrl":-1,"final":false,"next":"","phase":3,"rot":3431,"scores":[34,13],"sd":false,"state":1,"tick":21769,"zone":"B"},"max_err":2.003,"mean_err":0.0215,"ms":369966,"out_bytes":1081299,"pending":7,"pos":[42.66,1.25],"reconciles":7291,"server_tick":22067,"snaps":7305,"teleports":11}
[client] {"a":3,"dup":false,"ev":"game","ms":370071,"predicted":false,"t":6,"tick":22069,"type":"hit"}
[client] {"a":6,"dup":true,"ev":"game","ms":370333,"predicted":false,"t":3,"tick":22090,"type":"hit"}
[client] {"a":6,"dup":true,"ev":"game","ms":370651,"predicted":false,"t":3,"tick":22109,"type":"hit"}
[client] {"a":6,"dup":false,"ev":"game","ms":371306,"predicted":false,"t":-1,"tick":22148,"type":"ko"}
[client] {"a":3,"dup":false,"ev":"game","ms":371389,"predicted":false,"t":6,"tick":22148,"type":"hit"}
[client] {"a":7,"dup":false,"ev":"game","ms":373383,"predicted":false,"t":-1,"tick":22267,"type":"respawn"}
[client] {"a":4,"dup":false,"ev":"game","ms":374128,"predicted":false,"t":9,"tick":22312,"type":"hit"}
[client] {"a":4,"dup":false,"ev":"game","ms":374362,"predicted":false,"t":9,"tick":22326,"type":"hit"}
[client] {"counts":{"blocks_on_me":0,"conf_actions":229,"confirmed_hits":1047,"dup_confirmed":0,"hits_on_me":115,"pred_actions":244,"predicted_confirmed":91,"predicted_hits":232,"reconnects":0},"ev":"stats","hp":0.0,"in_bytes":4932604,"late":0,"local_entity":6,"match":{"countdown_until":300,"ctrl":-1,"final":false,"next":"","phase":3,"rot":3134,"scores":[34,15],"sd":false,"state":3,"tick":22066,"zone":"B"},"max_err":2.003,"mean_err":0.0214,"ms":374962,"out_bytes":1095999,"pending":7,"pos":[42.6,1.21],"reconciles":7391,"server_tick":22367,"snaps":7404,"teleports":11}
[client] {"a":9,"dup":false,"ev":"game","ms":375046,"predicted":false,"t":2,"tick":22367,"type":"hit"}
[client] {"a":4,"dup":false,"ev":"game","ms":375363,"predicted":false,"t":9,"tick":22386,"type":"hit"}
[client] {"a":8,"dup":false,"ev":"game","ms":375432,"predicted":false,"t":-1,"tick":22390,"type":"respawn"}
[client] {"a":4,"dup":false,"ev":"game","ms":375680,"predicted":false,"t":9,"tick":22405,"type":"hit"}
[client] {"a":2,"dup":false,"ev":"game","ms":375749,"predicted":false,"t":9,"tick":22409,"type":"hit"}
[client] {"a":9,"dup":false,"ev":"game","ms":376150,"predicted":false,"t":2,"tick":22433,"type":"hit"}
[client] {"a":9,"dup":false,"ev":"game","ms":376433,"predicted":false,"t":2,"tick":22450,"type":"hit"}
[client] {"a":9,"dup":false,"ev":"game","ms":376433,"predicted":false,"t":4,"tick":22450,"type":"hit"}
[client] {"a":2,"dup":false,"ev":"game","ms":376433,"predicted":false,"t":-1,"tick":22450,"type":"ko"}
[client] {"a":1,"dup":false,"ev":"game","ms":376584,"predicted":false,"t":9,"tick":22459,"type":"hit"}
[client] {"a":1,"dup":false,"ev":"game","ms":376902,"predicted":false,"t":9,"tick":22478,"type":"hit"}
[client] {"a":9,"dup":false,"ev":"game","ms":377247,"predicted":false,"t":1,"tick":22499,"type":"hit"}
[client] {"a":0,"dup":false,"ev":"game","ms":377550,"predicted":false,"t":9,"tick":22517,"type":"hit"}
[client] {"a":1,"dup":false,"ev":"game","ms":377598,"predicted":false,"t":9,"tick":22520,"type":"hit"}
[client] {"a":1,"dup":false,"ev":"game","ms":377633,"predicted":false,"t":5,"tick":22522,"type":"block"}
[client] {"a":4,"dup":false,"ev":"game","ms":377822,"predicted":false,"t":5,"tick":22533,"type":"block"}
[client] {"a":4,"dup":false,"ev":"game","ms":377822,"predicted":false,"t":9,"tick":22533,"type":"hit"}
[client] {"a":0,"dup":false,"ev":"game","ms":377868,"predicted":false,"t":9,"tick":22536,"type":"hit"}
[client] {"a":1,"dup":false,"ev":"game","ms":378151,"predicted":false,"t":9,"tick":22553,"type":"hit"}
[client] {"a":0,"dup":false,"ev":"game","ms":378165,"predicted":false,"t":9,"tick":22554,"type":"hit"}
[client] {"a":9,"dup":false,"ev":"game","ms":378165,"predicted":false,"t":-1,"tick":22554,"type":"ko"}
[client] {"a":1,"dup":false,"ev":"game","ms":378185,"predicted":false,"t":5,"tick":22555,"type":"block"}
[client] {"a":4,"dup":false,"ev":"game","ms":378234,"predicted":false,"t":5,"tick":22558,"type":"block"}
[client] {"a":1,"dup":false,"ev":"game","ms":378482,"predicted":false,"t":5,"tick":22573,"type":"block"}
[client] {"a":4,"dup":false,"ev":"game","ms":378565,"predicted":false,"t":5,"tick":22578,"type":"block"}
[client] {"a":0,"dup":false,"ev":"game","ms":378868,"predicted":false,"t":5,"tick":22596,"type":"block"}
[client] {"a":1,"dup":false,"ev":"game","ms":379047,"predicted":false,"t":5,"tick":22607,"type":"block"}
[client] {"a":4,"dup":false,"ev":"game","ms":379283,"predicted":false,"t":5,"tick":22621,"type":"block"}
[client] {"a":0,"dup":false,"ev":"game","ms":379420,"predicted":false,"t":5,"tick":22630,"type":"block"}
[client] {"a":1,"dup":false,"ev":"game","ms":379703,"predicted":false,"t":5,"tick":22647,"type":"hit"}
[client] {"counts":{"blocks_on_me":0,"conf_actions":229,"confirmed_hits":1064,"dup_confirmed":0,"hits_on_me":115,"pred_actions":244,"predicted_confirmed":91,"predicted_hits":232,"reconnects":0},"ev":"stats","hp":0.0,"in_bytes":5003365,"late":0,"local_entity":6,"match":{"countdown_until":300,"ctrl":-1,"final":false,"next":"","phase":3,"rot":2831,"scores":[34,15],"sd":false,"state":3,"tick":22369,"zone":"B"},"max_err":2.003,"mean_err":0.0211,"ms":379965,"out_bytes":1110699,"pending":7,"pos":[42.6,1.21],"reconciles":7491,"server_tick":22667,"snaps":7505,"teleports":11}
[client] {"a":4,"dup":false,"ev":"game","ms":380835,"predicted":false,"t":5,"tick":22715,"type":"hit"}
[client] {"a":7,"dup":false,"ev":"game","ms":381284,"predicted":false,"t":4,"tick":22742,"type":"hit"}
[client] {"a":6,"dup":false,"ev":"game","ms":381304,"predicted":false,"t":-1,"tick":22748,"type":"respawn"}
[client] {"a":0,"dup":false,"ev":"game","ms":382677,"predicted":false,"t":7,"tick":22825,"type":"hit"}
[client] {"a":0,"dup":false,"ev":"game","ms":382746,"predicted":false,"t":5,"tick":22829,"type":"hit"}
[client] {"a":0,"dup":false,"ev":"game","ms":382760,"predicted":false,"t":8,"tick":22830,"type":"hit"}
[client] {"a":4,"dup":false,"ev":"game","ms":383864,"predicted":false,"t":7,"tick":22896,"type":"hit"}
[client] {"a":0,"dup":false,"ev":"game","ms":384133,"predicted":false,"t":5,"tick":22912,"type":"hit"}
[client] {"a":0,"dup":false,"ev":"game","ms":384160,"predicted":false,"t":7,"tick":22914,"type":"hit"}
[client] {"a":4,"dup":false,"ev":"game","ms":384278,"predicted":false,"t":7,"tick":22921,"type":"hit"}
[client] {"a":4,"dup":false,"ev":"game","ms":384513,"predicted":false,"t":7,"tick":22935,"type":"hit"}
[client] {"a":4,"dup":false,"ev":"game","ms":384533,"predicted":false,"t":5,"tick":22936,"type":"hit"}
[client] {"a":8,"dup":false,"ev":"game","ms":384699,"predicted":false,"t":0,"tick":22946,"type":"hit"}
[client] {"counts":{"blocks_on_me":0,"conf_actions":229,"confirmed_hits":1076,"dup_confirmed":0,"hits_on_me":115,"pred_actions":244,"predicted_confirmed":91,"predicted_hits":232,"reconnects":0},"ev":"stats","hp":220.0,"in_bytes":5068340,"late":0,"local_entity":6,"match":{"countdown_until":300,"ctrl":-1,"final":false,"next":"","phase":3,"rot":2534,"scores":[34,15],"sd":false,"state":3,"tick":22666,"zone":"B"},"max_err":2.003,"mean_err":0.0208,"ms":384960,"out_bytes":1125399,"pending":7,"pos":[0.86,24.08],"reconciles":7590,"server_tick":22967,"snaps":7604,"teleports":12}
[client] {"a":7,"dup":false,"ev":"game","ms":385030,"predicted":false,"t":0,"tick":22966,"type":"hit"}
[client] {"a":4,"dup":false,"ev":"game","ms":385231,"predicted":false,"t":8,"tick":22978,"type":"hit"}
[client] {"a":7,"dup":false,"ev":"game","ms":385361,"predicted":false,"t":0,"tick":22986,"type":"hit"}
[client] {"a":5,"dup":false,"ev":"game","ms":385383,"predicted":false,"t":0,"tick":22987,"type":"hit"}
[client] {"a":3,"dup":false,"ev":"game","ms":385644,"predicted":false,"t":8,"tick":23003,"type":"hit"}
[client] {"a":0,"dup":false,"ev":"game","ms":386134,"predicted":false,"t":8,"tick":23032,"type":"hit"}
[client] {"a":5,"dup":false,"ev":"game","ms":386335,"predicted":false,"t":4,"tick":23044,"type":"hit"}
[client] {"a":2,"dup":false,"ev":"game","ms":386431,"predicted":false,"t":-1,"tick":23050,"type":"respawn"}
[client] {"a":0,"dup":false,"ev":"game","ms":386652,"predicted":false,"t":8,"tick":23063,"type":"hit"}
[client] {"a":7,"dup":false,"ev":"game","ms":386666,"predicted":false,"t":4,"tick":23064,"type":"hit"}
[client] {"a":4,"dup":false,"ev":"game","ms":387031,"predicted":false,"t":5,"tick":23086,"type":"hit"}
[client] {"a":7,"dup":false,"ev":"game","ms":387065,"predicted":false,"t":4,"tick":23088,"type":"hit"}
[client] {"a":8,"dup":false,"ev":"game","ms":387100,"predicted":false,"t":0,"tick":23090,"type":"hit"}
[client] {"a":8,"dup":false,"ev":"game","ms":387362,"predicted":false,"t":0,"tick":23106,"type":"hit"}
[client] {"a":4,"dup":false,"ev":"game","ms":387465,"predicted":false,"t":5,"tick":23112,"type":"hit"}
[client] {"a":7,"dup":false,"ev":"game","ms":387480,"predicted":false,"t":4,"tick":23113,"type":"hit"}
[client] {"a":9,"dup":false,"ev":"game","ms":388163,"predicted":false,"t":-1,"tick":23154,"type":"respawn"}
[client] {"a":0,"dup":false,"ev":"game","ms":388218,"predicted":false,"t":8,"tick":23157,"type":"hit"}
[client] {"a":4,"dup":false,"ev":"game","ms":388363,"predicted":false,"t":7,"tick":23166,"type":"hit"}
[client] {"a":0,"dup":false,"ev":"game","ms":388536,"predicted":false,"t":8,"tick":23176,"type":"hit"}
[client] {"a":5,"dup":false,"ev":"game","ms":388798,"predicted":false,"t":4,"tick":23192,"type":"hit"}
[client] {"a":0,"dup":false,"ev":"game","ms":389149,"predicted":false,"t":6,"tick":23213,"type":"hit"}
[client] {"a":0,"dup":false,"ev":"game","ms":389453,"predicted":false,"t":6,"tick":23231,"type":"hit"}
[client] {"a":3,"dup":false,"ev":"game","ms":389453,"predicted":false,"t":5,"tick":23231,"type":"hit"}
[client] {"a":3,"dup":false,"ev":"game","ms":389536,"predicted":false,"t":7,"tick":23236,"type":"hit"}
[client] {"a":0,"dup":false,"ev":"game","ms":389749,"predicted":false,"t":6,"tick":23249,"type":"hit"}
[client] {"counts":{"blocks_on_me":0,"conf_actions":232,"confirmed_hits":1100,"dup_confirmed":0,"hits_on_me":118,"pred_actions":248,"predicted_confirmed":91,"predicted_hits":232,"reconnects":0},"ev":"stats","hp":166.0,"in_bytes":5137622,"late":0,"local_entity":6,"match":{"countdown_until":300,"ctrl":-1,"final":false,"next":"","phase":3,"rot":2234,"scores":[34,15],"sd":false,"state":3,"tick":22966,"zone":"B"},"max_err":2.003,"mean_err":0.0208,"ms":389963,"out_bytes":1140099,"pending":7,"pos":[-2.33,2.33],"reconciles":7690,"server_tick":23267,"snaps":7704,"teleports":12}
[client] {"a":8,"dup":false,"ev":"game","ms":390198,"predicted":false,"t":0,"tick":23276,"type":"hit"}
[client] {"a":4,"dup":false,"ev":"game","ms":391150,"predicted":false,"t":5,"tick":23333,"type":"hit"}
[client] {"a":5,"dup":false,"ev":"game","ms":391516,"predicted":false,"t":4,"tick":23355,"type":"hit"}
[client] {"a":8,"dup":false,"ev":"game","ms":392082,"predicted":false,"t":0,"tick":23389,"type":"hit"}
[client] {"a":0,"dup":false,"ev":"game","ms":392082,"predicted":false,"t":-1,"tick":23389,"type":"ko"}
[client] {"a":6,"dup":true,"ev":"game","ms":392233,"predicted":false,"t":4,"tick":23403,"type":"hit"}
[client] {"a":5,"dup":false,"ev":"game","ms":392302,"predicted":false,"t":4,"tick":23402,"type":"hit"}
[client] {"a":3,"dup":false,"ev":"game","ms":392565,"predicted":false,"t":5,"tick":23418,"type":"hit"}
[client] {"a":4,"dup":false,"ev":"game","ms":392786,"predicted":false,"t":5,"tick":23431,"type":"hit"}
[client] {"a":4,"dup":false,"ev":"game","ms":392834,"predicted":false,"t":6,"tick":23434,"type":"hit"}
[client] {"a":8,"dup":false,"ev":"game","ms":393152,"predicted":false,"t":4,"tick":23453,"type":"hit"}
[client] {"a":4,"dup":false,"ev":"game","ms":393152,"predicted":false,"t":-1,"tick":23453,"type":"ko"}
[client] {"a":3,"dup":false,"ev":"game","ms":393255,"predicted":false,"t":5,"tick":23459,"type":"hit"}
[client] {"a":5,"dup":false,"ev":"game","ms":393255,"predicted":false,"t":-1,"tick":23459,"type":"ko"}
[client] {"a":3,"dup":false,"ev":"game","ms":393283,"predicted":false,"t":8,"tick":23461,"type":"hit"}
[client] {"a":3,"dup":false,"ev":"game","ms":393303,"predicted":false,"t":6,"tick":23462,"type":"hit"}
[client] {"a":3,"dup":false,"ev":"game","ms":394000,"predicted":false,"t":7,"tick":23504,"type":"hit"}
[client] {"a":1,"dup":false,"ev":"game","ms":394021,"predicted":false,"t":7,"tick":23505,"type":"hit"}
[client] {"a":3,"dup":false,"ev":"game","ms":394387,"predicted":false,"t":6,"tick":23527,"type":"hit"}
[client] {"a":8,"dup":false,"ev":"game","ms":394456,"predicted":false,"t":3,"tick":23532,"type":"hit"}
[client] {"a":7,"dup":false,"ev":"game","ms":394656,"predicted":false,"t":3,"tick":23544,"type":"hit"}
[client] {"a":1,"dup":false,"ev":"game","ms":394835,"predicted":false,"t":6,"tick":23555,"type":"hit"}
[client] {"a":1,"dup":false,"ev":"game","ms":394835,"predicted":false,"t":7,"tick":23555,"type":"hit"}
[client] {"counts":{"blocks_on_me":0,"conf_actions":236,"confirmed_hits":1120,"dup_confirmed":0,"hits_on_me":122,"pred_actions":252,"predicted_confirmed":92,"predicted_hits":237,"reconnects":0},"ev":"stats","hp":54.0,"in_bytes":5212801,"late":0,"local_entity":6,"match":{"countdown_until":300,"ctrl":-1,"final":false,"next":"","phase":3,"rot":1931,"scores":[34,15],"sd":false,"state":3,"tick":23269,"zone":"B"},"max_err":2.003,"mean_err":0.0216,"ms":394972,"out_bytes":1154799,"pending":7,"pos":[-4.21,-1.96],"reconciles":7790,"server_tick":23567,"snaps":7805,"teleports":12}
[client] {"a":2,"dup":false,"ev":"game","ms":395180,"predicted":false,"t":8,"tick":23575,"type":"hit"}
[client] {"a":1,"dup":false,"ev":"game","ms":395829,"predicted":false,"t":6,"tick":23614,"type":"hit"}
[client] {"a":7,"dup":false,"ev":"game","ms":396077,"predicted":false,"t":1,"tick":23629,"type":"hit"}
[client] {"a":8,"dup":false,"ev":"game","ms":396098,"predicted":false,"t":3,"tick":23630,"type":"block"}
[client] {"a":9,"dup":false,"ev":"game","ms":396312,"predicted":false,"t":1,"tick":23643,"type":"hit"}
[client] {"a":7,"dup":false,"ev":"game","ms":396395,"predicted":false,"t":1,"tick":23648,"type":"hit"}
[client] {"a":2,"dup":false,"ev":"game","ms":396511,"predicted":false,"t":8,"tick":23655,"type":"hit"}
[client] {"a":8,"dup":false,"ev":"game","ms":396511,"predicted":false,"t":-1,"tick":23655,"type":"ko"}
[client] {"a":7,"dup":false,"ev":"game","ms":396967,"predicted":false,"t":1,"tick":23682,"type":"hit"}
[client] {"a":6,"dup":true,"ev":"game","ms":397112,"predicted":false,"t":1,"tick":23696,"type":"hit"}
[client] {"a":6,"dup":true,"ev":"game","ms":397168,"predicted":false,"t":2,"tick":23700,"type":"hit"}
[client] {"a":6,"dup":false,"ev":"game","ms":398133,"predicted":false,"t":3,"tick":23758,"type":"block"}
[client] {"a":1,"dup":false,"ev":"game","ms":398381,"predicted":false,"t":6,"tick":23767,"type":"hit"}
[client] {"a":6,"dup":false,"ev":"game","ms":398616,"predicted":false,"t":-1,"tick":23786,"type":"ko"}
[client] {"a":1,"dup":false,"ev":"game","ms":398699,"predicted":false,"t":6,"tick":23786,"type":"hit"}
[client] {"a":9,"dup":false,"ev":"game","ms":398899,"predicted":false,"t":3,"tick":23798,"type":"hit"}
[client] {"a":9,"dup":false,"ev":"game","ms":398934,"predicted":false,"t":1,"tick":23800,"type":"hit"}
[client] {"a":9,"dup":false,"ev":"game","ms":398947,"predicted":false,"t":2,"tick":23801,"type":"hit"}
[client] {"a":9,"dup":false,"ev":"game","ms":399865,"predicted":false,"t":3,"tick":23856,"type":"hit"}
[client] {"a":9,"dup":false,"ev":"game","ms":399899,"predicted":false,"t":2,"tick":23858,"type":"hit"}
[client] {"counts":{"blocks_on_me":0,"conf_actions":241,"confirmed_hits":1136,"dup_confirmed":0,"hits_on_me":125,"pred_actions":257,"predicted_confirmed":94,"predicted_hits":246,"reconnects":0},"ev":"stats","hp":0.0,"in_bytes":5277943,"late":0,"local_entity":6,"match":{"countdown_until":300,"ctrl":-1,"final":false,"next":"","phase":3,"rot":1631,"scores":[34,15],"sd":false,"state":3,"tick":23569,"zone":"B"},"max_err":2.003,"mean_err":0.0216,"ms":399968,"out_bytes":1169499,"pending":7,"pos":[-0.66,-2.64],"reconciles":7890,"server_tick":23867,"snaps":7905,"teleports":12}
[client] {"a":7,"dup":false,"ev":"game","ms":400148,"predicted":false,"t":3,"tick":23873,"type":"hit"}
[client] {"a":2,"dup":false,"ev":"game","ms":400231,"predicted":false,"t":9,"tick":23878,"type":"hit"}
[client] {"a":9,"dup":false,"ev":"game","ms":400583,"predicted":false,"t":2,"tick":23899,"type":"hit"}
[client] {"a":1,"dup":false,"ev":"game","ms":400686,"predicted":false,"t":7,"tick":23905,"type":"hit"}
[client] {"a":1,"dup":false,"ev":"game","ms":401086,"predicted":false,"t":7,"tick":23929,"type":"hit"}
[client] {"a":7,"dup":false,"ev":"game","ms":401086,"predicted":false,"t":-1,"tick":23929,"type":"ko"}
[client] {"a":0,"dup":false,"ev":"game","ms":402087,"predicted":false,"t":-1,"tick":23989,"type":"respawn"}
[client] {"a":9,"dup":false,"ev":"game","ms":402178,"predicted":false,"t":1,"tick":23995,"type":"hit"}
[client] {"a":9,"dup":false,"ev":"game","ms":402178,"predicted":false,"t":3,"tick":23995,"type":"hit"}
[client] {"a":3,"dup":false,"ev":"game","ms":402178,"predicted":false,"t":-1,"tick":23995,"type":"ko"}
[client] {"a":2,"dup":false,"ev":"game","ms":402978,"predicted":false,"t":9,"tick":24043,"type":"hit"}
[client] {"a":4,"dup":false,"ev":"game","ms":403144,"predicted":false,"t":-1,"tick":24053,"type":"respawn"}
[client] {"a":5,"dup":false,"ev":"game","ms":403247,"predicted":false,"t":-1,"tick":24059,"type":"respawn"}
[client] {"a":1,"dup":false,"ev":"game","ms":403295,"predicted":false,"t":9,"tick":24062,"type":"hit"}
[client] {"a":2,"dup":false,"ev":"game","ms":403295,"predicted":false,"t":9,"tick":24062,"type":"hit"}
[client] {"a":1,"dup":false,"ev":"game","ms":403882,"predicted":false,"t":9,"tick":24097,"type":"hit"}
[client] {"a":2,"dup":false,"ev":"game","ms":403978,"predicted":false,"t":9,"tick":24103,"type":"hit"}
[client] {"counts":{"blocks_on_me":0,"conf_actions":241,"confirmed_hits":1148,"dup_confirmed":0,"hits_on_me":125,"pred_actions":257,"predicted_confirmed":94,"predicted_hits":246,"reconnects":0},"ev":"stats","hp":0.0,"in_bytes":5339638,"late":0,"local_entity":6,"match":{"countdown_until":300,"ctrl":-1,"final":false,"next":"","phase":3,"rot":1334,"scores":[34,15],"sd":false,"state":3,"tick":23866,"zone":"B"},"max_err":2.003,"mean_err":0.0213,"ms":404964,"out_bytes":1184199,"pending":7,"pos":[-0.66,-2.64],"reconciles":7990,"server_tick":24167,"snaps":8004,"teleports":12}
[client] {"a":1,"dup":false,"ev":"game","ms":405628,"predicted":false,"t":9,"tick":24202,"type":"hit"}
[client] {"a":1,"dup":false,"ev":"game","ms":405828,"predicted":false,"t":9,"tick":24214,"type":"hit"}
[client] {"a":9,"dup":false,"ev":"game","ms":406380,"predicted":false,"t":1,"tick":24247,"type":"hit"}
[client] {"a":1,"dup":false,"ev":"game","ms":406380,"predicted":false,"t":-1,"tick":24247,"type":"ko"}
[client] {"a":8,"dup":false,"ev":"game","ms":406511,"predicted":false,"t":-1,"tick":24255,"type":"respawn"}
[client] {"a":2,"dup":false,"ev":"game","ms":407967,"predicted":false,"t":9,"tick":24342,"type":"hit"}
[client] {"a":6,"dup":false,"ev":"game","ms":408602,"predicted":false,"t":-1,"tick":24386,"type":"respawn"}
[client] {"a":9,"dup":false,"ev":"game","ms":408747,"predicted":false,"t":2,"tick":24389,"type":"hit"}
[client] {"a":0,"dup":false,"ev":"game","ms":408898,"predicted":false,"t":9,"tick":24398,"type":"hit"}
[client] {"a":9,"dup":false,"ev":"game","ms":409464,"predicted":false,"t":0,"tick":24432,"type":"hit"}
[client] {"a":0,"dup":false,"ev":"game","ms":409813,"predicted":false,"t":9,"tick":24453,"type":"hit"}
[client] {"a":4,"dup":false,"ev":"game","ms":409813,"predicted":false,"t":9,"tick":24453,"type":"hit"}
[client] {"a":9,"dup":false,"ev":"game","ms":409813,"predicted":false,"t":-1,"tick":24453,"type":"ko"}
[client] {"counts":{"blocks_on_me":0,"conf_actions":241,"confirmed_hits":1157,"dup_confirmed":0,"hits_on_me":125,"pred_actions":257,"predicted_confirmed":94,"predicted_hits":246,"reconnects":0},"ev":"stats","hp":220.0,"in_bytes":5400655,"late":0,"local_entity":6,"match":{"countdown_until":300,"ctrl":-1,"final":false,"next":"","phase":3,"rot":1034,"scores":[34,15],"sd":false,"state":3,"tick":24166,"zone":"B"},"max_err":2.003,"mean_err":0.021,"ms":409963,"out_bytes":1198899,"pending":7,"pos":[-4.11,38.94],"reconciles":8089,"server_tick":24467,"snaps":8104,"teleports":13}
[client] {"a":7,"dup":false,"ev":"game","ms":411083,"predicted":false,"t":-1,"tick":24529,"type":"respawn"}
[client] {"a":5,"dup":false,"ev":"game","ms":411613,"predicted":false,"t":2,"tick":24561,"type":"hit"}
[client] {"a":2,"dup":false,"ev":"game","ms":411931,"predicted":false,"t":5,"tick":24580,"type":"hit"}
[client] {"a":4,"dup":false,"ev":"game","ms":412027,"predicted":false,"t":5,"tick":24586,"type":"hit"}
[client] {"a":3,"dup":false,"ev":"game","ms":412180,"predicted":false,"t":-1,"tick":24595,"type":"respawn"}
[client] {"a":5,"dup":false,"ev":"game","ms":412414,"predicted":false,"t":2,"tick":24609,"type":"parry"}
[client] {"a":4,"dup":false,"ev":"game","ms":412710,"predicted":false,"t":5,"tick":24627,"type":"hit"}
[client] {"a":2,"dup":false,"ev":"game","ms":412966,"predicted":false,"t":5,"tick":24642,"type":"hit"}
[client] {"a":4,"dup":false,"ev":"game","ms":414946,"predicted":false,"t":8,"tick":24761,"type":"hit"}
[client] {"counts":{"blocks_on_me":0,"conf_actions":241,"confirmed_hits":1163,"dup_confirmed":0,"hits_on_me":125,"pred_actions":257,"predicted_confirmed":94,"predicted_hits":246,"reconnects":0},"ev":"stats","hp":220.0,"in_bytes":5461102,"late":0,"local_entity":6,"match":{"countdown_until":300,"ctrl":-1,"final":false,"next":"A","phase":3,"rot":734,"scores":[34,15],"sd":false,"state":3,"tick":24466,"zone":"B"},"max_err":2.003,"mean_err":0.0208,"ms":414966,"out_bytes":1213599,"pending":7,"pos":[-2.71,3.27],"reconciles":8189,"server_tick":24767,"snaps":8204,"teleports":13}
[client] {"a":4,"dup":false,"ev":"game","ms":415001,"predicted":false,"t":5,"tick":24764,"type":"hit"}
[client] {"a":5,"dup":false,"ev":"game","ms":416264,"predicted":false,"t":4,"tick":24840,"type":"hit"}
[client] {"a":1,"dup":false,"ev":"game","ms":416386,"predicted":false,"t":-1,"tick":24847,"type":"respawn"}
[client] {"a":0,"dup":false,"ev":"game","ms":416604,"predicted":false,"t":5,"tick":24860,"type":"hit"}
[client] {"a":5,"dup":false,"ev":"game","ms":416968,"predicted":false,"t":0,"tick":24882,"type":"hit"}
[client] {"a":5,"dup":false,"ev":"game","ms":416968,"predicted":false,"t":2,"tick":24882,"type":"hit"}
[client] {"a":8,"dup":false,"ev":"game","ms":417169,"predicted":false,"t":4,"tick":24894,"type":"hit"}
[client] {"a":0,"dup":false,"ev":"game","ms":417313,"predicted":false,"t":5,"tick":24903,"type":"hit"}
[client] {"a":6,"dup":true,"ev":"game","ms":417369,"predicted":false,"t":2,"tick":24911,"type":"hit"}
[client] {"a":6,"dup":true,"ev":"game","ms":417369,"predicted":false,"t":0,"tick":24912,"type":"hit"}
[client] {"a":2,"dup":false,"ev":"game","ms":417417,"predicted":false,"t":5,"tick":24909,"type":"hit"}
[client] {"a":8,"dup":false,"ev":"game","ms":417513,"predicted":false,"t":4,"tick":24915,"type":"hit"}
[client] {"a":8,"dup":false,"ev":"game","ms":417865,"predicted":false,"t":4,"tick":24936,"type":"hit"}
[client] {"a":2,"dup":false,"ev":"game","ms":418286,"predicted":false,"t":6,"tick":24961,"type":"hit"}
[client] {"a":2,"dup":false,"ev":"game","ms":418299,"predicted":false,"t":5,"tick":24962,"type":"hit"}
[client] {"a":8,"dup":false,"ev":"game","ms":418347,"predicted":false,"t":0,"tick":24965,"type":"hit"}
[client] {"a":8,"dup":false,"ev":"game","ms":418568,"predicted":false,"t":0,"tick":24979,"type":"hit"}
[client] {"a":8,"dup":false,"ev":"game","ms":419168,"predicted":false,"t":4,"tick":25014,"type":"hit"}
[client] {"a":2,"dup":false,"ev":"game","ms":419334,"predicted":false,"t":8,"tick":25024,"type":"hit"}
[client] {"a":3,"dup":false,"ev":"game","ms":419451,"predicted":false,"t":6,"tick":25031,"type":"hit"}
[client] {"a":0,"dup":false,"ev":"game","ms":419465,"predicted":false,"t":6,"tick":25032,"type":"hit"}
[client] {"a":9,"dup":false,"ev":"game","ms":419817,"predicted":false,"t":-1,"tick":25053,"type":"respawn"}
[client] {"a":3,"dup":false,"ev":"game","ms":419865,"predicted":false,"t":7,"tick":25056,"type":"hit"}
[client] {"counts":{"blocks_on_me":0,"conf_actions":246,"confirmed_hits":1184,"dup_confirmed":0,"hits_on_me":128,"pred_actions":263,"predicted_confirmed":96,"predicted_hits":251,"reconnects":0},"ev":"stats","hp":160.0,"in_bytes":5534171,"late":0,"local_entity":6,"match":{"countdown_until":300,"ctrl":-1,"final":false,"next":"A","phase":3,"rot":431,"scores":[34,15],"sd":false,"state":3,"tick":24769,"zone":"B"},"max_err":2.003,"mean_err":0.0209,"ms":419968,"out_bytes":1228299,"pending":7,"pos":[-2.23,-3.06],"reconciles":8289,"server_tick":25067,"snaps":8305,"teleports":13}
[client] {"a":5,"dup":false,"ev":"game","ms":419996,"predicted":false,"t":0,"tick":25064,"type":"hit"}
[client] {"a":5,"dup":false,"ev":"game","ms":420017,"predicted":false,"t":3,"tick":25065,"type":"hit"}
[client] {"a":4,"dup":false,"ev":"game","ms":420265,"predicted":false,"t":5,"tick":25080,"type":"hit"}
[client] {"a":4,"dup":false,"ev":"game","ms":420535,"predicted":false,"t":5,"tick":25096,"type":"hit"}
[client] {"a":4,"dup":false,"ev":"game","ms":420569,"predicted":false,"t":7,"tick":25098,"type":"hit"}
[client] {"a":2,"dup":false,"ev":"game","ms":420583,"predicted":false,"t":5,"tick":25099,"type":"hit"}
[client] {"a":4,"dup":false,"ev":"game","ms":420583,"predicted":false,"t":6,"tick":25099,"type":"hit"}
[client] {"a":8,"dup":false,"ev":"game","ms":421138,"predicted":false,"t":2,"tick":25132,"type":"hit"}
[client] {"a":2,"dup":false,"ev":"game","ms":421138,"predicted":false,"t":-1,"tick":25132,"type":"ko"}
[client] {"a":4,"dup":false,"ev":"game","ms":421334,"predicted":false,"t":7,"tick":25144,"type":"hit"}
[client] {"a":5,"dup":false,"ev":"game","ms":421414,"predicted":false,"t":4,"tick":25149,"type":"hit"}
[client] {"a":3,"dup":false,"ev":"game","ms":421663,"predicted":false,"t":6,"tick":25164,"type":"hit"}
[client] {"a":5,"dup":false,"ev":"game","ms":421745,"predicted":false,"t":0,"tick":25169,"type":"hit"}
[client] {"a":4,"dup":false,"ev":"game","ms":421814,"predicted":false,"t":5,"tick":25173,"type":"hit"}
[client] {"a":5,"dup":false,"ev":"game","ms":421814,"predicted":false,"t":-1,"tick":25173,"type":"ko"}
[client] {"a":3,"dup":false,"ev":"game","ms":421994,"predicted":false,"t":6,"tick":25184,"type":"hit"}
[client] {"a":3,"dup":false,"ev":"game","ms":422332,"predicted":false,"t":6,"tick":25204,"type":"hit"}
[client] {"a":4,"dup":false,"ev":"game","ms":422614,"predicted":false,"t":7,"tick":25221,"type":"hit"}
[client] {"a":0,"dup":false,"ev":"game","ms":422663,"predicted":false,"t":7,"tick":25224,"type":"hit"}
[client] {"a":0,"dup":false,"ev":"game","ms":423015,"predicted":false,"t":7,"tick":25245,"type":"hit"}
[client] {"a":3,"dup":false,"ev":"game","ms":423029,"predicted":false,"t":7,"tick":25246,"type":"hit"}
[client] {"a":8,"dup":false,"ev":"game","ms":423132,"predicted":false,"t":4,"tick":25252,"type":"hit"}
[client] {"a":6,"dup":true,"ev":"game","ms":423229,"predicted":false,"t":3,"tick":25263,"type":"hit"}
[client] {"a":7,"dup":false,"ev":"game","ms":424312,"predicted":false,"t":0,"tick":25323,"type":"hit"}
[client] {"a":4,"dup":false,"ev":"game","ms":424534,"predicted":false,"t":7,"tick":25336,"type":"hit"}
[client] {"a":8,"dup":false,"ev":"game","ms":424933,"predicted":false,"t":4,"tick":25360,"type":"hit"}
[client] {"counts":{"blocks_on_me":0,"conf_actions":256,"confirmed_hits":1208,"dup_confirmed":0,"hits_on_me":132,"pred_actions":274,"predicted_confirmed":97,"predicted_hits":257,"reconnects":0},"ev":"stats","hp":49.0,"in_bytes":5609590,"late":0,"local_entity":6,"match":{"countdown_until":300,"ctrl":-1,"final":false,"next":"A","phase":3,"rot":131,"scores":[34,15],"sd":false,"state":3,"tick":25069,"zone":"B"},"max_err":2.003,"mean_err":0.0215,"ms":424966,"out_bytes":1242999,"pending":7,"pos":[-4.06,0.27],"reconciles":8388,"server_tick":25367,"snaps":8404,"teleports":13}
[client] {"a":0,"dup":false,"ev":"game","ms":424981,"predicted":false,"t":6,"tick":25363,"type":"hit"}
[client] {"a":7,"dup":false,"ev":"game","ms":425099,"predicted":false,"t":0,"tick":25370,"type":"hit"}
[client] {"a":7,"dup":false,"ev":"game","ms":425099,"predicted":false,"t":4,"tick":25370,"type":"hit"}
[client] {"a":4,"dup":false,"ev":"game","ms":425498,"predicted":false,"t":7,"tick":25394,"type":"hit"}
[client] {"a":1,"dup":false,"ev":"game","ms":425616,"predicted":false,"t":8,"tick":25401,"type":"hit"}
[client] {"a":4,"dup":false,"ev":"game","ms":426169,"predicted":false,"t":6,"tick":25434,"type":"hit"}
[client] {"a":7,"dup":false,"ev":"game","ms":426486,"predicted":false,"t":4,"tick":25453,"type":"hit"}
[client] {"a":-1,"dup":false,"ev":"game","ms":427251,"predicted":false,"t":-1,"tick":25499,"type":"zone_rotated"}
[client] {"a":8,"dup":false,"ev":"game","ms":427313,"predicted":false,"t":3,"tick":25503,"type":"hit"}
[client] {"a":6,"dup":false,"ev":"game","ms":427548,"predicted":false,"t":-1,"tick":25523,"type":"ko"}
[client] {"a":0,"dup":false,"ev":"game","ms":427651,"predicted":false,"t":6,"tick":25523,"type":"hit"}
[client] {"a":3,"dup":false,"ev":"game","ms":427686,"predicted":false,"t":7,"tick":25525,"type":"hit"}
[client] {"a":9,"dup":false,"ev":"game","ms":427936,"predicted":false,"t":3,"tick":25540,"type":"hit"}
[client] {"a":7,"dup":false,"ev":"game","ms":428031,"predicted":false,"t":3,"tick":25546,"type":"hit"}
[client] {"a":0,"dup":false,"ev":"game","ms":428231,"predicted":false,"t":7,"tick":25558,"type":"hit"}
[client] {"a":1,"dup":false,"ev":"game","ms":428265,"predicted":false,"t":8,"tick":25560,"type":"hit"}
[client] {"a":0,"dup":false,"ev":"game","ms":428286,"predicted":false,"t":9,"tick":25561,"type":"hit"}
[client] {"a":7,"dup":false,"ev":"game","ms":428687,"predicted":false,"t":0,"tick":25585,"type":"hit"}
[client] {"a":9,"dup":false,"ev":"game","ms":428748,"predicted":false,"t":3,"tick":25589,"type":"hit"}
[client] {"a":1,"dup":false,"ev":"game","ms":428935,"predicted":false,"t":8,"tick":25600,"type":"hit"}
[client] {"a":9,"dup":false,"ev":"game","ms":429066,"predicted":false,"t":3,"tick":25608,"type":"hit"}
[client] {"a":9,"dup":false,"ev":"game","ms":429417,"predicted":false,"t":3,"tick":25629,"type":"hit"}
[client] {"a":0,"dup":false,"ev":"game","ms":429466,"predicted":false,"t":7,"tick":25632,"type":"hit"}
[client] {"a":3,"dup":false,"ev":"game","ms":429783,"predicted":false,"t":9,"tick":25651,"type":"hit"}
[client] {"a":1,"dup":false,"ev":"game","ms":429852,"predicted":false,"t":9,"tick":25655,"type":"hit"}
[client] {"a":0,"dup":false,"ev":"game","ms":429866,"predicted":false,"t":7,"tick":25656,"type":"hit"}
[client] {"a":7,"dup":false,"ev":"game","ms":429866,"predicted":false,"t":-1,"tick":25656,"type":"ko"}
[client] {"counts":{"blocks_on_me":0,"conf_actions":260,"confirmed_hits":1232,"dup_confirmed":0,"hits_on_me":135,"pred_actions":278,"predicted_confirmed":97,"predicted_hits":260,"reconnects":0},"ev":"stats","hp":0.0,"in_bytes":5680016,"late":0,"local_entity":6,"match":{"countdown_until":300,"ctrl":-1,"final":true,"next":"","phase":3,"rot":3434,"scores":[34,15],"sd":false,"state":1,"tick":25366,"zone":"A"},"max_err":2.003,"mean_err":0.0214,"ms":429969,"out_bytes":1257699,"pending":7,"pos":[-3.5,-1.31],"reconciles":8488,"server_tick":25667,"snaps":8503,"teleports":13}
[client] {"a":2,"dup":false,"ev":"game","ms":431136,"predicted":false,"t":-1,"tick":25732,"type":"respawn"}
[client] {"a":5,"dup":false,"ev":"game","ms":431812,"predicted":false,"t":-1,"tick":25773,"type":"respawn"}
[client] {"counts":{"blocks_on_me":0,"conf_actions":260,"confirmed_hits":1232,"dup_confirmed":0,"hits_on_me":135,"pred_actions":278,"predicted_confirmed":97,"predicted_hits":260,"reconnects":0},"ev":"stats","hp":0.0,"in_bytes":5742638,"late":0,"local_entity":6,"match":{"countdown_until":300,"ctrl":-1,"final":true,"next":"","phase":3,"rot":3134,"scores":[35,15],"sd":false,"state":3,"tick":25666,"zone":"A"},"max_err":2.003,"mean_err":0.0212,"ms":434966,"out_bytes":1272399,"pending":7,"pos":[-3.5,-1.31],"reconciles":8588,"server_tick":25967,"snaps":8603,"teleports":13}
[client] {"a":4,"dup":false,"ev":"game","ms":435027,"predicted":false,"t":8,"tick":25966,"type":"hit"}
[client] {"a":4,"dup":false,"ev":"game","ms":435428,"predicted":false,"t":8,"tick":25990,"type":"hit"}
[client] {"a":4,"dup":false,"ev":"game","ms":435766,"predicted":false,"t":8,"tick":26010,"type":"hit"}
[client] {"a":0,"dup":false,"ev":"game","ms":436166,"predicted":false,"t":8,"tick":26034,"type":"hit"}
[client] {"a":8,"dup":false,"ev":"game","ms":436166,"predicted":false,"t":-1,"tick":26034,"type":"ko"}
[client] {"a":9,"dup":false,"ev":"game","ms":436249,"predicted":false,"t":4,"tick":26039,"type":"hit"}
[client] {"a":4,"dup":false,"ev":"game","ms":436649,"predicted":false,"t":9,"tick":26063,"type":"hit"}
[client] {"a":9,"dup":false,"ev":"game","ms":437429,"predicted":false,"t":0,"tick":26110,"type":"hit"}
[client] {"a":0,"dup":false,"ev":"game","ms":437429,"predicted":false,"t":-1,"tick":26110,"type":"ko"}
[client] {"a":4,"dup":false,"ev":"game","ms":437463,"predicted":false,"t":9,"tick":26112,"type":"hit"}
[client] {"a":3,"dup":false,"ev":"game","ms":437532,"predicted":false,"t":9,"tick":26116,"type":"hit"}
[client] {"a":6,"dup":false,"ev":"game","ms":437546,"predicted":false,"t":-1,"tick":26123,"type":"respawn"}
[client] {"a":4,"dup":false,"ev":"game","ms":437801,"predicted":false,"t":9,"tick":26132,"type":"hit"}
[client] {"a":3,"dup":false,"ev":"game","ms":437863,"predicted":false,"t":9,"tick":26136,"type":"hit"}
[client] {"a":1,"dup":false,"ev":"game","ms":438063,"predicted":false,"t":9,"tick":26148,"type":"hit"}
[client] {"a":9,"dup":false,"ev":"game","ms":439050,"predicted":false,"t":1,"tick":26207,"type":"hit"}
[client] {"a":7,"dup":false,"ev":"game","ms":439852,"predicted":false,"t":-1,"tick":26256,"type":"respawn"}
[client] {"counts":{"blocks_on_me":0,"conf_actions":260,"confirmed_hits":1245,"dup_confirmed":0,"hits_on_me":135,"pred_actions":278,"predicted_confirmed":97,"predicted_hits":260,"reconnects":0},"ev":"stats","hp":220.0,"in_bytes":5808041,"late":0,"local_entity":6,"match":{"countdown_until":300,"ctrl":-1,"final":true,"next":"","phase":3,"rot":2834,"scores":[35,15],"sd":false,"state":3,"tick":25966,"zone":"A"},"max_err":2.003,"mean_err":0.021,"ms":439954,"out_bytes":1287099,"pending":7,"pos":[1.79,32.3],"reconciles":8686,"server_tick":26266,"snaps":8702,"teleports":14}
[client] {"a":1,"dup":false,"ev":"game","ms":440038,"predicted":false,"t":9,"tick":26267,"type":"hit"}
[client] {"a":9,"dup":false,"ev":"game","ms":440722,"predicted":false,"t":1,"tick":26308,"type":"hit"}
[client] {"a":1,"dup":false,"ev":"game","ms":441922,"predicted":false,"t":9,"tick":26380,"type":"hit"}
[client] {"a":9,"dup":false,"ev":"game","ms":441922,"predicted":false,"t":-1,"tick":26380,"type":"ko"}
[client] {"a":4,"dup":false,"ev":"game","ms":442426,"predicted":false,"t":5,"tick":26410,"type":"hit"}
[client] {"a":5,"dup":false,"ev":"game","ms":444406,"predicted":false,"t":4,"tick":26529,"type":"hit"}
[client] {"a":3,"dup":false,"ev":"game","ms":444937,"predicted":false,"t":5,"tick":26561,"type":"hit"}
[client] {"counts":{"blocks_on_me":0,"conf_actions":260,"confirmed_hits":1251,"dup_confirmed":0,"hits_on_me":135,"pred_actions":278,"predicted_confirmed":97,"predicted_hits":260,"reconnects":0},"ev":"stats","hp":220.0,"in_bytes":5869762,"late":0,"local_entity":6,"match":{"countdown_until":300,"ctrl":-1,"final":true,"next":"","phase":3,"rot":2534,"scores":[35,15],"sd":false,"state":3,"tick":26266,"zone":"A"},"max_err":2.003,"mean_err":0.0207,"ms":444957,"out_bytes":1301799,"pending":7,"pos":[-23.19,11.32],"reconciles":8786,"server_tick":26566,"snaps":8802,"teleports":14}
[client] {"a":8,"dup":false,"ev":"game","ms":446158,"predicted":false,"t":-1,"tick":26634,"type":"respawn"}
[client] {"a":5,"dup":false,"ev":"game","ms":446289,"predicted":false,"t":3,"tick":26642,"type":"hit"}
[client] {"a":5,"dup":false,"ev":"game","ms":446607,"predicted":false,"t":3,"tick":26661,"type":"hit"}
[client] {"a":3,"dup":false,"ev":"game","ms":447125,"predicted":false,"t":5,"tick":26692,"type":"hit"}
[client] {"a":1,"dup":false,"ev":"game","ms":447194,"predicted":false,"t":5,"tick":26696,"type":"hit"}
[client] {"a":0,"dup":false,"ev":"game","ms":447429,"predicted":false,"t":-1,"tick":26710,"type":"respawn"}
[client] {"a":6,"dup":true,"ev":"game","ms":447490,"predicted":false,"t":4,"tick":26719,"type":"hit"}
[client] {"a":4,"dup":false,"ev":"game","ms":447573,"predicted":false,"t":-1,"tick":26719,"type":"ko"}
[client] {"a":5,"dup":false,"ev":"game","ms":449056,"predicted":false,"t":3,"tick":26808,"type":"block"}
[client] {"a":6,"dup":false,"ev":"game","ms":449091,"predicted":false,"t":3,"tick":26815,"type":"block"}
[client] {"a":5,"dup":false,"ev":"game","ms":449395,"predicted":false,"t":3,"tick":26828,"type":"block"}
[client] {"a":6,"dup":false,"ev":"game","ms":449595,"predicted":false,"t":3,"tick":26845,"type":"block"}
[client] {"a":2,"dup":false,"ev":"game","ms":449800,"predicted":false,"t":5,"tick":26852,"type":"hit"}
[client] {"counts":{"blocks_on_me":0,"conf_actions":266,"confirmed_hits":1257,"dup_confirmed":0,"hits_on_me":135,"pred_actions":284,"predicted_confirmed":98,"predicted_hits":263,"reconnects":0},"ev":"stats","hp":220.0,"in_bytes":5934262,"late":0,"local_entity":6,"match":{"countdown_until":300,"ctrl":-1,"final":true,"next":"","phase":3,"rot":2234,"scores":[35,15],"sd":false,"state":3,"tick":26566,"zone":"A"},"max_err":2.003,"mean_err":0.0205,"ms":449959,"out_bytes":1316499,"pending":7,"pos":[-38.21,-1.09],"reconciles":8886,"server_tick":26866,"snaps":8902,"teleports":14}
[client] {"a":3,"dup":false,"ev":"game","ms":450491,"predicted":false,"t":5,"tick":26894,"type":"hit"}
[client] {"a":7,"dup":false,"ev":"game","ms":450878,"predicted":false,"t":3,"tick":26917,"type":"hit"}
[client] {"a":6,"dup":true,"ev":"game","ms":450878,"predicted":false,"t":3,"tick":26922,"type":"hit"}
[client] {"a":5,"dup":false,"ev":"game","ms":450892,"predicted":false,"t":3,"tick":26918,"type":"hit"}
[client] {"a":5,"dup":false,"ev":"game","ms":450947,"predicted":false,"t":2,"tick":26921,"type":"hit"}
[client] {"a":6,"dup":false,"ev":"game","ms":451196,"predicted":false,"t":3,"tick":26941,"type":"block"}
[client] {"a":5,"dup":false,"ev":"game","ms":451292,"predicted":false,"t":3,"tick":26942,"type":"hit"}
[client] {"a":5,"dup":false,"ev":"game","ms":451631,"predicted":false,"t":3,"tick":26962,"type":"hit"}
[client] {"a":5,"dup":false,"ev":"game","ms":451679,"predicted":false,"t":2,"tick":26965,"type":"hit"}
[client] {"a":7,"dup":false,"ev":"game","ms":451859,"predicted":false,"t":3,"tick":26976,"type":"hit"}
[client] {"a":3,"dup":false,"ev":"game","ms":451859,"predicted":false,"t":-1,"tick":26976,"type":"ko"}
[client] {"a":9,"dup":false,"ev":"game","ms":451927,"predicted":false,"t":-1,"tick":26980,"type":"respawn"}
[client] {"a":1,"dup":false,"ev":"game","ms":452348,"predicted":false,"t":5,"tick":27005,"type":"hit"}
[client] {"a":6,"dup":true,"ev":"game","ms":452479,"predicted":false,"t":2,"tick":27018,"type":"hit"}
[client] {"a":1,"dup":false,"ev":"game","ms":452749,"predicted":false,"t":5,"tick":27029,"type":"hit"}
[client] {"a":6,"dup":false,"ev":"game","ms":452796,"predicted":false,"t":2,"tick":27037,"type":"hit"}
[client] {"a":7,"dup":false,"ev":"game","ms":453031,"predicted":false,"t":2,"tick":27046,"type":"hit"}
[client] {"a":1,"dup":false,"ev":"game","ms":453328,"predicted":false,"t":5,"tick":27064,"type":"hit"}
[client] {"a":2,"dup":false,"ev":"game","ms":453645,"predicted":false,"t":6,"tick":27083,"type":"hit"}
[client] {"a":2,"dup":false,"ev":"game","ms":453645,"predicted":false,"t":7,"tick":27083,"type":"hit"}
[client] {"a":5,"dup":false,"ev":"game","ms":453693,"predicted":false,"t":1,"tick":27086,"type":"hit"}
[client] {"a":5,"dup":false,"ev":"game","ms":454197,"predicted":false,"t":1,"tick":27116,"type":"hit"}
[client] {"a":7,"dup":false,"ev":"game","ms":454777,"predicted":false,"t":1,"tick":27151,"type":"hit"}
[client] {"a":5,"dup":false,"ev":"game","ms":454846,"predicted":false,"t":1,"tick":27155,"type":"hit"}
[client] {"counts":{"blocks_on_me":0,"conf_actions":276,"confirmed_hits":1278,"dup_confirmed":0,"hits_on_me":136,"pred_actions":294,"predicted_confirmed":100,"predicted_hits":269,"reconnects":0},"ev":"stats","hp":182.0,"in_bytes":6005786,"late":0,"local_entity":6,"match":{"countdown_until":300,"ctrl":-1,"final":true,"next":"","phase":3,"rot":1934,"scores":[35,15],"sd":false,"state":3,"tick":26866,"zone":"A"},"max_err":2.003,"mean_err":0.0207,"ms":454962,"out_bytes":1331199,"pending":7,"pos":[-34.67,2.16],"reconciles":8986,"server_tick":27167,"snaps":9002,"teleports":14}
[client] {"a":7,"dup":false,"ev":"game","ms":455577,"predicted":false,"t":1,"tick":27199,"type":"hit"}
[client] {"a":2,"dup":false,"ev":"game","ms":455694,"predicted":false,"t":5,"tick":27206,"type":"hit"}
[client] {"a":2,"dup":false,"ev":"game","ms":456163,"predicted":false,"t":5,"tick":27234,"type":"hit"}
[client] {"a":6,"dup":false,"ev":"game","ms":456364,"predicted":false,"t":1,"tick":27251,"type":"block"}
[client] {"a":2,"dup":false,"ev":"game","ms":456515,"predicted":false,"t":5,"tick":27255,"type":"hit"}
[client] {"a":1,"dup":false,"ev":"game","ms":456695,"predicted":false,"t":6,"tick":27266,"type":"hit"}
[client] {"a":1,"dup":false,"ev":"game","ms":457012,"predicted":false,"t":6,"tick":27285,"type":"hit"}
[client] {"a":7,"dup":false,"ev":"game","ms":457130,"predicted":false,"t":2,"tick":27292,"type":"hit"}
[client] {"a":4,"dup":false,"ev":"game","ms":457578,"predicted":false,"t":-1,"tick":27319,"type":"respawn"}
[client] {"a":6,"dup":true,"ev":"game","ms":457578,"predicted":false,"t":1,"tick":27324,"type":"hit"}
[client] {"a":2,"dup":false,"ev":"game","ms":457599,"predicted":false,"t":5,"tick":27320,"type":"hit"}
[client] {"a":5,"dup":false,"ev":"game","ms":457599,"predicted":false,"t":-1,"tick":27320,"type":"ko"}
[client] {"a":1,"dup":false,"ev":"game","ms":457667,"predicted":false,"t":-1,"tick":27324,"type":"ko"}
[client] {"a":2,"dup":false,"ev":"game","ms":458047,"predicted":false,"t":7,"tick":27347,"type":"hit"}
[client] {"a":8,"dup":false,"ev":"game","ms":458468,"predicted":false,"t":2,"tick":27372,"type":"hit"}
[client] {"a":0,"dup":false,"ev":"game","ms":458682,"predicted":false,"t":7,"tick":27385,"type":"hit"}
[client] {"a":6,"dup":true,"ev":"game","ms":458896,"predicted":false,"t":0,"tick":27403,"type":"hit"}
[client] {"a":2,"dup":false,"ev":"game","ms":459096,"predicted":false,"t":7,"tick":27410,"type":"hit"}
[client] {"a":6,"dup":true,"ev":"game","ms":459468,"predicted":false,"t":2,"tick":27437,"type":"hit"}
[client] {"a":7,"dup":false,"ev":"game","ms":459600,"predicted":false,"t":2,"tick":27440,"type":"hit"}
[client] {"a":0,"dup":false,"ev":"game","ms":459848,"predicted":false,"t":6,"tick":27455,"type":"hit"}
[client] {"counts":{"blocks_on_me":0,"conf_actions":282,"confirmed_hits":1295,"dup_confirmed":0,"hits_on_me":139,"pred_actions":300,"predicted_confirmed":103,"predicted_hits":277,"reconnects":0},"ev":"stats","hp":108.0,"in_bytes":6073242,"late":0,"local_entity":6,"match":{"countdown_until":300,"ctrl":-1,"final":true,"next":"","phase":3,"rot":1634,"scores":[35,15],"sd":false,"state":3,"tick":27166,"zone":"A"},"max_err":2.003,"mean_err":0.0209,"ms":459964,"out_bytes":1345899,"pending":7,"pos":[-38.4,2.83],"reconciles":9085,"server_tick":27467,"snaps":9101,"teleports":14}
[client] {"a":7,"dup":false,"ev":"game","ms":460365,"predicted":false,"t":2,"tick":27486,"type":"hit"}
[client] {"a":0,"dup":false,"ev":"game","ms":460684,"predicted":false,"t":7,"tick":27505,"type":"hit"}
[client] {"a":6,"dup":true,"ev":"game","ms":460697,"predicted":false,"t":2,"tick":27511,"type":"hit"}
[client] {"a":0,"dup":false,"ev":"game","ms":460732,"predicted":false,"t":8,"tick":27508,"type":"hit"}
[client] {"a":2,"dup":false,"ev":"game","ms":461332,"predicted":false,"t":7,"tick":27544,"type":"hit"}
[client] {"a":2,"dup":false,"ev":"game","ms":461670,"predicted":false,"t":7,"tick":27564,"type":"hit"}
[client] {"a":0,"dup":false,"ev":"game","ms":461801,"predicted":false,"t":8,"tick":27572,"type":"hit"}
[client] {"a":3,"dup":false,"ev":"game","ms":461870,"predicted":false,"t":-1,"tick":27576,"type":"respawn"}
[client] {"a":7,"dup":false,"ev":"game","ms":462015,"predicted":false,"t":2,"tick":27585,"type":"hit"}
[client] {"a":8,"dup":false,"ev":"game","ms":462497,"predicted":false,"t":0,"tick":27614,"type":"hit"}
[client] {"a":2,"dup":false,"ev":"game","ms":462637,"predicted":false,"t":7,"tick":27622,"type":"hit"}
[client] {"a":0,"dup":false,"ev":"game","ms":463719,"predicted":false,"t":8,"tick":27687,"type":"hit"}
[client] {"a":0,"dup":false,"ev":"game","ms":463767,"predicted":false,"t":9,"tick":27690,"type":"hit"}
[client] {"a":6,"dup":true,"ev":"game","ms":463836,"predicted":false,"t":0,"tick":27699,"type":"hit"}
[client] {"a":7,"dup":false,"ev":"game","ms":464002,"predicted":false,"t":0,"tick":27704,"type":"hit"}
[client] {"a":2,"dup":false,"ev":"game","ms":464499,"predicted":false,"t":7,"tick":27734,"type":"hit"}
[client] {"counts":{"blocks_on_me":0,"conf_actions":289,"confirmed_hits":1310,"dup_confirmed":0,"hits_on_me":139,"pred_actions":307,"predicted_confirmed":105,"predicted_hits":281,"reconnects":0},"ev":"stats","hp":108.0,"in_bytes":6141414,"late":0,"local_entity":6,"match":{"countdown_until":300,"ctrl":-1,"final":true,"next":"","phase":3,"rot":1334,"scores":[35,15],"sd":false,"state":3,"tick":27466,"zone":"A"},"max_err":2.003,"mean_err":0.0209,"ms":464967,"out_bytes":1360599,"pending":7,"pos":[-39.23,-5.83],"reconciles":9185,"server_tick":27767,"snaps":9201,"teleports":14}
[client] {"a":2,"dup":false,"ev":"game","ms":464989,"predicted":false,"t":7,"tick":27763,"type":"hit"}
[client] {"a":9,"dup":false,"ev":"game","ms":464989,"predicted":false,"t":2,"tick":27763,"type":"hit"}
[client] {"a":2,"dup":false,"ev":"game","ms":464989,"predicted":false,"t":-1,"tick":27763,"type":"ko"}
[client] {"a":8,"dup":false,"ev":"game","ms":465216,"predicted":false,"t":0,"tick":27777,"type":"hit"}
[client] {"a":8,"dup":false,"ev":"game","ms":465554,"predicted":false,"t":0,"tick":27798,"type":"hit"}
[client] {"a":6,"dup":true,"ev":"game","ms":466238,"predicted":false,"t":0,"tick":27844,"type":"hit"}
[client] {"a":7,"dup":false,"ev":"game","ms":466438,"predicted":false,"t":0,"tick":27851,"type":"hit"}
[client] {"a":0,"dup":false,"ev":"game","ms":466790,"predicted":false,"t":7,"tick":27872,"type":"hit"}
[client] {"a":7,"dup":false,"ev":"game","ms":466790,"predicted":false,"t":-1,"tick":27872,"type":"ko"}
[client] {"a":8,"dup":false,"ev":"game","ms":466900,"predicted":false,"t":0,"tick":27879,"type":"hit"}
[client] {"a":8,"dup":false,"ev":"game","ms":467321,"predicted":false,"t":0,"tick":27904,"type":"hit"}
[client] {"a":5,"dup":false,"ev":"game","ms":467590,"predicted":false,"t":-1,"tick":27920,"type":"respawn"}
[client] {"a":1,"dup":false,"ev":"game","ms":467652,"predicted":false,"t":-1,"tick":27924,"type":"respawn"}
[client] {"a":0,"dup":false,"ev":"game","ms":467673,"predicted":false,"t":8,"tick":27925,"type":"hit"}
[client] {"a":9,"dup":false,"ev":"game","ms":467804,"predicted":false,"t":0,"tick":27933,"type":"hit"}
[client] {"a":0,"dup":false,"ev":"game","ms":467804,"predicted":false,"t":-1,"tick":27933,"type":"ko"}
[client] {"a":9,"dup":false,"ev":"game","ms":467818,"predicted":false,"t":4,"tick":27934,"type":"hit"}
[client] {"a":4,"dup":false,"ev":"game","ms":469724,"predicted":false,"t":9,"tick":28048,"type":"hit"}
[client] {"counts":{"blocks_on_me":0,"conf_actions":292,"confirmed_hits":1323,"dup_confirmed":0,"hits_on_me":139,"pred_actions":310,"predicted_confirmed":106,"predicted_hits":284,"reconnects":0},"ev":"stats","hp":108.0,"in_bytes":6202469,"late":0,"local_entity":6,"match":{"countdown_until":300,"ctrl":-1,"final":true,"next":"","phase":3,"rot":1034,"scores":[35,15],"sd":false,"state":3,"tick":27766,"zone":"A"},"max_err":2.003,"mean_err":0.0207,"ms":469957,"out_bytes":1375299,"pending":7,"pos":[-42.43,-0.37],"reconciles":9285,"server_tick":28067,"snaps":9301,"teleports":14}
[client] {"a":8,"dup":false,"ev":"game","ms":470261,"predicted":false,"t":4,"tick":28080,"type":"hit"}
[client] {"a":8,"dup":false,"ev":"game","ms":470592,"predicted":false,"t":4,"tick":28100,"type":"hit"}
[client] {"a":8,"dup":false,"ev":"game","ms":470924,"predicted":false,"t":4,"tick":28120,"type":"hit"}
[client] {"a":4,"dup":false,"ev":"game","ms":471710,"predicted":false,"t":6,"tick":28167,"type":"hit"}
[client] {"a":8,"dup":false,"ev":"game","ms":472725,"predicted":false,"t":4,"tick":28228,"type":"hit"}
[client] {"a":8,"dup":false,"ev":"game","ms":473063,"predicted":false,"t":4,"tick":28248,"type":"hit"}
[client] {"a":4,"dup":false,"ev":"game","ms":473477,"predicted":false,"t":8,"tick":28273,"type":"hit"}
[client] {"a":3,"dup":false,"ev":"game","ms":473511,"predicted":false,"t":9,"tick":28275,"type":"hit"}
[client] {"a":4,"dup":false,"ev":"game","ms":474159,"predicted":false,"t":6,"tick":28314,"type":"hit"}
[client] {"a":6,"dup":false,"ev":"game","ms":474478,"predicted":false,"t":4,"tick":28338,"type":"hit"}
[client] {"a":9,"dup":false,"ev":"game","ms":474498,"predicted":false,"t":3,"tick":28334,"type":"hit"}
[client] {"counts":{"blocks_on_me":0,"conf_actions":301,"confirmed_hits":1334,"dup_confirmed":0,"hits_on_me":141,"pred_actions":321,"predicted_confirmed":106,"predicted_hits":284,"reconnects":0},"ev":"stats","hp":52.0,"in_bytes":6269785,"late":0,"local_entity":6,"match":{"countdown_until":300,"ctrl":-1,"final":true,"next":"","phase":3,"rot":734,"scores":[35,15],"sd":false,"state":3,"tick":28066,"zone":"A"},"max_err":2.003,"mean_err":0.0208,"ms":474959,"out_bytes":1389999,"pending":7,"pos":[-40.02,1.24],"reconciles":9385,"server_tick":28366,"snaps":9401,"teleports":14}
[client] {"a":3,"dup":false,"ev":"game","ms":474960,"predicted":false,"t":9,"tick":28362,"type":"hit"}
[client] {"a":2,"dup":false,"ev":"game","ms":474981,"predicted":false,"t":-1,"tick":28363,"type":"respawn"}
[client] {"a":4,"dup":false,"ev":"game","ms":475215,"predicted":false,"t":8,"tick":28377,"type":"hit"}
[client] {"a":6,"dup":false,"ev":"game","ms":475560,"predicted":false,"t":3,"tick":28403,"type":"hit"}
[client] {"a":9,"dup":false,"ev":"game","ms":475781,"predicted":false,"t":3,"tick":28411,"type":"hit"}
[client] {"a":6,"dup":true,"ev":"game","ms":475878,"predicted":false,"t":3,"tick":28422,"type":"hit"}
[client] {"a":4,"dup":false,"ev":"game","ms":476129,"predicted":false,"t":8,"tick":28432,"type":"hit"}
[client] {"a":6,"dup":true,"ev":"game","ms":476181,"predicted":false,"t":3,"tick":28440,"type":"hit"}
[client] {"a":9,"dup":false,"ev":"game","ms":476216,"predicted":false,"t":3,"tick":28437,"type":"hit"}
[client] {"a":4,"dup":false,"ev":"game","ms":476464,"predicted":false,"t":8,"tick":28452,"type":"hit"}
[client] {"a":9,"dup":false,"ev":"game","ms":476527,"predicted":false,"t":3,"tick":28456,"type":"hit"}
[client] {"a":7,"dup":false,"ev":"game","ms":476795,"predicted":false,"t":-1,"tick":28472,"type":"respawn"}
[client] {"a":8,"dup":false,"ev":"game","ms":476865,"predicted":false,"t":4,"tick":28476,"type":"hit"}
[client] {"a":9,"dup":false,"ev":"game","ms":477128,"predicted":false,"t":3,"tick":28492,"type":"hit"}
[client] {"a":8,"dup":false,"ev":"game","ms":477347,"predicted":false,"t":4,"tick":28505,"type":"hit"}
[client] {"a":6,"dup":true,"ev":"game","ms":477348,"predicted":false,"t":3,"tick":28511,"type":"hit"}
[client] {"a":6,"dup":true,"ev":"game","ms":477666,"predicted":false,"t":3,"tick":28529,"type":"hit"}
[client] {"a":4,"dup":false,"ev":"game","ms":477748,"predicted":false,"t":8,"tick":28529,"type":"hit"}
[client] {"a":0,"dup":false,"ev":"game","ms":477817,"predicted":false,"t":-1,"tick":28533,"type":"respawn"}
[client] {"a":9,"dup":false,"ev":"game","ms":477913,"predicted":false,"t":3,"tick":28539,"type":"hit"}
[client] {"a":4,"dup":false,"ev":"game","ms":478113,"predicted":false,"t":8,"tick":28551,"type":"hit"}
[client] {"a":9,"dup":false,"ev":"game","ms":478231,"predicted":false,"t":3,"tick":28558,"type":"hit"}
[client] {"a":6,"dup":true,"ev":"game","ms":478265,"predicted":false,"t":3,"tick":28565,"type":"hit"}
[client] {"a":4,"dup":false,"ev":"game","ms":478466,"predicted":false,"t":8,"tick":28572,"type":"hit"}
[client] {"a":8,"dup":false,"ev":"game","ms":478466,"predicted":false,"t":-1,"tick":28572,"type":"ko"}
[client] {"a":9,"dup":false,"ev":"game","ms":478631,"predicted":false,"t":3,"tick":28582,"type":"hit"}
[client] {"a":1,"dup":false,"ev":"game","ms":478665,"predicted":false,"t":6,"tick":28584,"type":"hit"}
[client] {"a":1,"dup":false,"ev":"game","ms":478997,"predicted":false,"t":6,"tick":28604,"type":"hit"}
[client] {"a":9,"dup":false,"ev":"game","ms":479162,"predicted":false,"t":1,"tick":28614,"type":"hit"}
[client] {"a":3,"dup":false,"ev":"game","ms":479218,"predicted":false,"t":9,"tick":28617,"type":"hit"}
[client] {"a":4,"dup":false,"ev":"game","ms":479431,"predicted":false,"t":5,"tick":28630,"type":"hit"}
[client] {"a":9,"dup":false,"ev":"game","ms":479562,"predicted":false,"t":3,"tick":28638,"type":"block"}
[client] {"a":4,"dup":false,"ev":"game","ms":479783,"predicted":false,"t":5,"tick":28651,"type":"hit"}
[client] {"a":6,"dup":false,"ev":"game","ms":479866,"predicted":false,"t":3,"tick":28661,"type":"block"}
[client] {"counts":{"blocks_on_me":0,"conf_actions":312,"confirmed_hits":1362,"dup_confirmed":0,"hits_on_me":143,"pred_actions":332,"predicted_confirmed":111,"predicted_hits":294,"reconnects":0},"ev":"stats","hp":16.0,"in_bytes":6343537,"late":0,"local_entity":6,"match":{"countdown_until":300,"ctrl":-1,"final":true,"next":"","phase":3,"rot":434,"scores":[35,15],"sd":false,"state":3,"tick":28366,"zone":"A"},"max_err":2.003,"mean_err":0.0208,"ms":479962,"out_bytes":1404699,"pending":7,"pos":[-36.29,-0.37],"reconciles":9485,"server_tick":28667,"snaps":9501,"teleports":14}
[client] {"a":4,"dup":false,"ev":"game","ms":480018,"predicted":false,"t":5,"tick":28665,"type":"hit"}
[client] {"a":9,"dup":false,"ev":"game","ms":480163,"predicted":false,"t":3,"tick":28674,"type":"block"}
[client] {"a":6,"dup":false,"ev":"game","ms":480418,"predicted":false,"t":3,"tick":28695,"type":"block"}
[client] {"a":1,"dup":false,"ev":"game","ms":480597,"predicted":false,"t":5,"tick":28700,"type":"hit"}
[client] {"a":6,"dup":true,"ev":"game","ms":481304,"predicted":false,"t":3,"tick":28748,"type":"hit"}
[client] {"a":3,"dup":false,"ev":"game","ms":481397,"predicted":false,"t":-1,"tick":28748,"type":"ko"}
[client] {"a":5,"dup":false,"ev":"game","ms":481515,"predicted":false,"t":1,"tick":28756,"type":"hit"}
[client] {"a":1,"dup":false,"ev":"game","ms":482668,"predicted":false,"t":9,"tick":28825,"type":"hit"}
[client] {"a":6,"dup":true,"ev":"game","ms":482902,"predicted":false,"t":1,"tick":28843,"type":"hit"}
[client] {"a":4,"dup":false,"ev":"game","ms":483281,"predicted":false,"t":9,"tick":28862,"type":"hit"}
[client] {"a":6,"dup":true,"ev":"game","ms":483337,"predicted":false,"t":1,"tick":28869,"type":"hit"}
[client] {"a":6,"dup":true,"ev":"game","ms":483647,"predicted":false,"t":1,"tick":28888,"type":"hit"}
[client] {"a":4,"dup":false,"ev":"game","ms":483916,"predicted":false,"t":9,"tick":28900,"type":"hit"}
[client] {"a":1,"dup":false,"ev":"game","ms":484791,"predicted":false,"t":9,"tick":28952,"type":"hit"}
[client] {"counts":{"blocks_on_me":0,"conf_actions":319,"confirmed_hits":1373,"dup_confirmed":0,"hits_on_me":143,"pred_actions":339,"predicted_confirmed":115,"predicted_hits":304,"reconnects":0},"ev":"stats","hp":16.0,"in_bytes":6415077,"late":0,"local_entity":6,"match":{"countdown_until":300,"ctrl":-1,"final":true,"next":"","phase":3,"rot":134,"scores":[35,15],"sd":false,"state":3,"tick":28666,"zone":"A"},"max_err":2.003,"mean_err":0.0207,"ms":484956,"out_bytes":1419399,"pending":7,"pos":[-38.96,-0.47],"reconciles":9585,"server_tick":28967,"snaps":9601,"teleports":14}
[client] {"a":5,"dup":false,"ev":"game","ms":484956,"predicted":false,"t":4,"tick":28962,"type":"hit"}
[client] {"a":9,"dup":false,"ev":"game","ms":485308,"predicted":false,"t":1,"tick":28983,"type":"hit"}
[client] {"a":4,"dup":false,"ev":"game","ms":485378,"predicted":false,"t":5,"tick":28987,"type":"hit"}
[client] {"a":1,"dup":false,"ev":"game","ms":485861,"predicted":false,"t":9,"tick":29016,"type":"block"}
[client] {"a":9,"dup":false,"ev":"game","ms":486109,"predicted":false,"t":1,"tick":29031,"type":"hit"}
[client] {"a":4,"dup":false,"ev":"game","ms":486213,"predicted":false,"t":5,"tick":29037,"type":"hit"}
[client] {"a":9,"dup":false,"ev":"game","ms":486426,"predicted":false,"t":1,"tick":29050,"type":"hit"}
[client] {"a":6,"dup":true,"ev":"game","ms":486592,"predicted":false,"t":4,"tick":29065,"type":"hit"}
[client] {"a":1,"dup":false,"ev":"game","ms":486778,"predicted":false,"t":9,"tick":29071,"type":"hit"}
[client] {"a":9,"dup":false,"ev":"game","ms":486778,"predicted":false,"t":-1,"tick":29071,"type":"ko"}
[client] {"a":6,"dup":true,"ev":"game","ms":486909,"predicted":false,"t":4,"tick":29084,"type":"hit"}
[client] {"a":4,"dup":false,"ev":"game","ms":486992,"predicted":false,"t":-1,"tick":29084,"type":"ko"}
[client] {"a":2,"dup":false,"ev":"game","ms":487095,"predicted":false,"t":6,"tick":29090,"type":"hit"}
[client] {"duration_s":480.0,"ev":"results","ms":487288,"reason":"time","score":[35,15],"winner":0}
[client] {"counts":{"blocks_on_me":0,"conf_actions":324,"confirmed_hits":1383,"dup_confirmed":0,"hits_on_me":144,"pred_actions":344,"predicted_confirmed":117,"predicted_hits":308,"reconnects":0},"ev":"stats","hp":2.0,"in_bytes":6451979,"late":0,"local_entity":6,"match":{"countdown_until":300,"ctrl":-1,"final":true,"next":"","phase":3,"rot":2,"scores":[35,15],"sd":false,"state":3,"tick":28798,"zone":"A"},"max_err":2.003,"mean_err":0.0206,"ms":487288,"out_bytes":1426259,"pending":15,"pos":[-40.5,1.17],"reconciles":9629,"server_tick":29107,"snaps":9645,"teleports":14}
[client] {"a":-1,"dup":false,"ev":"game","ms":487295,"predicted":false,"t":-1,"tick":29099,"type":"match_end"}
ERROR: Attempt to disconnect a nonexistent connection from 'Net:<Node#47596963389>'. Signal: 'tree_exited', callable: ''.
   at: _disconnect (core/object/object.cpp:1644)
