Godot Engine v4.7.2.stable.official.ed1daf0bf - https://godotengine.org

[client] {"detail":"127.0.0.1:24610","ev":"status","ms":1,"status":"connecting"}
[client] {"detail":"","ev":"status","ms":56,"status":"connected"}
[client] {"ev":"welcome","ms":70,"observer":false,"pid":10}
[client] {"ev":"pick","f":"bruno","ms":112}
[client] {"ev":"lock","f":"bruno","ms":926}
[client] {"ev":"match_setup","fighters":10,"ms":1956,"you":3}
[client] {"counts":{"blocks_on_me":0,"conf_actions":0,"confirmed_hits":0,"dup_confirmed":0,"hits_on_me":0,"pred_actions":0,"predicted_confirmed":0,"predicted_hits":0,"reconnects":0},"ev":"stats","hp":280.0,"in_bytes":88167,"late":0,"local_entity":3,"match":{"countdown_until":300,"ctrl":-1,"final":false,"next":"","phase":2,"rot":3600,"scores":[0,0],"sd":false,"state":1,"tick":0,"zone":""},"max_err":0.738,"mean_err":0.2371,"ms":4965,"out_bytes":8889,"pending":6,"pos":[3.09,-46.27],"reconciles":56,"server_tick":181,"snaps":57,"teleports":1}
[client] {"counts":{"blocks_on_me":0,"conf_actions":0,"confirmed_hits":0,"dup_confirmed":0,"hits_on_me":0,"pred_actions":0,"predicted_confirmed":0,"predicted_hits":0,"reconnects":0},"ev":"stats","hp":280.0,"in_bytes":135249,"late":0,"local_entity":3,"match":{"countdown_until":300,"ctrl":-1,"final":false,"next":"","phase":3,"rot":3419,"scores":[0,0],"sd":false,"state":1,"tick":181,"zone":"B"},"max_err":0.738,"mean_err":0.148,"ms":9968,"out_bytes":23589,"pending":6,"pos":[1.81,-25.99],"reconciles":156,"server_tick":481,"snaps":157,"teleports":1}
[client] {"a":3,"dup":true,"ev":"game","ms":14005,"predicted":false,"t":6,"tick":724,"type":"hit"}
[client] {"a":5,"dup":false,"ev":"game","ms":14675,"predicted":false,"t":3,"tick":759,"type":"hit"}
[client] {"counts":{"blocks_on_me":0,"conf_actions":2,"confirmed_hits":2,"dup_confirmed":0,"hits_on_me":1,"pred_actions":2,"predicted_confirmed":1,"predicted_hits":4,"reconnects":0},"ev":"stats","hp":254.0,"in_bytes":198263,"late":0,"local_entity":3,"match":{"countdown_until":300,"ctrl":-1,"final":false,"next":"","phase":3,"rot":3119,"scores":[0,0],"sd":false,"state":3,"tick":481,"zone":"B"},"max_err":1.1,"mean_err":0.1066,"ms":14970,"out_bytes":38289,"pending":6,"pos":[-2.07,-4.3],"reconciles":256,"server_tick":781,"snaps":257,"teleports":1}
[client] {"a":3,"dup":true,"ev":"game","ms":15516,"predicted":false,"t":5,"tick":815,"type":"hit"}
[client] {"a":2,"dup":false,"ev":"game","ms":15930,"predicted":false,"t":5,"tick":835,"type":"hit"}
[client] {"a":2,"dup":false,"ev":"game","ms":15931,"predicted":false,"t":9,"tick":835,"type":"hit"}
[client] {"a":2,"dup":false,"ev":"game","ms":16014,"predicted":false,"t":6,"tick":840,"type":"hit"}
[client] {"a":1,"dup":false,"ev":"game","ms":16048,"predicted":false,"t":6,"tick":842,"type":"hit"}
[client] {"a":1,"dup":false,"ev":"game","ms":16082,"predicted":false,"t":5,"tick":844,"type":"hit"}
[client] {"a":1,"dup":false,"ev":"game","ms":16082,"predicted":false,"t":9,"tick":844,"type":"hit"}
[client] {"a":3,"dup":true,"ev":"game","ms":16268,"predicted":false,"t":7,"tick":859,"type":"hit"}
[client] {"a":8,"dup":false,"ev":"game","ms":16731,"predicted":false,"t":4,"tick":883,"type":"hit"}
[client] {"a":2,"dup":false,"ev":"game","ms":16987,"predicted":false,"t":6,"tick":897,"type":"hit"}
[client] {"a":1,"dup":false,"ev":"game","ms":17083,"predicted":false,"t":5,"tick":904,"type":"hit"}
[client] {"a":1,"dup":false,"ev":"game","ms":17083,"predicted":false,"t":6,"tick":904,"type":"hit"}
[client] {"a":1,"dup":false,"ev":"game","ms":17117,"predicted":false,"t":9,"tick":906,"type":"hit"}
[client] {"a":1,"dup":false,"ev":"game","ms":17131,"predicted":false,"t":7,"tick":907,"type":"hit"}
[client] {"a":8,"dup":false,"ev":"game","ms":17366,"predicted":false,"t":4,"tick":920,"type":"hit"}
[client] {"a":7,"dup":false,"ev":"game","ms":18001,"predicted":false,"t":3,"tick":959,"type":"hit"}
[client] {"a":8,"dup":false,"ev":"game","ms":18050,"predicted":false,"t":2,"tick":962,"type":"hit"}
[client] {"a":7,"dup":false,"ev":"game","ms":18318,"predicted":false,"t":3,"tick":977,"type":"hit"}
[client] {"a":4,"dup":false,"ev":"game","ms":18353,"predicted":false,"t":8,"tick":979,"type":"hit"}
[client] {"a":7,"dup":false,"ev":"game","ms":18649,"predicted":false,"t":3,"tick":998,"type":"hit"}
[client] {"a":2,"dup":false,"ev":"game","ms":18685,"predicted":false,"t":8,"tick":1000,"type":"hit"}
[client] {"a":4,"dup":false,"ev":"game","ms":18718,"predicted":false,"t":8,"tick":1002,"type":"hit"}
[client] {"a":9,"dup":false,"ev":"game","ms":18918,"predicted":false,"t":3,"tick":1013,"type":"hit"}
[client] {"a":8,"dup":false,"ev":"game","ms":19132,"predicted":false,"t":0,"tick":1026,"type":"hit"}
[client] {"a":2,"dup":false,"ev":"game","ms":19436,"predicted":false,"t":8,"tick":1044,"type":"hit"}
[client] {"a":7,"dup":false,"ev":"game","ms":19436,"predicted":false,"t":3,"tick":1044,"type":"hit"}
[client] {"a":2,"dup":false,"ev":"game","ms":19753,"predicted":false,"t":8,"tick":1063,"type":"hit"}
[client] {"a":9,"dup":false,"ev":"game","ms":19871,"predicted":false,"t":4,"tick":1070,"type":"hit"}
[client] {"a":9,"dup":false,"ev":"game","ms":19885,"predicted":false,"t":1,"tick":1071,"type":"hit"}
[client] {"counts":{"blocks_on_me":0,"conf_actions":10,"confirmed_hits":31,"dup_confirmed":0,"hits_on_me":6,"pred_actions":12,"predicted_confirmed":3,"predicted_hits":7,"reconnects":0},"ev":"stats","hp":134.0,"in_bytes":275490,"late":0,"local_entity":3,"match":{"countdown_until":300,"ctrl":-1,"final":false,"next":"","phase":3,"rot":2819,"scores":[0,0],"sd":false,"state":3,"tick":781,"zone":"B"},"max_err":1.265,"mean_err":0.0862,"ms":19966,"out_bytes":52989,"pending":6,"pos":[-0.22,-4.19],"reconciles":356,"server_tick":1081,"snaps":357,"teleports":1}
[client] {"a":2,"dup":false,"ev":"game","ms":20071,"predicted":false,"t":8,"tick":1082,"type":"hit"}
[client] {"a":8,"dup":false,"ev":"game","ms":20499,"predicted":false,"t":1,"tick":1108,"type":"hit"}
[client] {"a":7,"dup":false,"ev":"game","ms":20554,"predicted":false,"t":3,"tick":1111,"type":"block"}
[client] {"a":9,"dup":false,"ev":"game","ms":20581,"predicted":false,"t":3,"tick":1113,"type":"block"}
[client] {"a":6,"dup":false,"ev":"game","ms":20802,"predicted":false,"t":3,"tick":1126,"type":"block"}
[client] {"a":0,"dup":false,"ev":"game","ms":20837,"predicted":false,"t":8,"tick":1128,"type":"hit"}
[client] {"a":7,"dup":false,"ev":"game","ms":20837,"predicted":false,"t":3,"tick":1128,"type":"block"}
[client] {"a":9,"dup":false,"ev":"game","ms":20899,"predicted":false,"t":3,"tick":1132,"type":"block"}
[client] {"a":0,"dup":false,"ev":"game","ms":20934,"predicted":false,"t":6,"tick":1134,"type":"hit"}
[client] {"a":0,"dup":false,"ev":"game","ms":20934,"predicted":false,"t":9,"tick":1134,"type":"hit"}
[client] {"a":4,"dup":false,"ev":"game","ms":21719,"predicted":false,"t":7,"tick":1182,"type":"hit"}
[client] {"a":1,"dup":false,"ev":"game","ms":21754,"predicted":false,"t":6,"tick":1184,"type":"hit"}
[client] {"a":5,"dup":false,"ev":"game","ms":21920,"predicted":false,"t":3,"tick":1194,"type":"hit"}
[client] {"a":2,"dup":false,"ev":"game","ms":22072,"predicted":false,"t":5,"tick":1203,"type":"hit"}
[client] {"a":2,"dup":false,"ev":"game","ms":22072,"predicted":false,"t":6,"tick":1203,"type":"hit"}
[client] {"a":6,"dup":false,"ev":"game","ms":22072,"predicted":false,"t":-1,"tick":1203,"type":"ko"}
[client] {"a":3,"dup":true,"ev":"game","ms":22603,"predicted":false,"t":5,"tick":1240,"type":"hit"}
[client] {"a":9,"dup":false,"ev":"game","ms":22617,"predicted":false,"t":0,"tick":1236,"type":"hit"}
[client] {"a":3,"dup":true,"ev":"game","ms":22651,"predicted":false,"t":7,"tick":1243,"type":"hit"}
[client] {"a":2,"dup":false,"ev":"game","ms":23017,"predicted":false,"t":8,"tick":1260,"type":"hit"}
[client] {"a":4,"dup":false,"ev":"game","ms":23017,"predicted":false,"t":8,"tick":1260,"type":"hit"}
[client] {"a":5,"dup":false,"ev":"game","ms":23051,"predicted":false,"t":3,"tick":1262,"type":"hit"}
[client] {"a":1,"dup":false,"ev":"game","ms":23086,"predicted":false,"t":8,"tick":1264,"type":"hit"}
[client] {"a":0,"dup":false,"ev":"game","ms":23120,"predicted":false,"t":8,"tick":1266,"type":"hit"}
[client] {"a":4,"dup":false,"ev":"game","ms":23286,"predicted":false,"t":8,"tick":1276,"type":"hit"}
[client] {"a":8,"dup":false,"ev":"game","ms":23286,"predicted":false,"t":-1,"tick":1276,"type":"ko"}
[client] {"a":7,"dup":false,"ev":"game","ms":23383,"predicted":false,"t":3,"tick":1282,"type":"hit"}
[client] {"a":5,"dup":false,"ev":"game","ms":23969,"predicted":false,"t":1,"tick":1317,"type":"hit"}
[client] {"a":0,"dup":false,"ev":"game","ms":23984,"predicted":false,"t":9,"tick":1318,"type":"hit"}
[client] {"a":3,"dup":true,"ev":"game","ms":24135,"predicted":false,"t":5,"tick":1332,"type":"hit"}
[client] {"a":4,"dup":false,"ev":"game","ms":24501,"predicted":false,"t":9,"tick":1349,"type":"hit"}
[client] {"a":1,"dup":false,"ev":"game","ms":24535,"predicted":false,"t":9,"tick":1351,"type":"hit"}
[client] {"a":5,"dup":false,"ev":"game","ms":24687,"predicted":false,"t":3,"tick":1360,"type":"hit"}
[client] {"a":7,"dup":false,"ev":"game","ms":24874,"predicted":false,"t":3,"tick":1371,"type":"hit"}
[client] {"a":1,"dup":false,"ev":"game","ms":24921,"predicted":false,"t":7,"tick":1374,"type":"hit"}
[client] {"a":9,"dup":false,"ev":"game","ms":24935,"predicted":false,"t":3,"tick":1375,"type":"hit"}
[client] {"counts":{"blocks_on_me":5,"conf_actions":16,"confirmed_hits":60,"dup_confirmed":0,"hits_on_me":12,"pred_actions":17,"predicted_confirmed":6,"predicted_hits":19,"reconnects":0},"ev":"stats","hp":6.0,"in_bytes":354242,"late":0,"local_entity":3,"match":{"countdown_until":300,"ctrl":-1,"final":false,"next":"","phase":3,"rot":2519,"scores":[0,0],"sd":false,"state":3,"tick":1081,"zone":"B"},"max_err":1.473,"mean_err":0.0824,"ms":24968,"out_bytes":67689,"pending":6,"pos":[0.22,-3.02],"reconciles":456,"server_tick":1381,"snaps":457,"teleports":1}
[client] {"a":4,"dup":false,"ev":"game","ms":24991,"predicted":false,"t":9,"tick":1378,"type":"hit"}
[client] {"a":3,"dup":false,"ev":"game","ms":25156,"predicted":false,"t":-1,"tick":1393,"type":"ko"}
[client] {"a":5,"dup":false,"ev":"game","ms":25239,"predicted":false,"t":3,"tick":1393,"type":"hit"}
[client] {"a":4,"dup":false,"ev":"game","ms":25335,"predicted":false,"t":9,"tick":1399,"type":"hit"}
[client] {"a":9,"dup":false,"ev":"game","ms":25335,"predicted":false,"t":-1,"tick":1399,"type":"ko"}
[client] {"a":4,"dup":false,"ev":"game","ms":25355,"predicted":false,"t":5,"tick":1400,"type":"hit"}
[client] {"a":2,"dup":false,"ev":"game","ms":25404,"predicted":false,"t":5,"tick":1403,"type":"hit"}
[client] {"a":5,"dup":false,"ev":"game","ms":25770,"predicted":false,"t":2,"tick":1425,"type":"hit"}
[client] {"a":2,"dup":false,"ev":"game","ms":26536,"predicted":false,"t":5,"tick":1471,"type":"block"}
[client] {"a":0,"dup":false,"ev":"game","ms":26791,"predicted":false,"t":5,"tick":1486,"type":"block"}
[client] {"a":0,"dup":false,"ev":"game","ms":26839,"predicted":false,"t":7,"tick":1489,"type":"hit"}
[client] {"a":2,"dup":false,"ev":"game","ms":26853,"predicted":false,"t":5,"tick":1490,"type":"block"}
[client] {"a":0,"dup":false,"ev":"game","ms":27101,"predicted":false,"t":5,"tick":1505,"type":"block"}
[client] {"a":4,"dup":false,"ev":"game","ms":27219,"predicted":false,"t":7,"tick":1512,"type":"hit"}
[client] {"a":2,"dup":false,"ev":"game","ms":27253,"predicted":false,"t":5,"tick":1514,"type":"block"}
[client] {"a":1,"dup":false,"ev":"game","ms":27370,"predicted":false,"t":7,"tick":1521,"type":"hit"}
[client] {"a":0,"dup":false,"ev":"game","ms":27501,"predicted":false,"t":5,"tick":1529,"type":"block"}
[client] {"a":0,"dup":false,"ev":"game","ms":27536,"predicted":false,"t":7,"tick":1531,"type":"hit"}
[client] {"a":2,"dup":false,"ev":"game","ms":27805,"predicted":false,"t":5,"tick":1547,"type":"block"}
[client] {"a":7,"dup":false,"ev":"game","ms":27854,"predicted":false,"t":1,"tick":1550,"type":"hit"}
[client] {"a":0,"dup":false,"ev":"game","ms":28057,"predicted":false,"t":5,"tick":1562,"type":"block"}
[client] {"a":7,"dup":false,"ev":"game","ms":28171,"predicted":false,"t":1,"tick":1569,"type":"hit"}
[client] {"a":4,"dup":false,"ev":"game","ms":28371,"predicted":false,"t":7,"tick":1581,"type":"hit"}
[client] {"a":7,"dup":false,"ev":"game","ms":28689,"predicted":false,"t":1,"tick":1600,"type":"hit"}
[client] {"a":4,"dup":false,"ev":"game","ms":28702,"predicted":false,"t":7,"tick":1601,"type":"hit"}
[client] {"a":7,"dup":false,"ev":"game","ms":28702,"predicted":false,"t":-1,"tick":1601,"type":"ko"}
[client] {"a":2,"dup":false,"ev":"game","ms":28854,"predicted":false,"t":5,"tick":1610,"type":"block"}
[client] {"a":0,"dup":false,"ev":"game","ms":29104,"predicted":false,"t":5,"tick":1625,"type":"hit"}
[client] {"a":2,"dup":false,"ev":"game","ms":29192,"predicted":false,"t":5,"tick":1630,"type":"hit"}
[client] {"a":0,"dup":false,"ev":"game","ms":29441,"predicted":false,"t":5,"tick":1645,"type":"hit"}
[client] {"a":1,"dup":false,"ev":"game","ms":29441,"predicted":false,"t":5,"tick":1645,"type":"hit"}
[client] {"a":5,"dup":false,"ev":"game","ms":29441,"predicted":false,"t":-1,"tick":1645,"type":"ko"}
[client] {"counts":{"blocks_on_me":5,"conf_actions":16,"confirmed_hits":79,"dup_confirmed":0,"hits_on_me":13,"pred_actions":17,"predicted_confirmed":6,"predicted_hits":19,"reconnects":0},"ev":"stats","hp":0.0,"in_bytes":420141,"late":0,"local_entity":3,"match":{"countdown_until":300,"ctrl":0,"final":false,"next":"","phase":3,"rot":2219,"scores":[0,0],"sd":false,"state":2,"tick":1381,"zone":"B"},"max_err":1.473,"mean_err":0.0682,"ms":29971,"out_bytes":82389,"pending":6,"pos":[-0.1,-3.21],"reconciles":556,"server_tick":1681,"snaps":557,"teleports":1}
[client] {"a":6,"dup":false,"ev":"game","ms":32070,"predicted":false,"t":-1,"tick":1803,"type":"respawn"}
[client] {"a":8,"dup":false,"ev":"game","ms":33285,"predicted":false,"t":-1,"tick":1876,"type":"respawn"}
[client] {"counts":{"blocks_on_me":5,"conf_actions":16,"confirmed_hits":79,"dup_confirmed":0,"hits_on_me":13,"pred_actions":17,"predicted_confirmed":6,"predicted_hits":19,"reconnects":0},"ev":"stats","hp":0.0,"in_bytes":468679,"late":0,"local_entity":3,"match":{"countdown_until":300,"ctrl":0,"final":false,"next":"","phase":3,"rot":1919,"scores":[5,0],"sd":false,"state":2,"tick":1681,"zone":"B"},"max_err":1.473,"mean_err":0.0578,"ms":34968,"out_bytes":97089,"pending":6,"pos":[-0.1,-3.21],"reconciles":656,"server_tick":1981,"snaps":657,"teleports":1}
[client] {"a":3,"dup":false,"ev":"game","ms":35154,"predicted":false,"t":-1,"tick":1993,"type":"respawn"}
[client] {"a":9,"dup":false,"ev":"game","ms":35334,"predicted":false,"t":-1,"tick":1999,"type":"respawn"}
[client] {"a":7,"dup":false,"ev":"game","ms":38708,"predicted":false,"t":-1,"tick":2201,"type":"respawn"}
[client] {"a":5,"dup":false,"ev":"game","ms":39440,"predicted":false,"t":-1,"tick":2245,"type":"respawn"}
[client] {"a":6,"dup":false,"ev":"game","ms":39605,"predicted":false,"t":0,"tick":2255,"type":"hit"}
[client] {"a":6,"dup":false,"ev":"game","ms":39826,"predicted":false,"t":0,"tick":2268,"type":"hit"}
[client] {"a":6,"dup":false,"ev":"game","ms":39840,"predicted":false,"t":4,"tick":2269,"type":"hit"}
[client] {"counts":{"blocks_on_me":5,"conf_actions":16,"confirmed_hits":82,"dup_confirmed":0,"hits_on_me":13,"pred_actions":17,"predicted_confirmed":6,"predicted_hits":19,"reconnects":0},"ev":"stats","hp":280.0,"in_bytes":525500,"late":0,"local_entity":3,"match":{"countdown_until":300,"ctrl":-1,"final":false,"next":"","phase":3,"rot":1619,"scores":[8,0],"sd":false,"state":3,"tick":1981,"zone":"B"},"max_err":1.473,"mean_err":0.0502,"ms":39970,"out_bytes":111789,"pending":6,"pos":[-1.02,-16.85],"reconciles":755,"server_tick":2281,"snaps":757,"teleports":2}
[client] {"a":6,"dup":false,"ev":"game","ms":40309,"predicted":false,"t":0,"tick":2297,"type":"hit"}
[client] {"a":6,"dup":false,"ev":"game","ms":40323,"predicted":false,"t":1,"tick":2298,"type":"hit"}
[client] {"a":6,"dup":false,"ev":"game","ms":40654,"predicted":false,"t":0,"tick":2318,"type":"hit"}
[client] {"a":1,"dup":false,"ev":"game","ms":40689,"predicted":false,"t":6,"tick":2320,"type":"hit"}
[client] {"a":4,"dup":false,"ev":"game","ms":40771,"predicted":false,"t":6,"tick":2325,"type":"hit"}
[client] {"a":0,"dup":false,"ev":"game","ms":41006,"predicted":false,"t":8,"tick":2339,"type":"hit"}
[client] {"a":1,"dup":false,"ev":"game","ms":41027,"predicted":false,"t":6,"tick":2340,"type":"hit"}
[client] {"a":4,"dup":false,"ev":"game","ms":41132,"predicted":false,"t":6,"tick":2347,"type":"hit"}
[client] {"a":0,"dup":false,"ev":"game","ms":41331,"predicted":false,"t":8,"tick":2359,"type":"hit"}
[client] {"a":0,"dup":false,"ev":"game","ms":41364,"predicted":false,"t":6,"tick":2361,"type":"hit"}
[client] {"a":0,"dup":false,"ev":"game","ms":41751,"predicted":false,"t":8,"tick":2383,"type":"hit"}
[client] {"a":1,"dup":false,"ev":"game","ms":42034,"predicted":false,"t":6,"tick":2400,"type":"hit"}
[client] {"a":8,"dup":false,"ev":"game","ms":42186,"predicted":false,"t":0,"tick":2409,"type":"hit"}
[client] {"a":8,"dup":false,"ev":"game","ms":42518,"predicted":false,"t":1,"tick":2429,"type":"hit"}
[client] {"a":3,"dup":false,"ev":"game","ms":42704,"predicted":false,"t":6,"tick":2445,"type":"hit"}
[client] {"a":6,"dup":false,"ev":"game","ms":43304,"predicted":false,"t":0,"tick":2476,"type":"hit"}
[client] {"a":3,"dup":true,"ev":"game","ms":43304,"predicted":false,"t":6,"tick":2481,"type":"hit"}
[client] {"a":1,"dup":false,"ev":"game","ms":43469,"predicted":false,"t":8,"tick":2486,"type":"hit"}
[client] {"a":9,"dup":false,"ev":"game","ms":43731,"predicted":false,"t":1,"tick":2502,"type":"hit"}
[client] {"a":8,"dup":false,"ev":"game","ms":44118,"predicted":false,"t":1,"tick":2525,"type":"hit"}
[client] {"a":9,"dup":false,"ev":"game","ms":44435,"predicted":false,"t":1,"tick":2544,"type":"hit"}
[client] {"a":9,"dup":false,"ev":"game","ms":44470,"predicted":false,"t":0,"tick":2546,"type":"hit"}
[client] {"counts":{"blocks_on_me":5,"conf_actions":20,"confirmed_hits":104,"dup_confirmed":0,"hits_on_me":13,"pred_actions":21,"predicted_confirmed":7,"predicted_hits":24,"reconnects":0},"ev":"stats","hp":280.0,"in_bytes":594943,"late":0,"local_entity":3,"match":{"countdown_until":300,"ctrl":-1,"final":false,"next":"","phase":3,"rot":1319,"scores":[8,0],"sd":false,"state":3,"tick":2281,"zone":"B"},"max_err":1.473,"mean_err":0.0469,"ms":44966,"out_bytes":126489,"pending":6,"pos":[0.31,-2.81],"reconciles":855,"server_tick":2581,"snaps":857,"teleports":2}
[client] {"a":9,"dup":false,"ev":"game","ms":45235,"predicted":false,"t":2,"tick":2592,"type":"block"}
[client] {"a":8,"dup":false,"ev":"game","ms":45250,"predicted":false,"t":2,"tick":2593,"type":"hit"}
[client] {"a":9,"dup":false,"ev":"game","ms":45284,"predicted":false,"t":4,"tick":2595,"type":"hit"}
[client] {"a":8,"dup":false,"ev":"game","ms":45567,"predicted":false,"t":2,"tick":2612,"type":"hit"}
[client] {"a":9,"dup":false,"ev":"game","ms":45567,"predicted":false,"t":2,"tick":2612,"type":"hit"}
[client] {"a":9,"dup":false,"ev":"game","ms":45602,"predicted":false,"t":4,"tick":2614,"type":"hit"}
[client] {"a":8,"dup":false,"ev":"game","ms":45622,"predicted":false,"t":4,"tick":2615,"type":"hit"}
[client] {"a":3,"dup":true,"ev":"game","ms":45636,"predicted":false,"t":9,"tick":2622,"type":"hit"}
[client] {"a":1,"dup":false,"ev":"game","ms":45767,"predicted":false,"t":6,"tick":2624,"type":"hit"}
[client] {"a":0,"dup":false,"ev":"game","ms":46105,"predicted":false,"t":8,"tick":2645,"type":"hit"}
[client] {"a":3,"dup":true,"ev":"game","ms":46105,"predicted":false,"t":8,"tick":2650,"type":"hit"}
[client] {"a":2,"dup":false,"ev":"game","ms":46167,"predicted":false,"t":8,"tick":2649,"type":"hit"}
[client] {"a":1,"dup":false,"ev":"game","ms":46671,"predicted":false,"t":6,"tick":2679,"type":"hit"}
[client] {"a":6,"dup":false,"ev":"game","ms":46671,"predicted":false,"t":-1,"tick":2679,"type":"ko"}
[client] {"a":8,"dup":false,"ev":"game","ms":46906,"predicted":false,"t":1,"tick":2693,"type":"hit"}
[client] {"a":9,"dup":false,"ev":"game","ms":46906,"predicted":false,"t":2,"tick":2693,"type":"hit"}
[client] {"a":3,"dup":true,"ev":"game","ms":47120,"predicted":false,"t":9,"tick":2711,"type":"hit"}
[client] {"a":2,"dup":false,"ev":"game","ms":47223,"predicted":false,"t":9,"tick":2712,"type":"hit"}
[client] {"a":3,"dup":true,"ev":"game","ms":47223,"predicted":false,"t":7,"tick":2717,"type":"hit"}
[client] {"a":8,"dup":false,"ev":"game","ms":47238,"predicted":false,"t":1,"tick":2713,"type":"hit"}
[client] {"a":7,"dup":false,"ev":"game","ms":47286,"predicted":false,"t":2,"tick":2716,"type":"hit"}
[client] {"a":9,"dup":false,"ev":"game","ms":47637,"predicted":false,"t":3,"tick":2737,"type":"hit"}
[client] {"a":9,"dup":false,"ev":"game","ms":47650,"predicted":false,"t":2,"tick":2738,"type":"hit"}
[client] {"a":4,"dup":false,"ev":"game","ms":47754,"predicted":false,"t":9,"tick":2744,"type":"hit"}
[client] {"a":3,"dup":true,"ev":"game","ms":47955,"predicted":false,"t":8,"tick":2761,"type":"hit"}
[client] {"a":8,"dup":false,"ev":"game","ms":47968,"predicted":false,"t":4,"tick":2757,"type":"hit"}
[client] {"a":3,"dup":true,"ev":"game","ms":48286,"predicted":false,"t":8,"tick":2781,"type":"hit"}
[client] {"a":7,"dup":false,"ev":"game","ms":48523,"predicted":false,"t":3,"tick":2790,"type":"hit"}
[client] {"a":8,"dup":false,"ev":"game","ms":48769,"predicted":false,"t":3,"tick":2805,"type":"hit"}
[client] {"a":8,"dup":false,"ev":"game","ms":48824,"predicted":false,"t":2,"tick":2808,"type":"hit"}
[client] {"a":1,"dup":false,"ev":"game","ms":48887,"predicted":false,"t":8,"tick":2812,"type":"hit"}
[client] {"a":1,"dup":false,"ev":"game","ms":48955,"predicted":false,"t":9,"tick":2816,"type":"hit"}
[client] {"a":2,"dup":false,"ev":"game","ms":49169,"predicted":false,"t":7,"tick":2829,"type":"hit"}
[client] {"a":3,"dup":false,"ev":"game","ms":49355,"predicted":false,"t":5,"tick":2845,"type":"block"}
[client] {"a":3,"dup":true,"ev":"game","ms":49390,"predicted":false,"t":7,"tick":2847,"type":"hit"}
[client] {"a":1,"dup":false,"ev":"game","ms":49517,"predicted":false,"t":7,"tick":2850,"type":"hit"}
[client] {"a":0,"dup":false,"ev":"game","ms":49599,"predicted":false,"t":5,"tick":2855,"type":"block"}
[client] {"a":8,"dup":false,"ev":"game","ms":49799,"predicted":false,"t":3,"tick":2867,"type":"hit"}
[client] {"a":1,"dup":false,"ev":"game","ms":49833,"predicted":false,"t":8,"tick":2869,"type":"hit"}
[client] {"a":8,"dup":false,"ev":"game","ms":49834,"predicted":false,"t":-1,"tick":2869,"type":"ko"}
[client] {"a":0,"dup":false,"ev":"game","ms":49882,"predicted":false,"t":5,"tick":2872,"type":"block"}
[client] {"counts":{"blocks_on_me":5,"conf_actions":27,"confirmed_hits":139,"dup_confirmed":0,"hits_on_me":17,"pred_actions":31,"predicted_confirmed":14,"predicted_hits":43,"reconnects":0},"ev":"stats","hp":208.0,"in_bytes":675648,"late":0,"local_entity":3,"match":{"countdown_until":300,"ctrl":-1,"final":false,"next":"","phase":3,"rot":1019,"scores":[8,0],"sd":false,"state":3,"tick":2581,"zone":"B"},"max_err":1.473,"mean_err":0.0461,"ms":49964,"out_bytes":141189,"pending":6,"pos":[-1.99,-3.0],"reconciles":955,"server_tick":2881,"snaps":957,"teleports":2}
[client] {"a":1,"dup":false,"ev":"game","ms":50138,"predicted":false,"t":5,"tick":2887,"type":"block"}
[client] {"a":7,"dup":false,"ev":"game","ms":50138,"predicted":false,"t":3,"tick":2887,"type":"block"}
[client] {"a":1,"dup":false,"ev":"game","ms":50165,"predicted":false,"t":7,"tick":2889,"type":"hit"}
[client] {"a":2,"dup":false,"ev":"game","ms":50303,"predicted":false,"t":5,"tick":2897,"type":"block"}
[client] {"a":2,"dup":false,"ev":"game","ms":50599,"predicted":false,"t":5,"tick":2915,"type":"block"}
[client] {"a":1,"dup":false,"ev":"game","ms":50621,"predicted":false,"t":5,"tick":2916,"type":"block"}
[client] {"a":1,"dup":false,"ev":"game","ms":50835,"predicted":false,"t":5,"tick":2929,"type":"block"}
[client] {"a":7,"dup":false,"ev":"game","ms":50835,"predicted":false,"t":1,"tick":2929,"type":"hit"}
[client] {"a":2,"dup":false,"ev":"game","ms":50903,"predicted":false,"t":5,"tick":2933,"type":"block"}
[client] {"a":1,"dup":false,"ev":"game","ms":51483,"predicted":false,"t":5,"tick":2968,"type":"hit"}
[client] {"a":7,"dup":false,"ev":"game","ms":51483,"predicted":false,"t":3,"tick":2968,"type":"block"}
[client] {"a":1,"dup":false,"ev":"game","ms":51504,"predicted":false,"t":7,"tick":2969,"type":"hit"}
[client] {"a":0,"dup":false,"ev":"game","ms":51518,"predicted":false,"t":5,"tick":2970,"type":"hit"}
[client] {"a":9,"dup":false,"ev":"game","ms":51683,"predicted":false,"t":1,"tick":2980,"type":"hit"}
[client] {"a":1,"dup":false,"ev":"game","ms":51683,"predicted":false,"t":-1,"tick":2980,"type":"ko"}
[client] {"a":9,"dup":false,"ev":"game","ms":51717,"predicted":false,"t":3,"tick":2982,"type":"block"}
[client] {"a":2,"dup":false,"ev":"game","ms":51787,"predicted":false,"t":5,"tick":2986,"type":"hit"}
[client] {"a":2,"dup":false,"ev":"game","ms":51787,"predicted":false,"t":9,"tick":2986,"type":"hit"}
[client] {"a":2,"dup":false,"ev":"game","ms":52539,"predicted":false,"t":7,"tick":3031,"type":"hit"}
[client] {"a":2,"dup":false,"ev":"game","ms":52849,"predicted":false,"t":5,"tick":3050,"type":"hit"}
[client] {"a":9,"dup":false,"ev":"game","ms":52987,"predicted":false,"t":2,"tick":3058,"type":"hit"}
[client] {"a":5,"dup":false,"ev":"game","ms":53236,"predicted":false,"t":2,"tick":3073,"type":"hit"}
[client] {"a":2,"dup":false,"ev":"game","ms":53552,"predicted":false,"t":5,"tick":3092,"type":"hit"}
[client] {"a":2,"dup":false,"ev":"game","ms":53552,"predicted":false,"t":9,"tick":3092,"type":"hit"}
[client] {"a":2,"dup":false,"ev":"game","ms":53919,"predicted":false,"t":5,"tick":3114,"type":"hit"}
[client] {"a":2,"dup":false,"ev":"game","ms":53919,"predicted":false,"t":7,"tick":3114,"type":"hit"}
[client] {"a":9,"dup":false,"ev":"game","ms":54140,"predicted":false,"t":2,"tick":3127,"type":"hit"}
[client] {"a":7,"dup":false,"ev":"game","ms":54236,"predicted":false,"t":2,"tick":3133,"type":"hit"}
[client] {"a":5,"dup":false,"ev":"game","ms":54401,"predicted":false,"t":2,"tick":3143,"type":"hit"}
[client] {"a":2,"dup":false,"ev":"game","ms":54837,"predicted":false,"t":7,"tick":3169,"type":"hit"}
[client] {"counts":{"blocks_on_me":8,"conf_actions":28,"confirmed_hits":159,"dup_confirmed":0,"hits_on_me":17,"pred_actions":31,"predicted_confirmed":14,"predicted_hits":43,"reconnects":0},"ev":"stats","hp":208.0,"in_bytes":744953,"late":0,"local_entity":3,"match":{"countdown_until":300,"ctrl":-1,"final":false,"next":"A","phase":3,"rot":719,"scores":[8,0],"sd":false,"state":3,"tick":2881,"zone":"B"},"max_err":1.473,"mean_err":0.0466,"ms":54966,"out_bytes":155889,"pending":6,"pos":[-0.5,-2.96],"reconciles":1055,"server_tick":3181,"snaps":1057,"teleports":2}
[client] {"a":9,"dup":false,"ev":"game","ms":55271,"predicted":false,"t":2,"tick":3195,"type":"hit"}
[client] {"a":3,"dup":true,"ev":"game","ms":55588,"predicted":false,"t":9,"tick":3219,"type":"hit"}
[client] {"a":9,"dup":false,"ev":"game","ms":55671,"predicted":false,"t":-1,"tick":3219,"type":"ko"}
[client] {"a":3,"dup":true,"ev":"game","ms":55920,"predicted":false,"t":5,"tick":3239,"type":"hit"}
[client] {"a":3,"dup":true,"ev":"game","ms":56238,"predicted":false,"t":5,"tick":3258,"type":"hit"}
[client] {"a":7,"dup":false,"ev":"game","ms":56568,"predicted":false,"t":3,"tick":3273,"type":"hit"}
[client] {"a":6,"dup":false,"ev":"game","ms":56671,"predicted":false,"t":-1,"tick":3279,"type":"respawn"}
[client] {"a":7,"dup":false,"ev":"game","ms":56885,"predicted":false,"t":0,"tick":3292,"type":"hit"}
[client] {"a":7,"dup":false,"ev":"game","ms":56885,"predicted":false,"t":3,"tick":3292,"type":"hit"}
[client] {"a":5,"dup":false,"ev":"game","ms":57120,"predicted":false,"t":3,"tick":3306,"type":"hit"}
[client] {"a":5,"dup":false,"ev":"game","ms":57168,"predicted":false,"t":0,"tick":3309,"type":"hit"}
[client] {"a":7,"dup":false,"ev":"game","ms":57955,"predicted":false,"t":2,"tick":3356,"type":"hit"}
[client] {"a":2,"dup":false,"ev":"game","ms":57955,"predicted":false,"t":-1,"tick":3356,"type":"ko"}
[client] {"a":7,"dup":false,"ev":"game","ms":58659,"predicted":false,"t":4,"tick":3398,"type":"hit"}
[client] {"a":7,"dup":false,"ev":"game","ms":58672,"predicted":false,"t":0,"tick":3399,"type":"hit"}
[client] {"a":7,"dup":false,"ev":"game","ms":58686,"predicted":false,"t":3,"tick":3400,"type":"hit"}
[client] {"a":5,"dup":false,"ev":"game","ms":59087,"predicted":false,"t":4,"tick":3424,"type":"hit"}
[client] {"a":5,"dup":false,"ev":"game","ms":59107,"predicted":false,"t":3,"tick":3425,"type":"hit"}
[client] {"a":8,"dup":false,"ev":"game","ms":59839,"predicted":false,"t":-1,"tick":3469,"type":"respawn"}
[client] {"counts":{"blocks_on_me":8,"conf_actions":35,"confirmed_hits":174,"dup_confirmed":0,"hits_on_me":22,"pred_actions":39,"predicted_confirmed":17,"predicted_hits":47,"reconnects":0},"ev":"stats","hp":82.0,"in_bytes":812090,"late":0,"local_entity":3,"match":{"countdown_until":300,"ctrl":-1,"final":false,"next":"A","phase":3,"rot":419,"scores":[8,0],"sd":false,"state":3,"tick":3181,"zone":"B"},"max_err":1.473,"mean_err":0.0483,"ms":59969,"out_bytes":170589,"pending":6,"pos":[1.25,-3.11],"reconciles":1155,"server_tick":3481,"snaps":1157,"teleports":2}
[client] {"a":5,"dup":false,"ev":"game","ms":59990,"predicted":false,"t":0,"tick":3478,"type":"hit"}
[client] {"a":0,"dup":false,"ev":"game","ms":59991,"predicted":false,"t":-1,"tick":3478,"type":"ko"}
[client] {"a":5,"dup":false,"ev":"game","ms":60025,"predicted":false,"t":4,"tick":3480,"type":"hit"}
[client] {"a":3,"dup":true,"ev":"game","ms":60204,"predicted":false,"t":5,"tick":3496,"type":"hit"}
[client] {"a":7,"dup":false,"ev":"game","ms":60956,"predicted":false,"t":3,"tick":3536,"type":"hit"}
[client] {"a":7,"dup":false,"ev":"game","ms":60991,"predicted":false,"t":4,"tick":3538,"type":"hit"}
[client] {"a":1,"dup":false,"ev":"game","ms":61688,"predicted":false,"t":-1,"tick":3580,"type":"respawn"}
[client] {"a":3,"dup":true,"ev":"game","ms":61805,"predicted":false,"t":7,"tick":3592,"type":"hit"}
[client] {"a":4,"dup":false,"ev":"game","ms":61923,"predicted":false,"t":7,"tick":3594,"type":"hit"}
[client] {"a":3,"dup":true,"ev":"game","ms":62157,"predicted":false,"t":7,"tick":3613,"type":"hit"}
[client] {"a":7,"dup":false,"ev":"game","ms":62240,"predicted":false,"t":-1,"tick":3613,"type":"ko"}
[client] {"a":3,"dup":true,"ev":"game","ms":62502,"predicted":false,"t":5,"tick":3633,"type":"hit"}
[client] {"a":5,"dup":false,"ev":"game","ms":62985,"predicted":false,"t":3,"tick":3657,"type":"hit"}
[client] {"a":5,"dup":false,"ev":"game","ms":63303,"predicted":false,"t":3,"tick":3676,"type":"hit"}
[client] {"a":4,"dup":false,"ev":"game","ms":63316,"predicted":false,"t":5,"tick":3677,"type":"hit"}
[client] {"a":5,"dup":false,"ev":"game","ms":63738,"predicted":false,"t":4,"tick":3702,"type":"hit"}
[client] {"a":3,"dup":true,"ev":"game","ms":63971,"predicted":false,"t":5,"tick":3721,"type":"hit"}
[client] {"a":5,"dup":false,"ev":"game","ms":64055,"predicted":false,"t":-1,"tick":3721,"type":"ko"}
[client] {"a":3,"dup":false,"ev":"game","ms":64620,"predicted":false,"t":-1,"tick":3761,"type":"ko"}
[client] {"a":6,"dup":false,"ev":"game","ms":64717,"predicted":false,"t":3,"tick":3761,"type":"hit"}
[client] {"counts":{"blocks_on_me":8,"conf_actions":43,"confirmed_hits":189,"dup_confirmed":0,"hits_on_me":26,"pred_actions":47,"predicted_confirmed":22,"predicted_hits":58,"reconnects":0},"ev":"stats","hp":0.0,"in_bytes":877860,"late":0,"local_entity":3,"match":{"countdown_until":300,"ctrl":-1,"final":false,"next":"A","phase":3,"rot":119,"scores":[8,0],"sd":false,"state":3,"tick":3481,"zone":"B"},"max_err":1.545,"mean_err":0.0468,"ms":64971,"out_bytes":185289,"pending":6,"pos":[0.36,-3.27],"reconciles":1255,"server_tick":3781,"snaps":1257,"teleports":2}
[client] {"a":4,"dup":false,"ev":"game","ms":65303,"predicted":false,"t":6,"tick":3796,"type":"hit"}
[client] {"a":9,"dup":false,"ev":"game","ms":65683,"predicted":false,"t":-1,"tick":3819,"type":"respawn"}
[client] {"a":4,"dup":false,"ev":"game","ms":66372,"predicted":false,"t":6,"tick":3861,"type":"hit"}
[client] {"a":4,"dup":false,"ev":"game","ms":66704,"predicted":false,"t":6,"tick":3881,"type":"hit"}
[client] {"a":-1,"dup":false,"ev":"game","ms":67001,"predicted":false,"t":-1,"tick":3899,"type":"zone_rotated"}
[client] {"a":4,"dup":false,"ev":"game","ms":67055,"predicted":false,"t":6,"tick":3902,"type":"hit"}
[client] {"a":6,"dup":false,"ev":"game","ms":67753,"predicted":false,"t":4,"tick":3944,"type":"hit"}
[client] {"a":2,"dup":false,"ev":"game","ms":67952,"predicted":false,"t":-1,"tick":3956,"type":"respawn"}
[client] {"a":6,"dup":false,"ev":"game","ms":68036,"predicted":false,"t":4,"tick":3961,"type":"hit"}
[client] {"a":4,"dup":false,"ev":"game","ms":68470,"predicted":false,"t":6,"tick":3987,"type":"hit"}
[client] {"a":4,"dup":false,"ev":"game","ms":69105,"predicted":false,"t":6,"tick":4025,"type":"hit"}
[client] {"counts":{"blocks_on_me":8,"conf_actions":43,"confirmed_hits":197,"dup_confirmed":0,"hits_on_me":26,"pred_actions":47,"predicted_confirmed":22,"predicted_hits":58,"reconnects":0},"ev":"stats","hp":0.0,"in_bytes":938068,"late":0,"local_entity":3,"match":{"countdown_until":300,"ctrl":-1,"final":false,"next":"","phase":3,"rot":3419,"scores":[8,0],"sd":false,"state":1,"tick":3781,"zone":"A"},"max_err":1.545,"mean_err":0.0434,"ms":69974,"out_bytes":199989,"pending":6,"pos":[0.36,-3.27],"reconciles":1355,"server_tick":4081,"snaps":1357,"teleports":2}
[client] {"a":0,"dup":false,"ev":"game","ms":69988,"predicted":false,"t":-1,"tick":4078,"type":"respawn"}
[client] {"a":7,"dup":false,"ev":"game","ms":72238,"predicted":false,"t":-1,"tick":4213,"type":"respawn"}
[client] {"a":5,"dup":false,"ev":"game","ms":74039,"predicted":false,"t":-1,"tick":4321,"type":"respawn"}
[client] {"a":8,"dup":false,"ev":"game","ms":74501,"predicted":false,"t":1,"tick":4349,"type":"hit"}
[client] {"a":3,"dup":false,"ev":"game","ms":74618,"predicted":false,"t":-1,"tick":4361,"type":"respawn"}
[client] {"a":8,"dup":false,"ev":"game","ms":74867,"predicted":false,"t":1,"tick":4370,"type":"hit"}
[client] {"counts":{"blocks_on_me":8,"conf_actions":43,"confirmed_hits":199,"dup_confirmed":0,"hits_on_me":26,"pred_actions":47,"predicted_confirmed":22,"predicted_hits":58,"reconnects":0},"ev":"stats","hp":280.0,"in_bytes":996510,"late":0,"local_entity":3,"match":{"countdown_until":300,"ctrl":-1,"final":false,"next":"","phase":3,"rot":3119,"scores":[8,0],"sd":false,"state":3,"tick":4081,"zone":"A"},"max_err":1.545,"mean_err":0.0404,"ms":74969,"out_bytes":214689,"pending":6,"pos":[5.38,-46.23],"reconciles":1454,"server_tick":4381,"snaps":1457,"teleports":3}
[client] {"a":8,"dup":false,"ev":"game","ms":75522,"predicted":false,"t":1,"tick":4409,"type":"hit"}
[client] {"a":1,"dup":false,"ev":"game","ms":76468,"predicted":false,"t":8,"tick":4467,"type":"hit"}
[client] {"a":1,"dup":false,"ev":"game","ms":76468,"predicted":false,"t":9,"tick":4467,"type":"hit"}
[client] {"a":9,"dup":false,"ev":"game","ms":77068,"predicted":false,"t":4,"tick":4503,"type":"hit"}
[client] {"a":4,"dup":false,"ev":"game","ms":77068,"predicted":false,"t":-1,"tick":4503,"type":"ko"}
[client] {"a":1,"dup":false,"ev":"game","ms":77350,"predicted":false,"t":6,"tick":4520,"type":"hit"}
[client] {"a":1,"dup":false,"ev":"game","ms":77689,"predicted":false,"t":6,"tick":4540,"type":"hit"}
[client] {"a":8,"dup":false,"ev":"game","ms":77889,"predicted":false,"t":1,"tick":4552,"type":"hit"}
[client] {"a":6,"dup":false,"ev":"game","ms":78117,"predicted":false,"t":1,"tick":4566,"type":"hit"}
[client] {"a":1,"dup":false,"ev":"game","ms":78834,"predicted":false,"t":6,"tick":4609,"type":"hit"}
[client] {"a":8,"dup":false,"ev":"game","ms":79069,"predicted":false,"t":2,"tick":4623,"type":"hit"}
[client] {"a":9,"dup":false,"ev":"game","ms":79090,"predicted":false,"t":2,"tick":4624,"type":"hit"}
[client] {"a":1,"dup":false,"ev":"game","ms":79172,"predicted":false,"t":6,"tick":4629,"type":"hit"}
[client] {"a":8,"dup":false,"ev":"game","ms":79421,"predicted":false,"t":2,"tick":4644,"type":"parry"}
[client] {"a":9,"dup":false,"ev":"game","ms":79787,"predicted":false,"t":2,"tick":4666,"type":"hit"}
[client] {"a":6,"dup":false,"ev":"game","ms":79918,"predicted":false,"t":1,"tick":4674,"type":"hit"}
[client] {"counts":{"blocks_on_me":8,"conf_actions":43,"confirmed_hits":213,"dup_confirmed":0,"hits_on_me":26,"pred_actions":47,"predicted_confirmed":22,"predicted_hits":58,"reconnects":0},"ev":"stats","hp":280.0,"in_bytes":1064388,"late":0,"local_entity":3,"match":{"countdown_until":300,"ctrl":-1,"final":false,"next":"","phase":3,"rot":2819,"scores":[8,0],"sd":false,"state":3,"tick":4381,"zone":"A"},"max_err":1.545,"mean_err":0.0378,"ms":79972,"out_bytes":229389,"pending":6,"pos":[-7.45,-19.18],"reconciles":1554,"server_tick":4681,"snaps":1557,"teleports":3}
[client] {"a":8,"dup":false,"ev":"game","ms":80573,"predicted":false,"t":1,"tick":4713,"type":"hit"}
[client] {"a":9,"dup":false,"ev":"game","ms":81374,"predicted":false,"t":0,"tick":4761,"type":"hit"}
[client] {"a":2,"dup":false,"ev":"game","ms":81518,"predicted":false,"t":9,"tick":4770,"type":"hit"}
[client] {"a":0,"dup":false,"ev":"game","ms":81718,"predicted":false,"t":9,"tick":4782,"type":"hit"}
[client] {"a":8,"dup":false,"ev":"game","ms":81893,"predicted":false,"t":1,"tick":4792,"type":"hit"}
[client] {"a":2,"dup":false,"ev":"game","ms":82457,"predicted":false,"t":9,"tick":4826,"type":"hit"}
[client] {"a":1,"dup":false,"ev":"game","ms":83023,"predicted":false,"t":8,"tick":4860,"type":"hit"}
[client] {"a":6,"dup":false,"ev":"game","ms":83092,"predicted":false,"t":1,"tick":4864,"type":"hit"}
[client] {"a":9,"dup":false,"ev":"game","ms":83140,"predicted":false,"t":0,"tick":4867,"type":"hit"}
[client] {"a":9,"dup":false,"ev":"game","ms":83457,"predicted":false,"t":0,"tick":4886,"type":"hit"}
[client] {"a":7,"dup":false,"ev":"game","ms":83505,"predicted":false,"t":1,"tick":4889,"type":"hit"}
[client] {"a":8,"dup":false,"ev":"game","ms":83719,"predicted":false,"t":2,"tick":4902,"type":"hit"}
[client] {"a":9,"dup":false,"ev":"game","ms":83837,"predicted":false,"t":2,"tick":4909,"type":"hit"}
[client] {"a":1,"dup":false,"ev":"game","ms":83858,"predicted":false,"t":7,"tick":4910,"type":"hit"}
[client] {"a":0,"dup":false,"ev":"game","ms":84175,"predicted":false,"t":8,"tick":4929,"type":"hit"}
[client] {"a":0,"dup":false,"ev":"game","ms":84189,"predicted":false,"t":9,"tick":4930,"type":"hit"}
[client] {"a":1,"dup":false,"ev":"game","ms":84319,"predicted":false,"t":7,"tick":4938,"type":"hit"}
[client] {"a":1,"dup":false,"ev":"game","ms":84658,"predicted":false,"t":7,"tick":4958,"type":"hit"}
[client] {"counts":{"blocks_on_me":8,"conf_actions":43,"confirmed_hits":231,"dup_confirmed":0,"hits_on_me":26,"pred_actions":47,"predicted_confirmed":22,"predicted_hits":58,"reconnects":0},"ev":"stats","hp":280.0,"in_bytes":1132465,"late":0,"local_entity":3,"match":{"countdown_until":300,"ctrl":-1,"final":false,"next":"","phase":3,"rot":2519,"scores":[8,0],"sd":false,"state":3,"tick":4681,"zone":"A"},"max_err":1.545,"mean_err":0.0355,"ms":84974,"out_bytes":244089,"pending":6,"pos":[-34.17,-4.47],"reconciles":1654,"server_tick":4981,"snaps":1657,"teleports":3}
[client] {"a":9,"dup":false,"ev":"game","ms":85292,"predicted":false,"t":0,"tick":4996,"type":"hit"}
[client] {"a":8,"dup":false,"ev":"game","ms":85320,"predicted":false,"t":2,"tick":4998,"type":"hit"}
[client] {"a":7,"dup":false,"ev":"game","ms":85541,"predicted":false,"t":1,"tick":5011,"type":"hit"}
[client] {"a":2,"dup":false,"ev":"game","ms":85894,"predicted":false,"t":5,"tick":5032,"type":"hit"}
[client] {"a":7,"dup":false,"ev":"game","ms":86059,"predicted":false,"t":1,"tick":5042,"type":"hit"}
[client] {"a":1,"dup":false,"ev":"game","ms":86059,"predicted":false,"t":-1,"tick":5042,"type":"ko"}
[client] {"a":2,"dup":false,"ev":"game","ms":86390,"predicted":false,"t":5,"tick":5062,"type":"hit"}
[client] {"a":9,"dup":false,"ev":"game","ms":86459,"predicted":false,"t":0,"tick":5066,"type":"hit"}
[client] {"a":9,"dup":false,"ev":"game","ms":86472,"predicted":false,"t":3,"tick":5067,"type":"hit"}
[client] {"a":6,"dup":false,"ev":"game","ms":86659,"predicted":false,"t":2,"tick":5078,"type":"hit"}
[client] {"a":3,"dup":true,"ev":"game","ms":86755,"predicted":false,"t":9,"tick":5089,"type":"hit"}
[client] {"a":4,"dup":false,"ev":"game","ms":87066,"predicted":false,"t":-1,"tick":5103,"type":"respawn"}
[client] {"a":3,"dup":true,"ev":"game","ms":87101,"predicted":false,"t":9,"tick":5110,"type":"hit"}
[client] {"a":3,"dup":true,"ev":"game","ms":87535,"predicted":false,"t":9,"tick":5135,"type":"hit"}
[client] {"a":5,"dup":false,"ev":"game","ms":87915,"predicted":false,"t":2,"tick":5153,"type":"hit"}
[client] {"a":8,"dup":false,"ev":"game","ms":88018,"predicted":false,"t":3,"tick":5159,"type":"hit"}
[client] {"a":6,"dup":false,"ev":"game","ms":88135,"predicted":false,"t":3,"tick":5166,"type":"hit"}
[client] {"a":6,"dup":false,"ev":"game","ms":88556,"predicted":false,"t":3,"tick":5191,"type":"hit"}
[client] {"a":9,"dup":false,"ev":"game","ms":88556,"predicted":false,"t":0,"tick":5191,"type":"hit"}
[client] {"a":8,"dup":false,"ev":"game","ms":88791,"predicted":false,"t":3,"tick":5205,"type":"hit"}
[client] {"a":0,"dup":false,"ev":"game","ms":88895,"predicted":false,"t":9,"tick":5212,"type":"hit"}
[client] {"a":8,"dup":false,"ev":"game","ms":89370,"predicted":false,"t":0,"tick":5240,"type":"hit"}
[client] {"a":9,"dup":false,"ev":"game","ms":89551,"predicted":false,"t":0,"tick":5251,"type":"hit"}
[client] {"a":8,"dup":false,"ev":"game","ms":89633,"predicted":false,"t":0,"tick":5256,"type":"hit"}
[client] {"counts":{"blocks_on_me":8,"conf_actions":51,"confirmed_hits":253,"dup_confirmed":0,"hits_on_me":31,"pred_actions":56,"predicted_confirmed":25,"predicted_hits":65,"reconnects":0},"ev":"stats","hp":170.0,"in_bytes":1209252,"late":0,"local_entity":3,"match":{"countdown_until":300,"ctrl":-1,"final":false,"next":"","phase":3,"rot":2219,"scores":[8,0],"sd":false,"state":3,"tick":4981,"zone":"A"},"max_err":1.545,"mean_err":0.0351,"ms":89970,"out_bytes":258789,"pending":6,"pos":[-40.51,-2.89],"reconciles":1754,"server_tick":5281,"snaps":1757,"teleports":3}
[client] {"a":2,"dup":false,"ev":"game","ms":89971,"predicted":false,"t":5,"tick":5276,"type":"hit"}
[client] {"a":3,"dup":true,"ev":"game","ms":89971,"predicted":false,"t":9,"tick":5281,"type":"hit"}
[client] {"a":9,"dup":false,"ev":"game","ms":90054,"predicted":false,"t":-1,"tick":5281,"type":"ko"}
[client] {"a":8,"dup":false,"ev":"game","ms":90185,"predicted":false,"t":3,"tick":5289,"type":"hit"}
[client] {"a":5,"dup":false,"ev":"game","ms":90317,"predicted":false,"t":2,"tick":5298,"type":"hit"}
[client] {"a":3,"dup":false,"ev":"game","ms":90502,"predicted":false,"t":8,"tick":5314,"type":"hit"}
[client] {"a":2,"dup":false,"ev":"game","ms":90633,"predicted":false,"t":5,"tick":5317,"type":"hit"}
[client] {"a":2,"dup":false,"ev":"game","ms":90950,"predicted":false,"t":5,"tick":5336,"type":"hit"}
[client] {"a":2,"dup":false,"ev":"game","ms":91468,"predicted":false,"t":5,"tick":5367,"type":"hit"}
[client] {"a":0,"dup":false,"ev":"game","ms":92103,"predicted":false,"t":6,"tick":5405,"type":"hit"}
[client] {"a":6,"dup":false,"ev":"game","ms":92103,"predicted":false,"t":-1,"tick":5405,"type":"ko"}
[client] {"a":5,"dup":false,"ev":"game","ms":92207,"predicted":false,"t":2,"tick":5411,"type":"hit"}
[client] {"a":5,"dup":false,"ev":"game","ms":92538,"predicted":false,"t":2,"tick":5431,"type":"hit"}
[client] {"a":5,"dup":false,"ev":"game","ms":92917,"predicted":false,"t":2,"tick":5454,"type":"hit"}
[client] {"a":2,"dup":false,"ev":"game","ms":92917,"predicted":false,"t":-1,"tick":5454,"type":"ko"}
[client] {"a":0,"dup":false,"ev":"game","ms":92987,"predicted":false,"t":7,"tick":5458,"type":"hit"}
[client] {"a":3,"dup":true,"ev":"game","ms":93255,"predicted":false,"t":8,"tick":5478,"type":"hit"}
[client] {"a":8,"dup":false,"ev":"game","ms":93718,"predicted":false,"t":3,"tick":5502,"type":"hit"}
[client] {"a":0,"dup":false,"ev":"game","ms":93869,"predicted":false,"t":7,"tick":5511,"type":"hit"}
[client] {"a":3,"dup":true,"ev":"game","ms":94104,"predicted":false,"t":8,"tick":5530,"type":"hit"}
[client] {"a":3,"dup":true,"ev":"game","ms":94504,"predicted":false,"t":8,"tick":5554,"type":"hit"}
[client] {"a":3,"dup":true,"ev":"game","ms":94835,"predicted":false,"t":8,"tick":5574,"type":"hit"}
[client] {"a":5,"dup":false,"ev":"game","ms":94856,"predicted":false,"t":0,"tick":5570,"type":"hit"}
[client] {"counts":{"blocks_on_me":8,"conf_actions":58,"confirmed_hits":273,"dup_confirmed":0,"hits_on_me":33,"pred_actions":64,"predicted_confirmed":30,"predicted_hits":73,"reconnects":0},"ev":"stats","hp":134.0,"in_bytes":1279392,"late":0,"local_entity":3,"match":{"countdown_until":300,"ctrl":-1,"final":false,"next":"","phase":3,"rot":1919,"scores":[8,0],"sd":false,"state":3,"tick":5281,"zone":"A"},"max_err":1.545,"mean_err":0.0336,"ms":94972,"out_bytes":273489,"pending":6,"pos":[-41.23,-3.54],"reconciles":1854,"server_tick":5581,"snaps":1857,"teleports":3}
[client] {"a":0,"dup":false,"ev":"game","ms":95436,"predicted":false,"t":5,"tick":5605,"type":"hit"}
[client] {"a":8,"dup":false,"ev":"game","ms":95587,"predicted":false,"t":3,"tick":5614,"type":"hit"}
[client] {"a":8,"dup":false,"ev":"game","ms":95918,"predicted":false,"t":3,"tick":5634,"type":"hit"}
[client] {"a":1,"dup":false,"ev":"game","ms":96056,"predicted":false,"t":-1,"tick":5642,"type":"respawn"}
[client] {"a":8,"dup":false,"ev":"game","ms":96305,"predicted":false,"t":3,"tick":5657,"type":"hit"}
[client] {"a":3,"dup":true,"ev":"game","ms":96692,"predicted":false,"t":8,"tick":5685,"type":"hit"}
[client] {"a":0,"dup":false,"ev":"game","ms":96871,"predicted":false,"t":5,"tick":5691,"type":"hit"}
[client] {"a":0,"dup":false,"ev":"game","ms":96905,"predicted":false,"t":7,"tick":5693,"type":"hit"}
[client] {"a":3,"dup":true,"ev":"game","ms":97023,"predicted":false,"t":8,"tick":5705,"type":"hit"}
[client] {"a":5,"dup":false,"ev":"game","ms":97236,"predicted":false,"t":0,"tick":5713,"type":"hit"}
[client] {"a":0,"dup":false,"ev":"game","ms":97236,"predicted":false,"t":-1,"tick":5713,"type":"ko"}
[client] {"a":4,"dup":false,"ev":"game","ms":97305,"predicted":false,"t":5,"tick":5717,"type":"hit"}
[client] {"a":8,"dup":false,"ev":"game","ms":97726,"predicted":false,"t":3,"tick":5742,"type":"hit"}
[client] {"a":5,"dup":false,"ev":"game","ms":97823,"predicted":false,"t":4,"tick":5748,"type":"hit"}
[client] {"a":3,"dup":false,"ev":"game","ms":98009,"predicted":false,"t":8,"tick":5764,"type":"block"}
[client] {"a":5,"dup":false,"ev":"game","ms":98271,"predicted":false,"t":4,"tick":5775,"type":"hit"}
[client] {"a":3,"dup":true,"ev":"game","ms":98341,"predicted":false,"t":8,"tick":5784,"type":"hit"}
[client] {"a":8,"dup":false,"ev":"game","ms":98423,"predicted":false,"t":-1,"tick":5784,"type":"ko"}
[client] {"a":4,"dup":false,"ev":"game","ms":98706,"predicted":false,"t":5,"tick":5801,"type":"block"}
[client] {"a":4,"dup":false,"ev":"game","ms":98927,"predicted":false,"t":5,"tick":5814,"type":"block"}
[client] {"a":4,"dup":false,"ev":"game","ms":99576,"predicted":false,"t":5,"tick":5853,"type":"block"}
[client] {"counts":{"blocks_on_me":8,"conf_actions":67,"confirmed_hits":287,"dup_confirmed":0,"hits_on_me":37,"pred_actions":73,"predicted_confirmed":33,"predicted_hits":85,"reconnects":0},"ev":"stats","hp":62.0,"in_bytes":1348190,"late":0,"local_entity":3,"match":{"countdown_until":300,"ctrl":-1,"final":false,"next":"","phase":3,"rot":1619,"scores":[8,0],"sd":false,"state":3,"tick":5581,"zone":"A"},"max_err":1.545,"mean_err":0.0335,"ms":99968,"out_bytes":288189,"pending":6,"pos":[-40.74,-1.41],"reconciles":1954,"server_tick":5881,"snaps":1957,"teleports":3}
[client] {"a":9,"dup":false,"ev":"game","ms":100031,"predicted":false,"t":-1,"tick":5881,"type":"respawn"}
[client] {"a":4,"dup":false,"ev":"game","ms":100265,"predicted":false,"t":5,"tick":5895,"type":"hit"}
[client] {"a":3,"dup":true,"ev":"game","ms":100300,"predicted":false,"t":5,"tick":5902,"type":"hit"}
[client] {"a":5,"dup":false,"ev":"game","ms":100804,"predicted":false,"t":3,"tick":5927,"type":"hit"}
[client] {"a":7,"dup":false,"ev":"game","ms":100900,"predicted":false,"t":3,"tick":5933,"type":"hit"}
[client] {"a":4,"dup":false,"ev":"game","ms":100935,"predicted":false,"t":5,"tick":5935,"type":"hit"}
[client] {"a":5,"dup":false,"ev":"game","ms":101349,"predicted":false,"t":4,"tick":5960,"type":"hit"}
[client] {"a":3,"dup":false,"ev":"game","ms":101770,"predicted":false,"t":7,"tick":5989,"type":"hit"}
[client] {"a":3,"dup":false,"ev":"game","ms":101770,"predicted":false,"t":-1,"tick":5989,"type":"ko"}
[client] {"a":5,"dup":false,"ev":"game","ms":101831,"predicted":false,"t":3,"tick":5989,"type":"hit"}
[client] {"a":4,"dup":false,"ev":"game","ms":102087,"predicted":false,"t":5,"tick":6004,"type":"hit"}
[client] {"a":6,"dup":false,"ev":"game","ms":102101,"predicted":false,"t":-1,"tick":6005,"type":"respawn"}
[client] {"a":7,"dup":false,"ev":"game","ms":102487,"predicted":false,"t":4,"tick":6028,"type":"hit"}
[client] {"a":2,"dup":false,"ev":"game","ms":102922,"predicted":false,"t":-1,"tick":6054,"type":"respawn"}
[client] {"a":4,"dup":false,"ev":"game","ms":103032,"predicted":false,"t":7,"tick":6060,"type":"hit"}
[client] {"a":4,"dup":false,"ev":"game","ms":103350,"predicted":false,"t":5,"tick":6080,"type":"hit"}
[client] {"a":4,"dup":false,"ev":"game","ms":103971,"predicted":false,"t":5,"tick":6117,"type":"hit"}
[client] {"a":5,"dup":false,"ev":"game","ms":103971,"predicted":false,"t":-1,"tick":6117,"type":"ko"}
[client] {"a":7,"dup":false,"ev":"game","ms":104088,"predicted":false,"t":4,"tick":6124,"type":"hit"}
[client] {"a":4,"dup":false,"ev":"game","ms":104488,"predicted":false,"t":7,"tick":6147,"type":"parry"}
[client] {"counts":{"blocks_on_me":8,"conf_actions":69,"confirmed_hits":301,"dup_confirmed":0,"hits_on_me":40,"pred_actions":76,"predicted_confirmed":34,"predicted_hits":87,"reconnects":0},"ev":"stats","hp":0.0,"in_bytes":1410091,"late":0,"local_entity":3,"match":{"countdown_until":300,"ctrl":-1,"final":false,"next":"","phase":3,"rot":1319,"scores":[8,0],"sd":false,"state":3,"tick":5881,"zone":"A"},"max_err":1.545,"mean_err":0.0329,"ms":104970,"out_bytes":302889,"pending":6,"pos":[-40.23,-1.71],"reconciles":2054,"server_tick":6181,"snaps":2057,"teleports":3}
[client] {"a":7,"dup":false,"ev":"game","ms":104985,"predicted":false,"t":4,"tick":6178,"type":"hit"}
[client] {"a":7,"dup":false,"ev":"game","ms":105303,"predicted":false,"t":4,"tick":6197,"type":"hit"}
[client] {"a":7,"dup":false,"ev":"game","ms":105689,"predicted":false,"t":4,"tick":6220,"type":"hit"}
[client] {"a":7,"dup":false,"ev":"game","ms":106668,"predicted":false,"t":4,"tick":6279,"type":"hit"}
[client] {"a":1,"dup":false,"ev":"game","ms":107152,"predicted":false,"t":7,"tick":6308,"type":"hit"}
[client] {"a":0,"dup":false,"ev":"game","ms":107242,"predicted":false,"t":-1,"tick":6313,"type":"respawn"}
[client] {"a":7,"dup":false,"ev":"game","ms":107538,"predicted":false,"t":1,"tick":6331,"type":"block"}
[client] {"a":7,"dup":false,"ev":"game","ms":107621,"predicted":false,"t":4,"tick":6336,"type":"hit"}
[client] {"a":1,"dup":false,"ev":"game","ms":107924,"predicted":false,"t":7,"tick":6354,"type":"hit"}
[client] {"a":4,"dup":false,"ev":"game","ms":108007,"predicted":false,"t":7,"tick":6359,"type":"hit"}
[client] {"a":7,"dup":false,"ev":"game","ms":108325,"predicted":false,"t":1,"tick":6378,"type":"hit"}
[client] {"a":4,"dup":false,"ev":"game","ms":108373,"predicted":false,"t":7,"tick":6381,"type":"hit"}
[client] {"a":8,"dup":false,"ev":"game","ms":108421,"predicted":false,"t":-1,"tick":6384,"type":"respawn"}
[client] {"a":1,"dup":false,"ev":"game","ms":108690,"predicted":false,"t":7,"tick":6400,"type":"hit"}
[client] {"a":4,"dup":false,"ev":"game","ms":108891,"predicted":false,"t":7,"tick":6412,"type":"hit"}
[client] {"a":7,"dup":false,"ev":"game","ms":108891,"predicted":false,"t":-1,"tick":6412,"type":"ko"}
[client] {"counts":{"blocks_on_me":8,"conf_actions":69,"confirmed_hits":313,"dup_confirmed":0,"hits_on_me":40,"pred_actions":76,"predicted_confirmed":34,"predicted_hits":87,"reconnects":0},"ev":"stats","hp":0.0,"in_bytes":1472465,"late":0,"local_entity":3,"match":{"countdown_until":300,"ctrl":-1,"final":false,"next":"","phase":3,"rot":1019,"scores":[8,0],"sd":false,"state":3,"tick":6181,"zone":"A"},"max_err":1.545,"mean_err":0.0314,"ms":109973,"out_bytes":317589,"pending":6,"pos":[-40.23,-1.71],"reconciles":2154,"server_tick":6481,"snaps":2157,"teleports":3}
[client] {"a":1,"dup":false,"ev":"game","ms":110981,"predicted":false,"t":9,"tick":6538,"type":"hit"}
[client] {"a":3,"dup":false,"ev":"game","ms":111768,"predicted":false,"t":-1,"tick":6589,"type":"respawn"}
[client] {"a":4,"dup":false,"ev":"game","ms":112134,"predicted":false,"t":6,"tick":6607,"type":"hit"}
[client] {"a":6,"dup":false,"ev":"game","ms":113900,"predicted":false,"t":4,"tick":6713,"type":"hit"}
[client] {"a":5,"dup":false,"ev":"game","ms":113969,"predicted":false,"t":-1,"tick":6717,"type":"respawn"}
[client] {"a":9,"dup":false,"ev":"game","ms":114017,"predicted":false,"t":4,"tick":6720,"type":"hit"}
[client] {"a":4,"dup":false,"ev":"game","ms":114017,"predicted":false,"t":-1,"tick":6720,"type":"ko"}
[client] {"a":1,"dup":false,"ev":"game","ms":114638,"predicted":false,"t":9,"tick":6757,"type":"hit"}
[client] {"a":6,"dup":false,"ev":"game","ms":114921,"predicted":false,"t":2,"tick":6774,"type":"hit"}
[client] {"counts":{"blocks_on_me":8,"conf_actions":69,"confirmed_hits":319,"dup_confirmed":0,"hits_on_me":40,"pred_actions":76,"predicted_confirmed":34,"predicted_hits":87,"reconnects":0},"ev":"stats","hp":280.0,"in_bytes":1531161,"late":0,"local_entity":3,"match":{"countdown_until":300,"ctrl":-1,"final":false,"next":"C","phase":3,"rot":719,"scores":[8,0],"sd":false,"state":3,"tick":6481,"zone":"A"},"max_err":1.545,"mean_err":0.03,"ms":114968,"out_bytes":332289,"pending":6,"pos":[0.58,-28.36],"reconciles":2253,"server_tick":6781,"snaps":2257,"teleports":4}
[client] {"a":1,"dup":false,"ev":"game","ms":115039,"predicted":false,"t":9,"tick":6781,"type":"hit"}
[client] {"a":9,"dup":false,"ev":"game","ms":115384,"predicted":false,"t":1,"tick":6802,"type":"hit"}
[client] {"a":2,"dup":false,"ev":"game","ms":115439,"predicted":false,"t":6,"tick":6805,"type":"hit"}
[client] {"a":2,"dup":false,"ev":"game","ms":115756,"predicted":false,"t":6,"tick":6824,"type":"hit"}
[client] {"a":1,"dup":false,"ev":"game","ms":116040,"predicted":false,"t":9,"tick":6841,"type":"hit"}
[client] {"a":6,"dup":false,"ev":"game","ms":116101,"predicted":false,"t":2,"tick":6845,"type":"hit"}
[client] {"a":6,"dup":false,"ev":"game","ms":116419,"predicted":false,"t":2,"tick":6864,"type":"hit"}
[client] {"a":1,"dup":false,"ev":"game","ms":116785,"predicted":false,"t":6,"tick":6886,"type":"hit"}
[client] {"a":2,"dup":false,"ev":"game","ms":116888,"predicted":false,"t":6,"tick":6892,"type":"hit"}
[client] {"a":2,"dup":false,"ev":"game","ms":117219,"predicted":false,"t":6,"tick":6912,"type":"hit"}
[client] {"a":2,"dup":false,"ev":"game","ms":117253,"predicted":false,"t":9,"tick":6914,"type":"hit"}
[client] {"a":1,"dup":false,"ev":"game","ms":117288,"predicted":false,"t":9,"tick":6916,"type":"hit"}
[client] {"a":9,"dup":false,"ev":"game","ms":117771,"predicted":false,"t":2,"tick":6945,"type":"hit"}
[client] {"a":1,"dup":false,"ev":"game","ms":117986,"predicted":false,"t":9,"tick":6958,"type":"hit"}
[client] {"a":2,"dup":false,"ev":"game","ms":118186,"predicted":false,"t":9,"tick":6970,"type":"hit"}
[client] {"a":1,"dup":false,"ev":"game","ms":118219,"predicted":false,"t":9,"tick":6972,"type":"hit"}
[client] {"a":8,"dup":false,"ev":"game","ms":118502,"predicted":false,"t":1,"tick":6989,"type":"hit"}
[client] {"a":8,"dup":false,"ev":"game","ms":118854,"predicted":false,"t":2,"tick":7010,"type":"hit"}
[client] {"a":7,"dup":false,"ev":"game","ms":118889,"predicted":false,"t":-1,"tick":7012,"type":"respawn"}
[client] {"a":1,"dup":false,"ev":"game","ms":118904,"predicted":false,"t":8,"tick":7013,"type":"hit"}
[client] {"a":9,"dup":false,"ev":"game","ms":119020,"predicted":false,"t":1,"tick":7020,"type":"hit"}
[client] {"a":8,"dup":false,"ev":"game","ms":119889,"predicted":false,"t":0,"tick":7072,"type":"hit"}
[client] {"a":9,"dup":false,"ev":"game","ms":119890,"predicted":false,"t":0,"tick":7072,"type":"hit"}
[client] {"a":8,"dup":false,"ev":"game","ms":119938,"predicted":false,"t":1,"tick":7075,"type":"hit"}
[client] {"counts":{"blocks_on_me":8,"conf_actions":69,"confirmed_hits":342,"dup_confirmed":0,"hits_on_me":40,"pred_actions":76,"predicted_confirmed":34,"predicted_hits":87,"reconnects":0},"ev":"stats","hp":280.0,"in_bytes":1597469,"late":0,"local_entity":3,"match":{"countdown_until":300,"ctrl":-1,"final":false,"next":"C","phase":3,"rot":419,"scores":[8,0],"sd":false,"state":3,"tick":6781,"zone":"A"},"max_err":1.545,"mean_err":0.0287,"ms":119971,"out_bytes":346989,"pending":6,"pos":[-24.02,-14.05],"reconciles":2353,"server_tick":7081,"snaps":2357,"teleports":4}
[client] {"a":9,"dup":false,"ev":"game","ms":120290,"predicted":false,"t":0,"tick":7096,"type":"hit"}
[client] {"a":6,"dup":false,"ev":"game","ms":120303,"predicted":false,"t":2,"tick":7097,"type":"hit"}
[client] {"a":1,"dup":false,"ev":"game","ms":120503,"predicted":false,"t":8,"tick":7109,"type":"hit"}
[client] {"a":2,"dup":false,"ev":"game","ms":120676,"predicted":false,"t":6,"tick":7119,"type":"hit"}
[client] {"a":0,"dup":false,"ev":"game","ms":120787,"predicted":false,"t":8,"tick":7126,"type":"hit"}
[client] {"a":0,"dup":false,"ev":"game","ms":120787,"predicted":false,"t":9,"tick":7126,"type":"hit"}
[client] {"a":2,"dup":false,"ev":"game","ms":120987,"predicted":false,"t":6,"tick":7138,"type":"hit"}
[client] {"a":9,"dup":false,"ev":"game","ms":121159,"predicted":false,"t":0,"tick":7148,"type":"hit"}
[client] {"a":8,"dup":false,"ev":"game","ms":121221,"predicted":false,"t":0,"tick":7152,"type":"hit"}
[client] {"a":8,"dup":false,"ev":"game","ms":121255,"predicted":false,"t":1,"tick":7154,"type":"hit"}
[client] {"a":8,"dup":false,"ev":"game","ms":121491,"predicted":false,"t":0,"tick":7168,"type":"hit"}
[client] {"a":6,"dup":false,"ev":"game","ms":121725,"predicted":false,"t":2,"tick":7182,"type":"hit"}
[client] {"a":1,"dup":false,"ev":"game","ms":121759,"predicted":false,"t":8,"tick":7184,"type":"hit"}
[client] {"a":8,"dup":false,"ev":"game","ms":122276,"predicted":false,"t":2,"tick":7215,"type":"hit"}
[client] {"a":9,"dup":false,"ev":"game","ms":122373,"predicted":false,"t":2,"tick":7221,"type":"hit"}
[client] {"a":1,"dup":false,"ev":"game","ms":122422,"predicted":false,"t":9,"tick":7224,"type":"hit"}
[client] {"a":9,"dup":false,"ev":"game","ms":122422,"predicted":false,"t":-1,"tick":7224,"type":"ko"}
[client] {"a":2,"dup":false,"ev":"game","ms":122759,"predicted":false,"t":8,"tick":7244,"type":"hit"}
[client] {"a":0,"dup":false,"ev":"game","ms":122788,"predicted":false,"t":6,"tick":7246,"type":"hit"}
[client] {"a":1,"dup":false,"ev":"game","ms":123042,"predicted":false,"t":8,"tick":7261,"type":"hit"}
[client] {"a":2,"dup":false,"ev":"game","ms":123174,"predicted":false,"t":8,"tick":7269,"type":"hit"}
[client] {"a":8,"dup":false,"ev":"game","ms":123581,"predicted":false,"t":1,"tick":7294,"type":"hit"}
[client] {"a":0,"dup":false,"ev":"game","ms":123837,"predicted":false,"t":6,"tick":7309,"type":"hit"}
[client] {"a":8,"dup":false,"ev":"game","ms":123981,"predicted":false,"t":3,"tick":7318,"type":"hit"}
[client] {"a":4,"dup":false,"ev":"game","ms":124015,"predicted":false,"t":-1,"tick":7320,"type":"respawn"}
[client] {"a":1,"dup":false,"ev":"game","ms":124367,"predicted":false,"t":8,"tick":7340,"type":"hit"}
[client] {"a":0,"dup":false,"ev":"game","ms":124381,"predicted":false,"t":6,"tick":7341,"type":"hit"}
[client] {"a":6,"dup":false,"ev":"game","ms":124381,"predicted":false,"t":-1,"tick":7341,"type":"ko"}
[client] {"counts":{"blocks_on_me":8,"conf_actions":72,"confirmed_hits":367,"dup_confirmed":0,"hits_on_me":41,"pred_actions":79,"predicted_confirmed":34,"predicted_hits":88,"reconnects":0},"ev":"stats","hp":262.0,"in_bytes":1664282,"late":0,"local_entity":3,"match":{"countdown_until":300,"ctrl":-1,"final":false,"next":"C","phase":3,"rot":119,"scores":[8,0],"sd":false,"state":3,"tick":7081,"zone":"A"},"max_err":1.545,"mean_err":0.0277,"ms":124967,"out_bytes":361689,"pending":6,"pos":[-38.74,-0.24],"reconciles":2453,"server_tick":7381,"snaps":2457,"teleports":4}
[client] {"a":1,"dup":false,"ev":"game","ms":125451,"predicted":false,"t":5,"tick":7406,"type":"hit"}
[client] {"a":1,"dup":false,"ev":"game","ms":125734,"predicted":false,"t":5,"tick":7423,"type":"hit"}
[client] {"a":-1,"dup":false,"ev":"game","ms":127003,"predicted":false,"t":-1,"tick":7499,"type":"zone_rotated"}
[client] {"a":8,"dup":false,"ev":"game","ms":127120,"predicted":false,"t":3,"tick":7506,"type":"hit"}
[client] {"a":5,"dup":false,"ev":"game","ms":127155,"predicted":false,"t":1,"tick":7508,"type":"hit"}
[client] {"a":5,"dup":false,"ev":"game","ms":127155,"predicted":false,"t":3,"tick":7508,"type":"hit"}
[client] {"a":8,"dup":false,"ev":"game","ms":127838,"predicted":false,"t":2,"tick":7549,"type":"hit"}
[client] {"a":3,"dup":true,"ev":"game","ms":128100,"predicted":false,"t":5,"tick":7570,"type":"hit"}
[client] {"a":2,"dup":false,"ev":"game","ms":128204,"predicted":false,"t":5,"tick":7571,"type":"hit"}
[client] {"a":1,"dup":false,"ev":"game","ms":128300,"predicted":false,"t":5,"tick":7577,"type":"hit"}
[client] {"a":1,"dup":false,"ev":"game","ms":129073,"predicted":false,"t":5,"tick":7623,"type":"hit"}
[client] {"a":1,"dup":false,"ev":"game","ms":129418,"predicted":false,"t":5,"tick":7644,"type":"hit"}
[client] {"a":0,"dup":false,"ev":"game","ms":129440,"predicted":false,"t":5,"tick":7645,"type":"hit"}
[client] {"a":3,"dup":true,"ev":"game","ms":129688,"predicted":false,"t":5,"tick":7665,"type":"hit"}
[client] {"a":2,"dup":false,"ev":"game","ms":129722,"predicted":false,"t":5,"tick":7662,"type":"hit"}
[client] {"a":1,"dup":false,"ev":"game","ms":129736,"predicted":false,"t":5,"tick":7663,"type":"hit"}
[client] {"a":0,"dup":false,"ev":"game","ms":129804,"predicted":false,"t":5,"tick":7667,"type":"hit"}
[client] {"counts":{"blocks_on_me":8,"conf_actions":77,"confirmed_hits":383,"dup_confirmed":0,"hits_on_me":43,"pred_actions":84,"predicted_confirmed":36,"predicted_hits":92,"reconnects":0},"ev":"stats","hp":218.0,"in_bytes":1731338,"late":0,"local_entity":3,"match":{"countdown_until":300,"ctrl":-1,"final":false,"next":"","phase":3,"rot":3419,"scores":[8,0],"sd":false,"state":1,"tick":7381,"zone":"C"},"max_err":1.545,"mean_err":0.0277,"ms":129969,"out_bytes":376389,"pending":6,"pos":[-40.79,0.91],"reconciles":2553,"server_tick":7681,"snaps":2557,"teleports":4}
[client] {"a":0,"dup":false,"ev":"game","ms":130136,"predicted":false,"t":5,"tick":7687,"type":"hit"}
[client] {"a":1,"dup":false,"ev":"game","ms":130391,"predicted":false,"t":5,"tick":7702,"type":"hit"}
[client] {"a":5,"dup":false,"ev":"game","ms":130758,"predicted":false,"t":1,"tick":7724,"type":"hit"}
[client] {"a":1,"dup":false,"ev":"game","ms":131137,"predicted":false,"t":5,"tick":7747,"type":"hit"}
[client] {"a":5,"dup":false,"ev":"game","ms":131137,"predicted":false,"t":-1,"tick":7747,"type":"ko"}
[client] {"a":9,"dup":false,"ev":"game","ms":132420,"predicted":false,"t":-1,"tick":7824,"type":"respawn"}
[client] {"a":6,"dup":false,"ev":"game","ms":134372,"predicted":false,"t":-1,"tick":7941,"type":"respawn"}
[client] {"counts":{"blocks_on_me":8,"conf_actions":79,"confirmed_hits":387,"dup_confirmed":0,"hits_on_me":43,"pred_actions":86,"predicted_confirmed":36,"predicted_hits":94,"reconnects":0},"ev":"stats","hp":218.0,"in_bytes":1787376,"late":0,"local_entity":3,"match":{"countdown_until":300,"ctrl":-1,"final":false,"next":"","phase":3,"rot":3119,"scores":[8,0],"sd":false,"state":1,"tick":7681,"zone":"C"},"max_err":1.545,"mean_err":0.0269,"ms":134965,"out_bytes":391089,"pending":6,"pos":[-19.39,4.91],"reconciles":2653,"server_tick":7981,"snaps":2657,"teleports":4}
[client] {"a":4,"dup":false,"ev":"game","ms":139355,"predicted":false,"t":7,"tick":8240,"type":"hit"}
[client] {"counts":{"blocks_on_me":8,"conf_actions":79,"confirmed_hits":388,"dup_confirmed":0,"hits_on_me":43,"pred_actions":86,"predicted_confirmed":36,"predicted_hits":94,"reconnects":0},"ev":"stats","hp":277.400000000002,"in_bytes":1843768,"late":0,"local_entity":3,"match":{"countdown_until":300,"ctrl":-1,"final":false,"next":"","phase":3,"rot":2819,"scores":[8,1],"sd":false,"state":3,"tick":7981,"zone":"C"},"max_err":1.545,"mean_err":0.0263,"ms":139968,"out_bytes":405789,"pending":6,"pos":[14.03,-0.74],"reconciles":2753,"server_tick":8281,"snaps":2757,"teleports":4}
[client] {"a":4,"dup":false,"ev":"game","ms":140507,"predicted":false,"t":7,"tick":8309,"type":"hit"}
[client] {"a":7,"dup":false,"ev":"game","ms":140824,"predicted":false,"t":4,"tick":8328,"type":"hit"}
[client] {"a":8,"dup":false,"ev":"game","ms":141038,"predicted":false,"t":4,"tick":8341,"type":"hit"}
[client] {"a":5,"dup":false,"ev":"game","ms":141136,"predicted":false,"t":-1,"tick":8347,"type":"respawn"}
[client] {"a":4,"dup":false,"ev":"game","ms":143509,"predicted":false,"t":8,"tick":8489,"type":"hit"}
[client] {"a":1,"dup":false,"ev":"game","ms":143708,"predicted":false,"t":7,"tick":8501,"type":"hit"}
[client] {"a":9,"dup":false,"ev":"game","ms":143825,"predicted":false,"t":4,"tick":8508,"type":"hit"}
[client] {"a":8,"dup":false,"ev":"game","ms":144122,"predicted":false,"t":1,"tick":8526,"type":"hit"}
[client] {"a":6,"dup":false,"ev":"game","ms":144240,"predicted":false,"t":1,"tick":8533,"type":"hit"}
[client] {"a":8,"dup":false,"ev":"game","ms":144474,"predicted":false,"t":1,"tick":8547,"type":"hit"}
[client] {"a":4,"dup":false,"ev":"game","ms":144509,"predicted":false,"t":9,"tick":8549,"type":"hit"}
[client] {"a":7,"dup":false,"ev":"game","ms":144509,"predicted":false,"t":1,"tick":8549,"type":"hit"}
[client] {"a":6,"dup":false,"ev":"game","ms":144536,"predicted":false,"t":3,"tick":8551,"type":"block"}
[client] {"a":0,"dup":false,"ev":"game","ms":144626,"predicted":false,"t":6,"tick":8556,"type":"hit"}
[client] {"a":0,"dup":false,"ev":"game","ms":144626,"predicted":false,"t":8,"tick":8556,"type":"hit"}
[client] {"a":4,"dup":false,"ev":"game","ms":144854,"predicted":false,"t":9,"tick":8570,"type":"hit"}
[client] {"counts":{"blocks_on_me":9,"conf_actions":80,"confirmed_hits":402,"dup_confirmed":0,"hits_on_me":43,"pred_actions":87,"predicted_confirmed":36,"predicted_hits":94,"reconnects":0},"ev":"stats","hp":280.0,"in_bytes":1909587,"late":0,"local_entity":3,"match":{"countdown_until":300,"ctrl":-1,"final":false,"next":"","phase":3,"rot":2519,"scores":[8,1],"sd":false,"state":3,"tick":8281,"zone":"C"},"max_err":1.545,"mean_err":0.026,"ms":144970,"out_bytes":420489,"pending":6,"pos":[40.35,-0.29],"reconciles":2853,"server_tick":8581,"snaps":2857,"teleports":4}
[client] {"a":4,"dup":false,"ev":"game","ms":145185,"predicted":false,"t":9,"tick":8590,"type":"hit"}
[client] {"a":7,"dup":false,"ev":"game","ms":145364,"predicted":false,"t":3,"tick":8600,"type":"hit"}
[client] {"a":7,"dup":false,"ev":"game","ms":145385,"predicted":false,"t":0,"tick":8601,"type":"hit"}
[client] {"a":8,"dup":false,"ev":"game","ms":145530,"predicted":false,"t":4,"tick":8611,"type":"hit"}
[client] {"a":1,"dup":false,"ev":"game","ms":145598,"predicted":false,"t":7,"tick":8615,"type":"hit"}
[client] {"a":1,"dup":false,"ev":"game","ms":145930,"predicted":false,"t":7,"tick":8634,"type":"hit"}
[client] {"a":2,"dup":false,"ev":"game","ms":146047,"predicted":false,"t":7,"tick":8642,"type":"hit"}
[client] {"a":3,"dup":true,"ev":"game","ms":146199,"predicted":false,"t":7,"tick":8656,"type":"hit"}
[client] {"a":6,"dup":false,"ev":"game","ms":146316,"predicted":false,"t":1,"tick":8657,"type":"hit"}
[client] {"a":9,"dup":false,"ev":"game","ms":146386,"predicted":false,"t":2,"tick":8661,"type":"hit"}
[client] {"a":9,"dup":false,"ev":"game","ms":146386,"predicted":false,"t":1,"tick":8662,"type":"hit"}
[client] {"a":9,"dup":false,"ev":"game","ms":146386,"predicted":false,"t":3,"tick":8662,"type":"hit"}
[client] {"a":4,"dup":false,"ev":"game","ms":146799,"predicted":false,"t":7,"tick":8687,"type":"hit"}
[client] {"a":6,"dup":false,"ev":"game","ms":147034,"predicted":false,"t":0,"tick":8701,"type":"hit"}
[client] {"a":6,"dup":false,"ev":"game","ms":147082,"predicted":false,"t":2,"tick":8704,"type":"hit"}
[client] {"a":3,"dup":true,"ev":"game","ms":147152,"predicted":false,"t":6,"tick":8713,"type":"hit"}
[client] {"a":4,"dup":false,"ev":"game","ms":147165,"predicted":false,"t":7,"tick":8708,"type":"hit"}
[client] {"a":1,"dup":false,"ev":"game","ms":147317,"predicted":false,"t":6,"tick":8717,"type":"hit"}
[client] {"a":9,"dup":false,"ev":"game","ms":147366,"predicted":false,"t":1,"tick":8720,"type":"hit"}
[client] {"a":4,"dup":false,"ev":"game","ms":147399,"predicted":false,"t":7,"tick":8723,"type":"hit"}
[client] {"a":3,"dup":true,"ev":"game","ms":147434,"predicted":false,"t":6,"tick":8730,"type":"hit"}
[client] {"a":6,"dup":false,"ev":"game","ms":147869,"predicted":false,"t":3,"tick":8751,"type":"hit"}
[client] {"a":2,"dup":false,"ev":"game","ms":148020,"predicted":false,"t":9,"tick":8760,"type":"hit"}
[client] {"a":8,"dup":false,"ev":"game","ms":148020,"predicted":false,"t":3,"tick":8760,"type":"hit"}
[client] {"a":0,"dup":false,"ev":"game","ms":148117,"predicted":false,"t":6,"tick":8766,"type":"hit"}
[client] {"a":6,"dup":false,"ev":"game","ms":148483,"predicted":false,"t":3,"tick":8788,"type":"hit"}
[client] {"a":6,"dup":false,"ev":"game","ms":148538,"predicted":false,"t":0,"tick":8791,"type":"hit"}
[client] {"a":3,"dup":true,"ev":"game","ms":148800,"predicted":false,"t":6,"tick":8812,"type":"hit"}
[client] {"a":8,"dup":false,"ev":"game","ms":149083,"predicted":false,"t":3,"tick":8824,"type":"hit"}
[client] {"a":7,"dup":false,"ev":"game","ms":149139,"predicted":false,"t":3,"tick":8827,"type":"hit"}
[client] {"a":1,"dup":false,"ev":"game","ms":149400,"predicted":false,"t":9,"tick":8843,"type":"hit"}
[client] {"a":2,"dup":false,"ev":"game","ms":149401,"predicted":false,"t":6,"tick":8843,"type":"hit"}
[client] {"a":0,"dup":false,"ev":"game","ms":149552,"predicted":false,"t":6,"tick":8852,"type":"hit"}
[client] {"a":0,"dup":false,"ev":"game","ms":149601,"predicted":false,"t":8,"tick":8855,"type":"hit"}
[client] {"a":4,"dup":false,"ev":"game","ms":149835,"predicted":false,"t":7,"tick":8869,"type":"hit"}
[client] {"counts":{"blocks_on_me":9,"conf_actions":86,"confirmed_hits":437,"dup_confirmed":0,"hits_on_me":50,"pred_actions":94,"predicted_confirmed":40,"predicted_hits":104,"reconnects":0},"ev":"stats","hp":116.0,"in_bytes":1989306,"late":0,"local_entity":3,"match":{"countdown_until":300,"ctrl":-1,"final":false,"next":"","phase":3,"rot":2219,"scores":[8,1],"sd":false,"state":3,"tick":8581,"zone":"C"},"max_err":1.635,"mean_err":0.0276,"ms":149965,"out_bytes":435189,"pending":6,"pos":[38.93,1.8],"reconciles":2953,"server_tick":8881,"snaps":2957,"teleports":4}
[client] {"a":1,"dup":false,"ev":"game","ms":150084,"predicted":false,"t":9,"tick":8884,"type":"hit"}
[client] {"a":2,"dup":false,"ev":"game","ms":150105,"predicted":false,"t":6,"tick":8885,"type":"hit"}
[client] {"a":6,"dup":false,"ev":"game","ms":150105,"predicted":false,"t":-1,"tick":8885,"type":"ko"}
[client] {"a":0,"dup":false,"ev":"game","ms":150270,"predicted":false,"t":7,"tick":8895,"type":"hit"}
[client] {"a":1,"dup":false,"ev":"game","ms":150401,"predicted":false,"t":9,"tick":8903,"type":"hit"}
[client] {"a":8,"dup":false,"ev":"game","ms":150505,"predicted":false,"t":4,"tick":8909,"type":"hit"}
[client] {"a":0,"dup":false,"ev":"game","ms":150601,"predicted":false,"t":7,"tick":8915,"type":"hit"}
[client] {"a":7,"dup":false,"ev":"game","ms":150601,"predicted":false,"t":-1,"tick":8915,"type":"ko"}
[client] {"a":1,"dup":false,"ev":"game","ms":150767,"predicted":false,"t":9,"tick":8925,"type":"hit"}
[client] {"a":1,"dup":false,"ev":"game","ms":151319,"predicted":false,"t":8,"tick":8958,"type":"hit"}
[client] {"a":9,"dup":false,"ev":"game","ms":151485,"predicted":false,"t":4,"tick":8968,"type":"hit"}
[client] {"a":1,"dup":false,"ev":"game","ms":152022,"predicted":false,"t":8,"tick":9000,"type":"hit"}
[client] {"a":3,"dup":true,"ev":"game","ms":152471,"predicted":false,"t":9,"tick":9032,"type":"hit"}
[client] {"a":8,"dup":false,"ev":"game","ms":152968,"predicted":false,"t":2,"tick":9057,"type":"hit"}
[client] {"a":0,"dup":false,"ev":"game","ms":153768,"predicted":false,"t":8,"tick":9105,"type":"hit"}
[client] {"a":8,"dup":false,"ev":"game","ms":153768,"predicted":false,"t":-1,"tick":9105,"type":"ko"}
[client] {"a":5,"dup":false,"ev":"game","ms":153823,"predicted":false,"t":3,"tick":9108,"type":"hit"}
[client] {"a":4,"dup":false,"ev":"game","ms":153851,"predicted":false,"t":5,"tick":9110,"type":"hit"}
[client] {"a":2,"dup":false,"ev":"game","ms":153920,"predicted":false,"t":5,"tick":9114,"type":"hit"}
[client] {"a":4,"dup":false,"ev":"game","ms":154169,"predicted":false,"t":5,"tick":9129,"type":"hit"}
[client] {"a":2,"dup":false,"ev":"game","ms":154252,"predicted":false,"t":5,"tick":9134,"type":"hit"}
[client] {"a":3,"dup":true,"ev":"game","ms":154306,"predicted":false,"t":5,"tick":9142,"type":"hit"}
[client] {"a":0,"dup":false,"ev":"game","ms":154369,"predicted":false,"t":9,"tick":9141,"type":"hit"}
[client] {"a":3,"dup":true,"ev":"game","ms":154638,"predicted":false,"t":5,"tick":9162,"type":"hit"}
[client] {"a":4,"dup":false,"ev":"game","ms":154824,"predicted":false,"t":5,"tick":9168,"type":"hit"}
[client] {"counts":{"blocks_on_me":9,"conf_actions":95,"confirmed_hits":459,"dup_confirmed":0,"hits_on_me":51,"pred_actions":103,"predicted_confirmed":43,"predicted_hits":110,"reconnects":0},"ev":"stats","hp":98.0,"in_bytes":2060176,"late":0,"local_entity":3,"match":{"countdown_until":300,"ctrl":-1,"final":false,"next":"","phase":3,"rot":1919,"scores":[8,1],"sd":false,"state":3,"tick":8881,"zone":"C"},"max_err":1.635,"mean_err":0.0274,"ms":154968,"out_bytes":449889,"pending":6,"pos":[40.8,1.15],"reconciles":3053,"server_tick":9181,"snaps":3057,"teleports":4}
[client] {"a":9,"dup":false,"ev":"game","ms":155238,"predicted":false,"t":0,"tick":9193,"type":"hit"}
[client] {"a":9,"dup":false,"ev":"game","ms":155555,"predicted":false,"t":0,"tick":9212,"type":"hit"}
[client] {"a":1,"dup":false,"ev":"game","ms":155742,"predicted":false,"t":9,"tick":9223,"type":"hit"}
[client] {"a":1,"dup":false,"ev":"game","ms":155955,"predicted":false,"t":9,"tick":9236,"type":"hit"}
[client] {"a":0,"dup":false,"ev":"game","ms":156273,"predicted":false,"t":9,"tick":9255,"type":"hit"}
[client] {"a":9,"dup":false,"ev":"game","ms":156273,"predicted":false,"t":-1,"tick":9255,"type":"ko"}
[client] {"a":2,"dup":false,"ev":"game","ms":156473,"predicted":false,"t":5,"tick":9267,"type":"block"}
[client] {"a":3,"dup":true,"ev":"game","ms":157370,"predicted":false,"t":5,"tick":9326,"type":"hit"}
[client] {"a":3,"dup":true,"ev":"game","ms":157709,"predicted":false,"t":5,"tick":9346,"type":"hit"}
[client] {"a":2,"dup":false,"ev":"game","ms":157991,"predicted":false,"t":5,"tick":9358,"type":"hit"}
[client] {"a":3,"dup":true,"ev":"game","ms":158060,"predicted":false,"t":5,"tick":9367,"type":"hit"}
[client] {"a":2,"dup":false,"ev":"game","ms":158391,"predicted":false,"t":5,"tick":9382,"type":"hit"}
[client] {"a":2,"dup":false,"ev":"game","ms":158667,"predicted":false,"t":5,"tick":9399,"type":"hit"}
[client] {"a":2,"dup":false,"ev":"game","ms":159468,"predicted":false,"t":5,"tick":9446,"type":"hit"}
[client] {"counts":{"blocks_on_me":9,"conf_actions":104,"confirmed_hits":471,"dup_confirmed":0,"hits_on_me":51,"pred_actions":112,"predicted_confirmed":46,"predicted_hits":116,"reconnects":0},"ev":"stats","hp":80.0,"in_bytes":2122861,"late":0,"local_entity":3,"match":{"countdown_until":300,"ctrl":-1,"final":false,"next":"","phase":3,"rot":1619,"scores":[8,1],"sd":false,"state":3,"tick":9181,"zone":"C"},"max_err":1.635,"mean_err":0.0269,"ms":159964,"out_bytes":464589,"pending":6,"pos":[37.74,0.79],"reconciles":3153,"server_tick":9481,"snaps":3157,"teleports":4}
[client] {"a":5,"dup":false,"ev":"game","ms":160020,"predicted":false,"t":3,"tick":9479,"type":"hit"}
[client] {"a":2,"dup":false,"ev":"game","ms":160103,"predicted":false,"t":5,"tick":9484,"type":"hit"}
[client] {"a":5,"dup":false,"ev":"game","ms":160103,"predicted":false,"t":-1,"tick":9484,"type":"ko"}
[client] {"a":6,"dup":false,"ev":"game","ms":160116,"predicted":false,"t":-1,"tick":9485,"type":"respawn"}
[client] {"a":7,"dup":false,"ev":"game","ms":160620,"predicted":false,"t":-1,"tick":9515,"type":"respawn"}
[client] {"a":8,"dup":false,"ev":"game","ms":163773,"predicted":false,"t":-1,"tick":9705,"type":"respawn"}
[client] {"counts":{"blocks_on_me":9,"conf_actions":105,"confirmed_hits":473,"dup_confirmed":0,"hits_on_me":52,"pred_actions":113,"predicted_confirmed":46,"predicted_hits":116,"reconnects":0},"ev":"stats","hp":80.0,"in_bytes":2172042,"late":0,"local_entity":3,"match":{"countdown_until":300,"ctrl":0,"final":false,"next":"","phase":3,"rot":1319,"scores":[12,1],"sd":false,"state":2,"tick":9481,"zone":"C"},"max_err":1.635,"mean_err":0.0263,"ms":164973,"out_bytes":479289,"pending":6,"pos":[41.49,0.31],"reconciles":3253,"server_tick":9781,"snaps":3257,"teleports":4}
[client] {"a":9,"dup":false,"ev":"game","ms":166271,"predicted":false,"t":-1,"tick":9855,"type":"respawn"}
[client] {"counts":{"blocks_on_me":9,"conf_actions":105,"confirmed_hits":473,"dup_confirmed":0,"hits_on_me":52,"pred_actions":113,"predicted_confirmed":46,"predicted_hits":116,"reconnects":0},"ev":"stats","hp":150.8,"in_bytes":2226066,"late":0,"local_entity":3,"match":{"countdown_until":300,"ctrl":-1,"final":false,"next":"","phase":3,"rot":1019,"scores":[17,1],"sd":false,"state":3,"tick":9781,"zone":"C"},"max_err":1.635,"mean_err":0.0255,"ms":169969,"out_bytes":493989,"pending":6,"pos":[41.49,0.31],"reconciles":3353,"server_tick":10081,"snaps":3357,"teleports":4}
[client] {"a":5,"dup":false,"ev":"game","ms":170087,"predicted":false,"t":-1,"tick":10084,"type":"respawn"}
[client] {"a":6,"dup":false,"ev":"game","ms":170666,"predicted":false,"t":3,"tick":10119,"type":"hit"}
[client] {"a":4,"dup":false,"ev":"game","ms":170832,"predicted":false,"t":6,"tick":10129,"type":"hit"}
[client] {"a":2,"dup":false,"ev":"game","ms":170998,"predicted":false,"t":6,"tick":10139,"type":"hit"}
[client] {"a":3,"dup":true,"ev":"game","ms":172137,"predicted":false,"t":6,"tick":10212,"type":"hit"}
[client] {"a":7,"dup":false,"ev":"game","ms":172185,"predicted":false,"t":0,"tick":10210,"type":"hit"}
[client] {"a":4,"dup":false,"ev":"game","ms":172688,"predicted":false,"t":7,"tick":10240,"type":"hit"}
[client] {"a":3,"dup":true,"ev":"game","ms":173198,"predicted":false,"t":7,"tick":10276,"type":"hit"}
[client] {"a":4,"dup":false,"ev":"game","ms":173385,"predicted":false,"t":6,"tick":10282,"type":"hit"}
[client] {"a":8,"dup":false,"ev":"game","ms":173467,"predicted":false,"t":3,"tick":10287,"type":"hit"}
[client] {"a":3,"dup":true,"ev":"game","ms":173786,"predicted":false,"t":6,"tick":10311,"type":"hit"}
[client] {"a":4,"dup":false,"ev":"game","ms":173803,"predicted":false,"t":6,"tick":10307,"type":"hit"}
[client] {"a":8,"dup":false,"ev":"game","ms":174116,"predicted":false,"t":3,"tick":10326,"type":"block"}
[client] {"a":7,"dup":false,"ev":"game","ms":174517,"predicted":false,"t":3,"tick":10350,"type":"block"}
[client] {"a":8,"dup":false,"ev":"game","ms":174537,"predicted":false,"t":3,"tick":10351,"type":"block"}
[client] {"a":7,"dup":false,"ev":"game","ms":174820,"predicted":false,"t":3,"tick":10368,"type":"block"}
[client] {"counts":{"blocks_on_me":13,"conf_actions":111,"confirmed_hits":484,"dup_confirmed":0,"hits_on_me":54,"pred_actions":119,"predicted_confirmed":49,"predicted_hits":121,"reconnects":0},"ev":"stats","hp":118.700000000001,"in_bytes":2294911,"late":0,"local_entity":3,"match":{"countdown_until":300,"ctrl":-1,"final":false,"next":"B","phase":3,"rot":719,"scores":[17,1],"sd":false,"state":3,"tick":10081,"zone":"C"},"max_err":1.635,"mean_err":0.0252,"ms":174971,"out_bytes":508689,"pending":6,"pos":[39.47,0.98],"reconciles":3453,"server_tick":10381,"snaps":3457,"teleports":4}
[client] {"a":8,"dup":false,"ev":"game","ms":175090,"predicted":false,"t":3,"tick":10384,"type":"block"}
[client] {"a":6,"dup":false,"ev":"game","ms":175268,"predicted":false,"t":3,"tick":10395,"type":"guard_break"}
[client] {"a":8,"dup":false,"ev":"game","ms":175517,"predicted":false,"t":3,"tick":10410,"type":"hit"}
[client] {"a":7,"dup":false,"ev":"game","ms":175605,"predicted":false,"t":3,"tick":10415,"type":"hit"}
[client] {"a":2,"dup":false,"ev":"game","ms":176807,"predicted":false,"t":7,"tick":10487,"type":"hit"}
[client] {"a":9,"dup":false,"ev":"game","ms":177070,"predicted":false,"t":3,"tick":10503,"type":"hit"}
[client] {"a":6,"dup":false,"ev":"game","ms":177207,"predicted":false,"t":3,"tick":10511,"type":"hit"}
[client] {"a":6,"dup":false,"ev":"game","ms":177207,"predicted":false,"t":4,"tick":10511,"type":"hit"}
[client] {"a":3,"dup":false,"ev":"game","ms":177511,"predicted":false,"t":-1,"tick":10535,"type":"ko"}
[client] {"a":8,"dup":false,"ev":"game","ms":177566,"predicted":false,"t":4,"tick":10533,"type":"hit"}
[client] {"a":8,"dup":false,"ev":"game","ms":177600,"predicted":false,"t":3,"tick":10535,"type":"hit"}
[client] {"a":2,"dup":false,"ev":"game","ms":177683,"predicted":false,"t":6,"tick":10540,"type":"hit"}
[client] {"a":7,"dup":false,"ev":"game","ms":177932,"predicted":false,"t":2,"tick":10554,"type":"hit"}
[client] {"a":8,"dup":false,"ev":"game","ms":177932,"predicted":false,"t":4,"tick":10554,"type":"hit"}
[client] {"a":8,"dup":false,"ev":"game","ms":178263,"predicted":false,"t":4,"tick":10574,"type":"hit"}
[client] {"a":8,"dup":false,"ev":"game","ms":178298,"predicted":false,"t":2,"tick":10576,"type":"hit"}
[client] {"a":6,"dup":false,"ev":"game","ms":178650,"predicted":false,"t":0,"tick":10597,"type":"hit"}
[client] {"a":4,"dup":false,"ev":"game","ms":178684,"predicted":false,"t":8,"tick":10599,"type":"hit"}
[client] {"a":1,"dup":false,"ev":"game","ms":179133,"predicted":false,"t":9,"tick":10626,"type":"hit"}
[client] {"a":8,"dup":false,"ev":"game","ms":179354,"predicted":false,"t":4,"tick":10639,"type":"hit"}
[client] {"a":1,"dup":false,"ev":"game","ms":179506,"predicted":false,"t":9,"tick":10649,"type":"hit"}
[client] {"a":2,"dup":false,"ev":"game","ms":179637,"predicted":false,"t":7,"tick":10657,"type":"hit"}
[client] {"a":6,"dup":false,"ev":"game","ms":179823,"predicted":false,"t":2,"tick":10668,"type":"hit"}
[client] {"a":9,"dup":false,"ev":"game","ms":179892,"predicted":false,"t":1,"tick":10672,"type":"hit"}
[client] {"a":7,"dup":false,"ev":"game","ms":179954,"predicted":false,"t":2,"tick":10676,"type":"hit"}
[client] {"counts":{"blocks_on_me":14,"conf_actions":113,"confirmed_hits":506,"dup_confirmed":0,"hits_on_me":59,"pred_actions":121,"predicted_confirmed":49,"predicted_hits":122,"reconnects":0},"ev":"stats","hp":0.0,"in_bytes":2369645,"late":0,"local_entity":3,"match":{"countdown_until":300,"ctrl":-1,"final":false,"next":"B","phase":3,"rot":419,"scores":[17,1],"sd":false,"state":3,"tick":10381,"zone":"C"},"max_err":1.635,"mean_err":0.0258,"ms":179974,"out_bytes":523389,"pending":6,"pos":[42.9,-0.42],"reconciles":3553,"server_tick":10681,"snaps":3557,"teleports":4}
[client] {"a":4,"dup":false,"ev":"game","ms":179989,"predicted":false,"t":6,"tick":10678,"type":"hit"}
[client] {"a":4,"dup":false,"ev":"game","ms":180189,"predicted":false,"t":7,"tick":10690,"type":"hit"}
[client] {"a":1,"dup":false,"ev":"game","ms":180271,"predicted":false,"t":9,"tick":10695,"type":"hit"}
[client] {"a":6,"dup":false,"ev":"game","ms":180438,"predicted":false,"t":2,"tick":10705,"type":"hit"}
[client] {"a":8,"dup":false,"ev":"game","ms":180741,"predicted":false,"t":2,"tick":10723,"type":"hit"}
[client] {"a":9,"dup":false,"ev":"game","ms":181023,"predicted":false,"t":1,"tick":10740,"type":"hit"}
[client] {"a":2,"dup":false,"ev":"game","ms":181058,"predicted":false,"t":6,"tick":10742,"type":"hit"}
[client] {"a":7,"dup":false,"ev":"game","ms":181224,"predicted":false,"t":2,"tick":10752,"type":"hit"}
[client] {"a":0,"dup":false,"ev":"game","ms":181590,"predicted":false,"t":8,"tick":10774,"type":"hit"}
[client] {"a":6,"dup":false,"ev":"game","ms":181707,"predicted":false,"t":4,"tick":10781,"type":"hit"}
[client] {"a":6,"dup":false,"ev":"game","ms":181755,"predicted":false,"t":2,"tick":10784,"type":"hit"}
[client] {"a":1,"dup":false,"ev":"game","ms":182150,"predicted":false,"t":5,"tick":10808,"type":"hit"}
[client] {"a":9,"dup":false,"ev":"game","ms":182231,"predicted":false,"t":0,"tick":10813,"type":"hit"}
[client] {"a":6,"dup":false,"ev":"game","ms":182334,"predicted":false,"t":0,"tick":10819,"type":"hit"}
[client] {"a":0,"dup":false,"ev":"game","ms":182735,"predicted":false,"t":9,"tick":10843,"type":"hit"}
[client] {"a":4,"dup":false,"ev":"game","ms":182804,"predicted":false,"t":7,"tick":10847,"type":"hit"}
[client] {"a":2,"dup":false,"ev":"game","ms":182886,"predicted":false,"t":7,"tick":10852,"type":"hit"}
[client] {"a":2,"dup":false,"ev":"game","ms":182970,"predicted":false,"t":6,"tick":10857,"type":"hit"}
[client] {"a":6,"dup":false,"ev":"game","ms":182970,"predicted":false,"t":-1,"tick":10857,"type":"ko"}
[client] {"a":0,"dup":false,"ev":"game","ms":183053,"predicted":false,"t":9,"tick":10861,"type":"hit"}
[client] {"a":9,"dup":false,"ev":"game","ms":183418,"predicted":false,"t":2,"tick":10884,"type":"hit"}
[client] {"a":2,"dup":false,"ev":"game","ms":183418,"predicted":false,"t":-1,"tick":10884,"type":"ko"}
[client] {"a":1,"dup":false,"ev":"game","ms":183535,"predicted":false,"t":7,"tick":10891,"type":"hit"}
[client] {"a":0,"dup":false,"ev":"game","ms":183784,"predicted":false,"t":8,"tick":10905,"type":"hit"}
[client] {"a":5,"dup":false,"ev":"game","ms":183784,"predicted":false,"t":4,"tick":10905,"type":"hit"}
[client] {"a":9,"dup":false,"ev":"game","ms":183784,"predicted":false,"t":4,"tick":10906,"type":"hit"}
[client] {"a":4,"dup":false,"ev":"game","ms":183784,"predicted":false,"t":-1,"tick":10906,"type":"ko"}
[client] {"a":1,"dup":false,"ev":"game","ms":184018,"predicted":false,"t":7,"tick":10919,"type":"hit"}
[client] {"a":1,"dup":false,"ev":"game","ms":184032,"predicted":false,"t":8,"tick":10921,"type":"hit"}
[client] {"a":0,"dup":false,"ev":"game","ms":184370,"predicted":false,"t":9,"tick":10941,"type":"hit"}
[client] {"a":7,"dup":false,"ev":"game","ms":184370,"predicted":false,"t":1,"tick":10941,"type":"hit"}
[client] {"a":8,"dup":false,"ev":"game","ms":184467,"predicted":false,"t":1,"tick":10947,"type":"hit"}
[client] {"a":0,"dup":false,"ev":"game","ms":184736,"predicted":false,"t":9,"tick":10963,"type":"hit"}
[client] {"a":5,"dup":false,"ev":"game","ms":184832,"predicted":false,"t":0,"tick":10969,"type":"hit"}
[client] {"counts":{"blocks_on_me":14,"conf_actions":113,"confirmed_hits":537,"dup_confirmed":0,"hits_on_me":59,"pred_actions":121,"predicted_confirmed":49,"predicted_hits":122,"reconnects":0},"ev":"stats","hp":0.0,"in_bytes":2443833,"late":0,"local_entity":3,"match":{"countdown_until":300,"ctrl":-1,"final":false,"next":"B","phase":3,"rot":119,"scores":[17,1],"sd":false,"state":3,"tick":10681,"zone":"C"},"max_err":1.635,"mean_err":0.0251,"ms":184969,"out_bytes":538089,"pending":6,"pos":[42.9,-0.42],"reconciles":3653,"server_tick":10981,"snaps":3657,"teleports":4}
[client] {"a":8,"dup":false,"ev":"game","ms":185005,"predicted":false,"t":1,"tick":10978,"type":"hit"}
[client] {"a":8,"dup":false,"ev":"game","ms":185336,"predicted":false,"t":1,"tick":10999,"type":"hit"}
[client] {"a":5,"dup":false,"ev":"game","ms":185633,"predicted":false,"t":0,"tick":11017,"type":"hit"}
[client] {"a":9,"dup":false,"ev":"game","ms":185985,"predicted":false,"t":1,"tick":11038,"type":"hit"}
[client] {"a":0,"dup":false,"ev":"game","ms":186571,"predicted":false,"t":5,"tick":11073,"type":"hit"}
[client] {"a":-1,"dup":false,"ev":"game","ms":187006,"predicted":false,"t":-1,"tick":11099,"type":"zone_rotated"}
[client] {"a":5,"dup":false,"ev":"game","ms":187068,"predicted":false,"t":0,"tick":11103,"type":"hit"}
[client] {"a":7,"dup":false,"ev":"game","ms":187268,"predicted":false,"t":0,"tick":11115,"type":"hit"}
[client] {"a":0,"dup":false,"ev":"game","ms":187268,"predicted":false,"t":-1,"tick":11115,"type":"ko"}
[client] {"a":3,"dup":false,"ev":"game","ms":187523,"predicted":false,"t":-1,"tick":11135,"type":"respawn"}
[client] {"a":8,"dup":false,"ev":"game","ms":187786,"predicted":false,"t":1,"tick":11145,"type":"hit"}
[client] {"a":1,"dup":false,"ev":"game","ms":188172,"predicted":false,"t":5,"tick":11168,"type":"hit"}
[client] {"a":7,"dup":false,"ev":"game","ms":188372,"predicted":false,"t":1,"tick":11181,"type":"hit"}
[client] {"a":1,"dup":false,"ev":"game","ms":188372,"predicted":false,"t":-1,"tick":11181,"type":"ko"}
[client] {"counts":{"blocks_on_me":14,"conf_actions":114,"confirmed_hits":547,"dup_confirmed":0,"hits_on_me":59,"pred_actions":121,"predicted_confirmed":49,"predicted_hits":122,"reconnects":0},"ev":"stats","hp":280.0,"in_bytes":2505957,"late":0,"local_entity":3,"match":{"countdown_until":300,"ctrl":-1,"final":false,"next":"","phase":3,"rot":3419,"scores":[17,1],"sd":false,"state":1,"tick":10981,"zone":"B"},"max_err":1.635,"mean_err":0.0244,"ms":189972,"out_bytes":552789,"pending":6,"pos":[-2.82,-35.62],"reconciles":3752,"server_tick":11281,"snaps":3757,"teleports":5}
[client] {"a":6,"dup":false,"ev":"game","ms":192974,"predicted":false,"t":-1,"tick":11457,"type":"respawn"}
[client] {"a":2,"dup":false,"ev":"game","ms":193423,"predicted":false,"t":-1,"tick":11484,"type":"respawn"}
[client] {"a":4,"dup":false,"ev":"game","ms":193789,"predicted":false,"t":-1,"tick":11506,"type":"respawn"}
[client] {"counts":{"blocks_on_me":14,"conf_actions":114,"confirmed_hits":547,"dup_confirmed":0,"hits_on_me":59,"pred_actions":122,"predicted_confirmed":49,"predicted_hits":122,"reconnects":0},"ev":"stats","hp":280.0,"in_bytes":2559407,"late":0,"local_entity":3,"match":{"countdown_until":300,"ctrl":-1,"final":false,"next":"","phase":3,"rot":3119,"scores":[17,1],"sd":false,"state":3,"tick":11281,"zone":"B"},"max_err":1.635,"mean_err":0.0238,"ms":194968,"out_bytes":567489,"pending":6,"pos":[-0.1,-4.18],"reconciles":3852,"server_tick":11581,"snaps":3857,"teleports":5}
[client] {"a":9,"dup":false,"ev":"game","ms":195182,"predicted":false,"t":3,"tick":11590,"type":"hit"}
[client] {"a":9,"dup":false,"ev":"game","ms":195486,"predicted":false,"t":3,"tick":11608,"type":"block"}
[client] {"a":8,"dup":false,"ev":"game","ms":195520,"predicted":false,"t":3,"tick":11610,"type":"block"}
[client] {"a":5,"dup":false,"ev":"game","ms":195652,"predicted":false,"t":3,"tick":11618,"type":"block"}
[client] {"a":9,"dup":false,"ev":"game","ms":195803,"predicted":false,"t":3,"tick":11627,"type":"block"}
[client] {"a":5,"dup":false,"ev":"game","ms":196039,"predicted":false,"t":3,"tick":11641,"type":"block"}
[client] {"a":8,"dup":false,"ev":"game","ms":196286,"predicted":false,"t":3,"tick":11656,"type":"hit"}
[client] {"a":5,"dup":false,"ev":"game","ms":196348,"predicted":false,"t":3,"tick":11660,"type":"hit"}
[client] {"a":8,"dup":false,"ev":"game","ms":196617,"predicted":false,"t":3,"tick":11676,"type":"hit"}
[client] {"a":5,"dup":false,"ev":"game","ms":196888,"predicted":false,"t":3,"tick":11692,"type":"hit"}
[client] {"a":8,"dup":false,"ev":"game","ms":196970,"predicted":false,"t":3,"tick":11697,"type":"hit"}
[client] {"a":0,"dup":false,"ev":"game","ms":197266,"predicted":false,"t":-1,"tick":11715,"type":"respawn"}
[client] {"a":8,"dup":false,"ev":"game","ms":197349,"predicted":false,"t":3,"tick":11720,"type":"hit"}
[client] {"a":9,"dup":false,"ev":"game","ms":197404,"predicted":false,"t":3,"tick":11723,"type":"hit"}
[client] {"a":8,"dup":false,"ev":"game","ms":197604,"predicted":false,"t":3,"tick":11735,"type":"hit"}
[client] {"a":9,"dup":false,"ev":"game","ms":197950,"predicted":false,"t":3,"tick":11756,"type":"hit"}
[client] {"a":9,"dup":false,"ev":"game","ms":198356,"predicted":false,"t":3,"tick":11780,"type":"hit"}
[client] {"a":1,"dup":false,"ev":"game","ms":198371,"predicted":false,"t":-1,"tick":11781,"type":"respawn"}
[client] {"a":8,"dup":false,"ev":"game","ms":198404,"predicted":false,"t":3,"tick":11783,"type":"hit"}
[client] {"counts":{"blocks_on_me":19,"conf_actions":121,"confirmed_hits":559,"dup_confirmed":0,"hits_on_me":71,"pred_actions":128,"predicted_confirmed":49,"predicted_hits":127,"reconnects":0},"ev":"stats","hp":28.0,"in_bytes":2631342,"late":0,"local_entity":3,"match":{"countdown_until":300,"ctrl":-1,"final":false,"next":"","phase":3,"rot":2819,"scores":[17,1],"sd":false,"state":3,"tick":11581,"zone":"B"},"max_err":1.635,"mean_err":0.0248,"ms":199962,"out_bytes":582189,"pending":6,"pos":[-0.57,-4.57],"reconciles":3952,"server_tick":11881,"snaps":3957,"teleports":5}
[client] {"a":8,"dup":false,"ev":"game","ms":199998,"predicted":false,"t":3,"tick":11879,"type":"hit"}
[client] {"a":8,"dup":false,"ev":"game","ms":200046,"predicted":false,"t":2,"tick":11882,"type":"hit"}
[client] {"a":8,"dup":false,"ev":"game","ms":200329,"predicted":false,"t":3,"tick":11899,"type":"hit"}
[client] {"a":2,"dup":false,"ev":"game","ms":200398,"predicted":false,"t":8,"tick":11903,"type":"hit"}
[client] {"a":3,"dup":false,"ev":"game","ms":200529,"predicted":false,"t":-1,"tick":11916,"type":"ko"}
[client] {"a":7,"dup":false,"ev":"game","ms":200598,"predicted":false,"t":2,"tick":11915,"type":"hit"}
[client] {"a":7,"dup":false,"ev":"game","ms":200612,"predicted":false,"t":3,"tick":11916,"type":"hit"}
[client] {"a":5,"dup":false,"ev":"game","ms":200833,"predicted":false,"t":2,"tick":11929,"type":"hit"}
[client] {"a":6,"dup":false,"ev":"game","ms":201150,"predicted":false,"t":4,"tick":11948,"type":"hit"}
[client] {"a":2,"dup":false,"ev":"game","ms":201695,"predicted":false,"t":5,"tick":11981,"type":"hit"}
[client] {"a":2,"dup":false,"ev":"game","ms":201729,"predicted":false,"t":8,"tick":11983,"type":"hit"}
[client] {"a":4,"dup":false,"ev":"game","ms":202495,"predicted":false,"t":7,"tick":12029,"type":"hit"}
[client] {"a":4,"dup":false,"ev":"game","ms":202930,"predicted":false,"t":6,"tick":12055,"type":"hit"}
[client] {"a":4,"dup":false,"ev":"game","ms":202964,"predicted":false,"t":7,"tick":12057,"type":"hit"}
[client] {"a":2,"dup":false,"ev":"game","ms":203164,"predicted":false,"t":5,"tick":12069,"type":"hit"}
[client] {"a":4,"dup":false,"ev":"game","ms":203268,"predicted":false,"t":6,"tick":12075,"type":"hit"}
[client] {"a":8,"dup":false,"ev":"game","ms":203282,"predicted":false,"t":2,"tick":12076,"type":"hit"}
[client] {"a":4,"dup":false,"ev":"game","ms":203296,"predicted":false,"t":7,"tick":12077,"type":"hit"}
[client] {"a":7,"dup":false,"ev":"game","ms":203296,"predicted":false,"t":-1,"tick":12077,"type":"ko"}
[client] {"a":4,"dup":false,"ev":"game","ms":203317,"predicted":false,"t":9,"tick":12078,"type":"hit"}
[client] {"a":2,"dup":false,"ev":"game","ms":203599,"predicted":false,"t":5,"tick":12095,"type":"hit"}
[client] {"a":8,"dup":false,"ev":"game","ms":203682,"predicted":false,"t":2,"tick":12100,"type":"hit"}
[client] {"a":6,"dup":false,"ev":"game","ms":203730,"predicted":false,"t":4,"tick":12103,"type":"hit"}
[client] {"a":0,"dup":false,"ev":"game","ms":203930,"predicted":false,"t":5,"tick":12115,"type":"hit"}
[client] {"a":8,"dup":false,"ev":"game","ms":204069,"predicted":false,"t":2,"tick":12123,"type":"hit"}
[client] {"a":4,"dup":false,"ev":"game","ms":204214,"predicted":false,"t":6,"tick":12132,"type":"hit"}
[client] {"a":8,"dup":false,"ev":"game","ms":204469,"predicted":false,"t":0,"tick":12147,"type":"hit"}
[client] {"a":8,"dup":false,"ev":"game","ms":204717,"predicted":false,"t":0,"tick":12162,"type":"hit"}
[client] {"counts":{"blocks_on_me":19,"conf_actions":123,"confirmed_hits":585,"dup_confirmed":0,"hits_on_me":74,"pred_actions":130,"predicted_confirmed":49,"predicted_hits":129,"reconnects":0},"ev":"stats","hp":0.0,"in_bytes":2704722,"late":0,"local_entity":3,"match":{"countdown_until":300,"ctrl":-1,"final":false,"next":"","phase":3,"rot":2519,"scores":[17,1],"sd":false,"state":3,"tick":11881,"zone":"B"},"max_err":1.635,"mean_err":0.0243,"ms":204965,"out_bytes":596889,"pending":6,"pos":[-0.7,-4.59],"reconciles":4052,"server_tick":12181,"snaps":4057,"teleports":5}
[client] {"a":2,"dup":false,"ev":"game","ms":205035,"predicted":false,"t":8,"tick":12181,"type":"hit"}
[client] {"a":1,"dup":false,"ev":"game","ms":205103,"predicted":false,"t":8,"tick":12185,"type":"hit"}
[client] {"a":2,"dup":false,"ev":"game","ms":205386,"predicted":false,"t":8,"tick":12202,"type":"hit"}
[client] {"a":4,"dup":false,"ev":"game","ms":205435,"predicted":false,"t":9,"tick":12205,"type":"hit"}
[client] {"a":2,"dup":false,"ev":"game","ms":205704,"predicted":false,"t":8,"tick":12221,"type":"hit"}
[client] {"a":1,"dup":false,"ev":"game","ms":206235,"predicted":false,"t":5,"tick":12253,"type":"hit"}
[client] {"a":4,"dup":false,"ev":"game","ms":206304,"predicted":false,"t":9,"tick":12257,"type":"hit"}
[client] {"a":2,"dup":false,"ev":"game","ms":206337,"predicted":false,"t":5,"tick":12259,"type":"hit"}
[client] {"a":8,"dup":false,"ev":"game","ms":206483,"predicted":false,"t":2,"tick":12268,"type":"hit"}
[client] {"a":4,"dup":false,"ev":"game","ms":206566,"predicted":false,"t":9,"tick":12273,"type":"hit"}
[client] {"a":6,"dup":false,"ev":"game","ms":206601,"predicted":false,"t":2,"tick":12275,"type":"hit"}
[client] {"a":4,"dup":false,"ev":"game","ms":206614,"predicted":false,"t":6,"tick":12276,"type":"hit"}
[client] {"a":0,"dup":false,"ev":"game","ms":206870,"predicted":false,"t":6,"tick":12291,"type":"hit"}
[client] {"a":0,"dup":false,"ev":"game","ms":206884,"predicted":false,"t":8,"tick":12292,"type":"hit"}
[client] {"a":9,"dup":false,"ev":"game","ms":207415,"predicted":false,"t":1,"tick":12324,"type":"hit"}
[client] {"a":5,"dup":false,"ev":"game","ms":207705,"predicted":false,"t":1,"tick":12341,"type":"hit"}
[client] {"a":5,"dup":false,"ev":"game","ms":207732,"predicted":false,"t":0,"tick":12343,"type":"hit"}
[client] {"a":5,"dup":false,"ev":"game","ms":207733,"predicted":false,"t":2,"tick":12343,"type":"hit"}
[client] {"a":5,"dup":false,"ev":"game","ms":208684,"predicted":false,"t":1,"tick":12400,"type":"hit"}
[client] {"a":4,"dup":false,"ev":"game","ms":208719,"predicted":false,"t":5,"tick":12402,"type":"hit"}
[client] {"a":0,"dup":false,"ev":"game","ms":208850,"predicted":false,"t":5,"tick":12410,"type":"hit"}
[client] {"a":6,"dup":false,"ev":"game","ms":208871,"predicted":false,"t":4,"tick":12411,"type":"hit"}
[client] {"a":1,"dup":false,"ev":"game","ms":209050,"predicted":false,"t":5,"tick":12422,"type":"hit"}
[client] {"a":6,"dup":false,"ev":"game","ms":209237,"predicted":false,"t":4,"tick":12433,"type":"hit"}
[client] {"a":0,"dup":false,"ev":"game","ms":209285,"predicted":false,"t":5,"tick":12436,"type":"hit"}
[client] {"a":5,"dup":false,"ev":"game","ms":209285,"predicted":false,"t":-1,"tick":12436,"type":"ko"}
[client] {"counts":{"blocks_on_me":19,"conf_actions":123,"confirmed_hits":610,"dup_confirmed":0,"hits_on_me":74,"pred_actions":130,"predicted_confirmed":49,"predicted_hits":129,"reconnects":0},"ev":"stats","hp":0.0,"in_bytes":2774616,"late":0,"local_entity":3,"match":{"countdown_until":300,"ctrl":-1,"final":false,"next":"","phase":3,"rot":2219,"scores":[17,1],"sd":false,"state":3,"tick":12181,"zone":"B"},"max_err":1.635,"mean_err":0.0237,"ms":209967,"out_bytes":611589,"pending":6,"pos":[-0.7,-4.59],"reconciles":4152,"server_tick":12481,"snaps":4157,"teleports":5}
[client] {"a":6,"dup":false,"ev":"game","ms":210051,"predicted":false,"t":4,"tick":12482,"type":"hit"}
[client] {"a":8,"dup":false,"ev":"game","ms":210306,"predicted":false,"t":2,"tick":12497,"type":"hit"}
[client] {"a":3,"dup":false,"ev":"game","ms":210534,"predicted":false,"t":-1,"tick":12516,"type":"respawn"}
[client] {"a":0,"dup":false,"ev":"game","ms":210603,"predicted":false,"t":8,"tick":12515,"type":"hit"}
[client] {"a":8,"dup":false,"ev":"game","ms":210603,"predicted":false,"t":-1,"tick":12515,"type":"ko"}
[client] {"a":6,"dup":false,"ev":"game","ms":210768,"predicted":false,"t":2,"tick":12525,"type":"hit"}
[client] {"a":4,"dup":false,"ev":"game","ms":210920,"predicted":false,"t":6,"tick":12534,"type":"hit"}
[client] {"a":0,"dup":false,"ev":"game","ms":211535,"predicted":false,"t":6,"tick":12571,"type":"hit"}
[client] {"a":1,"dup":false,"ev":"game","ms":211721,"predicted":false,"t":6,"tick":12582,"type":"hit"}
[client] {"a":6,"dup":false,"ev":"game","ms":212073,"predicted":false,"t":1,"tick":12603,"type":"hit"}
[client] {"a":4,"dup":false,"ev":"game","ms":212355,"predicted":false,"t":6,"tick":12620,"type":"hit"}
[client] {"a":1,"dup":false,"ev":"game","ms":212424,"predicted":false,"t":6,"tick":12624,"type":"hit"}
[client] {"a":6,"dup":false,"ev":"game","ms":212887,"predicted":false,"t":0,"tick":12652,"type":"hit"}
[client] {"a":9,"dup":false,"ev":"game","ms":213004,"predicted":false,"t":0,"tick":12659,"type":"hit"}
[client] {"a":1,"dup":false,"ev":"game","ms":213039,"predicted":false,"t":6,"tick":12661,"type":"hit"}
[client] {"a":6,"dup":false,"ev":"game","ms":213039,"predicted":false,"t":-1,"tick":12661,"type":"ko"}
[client] {"a":9,"dup":false,"ev":"game","ms":213274,"predicted":false,"t":0,"tick":12675,"type":"hit"}
[client] {"a":7,"dup":false,"ev":"game","ms":213308,"predicted":false,"t":-1,"tick":12677,"type":"respawn"}
[client] {"a":2,"dup":false,"ev":"game","ms":213653,"predicted":false,"t":9,"tick":12698,"type":"hit"}
[client] {"a":0,"dup":false,"ev":"game","ms":214474,"predicted":false,"t":9,"tick":12747,"type":"hit"}
[client] {"a":9,"dup":false,"ev":"game","ms":214957,"predicted":false,"t":1,"tick":12776,"type":"hit"}
[client] {"counts":{"blocks_on_me":19,"conf_actions":123,"confirmed_hits":627,"dup_confirmed":0,"hits_on_me":74,"pred_actions":130,"predicted_confirmed":49,"predicted_hits":129,"reconnects":0},"ev":"stats","hp":280.0,"in_bytes":2832818,"late":0,"local_entity":3,"match":{"countdown_until":300,"ctrl":-1,"final":false,"next":"","phase":3,"rot":1919,"scores":[17,1],"sd":false,"state":3,"tick":12481,"zone":"B"},"max_err":1.635,"mean_err":0.0232,"ms":214970,"out_bytes":626289,"pending":6,"pos":[-1.22,-19.46],"reconciles":4251,"server_tick":12781,"snaps":4257,"teleports":6}
[client] {"a":1,"dup":false,"ev":"game","ms":215336,"predicted":false,"t":9,"tick":12799,"type":"hit"}
[client] {"a":9,"dup":false,"ev":"game","ms":215336,"predicted":false,"t":-1,"tick":12799,"type":"ko"}
[client] {"a":5,"dup":false,"ev":"game","ms":219284,"predicted":false,"t":-1,"tick":13036,"type":"respawn"}
[client] {"counts":{"blocks_on_me":19,"conf_actions":123,"confirmed_hits":628,"dup_confirmed":0,"hits_on_me":74,"pred_actions":130,"predicted_confirmed":49,"predicted_hits":129,"reconnects":0},"ev":"stats","hp":280.0,"in_bytes":2883508,"late":0,"local_entity":3,"match":{"countdown_until":300,"ctrl":0,"final":false,"next":"","phase":3,"rot":1619,"scores":[21,1],"sd":false,"state":2,"tick":12781,"zone":"B"},"max_err":1.635,"mean_err":0.0238,"ms":219965,"out_bytes":640989,"pending":6,"pos":[0.18,-2.92],"reconciles":4351,"server_tick":13081,"snaps":4357,"teleports":6}
[client] {"a":8,"dup":false,"ev":"game","ms":220602,"predicted":false,"t":-1,"tick":13115,"type":"respawn"}
[client] {"a":7,"dup":false,"ev":"game","ms":222706,"predicted":false,"t":4,"tick":13241,"type":"hit"}
[client] {"a":0,"dup":false,"ev":"game","ms":222823,"predicted":false,"t":7,"tick":13248,"type":"hit"}
[client] {"a":6,"dup":false,"ev":"game","ms":223037,"predicted":false,"t":-1,"tick":13261,"type":"respawn"}
[client] {"a":4,"dup":false,"ev":"game","ms":223189,"predicted":false,"t":7,"tick":13270,"type":"hit"}
[client] {"a":4,"dup":false,"ev":"game","ms":223451,"predicted":false,"t":7,"tick":13286,"type":"hit"}
[client] {"a":0,"dup":false,"ev":"game","ms":223768,"predicted":false,"t":7,"tick":13305,"type":"hit"}
[client] {"a":4,"dup":false,"ev":"game","ms":224051,"predicted":false,"t":7,"tick":13322,"type":"hit"}
[client] {"a":4,"dup":false,"ev":"game","ms":224507,"predicted":false,"t":7,"tick":13349,"type":"hit"}
[client] {"a":7,"dup":false,"ev":"game","ms":224824,"predicted":false,"t":1,"tick":13368,"type":"hit"}
[client] {"a":4,"dup":false,"ev":"game","ms":224872,"predicted":false,"t":7,"tick":13371,"type":"hit"}
[client] {"a":3,"dup":true,"ev":"game","ms":224886,"predicted":false,"t":7,"tick":13377,"type":"hit"}
[client] {"counts":{"blocks_on_me":19,"conf_actions":125,"confirmed_hits":638,"dup_confirmed":0,"hits_on_me":74,"pred_actions":133,"predicted_confirmed":50,"predicted_hits":130,"reconnects":0},"ev":"stats","hp":280.0,"in_bytes":2940947,"late":0,"local_entity":3,"match":{"countdown_until":300,"ctrl":-1,"final":false,"next":"","phase":3,"rot":1319,"scores":[21,1],"sd":false,"state":3,"tick":13081,"zone":"B"},"max_err":1.635,"mean_err":0.0253,"ms":224968,"out_bytes":655689,"pending":6,"pos":[-0.22,-2.83],"reconciles":4451,"server_tick":13381,"snaps":4457,"teleports":6}
[client] {"a":3,"dup":true,"ev":"game","ms":225190,"predicted":false,"t":7,"tick":13395,"type":"hit"}
[client] {"a":9,"dup":false,"ev":"game","ms":225335,"predicted":false,"t":-1,"tick":13399,"type":"respawn"}
[client] {"a":0,"dup":false,"ev":"game","ms":225362,"predicted":false,"t":7,"tick":13401,"type":"hit"}
[client] {"a":1,"dup":false,"ev":"game","ms":225562,"predicted":false,"t":7,"tick":13413,"type":"hit"}
[client] {"a":0,"dup":false,"ev":"game","ms":225879,"predicted":false,"t":7,"tick":13431,"type":"hit"}
[client] {"a":1,"dup":false,"ev":"game","ms":225901,"predicted":false,"t":7,"tick":13432,"type":"hit"}
[client] {"a":3,"dup":true,"ev":"game","ms":226135,"predicted":false,"t":7,"tick":13452,"type":"hit"}
[client] {"a":4,"dup":false,"ev":"game","ms":226163,"predicted":false,"t":7,"tick":13448,"type":"hit"}
[client] {"a":1,"dup":false,"ev":"game","ms":226232,"predicted":false,"t":7,"tick":13452,"type":"hit"}
[client] {"a":7,"dup":false,"ev":"game","ms":226232,"predicted":false,"t":-1,"tick":13452,"type":"ko"}
[client] {"a":4,"dup":false,"ev":"game","ms":227763,"predicted":false,"t":5,"tick":13544,"type":"hit"}
[client] {"a":4,"dup":false,"ev":"game","ms":228081,"predicted":false,"t":5,"tick":13563,"type":"hit"}
[client] {"a":4,"dup":false,"ev":"game","ms":228398,"predicted":false,"t":5,"tick":13582,"type":"hit"}
[client] {"a":4,"dup":false,"ev":"game","ms":228454,"predicted":false,"t":8,"tick":13585,"type":"hit"}
[client] {"a":5,"dup":false,"ev":"game","ms":228965,"predicted":false,"t":4,"tick":13616,"type":"hit"}
[client] {"a":5,"dup":false,"ev":"game","ms":229005,"predicted":false,"t":3,"tick":13618,"type":"hit"}
[client] {"a":4,"dup":false,"ev":"game","ms":229351,"predicted":false,"t":5,"tick":13640,"type":"hit"}
[client] {"a":5,"dup":false,"ev":"game","ms":229761,"predicted":false,"t":4,"tick":13664,"type":"hit"}
[client] {"counts":{"blocks_on_me":19,"conf_actions":131,"confirmed_hits":654,"dup_confirmed":0,"hits_on_me":75,"pred_actions":138,"predicted_confirmed":52,"predicted_hits":134,"reconnects":0},"ev":"stats","hp":262.0,"in_bytes":3009786,"late":0,"local_entity":3,"match":{"countdown_until":300,"ctrl":-1,"final":false,"next":"","phase":3,"rot":1019,"scores":[21,1],"sd":false,"state":3,"tick":13381,"zone":"B"},"max_err":1.635,"mean_err":0.0254,"ms":229960,"out_bytes":670389,"pending":6,"pos":[-1.23,-2.94],"reconciles":4551,"server_tick":13681,"snaps":4557,"teleports":6}
[client] {"a":3,"dup":false,"ev":"game","ms":230383,"predicted":false,"t":5,"tick":13706,"type":"block"}
[client] {"a":4,"dup":false,"ev":"game","ms":230430,"predicted":false,"t":5,"tick":13704,"type":"block"}
[client] {"a":8,"dup":false,"ev":"game","ms":230513,"predicted":false,"t":2,"tick":13709,"type":"hit"}
[client] {"a":6,"dup":false,"ev":"game","ms":230665,"predicted":false,"t":3,"tick":13718,"type":"hit"}
[client] {"a":6,"dup":false,"ev":"game","ms":230900,"predicted":false,"t":3,"tick":13732,"type":"hit"}
[client] {"a":6,"dup":false,"ev":"game","ms":230934,"predicted":false,"t":2,"tick":13734,"type":"hit"}
[client] {"a":4,"dup":false,"ev":"game","ms":231348,"predicted":false,"t":5,"tick":13759,"type":"hit"}
[client] {"a":4,"dup":false,"ev":"game","ms":231383,"predicted":false,"t":6,"tick":13761,"type":"hit"}
[client] {"a":0,"dup":false,"ev":"game","ms":231431,"predicted":false,"t":8,"tick":13764,"type":"hit"}
[client] {"a":3,"dup":true,"ev":"game","ms":231597,"predicted":false,"t":6,"tick":13780,"type":"hit"}
[client] {"a":4,"dup":false,"ev":"game","ms":231680,"predicted":false,"t":5,"tick":13779,"type":"hit"}
[client] {"a":2,"dup":false,"ev":"game","ms":231935,"predicted":false,"t":5,"tick":13795,"type":"hit"}
[client] {"a":4,"dup":false,"ev":"game","ms":232100,"predicted":false,"t":5,"tick":13805,"type":"hit"}
[client] {"a":8,"dup":false,"ev":"game","ms":232536,"predicted":false,"t":0,"tick":13831,"type":"hit"}
[client] {"a":5,"dup":false,"ev":"game","ms":232749,"predicted":false,"t":3,"tick":13844,"type":"hit"}
[client] {"a":6,"dup":false,"ev":"game","ms":232853,"predicted":false,"t":2,"tick":13850,"type":"hit"}
[client] {"a":8,"dup":false,"ev":"game","ms":232880,"predicted":false,"t":0,"tick":13852,"type":"hit"}
[client] {"a":4,"dup":false,"ev":"game","ms":233080,"predicted":false,"t":5,"tick":13864,"type":"hit"}
[client] {"a":8,"dup":false,"ev":"game","ms":233281,"predicted":false,"t":1,"tick":13876,"type":"hit"}
[client] {"a":4,"dup":false,"ev":"game","ms":233349,"predicted":false,"t":5,"tick":13880,"type":"hit"}
[client] {"a":4,"dup":false,"ev":"game","ms":233867,"predicted":false,"t":5,"tick":13911,"type":"hit"}
[client] {"a":6,"dup":false,"ev":"game","ms":233902,"predicted":false,"t":1,"tick":13913,"type":"hit"}
[client] {"a":6,"dup":false,"ev":"game","ms":233902,"predicted":false,"t":4,"tick":13913,"type":"hit"}
[client] {"a":9,"dup":false,"ev":"game","ms":234163,"predicted":false,"t":4,"tick":13929,"type":"hit"}
[client] {"a":6,"dup":false,"ev":"game","ms":234219,"predicted":false,"t":1,"tick":13932,"type":"hit"}
[client] {"a":9,"dup":false,"ev":"game","ms":234219,"predicted":false,"t":1,"tick":13932,"type":"hit"}
[client] {"a":6,"dup":false,"ev":"game","ms":234233,"predicted":false,"t":4,"tick":13933,"type":"hit"}
[client] {"a":4,"dup":false,"ev":"game","ms":234599,"predicted":false,"t":5,"tick":13955,"type":"hit"}
[client] {"a":2,"dup":false,"ev":"game","ms":234882,"predicted":false,"t":8,"tick":13972,"type":"hit"}
[client] {"counts":{"blocks_on_me":19,"conf_actions":139,"confirmed_hits":681,"dup_confirmed":0,"hits_on_me":78,"pred_actions":147,"predicted_confirmed":53,"predicted_hits":144,"reconnects":0},"ev":"stats","hp":200.0,"in_bytes":3085649,"late":0,"local_entity":3,"match":{"countdown_until":300,"ctrl":-1,"final":false,"next":"A","phase":3,"rot":719,"scores":[21,1],"sd":false,"state":3,"tick":13681,"zone":"B"},"max_err":1.635,"mean_err":0.0257,"ms":234963,"out_bytes":685089,"pending":6,"pos":[-2.04,-3.15],"reconciles":4651,"server_tick":13981,"snaps":4657,"teleports":6}
[client] {"a":5,"dup":false,"ev":"game","ms":235019,"predicted":false,"t":4,"tick":13980,"type":"hit"}
[client] {"a":9,"dup":false,"ev":"game","ms":235102,"predicted":false,"t":4,"tick":13985,"type":"hit"}
[client] {"a":2,"dup":false,"ev":"game","ms":235234,"predicted":false,"t":8,"tick":13993,"type":"hit"}
[client] {"a":0,"dup":false,"ev":"game","ms":235502,"predicted":false,"t":8,"tick":14009,"type":"hit"}
[client] {"a":8,"dup":false,"ev":"game","ms":235833,"predicted":false,"t":0,"tick":14029,"type":"hit"}
[client] {"a":2,"dup":false,"ev":"game","ms":236034,"predicted":false,"t":8,"tick":14041,"type":"hit"}
[client] {"a":5,"dup":false,"ev":"game","ms":236102,"predicted":false,"t":4,"tick":14045,"type":"hit"}
[client] {"a":4,"dup":false,"ev":"game","ms":236102,"predicted":false,"t":-1,"tick":14045,"type":"ko"}
[client] {"a":5,"dup":false,"ev":"game","ms":236116,"predicted":false,"t":3,"tick":14046,"type":"hit"}
[client] {"a":7,"dup":false,"ev":"game","ms":236219,"predicted":false,"t":-1,"tick":14052,"type":"respawn"}
[client] {"a":0,"dup":false,"ev":"game","ms":236282,"predicted":false,"t":8,"tick":14056,"type":"hit"}
[client] {"a":2,"dup":false,"ev":"game","ms":236372,"predicted":false,"t":8,"tick":14061,"type":"hit"}
[client] {"a":8,"dup":false,"ev":"game","ms":236737,"predicted":false,"t":0,"tick":14083,"type":"hit"}
[client] {"a":2,"dup":false,"ev":"game","ms":236999,"predicted":false,"t":8,"tick":14099,"type":"hit"}
[client] {"a":9,"dup":false,"ev":"game","ms":237137,"predicted":false,"t":1,"tick":14107,"type":"hit"}
[client] {"a":5,"dup":false,"ev":"game","ms":237834,"predicted":false,"t":3,"tick":14149,"type":"hit"}
[client] {"a":2,"dup":false,"ev":"game","ms":238283,"predicted":false,"t":5,"tick":14176,"type":"hit"}
[client] {"a":1,"dup":false,"ev":"game","ms":238372,"predicted":false,"t":5,"tick":14181,"type":"hit"}
[client] {"a":1,"dup":false,"ev":"game","ms":238372,"predicted":false,"t":9,"tick":14181,"type":"hit"}
[client] {"a":1,"dup":false,"ev":"game","ms":238387,"predicted":false,"t":6,"tick":14182,"type":"hit"}
[client] {"a":8,"dup":false,"ev":"game","ms":239484,"predicted":false,"t":3,"tick":14248,"type":"hit"}
[client] {"a":9,"dup":false,"ev":"game","ms":239504,"predicted":false,"t":1,"tick":14249,"type":"hit"}
[client] {"a":1,"dup":false,"ev":"game","ms":239504,"predicted":false,"t":-1,"tick":14249,"type":"ko"}
[client] {"counts":{"blocks_on_me":19,"conf_actions":144,"confirmed_hits":701,"dup_confirmed":0,"hits_on_me":81,"pred_actions":153,"predicted_confirmed":53,"predicted_hits":146,"reconnects":0},"ev":"stats","hp":68.0,"in_bytes":3158460,"late":0,"local_entity":3,"match":{"countdown_until":300,"ctrl":-1,"final":false,"next":"A","phase":3,"rot":419,"scores":[21,1],"sd":false,"state":3,"tick":13981,"zone":"B"},"max_err":1.635,"mean_err":0.0264,"ms":239972,"out_bytes":699789,"pending":6,"pos":[-1.09,-2.69],"reconciles":4751,"server_tick":14281,"snaps":4757,"teleports":6}
[client] {"a":9,"dup":false,"ev":"game","ms":240000,"predicted":false,"t":3,"tick":14279,"type":"hit"}
[client] {"a":5,"dup":false,"ev":"game","ms":240036,"predicted":false,"t":3,"tick":14281,"type":"hit"}
[client] {"a":2,"dup":false,"ev":"game","ms":240318,"predicted":false,"t":5,"tick":14298,"type":"hit"}
[client] {"a":5,"dup":false,"ev":"game","ms":240318,"predicted":false,"t":-1,"tick":14298,"type":"ko"}
[client] {"a":6,"dup":false,"ev":"game","ms":240373,"predicted":false,"t":3,"tick":14301,"type":"hit"}
[client] {"a":8,"dup":false,"ev":"game","ms":240401,"predicted":false,"t":0,"tick":14303,"type":"hit"}
[client] {"a":6,"dup":false,"ev":"game","ms":240435,"predicted":false,"t":2,"tick":14305,"type":"hit"}
[client] {"a":2,"dup":false,"ev":"game","ms":240436,"predicted":false,"t":-1,"tick":14305,"type":"ko"}
[client] {"a":3,"dup":false,"ev":"game","ms":240905,"predicted":false,"t":-1,"tick":14338,"type":"ko"}
[client] {"a":6,"dup":false,"ev":"game","ms":240974,"predicted":false,"t":0,"tick":14337,"type":"hit"}
[client] {"a":9,"dup":false,"ev":"game","ms":240974,"predicted":false,"t":0,"tick":14337,"type":"hit"}
[client] {"a":0,"dup":false,"ev":"game","ms":240974,"predicted":false,"t":-1,"tick":14337,"type":"ko"}
[client] {"a":8,"dup":false,"ev":"game","ms":240988,"predicted":false,"t":3,"tick":14338,"type":"hit"}
[client] {"counts":{"blocks_on_me":19,"conf_actions":146,"confirmed_hits":710,"dup_confirmed":0,"hits_on_me":85,"pred_actions":155,"predicted_confirmed":53,"predicted_hits":147,"reconnects":0},"ev":"stats","hp":0.0,"in_bytes":3213670,"late":0,"local_entity":3,"match":{"countdown_until":300,"ctrl":1,"final":false,"next":"A","phase":3,"rot":119,"scores":[21,5],"sd":false,"state":2,"tick":14281,"zone":"B"},"max_err":1.635,"mean_err":0.0262,"ms":244975,"out_bytes":714489,"pending":6,"pos":[0.9,-2.96],"reconciles":4851,"server_tick":14581,"snaps":4857,"teleports":6}
[client] {"a":4,"dup":false,"ev":"game","ms":246100,"predicted":false,"t":-1,"tick":14645,"type":"respawn"}
[client] {"a":-1,"dup":false,"ev":"game","ms":246997,"predicted":false,"t":-1,"tick":14699,"type":"zone_rotated"}
[client] {"a":1,"dup":false,"ev":"game","ms":249503,"predicted":false,"t":-1,"tick":14849,"type":"respawn"}
[client] {"counts":{"blocks_on_me":19,"conf_actions":146,"confirmed_hits":710,"dup_confirmed":0,"hits_on_me":85,"pred_actions":155,"predicted_confirmed":53,"predicted_hits":147,"reconnects":0},"ev":"stats","hp":0.0,"in_bytes":3266158,"late":0,"local_entity":3,"match":{"countdown_until":300,"ctrl":-1,"final":false,"next":"","phase":3,"rot":3419,"scores":[21,7],"sd":false,"state":1,"tick":14581,"zone":"A"},"max_err":1.635,"mean_err":0.0257,"ms":249970,"out_bytes":729189,"pending":6,"pos":[0.9,-2.96],"reconciles":4951,"server_tick":14881,"snaps":4957,"teleports":6}
[client] {"a":5,"dup":false,"ev":"game","ms":250316,"predicted":false,"t":-1,"tick":14898,"type":"respawn"}
[client] {"a":2,"dup":false,"ev":"game","ms":250433,"predicted":false,"t":-1,"tick":14905,"type":"respawn"}
[client] {"a":3,"dup":false,"ev":"game","ms":250902,"predicted":false,"t":-1,"tick":14938,"type":"respawn"}
[client] {"a":0,"dup":false,"ev":"game","ms":250971,"predicted":false,"t":-1,"tick":14937,"type":"respawn"}
[client] {"counts":{"blocks_on_me":19,"conf_actions":146,"confirmed_hits":710,"dup_confirmed":0,"hits_on_me":85,"pred_actions":155,"predicted_confirmed":53,"predicted_hits":147,"reconnects":0},"ev":"stats","hp":280.0,"in_bytes":3324412,"late":0,"local_entity":3,"match":{"countdown_until":300,"ctrl":1,"final":false,"next":"","phase":3,"rot":3119,"scores":[21,9],"sd":false,"state":2,"tick":14881,"zone":"A"},"max_err":1.635,"mean_err":0.0252,"ms":254973,"out_bytes":743889,"pending":6,"pos":[-19.29,-35.7],"reconciles":5050,"server_tick":15181,"snaps":5057,"teleports":7}
[client] {"a":4,"dup":false,"ev":"game","ms":257973,"predicted":false,"t":6,"tick":15356,"type":"hit"}
[client] {"a":4,"dup":false,"ev":"game","ms":257987,"predicted":false,"t":9,"tick":15357,"type":"hit"}
[client] {"a":8,"dup":false,"ev":"game","ms":258263,"predicted":false,"t":4,"tick":15374,"type":"hit"}
[client] {"a":9,"dup":false,"ev":"game","ms":258347,"predicted":false,"t":4,"tick":15379,"type":"hit"}
[client] {"a":4,"dup":false,"ev":"game","ms":259428,"predicted":false,"t":9,"tick":15444,"type":"hit"}
[client] {"a":4,"dup":false,"ev":"game","ms":259463,"predicted":false,"t":7,"tick":15446,"type":"hit"}
[client] {"a":4,"dup":false,"ev":"game","ms":259463,"predicted":false,"t":8,"tick":15446,"type":"block"}
[client] {"counts":{"blocks_on_me":19,"conf_actions":146,"confirmed_hits":716,"dup_confirmed":0,"hits_on_me":85,"pred_actions":155,"predicted_confirmed":53,"predicted_hits":147,"reconnects":0},"ev":"stats","hp":280.0,"in_bytes":3389720,"late":0,"local_entity":3,"match":{"countdown_until":300,"ctrl":-1,"final":false,"next":"","phase":3,"rot":2819,"scores":[21,10],"sd":false,"state":3,"tick":15181,"zone":"A"},"max_err":1.635,"mean_err":0.0247,"ms":259966,"out_bytes":758589,"pending":6,"pos":[-29.54,-7.16],"reconciles":5150,"server_tick":15481,"snaps":5157,"teleports":7}
[client] {"a":9,"dup":false,"ev":"game","ms":260381,"predicted":false,"t":4,"tick":15501,"type":"hit"}
[client] {"a":1,"dup":false,"ev":"game","ms":260415,"predicted":false,"t":7,"tick":15503,"type":"hit"}
[client] {"a":1,"dup":false,"ev":"game","ms":260732,"predicted":false,"t":7,"tick":15522,"type":"hit"}
[client] {"a":7,"dup":false,"ev":"game","ms":261084,"predicted":false,"t":1,"tick":15543,"type":"hit"}
[client] {"a":7,"dup":false,"ev":"game","ms":261416,"predicted":false,"t":1,"tick":15563,"type":"hit"}
[client] {"a":4,"dup":false,"ev":"game","ms":261664,"predicted":false,"t":6,"tick":15578,"type":"hit"}
[client] {"a":4,"dup":false,"ev":"game","ms":261699,"predicted":false,"t":9,"tick":15580,"type":"hit"}
[client] {"a":1,"dup":false,"ev":"game","ms":261768,"predicted":false,"t":7,"tick":15584,"type":"hit"}
[client] {"a":2,"dup":false,"ev":"game","ms":262003,"predicted":false,"t":7,"tick":15598,"type":"hit"}
[client] {"a":4,"dup":false,"ev":"game","ms":262003,"predicted":false,"t":6,"tick":15598,"type":"hit"}
[client] {"a":4,"dup":false,"ev":"game","ms":262029,"predicted":false,"t":9,"tick":15600,"type":"hit"}
[client] {"a":5,"dup":false,"ev":"game","ms":262181,"predicted":false,"t":1,"tick":15609,"type":"hit"}
[client] {"a":5,"dup":false,"ev":"game","ms":262181,"predicted":false,"t":2,"tick":15609,"type":"hit"}
[client] {"a":3,"dup":true,"ev":"game","ms":262203,"predicted":false,"t":5,"tick":15615,"type":"hit"}
[client] {"a":0,"dup":false,"ev":"game","ms":262347,"predicted":false,"t":9,"tick":15619,"type":"hit"}
[client] {"a":6,"dup":false,"ev":"game","ms":262347,"predicted":false,"t":4,"tick":15619,"type":"hit"}
[client] {"a":8,"dup":false,"ev":"game","ms":262733,"predicted":false,"t":4,"tick":15642,"type":"hit"}
[client] {"a":7,"dup":false,"ev":"game","ms":263382,"predicted":false,"t":1,"tick":15681,"type":"hit"}
[client] {"a":7,"dup":false,"ev":"game","ms":263686,"predicted":false,"t":1,"tick":15699,"type":"hit"}
[client] {"a":9,"dup":false,"ev":"game","ms":263748,"predicted":false,"t":0,"tick":15703,"type":"hit"}
[client] {"a":4,"dup":false,"ev":"game","ms":263900,"predicted":false,"t":9,"tick":15712,"type":"hit"}
[client] {"a":2,"dup":false,"ev":"game","ms":263921,"predicted":false,"t":7,"tick":15713,"type":"hit"}
[client] {"a":8,"dup":false,"ev":"game","ms":264004,"predicted":false,"t":4,"tick":15718,"type":"hit"}
[client] {"a":7,"dup":false,"ev":"game","ms":264252,"predicted":false,"t":2,"tick":15733,"type":"hit"}
[client] {"a":1,"dup":false,"ev":"game","ms":264348,"predicted":false,"t":7,"tick":15739,"type":"hit"}
[client] {"a":8,"dup":false,"ev":"game","ms":264404,"predicted":false,"t":4,"tick":15742,"type":"hit"}
[client] {"a":8,"dup":false,"ev":"game","ms":264417,"predicted":false,"t":0,"tick":15743,"type":"hit"}
[client] {"a":1,"dup":false,"ev":"game","ms":264452,"predicted":false,"t":9,"tick":15745,"type":"hit"}
[client] {"a":3,"dup":true,"ev":"game","ms":264749,"predicted":false,"t":5,"tick":15769,"type":"hit"}
[client] {"a":4,"dup":false,"ev":"game","ms":264804,"predicted":false,"t":8,"tick":15766,"type":"hit"}
[client] {"a":2,"dup":false,"ev":"game","ms":264935,"predicted":false,"t":8,"tick":15774,"type":"hit"}
[client] {"counts":{"blocks_on_me":19,"conf_actions":151,"confirmed_hits":747,"dup_confirmed":0,"hits_on_me":85,"pred_actions":161,"predicted_confirmed":55,"predicted_hits":151,"reconnects":0},"ev":"stats","hp":262.0,"in_bytes":3469157,"late":0,"local_entity":3,"match":{"countdown_until":300,"ctrl":-1,"final":false,"next":"","phase":3,"rot":2519,"scores":[21,10],"sd":false,"state":3,"tick":15481,"zone":"A"},"max_err":1.635,"mean_err":0.0245,"ms":264968,"out_bytes":773289,"pending":6,"pos":[-40.71,0.5],"reconciles":5250,"server_tick":15781,"snaps":5257,"teleports":7}
[client] {"a":6,"dup":false,"ev":"game","ms":264969,"predicted":false,"t":3,"tick":15776,"type":"hit"}
[client] {"a":0,"dup":false,"ev":"game","ms":265004,"predicted":false,"t":5,"tick":15778,"type":"hit"}
[client] {"a":0,"dup":false,"ev":"game","ms":265004,"predicted":false,"t":6,"tick":15778,"type":"hit"}
[client] {"a":0,"dup":false,"ev":"game","ms":265017,"predicted":false,"t":8,"tick":15779,"type":"hit"}
[client] {"a":7,"dup":false,"ev":"game","ms":265266,"predicted":false,"t":1,"tick":15794,"type":"hit"}
[client] {"a":7,"dup":false,"ev":"game","ms":265570,"predicted":false,"t":1,"tick":15812,"type":"hit"}
[client] {"a":3,"dup":true,"ev":"game","ms":265604,"predicted":false,"t":8,"tick":15819,"type":"hit"}
[client] {"a":3,"dup":true,"ev":"game","ms":265604,"predicted":false,"t":6,"tick":15820,"type":"hit"}
[client] {"a":7,"dup":false,"ev":"game","ms":265949,"predicted":false,"t":1,"tick":15835,"type":"hit"}
[client] {"a":9,"dup":false,"ev":"game","ms":266004,"predicted":false,"t":2,"tick":15838,"type":"hit"}
[client] {"a":9,"dup":false,"ev":"game","ms":266052,"predicted":false,"t":1,"tick":15841,"type":"hit"}
[client] {"a":5,"dup":false,"ev":"game","ms":266087,"predicted":false,"t":3,"tick":15843,"type":"hit"}
[client] {"a":5,"dup":false,"ev":"game","ms":266149,"predicted":false,"t":4,"tick":15847,"type":"hit"}
[client] {"a":0,"dup":false,"ev":"game","ms":266605,"predicted":false,"t":9,"tick":15874,"type":"hit"}
[client] {"a":0,"dup":false,"ev":"game","ms":266618,"predicted":false,"t":7,"tick":15875,"type":"hit"}
[client] {"a":8,"dup":false,"ev":"game","ms":266922,"predicted":false,"t":0,"tick":15893,"type":"hit"}
[client] {"a":6,"dup":false,"ev":"game","ms":266984,"predicted":false,"t":0,"tick":15897,"type":"hit"}
[client] {"a":3,"dup":true,"ev":"game","ms":267019,"predicted":false,"t":5,"tick":15905,"type":"hit"}
[client] {"a":8,"dup":false,"ev":"game","ms":267287,"predicted":false,"t":0,"tick":15915,"type":"hit"}
[client] {"a":3,"dup":false,"ev":"game","ms":267350,"predicted":false,"t":5,"tick":15924,"type":"block"}
[client] {"a":3,"dup":false,"ev":"game","ms":267667,"predicted":false,"t":5,"tick":15944,"type":"block"}
[client] {"a":1,"dup":false,"ev":"game","ms":267853,"predicted":false,"t":6,"tick":15949,"type":"hit"}
[client] {"a":1,"dup":false,"ev":"game","ms":267853,"predicted":false,"t":8,"tick":15949,"type":"hit"}
[client] {"a":4,"dup":false,"ev":"game","ms":267902,"predicted":false,"t":6,"tick":15952,"type":"hit"}
[client] {"a":4,"dup":false,"ev":"game","ms":267936,"predicted":false,"t":8,"tick":15954,"type":"hit"}
[client] {"a":0,"dup":false,"ev":"game","ms":268205,"predicted":false,"t":7,"tick":15970,"type":"hit"}
[client] {"a":4,"dup":false,"ev":"game","ms":268267,"predicted":false,"t":5,"tick":15974,"type":"block"}
[client] {"a":6,"dup":false,"ev":"game","ms":268441,"predicted":false,"t":1,"tick":15984,"type":"hit"}
[client] {"a":3,"dup":true,"ev":"game","ms":268454,"predicted":false,"t":5,"tick":15991,"type":"hit"}
[client] {"a":6,"dup":false,"ev":"game","ms":268488,"predicted":false,"t":4,"tick":15987,"type":"hit"}
[client] {"a":0,"dup":false,"ev":"game","ms":268771,"predicted":false,"t":9,"tick":16004,"type":"hit"}
[client] {"a":9,"dup":false,"ev":"game","ms":268771,"predicted":false,"t":-1,"tick":16004,"type":"ko"}
[client] {"a":3,"dup":true,"ev":"game","ms":268807,"predicted":false,"t":5,"tick":16011,"type":"hit"}
[client] {"a":6,"dup":false,"ev":"game","ms":269103,"predicted":false,"t":3,"tick":16024,"type":"hit"}
[client] {"a":7,"dup":false,"ev":"game","ms":269123,"predicted":false,"t":0,"tick":16025,"type":"hit"}
[client] {"a":6,"dup":false,"ev":"game","ms":269151,"predicted":false,"t":4,"tick":16027,"type":"hit"}
[client] {"a":4,"dup":false,"ev":"game","ms":269151,"predicted":false,"t":-1,"tick":16027,"type":"ko"}
[client] {"a":0,"dup":false,"ev":"game","ms":269523,"predicted":false,"t":7,"tick":16049,"type":"hit"}
[client] {"a":2,"dup":false,"ev":"game","ms":269572,"predicted":false,"t":6,"tick":16052,"type":"hit"}
[client] {"a":0,"dup":false,"ev":"game","ms":269841,"predicted":false,"t":7,"tick":16068,"type":"hit"}
[client] {"a":2,"dup":false,"ev":"game","ms":269889,"predicted":false,"t":6,"tick":16071,"type":"hit"}
[client] {"a":8,"dup":false,"ev":"game","ms":269937,"predicted":false,"t":0,"tick":16074,"type":"hit"}
[client] {"counts":{"blocks_on_me":19,"conf_actions":158,"confirmed_hits":784,"dup_confirmed":0,"hits_on_me":88,"pred_actions":170,"predicted_confirmed":60,"predicted_hits":162,"reconnects":0},"ev":"stats","hp":186.0,"in_bytes":3550871,"late":0,"local_entity":3,"match":{"countdown_until":300,"ctrl":-1,"final":false,"next":"","phase":3,"rot":2219,"scores":[21,10],"sd":false,"state":3,"tick":15781,"zone":"A"},"max_err":1.635,"mean_err":0.0247,"ms":269971,"out_bytes":787989,"pending":6,"pos":[-40.44,0.13],"reconciles":5350,"server_tick":16081,"snaps":5357,"teleports":7}
[client] {"a":3,"dup":true,"ev":"game","ms":270103,"predicted":false,"t":5,"tick":16089,"type":"hit"}
[client] {"a":7,"dup":false,"ev":"game","ms":270152,"predicted":false,"t":1,"tick":16087,"type":"hit"}
[client] {"a":1,"dup":false,"ev":"game","ms":270152,"predicted":false,"t":-1,"tick":16087,"type":"ko"}
[client] {"a":2,"dup":false,"ev":"game","ms":270206,"predicted":false,"t":6,"tick":16090,"type":"hit"}
[client] {"a":6,"dup":false,"ev":"game","ms":270206,"predicted":false,"t":-1,"tick":16090,"type":"ko"}
[client] {"a":8,"dup":false,"ev":"game","ms":270807,"predicted":false,"t":2,"tick":16126,"type":"hit"}
[client] {"a":8,"dup":false,"ev":"game","ms":271124,"predicted":false,"t":2,"tick":16145,"type":"hit"}
[client] {"a":3,"dup":false,"ev":"game","ms":271221,"predicted":false,"t":8,"tick":16157,"type":"hit"}
[client] {"a":3,"dup":true,"ev":"game","ms":271821,"predicted":false,"t":5,"tick":16193,"type":"hit"}
[client] {"a":2,"dup":false,"ev":"game","ms":272131,"predicted":false,"t":5,"tick":16207,"type":"hit"}
[client] {"a":7,"dup":false,"ev":"game","ms":272414,"predicted":false,"t":3,"tick":16223,"type":"hit"}
[client] {"a":0,"dup":false,"ev":"game","ms":272435,"predicted":false,"t":7,"tick":16224,"type":"hit"}
[client] {"a":7,"dup":false,"ev":"game","ms":272435,"predicted":false,"t":-1,"tick":16224,"type":"ko"}
[client] {"a":3,"dup":true,"ev":"game","ms":272718,"predicted":false,"t":5,"tick":16247,"type":"hit"}
[client] {"a":3,"dup":true,"ev":"game","ms":273049,"predicted":false,"t":5,"tick":16267,"type":"hit"}
[client] {"a":3,"dup":true,"ev":"game","ms":273699,"predicted":false,"t":5,"tick":16306,"type":"hit"}
[client] {"a":2,"dup":false,"ev":"game","ms":273802,"predicted":false,"t":8,"tick":16306,"type":"hit"}
[client] {"a":0,"dup":false,"ev":"game","ms":274180,"predicted":false,"t":5,"tick":16329,"type":"hit"}
[client] {"a":5,"dup":false,"ev":"game","ms":274180,"predicted":false,"t":-1,"tick":16329,"type":"ko"}
[client] {"a":3,"dup":true,"ev":"game","ms":274919,"predicted":false,"t":8,"tick":16379,"type":"hit"}
[client] {"counts":{"blocks_on_me":19,"conf_actions":165,"confirmed_hits":800,"dup_confirmed":0,"hits_on_me":89,"pred_actions":177,"predicted_confirmed":66,"predicted_hits":172,"reconnects":0},"ev":"stats","hp":168.0,"in_bytes":3617829,"late":0,"local_entity":3,"match":{"countdown_until":300,"ctrl":0,"final":false,"next":"","phase":3,"rot":1919,"scores":[21,10],"sd":false,"state":2,"tick":16081,"zone":"A"},"max_err":1.635,"mean_err":0.0247,"ms":274966,"out_bytes":802689,"pending":6,"pos":[-42.07,0.29],"reconciles":5450,"server_tick":16381,"snaps":5457,"teleports":7}
[client] {"a":8,"dup":false,"ev":"game","ms":275016,"predicted":false,"t":-1,"tick":16379,"type":"ko"}
[client] {"a":9,"dup":false,"ev":"game","ms":278755,"predicted":false,"t":-1,"tick":16604,"type":"respawn"}
[client] {"a":4,"dup":false,"ev":"game","ms":279135,"predicted":false,"t":-1,"tick":16627,"type":"respawn"}
[client] {"counts":{"blocks_on_me":19,"conf_actions":166,"confirmed_hits":800,"dup_confirmed":0,"hits_on_me":89,"pred_actions":178,"predicted_confirmed":66,"predicted_hits":172,"reconnects":0},"ev":"stats","hp":168.0,"in_bytes":3667395,"late":0,"local_entity":3,"match":{"countdown_until":300,"ctrl":0,"final":false,"next":"","phase":3,"rot":1619,"scores":[26,10],"sd":false,"state":2,"tick":16381,"zone":"A"},"max_err":1.635,"mean_err":0.0243,"ms":279969,"out_bytes":817389,"pending":6,"pos":[-41.86,0.47],"reconciles":5550,"server_tick":16681,"snaps":5557,"teleports":7}
[client] {"a":1,"dup":false,"ev":"game","ms":280135,"predicted":false,"t":-1,"tick":16687,"type":"respawn"}
[client] {"a":6,"dup":false,"ev":"game","ms":280184,"predicted":false,"t":-1,"tick":16690,"type":"respawn"}
[client] {"a":7,"dup":false,"ev":"game","ms":282419,"predicted":false,"t":-1,"tick":16824,"type":"respawn"}
[client] {"a":5,"dup":false,"ev":"game","ms":284171,"predicted":false,"t":-1,"tick":16929,"type":"respawn"}
[client] {"counts":{"blocks_on_me":19,"conf_actions":166,"confirmed_hits":800,"dup_confirmed":0,"hits_on_me":89,"pred_actions":178,"predicted_confirmed":66,"predicted_hits":172,"reconnects":0},"ev":"stats","hp":239.100000000003,"in_bytes":3716335,"late":0,"local_entity":3,"match":{"countdown_until":300,"ctrl":0,"final":false,"next":"","phase":3,"rot":1319,"scores":[31,10],"sd":false,"state":2,"tick":16681,"zone":"A"},"max_err":1.635,"mean_err":0.0239,"ms":284971,"out_bytes":832089,"pending":6,"pos":[-41.86,0.47],"reconciles":5650,"server_tick":16981,"snaps":5657,"teleports":7}
[client] {"a":8,"dup":false,"ev":"game","ms":285007,"predicted":false,"t":-1,"tick":16979,"type":"respawn"}
[client] {"a":9,"dup":false,"ev":"game","ms":289616,"predicted":false,"t":2,"tick":17256,"type":"parry"}
[client] {"counts":{"blocks_on_me":19,"conf_actions":167,"confirmed_hits":800,"dup_confirmed":0,"hits_on_me":89,"pred_actions":179,"predicted_confirmed":66,"predicted_hits":172,"reconnects":0},"ev":"stats","hp":280.0,"in_bytes":3773203,"late":0,"local_entity":3,"match":{"countdown_until":300,"ctrl":-1,"final":false,"next":"","phase":3,"rot":1019,"scores":[34,10],"sd":false,"state":3,"tick":16981,"zone":"A"},"max_err":1.635,"mean_err":0.0235,"ms":289967,"out_bytes":846789,"pending":6,"pos":[-41.77,0.51],"reconciles":5750,"server_tick":17281,"snaps":5757,"teleports":7}
[client] {"a":9,"dup":false,"ev":"game","ms":290368,"predicted":false,"t":1,"tick":17301,"type":"hit"}
[client] {"a":2,"dup":false,"ev":"game","ms":290568,"predicted":false,"t":9,"tick":17313,"type":"hit"}
[client] {"a":2,"dup":false,"ev":"game","ms":291154,"predicted":false,"t":6,"tick":17348,"type":"hit"}
[client] {"a":1,"dup":false,"ev":"game","ms":291320,"predicted":false,"t":9,"tick":17358,"type":"hit"}
[client] {"a":2,"dup":false,"ev":"game","ms":291555,"predicted":false,"t":6,"tick":17372,"type":"hit"}
[client] {"a":1,"dup":false,"ev":"game","ms":291638,"predicted":false,"t":9,"tick":17377,"type":"hit"}
[client] {"a":6,"dup":false,"ev":"game","ms":291900,"predicted":false,"t":2,"tick":17393,"type":"hit"}
[client] {"a":3,"dup":true,"ev":"game","ms":292135,"predicted":false,"t":6,"tick":17412,"type":"hit"}
[client] {"a":2,"dup":false,"ev":"game","ms":292272,"predicted":false,"t":6,"tick":17415,"type":"hit"}
[client] {"a":9,"dup":false,"ev":"game","ms":292286,"predicted":false,"t":1,"tick":17416,"type":"hit"}
[client] {"a":3,"dup":true,"ev":"game","ms":292500,"predicted":false,"t":6,"tick":17434,"type":"hit"}
[client] {"a":7,"dup":false,"ev":"game","ms":292735,"predicted":false,"t":1,"tick":17443,"type":"hit"}
[client] {"a":2,"dup":false,"ev":"game","ms":293017,"predicted":false,"t":6,"tick":17460,"type":"hit"}
[client] {"a":9,"dup":false,"ev":"game","ms":293853,"predicted":false,"t":1,"tick":17510,"type":"hit"}
[client] {"a":9,"dup":false,"ev":"game","ms":293908,"predicted":false,"t":2,"tick":17513,"type":"hit"}
[client] {"a":6,"dup":false,"ev":"game","ms":294052,"predicted":false,"t":2,"tick":17522,"type":"hit"}
[client] {"a":1,"dup":false,"ev":"game","ms":294673,"predicted":false,"t":6,"tick":17559,"type":"hit"}
[client] {"a":5,"dup":false,"ev":"game","ms":294722,"predicted":false,"t":2,"tick":17562,"type":"hit"}
[client] {"counts":{"blocks_on_me":19,"conf_actions":173,"confirmed_hits":818,"dup_confirmed":0,"hits_on_me":89,"pred_actions":185,"predicted_confirmed":68,"predicted_hits":175,"reconnects":0},"ev":"stats","hp":280.0,"in_bytes":3844830,"late":0,"local_entity":3,"match":{"countdown_until":300,"ctrl":-1,"final":false,"next":"C","phase":3,"rot":719,"scores":[34,10],"sd":false,"state":3,"tick":17281,"zone":"A"},"max_err":1.635,"mean_err":0.0232,"ms":294969,"out_bytes":861489,"pending":6,"pos":[-41.77,0.3],"reconciles":5849,"server_tick":17581,"snaps":5856,"teleports":7}
[client] {"a":1,"dup":false,"ev":"game","ms":294991,"predicted":false,"t":6,"tick":17578,"type":"hit"}
[client] {"a":4,"dup":false,"ev":"game","ms":295039,"predicted":false,"t":9,"tick":17581,"type":"hit"}
[client] {"a":7,"dup":false,"ev":"game","ms":295108,"predicted":false,"t":2,"tick":17585,"type":"hit"}
[client] {"a":5,"dup":false,"ev":"game","ms":295191,"predicted":false,"t":2,"tick":17590,"type":"hit"}
[client] {"a":1,"dup":false,"ev":"game","ms":295322,"predicted":false,"t":6,"tick":17598,"type":"hit"}
[client] {"a":6,"dup":false,"ev":"game","ms":296109,"predicted":false,"t":1,"tick":17645,"type":"hit"}
[client] {"a":7,"dup":false,"ev":"game","ms":296123,"predicted":false,"t":1,"tick":17646,"type":"hit"}
[client] {"a":4,"dup":false,"ev":"game","ms":296157,"predicted":false,"t":9,"tick":17648,"type":"hit"}
[client] {"a":5,"dup":false,"ev":"game","ms":296254,"predicted":false,"t":2,"tick":17654,"type":"hit"}
[client] {"a":5,"dup":false,"ev":"game","ms":296288,"predicted":false,"t":3,"tick":17656,"type":"hit"}
[client] {"a":0,"dup":false,"ev":"game","ms":296419,"predicted":false,"t":8,"tick":17664,"type":"hit"}
[client] {"a":4,"dup":false,"ev":"game","ms":296488,"predicted":false,"t":9,"tick":17668,"type":"hit"}
[client] {"a":0,"dup":false,"ev":"game","ms":297054,"predicted":false,"t":8,"tick":17702,"type":"hit"}
[client] {"a":4,"dup":false,"ev":"game","ms":297109,"predicted":false,"t":9,"tick":17705,"type":"hit"}
[client] {"a":6,"dup":false,"ev":"game","ms":297137,"predicted":false,"t":1,"tick":17707,"type":"hit"}
[client] {"a":4,"dup":false,"ev":"game","ms":297309,"predicted":false,"t":9,"tick":17717,"type":"hit"}
[client] {"a":3,"dup":true,"ev":"game","ms":297558,"predicted":false,"t":8,"tick":17737,"type":"hit"}
[client] {"a":0,"dup":false,"ev":"game","ms":297820,"predicted":false,"t":5,"tick":17748,"type":"hit"}
[client] {"a":4,"dup":false,"ev":"game","ms":298193,"predicted":false,"t":9,"tick":17770,"type":"hit"}
[client] {"a":5,"dup":false,"ev":"game","ms":298476,"predicted":false,"t":0,"tick":17787,"type":"hit"}
[client] {"a":4,"dup":false,"ev":"game","ms":298490,"predicted":false,"t":9,"tick":17788,"type":"hit"}
[client] {"a":8,"dup":false,"ev":"game","ms":298876,"predicted":false,"t":0,"tick":17811,"type":"hit"}
[client] {"a":2,"dup":false,"ev":"game","ms":298910,"predicted":false,"t":5,"tick":17813,"type":"hit"}
[client] {"a":6,"dup":false,"ev":"game","ms":299007,"predicted":false,"t":3,"tick":17819,"type":"hit"}
[client] {"a":5,"dup":false,"ev":"game","ms":299269,"predicted":false,"t":3,"tick":17835,"type":"hit"}
[client] {"a":1,"dup":false,"ev":"game","ms":299317,"predicted":false,"t":7,"tick":17838,"type":"hit"}
[client] {"a":6,"dup":false,"ev":"game","ms":299435,"predicted":false,"t":0,"tick":17845,"type":"hit"}
[client] {"a":5,"dup":false,"ev":"game","ms":299600,"predicted":false,"t":2,"tick":17855,"type":"hit"}
[client] {"a":5,"dup":false,"ev":"game","ms":299600,"predicted":false,"t":3,"tick":17855,"type":"hit"}
[client] {"a":0,"dup":false,"ev":"game","ms":299787,"predicted":false,"t":6,"tick":17866,"type":"hit"}
[client] {"a":5,"dup":false,"ev":"game","ms":299931,"predicted":false,"t":2,"tick":17875,"type":"hit"}
[client] {"a":5,"dup":false,"ev":"game","ms":299931,"predicted":false,"t":3,"tick":17875,"type":"hit"}
[client] {"counts":{"blocks_on_me":19,"conf_actions":179,"confirmed_hits":850,"dup_confirmed":0,"hits_on_me":94,"pred_actions":191,"predicted_confirmed":69,"predicted_hits":180,"reconnects":0},"ev":"stats","hp":170.0,"in_bytes":3925458,"late":0,"local_entity":3,"match":{"countdown_until":300,"ctrl":-1,"final":false,"next":"C","phase":3,"rot":419,"scores":[34,10],"sd":false,"state":3,"tick":17581,"zone":"A"},"max_err":1.635,"mean_err":0.0237,"ms":299965,"out_bytes":876189,"pending":6,"pos":[-42.61,0.46],"reconciles":5949,"server_tick":17881,"snaps":5956,"teleports":7}
[client] {"a":1,"dup":false,"ev":"game","ms":299966,"predicted":false,"t":7,"tick":17877,"type":"hit"}
[client] {"a":8,"dup":false,"ev":"game","ms":300069,"predicted":false,"t":3,"tick":17883,"type":"hit"}
[client] {"a":9,"dup":false,"ev":"game","ms":300069,"predicted":false,"t":1,"tick":17883,"type":"hit"}
[client] {"a":1,"dup":false,"ev":"game","ms":300069,"predicted":false,"t":-1,"tick":17883,"type":"ko"}
[client] {"a":8,"dup":false,"ev":"game","ms":300083,"predicted":false,"t":2,"tick":17884,"type":"hit"}
[client] {"a":8,"dup":false,"ev":"game","ms":300304,"predicted":false,"t":2,"tick":17897,"type":"hit"}
[client] {"a":7,"dup":false,"ev":"game","ms":300387,"predicted":false,"t":2,"tick":17902,"type":"hit"}
[client] {"a":7,"dup":false,"ev":"game","ms":300400,"predicted":false,"t":3,"tick":17903,"type":"hit"}
[client] {"a":6,"dup":false,"ev":"game","ms":300436,"predicted":false,"t":0,"tick":17905,"type":"hit"}
[client] {"a":8,"dup":false,"ev":"game","ms":300815,"predicted":false,"t":2,"tick":17928,"type":"hit"}
[client] {"a":7,"dup":false,"ev":"game","ms":300932,"predicted":false,"t":2,"tick":17935,"type":"hit"}
[client] {"a":2,"dup":false,"ev":"game","ms":300932,"predicted":false,"t":-1,"tick":17935,"type":"ko"}
[client] {"a":6,"dup":false,"ev":"game","ms":301332,"predicted":false,"t":4,"tick":17959,"type":"hit"}
[client] {"a":0,"dup":false,"ev":"game","ms":301422,"predicted":false,"t":6,"tick":17964,"type":"hit"}
[client] {"a":8,"dup":false,"ev":"game","ms":301504,"predicted":false,"t":4,"tick":17969,"type":"hit"}
[client] {"a":3,"dup":true,"ev":"game","ms":301733,"predicted":false,"t":8,"tick":17988,"type":"hit"}
[client] {"a":6,"dup":false,"ev":"game","ms":301801,"predicted":false,"t":0,"tick":17987,"type":"hit"}
[client] {"a":3,"dup":true,"ev":"game","ms":302084,"predicted":false,"t":8,"tick":18009,"type":"hit"}
[client] {"a":6,"dup":false,"ev":"game","ms":302105,"predicted":false,"t":0,"tick":18005,"type":"hit"}
[client] {"a":6,"dup":false,"ev":"game","ms":302423,"predicted":false,"t":0,"tick":18024,"type":"hit"}
[client] {"a":7,"dup":false,"ev":"game","ms":302487,"predicted":false,"t":3,"tick":18028,"type":"hit"}
[client] {"a":8,"dup":false,"ev":"game","ms":302533,"predicted":false,"t":3,"tick":18031,"type":"hit"}
[client] {"a":3,"dup":true,"ev":"game","ms":302919,"predicted":false,"t":7,"tick":18059,"type":"hit"}
[client] {"a":3,"dup":false,"ev":"game","ms":302954,"predicted":false,"t":5,"tick":18061,"type":"block"}
[client] {"a":8,"dup":false,"ev":"game","ms":303108,"predicted":false,"t":3,"tick":18065,"type":"hit"}
[client] {"a":6,"dup":false,"ev":"game","ms":303288,"predicted":false,"t":0,"tick":18076,"type":"hit"}
[client] {"a":3,"dup":false,"ev":"game","ms":303405,"predicted":false,"t":5,"tick":18087,"type":"block"}
[client] {"a":4,"dup":false,"ev":"game","ms":303440,"predicted":false,"t":5,"tick":18085,"type":"block"}
[client] {"a":9,"dup":false,"ev":"game","ms":303557,"predicted":false,"t":3,"tick":18092,"type":"hit"}
[client] {"a":8,"dup":false,"ev":"game","ms":303736,"predicted":false,"t":3,"tick":18103,"type":"hit"}
[client] {"a":7,"dup":false,"ev":"game","ms":303971,"predicted":false,"t":3,"tick":18117,"type":"hit"}
[client] {"a":7,"dup":false,"ev":"game","ms":304026,"predicted":false,"t":4,"tick":18120,"type":"hit"}
[client] {"a":3,"dup":false,"ev":"game","ms":304205,"predicted":false,"t":-1,"tick":18136,"type":"ko"}
[client] {"a":7,"dup":false,"ev":"game","ms":304288,"predicted":false,"t":3,"tick":18136,"type":"hit"}
[client] {"a":6,"dup":false,"ev":"game","ms":304323,"predicted":false,"t":0,"tick":18138,"type":"hit"}
[client] {"a":0,"dup":false,"ev":"game","ms":304323,"predicted":false,"t":-1,"tick":18138,"type":"ko"}
[client] {"counts":{"blocks_on_me":19,"conf_actions":185,"confirmed_hits":879,"dup_confirmed":0,"hits_on_me":103,"pred_actions":201,"predicted_confirmed":72,"predicted_hits":190,"reconnects":0},"ev":"stats","hp":0.0,"in_bytes":4003913,"late":0,"local_entity":3,"match":{"countdown_until":300,"ctrl":-1,"final":false,"next":"C","phase":3,"rot":119,"scores":[34,10],"sd":false,"state":3,"tick":17881,"zone":"A"},"max_err":1.691,"mean_err":0.0244,"ms":304970,"out_bytes":890889,"pending":6,"pos":[-42.98,1.93],"reconciles":6049,"server_tick":18181,"snaps":6056,"teleports":7}
[client] {"a":6,"dup":false,"ev":"game","ms":305371,"predicted":false,"t":4,"tick":18201,"type":"hit"}
[client] {"a":6,"dup":false,"ev":"game","ms":305703,"predicted":false,"t":4,"tick":18221,"type":"hit"}
[client] {"a":4,"dup":false,"ev":"game","ms":306082,"predicted":false,"t":6,"tick":18243,"type":"hit"}
[client] {"a":6,"dup":false,"ev":"game","ms":306082,"predicted":false,"t":-1,"tick":18243,"type":"ko"}
[client] {"a":4,"dup":false,"ev":"game","ms":307020,"predicted":false,"t":8,"tick":18299,"type":"hit"}
[client] {"a":-1,"dup":false,"ev":"game","ms":307020,"predicted":false,"t":-1,"tick":18299,"type":"zone_rotated"}
[client] {"a":5,"dup":false,"ev":"game","ms":307648,"predicted":false,"t":4,"tick":18337,"type":"hit"}
[client] {"a":7,"dup":false,"ev":"game","ms":309222,"predicted":false,"t":4,"tick":18431,"type":"hit"}
[client] {"a":7,"dup":false,"ev":"game","ms":309540,"predicted":false,"t":4,"tick":18450,"type":"hit"}
[client] {"counts":{"blocks_on_me":19,"conf_actions":185,"confirmed_hits":886,"dup_confirmed":0,"hits_on_me":103,"pred_actions":201,"predicted_confirmed":72,"predicted_hits":190,"reconnects":0},"ev":"stats","hp":0.0,"in_bytes":4069593,"late":0,"local_entity":3,"match":{"countdown_until":300,"ctrl":-1,"final":false,"next":"","phase":3,"rot":3419,"scores":[34,10],"sd":false,"state":1,"tick":18181,"zone":"C"},"max_err":1.691,"mean_err":0.024,"ms":309966,"out_bytes":905589,"pending":6,"pos":[-42.98,1.93],"reconciles":6149,"server_tick":18481,"snaps":6156,"teleports":7}
[client] {"a":1,"dup":false,"ev":"game","ms":310084,"predicted":false,"t":-1,"tick":18483,"type":"respawn"}
[client] {"a":7,"dup":false,"ev":"game","ms":310367,"predicted":false,"t":4,"tick":18500,"type":"hit"}
[client] {"a":7,"dup":false,"ev":"game","ms":310850,"predicted":false,"t":4,"tick":18530,"type":"hit"}
[client] {"a":2,"dup":false,"ev":"game","ms":310940,"predicted":false,"t":-1,"tick":18535,"type":"respawn"}
[client] {"a":7,"dup":false,"ev":"game","ms":311505,"predicted":false,"t":4,"tick":18569,"type":"hit"}
[client] {"a":4,"dup":false,"ev":"game","ms":311505,"predicted":false,"t":-1,"tick":18569,"type":"ko"}
[client] {"a":3,"dup":false,"ev":"game","ms":314203,"predicted":false,"t":-1,"tick":18736,"type":"respawn"}
[client] {"a":0,"dup":false,"ev":"game","ms":314321,"predicted":false,"t":-1,"tick":18738,"type":"respawn"}
[client] {"counts":{"blocks_on_me":19,"conf_actions":185,"confirmed_hits":889,"dup_confirmed":0,"hits_on_me":103,"pred_actions":201,"predicted_confirmed":72,"predicted_hits":190,"reconnects":0},"ev":"stats","hp":280.0,"in_bytes":4123470,"late":0,"local_entity":3,"match":{"countdown_until":300,"ctrl":-1,"final":false,"next":"","phase":3,"rot":3119,"scores":[34,10],"sd":false,"state":1,"tick":18481,"zone":"C"},"max_err":1.691,"mean_err":0.0237,"ms":314968,"out_bytes":920289,"pending":6,"pos":[-5.11,-43.68],"reconciles":6248,"server_tick":18781,"snaps":6256,"teleports":8}
[client] {"a":6,"dup":false,"ev":"game","ms":316073,"predicted":false,"t":-1,"tick":18843,"type":"respawn"}
[client] {"counts":{"blocks_on_me":19,"conf_actions":185,"confirmed_hits":889,"dup_confirmed":0,"hits_on_me":103,"pred_actions":201,"predicted_confirmed":72,"predicted_hits":190,"reconnects":0},"ev":"stats","hp":280.0,"in_bytes":4180983,"late":0,"local_entity":3,"match":{"countdown_until":300,"ctrl":-1,"final":false,"next":"","phase":3,"rot":2822,"scores":[34,10],"sd":false,"state":3,"tick":18778,"zone":"C"},"max_err":1.691,"mean_err":0.0233,"ms":319965,"out_bytes":934989,"pending":9,"pos":[10.05,-19.13],"reconciles":6347,"server_tick":19081,"snaps":6355,"teleports":8}
[client] {"a":1,"dup":false,"ev":"game","ms":320361,"predicted":false,"t":8,"tick":19100,"type":"hit"}
[client] {"a":2,"dup":false,"ev":"game","ms":320845,"predicted":false,"t":8,"tick":19129,"type":"hit"}
[client] {"a":1,"dup":false,"ev":"game","ms":321417,"predicted":false,"t":9,"tick":19163,"type":"hit"}
[client] {"a":5,"dup":false,"ev":"game","ms":321479,"predicted":false,"t":2,"tick":19167,"type":"hit"}
[client] {"a":4,"dup":false,"ev":"game","ms":321514,"predicted":false,"t":-1,"tick":19169,"type":"respawn"}
[client] {"a":1,"dup":false,"ev":"game","ms":321749,"predicted":false,"t":9,"tick":19183,"type":"hit"}
[client] {"a":8,"dup":false,"ev":"game","ms":322266,"predicted":false,"t":1,"tick":19214,"type":"hit"}
[client] {"a":9,"dup":false,"ev":"game","ms":322418,"predicted":false,"t":2,"tick":19223,"type":"hit"}
[client] {"a":9,"dup":false,"ev":"game","ms":322466,"predicted":false,"t":1,"tick":19226,"type":"hit"}
[client] {"a":8,"dup":false,"ev":"game","ms":322583,"predicted":false,"t":1,"tick":19233,"type":"hit"}
[client] {"a":8,"dup":false,"ev":"game","ms":322598,"predicted":false,"t":2,"tick":19234,"type":"hit"}
[client] {"a":1,"dup":false,"ev":"game","ms":323232,"predicted":false,"t":5,"tick":19272,"type":"hit"}
[client] {"a":1,"dup":false,"ev":"game","ms":323232,"predicted":false,"t":8,"tick":19272,"type":"hit"}
[client] {"a":9,"dup":false,"ev":"game","ms":323266,"predicted":false,"t":2,"tick":19274,"type":"hit"}
[client] {"a":2,"dup":false,"ev":"game","ms":324232,"predicted":false,"t":9,"tick":19332,"type":"hit"}
[client] {"a":1,"dup":false,"ev":"game","ms":324281,"predicted":false,"t":9,"tick":19335,"type":"hit"}
[client] {"a":2,"dup":false,"ev":"game","ms":324599,"predicted":false,"t":9,"tick":19354,"type":"hit"}
[client] {"a":1,"dup":false,"ev":"game","ms":324632,"predicted":false,"t":9,"tick":19356,"type":"hit"}
[client] {"counts":{"blocks_on_me":19,"conf_actions":185,"confirmed_hits":906,"dup_confirmed":0,"hits_on_me":103,"pred_actions":201,"predicted_confirmed":72,"predicted_hits":190,"reconnects":0},"ev":"stats","hp":280.0,"in_bytes":4249826,"late":0,"local_entity":3,"match":{"countdown_until":300,"ctrl":-1,"final":false,"next":"","phase":3,"rot":2519,"scores":[34,10],"sd":false,"state":3,"tick":19081,"zone":"C"},"max_err":1.691,"mean_err":0.0229,"ms":324963,"out_bytes":949689,"pending":6,"pos":[36.94,-3.32],"reconciles":6443,"server_tick":19381,"snaps":6453,"teleports":8}
[client] {"a":9,"dup":false,"ev":"game","ms":324985,"predicted":false,"t":1,"tick":19377,"type":"hit"}
[client] {"a":9,"dup":false,"ev":"game","ms":324999,"predicted":false,"t":2,"tick":19378,"type":"hit"}
[client] {"a":8,"dup":false,"ev":"game","ms":325316,"predicted":false,"t":1,"tick":19397,"type":"hit"}
[client] {"a":9,"dup":false,"ev":"game","ms":325433,"predicted":false,"t":1,"tick":19404,"type":"hit"}
[client] {"a":9,"dup":false,"ev":"game","ms":325433,"predicted":false,"t":2,"tick":19404,"type":"hit"}
[client] {"a":8,"dup":false,"ev":"game","ms":325564,"predicted":false,"t":1,"tick":19412,"type":"hit"}
[client] {"a":3,"dup":true,"ev":"game","ms":325737,"predicted":false,"t":5,"tick":19428,"type":"hit"}
[client] {"a":2,"dup":false,"ev":"game","ms":325750,"predicted":false,"t":9,"tick":19423,"type":"hit"}
[client] {"a":5,"dup":false,"ev":"game","ms":325750,"predicted":false,"t":0,"tick":19423,"type":"hit"}
[client] {"a":2,"dup":false,"ev":"game","ms":326103,"predicted":false,"t":9,"tick":19444,"type":"hit"}
[client] {"a":5,"dup":false,"ev":"game","ms":326351,"predicted":false,"t":3,"tick":19459,"type":"hit"}
[client] {"a":0,"dup":false,"ev":"game","ms":326385,"predicted":false,"t":6,"tick":19461,"type":"hit"}
[client] {"a":9,"dup":false,"ev":"game","ms":326448,"predicted":false,"t":2,"tick":19465,"type":"hit"}
[client] {"a":8,"dup":false,"ev":"game","ms":326468,"predicted":false,"t":2,"tick":19466,"type":"hit"}
[client] {"a":9,"dup":false,"ev":"game","ms":326468,"predicted":false,"t":1,"tick":19466,"type":"hit"}
[client] {"a":5,"dup":false,"ev":"game","ms":326703,"predicted":false,"t":3,"tick":19480,"type":"hit"}
[client] {"a":0,"dup":false,"ev":"game","ms":326717,"predicted":false,"t":6,"tick":19481,"type":"hit"}
[client] {"a":2,"dup":false,"ev":"game","ms":326848,"predicted":false,"t":9,"tick":19489,"type":"hit"}
[client] {"a":3,"dup":true,"ev":"game","ms":326965,"predicted":false,"t":5,"tick":19502,"type":"hit"}
[client] {"a":0,"dup":false,"ev":"game","ms":327020,"predicted":false,"t":6,"tick":19499,"type":"hit"}
[client] {"a":9,"dup":false,"ev":"game","ms":327234,"predicted":false,"t":2,"tick":19512,"type":"hit"}
[client] {"a":7,"dup":false,"ev":"game","ms":327282,"predicted":false,"t":2,"tick":19515,"type":"hit"}
[client] {"a":3,"dup":true,"ev":"game","ms":327303,"predicted":false,"t":5,"tick":19522,"type":"hit"}
[client] {"a":8,"dup":false,"ev":"game","ms":327517,"predicted":false,"t":1,"tick":19529,"type":"hit"}
[client] {"a":0,"dup":false,"ev":"game","ms":327620,"predicted":false,"t":6,"tick":19535,"type":"hit"}
[client] {"a":5,"dup":false,"ev":"game","ms":328049,"predicted":false,"t":3,"tick":19561,"type":"hit"}
[client] {"a":7,"dup":false,"ev":"game","ms":328248,"predicted":false,"t":2,"tick":19573,"type":"hit"}
[client] {"a":2,"dup":false,"ev":"game","ms":328248,"predicted":false,"t":-1,"tick":19573,"type":"ko"}
[client] {"a":9,"dup":false,"ev":"game","ms":328283,"predicted":false,"t":1,"tick":19575,"type":"hit"}
[client] {"a":1,"dup":false,"ev":"game","ms":328283,"predicted":false,"t":-1,"tick":19575,"type":"ko"}
[client] {"a":0,"dup":false,"ev":"game","ms":328752,"predicted":false,"t":6,"tick":19603,"type":"hit"}
[client] {"a":3,"dup":true,"ev":"game","ms":328917,"predicted":false,"t":5,"tick":19619,"type":"hit"}
[client] {"a":6,"dup":false,"ev":"game","ms":329118,"predicted":false,"t":0,"tick":19625,"type":"hit"}
[client] {"a":6,"dup":false,"ev":"game","ms":329456,"predicted":false,"t":0,"tick":19645,"type":"hit"}
[client] {"counts":{"blocks_on_me":19,"conf_actions":195,"confirmed_hits":938,"dup_confirmed":0,"hits_on_me":106,"pred_actions":211,"predicted_confirmed":76,"predicted_hits":201,"reconnects":0},"ev":"stats","hp":206.0,"in_bytes":4331070,"late":0,"local_entity":3,"match":{"countdown_until":300,"ctrl":-1,"final":false,"next":"","phase":3,"rot":2219,"scores":[34,10],"sd":false,"state":3,"tick":19381,"zone":"C"},"max_err":1.94,"mean_err":0.0231,"ms":329965,"out_bytes":964389,"pending":6,"pos":[40.48,-1.09],"reconciles":6543,"server_tick":19681,"snaps":6553,"teleports":8}
[client] {"a":6,"dup":false,"ev":"game","ms":330056,"predicted":false,"t":3,"tick":19681,"type":"hit"}
[client] {"a":6,"dup":false,"ev":"game","ms":330470,"predicted":false,"t":3,"tick":19706,"type":"hit"}
[client] {"a":8,"dup":false,"ev":"game","ms":330470,"predicted":false,"t":3,"tick":19706,"type":"hit"}
[client] {"a":9,"dup":false,"ev":"game","ms":330622,"predicted":false,"t":3,"tick":19715,"type":"hit"}
[client] {"a":0,"dup":false,"ev":"game","ms":331036,"predicted":false,"t":5,"tick":19740,"type":"hit"}
[client] {"a":0,"dup":false,"ev":"game","ms":331057,"predicted":false,"t":8,"tick":19741,"type":"hit"}
[client] {"a":5,"dup":false,"ev":"game","ms":331402,"predicted":false,"t":0,"tick":19762,"type":"hit"}
[client] {"a":8,"dup":false,"ev":"game","ms":331437,"predicted":false,"t":0,"tick":19764,"type":"hit"}
[client] {"a":4,"dup":false,"ev":"game","ms":331636,"predicted":false,"t":6,"tick":19776,"type":"hit"}
[client] {"a":5,"dup":false,"ev":"game","ms":332223,"predicted":false,"t":0,"tick":19811,"type":"hit"}
[client] {"a":4,"dup":false,"ev":"game","ms":332285,"predicted":false,"t":6,"tick":19815,"type":"hit"}
[client] {"a":5,"dup":false,"ev":"game","ms":333064,"predicted":false,"t":0,"tick":19862,"type":"hit"}
[client] {"a":0,"dup":false,"ev":"game","ms":333533,"predicted":false,"t":5,"tick":19890,"type":"hit"}
[client] {"a":3,"dup":true,"ev":"game","ms":333982,"predicted":false,"t":5,"tick":19922,"type":"hit"}
[client] {"a":4,"dup":false,"ev":"game","ms":334196,"predicted":false,"t":9,"tick":19930,"type":"hit"}
[client] {"a":8,"dup":false,"ev":"game","ms":334665,"predicted":false,"t":4,"tick":19958,"type":"hit"}
[client] {"a":9,"dup":false,"ev":"game","ms":334762,"predicted":false,"t":4,"tick":19964,"type":"hit"}
[client] {"a":5,"dup":false,"ev":"game","ms":334934,"predicted":false,"t":0,"tick":19974,"type":"hit"}
[client] {"counts":{"blocks_on_me":19,"conf_actions":203,"confirmed_hits":956,"dup_confirmed":0,"hits_on_me":110,"pred_actions":220,"predicted_confirmed":77,"predicted_hits":206,"reconnects":0},"ev":"stats","hp":110.0,"in_bytes":4403993,"late":0,"local_entity":3,"match":{"countdown_until":300,"ctrl":-1,"final":false,"next":"","phase":3,"rot":1919,"scores":[34,10],"sd":false,"state":3,"tick":19681,"zone":"C"},"max_err":1.94,"mean_err":0.0231,"ms":334961,"out_bytes":979089,"pending":6,"pos":[39.93,0.14],"reconciles":6643,"server_tick":19981,"snaps":6653,"teleports":8}
[client] {"a":9,"dup":false,"ev":"game","ms":335031,"predicted":false,"t":4,"tick":19980,"type":"hit"}
[client] {"a":6,"dup":false,"ev":"game","ms":335252,"predicted":false,"t":4,"tick":19993,"type":"hit"}
[client] {"a":3,"dup":true,"ev":"game","ms":335252,"predicted":false,"t":6,"tick":19999,"type":"hit"}
[client] {"a":9,"dup":false,"ev":"game","ms":335349,"predicted":false,"t":4,"tick":19999,"type":"hit"}
[client] {"a":3,"dup":true,"ev":"game","ms":335549,"predicted":false,"t":6,"tick":20017,"type":"hit"}
[client] {"a":0,"dup":false,"ev":"game","ms":335617,"predicted":false,"t":5,"tick":20015,"type":"hit"}
[client] {"a":4,"dup":false,"ev":"game","ms":335935,"predicted":false,"t":8,"tick":20034,"type":"hit"}
[client] {"a":9,"dup":false,"ev":"game","ms":336018,"predicted":false,"t":3,"tick":20039,"type":"hit"}
[client] {"a":4,"dup":false,"ev":"game","ms":336280,"predicted":false,"t":8,"tick":20055,"type":"hit"}
[client] {"a":4,"dup":false,"ev":"game","ms":336535,"predicted":false,"t":8,"tick":20070,"type":"hit"}
[client] {"a":5,"dup":false,"ev":"game","ms":336549,"predicted":false,"t":3,"tick":20071,"type":"hit"}
[client] {"a":9,"dup":false,"ev":"game","ms":336666,"predicted":false,"t":0,"tick":20078,"type":"hit"}
[client] {"a":9,"dup":false,"ev":"game","ms":336984,"predicted":false,"t":0,"tick":20097,"type":"hit"}
[client] {"a":3,"dup":true,"ev":"game","ms":337066,"predicted":false,"t":5,"tick":20108,"type":"hit"}
[client] {"a":9,"dup":false,"ev":"game","ms":337280,"predicted":false,"t":0,"tick":20115,"type":"hit"}
[client] {"a":0,"dup":false,"ev":"game","ms":337280,"predicted":false,"t":-1,"tick":20115,"type":"ko"}
[client] {"a":3,"dup":true,"ev":"game","ms":337398,"predicted":false,"t":5,"tick":20128,"type":"hit"}
[client] {"a":5,"dup":false,"ev":"game","ms":337881,"predicted":false,"t":3,"tick":20151,"type":"hit"}
[client] {"a":7,"dup":false,"ev":"game","ms":337984,"predicted":false,"t":3,"tick":20157,"type":"hit"}
[client] {"a":4,"dup":false,"ev":"game","ms":338032,"predicted":false,"t":8,"tick":20160,"type":"hit"}
[client] {"a":3,"dup":false,"ev":"game","ms":338170,"predicted":false,"t":-1,"tick":20174,"type":"ko"}
[client] {"a":2,"dup":false,"ev":"game","ms":338254,"predicted":false,"t":-1,"tick":20173,"type":"respawn"}
[client] {"a":5,"dup":false,"ev":"game","ms":338267,"predicted":false,"t":3,"tick":20174,"type":"hit"}
[client] {"a":1,"dup":false,"ev":"game","ms":338280,"predicted":false,"t":-1,"tick":20175,"type":"respawn"}
[client] {"a":4,"dup":false,"ev":"game","ms":338370,"predicted":false,"t":8,"tick":20180,"type":"hit"}
[client] {"a":6,"dup":false,"ev":"game","ms":339550,"predicted":false,"t":4,"tick":20251,"type":"hit"}
[client] {"a":6,"dup":false,"ev":"game","ms":339785,"predicted":false,"t":4,"tick":20265,"type":"hit"}
[client] {"counts":{"blocks_on_me":19,"conf_actions":209,"confirmed_hits":979,"dup_confirmed":0,"hits_on_me":115,"pred_actions":228,"predicted_confirmed":81,"predicted_hits":214,"reconnects":0},"ev":"stats","hp":0.0,"in_bytes":4479455,"late":0,"local_entity":3,"match":{"countdown_until":300,"ctrl":-1,"final":false,"next":"","phase":3,"rot":1619,"scores":[34,10],"sd":false,"state":3,"tick":19981,"zone":"C"},"max_err":1.94,"mean_err":0.0233,"ms":339970,"out_bytes":993789,"pending":6,"pos":[39.63,2.67],"reconciles":6743,"server_tick":20281,"snaps":6753,"teleports":8}
[client] {"a":6,"dup":false,"ev":"game","ms":340282,"predicted":false,"t":4,"tick":20295,"type":"hit"}
[client] {"a":6,"dup":false,"ev":"game","ms":340599,"predicted":false,"t":4,"tick":20314,"type":"hit"}
[client] {"a":6,"dup":false,"ev":"game","ms":340951,"predicted":false,"t":4,"tick":20335,"type":"hit"}
[client] {"a":4,"dup":false,"ev":"game","ms":341517,"predicted":false,"t":6,"tick":20369,"type":"hit"}
[client] {"a":4,"dup":false,"ev":"game","ms":341870,"predicted":false,"t":6,"tick":20390,"type":"hit"}
[client] {"a":6,"dup":false,"ev":"game","ms":341870,"predicted":false,"t":-1,"tick":20390,"type":"ko"}
[client] {"a":4,"dup":false,"ev":"game","ms":343304,"predicted":false,"t":7,"tick":20476,"type":"hit"}
[client] {"a":4,"dup":false,"ev":"game","ms":343338,"predicted":false,"t":9,"tick":20478,"type":"hit"}
[client] {"a":8,"dup":false,"ev":"game","ms":343601,"predicted":false,"t":4,"tick":20494,"type":"hit"}
[client] {"a":7,"dup":false,"ev":"game","ms":343670,"predicted":false,"t":4,"tick":20498,"type":"hit"}
[client] {"a":4,"dup":false,"ev":"game","ms":343670,"predicted":false,"t":-1,"tick":20498,"type":"ko"}
[client] {"counts":{"blocks_on_me":19,"conf_actions":209,"confirmed_hits":988,"dup_confirmed":0,"hits_on_me":115,"pred_actions":228,"predicted_confirmed":81,"predicted_hits":214,"reconnects":0},"ev":"stats","hp":0.0,"in_bytes":4543235,"late":0,"local_entity":3,"match":{"countdown_until":300,"ctrl":1,"final":false,"next":"","phase":3,"rot":1319,"scores":[34,11],"sd":false,"state":2,"tick":20281,"zone":"C"},"max_err":1.94,"mean_err":0.0229,"ms":344966,"out_bytes":1008489,"pending":6,"pos":[39.63,2.67],"reconciles":6843,"server_tick":20581,"snaps":6853,"teleports":8}
[client] {"a":0,"dup":false,"ev":"game","ms":347286,"predicted":false,"t":-1,"tick":20715,"type":"respawn"}
[client] {"a":3,"dup":false,"ev":"game","ms":348168,"predicted":false,"t":-1,"tick":20774,"type":"respawn"}
[client] {"a":8,"dup":false,"ev":"game","ms":348652,"predicted":false,"t":1,"tick":20797,"type":"hit"}
[client] {"a":7,"dup":false,"ev":"game","ms":348797,"predicted":false,"t":1,"tick":20806,"type":"hit"}
[client] {"a":9,"dup":false,"ev":"game","ms":348817,"predicted":false,"t":1,"tick":20807,"type":"hit"}
[client] {"a":1,"dup":false,"ev":"game","ms":349217,"predicted":false,"t":9,"tick":20831,"type":"hit"}
[client] {"a":9,"dup":false,"ev":"game","ms":349217,"predicted":false,"t":-1,"tick":20831,"type":"ko"}
[client] {"a":1,"dup":false,"ev":"game","ms":349909,"predicted":false,"t":7,"tick":20873,"type":"hit"}
[client] {"counts":{"blocks_on_me":19,"conf_actions":209,"confirmed_hits":993,"dup_confirmed":0,"hits_on_me":115,"pred_actions":228,"predicted_confirmed":81,"predicted_hits":214,"reconnects":0},"ev":"stats","hp":280.0,"in_bytes":4604552,"late":0,"local_entity":3,"match":{"countdown_until":300,"ctrl":-1,"final":false,"next":"","phase":3,"rot":1019,"scores":[34,13],"sd":false,"state":3,"tick":20581,"zone":"C"},"max_err":1.94,"mean_err":0.0226,"ms":349970,"out_bytes":1023189,"pending":6,"pos":[-3.88,-38.2],"reconciles":6942,"server_tick":20881,"snaps":6953,"teleports":9}
[client] {"a":1,"dup":false,"ev":"game","ms":350509,"predicted":false,"t":7,"tick":20909,"type":"hit"}
[client] {"a":7,"dup":false,"ev":"game","ms":351309,"predicted":false,"t":1,"tick":20957,"type":"hit"}
[client] {"a":7,"dup":false,"ev":"game","ms":351371,"predicted":false,"t":2,"tick":20961,"type":"hit"}
[client] {"a":6,"dup":false,"ev":"game","ms":351854,"predicted":false,"t":-1,"tick":20990,"type":"respawn"}
[client] {"a":7,"dup":false,"ev":"game","ms":352800,"predicted":false,"t":1,"tick":21047,"type":"hit"}
[client] {"a":7,"dup":false,"ev":"game","ms":352834,"predicted":false,"t":2,"tick":21049,"type":"hit"}
[client] {"a":4,"dup":false,"ev":"game","ms":353669,"predicted":false,"t":-1,"tick":21098,"type":"respawn"}
[client] {"a":1,"dup":false,"ev":"game","ms":354352,"predicted":false,"t":7,"tick":21139,"type":"hit"}
[client] {"a":5,"dup":false,"ev":"game","ms":354602,"predicted":false,"t":1,"tick":21154,"type":"hit"}
[client] {"a":7,"dup":false,"ev":"game","ms":354766,"predicted":false,"t":1,"tick":21164,"type":"hit"}
[client] {"a":7,"dup":false,"ev":"game","ms":354787,"predicted":false,"t":2,"tick":21165,"type":"hit"}
[client] {"a":5,"dup":false,"ev":"game","ms":354918,"predicted":false,"t":2,"tick":21173,"type":"hit"}
[client] {"counts":{"blocks_on_me":19,"conf_actions":209,"confirmed_hits":1003,"dup_confirmed":0,"hits_on_me":115,"pred_actions":228,"predicted_confirmed":81,"predicted_hits":214,"reconnects":0},"ev":"stats","hp":280.0,"in_bytes":4664600,"late":0,"local_entity":3,"match":{"countdown_until":300,"ctrl":-1,"final":false,"next":"B","phase":3,"rot":719,"scores":[34,13],"sd":false,"state":3,"tick":20881,"zone":"C"},"max_err":1.94,"mean_err":0.0223,"ms":354966,"out_bytes":1037889,"pending":6,"pos":[15.67,-19.03],"reconciles":7042,"server_tick":21181,"snaps":7053,"teleports":9}
[client] {"a":7,"dup":false,"ev":"game","ms":355956,"predicted":false,"t":1,"tick":21235,"type":"hit"}
[client] {"a":2,"dup":false,"ev":"game","ms":356003,"predicted":false,"t":5,"tick":21238,"type":"block"}
[client] {"a":7,"dup":false,"ev":"game","ms":356533,"predicted":false,"t":2,"tick":21270,"type":"hit"}
[client] {"a":2,"dup":false,"ev":"game","ms":356919,"predicted":false,"t":5,"tick":21294,"type":"block"}
[client] {"a":1,"dup":false,"ev":"game","ms":357071,"predicted":false,"t":5,"tick":21303,"type":"block"}
[client] {"a":7,"dup":false,"ev":"game","ms":357333,"predicted":false,"t":2,"tick":21319,"type":"hit"}
[client] {"a":1,"dup":false,"ev":"game","ms":357507,"predicted":false,"t":5,"tick":21329,"type":"block"}
[client] {"a":2,"dup":false,"ev":"game","ms":357851,"predicted":false,"t":5,"tick":21350,"type":"block"}
[client] {"a":7,"dup":false,"ev":"game","ms":357886,"predicted":false,"t":2,"tick":21352,"type":"hit"}
[client] {"a":0,"dup":false,"ev":"game","ms":358072,"predicted":false,"t":7,"tick":21363,"type":"hit"}
[client] {"a":2,"dup":false,"ev":"game","ms":358226,"predicted":false,"t":5,"tick":21372,"type":"hit"}
[client] {"a":2,"dup":false,"ev":"game","ms":358226,"predicted":false,"t":7,"tick":21372,"type":"hit"}
[client] {"a":5,"dup":false,"ev":"game","ms":358226,"predicted":false,"t":-1,"tick":21372,"type":"ko"}
[client] {"a":1,"dup":false,"ev":"game","ms":358506,"predicted":false,"t":7,"tick":21389,"type":"hit"}
[client] {"a":2,"dup":false,"ev":"game","ms":358555,"predicted":false,"t":7,"tick":21392,"type":"hit"}
[client] {"a":9,"dup":false,"ev":"game","ms":359203,"predicted":false,"t":-1,"tick":21431,"type":"respawn"}
[client] {"a":8,"dup":false,"ev":"game","ms":359320,"predicted":false,"t":1,"tick":21438,"type":"hit"}
[client] {"a":8,"dup":false,"ev":"game","ms":359368,"predicted":false,"t":2,"tick":21440,"type":"hit"}
[client] {"a":7,"dup":false,"ev":"game","ms":359439,"predicted":false,"t":0,"tick":21445,"type":"hit"}
[client] {"a":8,"dup":false,"ev":"game","ms":359555,"predicted":false,"t":1,"tick":21452,"type":"hit"}
[client] {"a":1,"dup":false,"ev":"game","ms":359555,"predicted":false,"t":-1,"tick":21452,"type":"ko"}
[client] {"a":8,"dup":false,"ev":"game","ms":359603,"predicted":false,"t":2,"tick":21455,"type":"hit"}
[client] {"counts":{"blocks_on_me":19,"conf_actions":210,"confirmed_hits":1017,"dup_confirmed":0,"hits_on_me":115,"pred_actions":229,"predicted_confirmed":81,"predicted_hits":214,"reconnects":0},"ev":"stats","hp":280.0,"in_bytes":4730995,"late":0,"local_entity":3,"match":{"countdown_until":300,"ctrl":-1,"final":false,"next":"B","phase":3,"rot":419,"scores":[34,13],"sd":false,"state":3,"tick":21181,"zone":"C"},"max_err":1.94,"mean_err":0.022,"ms":359968,"out_bytes":1052589,"pending":6,"pos":[39.85,-1.57],"reconciles":7142,"server_tick":21481,"snaps":7153,"teleports":9}
[client] {"a":0,"dup":false,"ev":"game","ms":359991,"predicted":false,"t":7,"tick":21478,"type":"hit"}
[client] {"a":0,"dup":false,"ev":"game","ms":360026,"predicted":false,"t":8,"tick":21480,"type":"hit"}
[client] {"a":0,"dup":false,"ev":"game","ms":360721,"predicted":false,"t":7,"tick":21522,"type":"hit"}
[client] {"a":8,"dup":false,"ev":"game","ms":360826,"predicted":false,"t":0,"tick":21528,"type":"hit"}
[client] {"a":0,"dup":false,"ev":"game","ms":361908,"predicted":false,"t":7,"tick":21593,"type":"hit"}
[client] {"a":7,"dup":false,"ev":"game","ms":362791,"predicted":false,"t":0,"tick":21646,"type":"hit"}
[client] {"a":7,"dup":false,"ev":"game","ms":362791,"predicted":false,"t":3,"tick":21646,"type":"block"}
[client] {"a":6,"dup":false,"ev":"game","ms":362957,"predicted":false,"t":2,"tick":21656,"type":"hit"}
[client] {"a":0,"dup":false,"ev":"game","ms":363149,"predicted":false,"t":7,"tick":21667,"type":"hit"}
[client] {"a":7,"dup":false,"ev":"game","ms":363149,"predicted":false,"t":-1,"tick":21667,"type":"ko"}
[client] {"a":6,"dup":false,"ev":"game","ms":363288,"predicted":false,"t":2,"tick":21676,"type":"hit"}
[client] {"a":0,"dup":false,"ev":"game","ms":364137,"predicted":false,"t":6,"tick":21727,"type":"hit"}
[client] {"a":8,"dup":false,"ev":"game","ms":364219,"predicted":false,"t":3,"tick":21732,"type":"hit"}
[client] {"a":3,"dup":true,"ev":"game","ms":364751,"predicted":false,"t":8,"tick":21769,"type":"hit"}
[client] {"counts":{"blocks_on_me":20,"conf_actions":213,"confirmed_hits":1029,"dup_confirmed":0,"hits_on_me":116,"pred_actions":232,"predicted_confirmed":82,"predicted_hits":216,"reconnects":0},"ev":"stats","hp":262.0,"in_bytes":4795551,"late":0,"local_entity":3,"match":{"countdown_until":300,"ctrl":-1,"final":false,"next":"B","phase":3,"rot":119,"scores":[34,13],"sd":false,"state":3,"tick":21481,"zone":"C"},"max_err":1.94,"mean_err":0.022,"ms":364964,"out_bytes":1067289,"pending":6,"pos":[40.5,0.51],"reconciles":7242,"server_tick":21781,"snaps":7253,"teleports":9}
[client] {"a":6,"dup":false,"ev":"game","ms":365021,"predicted":false,"t":2,"tick":21780,"type":"hit"}
[client] {"a":3,"dup":true,"ev":"game","ms":365103,"predicted":false,"t":8,"tick":21790,"type":"hit"}
[client] {"a":8,"dup":false,"ev":"game","ms":365185,"predicted":false,"t":-1,"tick":21790,"type":"ko"}
[client] {"a":2,"dup":false,"ev":"game","ms":365337,"predicted":false,"t":6,"tick":21799,"type":"hit"}
[client] {"a":2,"dup":false,"ev":"game","ms":365647,"predicted":false,"t":6,"tick":21818,"type":"hit"}
[client] {"a":4,"dup":false,"ev":"game","ms":365668,"predicted":false,"t":6,"tick":21819,"type":"hit"}
[client] {"a":4,"dup":false,"ev":"game","ms":366848,"predicted":false,"t":6,"tick":21890,"type":"hit"}
[client] {"a":-1,"dup":false,"ev":"game","ms":367000,"predicted":false,"t":-1,"tick":21899,"type":"zone_rotated"}
[client] {"a":6,"dup":false,"ev":"game","ms":367221,"predicted":false,"t":3,"tick":21912,"type":"hit"}
[client] {"a":4,"dup":false,"ev":"game","ms":367483,"predicted":false,"t":6,"tick":21928,"type":"hit"}
[client] {"a":5,"dup":false,"ev":"game","ms":368221,"predicted":false,"t":-1,"tick":21972,"type":"respawn"}
[client] {"a":6,"dup":false,"ev":"game","ms":368470,"predicted":false,"t":3,"tick":21987,"type":"hit"}
[client] {"a":6,"dup":false,"ev":"game","ms":368766,"predicted":false,"t":3,"tick":22005,"type":"hit"}
[client] {"a":6,"dup":false,"ev":"game","ms":369086,"predicted":false,"t":3,"tick":22024,"type":"hit"}
[client] {"a":3,"dup":true,"ev":"game","ms":369388,"predicted":false,"t":6,"tick":22047,"type":"hit"}
[client] {"a":1,"dup":false,"ev":"game","ms":369553,"predicted":false,"t":-1,"tick":22052,"type":"respawn"}
[client] {"a":3,"dup":true,"ev":"game","ms":369753,"predicted":false,"t":6,"tick":22069,"type":"hit"}
[client] {"counts":{"blocks_on_me":20,"conf_actions":223,"confirmed_hits":1042,"dup_confirmed":0,"hits_on_me":120,"pred_actions":242,"predicted_confirmed":85,"predicted_hits":226,"reconnects":0},"ev":"stats","hp":190.0,"in_bytes":4859371,"late":0,"local_entity":3,"match":{"countdown_until":300,"ctrl":-1,"final":false,"next":"","phase":3,"rot":3419,"scores":[34,13],"sd":false,"state":1,"tick":21781,"zone":"B"},"max_err":1.94,"mean_err":0.0221,"ms":369966,"out_bytes":1081989,"pending":6,"pos":[42.43,1.08],"reconciles":7342,"server_tick":22081,"snaps":7353,"teleports":9}
[client] {"a":6,"dup":false,"ev":"game","ms":370180,"predicted":false,"t":3,"tick":22090,"type":"hit"}
[client] {"a":6,"dup":false,"ev":"game","ms":370511,"predicted":false,"t":3,"tick":22109,"type":"hit"}
[client] {"a":3,"dup":true,"ev":"game","ms":371063,"predicted":false,"t":6,"tick":22148,"type":"hit"}
[client] {"a":6,"dup":false,"ev":"game","ms":371147,"predicted":false,"t":-1,"tick":22148,"type":"ko"}
[client] {"a":7,"dup":false,"ev":"game","ms":373133,"predicted":false,"t":-1,"tick":22267,"type":"respawn"}
[client] {"a":4,"dup":false,"ev":"game","ms":373879,"predicted":false,"t":9,"tick":22312,"type":"hit"}
[client] {"a":4,"dup":false,"ev":"game","ms":374134,"predicted":false,"t":9,"tick":22326,"type":"hit"}
[client] {"a":9,"dup":false,"ev":"game","ms":374817,"predicted":false,"t":2,"tick":22367,"type":"hit"}
[client] {"counts":{"blocks_on_me":20,"conf_actions":224,"confirmed_hits":1048,"dup_confirmed":0,"hits_on_me":122,"pred_actions":243,"predicted_confirmed":86,"predicted_hits":229,"reconnects":0},"ev":"stats","hp":154.0,"in_bytes":4917129,"late":0,"local_entity":3,"match":{"countdown_until":300,"ctrl":-1,"final":false,"next":"","phase":3,"rot":3119,"scores":[34,15],"sd":false,"state":3,"tick":22081,"zone":"B"},"max_err":1.94,"mean_err":0.022,"ms":374961,"out_bytes":1096689,"pending":6,"pos":[21.47,-4.09],"reconciles":7442,"server_tick":22381,"snaps":7453,"teleports":9}
[client] {"a":4,"dup":false,"ev":"game","ms":375135,"predicted":false,"t":9,"tick":22386,"type":"hit"}
[client] {"a":8,"dup":false,"ev":"game","ms":375197,"predicted":false,"t":-1,"tick":22390,"type":"respawn"}
[client] {"a":4,"dup":false,"ev":"game","ms":375452,"predicted":false,"t":9,"tick":22405,"type":"hit"}
[client] {"a":2,"dup":false,"ev":"game","ms":375514,"predicted":false,"t":9,"tick":22409,"type":"hit"}
[client] {"a":9,"dup":false,"ev":"game","ms":375918,"predicted":false,"t":2,"tick":22433,"type":"hit"}
[client] {"a":9,"dup":false,"ev":"game","ms":376198,"predicted":false,"t":2,"tick":22450,"type":"hit"}
[client] {"a":9,"dup":false,"ev":"game","ms":376198,"predicted":false,"t":4,"tick":22450,"type":"hit"}
[client] {"a":2,"dup":false,"ev":"game","ms":376198,"predicted":false,"t":-1,"tick":22450,"type":"ko"}
[client] {"a":1,"dup":false,"ev":"game","ms":376349,"predicted":false,"t":9,"tick":22459,"type":"hit"}
[client] {"a":1,"dup":false,"ev":"game","ms":376667,"predicted":false,"t":9,"tick":22478,"type":"hit"}
[client] {"a":9,"dup":false,"ev":"game","ms":377018,"predicted":false,"t":1,"tick":22499,"type":"hit"}
[client] {"a":0,"dup":false,"ev":"game","ms":377315,"predicted":false,"t":9,"tick":22517,"type":"hit"}
[client] {"a":1,"dup":false,"ev":"game","ms":377370,"predicted":false,"t":9,"tick":22520,"type":"hit"}
[client] {"a":1,"dup":false,"ev":"game","ms":377397,"predicted":false,"t":5,"tick":22522,"type":"block"}
[client] {"a":4,"dup":false,"ev":"game","ms":377585,"predicted":false,"t":5,"tick":22533,"type":"block"}
[client] {"a":4,"dup":false,"ev":"game","ms":377585,"predicted":false,"t":9,"tick":22533,"type":"hit"}
[client] {"a":0,"dup":false,"ev":"game","ms":377632,"predicted":false,"t":9,"tick":22536,"type":"hit"}
[client] {"a":1,"dup":false,"ev":"game","ms":377915,"predicted":false,"t":9,"tick":22553,"type":"hit"}
[client] {"a":0,"dup":false,"ev":"game","ms":377936,"predicted":false,"t":9,"tick":22554,"type":"hit"}
[client] {"a":9,"dup":false,"ev":"game","ms":377936,"predicted":false,"t":-1,"tick":22554,"type":"ko"}
[client] {"a":1,"dup":false,"ev":"game","ms":377950,"predicted":false,"t":5,"tick":22555,"type":"block"}
[client] {"a":4,"dup":false,"ev":"game","ms":377999,"predicted":false,"t":5,"tick":22558,"type":"block"}
[client] {"a":1,"dup":false,"ev":"game","ms":378255,"predicted":false,"t":5,"tick":22573,"type":"block"}
[client] {"a":4,"dup":false,"ev":"game","ms":378336,"predicted":false,"t":5,"tick":22578,"type":"block"}
[client] {"a":0,"dup":false,"ev":"game","ms":378633,"predicted":false,"t":5,"tick":22596,"type":"block"}
[client] {"a":1,"dup":false,"ev":"game","ms":378819,"predicted":false,"t":5,"tick":22607,"type":"block"}
[client] {"a":4,"dup":false,"ev":"game","ms":379034,"predicted":false,"t":5,"tick":22621,"type":"block"}
[client] {"a":0,"dup":false,"ev":"game","ms":379185,"predicted":false,"t":5,"tick":22630,"type":"block"}
[client] {"a":1,"dup":false,"ev":"game","ms":379467,"predicted":false,"t":5,"tick":22647,"type":"hit"}
[client] {"counts":{"blocks_on_me":20,"conf_actions":227,"confirmed_hits":1064,"dup_confirmed":0,"hits_on_me":122,"pred_actions":246,"predicted_confirmed":86,"predicted_hits":229,"reconnects":0},"ev":"stats","hp":178.000000000001,"in_bytes":4987386,"late":0,"local_entity":3,"match":{"countdown_until":300,"ctrl":-1,"final":false,"next":"","phase":3,"rot":2819,"scores":[34,15],"sd":false,"state":3,"tick":22381,"zone":"B"},"max_err":1.94,"mean_err":0.0218,"ms":379970,"out_bytes":1111389,"pending":6,"pos":[0.06,-2.89],"reconciles":7542,"server_tick":22681,"snaps":7553,"teleports":9}
[client] {"a":4,"dup":false,"ev":"game","ms":380599,"predicted":false,"t":5,"tick":22715,"type":"hit"}
[client] {"a":7,"dup":false,"ev":"game","ms":381055,"predicted":false,"t":4,"tick":22742,"type":"hit"}
[client] {"a":6,"dup":false,"ev":"game","ms":381151,"predicted":false,"t":-1,"tick":22748,"type":"respawn"}
[client] {"a":0,"dup":false,"ev":"game","ms":382435,"predicted":false,"t":7,"tick":22825,"type":"hit"}
[client] {"a":0,"dup":false,"ev":"game","ms":382504,"predicted":false,"t":5,"tick":22829,"type":"hit"}
[client] {"a":0,"dup":false,"ev":"game","ms":382517,"predicted":false,"t":8,"tick":22830,"type":"hit"}
[client] {"a":4,"dup":false,"ev":"game","ms":383621,"predicted":false,"t":7,"tick":22896,"type":"hit"}
[client] {"a":0,"dup":false,"ev":"game","ms":383891,"predicted":false,"t":5,"tick":22912,"type":"hit"}
[client] {"a":0,"dup":false,"ev":"game","ms":383918,"predicted":false,"t":7,"tick":22914,"type":"hit"}
[client] {"a":4,"dup":false,"ev":"game","ms":384035,"predicted":false,"t":7,"tick":22921,"type":"hit"}
[client] {"a":4,"dup":false,"ev":"game","ms":384270,"predicted":false,"t":7,"tick":22935,"type":"hit"}
[client] {"a":4,"dup":false,"ev":"game","ms":384291,"predicted":false,"t":5,"tick":22936,"type":"hit"}
[client] {"a":8,"dup":false,"ev":"game","ms":384457,"predicted":false,"t":0,"tick":22946,"type":"hit"}
[client] {"a":7,"dup":false,"ev":"game","ms":384788,"predicted":false,"t":0,"tick":22966,"type":"hit"}
[client] {"counts":{"blocks_on_me":20,"conf_actions":232,"confirmed_hits":1077,"dup_confirmed":0,"hits_on_me":122,"pred_actions":251,"predicted_confirmed":86,"predicted_hits":230,"reconnects":0},"ev":"stats","hp":178.000000000001,"in_bytes":5052621,"late":0,"local_entity":3,"match":{"countdown_until":300,"ctrl":-1,"final":false,"next":"","phase":3,"rot":2519,"scores":[34,15],"sd":false,"state":3,"tick":22681,"zone":"B"},"max_err":1.94,"mean_err":0.0223,"ms":384973,"out_bytes":1126089,"pending":6,"pos":[-1.25,-2.64],"reconciles":7642,"server_tick":22981,"snaps":7653,"teleports":9}
[client] {"a":4,"dup":false,"ev":"game","ms":384988,"predicted":false,"t":8,"tick":22978,"type":"hit"}
[client] {"a":7,"dup":false,"ev":"game","ms":385118,"predicted":false,"t":0,"tick":22986,"type":"hit"}
[client] {"a":5,"dup":false,"ev":"game","ms":385140,"predicted":false,"t":0,"tick":22987,"type":"hit"}
[client] {"a":3,"dup":true,"ev":"game","ms":385340,"predicted":false,"t":8,"tick":23003,"type":"hit"}
[client] {"a":0,"dup":false,"ev":"game","ms":385893,"predicted":false,"t":8,"tick":23032,"type":"hit"}
[client] {"a":5,"dup":false,"ev":"game","ms":386092,"predicted":false,"t":4,"tick":23044,"type":"hit"}
[client] {"a":2,"dup":false,"ev":"game","ms":386188,"predicted":false,"t":-1,"tick":23050,"type":"respawn"}
[client] {"a":0,"dup":false,"ev":"game","ms":386402,"predicted":false,"t":8,"tick":23063,"type":"hit"}
[client] {"a":7,"dup":false,"ev":"game","ms":386423,"predicted":false,"t":4,"tick":23064,"type":"hit"}
[client] {"a":4,"dup":false,"ev":"game","ms":386789,"predicted":false,"t":5,"tick":23086,"type":"hit"}
[client] {"a":7,"dup":false,"ev":"game","ms":386823,"predicted":false,"t":4,"tick":23088,"type":"hit"}
[client] {"a":8,"dup":false,"ev":"game","ms":386858,"predicted":false,"t":0,"tick":23090,"type":"hit"}
[client] {"a":8,"dup":false,"ev":"game","ms":387119,"predicted":false,"t":0,"tick":23106,"type":"hit"}
[client] {"a":4,"dup":false,"ev":"game","ms":387223,"predicted":false,"t":5,"tick":23112,"type":"hit"}
[client] {"a":7,"dup":false,"ev":"game","ms":387237,"predicted":false,"t":4,"tick":23113,"type":"hit"}
[client] {"a":9,"dup":false,"ev":"game","ms":387920,"predicted":false,"t":-1,"tick":23154,"type":"respawn"}
[client] {"a":0,"dup":false,"ev":"game","ms":387975,"predicted":false,"t":8,"tick":23157,"type":"hit"}
[client] {"a":4,"dup":false,"ev":"game","ms":388120,"predicted":false,"t":7,"tick":23166,"type":"hit"}
[client] {"a":0,"dup":false,"ev":"game","ms":388293,"predicted":false,"t":8,"tick":23176,"type":"hit"}
[client] {"a":5,"dup":false,"ev":"game","ms":388556,"predicted":false,"t":4,"tick":23192,"type":"hit"}
[client] {"a":0,"dup":false,"ev":"game","ms":388908,"predicted":false,"t":6,"tick":23213,"type":"hit"}
[client] {"a":3,"dup":true,"ev":"game","ms":389121,"predicted":false,"t":5,"tick":23231,"type":"hit"}
[client] {"a":0,"dup":false,"ev":"game","ms":389204,"predicted":false,"t":6,"tick":23231,"type":"hit"}
[client] {"a":3,"dup":false,"ev":"game","ms":389204,"predicted":false,"t":7,"tick":23236,"type":"hit"}
[client] {"a":0,"dup":false,"ev":"game","ms":389507,"predicted":false,"t":6,"tick":23249,"type":"hit"}
[client] {"a":8,"dup":false,"ev":"game","ms":389956,"predicted":false,"t":0,"tick":23276,"type":"hit"}
[client] {"counts":{"blocks_on_me":20,"conf_actions":233,"confirmed_hits":1101,"dup_confirmed":0,"hits_on_me":122,"pred_actions":252,"predicted_confirmed":88,"predicted_hits":235,"reconnects":0},"ev":"stats","hp":178.000000000001,"in_bytes":5124453,"late":0,"local_entity":3,"match":{"countdown_until":300,"ctrl":-1,"final":false,"next":"","phase":3,"rot":2219,"scores":[34,15],"sd":false,"state":3,"tick":22981,"zone":"B"},"max_err":1.94,"mean_err":0.0221,"ms":389975,"out_bytes":1140789,"pending":6,"pos":[-0.37,-2.89],"reconciles":7742,"server_tick":23281,"snaps":7753,"teleports":9}
[client] {"a":4,"dup":false,"ev":"game","ms":390901,"predicted":false,"t":5,"tick":23333,"type":"hit"}
[client] {"a":5,"dup":false,"ev":"game","ms":391267,"predicted":false,"t":4,"tick":23355,"type":"hit"}
[client] {"a":8,"dup":false,"ev":"game","ms":391833,"predicted":false,"t":0,"tick":23389,"type":"hit"}
[client] {"a":0,"dup":false,"ev":"game","ms":391833,"predicted":false,"t":-1,"tick":23389,"type":"ko"}
[client] {"a":5,"dup":false,"ev":"game","ms":392053,"predicted":false,"t":4,"tick":23402,"type":"hit"}
[client] {"a":6,"dup":false,"ev":"game","ms":392067,"predicted":false,"t":4,"tick":23403,"type":"hit"}
[client] {"a":3,"dup":true,"ev":"game","ms":392254,"predicted":false,"t":5,"tick":23418,"type":"hit"}
[client] {"a":4,"dup":false,"ev":"game","ms":392537,"predicted":false,"t":5,"tick":23431,"type":"hit"}
[client] {"a":4,"dup":false,"ev":"game","ms":392585,"predicted":false,"t":6,"tick":23434,"type":"hit"}
[client] {"a":8,"dup":false,"ev":"game","ms":392902,"predicted":false,"t":4,"tick":23453,"type":"hit"}
[client] {"a":4,"dup":false,"ev":"game","ms":392902,"predicted":false,"t":-1,"tick":23453,"type":"ko"}
[client] {"a":3,"dup":true,"ev":"game","ms":392937,"predicted":false,"t":5,"tick":23459,"type":"hit"}
[client] {"a":3,"dup":true,"ev":"game","ms":392971,"predicted":false,"t":8,"tick":23461,"type":"hit"}
[client] {"a":3,"dup":true,"ev":"game","ms":392971,"predicted":false,"t":6,"tick":23462,"type":"hit"}
[client] {"a":5,"dup":false,"ev":"game","ms":393006,"predicted":false,"t":-1,"tick":23459,"type":"ko"}
[client] {"a":3,"dup":true,"ev":"game","ms":393689,"predicted":false,"t":7,"tick":23504,"type":"hit"}
[client] {"a":1,"dup":false,"ev":"game","ms":393772,"predicted":false,"t":7,"tick":23505,"type":"hit"}
[client] {"a":3,"dup":false,"ev":"game","ms":394055,"predicted":false,"t":6,"tick":23527,"type":"hit"}
[client] {"a":8,"dup":false,"ev":"game","ms":394220,"predicted":false,"t":3,"tick":23532,"type":"hit"}
[client] {"a":7,"dup":false,"ev":"game","ms":394420,"predicted":false,"t":3,"tick":23544,"type":"hit"}
[client] {"a":1,"dup":false,"ev":"game","ms":394606,"predicted":false,"t":6,"tick":23555,"type":"hit"}
[client] {"a":1,"dup":false,"ev":"game","ms":394606,"predicted":false,"t":7,"tick":23555,"type":"hit"}
[client] {"a":2,"dup":false,"ev":"game","ms":394938,"predicted":false,"t":8,"tick":23575,"type":"hit"}
[client] {"counts":{"blocks_on_me":20,"conf_actions":239,"confirmed_hits":1121,"dup_confirmed":0,"hits_on_me":124,"pred_actions":258,"predicted_confirmed":93,"predicted_hits":245,"reconnects":0},"ev":"stats","hp":122.000000000001,"in_bytes":5198631,"late":0,"local_entity":3,"match":{"countdown_until":300,"ctrl":-1,"final":false,"next":"","phase":3,"rot":1919,"scores":[34,15],"sd":false,"state":3,"tick":23281,"zone":"B"},"max_err":1.94,"mean_err":0.0223,"ms":394971,"out_bytes":1155489,"pending":6,"pos":[0.05,-2.97],"reconciles":7842,"server_tick":23581,"snaps":7853,"teleports":9}
[client] {"a":1,"dup":false,"ev":"game","ms":395587,"predicted":false,"t":6,"tick":23614,"type":"hit"}
[client] {"a":7,"dup":false,"ev":"game","ms":395835,"predicted":false,"t":1,"tick":23629,"type":"hit"}
[client] {"a":8,"dup":false,"ev":"game","ms":395855,"predicted":false,"t":3,"tick":23630,"type":"block"}
[client] {"a":9,"dup":false,"ev":"game","ms":396069,"predicted":false,"t":1,"tick":23643,"type":"hit"}
[client] {"a":7,"dup":false,"ev":"game","ms":396152,"predicted":false,"t":1,"tick":23648,"type":"hit"}
[client] {"a":2,"dup":false,"ev":"game","ms":396269,"predicted":false,"t":8,"tick":23655,"type":"hit"}
[client] {"a":8,"dup":false,"ev":"game","ms":396269,"predicted":false,"t":-1,"tick":23655,"type":"ko"}
[client] {"a":7,"dup":false,"ev":"game","ms":396718,"predicted":false,"t":1,"tick":23682,"type":"hit"}
[client] {"a":6,"dup":false,"ev":"game","ms":396952,"predicted":false,"t":1,"tick":23696,"type":"hit"}
[client] {"a":6,"dup":false,"ev":"game","ms":397021,"predicted":false,"t":2,"tick":23700,"type":"hit"}
[client] {"a":6,"dup":false,"ev":"game","ms":397988,"predicted":false,"t":3,"tick":23758,"type":"block"}
[client] {"a":1,"dup":false,"ev":"game","ms":398139,"predicted":false,"t":6,"tick":23767,"type":"hit"}
[client] {"a":1,"dup":false,"ev":"game","ms":398456,"predicted":false,"t":6,"tick":23786,"type":"hit"}
[client] {"a":6,"dup":false,"ev":"game","ms":398456,"predicted":false,"t":-1,"tick":23786,"type":"ko"}
[client] {"a":9,"dup":false,"ev":"game","ms":398656,"predicted":false,"t":3,"tick":23798,"type":"hit"}
[client] {"a":9,"dup":false,"ev":"game","ms":398691,"predicted":false,"t":1,"tick":23800,"type":"hit"}
[client] {"a":9,"dup":false,"ev":"game","ms":398705,"predicted":false,"t":2,"tick":23801,"type":"hit"}
[client] {"a":9,"dup":false,"ev":"game","ms":399622,"predicted":false,"t":3,"tick":23856,"type":"hit"}
[client] {"a":9,"dup":false,"ev":"game","ms":399657,"predicted":false,"t":2,"tick":23858,"type":"hit"}
[client] {"a":7,"dup":false,"ev":"game","ms":399905,"predicted":false,"t":3,"tick":23873,"type":"hit"}
[client] {"counts":{"blocks_on_me":22,"conf_actions":243,"confirmed_hits":1137,"dup_confirmed":0,"hits_on_me":127,"pred_actions":263,"predicted_confirmed":93,"predicted_hits":246,"reconnects":0},"ev":"stats","hp":28.0000000000009,"in_bytes":5267111,"late":0,"local_entity":3,"match":{"countdown_until":300,"ctrl":-1,"final":false,"next":"","phase":3,"rot":1619,"scores":[34,15],"sd":false,"state":3,"tick":23581,"zone":"B"},"max_err":1.94,"mean_err":0.0226,"ms":399973,"out_bytes":1170189,"pending":6,"pos":[2.59,-4.57],"reconciles":7942,"server_tick":23881,"snaps":7953,"teleports":9}
[client] {"a":2,"dup":false,"ev":"game","ms":399988,"predicted":false,"t":9,"tick":23878,"type":"hit"}
[client] {"a":9,"dup":false,"ev":"game","ms":400340,"predicted":false,"t":2,"tick":23899,"type":"hit"}
[client] {"a":1,"dup":false,"ev":"game","ms":400437,"predicted":false,"t":7,"tick":23905,"type":"hit"}
[client] {"a":1,"dup":false,"ev":"game","ms":400837,"predicted":false,"t":7,"tick":23929,"type":"hit"}
[client] {"a":7,"dup":false,"ev":"game","ms":400837,"predicted":false,"t":-1,"tick":23929,"type":"ko"}
[client] {"a":0,"dup":false,"ev":"game","ms":401838,"predicted":false,"t":-1,"tick":23989,"type":"respawn"}
[client] {"a":3,"dup":false,"ev":"game","ms":401858,"predicted":false,"t":-1,"tick":23995,"type":"ko"}
[client] {"a":9,"dup":false,"ev":"game","ms":401941,"predicted":false,"t":1,"tick":23995,"type":"hit"}
[client] {"a":9,"dup":false,"ev":"game","ms":401941,"predicted":false,"t":3,"tick":23995,"type":"hit"}
[client] {"a":2,"dup":false,"ev":"game","ms":402741,"predicted":false,"t":9,"tick":24043,"type":"hit"}
[client] {"a":4,"dup":false,"ev":"game","ms":402900,"predicted":false,"t":-1,"tick":24053,"type":"respawn"}
[client] {"a":5,"dup":false,"ev":"game","ms":403003,"predicted":false,"t":-1,"tick":24059,"type":"respawn"}
[client] {"a":1,"dup":false,"ev":"game","ms":403052,"predicted":false,"t":9,"tick":24062,"type":"hit"}
[client] {"a":2,"dup":false,"ev":"game","ms":403052,"predicted":false,"t":9,"tick":24062,"type":"hit"}
[client] {"a":1,"dup":false,"ev":"game","ms":403631,"predicted":false,"t":9,"tick":24097,"type":"hit"}
[client] {"a":2,"dup":false,"ev":"game","ms":403735,"predicted":false,"t":9,"tick":24103,"type":"hit"}
[client] {"counts":{"blocks_on_me":22,"conf_actions":245,"confirmed_hits":1148,"dup_confirmed":0,"hits_on_me":128,"pred_actions":265,"predicted_confirmed":93,"predicted_hits":247,"reconnects":0},"ev":"stats","hp":0.0,"in_bytes":5324554,"late":0,"local_entity":3,"match":{"countdown_until":300,"ctrl":-1,"final":false,"next":"","phase":3,"rot":1319,"scores":[34,15],"sd":false,"state":3,"tick":23881,"zone":"B"},"max_err":1.94,"mean_err":0.0224,"ms":404969,"out_bytes":1184889,"pending":6,"pos":[-0.08,-3.2],"reconciles":8042,"server_tick":24181,"snaps":8053,"teleports":9}
[client] {"a":1,"dup":false,"ev":"game","ms":405390,"predicted":false,"t":9,"tick":24202,"type":"hit"}
[client] {"a":1,"dup":false,"ev":"game","ms":405590,"predicted":false,"t":9,"tick":24214,"type":"hit"}
[client] {"a":9,"dup":false,"ev":"game","ms":406136,"predicted":false,"t":1,"tick":24247,"type":"hit"}
[client] {"a":1,"dup":false,"ev":"game","ms":406136,"predicted":false,"t":-1,"tick":24247,"type":"ko"}
[client] {"a":8,"dup":false,"ev":"game","ms":406266,"predicted":false,"t":-1,"tick":24255,"type":"respawn"}
[client] {"a":2,"dup":false,"ev":"game","ms":407715,"predicted":false,"t":9,"tick":24342,"type":"hit"}
[client] {"a":6,"dup":false,"ev":"game","ms":408453,"predicted":false,"t":-1,"tick":24386,"type":"respawn"}
[client] {"a":9,"dup":false,"ev":"game","ms":408502,"predicted":false,"t":2,"tick":24389,"type":"hit"}
[client] {"a":0,"dup":false,"ev":"game","ms":408654,"predicted":false,"t":9,"tick":24398,"type":"hit"}
[client] {"a":9,"dup":false,"ev":"game","ms":409219,"predicted":false,"t":0,"tick":24432,"type":"hit"}
[client] {"a":0,"dup":false,"ev":"game","ms":409564,"predicted":false,"t":9,"tick":24453,"type":"hit"}
[client] {"a":4,"dup":false,"ev":"game","ms":409564,"predicted":false,"t":9,"tick":24453,"type":"hit"}
[client] {"a":9,"dup":false,"ev":"game","ms":409564,"predicted":false,"t":-1,"tick":24453,"type":"ko"}
[client] {"counts":{"blocks_on_me":22,"conf_actions":245,"confirmed_hits":1157,"dup_confirmed":0,"hits_on_me":128,"pred_actions":265,"predicted_confirmed":93,"predicted_hits":247,"reconnects":0},"ev":"stats","hp":0.0,"in_bytes":5383596,"late":0,"local_entity":3,"match":{"countdown_until":300,"ctrl":-1,"final":false,"next":"","phase":3,"rot":1019,"scores":[34,15],"sd":false,"state":3,"tick":24181,"zone":"B"},"max_err":1.94,"mean_err":0.0221,"ms":409963,"out_bytes":1199589,"pending":6,"pos":[-0.08,-3.2],"reconciles":8142,"server_tick":24481,"snaps":8153,"teleports":9}
[client] {"a":7,"dup":false,"ev":"game","ms":410848,"predicted":false,"t":-1,"tick":24529,"type":"respawn"}
[client] {"a":5,"dup":false,"ev":"game","ms":411365,"predicted":false,"t":2,"tick":24561,"type":"hit"}
[client] {"a":2,"dup":false,"ev":"game","ms":411696,"predicted":false,"t":5,"tick":24580,"type":"hit"}
[client] {"a":4,"dup":false,"ev":"game","ms":411800,"predicted":false,"t":5,"tick":24586,"type":"hit"}
[client] {"a":3,"dup":false,"ev":"game","ms":411848,"predicted":false,"t":-1,"tick":24595,"type":"respawn"}
[client] {"a":5,"dup":false,"ev":"game","ms":412166,"predicted":false,"t":2,"tick":24609,"type":"parry"}
[client] {"a":4,"dup":false,"ev":"game","ms":412483,"predicted":false,"t":5,"tick":24627,"type":"hit"}
[client] {"a":2,"dup":false,"ev":"game","ms":412732,"predicted":false,"t":5,"tick":24642,"type":"hit"}
[client] {"a":4,"dup":false,"ev":"game","ms":414718,"predicted":false,"t":8,"tick":24761,"type":"hit"}
[client] {"a":4,"dup":false,"ev":"game","ms":414767,"predicted":false,"t":5,"tick":24764,"type":"hit"}
[client] {"counts":{"blocks_on_me":22,"conf_actions":245,"confirmed_hits":1164,"dup_confirmed":0,"hits_on_me":128,"pred_actions":265,"predicted_confirmed":93,"predicted_hits":247,"reconnects":0},"ev":"stats","hp":280.0,"in_bytes":5442725,"late":0,"local_entity":3,"match":{"countdown_until":300,"ctrl":-1,"final":false,"next":"A","phase":3,"rot":719,"scores":[34,15],"sd":false,"state":3,"tick":24481,"zone":"B"},"max_err":1.94,"mean_err":0.0219,"ms":414966,"out_bytes":1214289,"pending":6,"pos":[2.02,-27.99],"reconciles":8241,"server_tick":24781,"snaps":8253,"teleports":10}
[client] {"a":5,"dup":false,"ev":"game","ms":416029,"predicted":false,"t":4,"tick":24840,"type":"hit"}
[client] {"a":1,"dup":false,"ev":"game","ms":416149,"predicted":false,"t":-1,"tick":24847,"type":"respawn"}
[client] {"a":0,"dup":false,"ev":"game","ms":416368,"predicted":false,"t":5,"tick":24860,"type":"hit"}
[client] {"a":5,"dup":false,"ev":"game","ms":416733,"predicted":false,"t":0,"tick":24882,"type":"hit"}
[client] {"a":5,"dup":false,"ev":"game","ms":416733,"predicted":false,"t":2,"tick":24882,"type":"hit"}
[client] {"a":8,"dup":false,"ev":"game","ms":416933,"predicted":false,"t":4,"tick":24894,"type":"hit"}
[client] {"a":0,"dup":false,"ev":"game","ms":417065,"predicted":false,"t":5,"tick":24903,"type":"hit"}
[client] {"a":2,"dup":false,"ev":"game","ms":417168,"predicted":false,"t":5,"tick":24909,"type":"hit"}
[client] {"a":6,"dup":false,"ev":"game","ms":417203,"predicted":false,"t":2,"tick":24911,"type":"hit"}
[client] {"a":6,"dup":false,"ev":"game","ms":417216,"predicted":false,"t":0,"tick":24912,"type":"hit"}
[client] {"a":8,"dup":false,"ev":"game","ms":417265,"predicted":false,"t":4,"tick":24915,"type":"hit"}
[client] {"a":8,"dup":false,"ev":"game","ms":417616,"predicted":false,"t":4,"tick":24936,"type":"hit"}
[client] {"a":2,"dup":false,"ev":"game","ms":418031,"predicted":false,"t":6,"tick":24961,"type":"hit"}
[client] {"a":2,"dup":false,"ev":"game","ms":418051,"predicted":false,"t":5,"tick":24962,"type":"hit"}
[client] {"a":8,"dup":false,"ev":"game","ms":418099,"predicted":false,"t":0,"tick":24965,"type":"hit"}
[client] {"a":8,"dup":false,"ev":"game","ms":418334,"predicted":false,"t":0,"tick":24979,"type":"hit"}
[client] {"a":8,"dup":false,"ev":"game","ms":418920,"predicted":false,"t":4,"tick":25014,"type":"hit"}
[client] {"a":2,"dup":false,"ev":"game","ms":419086,"predicted":false,"t":8,"tick":25024,"type":"hit"}
[client] {"a":3,"dup":true,"ev":"game","ms":419120,"predicted":false,"t":6,"tick":25031,"type":"hit"}
[client] {"a":0,"dup":false,"ev":"game","ms":419216,"predicted":false,"t":6,"tick":25032,"type":"hit"}
[client] {"a":3,"dup":true,"ev":"game","ms":419534,"predicted":false,"t":7,"tick":25056,"type":"hit"}
[client] {"a":9,"dup":false,"ev":"game","ms":419568,"predicted":false,"t":-1,"tick":25053,"type":"respawn"}
[client] {"a":5,"dup":false,"ev":"game","ms":419748,"predicted":false,"t":0,"tick":25064,"type":"hit"}
[client] {"a":5,"dup":false,"ev":"game","ms":419769,"predicted":false,"t":3,"tick":25065,"type":"hit"}
[client] {"counts":{"blocks_on_me":22,"conf_actions":247,"confirmed_hits":1186,"dup_confirmed":0,"hits_on_me":129,"pred_actions":267,"predicted_confirmed":95,"predicted_hits":251,"reconnects":0},"ev":"stats","hp":242.0,"in_bytes":5512799,"late":0,"local_entity":3,"match":{"countdown_until":300,"ctrl":-1,"final":false,"next":"A","phase":3,"rot":419,"scores":[34,15],"sd":false,"state":3,"tick":24781,"zone":"B"},"max_err":1.94,"mean_err":0.0218,"ms":419967,"out_bytes":1228989,"pending":6,"pos":[-1.35,-6.2],"reconciles":8341,"server_tick":25081,"snaps":8353,"teleports":10}
[client] {"a":4,"dup":false,"ev":"game","ms":420017,"predicted":false,"t":5,"tick":25080,"type":"hit"}
[client] {"a":4,"dup":false,"ev":"game","ms":420287,"predicted":false,"t":5,"tick":25096,"type":"hit"}
[client] {"a":4,"dup":false,"ev":"game","ms":420320,"predicted":false,"t":7,"tick":25098,"type":"hit"}
[client] {"a":2,"dup":false,"ev":"game","ms":420335,"predicted":false,"t":5,"tick":25099,"type":"hit"}
[client] {"a":4,"dup":false,"ev":"game","ms":420335,"predicted":false,"t":6,"tick":25099,"type":"hit"}
[client] {"a":8,"dup":false,"ev":"game","ms":420895,"predicted":false,"t":2,"tick":25132,"type":"hit"}
[client] {"a":2,"dup":false,"ev":"game","ms":420895,"predicted":false,"t":-1,"tick":25132,"type":"ko"}
[client] {"a":4,"dup":false,"ev":"game","ms":421081,"predicted":false,"t":7,"tick":25144,"type":"hit"}
[client] {"a":5,"dup":false,"ev":"game","ms":421163,"predicted":false,"t":4,"tick":25149,"type":"hit"}
[client] {"a":3,"dup":true,"ev":"game","ms":421329,"predicted":false,"t":6,"tick":25164,"type":"hit"}
[client] {"a":5,"dup":false,"ev":"game","ms":421494,"predicted":false,"t":0,"tick":25169,"type":"hit"}
[client] {"a":4,"dup":false,"ev":"game","ms":421563,"predicted":false,"t":5,"tick":25173,"type":"hit"}
[client] {"a":5,"dup":false,"ev":"game","ms":421563,"predicted":false,"t":-1,"tick":25173,"type":"ko"}
[client] {"a":3,"dup":true,"ev":"game","ms":421681,"predicted":false,"t":6,"tick":25184,"type":"hit"}
[client] {"a":3,"dup":true,"ev":"game","ms":421998,"predicted":false,"t":6,"tick":25204,"type":"hit"}
[client] {"a":4,"dup":false,"ev":"game","ms":422364,"predicted":false,"t":7,"tick":25221,"type":"hit"}
[client] {"a":0,"dup":false,"ev":"game","ms":422412,"predicted":false,"t":7,"tick":25224,"type":"hit"}
[client] {"a":3,"dup":true,"ev":"game","ms":422716,"predicted":false,"t":7,"tick":25246,"type":"hit"}
[client] {"a":0,"dup":false,"ev":"game","ms":422765,"predicted":false,"t":7,"tick":25245,"type":"hit"}
[client] {"a":8,"dup":false,"ev":"game","ms":422882,"predicted":false,"t":4,"tick":25252,"type":"hit"}
[client] {"a":6,"dup":false,"ev":"game","ms":423064,"predicted":false,"t":3,"tick":25263,"type":"hit"}
[client] {"a":7,"dup":false,"ev":"game","ms":424061,"predicted":false,"t":0,"tick":25323,"type":"hit"}
[client] {"a":4,"dup":false,"ev":"game","ms":424282,"predicted":false,"t":7,"tick":25336,"type":"hit"}
[client] {"a":8,"dup":false,"ev":"game","ms":424682,"predicted":false,"t":4,"tick":25360,"type":"hit"}
[client] {"a":0,"dup":false,"ev":"game","ms":424731,"predicted":false,"t":6,"tick":25363,"type":"hit"}
[client] {"a":7,"dup":false,"ev":"game","ms":424847,"predicted":false,"t":0,"tick":25370,"type":"hit"}
[client] {"a":7,"dup":false,"ev":"game","ms":424847,"predicted":false,"t":4,"tick":25370,"type":"hit"}
[client] {"counts":{"blocks_on_me":22,"conf_actions":254,"confirmed_hits":1211,"dup_confirmed":0,"hits_on_me":130,"pred_actions":274,"predicted_confirmed":99,"predicted_hits":258,"reconnects":0},"ev":"stats","hp":224.0,"in_bytes":5584704,"late":0,"local_entity":3,"match":{"countdown_until":300,"ctrl":-1,"final":false,"next":"A","phase":3,"rot":119,"scores":[34,15],"sd":false,"state":3,"tick":25081,"zone":"B"},"max_err":1.94,"mean_err":0.0217,"ms":424964,"out_bytes":1243689,"pending":6,"pos":[-2.41,-2.62],"reconciles":8441,"server_tick":25381,"snaps":8453,"teleports":10}
[client] {"a":4,"dup":false,"ev":"game","ms":425248,"predicted":false,"t":7,"tick":25394,"type":"hit"}
[client] {"a":1,"dup":false,"ev":"game","ms":425365,"predicted":false,"t":8,"tick":25401,"type":"hit"}
[client] {"a":4,"dup":false,"ev":"game","ms":425917,"predicted":false,"t":6,"tick":25434,"type":"hit"}
[client] {"a":7,"dup":false,"ev":"game","ms":426235,"predicted":false,"t":4,"tick":25453,"type":"hit"}
[client] {"a":-1,"dup":false,"ev":"game","ms":427001,"predicted":false,"t":-1,"tick":25499,"type":"zone_rotated"}
[client] {"a":8,"dup":false,"ev":"game","ms":427063,"predicted":false,"t":3,"tick":25503,"type":"hit"}
[client] {"a":3,"dup":true,"ev":"game","ms":427353,"predicted":false,"t":7,"tick":25525,"type":"hit"}
[client] {"a":0,"dup":false,"ev":"game","ms":427401,"predicted":false,"t":6,"tick":25523,"type":"hit"}
[client] {"a":6,"dup":false,"ev":"game","ms":427401,"predicted":false,"t":-1,"tick":25523,"type":"ko"}
[client] {"a":9,"dup":false,"ev":"game","ms":427684,"predicted":false,"t":3,"tick":25540,"type":"hit"}
[client] {"a":7,"dup":false,"ev":"game","ms":427780,"predicted":false,"t":3,"tick":25546,"type":"hit"}
[client] {"a":0,"dup":false,"ev":"game","ms":427980,"predicted":false,"t":7,"tick":25558,"type":"hit"}
[client] {"a":1,"dup":false,"ev":"game","ms":428015,"predicted":false,"t":8,"tick":25560,"type":"hit"}
[client] {"a":0,"dup":false,"ev":"game","ms":428036,"predicted":false,"t":9,"tick":25561,"type":"hit"}
[client] {"a":7,"dup":false,"ev":"game","ms":428436,"predicted":false,"t":0,"tick":25585,"type":"hit"}
[client] {"a":9,"dup":false,"ev":"game","ms":428498,"predicted":false,"t":3,"tick":25589,"type":"hit"}
[client] {"a":1,"dup":false,"ev":"game","ms":428684,"predicted":false,"t":8,"tick":25600,"type":"hit"}
[client] {"a":9,"dup":false,"ev":"game","ms":428815,"predicted":false,"t":3,"tick":25608,"type":"hit"}
[client] {"a":9,"dup":false,"ev":"game","ms":429167,"predicted":false,"t":3,"tick":25629,"type":"hit"}
[client] {"a":0,"dup":false,"ev":"game","ms":429216,"predicted":false,"t":7,"tick":25632,"type":"hit"}
[client] {"a":3,"dup":true,"ev":"game","ms":429450,"predicted":false,"t":9,"tick":25651,"type":"hit"}
[client] {"a":1,"dup":false,"ev":"game","ms":429603,"predicted":false,"t":9,"tick":25655,"type":"hit"}
[client] {"a":0,"dup":false,"ev":"game","ms":429615,"predicted":false,"t":7,"tick":25656,"type":"hit"}
[client] {"a":7,"dup":false,"ev":"game","ms":429616,"predicted":false,"t":-1,"tick":25656,"type":"ko"}
[client] {"counts":{"blocks_on_me":22,"conf_actions":263,"confirmed_hits":1232,"dup_confirmed":0,"hits_on_me":136,"pred_actions":284,"predicted_confirmed":101,"predicted_hits":268,"reconnects":0},"ev":"stats","hp":104.0,"in_bytes":5658116,"late":0,"local_entity":3,"match":{"countdown_until":300,"ctrl":-1,"final":true,"next":"","phase":3,"rot":3419,"scores":[34,15],"sd":false,"state":1,"tick":25381,"zone":"A"},"max_err":1.94,"mean_err":0.0219,"ms":429967,"out_bytes":1258389,"pending":6,"pos":[-1.79,-2.13],"reconciles":8541,"server_tick":25681,"snaps":8553,"teleports":10}
[client] {"a":2,"dup":false,"ev":"game","ms":430885,"predicted":false,"t":-1,"tick":25732,"type":"respawn"}
[client] {"a":5,"dup":false,"ev":"game","ms":431568,"predicted":false,"t":-1,"tick":25773,"type":"respawn"}
[client] {"a":4,"dup":false,"ev":"game","ms":434805,"predicted":false,"t":8,"tick":25966,"type":"hit"}
[client] {"counts":{"blocks_on_me":22,"conf_actions":263,"confirmed_hits":1233,"dup_confirmed":0,"hits_on_me":136,"pred_actions":284,"predicted_confirmed":101,"predicted_hits":268,"reconnects":0},"ev":"stats","hp":104.0,"in_bytes":5713158,"late":0,"local_entity":3,"match":{"countdown_until":300,"ctrl":-1,"final":true,"next":"","phase":3,"rot":3119,"scores":[35,15],"sd":false,"state":3,"tick":25681,"zone":"A"},"max_err":1.94,"mean_err":0.0216,"ms":434969,"out_bytes":1273089,"pending":6,"pos":[-29.4,-7.04],"reconciles":8641,"server_tick":25981,"snaps":8653,"teleports":10}
[client] {"a":4,"dup":false,"ev":"game","ms":435205,"predicted":false,"t":8,"tick":25990,"type":"hit"}
[client] {"a":4,"dup":false,"ev":"game","ms":435522,"predicted":false,"t":8,"tick":26010,"type":"hit"}
[client] {"a":0,"dup":false,"ev":"game","ms":435922,"predicted":false,"t":8,"tick":26034,"type":"hit"}
[client] {"a":8,"dup":false,"ev":"game","ms":435922,"predicted":false,"t":-1,"tick":26034,"type":"ko"}
[client] {"a":9,"dup":false,"ev":"game","ms":436019,"predicted":false,"t":4,"tick":26039,"type":"hit"}
[client] {"a":4,"dup":false,"ev":"game","ms":436420,"predicted":false,"t":9,"tick":26063,"type":"hit"}
[client] {"a":9,"dup":false,"ev":"game","ms":437185,"predicted":false,"t":0,"tick":26110,"type":"hit"}
[client] {"a":0,"dup":false,"ev":"game","ms":437185,"predicted":false,"t":-1,"tick":26110,"type":"ko"}
[client] {"a":3,"dup":false,"ev":"game","ms":437205,"predicted":false,"t":9,"tick":26116,"type":"hit"}
[client] {"a":4,"dup":false,"ev":"game","ms":437219,"predicted":false,"t":9,"tick":26112,"type":"hit"}
[client] {"a":6,"dup":false,"ev":"game","ms":437406,"predicted":false,"t":-1,"tick":26123,"type":"respawn"}
[client] {"a":4,"dup":false,"ev":"game","ms":437551,"predicted":false,"t":9,"tick":26132,"type":"hit"}
[client] {"a":3,"dup":true,"ev":"game","ms":437551,"predicted":false,"t":9,"tick":26136,"type":"hit"}
[client] {"a":1,"dup":false,"ev":"game","ms":437834,"predicted":false,"t":9,"tick":26148,"type":"hit"}
[client] {"a":9,"dup":false,"ev":"game","ms":438813,"predicted":false,"t":1,"tick":26207,"type":"hit"}
[client] {"a":7,"dup":false,"ev":"game","ms":439635,"predicted":false,"t":-1,"tick":26256,"type":"respawn"}
[client] {"a":1,"dup":false,"ev":"game","ms":439814,"predicted":false,"t":9,"tick":26267,"type":"hit"}
[client] {"counts":{"blocks_on_me":22,"conf_actions":266,"confirmed_hits":1246,"dup_confirmed":0,"hits_on_me":136,"pred_actions":287,"predicted_confirmed":102,"predicted_hits":269,"reconnects":0},"ev":"stats","hp":128.9,"in_bytes":5775599,"late":0,"local_entity":3,"match":{"countdown_until":300,"ctrl":-1,"final":true,"next":"","phase":3,"rot":2819,"scores":[35,15],"sd":false,"state":3,"tick":25981,"zone":"A"},"max_err":1.94,"mean_err":0.0215,"ms":439965,"out_bytes":1287789,"pending":6,"pos":[-41.46,-0.19],"reconciles":8741,"server_tick":26281,"snaps":8753,"teleports":10}
[client] {"a":9,"dup":false,"ev":"game","ms":440483,"predicted":false,"t":1,"tick":26308,"type":"hit"}
[client] {"a":1,"dup":false,"ev":"game","ms":441684,"predicted":false,"t":9,"tick":26380,"type":"hit"}
[client] {"a":9,"dup":false,"ev":"game","ms":441684,"predicted":false,"t":-1,"tick":26380,"type":"ko"}
[client] {"a":4,"dup":false,"ev":"game","ms":442188,"predicted":false,"t":5,"tick":26410,"type":"hit"}
[client] {"a":5,"dup":false,"ev":"game","ms":444168,"predicted":false,"t":4,"tick":26529,"type":"hit"}
[client] {"a":3,"dup":true,"ev":"game","ms":444616,"predicted":false,"t":5,"tick":26561,"type":"hit"}
[client] {"counts":{"blocks_on_me":22,"conf_actions":269,"confirmed_hits":1251,"dup_confirmed":0,"hits_on_me":136,"pred_actions":290,"predicted_confirmed":103,"predicted_hits":272,"reconnects":0},"ev":"stats","hp":128.9,"in_bytes":5832204,"late":0,"local_entity":3,"match":{"countdown_until":300,"ctrl":-1,"final":true,"next":"","phase":3,"rot":2519,"scores":[35,15],"sd":false,"state":3,"tick":26281,"zone":"A"},"max_err":1.94,"mean_err":0.0214,"ms":444967,"out_bytes":1302489,"pending":6,"pos":[-41.09,0.13],"reconciles":8841,"server_tick":26581,"snaps":8853,"teleports":10}
[client] {"a":8,"dup":false,"ev":"game","ms":445920,"predicted":false,"t":-1,"tick":26634,"type":"respawn"}
[client] {"a":5,"dup":false,"ev":"game","ms":446051,"predicted":false,"t":3,"tick":26642,"type":"hit"}
[client] {"a":5,"dup":false,"ev":"game","ms":446369,"predicted":false,"t":3,"tick":26661,"type":"hit"}
[client] {"a":3,"dup":true,"ev":"game","ms":446803,"predicted":false,"t":5,"tick":26692,"type":"hit"}
[client] {"a":1,"dup":false,"ev":"game","ms":446956,"predicted":false,"t":5,"tick":26696,"type":"hit"}
[client] {"a":0,"dup":false,"ev":"game","ms":447190,"predicted":false,"t":-1,"tick":26710,"type":"respawn"}
[client] {"a":6,"dup":false,"ev":"game","ms":447335,"predicted":false,"t":4,"tick":26719,"type":"hit"}
[client] {"a":4,"dup":false,"ev":"game","ms":447335,"predicted":false,"t":-1,"tick":26719,"type":"ko"}
[client] {"a":5,"dup":false,"ev":"game","ms":448818,"predicted":false,"t":3,"tick":26808,"type":"block"}
[client] {"a":6,"dup":false,"ev":"game","ms":448935,"predicted":false,"t":3,"tick":26815,"type":"block"}
[client] {"a":5,"dup":false,"ev":"game","ms":449157,"predicted":false,"t":3,"tick":26828,"type":"block"}
[client] {"a":6,"dup":false,"ev":"game","ms":449440,"predicted":false,"t":3,"tick":26845,"type":"block"}
[client] {"a":2,"dup":false,"ev":"game","ms":449557,"predicted":false,"t":5,"tick":26852,"type":"hit"}
[client] {"counts":{"blocks_on_me":26,"conf_actions":274,"confirmed_hits":1257,"dup_confirmed":0,"hits_on_me":138,"pred_actions":296,"predicted_confirmed":104,"predicted_hits":276,"reconnects":0},"ev":"stats","hp":92.8999999999998,"in_bytes":5899586,"late":0,"local_entity":3,"match":{"countdown_until":300,"ctrl":-1,"final":true,"next":"","phase":3,"rot":2219,"scores":[35,15],"sd":false,"state":3,"tick":26581,"zone":"A"},"max_err":1.94,"mean_err":0.0214,"ms":449970,"out_bytes":1317189,"pending":6,"pos":[-40.47,0.11],"reconciles":8941,"server_tick":26881,"snaps":8953,"teleports":10}
[client] {"a":3,"dup":true,"ev":"game","ms":450192,"predicted":false,"t":5,"tick":26894,"type":"hit"}
[client] {"a":7,"dup":false,"ev":"game","ms":450640,"predicted":false,"t":3,"tick":26917,"type":"hit"}
[client] {"a":5,"dup":false,"ev":"game","ms":450653,"predicted":false,"t":3,"tick":26918,"type":"hit"}
[client] {"a":5,"dup":false,"ev":"game","ms":450709,"predicted":false,"t":2,"tick":26921,"type":"hit"}
[client] {"a":6,"dup":false,"ev":"game","ms":450722,"predicted":false,"t":3,"tick":26922,"type":"hit"}
[client] {"a":6,"dup":false,"ev":"game","ms":451040,"predicted":false,"t":3,"tick":26941,"type":"block"}
[client] {"a":5,"dup":false,"ev":"game","ms":451054,"predicted":false,"t":3,"tick":26942,"type":"hit"}
[client] {"a":5,"dup":false,"ev":"game","ms":451392,"predicted":false,"t":3,"tick":26962,"type":"hit"}
[client] {"a":5,"dup":false,"ev":"game","ms":451440,"predicted":false,"t":2,"tick":26965,"type":"hit"}
[client] {"a":3,"dup":false,"ev":"game","ms":451537,"predicted":false,"t":-1,"tick":26976,"type":"ko"}
[client] {"a":7,"dup":false,"ev":"game","ms":451620,"predicted":false,"t":3,"tick":26976,"type":"hit"}
[client] {"a":9,"dup":false,"ev":"game","ms":451688,"predicted":false,"t":-1,"tick":26980,"type":"respawn"}
[client] {"a":1,"dup":false,"ev":"game","ms":452103,"predicted":false,"t":5,"tick":27005,"type":"hit"}
[client] {"a":6,"dup":false,"ev":"game","ms":452317,"predicted":false,"t":2,"tick":27018,"type":"hit"}
[client] {"a":1,"dup":false,"ev":"game","ms":452503,"predicted":false,"t":5,"tick":27029,"type":"hit"}
[client] {"a":6,"dup":false,"ev":"game","ms":452634,"predicted":false,"t":2,"tick":27037,"type":"hit"}
[client] {"a":7,"dup":false,"ev":"game","ms":452786,"predicted":false,"t":2,"tick":27046,"type":"hit"}
[client] {"a":1,"dup":false,"ev":"game","ms":453082,"predicted":false,"t":5,"tick":27064,"type":"hit"}
[client] {"a":2,"dup":false,"ev":"game","ms":453400,"predicted":false,"t":6,"tick":27083,"type":"hit"}
[client] {"a":2,"dup":false,"ev":"game","ms":453400,"predicted":false,"t":7,"tick":27083,"type":"hit"}
[client] {"a":5,"dup":false,"ev":"game","ms":453448,"predicted":false,"t":1,"tick":27086,"type":"hit"}
[client] {"a":5,"dup":false,"ev":"game","ms":453965,"predicted":false,"t":1,"tick":27116,"type":"hit"}
[client] {"a":7,"dup":false,"ev":"game","ms":454552,"predicted":false,"t":1,"tick":27151,"type":"hit"}
[client] {"a":5,"dup":false,"ev":"game","ms":454600,"predicted":false,"t":1,"tick":27155,"type":"hit"}
[client] {"counts":{"blocks_on_me":27,"conf_actions":277,"confirmed_hits":1278,"dup_confirmed":0,"hits_on_me":144,"pred_actions":299,"predicted_confirmed":105,"predicted_hits":280,"reconnects":0},"ev":"stats","hp":0.0,"in_bytes":5970107,"late":0,"local_entity":3,"match":{"countdown_until":300,"ctrl":-1,"final":true,"next":"","phase":3,"rot":1919,"scores":[35,15],"sd":false,"state":3,"tick":26881,"zone":"A"},"max_err":1.94,"mean_err":0.0214,"ms":454965,"out_bytes":1331889,"pending":6,"pos":[-40.98,0.31],"reconciles":9041,"server_tick":27181,"snaps":9053,"teleports":10}
[client] {"a":7,"dup":false,"ev":"game","ms":455332,"predicted":false,"t":1,"tick":27199,"type":"hit"}
[client] {"a":2,"dup":false,"ev":"game","ms":455449,"predicted":false,"t":5,"tick":27206,"type":"hit"}
[client] {"a":2,"dup":false,"ev":"game","ms":455918,"predicted":false,"t":5,"tick":27234,"type":"hit"}
[client] {"a":6,"dup":false,"ev":"game","ms":456201,"predicted":false,"t":1,"tick":27251,"type":"block"}
[client] {"a":2,"dup":false,"ev":"game","ms":456270,"predicted":false,"t":5,"tick":27255,"type":"hit"}
[client] {"a":1,"dup":false,"ev":"game","ms":456450,"predicted":false,"t":6,"tick":27266,"type":"hit"}
[client] {"a":1,"dup":false,"ev":"game","ms":456767,"predicted":false,"t":6,"tick":27285,"type":"hit"}
[client] {"a":7,"dup":false,"ev":"game","ms":456884,"predicted":false,"t":2,"tick":27292,"type":"hit"}
[client] {"a":4,"dup":false,"ev":"game","ms":457332,"predicted":false,"t":-1,"tick":27319,"type":"respawn"}
[client] {"a":2,"dup":false,"ev":"game","ms":457353,"predicted":false,"t":5,"tick":27320,"type":"hit"}
[client] {"a":5,"dup":false,"ev":"game","ms":457353,"predicted":false,"t":-1,"tick":27320,"type":"ko"}
[client] {"a":6,"dup":false,"ev":"game","ms":457423,"predicted":false,"t":1,"tick":27324,"type":"hit"}
[client] {"a":1,"dup":false,"ev":"game","ms":457423,"predicted":false,"t":-1,"tick":27324,"type":"ko"}
[client] {"a":2,"dup":false,"ev":"game","ms":457802,"predicted":false,"t":7,"tick":27347,"type":"hit"}
[client] {"a":8,"dup":false,"ev":"game","ms":458223,"predicted":false,"t":2,"tick":27372,"type":"hit"}
[client] {"a":0,"dup":false,"ev":"game","ms":458437,"predicted":false,"t":7,"tick":27385,"type":"hit"}
[client] {"a":6,"dup":false,"ev":"game","ms":458734,"predicted":false,"t":0,"tick":27403,"type":"hit"}
[client] {"a":2,"dup":false,"ev":"game","ms":458850,"predicted":false,"t":7,"tick":27410,"type":"hit"}
[client] {"a":6,"dup":false,"ev":"game","ms":459306,"predicted":false,"t":2,"tick":27437,"type":"hit"}
[client] {"a":7,"dup":false,"ev":"game","ms":459355,"predicted":false,"t":2,"tick":27440,"type":"hit"}
[client] {"a":0,"dup":false,"ev":"game","ms":459603,"predicted":false,"t":6,"tick":27455,"type":"hit"}
[client] {"counts":{"blocks_on_me":27,"conf_actions":277,"confirmed_hits":1295,"dup_confirmed":0,"hits_on_me":144,"pred_actions":299,"predicted_confirmed":105,"predicted_hits":280,"reconnects":0},"ev":"stats","hp":0.0,"in_bytes":6041169,"late":0,"local_entity":3,"match":{"countdown_until":300,"ctrl":-1,"final":true,"next":"","phase":3,"rot":1619,"scores":[35,15],"sd":false,"state":3,"tick":27181,"zone":"A"},"max_err":1.94,"mean_err":0.0212,"ms":459968,"out_bytes":1346589,"pending":6,"pos":[-40.98,0.31],"reconciles":9141,"server_tick":27481,"snaps":9153,"teleports":10}
[client] {"a":7,"dup":false,"ev":"game","ms":460120,"predicted":false,"t":2,"tick":27486,"type":"hit"}
[client] {"a":0,"dup":false,"ev":"game","ms":460438,"predicted":false,"t":7,"tick":27505,"type":"hit"}
[client] {"a":0,"dup":false,"ev":"game","ms":460486,"predicted":false,"t":8,"tick":27508,"type":"hit"}
[client] {"a":6,"dup":false,"ev":"game","ms":460534,"predicted":false,"t":2,"tick":27511,"type":"hit"}
[client] {"a":2,"dup":false,"ev":"game","ms":461087,"predicted":false,"t":7,"tick":27544,"type":"hit"}
[client] {"a":2,"dup":false,"ev":"game","ms":461424,"predicted":false,"t":7,"tick":27564,"type":"hit"}
[client] {"a":3,"dup":false,"ev":"game","ms":461535,"predicted":false,"t":-1,"tick":27576,"type":"respawn"}
[client] {"a":0,"dup":false,"ev":"game","ms":461556,"predicted":false,"t":8,"tick":27572,"type":"hit"}
[client] {"a":7,"dup":false,"ev":"game","ms":461770,"predicted":false,"t":2,"tick":27585,"type":"hit"}
[client] {"a":8,"dup":false,"ev":"game","ms":462252,"predicted":false,"t":0,"tick":27614,"type":"hit"}
[client] {"a":2,"dup":false,"ev":"game","ms":462391,"predicted":false,"t":7,"tick":27622,"type":"hit"}
[client] {"a":0,"dup":false,"ev":"game","ms":463467,"predicted":false,"t":8,"tick":27687,"type":"hit"}
[client] {"a":0,"dup":false,"ev":"game","ms":463515,"predicted":false,"t":9,"tick":27690,"type":"hit"}
[client] {"a":6,"dup":false,"ev":"game","ms":463667,"predicted":false,"t":0,"tick":27699,"type":"hit"}
[client] {"a":7,"dup":false,"ev":"game","ms":463750,"predicted":false,"t":0,"tick":27704,"type":"hit"}
[client] {"a":2,"dup":false,"ev":"game","ms":464246,"predicted":false,"t":7,"tick":27734,"type":"hit"}
[client] {"a":2,"dup":false,"ev":"game","ms":464737,"predicted":false,"t":7,"tick":27763,"type":"hit"}
[client] {"a":9,"dup":false,"ev":"game","ms":464737,"predicted":false,"t":2,"tick":27763,"type":"hit"}
[client] {"a":2,"dup":false,"ev":"game","ms":464737,"predicted":false,"t":-1,"tick":27763,"type":"ko"}
[client] {"counts":{"blocks_on_me":27,"conf_actions":277,"confirmed_hits":1312,"dup_confirmed":0,"hits_on_me":144,"pred_actions":299,"predicted_confirmed":105,"predicted_hits":280,"reconnects":0},"ev":"stats","hp":280.0,"in_bytes":6106821,"late":0,"local_entity":3,"match":{"countdown_until":300,"ctrl":-1,"final":true,"next":"","phase":3,"rot":1322,"scores":[35,15],"sd":false,"state":3,"tick":27478,"zone":"A"},"max_err":1.94,"mean_err":0.021,"ms":464963,"out_bytes":1361289,"pending":9,"pos":[0.08,-26.86],"reconciles":9239,"server_tick":27781,"snaps":9252,"teleports":11}
[client] {"a":8,"dup":false,"ev":"game","ms":464964,"predicted":false,"t":0,"tick":27777,"type":"hit"}
[client] {"a":8,"dup":false,"ev":"game","ms":465316,"predicted":false,"t":0,"tick":27798,"type":"hit"}
[client] {"a":6,"dup":false,"ev":"game","ms":466082,"predicted":false,"t":0,"tick":27844,"type":"hit"}
[client] {"a":7,"dup":false,"ev":"game","ms":466199,"predicted":false,"t":0,"tick":27851,"type":"hit"}
[client] {"a":0,"dup":false,"ev":"game","ms":466552,"predicted":false,"t":7,"tick":27872,"type":"hit"}
[client] {"a":7,"dup":false,"ev":"game","ms":466552,"predicted":false,"t":-1,"tick":27872,"type":"ko"}
[client] {"a":8,"dup":false,"ev":"game","ms":466669,"predicted":false,"t":0,"tick":27879,"type":"hit"}
[client] {"a":8,"dup":false,"ev":"game","ms":467082,"predicted":false,"t":0,"tick":27904,"type":"hit"}
[client] {"a":5,"dup":false,"ev":"game","ms":467351,"predicted":false,"t":-1,"tick":27920,"type":"respawn"}
[client] {"a":1,"dup":false,"ev":"game","ms":467420,"predicted":false,"t":-1,"tick":27924,"type":"respawn"}
[client] {"a":0,"dup":false,"ev":"game","ms":467434,"predicted":false,"t":8,"tick":27925,"type":"hit"}
[client] {"a":9,"dup":false,"ev":"game","ms":467565,"predicted":false,"t":0,"tick":27933,"type":"hit"}
[client] {"a":0,"dup":false,"ev":"game","ms":467565,"predicted":false,"t":-1,"tick":27933,"type":"ko"}
[client] {"a":9,"dup":false,"ev":"game","ms":467588,"predicted":false,"t":4,"tick":27934,"type":"hit"}
[client] {"a":4,"dup":false,"ev":"game","ms":469484,"predicted":false,"t":9,"tick":28048,"type":"hit"}
[client] {"counts":{"blocks_on_me":27,"conf_actions":277,"confirmed_hits":1323,"dup_confirmed":0,"hits_on_me":144,"pred_actions":299,"predicted_confirmed":105,"predicted_hits":280,"reconnects":0},"ev":"stats","hp":280.0,"in_bytes":6170672,"late":0,"local_entity":3,"match":{"countdown_until":300,"ctrl":-1,"final":true,"next":"","phase":3,"rot":1019,"scores":[35,15],"sd":false,"state":3,"tick":27781,"zone":"A"},"max_err":1.94,"mean_err":0.0207,"ms":469966,"out_bytes":1375989,"pending":6,"pos":[-24.88,-12.69],"reconciles":9339,"server_tick":28081,"snaps":9353,"teleports":11}
[client] {"a":8,"dup":false,"ev":"game","ms":470022,"predicted":false,"t":4,"tick":28080,"type":"hit"}
[client] {"a":8,"dup":false,"ev":"game","ms":470353,"predicted":false,"t":4,"tick":28100,"type":"hit"}
[client] {"a":8,"dup":false,"ev":"game","ms":470684,"predicted":false,"t":4,"tick":28120,"type":"hit"}
[client] {"a":4,"dup":false,"ev":"game","ms":471471,"predicted":false,"t":6,"tick":28167,"type":"hit"}
[client] {"a":8,"dup":false,"ev":"game","ms":472485,"predicted":false,"t":4,"tick":28228,"type":"hit"}
[client] {"a":8,"dup":false,"ev":"game","ms":472823,"predicted":false,"t":4,"tick":28248,"type":"hit"}
[client] {"a":3,"dup":true,"ev":"game","ms":473189,"predicted":false,"t":9,"tick":28275,"type":"hit"}
[client] {"a":4,"dup":false,"ev":"game","ms":473237,"predicted":false,"t":8,"tick":28273,"type":"hit"}
[client] {"a":4,"dup":false,"ev":"game","ms":473920,"predicted":false,"t":6,"tick":28314,"type":"hit"}
[client] {"a":9,"dup":false,"ev":"game","ms":474258,"predicted":false,"t":3,"tick":28334,"type":"hit"}
[client] {"a":6,"dup":false,"ev":"game","ms":474320,"predicted":false,"t":4,"tick":28338,"type":"hit"}
[client] {"a":3,"dup":true,"ev":"game","ms":474638,"predicted":false,"t":9,"tick":28362,"type":"hit"}
[client] {"a":2,"dup":false,"ev":"game","ms":474742,"predicted":false,"t":-1,"tick":28363,"type":"respawn"}
[client] {"counts":{"blocks_on_me":27,"conf_actions":281,"confirmed_hits":1335,"dup_confirmed":0,"hits_on_me":145,"pred_actions":303,"predicted_confirmed":107,"predicted_hits":286,"reconnects":0},"ev":"stats","hp":262.0,"in_bytes":6236432,"late":0,"local_entity":3,"match":{"countdown_until":300,"ctrl":-1,"final":true,"next":"","phase":3,"rot":719,"scores":[35,15],"sd":false,"state":3,"tick":28081,"zone":"A"},"max_err":1.94,"mean_err":0.0206,"ms":474970,"out_bytes":1390689,"pending":6,"pos":[-38.11,0.63],"reconciles":9439,"server_tick":28381,"snaps":9453,"teleports":11}
[client] {"a":4,"dup":false,"ev":"game","ms":474971,"predicted":false,"t":8,"tick":28377,"type":"hit"}
[client] {"a":6,"dup":false,"ev":"game","ms":475404,"predicted":false,"t":3,"tick":28403,"type":"hit"}
[client] {"a":9,"dup":false,"ev":"game","ms":475542,"predicted":false,"t":3,"tick":28411,"type":"hit"}
[client] {"a":6,"dup":false,"ev":"game","ms":475714,"predicted":false,"t":3,"tick":28422,"type":"hit"}
[client] {"a":4,"dup":false,"ev":"game","ms":475901,"predicted":false,"t":8,"tick":28432,"type":"hit"}
[client] {"a":9,"dup":false,"ev":"game","ms":475983,"predicted":false,"t":3,"tick":28437,"type":"hit"}
[client] {"a":6,"dup":false,"ev":"game","ms":476031,"predicted":false,"t":3,"tick":28440,"type":"hit"}
[client] {"a":4,"dup":false,"ev":"game","ms":476233,"predicted":false,"t":8,"tick":28452,"type":"hit"}
[client] {"a":9,"dup":false,"ev":"game","ms":476301,"predicted":false,"t":3,"tick":28456,"type":"hit"}
[client] {"a":7,"dup":false,"ev":"game","ms":476564,"predicted":false,"t":-1,"tick":28472,"type":"respawn"}
[client] {"a":8,"dup":false,"ev":"game","ms":476632,"predicted":false,"t":4,"tick":28476,"type":"hit"}
[client] {"a":9,"dup":false,"ev":"game","ms":476902,"predicted":false,"t":3,"tick":28492,"type":"hit"}
[client] {"a":8,"dup":false,"ev":"game","ms":477115,"predicted":false,"t":4,"tick":28505,"type":"hit"}
[client] {"a":6,"dup":false,"ev":"game","ms":477220,"predicted":false,"t":3,"tick":28511,"type":"hit"}
[client] {"a":4,"dup":false,"ev":"game","ms":477502,"predicted":false,"t":8,"tick":28529,"type":"hit"}
[client] {"a":6,"dup":false,"ev":"game","ms":477502,"predicted":false,"t":3,"tick":28529,"type":"hit"}
[client] {"a":0,"dup":false,"ev":"game","ms":477571,"predicted":false,"t":-1,"tick":28533,"type":"respawn"}
[client] {"a":9,"dup":false,"ev":"game","ms":477667,"predicted":false,"t":3,"tick":28539,"type":"hit"}
[client] {"a":4,"dup":false,"ev":"game","ms":477867,"predicted":false,"t":8,"tick":28551,"type":"hit"}
[client] {"a":9,"dup":false,"ev":"game","ms":477985,"predicted":false,"t":3,"tick":28558,"type":"hit"}
[client] {"a":6,"dup":false,"ev":"game","ms":478102,"predicted":false,"t":3,"tick":28565,"type":"hit"}
[client] {"a":4,"dup":false,"ev":"game","ms":478223,"predicted":false,"t":8,"tick":28572,"type":"hit"}
[client] {"a":8,"dup":false,"ev":"game","ms":478223,"predicted":false,"t":-1,"tick":28572,"type":"ko"}
[client] {"a":9,"dup":false,"ev":"game","ms":478385,"predicted":false,"t":3,"tick":28582,"type":"hit"}
[client] {"a":1,"dup":false,"ev":"game","ms":478419,"predicted":false,"t":6,"tick":28584,"type":"hit"}
[client] {"a":1,"dup":false,"ev":"game","ms":478751,"predicted":false,"t":6,"tick":28604,"type":"hit"}
[client] {"a":3,"dup":true,"ev":"game","ms":478903,"predicted":false,"t":9,"tick":28617,"type":"hit"}
[client] {"a":9,"dup":false,"ev":"game","ms":478916,"predicted":false,"t":1,"tick":28614,"type":"hit"}
[client] {"a":4,"dup":false,"ev":"game","ms":479186,"predicted":false,"t":5,"tick":28630,"type":"hit"}
[client] {"a":9,"dup":false,"ev":"game","ms":479316,"predicted":false,"t":3,"tick":28638,"type":"block"}
[client] {"a":4,"dup":false,"ev":"game","ms":479538,"predicted":false,"t":5,"tick":28651,"type":"hit"}
[client] {"a":6,"dup":false,"ev":"game","ms":479703,"predicted":false,"t":3,"tick":28661,"type":"block"}
[client] {"a":4,"dup":false,"ev":"game","ms":479771,"predicted":false,"t":5,"tick":28665,"type":"hit"}
[client] {"a":9,"dup":false,"ev":"game","ms":479917,"predicted":false,"t":3,"tick":28674,"type":"block"}
[client] {"counts":{"blocks_on_me":30,"conf_actions":289,"confirmed_hits":1363,"dup_confirmed":0,"hits_on_me":158,"pred_actions":314,"predicted_confirmed":108,"predicted_hits":295,"reconnects":0},"ev":"stats","hp":26.0,"in_bytes":6310689,"late":0,"local_entity":3,"match":{"countdown_until":300,"ctrl":-1,"final":true,"next":"","phase":3,"rot":419,"scores":[35,15],"sd":false,"state":3,"tick":28381,"zone":"A"},"max_err":1.94,"mean_err":0.0211,"ms":479971,"out_bytes":1405389,"pending":6,"pos":[-36.18,-1.46],"reconciles":9539,"server_tick":28681,"snaps":9553,"teleports":11}
[client] {"a":6,"dup":false,"ev":"game","ms":480268,"predicted":false,"t":3,"tick":28695,"type":"block"}
[client] {"a":1,"dup":false,"ev":"game","ms":480351,"predicted":false,"t":5,"tick":28700,"type":"hit"}
[client] {"a":3,"dup":false,"ev":"game","ms":481069,"predicted":false,"t":-1,"tick":28748,"type":"ko"}
[client] {"a":6,"dup":false,"ev":"game","ms":481151,"predicted":false,"t":3,"tick":28748,"type":"hit"}
[client] {"a":5,"dup":false,"ev":"game","ms":481282,"predicted":false,"t":1,"tick":28756,"type":"hit"}
[client] {"a":1,"dup":false,"ev":"game","ms":482435,"predicted":false,"t":9,"tick":28825,"type":"hit"}
[client] {"a":6,"dup":false,"ev":"game","ms":482739,"predicted":false,"t":1,"tick":28843,"type":"hit"}
[client] {"a":4,"dup":false,"ev":"game","ms":483056,"predicted":false,"t":9,"tick":28862,"type":"hit"}
[client] {"a":6,"dup":false,"ev":"game","ms":483173,"predicted":false,"t":1,"tick":28869,"type":"hit"}
[client] {"a":6,"dup":false,"ev":"game","ms":483484,"predicted":false,"t":1,"tick":28888,"type":"hit"}
[client] {"a":4,"dup":false,"ev":"game","ms":483684,"predicted":false,"t":9,"tick":28900,"type":"hit"}
[client] {"a":1,"dup":false,"ev":"game","ms":484553,"predicted":false,"t":9,"tick":28952,"type":"hit"}
[client] {"a":5,"dup":false,"ev":"game","ms":484719,"predicted":false,"t":4,"tick":28962,"type":"hit"}
[client] {"counts":{"blocks_on_me":31,"conf_actions":289,"confirmed_hits":1374,"dup_confirmed":0,"hits_on_me":159,"pred_actions":315,"predicted_confirmed":108,"predicted_hits":295,"reconnects":0},"ev":"stats","hp":0.0,"in_bytes":6376349,"late":0,"local_entity":3,"match":{"countdown_until":300,"ctrl":-1,"final":true,"next":"","phase":3,"rot":119,"scores":[35,15],"sd":false,"state":3,"tick":28681,"zone":"A"},"max_err":1.94,"mean_err":0.0209,"ms":484973,"out_bytes":1420089,"pending":6,"pos":[-36.25,-1.23],"reconciles":9639,"server_tick":28981,"snaps":9653,"teleports":11}
[client] {"a":9,"dup":false,"ev":"game","ms":485071,"predicted":false,"t":1,"tick":28983,"type":"hit"}
[client] {"a":4,"dup":false,"ev":"game","ms":485140,"predicted":false,"t":5,"tick":28987,"type":"hit"}
[client] {"a":1,"dup":false,"ev":"game","ms":485622,"predicted":false,"t":9,"tick":29016,"type":"block"}
[client] {"a":9,"dup":false,"ev":"game","ms":485871,"predicted":false,"t":1,"tick":29031,"type":"hit"}
[client] {"a":4,"dup":false,"ev":"game","ms":485968,"predicted":false,"t":5,"tick":29037,"type":"hit"}
[client] {"a":9,"dup":false,"ev":"game","ms":486181,"predicted":false,"t":1,"tick":29050,"type":"hit"}
[client] {"a":6,"dup":false,"ev":"game","ms":486451,"predicted":false,"t":4,"tick":29065,"type":"hit"}
[client] {"a":1,"dup":false,"ev":"game","ms":486548,"predicted":false,"t":9,"tick":29071,"type":"hit"}
[client] {"a":9,"dup":false,"ev":"game","ms":486548,"predicted":false,"t":-1,"tick":29071,"type":"ko"}
[client] {"a":6,"dup":false,"ev":"game","ms":486768,"predicted":false,"t":4,"tick":29084,"type":"hit"}
[client] {"a":4,"dup":false,"ev":"game","ms":486768,"predicted":false,"t":-1,"tick":29084,"type":"ko"}
[client] {"a":2,"dup":false,"ev":"game","ms":486865,"predicted":false,"t":6,"tick":29090,"type":"hit"}
[client] {"duration_s":480.0,"ev":"results","ms":487052,"reason":"time","score":[35,15],"winner":0}
[client] {"counts":{"blocks_on_me":31,"conf_actions":289,"confirmed_hits":1383,"dup_confirmed":0,"hits_on_me":159,"pred_actions":315,"predicted_confirmed":108,"predicted_hits":295,"reconnects":0},"ev":"stats","hp":0.0,"in_bytes":6407975,"late":0,"local_entity":3,"match":{"countdown_until":300,"ctrl":-1,"final":true,"next":"","phase":3,"rot":2,"scores":[35,15],"sd":false,"state":3,"tick":28798,"zone":"A"},"max_err":1.94,"mean_err":0.0208,"ms":487052,"out_bytes":1426263,"pending":15,"pos":[-36.25,-1.23],"reconciles":9678,"server_tick":29107,"snaps":9692,"teleports":11}
[client] {"a":-1,"dup":false,"ev":"game","ms":487065,"predicted":false,"t":-1,"tick":29099,"type":"match_end"}
ERROR: Attempt to disconnect a nonexistent connection from 'Net:<Node#47596963389>'. Signal: 'tree_exited', callable: ''.
   at: _disconnect (core/object/object.cpp:1644)
