Godot Engine v4.7.2.stable.official.ed1daf0bf - https://godotengine.org

[   0% ] [90m[1mfirst_scan_filesystem[22m | Started Project initialization (5 steps)[39m[0m
[   0% ] [90m[1mfirst_scan_filesystem[22m | Scanning file structure...[39m[0m
[  16% ] [90m[1mfirst_scan_filesystem[22m | Loading global class names...[39m[0m
[  33% ] [90m[1mfirst_scan_filesystem[22m | Verifying GDExtensions...[39m[0m
[  50% ] [90m[1mfirst_scan_filesystem[22m | Creating autoload scripts...[39m[0m
[  66% ] [90m[1mfirst_scan_filesystem[22m | Initializing plugins...[39m[0m
[  83% ] [90m[1mfirst_scan_filesystem[22m | Starting file scan...[39m[0m
[92m[ DONE ][39m [1mfirst_scan_filesystem[22m
[0m
[   0% ] [90m[1msavepack[22m | Started Packing (102 steps)[39m[0m
[   1% ] [90m[1msavepack[22m | Storing File: res://.godot/imported/banner_albedo.png-44ff9dfb4d3af57a9507c03079cdb0b5.ctex[39m[0m
[   1% ] [90m[1msavepack[22m | Storing File: res://assets/arena/textures/banner_albedo.png.import[39m[0m
[   1% ] [90m[1msavepack[22m | Storing File: res://.godot/imported/banner_normal.png-9f534d4a681e858d5148c807537688dc.ctex[39m[0m
[   1% ] [90m[1msavepack[22m | Storing File: res://assets/arena/textures/banner_normal.png.import[39m[0m
[   1% ] [90m[1msavepack[22m | Storing File: res://.godot/imported/bark_albedo.png-c42d22eaf4a666e191f999775486d0ec.ctex[39m[0m
[   1% ] [90m[1msavepack[22m | Storing File: res://assets/arena/textures/bark_albedo.png.import[39m[0m
[   1% ] [90m[1msavepack[22m | Storing File: res://.godot/imported/bark_normal.png-49ced87a5ca0508c40e9f041a7157437.ctex[39m[0m
[   1% ] [90m[1msavepack[22m | Storing File: res://assets/arena/textures/bark_normal.png.import[39m[0m
[   1% ] [90m[1msavepack[22m | Storing File: res://.godot/imported/bark_orm.png-2b52cdac63b0a084e034fa1f4ffbe80e.ctex[39m[0m
[   1% ] [90m[1msavepack[22m | Storing File: res://assets/arena/textures/bark_orm.png.import[39m[0m
[   2% ] [90m[1msavepack[22m | Storing File: res://.godot/imported/brick_brown_albedo.png-559f0fb4e9173f3af0b73baa55b67102.ctex[39m[0m
[   2% ] [90m[1msavepack[22m | Storing File: res://assets/arena/textures/brick_brown_albedo.png.import[39m[0m
[   2% ] [90m[1msavepack[22m | Storing File: res://.godot/imported/brick_normal.png-1d34805fce86106658dd80df693321c7.ctex[39m[0m
[   2% ] [90m[1msavepack[22m | Storing File: res://assets/arena/textures/brick_normal.png.import[39m[0m
[   2% ] [90m[1msavepack[22m | Storing File: res://.godot/imported/brick_orm.png-fef58458987c88a28c01fe0bf29f7549.ctex[39m[0m
[   2% ] [90m[1msavepack[22m | Storing File: res://assets/arena/textures/brick_orm.png.import[39m[0m
[   2% ] [90m[1msavepack[22m | Storing File: res://.godot/imported/brick_red_albedo.png-adab88d1a84cb75c32da92306243f4b4.ctex[39m[0m
[   2% ] [90m[1msavepack[22m | Storing File: res://assets/arena/textures/brick_red_albedo.png.import[39m[0m
[   2% ] [90m[1msavepack[22m | Storing File: res://.godot/imported/bronze_albedo.png-aaf924792a5512720e37d66f1d48ec67.ctex[39m[0m
[   2% ] [90m[1msavepack[22m | Storing File: res://assets/arena/textures/bronze_albedo.png.import[39m[0m
[   3% ] [90m[1msavepack[22m | Storing File: res://.godot/imported/bronze_normal.png-1990a2d8b81eb7c73d11336bc96eb7c7.ctex[39m[0m
[   3% ] [90m[1msavepack[22m | Storing File: res://assets/arena/textures/bronze_normal.png.import[39m[0m
[   3% ] [90m[1msavepack[22m | Storing File: res://.godot/imported/bronze_orm.png-ac35449761a85bd1662aaab859f64d6b.ctex[39m[0m
[   3% ] [90m[1msavepack[22m | Storing File: res://assets/arena/textures/bronze_orm.png.import[39m[0m
[   3% ] [90m[1msavepack[22m | Storing File: res://.godot/imported/canvas_cream_albedo.png-9e38b927414d4bb0c168d369ee45d7e7.ctex[39m[0m
[   3% ] [90m[1msavepack[22m | Storing File: res://assets/arena/textures/canvas_cream_albedo.png.import[39m[0m
[   3% ] [90m[1msavepack[22m | Storing File: res://.godot/imported/canvas_green_albedo.png-a9d37734ffa970c0b5d5be33b1e59612.ctex[39m[0m
[   3% ] [90m[1msavepack[22m | Storing File: res://assets/arena/textures/canvas_green_albedo.png.import[39m[0m
[   4% ] [90m[1msavepack[22m | Storing File: res://.godot/imported/canvas_normal.png-d1e27f0397dca68104eb9e9054938ca4.ctex[39m[0m
[   4% ] [90m[1msavepack[22m | Storing File: res://assets/arena/textures/canvas_normal.png.import[39m[0m
[   4% ] [90m[1msavepack[22m | Storing File: res://.godot/imported/canvas_orm.png-9d5630584d932fb4f7296dfed7a2aeb6.ctex[39m[0m
[   4% ] [90m[1msavepack[22m | Storing File: res://assets/arena/textures/canvas_orm.png.import[39m[0m
[   4% ] [90m[1msavepack[22m | Storing File: res://.godot/imported/canvas_red_albedo.png-587c0f9f76a4351008acb8de725fada9.ctex[39m[0m
[   4% ] [90m[1msavepack[22m | Storing File: res://assets/arena/textures/canvas_red_albedo.png.import[39m[0m
[   4% ] [90m[1msavepack[22m | Storing File: res://.godot/imported/concrete_albedo.png-4788e0ae0fd8af3db19995b576db82ae.ctex[39m[0m
[   4% ] [90m[1msavepack[22m | Storing File: res://assets/arena/textures/concrete_albedo.png.import[39m[0m
[   4% ] [90m[1msavepack[22m | Storing File: res://.godot/imported/concrete_normal.png-42d4c3b1e9b4be5f93e7dd439e4f8714.ctex[39m[0m
[   4% ] [90m[1msavepack[22m | Storing File: res://assets/arena/textures/concrete_normal.png.import[39m[0m
[   5% ] [90m[1msavepack[22m | Storing File: res://.godot/imported/concrete_orm.png-6230350f4cf102fd4eda9d3c74866057.ctex[39m[0m
[   5% ] [90m[1msavepack[22m | Storing File: res://assets/arena/textures/concrete_orm.png.import[39m[0m
[   5% ] [90m[1msavepack[22m | Storing File: res://.godot/imported/container_blue_albedo.png-f00d90a0f13d6d5713a2dabd46bf8e3f.ctex[39m[0m
[   5% ] [90m[1msavepack[22m | Storing File: res://assets/arena/textures/container_blue_albedo.png.import[39m[0m
[   5% ] [90m[1msavepack[22m | Storing File: res://.godot/imported/container_green_albedo.png-229a47158bd80560dfffafcefb07d824.ctex[39m[0m
[   5% ] [90m[1msavepack[22m | Storing File: res://assets/arena/textures/container_green_albedo.png.import[39m[0m
[   5% ] [90m[1msavepack[22m | Storing File: res://.godot/imported/container_normal.png-a6f948f92e966057055454acec1ecdeb.ctex[39m[0m
[   5% ] [90m[1msavepack[22m | Storing File: res://assets/arena/textures/container_normal.png.import[39m[0m
[   5% ] [90m[1msavepack[22m | Storing File: res://.godot/imported/container_orm.png-6ce9cf1b67b469d302362ade17cb19b8.ctex[39m[0m
[   5% ] [90m[1msavepack[22m | Storing File: res://assets/arena/textures/container_orm.png.import[39m[0m
[   6% ] [90m[1msavepack[22m | Storing File: res://.godot/imported/container_red_albedo.png-058a71c2fa45c67c58a70821e984823f.ctex[39m[0m
[   6% ] [90m[1msavepack[22m | Storing File: res://assets/arena/textures/container_red_albedo.png.import[39m[0m
[   6% ] [90m[1msavepack[22m | Storing File: res://.godot/imported/detail_albedo.png-b2ec55ea9fc89fd3ac7060c48785769a.ctex[39m[0m
[   6% ] [90m[1msavepack[22m | Storing File: res://assets/arena/textures/detail_albedo.png.import[39m[0m
[   6% ] [90m[1msavepack[22m | Storing File: res://.godot/imported/detail_normal.png-774bbc6576a2efd4cc0a5b75b967221d.ctex[39m[0m
[   6% ] [90m[1msavepack[22m | Storing File: res://assets/arena/textures/detail_normal.png.import[39m[0m
[   6% ] [90m[1msavepack[22m | Storing File: res://.godot/imported/detail_orm.png-7fd928c64ca488ffd9692e3a9bec2e6a.ctex[39m[0m
[   6% ] [90m[1msavepack[22m | Storing File: res://assets/arena/textures/detail_orm.png.import[39m[0m
[   7% ] [90m[1msavepack[22m | Storing File: res://.godot/imported/foliage_albedo.png-e29e28c01a9fb448bc67691f705a3e45.ctex[39m[0m
[   7% ] [90m[1msavepack[22m | Storing File: res://assets/arena/textures/foliage_albedo.png.import[39m[0m
[   7% ] [90m[1msavepack[22m | Storing File: res://.godot/imported/foliage_normal.png-5ffd5315b9742ca7f1ccf801af8df7ae.ctex[39m[0m
[   7% ] [90m[1msavepack[22m | Storing File: res://assets/arena/textures/foliage_normal.png.import[39m[0m
[   7% ] [90m[1msavepack[22m | Storing File: res://.godot/imported/hazard_albedo.png-322b80c63fd73745c3d7a54e15ded39c.ctex[39m[0m
[   7% ] [90m[1msavepack[22m | Storing File: res://assets/arena/textures/hazard_albedo.png.import[39m[0m
[   7% ] [90m[1msavepack[22m | Storing File: res://.godot/imported/hazard_normal.png-1c019f055d0a6c5c26e8bad6bea5fc25.ctex[39m[0m
[   7% ] [90m[1msavepack[22m | Storing File: res://assets/arena/textures/hazard_normal.png.import[39m[0m
[   7% ] [90m[1msavepack[22m | Storing File: res://.godot/imported/hazard_orm.png-2a1cb89c5d415996cd5453b4fd605a17.ctex[39m[0m
[   7% ] [90m[1msavepack[22m | Storing File: res://assets/arena/textures/hazard_orm.png.import[39m[0m
[   8% ] [90m[1msavepack[22m | Storing File: res://.godot/imported/ironwork_albedo.png-c007d116ac00aca9d7e4b790ea1b4769.ctex[39m[0m
[   8% ] [90m[1msavepack[22m | Storing File: res://assets/arena/textures/ironwork_albedo.png.import[39m[0m
[   8% ] [90m[1msavepack[22m | Storing File: res://.godot/imported/iron_albedo.png-9110d8eaecbe27dfaf312d9e8ba2e6f3.ctex[39m[0m
[   8% ] [90m[1msavepack[22m | Storing File: res://assets/arena/textures/iron_albedo.png.import[39m[0m
[   8% ] [90m[1msavepack[22m | Storing File: res://.godot/imported/iron_normal.png-9f5e2f5b25b09b2bdca8d0e370ee8f08.ctex[39m[0m
[   8% ] [90m[1msavepack[22m | Storing File: res://assets/arena/textures/iron_normal.png.import[39m[0m
[   8% ] [90m[1msavepack[22m | Storing File: res://.godot/imported/iron_orm.png-5ed5c2c5c9f27e8db316dd5d375cec7c.ctex[39m[0m
[   8% ] [90m[1msavepack[22m | Storing File: res://assets/arena/textures/iron_orm.png.import[39m[0m
[   9% ] [90m[1msavepack[22m | Storing File: res://.godot/imported/metal_deck_albedo.png-9423be9d37b33d2578a09aafc4f82dfc.ctex[39m[0m
[   9% ] [90m[1msavepack[22m | Storing File: res://assets/arena/textures/metal_deck_albedo.png.import[39m[0m
[   9% ] [90m[1msavepack[22m | Storing File: res://.godot/imported/metal_deck_normal.png-a5bd3a6ac53a14be6804e33d757f90de.ctex[39m[0m
[   9% ] [90m[1msavepack[22m | Storing File: res://assets/arena/textures/metal_deck_normal.png.import[39m[0m
[   9% ] [90m[1msavepack[22m | Storing File: res://.godot/imported/metal_deck_orm.png-1cf06e18dacda092ecf491613bc3dc96.ctex[39m[0m
[   9% ] [90m[1msavepack[22m | Storing File: res://assets/arena/textures/metal_deck_orm.png.import[39m[0m
[   9% ] [90m[1msavepack[22m | Storing File: res://.godot/imported/paint_yellow_albedo.png-8a9906588886476270249cc236e332a0.ctex[39m[0m
[   9% ] [90m[1msavepack[22m | Storing File: res://assets/arena/textures/paint_yellow_albedo.png.import[39m[0m
[   9% ] [90m[1msavepack[22m | Storing File: res://.godot/imported/paint_yellow_normal.png-ed505f84f144aca97ac50bfa91845923.ctex[39m[0m
[   9% ] [90m[1msavepack[22m | Storing File: res://assets/arena/textures/paint_yellow_normal.png.import[39m[0m
[  10% ] [90m[1msavepack[22m | Storing File: res://.godot/imported/paint_yellow_orm.png-c8d363abd212b12763f1c02adc0c22b9.ctex[39m[0m
[  10% ] [90m[1msavepack[22m | Storing File: res://assets/arena/textures/paint_yellow_orm.png.import[39m[0m
[  10% ] [90m[1msavepack[22m | Storing File: res://.godot/imported/paving_cobble_albedo.png-006e8620dbadf1d3c3f317c6efd89985.ctex[39m[0m
[  10% ] [90m[1msavepack[22m | Storing File: res://assets/arena/textures/paving_cobble_albedo.png.import[39m[0m
[  10% ] [90m[1msavepack[22m | Storing File: res://.godot/imported/paving_cobble_normal.png-b7c521db5365988395e51efe034241b8.ctex[39m[0m
[  10% ] [90m[1msavepack[22m | Storing File: res://assets/arena/textures/paving_cobble_normal.png.import[39m[0m
[  10% ] [90m[1msavepack[22m | Storing File: res://.godot/imported/paving_cobble_orm.png-922d9a3b8ce1206dfaddc19025398ce7.ctex[39m[0m
[  10% ] [90m[1msavepack[22m | Storing File: res://assets/arena/textures/paving_cobble_orm.png.import[39m[0m
[  10% ] [90m[1msavepack[22m | Storing File: res://.godot/imported/paving_concrete_albedo.png-a84f680f622caa970282bf887c0b6c89.ctex[39m[0m
[  10% ] [90m[1msavepack[22m | Storing File: res://assets/arena/textures/paving_concrete_albedo.png.import[39m[0m
[  11% ] [90m[1msavepack[22m | Storing File: res://.godot/imported/paving_concrete_normal.png-8bac40b554704fdffeda21d3b0abd59d.ctex[39m[0m
[  11% ] [90m[1msavepack[22m | Storing File: res://assets/arena/textures/paving_concrete_normal.png.import[39m[0m
[  11% ] [90m[1msavepack[22m | Storing File: res://.godot/imported/paving_concrete_orm.png-48bfd0f29da46fd872d1d8449c284080.ctex[39m[0m
[  11% ] [90m[1msavepack[22m | Storing File: res://assets/arena/textures/paving_concrete_orm.png.import[39m[0m
[  11% ] [90m[1msavepack[22m | Storing File: res://.godot/imported/paving_flag_albedo.png-97eeac08d4420801c64d27fbc74eb98e.ctex[39m[0m
[  11% ] [90m[1msavepack[22m | Storing File: res://assets/arena/textures/paving_flag_albedo.png.import[39m[0m
[  11% ] [90m[1msavepack[22m | Storing File: res://.godot/imported/paving_flag_normal.png-97026f40656539556ec9ec556deb0685.ctex[39m[0m
[  11% ] [90m[1msavepack[22m | Storing File: res://assets/arena/textures/paving_flag_normal.png.import[39m[0m
[  12% ] [90m[1msavepack[22m | Storing File: res://.godot/imported/paving_flag_orm.png-731c445a3c64dd00246664bcc6d23e8f.ctex[39m[0m
[  12% ] [90m[1msavepack[22m | Storing File: res://assets/arena/textures/paving_flag_orm.png.import[39m[0m
[  12% ] [90m[1msavepack[22m | Storing File: res://.godot/imported/plaster_cream_albedo.png-fde585ac75afa0b1085302a4f30d973b.ctex[39m[0m
[  12% ] [90m[1msavepack[22m | Storing File: res://assets/arena/textures/plaster_cream_albedo.png.import[39m[0m
[  12% ] [90m[1msavepack[22m | Storing File: res://.godot/imported/plaster_normal.png-312b091d1dbaea0b3671bf7e6ab1fa5e.ctex[39m[0m
[  12% ] [90m[1msavepack[22m | Storing File: res://assets/arena/textures/plaster_normal.png.import[39m[0m
[  12% ] [90m[1msavepack[22m | Storing File: res://.godot/imported/plaster_ochre_albedo.png-18063e19c0c263ee7013418e4fe65b05.ctex[39m[0m
[  12% ] [90m[1msavepack[22m | Storing File: res://assets/arena/textures/plaster_ochre_albedo.png.import[39m[0m
[  12% ] [90m[1msavepack[22m | Storing File: res://.godot/imported/plaster_orm.png-2a85dc747cd532557bf618785ac15136.ctex[39m[0m
[  12% ] [90m[1msavepack[22m | Storing File: res://assets/arena/textures/plaster_orm.png.import[39m[0m
[  13% ] [90m[1msavepack[22m | Storing File: res://.godot/imported/plaster_rose_albedo.png-a9da49b07a5626bb8c5c76f915d16b50.ctex[39m[0m
[  13% ] [90m[1msavepack[22m | Storing File: res://assets/arena/textures/plaster_rose_albedo.png.import[39m[0m
[  13% ] [90m[1msavepack[22m | Storing File: res://.godot/imported/plaster_white_albedo.png-d4331b8512afae5256f903f917dd777e.ctex[39m[0m
[  13% ] [90m[1msavepack[22m | Storing File: res://assets/arena/textures/plaster_white_albedo.png.import[39m[0m
[  13% ] [90m[1msavepack[22m | Storing File: res://.godot/imported/puddle_albedo.png-b3a92574c2dc21643dcb7b7cb34667bd.ctex[39m[0m
[  13% ] [90m[1msavepack[22m | Storing File: res://assets/arena/textures/puddle_albedo.png.import[39m[0m
[  13% ] [90m[1msavepack[22m | Storing File: res://.godot/imported/puddle_normal.png-82182bf55fb02dff29dc61f3542bbafe.ctex[39m[0m
[  13% ] [90m[1msavepack[22m | Storing File: res://assets/arena/textures/puddle_normal.png.import[39m[0m
[  14% ] [90m[1msavepack[22m | Storing File: res://.godot/imported/puddle_orm.png-5266f5f4122a238959439c2cd1fc3eb7.ctex[39m[0m
[  14% ] [90m[1msavepack[22m | Storing File: res://assets/arena/textures/puddle_orm.png.import[39m[0m
[  14% ] [90m[1msavepack[22m | Storing File: res://.godot/imported/roof_metal_albedo.png-1b264d9205fe25a8d9a657161e3a267e.ctex[39m[0m
[  14% ] [90m[1msavepack[22m | Storing File: res://assets/arena/textures/roof_metal_albedo.png.import[39m[0m
[  14% ] [90m[1msavepack[22m | Storing File: res://.godot/imported/roof_metal_normal.png-fdb1f49c0957de436716f0cbfd6e6cfb.ctex[39m[0m
[  14% ] [90m[1msavepack[22m | Storing File: res://assets/arena/textures/roof_metal_normal.png.import[39m[0m
[  14% ] [90m[1msavepack[22m | Storing File: res://.godot/imported/roof_metal_orm.png-50ebd91bef02a33a5d80d84164d039b8.ctex[39m[0m
[  14% ] [90m[1msavepack[22m | Storing File: res://assets/arena/textures/roof_metal_orm.png.import[39m[0m
[  14% ] [90m[1msavepack[22m | Storing File: res://.godot/imported/roof_terracotta_albedo.png-efd27aaf728c2166261f2527b1a54ace.ctex[39m[0m
[  14% ] [90m[1msavepack[22m | Storing File: res://assets/arena/textures/roof_terracotta_albedo.png.import[39m[0m
[  15% ] [90m[1msavepack[22m | Storing File: res://.godot/imported/roof_terracotta_normal.png-83cb740782abb00909ab965de36cc1f9.ctex[39m[0m
[  15% ] [90m[1msavepack[22m | Storing File: res://assets/arena/textures/roof_terracotta_normal.png.import[39m[0m
[  15% ] [90m[1msavepack[22m | Storing File: res://.godot/imported/roof_terracotta_orm.png-76b94139f1ec0708e77d15d6af1cb752.ctex[39m[0m
[  15% ] [90m[1msavepack[22m | Storing File: res://assets/arena/textures/roof_terracotta_orm.png.import[39m[0m
[  15% ] [90m[1msavepack[22m | Storing File: res://.godot/imported/skyline_albedo.png-aba02300318d8bf52ad08fb8c0c40abc.ctex[39m[0m
[  15% ] [90m[1msavepack[22m | Storing File: res://assets/arena/textures/skyline_albedo.png.import[39m[0m
[  15% ] [90m[1msavepack[22m | Storing File: res://.godot/imported/skyline_orm.png-1e8f60bccb1879ee45e797b4b60cfea8.ctex[39m[0m
[  15% ] [90m[1msavepack[22m | Storing File: res://assets/arena/textures/skyline_orm.png.import[39m[0m
[  15% ] [90m[1msavepack[22m | Storing File: res://.godot/imported/soil_albedo.png-2249f49f6e55cbf59a1dfa5fadd6a250.ctex[39m[0m
[  15% ] [90m[1msavepack[22m | Storing File: res://assets/arena/textures/soil_albedo.png.import[39m[0m
[  16% ] [90m[1msavepack[22m | Storing File: res://.godot/imported/soil_normal.png-ee14fe957f6a45c49530592062e44e28.ctex[39m[0m
[  16% ] [90m[1msavepack[22m | Storing File: res://assets/arena/textures/soil_normal.png.import[39m[0m
[  16% ] [90m[1msavepack[22m | Storing File: res://.godot/imported/soil_orm.png-eef790dd80a195fa22aeb1387227f10c.ctex[39m[0m
[  16% ] [90m[1msavepack[22m | Storing File: res://assets/arena/textures/soil_orm.png.import[39m[0m
[  16% ] [90m[1msavepack[22m | Storing File: res://.godot/imported/stone_ashlar_albedo.png-50192a18fcadefab9947bac00462b96d.ctex[39m[0m
[  16% ] [90m[1msavepack[22m | Storing File: res://assets/arena/textures/stone_ashlar_albedo.png.import[39m[0m
[  16% ] [90m[1msavepack[22m | Storing File: res://.godot/imported/stone_ashlar_normal.png-602c3ddac29126482ea8e9a082e3ed90.ctex[39m[0m
[  16% ] [90m[1msavepack[22m | Storing File: res://assets/arena/textures/stone_ashlar_normal.png.import[39m[0m
[  17% ] [90m[1msavepack[22m | Storing File: res://.godot/imported/stone_ashlar_orm.png-135ef68bd1ac1be20d4cd6331cb832e1.ctex[39m[0m
[  17% ] [90m[1msavepack[22m | Storing File: res://assets/arena/textures/stone_ashlar_orm.png.import[39m[0m
[  17% ] [90m[1msavepack[22m | Storing File: res://.godot/imported/stone_canal_albedo.png-36e99f8aa99b82c3e07c7654ada5914e.ctex[39m[0m
[  17% ] [90m[1msavepack[22m | Storing File: res://assets/arena/textures/stone_canal_albedo.png.import[39m[0m
[  17% ] [90m[1msavepack[22m | Storing File: res://.godot/imported/stone_canal_normal.png-a2f98a4c297dccd799849fb697cecc81.ctex[39m[0m
[  17% ] [90m[1msavepack[22m | Storing File: res://assets/arena/textures/stone_canal_normal.png.import[39m[0m
[  17% ] [90m[1msavepack[22m | Storing File: res://.godot/imported/stone_canal_orm.png-1dfcc29aaca4502cde76f506fd5842cd.ctex[39m[0m
[  17% ] [90m[1msavepack[22m | Storing File: res://assets/arena/textures/stone_canal_orm.png.import[39m[0m
[  17% ] [90m[1msavepack[22m | Storing File: res://.godot/imported/stone_trim_albedo.png-0703e55766e8294d4a7c5f3eaa64f86b.ctex[39m[0m
[  17% ] [90m[1msavepack[22m | Storing File: res://assets/arena/textures/stone_trim_albedo.png.import[39m[0m
[  18% ] [90m[1msavepack[22m | Storing File: res://.godot/imported/stone_trim_normal.png-6be449bd03751f8be1c17d6d3d3ee306.ctex[39m[0m
[  18% ] [90m[1msavepack[22m | Storing File: res://assets/arena/textures/stone_trim_normal.png.import[39m[0m
[  18% ] [90m[1msavepack[22m | Storing File: res://.godot/imported/stone_trim_orm.png-96957a11fb6ffd11ee5097b50824f178.ctex[39m[0m
[  18% ] [90m[1msavepack[22m | Storing File: res://assets/arena/textures/stone_trim_orm.png.import[39m[0m
[  18% ] [90m[1msavepack[22m | Storing File: res://.godot/imported/water_albedo.png-da108b672ea61f214b6f4e6eec3e1ea6.ctex[39m[0m
[  18% ] [90m[1msavepack[22m | Storing File: res://assets/arena/textures/water_albedo.png.import[39m[0m
[  18% ] [90m[1msavepack[22m | Storing File: res://.godot/imported/water_normal.png-a3548c03b2b0c5f0b1acce08a03f33f9.ctex[39m[0m
[  18% ] [90m[1msavepack[22m | Storing File: res://assets/arena/textures/water_normal.png.import[39m[0m
[  19% ] [90m[1msavepack[22m | Storing File: res://.godot/imported/water_orm.png-40f694c2912dd855521056dc18d81a7f.ctex[39m[0m
[  19% ] [90m[1msavepack[22m | Storing File: res://assets/arena/textures/water_orm.png.import[39m[0m
[  19% ] [90m[1msavepack[22m | Storing File: res://.godot/imported/wood_planks_albedo.png-6fd83779c7e3000b381650f04a807846.ctex[39m[0m
[  19% ] [90m[1msavepack[22m | Storing File: res://assets/arena/textures/wood_planks_albedo.png.import[39m[0m
[  19% ] [90m[1msavepack[22m | Storing File: res://.godot/imported/wood_planks_normal.png-90222bfe5564959b5d56b64ff11882ed.ctex[39m[0m
[  19% ] [90m[1msavepack[22m | Storing File: res://assets/arena/textures/wood_planks_normal.png.import[39m[0m
[  19% ] [90m[1msavepack[22m | Storing File: res://.godot/imported/wood_planks_orm.png-d1eb56c86362b0582a164e9cb6b543ef.ctex[39m[0m
[  19% ] [90m[1msavepack[22m | Storing File: res://assets/arena/textures/wood_planks_orm.png.import[39m[0m
[  19% ] [90m[1msavepack[22m | Storing File: res://assets/arena/arena_art.json[39m[0m
[  20% ] [90m[1msavepack[22m | Storing File: res://.godot/imported/briarport_A.glb-ec1b1810e52de6174f4219142c8d5316.scn[39m[0m
[  20% ] [90m[1msavepack[22m | Storing File: res://assets/arena/briarport_A.glb.import[39m[0m
[  20% ] [90m[1msavepack[22m | Storing File: res://.godot/imported/briarport_B.glb-c9d847d1aadcf7b029c3c24443e1733a.scn[39m[0m
[  20% ] [90m[1msavepack[22m | Storing File: res://assets/arena/briarport_B.glb.import[39m[0m
[  20% ] [90m[1msavepack[22m | Storing File: res://.godot/imported/briarport_C.glb-98b134ba7399ce5d0ed0cc906bb00945.scn[39m[0m
[  20% ] [90m[1msavepack[22m | Storing File: res://assets/arena/briarport_C.glb.import[39m[0m
[  20% ] [90m[1msavepack[22m | Storing File: res://.godot/imported/briarport_north.glb-c4914ab881b6da72d59d22c99dd50ede.scn[39m[0m
[  20% ] [90m[1msavepack[22m | Storing File: res://assets/arena/briarport_north.glb.import[39m[0m
[  20% ] [90m[1msavepack[22m | Storing File: res://.godot/imported/briarport_skyline.glb-2e11dd65fb9e3b12eb5a72c7b2dc4c5c.scn[39m[0m
[  20% ] [90m[1msavepack[22m | Storing File: res://assets/arena/briarport_skyline.glb.import[39m[0m
[  21% ] [90m[1msavepack[22m | Storing File: res://.godot/imported/briarport_south.glb-b11d3744796cf03cb3c51255ce89e4e6.scn[39m[0m
[  21% ] [90m[1msavepack[22m | Storing File: res://assets/arena/briarport_south.glb.import[39m[0m
[  21% ] [90m[1msavepack[22m | Storing File: res://.godot/imported/amb_harbor.ogg-5a8a3d52c736e135c96541d9a4fe12bd.oggvorbisstr[39m[0m
[  21% ] [90m[1msavepack[22m | Storing File: res://assets/audio/amb/amb_harbor.ogg.import[39m[0m
[  21% ] [90m[1msavepack[22m | Storing File: res://.godot/imported/amb_market.ogg-cc398cddf1321437fc98c0b4d93fba80.oggvorbisstr[39m[0m
[  21% ] [90m[1msavepack[22m | Storing File: res://assets/audio/amb/amb_market.ogg.import[39m[0m
[  21% ] [90m[1msavepack[22m | Storing File: res://.godot/imported/amb_yard.ogg-afe41cc5c0639f4a57bf31be1477669d.oggvorbisstr[39m[0m
[  21% ] [90m[1msavepack[22m | Storing File: res://assets/audio/amb/amb_yard.ogg.import[39m[0m
[  22% ] [90m[1msavepack[22m | Storing File: res://.godot/imported/music_match.ogg-bc7da6a3ac780fdf8e46857e73765ae3.oggvorbisstr[39m[0m
[  22% ] [90m[1msavepack[22m | Storing File: res://assets/audio/music/music_match.ogg.import[39m[0m
[  22% ] [90m[1msavepack[22m | Storing File: res://.godot/imported/music_menu.ogg-790b915b8f6d7d6a25c4473ad7ac468c.oggvorbisstr[39m[0m
[  22% ] [90m[1msavepack[22m | Storing File: res://assets/audio/music/music_menu.ogg.import[39m[0m
[  22% ] [90m[1msavepack[22m | Storing File: res://.godot/imported/music_results.ogg-fad35e6869d79093d9734e228383c884.oggvorbisstr[39m[0m
[  22% ] [90m[1msavepack[22m | Storing File: res://assets/audio/music/music_results.ogg.import[39m[0m
[  22% ] [90m[1msavepack[22m | Storing File: res://.godot/imported/music_select.ogg-1f9e0a167bc49f2dbea1f9d59c9e83f6.oggvorbisstr[39m[0m
[  22% ] [90m[1msavepack[22m | Storing File: res://assets/audio/music/music_select.ogg.import[39m[0m
[  22% ] [90m[1msavepack[22m | Storing File: res://.godot/imported/body_fall_01.wav-bfa24c797f96dd6d1082c3f7d308a813.sample[39m[0m
[  22% ] [90m[1msavepack[22m | Storing File: res://assets/audio/sfx/body_fall_01.wav.import[39m[0m
[  23% ] [90m[1msavepack[22m | Storing File: res://.godot/imported/body_fall_02.wav-6e547ce2b146a8f13a485f0a1f01ce1b.sample[39m[0m
[  23% ] [90m[1msavepack[22m | Storing File: res://assets/audio/sfx/body_fall_02.wav.import[39m[0m
[  23% ] [90m[1msavepack[22m | Storing File: res://.godot/imported/body_fall_03.wav-f876008373f24d15eab75e5d0c569584.sample[39m[0m
[  23% ] [90m[1msavepack[22m | Storing File: res://assets/audio/sfx/body_fall_03.wav.import[39m[0m
[  23% ] [90m[1msavepack[22m | Storing File: res://.godot/imported/bruno_bark_01.wav-502d4239f9d998831a271661d485bec0.sample[39m[0m
[  23% ] [90m[1msavepack[22m | Storing File: res://assets/audio/sfx/bruno_bark_01.wav.import[39m[0m
[  23% ] [90m[1msavepack[22m | Storing File: res://.godot/imported/bruno_bark_02.wav-fd17b020397adac899b31a305867e3e3.sample[39m[0m
[  23% ] [90m[1msavepack[22m | Storing File: res://assets/audio/sfx/bruno_bark_02.wav.import[39m[0m
[  23% ] [90m[1msavepack[22m | Storing File: res://.godot/imported/bruno_bark_03.wav-55bb5479743d4ac40cbd6980d96942b3.sample[39m[0m
[  23% ] [90m[1msavepack[22m | Storing File: res://assets/audio/sfx/bruno_bark_03.wav.import[39m[0m
[  24% ] [90m[1msavepack[22m | Storing File: res://.godot/imported/bruno_rush_impact_01.wav-6d056c29d0b1924135d7864dd565181f.sample[39m[0m
[  24% ] [90m[1msavepack[22m | Storing File: res://assets/audio/sfx/bruno_rush_impact_01.wav.import[39m[0m
[  24% ] [90m[1msavepack[22m | Storing File: res://.godot/imported/bruno_rush_impact_02.wav-6a3fbc4cc3965be4c5fa2cc6a553a5d1.sample[39m[0m
[  24% ] [90m[1msavepack[22m | Storing File: res://assets/audio/sfx/bruno_rush_impact_02.wav.import[39m[0m
[  24% ] [90m[1msavepack[22m | Storing File: res://.godot/imported/bruno_rush_start_01.wav-0608d59668de236d1fc7773632f36ff2.sample[39m[0m
[  24% ] [90m[1msavepack[22m | Storing File: res://assets/audio/sfx/bruno_rush_start_01.wav.import[39m[0m
[  24% ] [90m[1msavepack[22m | Storing File: res://.godot/imported/bruno_rush_start_02.wav-c09efea9827c8886927642bfd18e1b92.sample[39m[0m
[  24% ] [90m[1msavepack[22m | Storing File: res://assets/audio/sfx/bruno_rush_start_02.wav.import[39m[0m
[  25% ] [90m[1msavepack[22m | Storing File: res://.godot/imported/bruno_stand_firm_01.wav-0ee017d7d36b86e790236cab5d3b976c.sample[39m[0m
[  25% ] [90m[1msavepack[22m | Storing File: res://assets/audio/sfx/bruno_stand_firm_01.wav.import[39m[0m
[  25% ] [90m[1msavepack[22m | Storing File: res://.godot/imported/bruno_stand_firm_02.wav-fb366564c8fc552cbcbddfbfeef5b632.sample[39m[0m
[  25% ] [90m[1msavepack[22m | Storing File: res://assets/audio/sfx/bruno_stand_firm_02.wav.import[39m[0m
[  25% ] [90m[1msavepack[22m | Storing File: res://.godot/imported/dodge_01.wav-8a841950ba1ee17f3f8a03f9c1a6a464.sample[39m[0m
[  25% ] [90m[1msavepack[22m | Storing File: res://assets/audio/sfx/dodge_01.wav.import[39m[0m
[  25% ] [90m[1msavepack[22m | Storing File: res://.godot/imported/dodge_02.wav-bd4989cbca51b79e0bc908b265496ba2.sample[39m[0m
[  25% ] [90m[1msavepack[22m | Storing File: res://assets/audio/sfx/dodge_02.wav.import[39m[0m
[  25% ] [90m[1msavepack[22m | Storing File: res://.godot/imported/dodge_03.wav-34c3fc2277979151ee4313b425fe34e3.sample[39m[0m
[  25% ] [90m[1msavepack[22m | Storing File: res://assets/audio/sfx/dodge_03.wav.import[39m[0m
[  26% ] [90m[1msavepack[22m | Storing File: res://.godot/imported/dodge_04.wav-d15b64a967205c1e0cc2e7d5dfc81660.sample[39m[0m
[  26% ] [90m[1msavepack[22m | Storing File: res://assets/audio/sfx/dodge_04.wav.import[39m[0m
[  26% ] [90m[1msavepack[22m | Storing File: res://.godot/imported/foot_metal_01.wav-60adabb1dbe39c283343b86e1816b177.sample[39m[0m
[  26% ] [90m[1msavepack[22m | Storing File: res://assets/audio/sfx/foot_metal_01.wav.import[39m[0m
[  26% ] [90m[1msavepack[22m | Storing File: res://.godot/imported/foot_metal_02.wav-4d4f4fa6eda69abe3099e3c0f33f678d.sample[39m[0m
[  26% ] [90m[1msavepack[22m | Storing File: res://assets/audio/sfx/foot_metal_02.wav.import[39m[0m
[  26% ] [90m[1msavepack[22m | Storing File: res://.godot/imported/foot_metal_03.wav-96d37e4c815ca5388165c3d814f071fb.sample[39m[0m
[  26% ] [90m[1msavepack[22m | Storing File: res://assets/audio/sfx/foot_metal_03.wav.import[39m[0m
[  27% ] [90m[1msavepack[22m | Storing File: res://.godot/imported/foot_metal_04.wav-4c74adf3bf02f15b1ad2e6ae0ae7e268.sample[39m[0m
[  27% ] [90m[1msavepack[22m | Storing File: res://assets/audio/sfx/foot_metal_04.wav.import[39m[0m
[  27% ] [90m[1msavepack[22m | Storing File: res://.godot/imported/foot_metal_05.wav-0bf4e046ce38b2f6c45dececedf5a7b4.sample[39m[0m
[  27% ] [90m[1msavepack[22m | Storing File: res://assets/audio/sfx/foot_metal_05.wav.import[39m[0m
[  27% ] [90m[1msavepack[22m | Storing File: res://.godot/imported/foot_metal_06.wav-b56704d89b6264f9910576cf0e9f90c0.sample[39m[0m
[  27% ] [90m[1msavepack[22m | Storing File: res://assets/audio/sfx/foot_metal_06.wav.import[39m[0m
[  27% ] [90m[1msavepack[22m | Storing File: res://.godot/imported/foot_stone_01.wav-834c91eac6dc829f3106a43342829dd4.sample[39m[0m
[  27% ] [90m[1msavepack[22m | Storing File: res://assets/audio/sfx/foot_stone_01.wav.import[39m[0m
[  27% ] [90m[1msavepack[22m | Storing File: res://.godot/imported/foot_stone_02.wav-a4a8b978f77e3794655a58f92f96bfd9.sample[39m[0m
[  27% ] [90m[1msavepack[22m | Storing File: res://assets/audio/sfx/foot_stone_02.wav.import[39m[0m
[  28% ] [90m[1msavepack[22m | Storing File: res://.godot/imported/foot_stone_03.wav-bf9d76cb1abff64627ad0aa549cc9bf3.sample[39m[0m
[  28% ] [90m[1msavepack[22m | Storing File: res://assets/audio/sfx/foot_stone_03.wav.import[39m[0m
[  28% ] [90m[1msavepack[22m | Storing File: res://.godot/imported/foot_stone_04.wav-b48f129a7c584b2d9776f4e6dc80397c.sample[39m[0m
[  28% ] [90m[1msavepack[22m | Storing File: res://assets/audio/sfx/foot_stone_04.wav.import[39m[0m
[  28% ] [90m[1msavepack[22m | Storing File: res://.godot/imported/foot_stone_05.wav-7b08703e6acc87f70381085d90efee68.sample[39m[0m
[  28% ] [90m[1msavepack[22m | Storing File: res://assets/audio/sfx/foot_stone_05.wav.import[39m[0m
[  28% ] [90m[1msavepack[22m | Storing File: res://.godot/imported/foot_stone_06.wav-2cae707d6b4b33f27a4e0c8c3c49e112.sample[39m[0m
[  28% ] [90m[1msavepack[22m | Storing File: res://assets/audio/sfx/foot_stone_06.wav.import[39m[0m
[  28% ] [90m[1msavepack[22m | Storing File: res://.godot/imported/foot_wet_01.wav-f5f9d39ff7cbc4194e5976b1a54bde45.sample[39m[0m
[  28% ] [90m[1msavepack[22m | Storing File: res://assets/audio/sfx/foot_wet_01.wav.import[39m[0m
[  29% ] [90m[1msavepack[22m | Storing File: res://.godot/imported/foot_wet_02.wav-604e4b675db4ec3032b8a2c22aa039ac.sample[39m[0m
[  29% ] [90m[1msavepack[22m | Storing File: res://assets/audio/sfx/foot_wet_02.wav.import[39m[0m
[  29% ] [90m[1msavepack[22m | Storing File: res://.godot/imported/foot_wet_03.wav-9b60d0672c24328dfd1928a828014d70.sample[39m[0m
[  29% ] [90m[1msavepack[22m | Storing File: res://assets/audio/sfx/foot_wet_03.wav.import[39m[0m
[  29% ] [90m[1msavepack[22m | Storing File: res://.godot/imported/foot_wet_04.wav-efd35b84d3805a4241d22a1e3cd8b0b4.sample[39m[0m
[  29% ] [90m[1msavepack[22m | Storing File: res://assets/audio/sfx/foot_wet_04.wav.import[39m[0m
[  29% ] [90m[1msavepack[22m | Storing File: res://.godot/imported/foot_wet_05.wav-218039e070a006761c290b00238cc7dd.sample[39m[0m
[  29% ] [90m[1msavepack[22m | Storing File: res://assets/audio/sfx/foot_wet_05.wav.import[39m[0m
[  30% ] [90m[1msavepack[22m | Storing File: res://.godot/imported/foot_wet_06.wav-1f98a05f18eb915063a906aeca9ae392.sample[39m[0m
[  30% ] [90m[1msavepack[22m | Storing File: res://assets/audio/sfx/foot_wet_06.wav.import[39m[0m
[  30% ] [90m[1msavepack[22m | Storing File: res://.godot/imported/foot_wood_01.wav-c25d40eed68f4f5aacfaf8f0ea03c26f.sample[39m[0m
[  30% ] [90m[1msavepack[22m | Storing File: res://assets/audio/sfx/foot_wood_01.wav.import[39m[0m
[  30% ] [90m[1msavepack[22m | Storing File: res://.godot/imported/foot_wood_02.wav-8c01c2647831f3afff146d7cd3ec7ed3.sample[39m[0m
[  30% ] [90m[1msavepack[22m | Storing File: res://assets/audio/sfx/foot_wood_02.wav.import[39m[0m
[  30% ] [90m[1msavepack[22m | Storing File: res://.godot/imported/foot_wood_03.wav-373657a148b52ad4889e8ee5a93f67dc.sample[39m[0m
[  30% ] [90m[1msavepack[22m | Storing File: res://assets/audio/sfx/foot_wood_03.wav.import[39m[0m
[  30% ] [90m[1msavepack[22m | Storing File: res://.godot/imported/foot_wood_04.wav-af5c33a16b1e930149eb06cd30e4c767.sample[39m[0m
[  30% ] [90m[1msavepack[22m | Storing File: res://assets/audio/sfx/foot_wood_04.wav.import[39m[0m
[  31% ] [90m[1msavepack[22m | Storing File: res://.godot/imported/foot_wood_05.wav-9cf1c03ddba3ad1ab4a9566e93bef65f.sample[39m[0m
[  31% ] [90m[1msavepack[22m | Storing File: res://assets/audio/sfx/foot_wood_05.wav.import[39m[0m
[  31% ] [90m[1msavepack[22m | Storing File: res://.godot/imported/foot_wood_06.wav-98fde38f3bc53ff2d792c3dc9f757514.sample[39m[0m
[  31% ] [90m[1msavepack[22m | Storing File: res://assets/audio/sfx/foot_wood_06.wav.import[39m[0m
[  31% ] [90m[1msavepack[22m | Storing File: res://.godot/imported/grab_01.wav-ad35482b6e7f85722880a4db450f04ce.sample[39m[0m
[  31% ] [90m[1msavepack[22m | Storing File: res://assets/audio/sfx/grab_01.wav.import[39m[0m
[  31% ] [90m[1msavepack[22m | Storing File: res://.godot/imported/grab_02.wav-9f91ec1639cb12cfe7833d9225c18f14.sample[39m[0m
[  31% ] [90m[1msavepack[22m | Storing File: res://assets/audio/sfx/grab_02.wav.import[39m[0m
[  32% ] [90m[1msavepack[22m | Storing File: res://.godot/imported/guard_block_01.wav-64be62e6d307bbdc524fa8836c446581.sample[39m[0m
[  32% ] [90m[1msavepack[22m | Storing File: res://assets/audio/sfx/guard_block_01.wav.import[39m[0m
[  32% ] [90m[1msavepack[22m | Storing File: res://.godot/imported/guard_block_02.wav-55e92a33991ed810045fca4661b61b0a.sample[39m[0m
[  32% ] [90m[1msavepack[22m | Storing File: res://assets/audio/sfx/guard_block_02.wav.import[39m[0m
[  32% ] [90m[1msavepack[22m | Storing File: res://.godot/imported/guard_block_03.wav-1b8e1d07a28ad43cae7625c07d6668ae.sample[39m[0m
[  32% ] [90m[1msavepack[22m | Storing File: res://assets/audio/sfx/guard_block_03.wav.import[39m[0m
[  32% ] [90m[1msavepack[22m | Storing File: res://.godot/imported/guard_block_04.wav-3152383876a5363b0b9268795d33563b.sample[39m[0m
[  32% ] [90m[1msavepack[22m | Storing File: res://assets/audio/sfx/guard_block_04.wav.import[39m[0m
[  32% ] [90m[1msavepack[22m | Storing File: res://.godot/imported/guard_block_05.wav-db64586fd2f35e1cd97ad0497cd11807.sample[39m[0m
[  32% ] [90m[1msavepack[22m | Storing File: res://assets/audio/sfx/guard_block_05.wav.import[39m[0m
[  33% ] [90m[1msavepack[22m | Storing File: res://.godot/imported/guard_break_01.wav-ba8a3a3b552c5ce056d5a5a5ba5f09c7.sample[39m[0m
[  33% ] [90m[1msavepack[22m | Storing File: res://assets/audio/sfx/guard_break_01.wav.import[39m[0m
[  33% ] [90m[1msavepack[22m | Storing File: res://.godot/imported/guard_break_02.wav-d36c5f9815ea995f9fc8860918865ab0.sample[39m[0m
[  33% ] [90m[1msavepack[22m | Storing File: res://assets/audio/sfx/guard_break_02.wav.import[39m[0m
[  33% ] [90m[1msavepack[22m | Storing File: res://.godot/imported/hit_heavy_01.wav-a8c4f5c830dc194b14da964cbfd991bc.sample[39m[0m
[  33% ] [90m[1msavepack[22m | Storing File: res://assets/audio/sfx/hit_heavy_01.wav.import[39m[0m
[  33% ] [90m[1msavepack[22m | Storing File: res://.godot/imported/hit_heavy_02.wav-b27426db4a27e8208a51742baf8c9419.sample[39m[0m
[  33% ] [90m[1msavepack[22m | Storing File: res://assets/audio/sfx/hit_heavy_02.wav.import[39m[0m
[  33% ] [90m[1msavepack[22m | Storing File: res://.godot/imported/hit_heavy_03.wav-a3755de160a0c0eb03d573f3ec0ef5e0.sample[39m[0m
[  33% ] [90m[1msavepack[22m | Storing File: res://assets/audio/sfx/hit_heavy_03.wav.import[39m[0m
[  33% ] [90m[1msavepack[22m | Storing File: res://.godot/imported/hit_heavy_04.wav-e79298ad82bfa35e2ccf2b1b02bd98f2.sample[39m[0m
[  33% ] [90m[1msavepack[22m | Storing File: res://assets/audio/sfx/hit_heavy_04.wav.import[39m[0m
[  33% ] [90m[1msavepack[22m | Storing File: res://.godot/imported/hit_light_01.wav-82071d7396844e48b03eb4b6902bd23c.sample[39m[0m
[  33% ] [90m[1msavepack[22m | Storing File: res://assets/audio/sfx/hit_light_01.wav.import[39m[0m
[  33% ] [90m[1msavepack[22m | Storing File: res://.godot/imported/hit_light_02.wav-81dff8c555e05ad89074304688a9c841.sample[39m[0m
[  33% ] [90m[1msavepack[22m | Storing File: res://assets/audio/sfx/hit_light_02.wav.import[39m[0m
[  33% ] [90m[1msavepack[22m | Storing File: res://.godot/imported/hit_light_03.wav-3a253c4fd333daf2760c6bc8aca10ed4.sample[39m[0m
[  33% ] [90m[1msavepack[22m | Storing File: res://assets/audio/sfx/hit_light_03.wav.import[39m[0m
[  34% ] [90m[1msavepack[22m | Storing File: res://.godot/imported/hit_light_04.wav-b8b4423c06cb365630abe37e9380adb1.sample[39m[0m
[  34% ] [90m[1msavepack[22m | Storing File: res://assets/audio/sfx/hit_light_04.wav.import[39m[0m
[  34% ] [90m[1msavepack[22m | Storing File: res://.godot/imported/hit_light_05.wav-100862dd7adc0c2c9e59b1f5b0156038.sample[39m[0m
[  34% ] [90m[1msavepack[22m | Storing File: res://assets/audio/sfx/hit_light_05.wav.import[39m[0m
[  34% ] [90m[1msavepack[22m | Storing File: res://.godot/imported/hops_bound_land_01.wav-7624edc01ecfa53ba90eb34b9f9cc200.sample[39m[0m
[  34% ] [90m[1msavepack[22m | Storing File: res://assets/audio/sfx/hops_bound_land_01.wav.import[39m[0m
[  34% ] [90m[1msavepack[22m | Storing File: res://.godot/imported/hops_bound_land_02.wav-72af3e5d45b40e1d48db319f6c2f3b60.sample[39m[0m
[  34% ] [90m[1msavepack[22m | Storing File: res://assets/audio/sfx/hops_bound_land_02.wav.import[39m[0m
[  34% ] [90m[1msavepack[22m | Storing File: res://.godot/imported/hops_bound_takeoff_01.wav-9e9bf4059d6eb3d67530203a458a484d.sample[39m[0m
[  34% ] [90m[1msavepack[22m | Storing File: res://assets/audio/sfx/hops_bound_takeoff_01.wav.import[39m[0m
[  35% ] [90m[1msavepack[22m | Storing File: res://.godot/imported/hops_bound_takeoff_02.wav-c4d8b267db1a0c06eb41b833d65cfa97.sample[39m[0m
[  35% ] [90m[1msavepack[22m | Storing File: res://assets/audio/sfx/hops_bound_takeoff_02.wav.import[39m[0m
[  35% ] [90m[1msavepack[22m | Storing File: res://.godot/imported/hops_double_kick_01.wav-60d231a5fbcf557ba2c77e24457fc8d3.sample[39m[0m
[  35% ] [90m[1msavepack[22m | Storing File: res://assets/audio/sfx/hops_double_kick_01.wav.import[39m[0m
[  35% ] [90m[1msavepack[22m | Storing File: res://.godot/imported/hops_double_kick_02.wav-57d97cb8a5042abc4663d399563ee2ec.sample[39m[0m
[  35% ] [90m[1msavepack[22m | Storing File: res://assets/audio/sfx/hops_double_kick_02.wav.import[39m[0m
[  35% ] [90m[1msavepack[22m | Storing File: res://.godot/imported/hops_dropkick_01.wav-ddd0c7f39b315156ebd129652a7e416e.sample[39m[0m
[  35% ] [90m[1msavepack[22m | Storing File: res://assets/audio/sfx/hops_dropkick_01.wav.import[39m[0m
[  36% ] [90m[1msavepack[22m | Storing File: res://.godot/imported/hops_dropkick_02.wav-2c3e27dd0d62fb9b6b1d993ba73069e4.sample[39m[0m
[  36% ] [90m[1msavepack[22m | Storing File: res://assets/audio/sfx/hops_dropkick_02.wav.import[39m[0m
[  36% ] [90m[1msavepack[22m | Storing File: res://.godot/imported/hops_dropkick_crash_01.wav-73b0e5d3e5fd549a178abb87515ef827.sample[39m[0m
[  36% ] [90m[1msavepack[22m | Storing File: res://assets/audio/sfx/hops_dropkick_crash_01.wav.import[39m[0m
[  36% ] [90m[1msavepack[22m | Storing File: res://.godot/imported/hops_dropkick_crash_02.wav-305d3ce537cba64ac315b277168faf75.sample[39m[0m
[  36% ] [90m[1msavepack[22m | Storing File: res://assets/audio/sfx/hops_dropkick_crash_02.wav.import[39m[0m
[  36% ] [90m[1msavepack[22m | Storing File: res://.godot/imported/jump_01.wav-1aad69b2d6f542e54602c682d3e1af58.sample[39m[0m
[  36% ] [90m[1msavepack[22m | Storing File: res://assets/audio/sfx/jump_01.wav.import[39m[0m
[  36% ] [90m[1msavepack[22m | Storing File: res://.godot/imported/jump_02.wav-667ab535a7f18a4ad47ce8e7f512148f.sample[39m[0m
[  36% ] [90m[1msavepack[22m | Storing File: res://assets/audio/sfx/jump_02.wav.import[39m[0m
[  37% ] [90m[1msavepack[22m | Storing File: res://.godot/imported/jump_03.wav-3060b03cd0a8a22d9977e2ee5a886d9b.sample[39m[0m
[  37% ] [90m[1msavepack[22m | Storing File: res://assets/audio/sfx/jump_03.wav.import[39m[0m
[  37% ] [90m[1msavepack[22m | Storing File: res://.godot/imported/kick_whoosh_01.wav-3ec6083e7568dd07251a436295cb68b7.sample[39m[0m
[  37% ] [90m[1msavepack[22m | Storing File: res://assets/audio/sfx/kick_whoosh_01.wav.import[39m[0m
[  37% ] [90m[1msavepack[22m | Storing File: res://.godot/imported/kick_whoosh_02.wav-47c3f7feac102fb58aead8118fc863dc.sample[39m[0m
[  37% ] [90m[1msavepack[22m | Storing File: res://assets/audio/sfx/kick_whoosh_02.wav.import[39m[0m
[  37% ] [90m[1msavepack[22m | Storing File: res://.godot/imported/kick_whoosh_03.wav-09e918d17cc85929f72a9a64b268ec14.sample[39m[0m
[  37% ] [90m[1msavepack[22m | Storing File: res://assets/audio/sfx/kick_whoosh_03.wav.import[39m[0m
[  37% ] [90m[1msavepack[22m | Storing File: res://.godot/imported/kick_whoosh_04.wav-f588286da745cb8a0bda8df3b9cf8ea8.sample[39m[0m
[  37% ] [90m[1msavepack[22m | Storing File: res://assets/audio/sfx/kick_whoosh_04.wav.import[39m[0m
[  38% ] [90m[1msavepack[22m | Storing File: res://.godot/imported/knockout_01.wav-855caba86a14c7f7dce87daf30024355.sample[39m[0m
[  38% ] [90m[1msavepack[22m | Storing File: res://assets/audio/sfx/knockout_01.wav.import[39m[0m
[  38% ] [90m[1msavepack[22m | Storing File: res://.godot/imported/knockout_02.wav-1a08646d17695e65df05342988baec22.sample[39m[0m
[  38% ] [90m[1msavepack[22m | Storing File: res://assets/audio/sfx/knockout_02.wav.import[39m[0m
[  38% ] [90m[1msavepack[22m | Storing File: res://.godot/imported/knock_skid_01.wav-5a91341dfca1f98d924899e7b5328579.sample[39m[0m
[  38% ] [90m[1msavepack[22m | Storing File: res://assets/audio/sfx/knock_skid_01.wav.import[39m[0m
[  38% ] [90m[1msavepack[22m | Storing File: res://.godot/imported/knock_skid_02.wav-a8836b6b580d256e7dd11865e7c3f2f8.sample[39m[0m
[  38% ] [90m[1msavepack[22m | Storing File: res://assets/audio/sfx/knock_skid_02.wav.import[39m[0m
[  39% ] [90m[1msavepack[22m | Storing File: res://.godot/imported/knock_skid_03.wav-35d40cbd095480c0edf04a9c1b377717.sample[39m[0m
[  39% ] [90m[1msavepack[22m | Storing File: res://assets/audio/sfx/knock_skid_03.wav.import[39m[0m
[  39% ] [90m[1msavepack[22m | Storing File: res://.godot/imported/land_metal_01.wav-e40ae78cba022be4cb658f31661f8c50.sample[39m[0m
[  39% ] [90m[1msavepack[22m | Storing File: res://assets/audio/sfx/land_metal_01.wav.import[39m[0m
[  39% ] [90m[1msavepack[22m | Storing File: res://.godot/imported/land_metal_02.wav-5cf8a09a40df96bb900f60d32faf1bc3.sample[39m[0m
[  39% ] [90m[1msavepack[22m | Storing File: res://assets/audio/sfx/land_metal_02.wav.import[39m[0m
[  39% ] [90m[1msavepack[22m | Storing File: res://.godot/imported/land_metal_03.wav-8bb9712c0458f4814146cd7836cf90b9.sample[39m[0m
[  39% ] [90m[1msavepack[22m | Storing File: res://assets/audio/sfx/land_metal_03.wav.import[39m[0m
[  39% ] [90m[1msavepack[22m | Storing File: res://.godot/imported/land_stone_01.wav-217b2a33769440a2450917263c76478b.sample[39m[0m
[  39% ] [90m[1msavepack[22m | Storing File: res://assets/audio/sfx/land_stone_01.wav.import[39m[0m
[  40% ] [90m[1msavepack[22m | Storing File: res://.godot/imported/land_stone_02.wav-cf3f7ebe83fde58f9dc0d5cbc7e506e0.sample[39m[0m
[  40% ] [90m[1msavepack[22m | Storing File: res://assets/audio/sfx/land_stone_02.wav.import[39m[0m
[  40% ] [90m[1msavepack[22m | Storing File: res://.godot/imported/land_stone_03.wav-5d3e185807f3237b77f7008bb865d0d4.sample[39m[0m
[  40% ] [90m[1msavepack[22m | Storing File: res://assets/audio/sfx/land_stone_03.wav.import[39m[0m
[  40% ] [90m[1msavepack[22m | Storing File: res://.godot/imported/land_wet_01.wav-04d4968992f31836118e296f564e0b10.sample[39m[0m
[  40% ] [90m[1msavepack[22m | Storing File: res://assets/audio/sfx/land_wet_01.wav.import[39m[0m
[  40% ] [90m[1msavepack[22m | Storing File: res://.godot/imported/land_wet_02.wav-d86993a308216cd2e1139993adfdae27.sample[39m[0m
[  40% ] [90m[1msavepack[22m | Storing File: res://assets/audio/sfx/land_wet_02.wav.import[39m[0m
[  40% ] [90m[1msavepack[22m | Storing File: res://.godot/imported/land_wet_03.wav-d1919d86e52d8835687cdfaabf9eeca7.sample[39m[0m
[  40% ] [90m[1msavepack[22m | Storing File: res://assets/audio/sfx/land_wet_03.wav.import[39m[0m
[  41% ] [90m[1msavepack[22m | Storing File: res://.godot/imported/land_wood_01.wav-365fea9245b534b48e42ad79d6db27c6.sample[39m[0m
[  41% ] [90m[1msavepack[22m | Storing File: res://assets/audio/sfx/land_wood_01.wav.import[39m[0m
[  41% ] [90m[1msavepack[22m | Storing File: res://.godot/imported/land_wood_02.wav-12c691e5772c08fc549b32e466a31c91.sample[39m[0m
[  41% ] [90m[1msavepack[22m | Storing File: res://assets/audio/sfx/land_wood_02.wav.import[39m[0m
[  41% ] [90m[1msavepack[22m | Storing File: res://.godot/imported/land_wood_03.wav-f0f4175f7eb15c678955bc4a543bbbf7.sample[39m[0m
[  41% ] [90m[1msavepack[22m | Storing File: res://assets/audio/sfx/land_wood_03.wav.import[39m[0m
[  41% ] [90m[1msavepack[22m | Storing File: res://.godot/imported/nyx_crosscut_01.wav-7ebd245f4a159656fab9bda869fa2b99.sample[39m[0m
[  41% ] [90m[1msavepack[22m | Storing File: res://assets/audio/sfx/nyx_crosscut_01.wav.import[39m[0m
[  42% ] [90m[1msavepack[22m | Storing File: res://.godot/imported/nyx_crosscut_02.wav-fbabd2ec31f8405d966d38649fcdcc41.sample[39m[0m
[  42% ] [90m[1msavepack[22m | Storing File: res://assets/audio/sfx/nyx_crosscut_02.wav.import[39m[0m
[  42% ] [90m[1msavepack[22m | Storing File: res://.godot/imported/nyx_pounce_land_01.wav-43b85825e691dad72f47966a283a2456.sample[39m[0m
[  42% ] [90m[1msavepack[22m | Storing File: res://assets/audio/sfx/nyx_pounce_land_01.wav.import[39m[0m
[  42% ] [90m[1msavepack[22m | Storing File: res://.godot/imported/nyx_pounce_land_02.wav-4772f6262183e0d17aadaacc177ee497.sample[39m[0m
[  42% ] [90m[1msavepack[22m | Storing File: res://assets/audio/sfx/nyx_pounce_land_02.wav.import[39m[0m
[  42% ] [90m[1msavepack[22m | Storing File: res://.godot/imported/nyx_pounce_leap_01.wav-8278726e60decee13580a07b96bf7d10.sample[39m[0m
[  42% ] [90m[1msavepack[22m | Storing File: res://assets/audio/sfx/nyx_pounce_leap_01.wav.import[39m[0m
[  42% ] [90m[1msavepack[22m | Storing File: res://.godot/imported/nyx_pounce_leap_02.wav-bf611e65daee1e8cd3c021715621ea44.sample[39m[0m
[  42% ] [90m[1msavepack[22m | Storing File: res://assets/audio/sfx/nyx_pounce_leap_02.wav.import[39m[0m
[  43% ] [90m[1msavepack[22m | Storing File: res://.godot/imported/nyx_slip_01.wav-5f77736b43dfff615971ffd0ce3ef76a.sample[39m[0m
[  43% ] [90m[1msavepack[22m | Storing File: res://assets/audio/sfx/nyx_slip_01.wav.import[39m[0m
[  43% ] [90m[1msavepack[22m | Storing File: res://.godot/imported/nyx_slip_02.wav-bdd5dda031bb45d4f016358fcec6c4bd.sample[39m[0m
[  43% ] [90m[1msavepack[22m | Storing File: res://assets/audio/sfx/nyx_slip_02.wav.import[39m[0m
[  43% ] [90m[1msavepack[22m | Storing File: res://.godot/imported/parry_01.wav-e4fc82e993a3ef439abac32f4b7372eb.sample[39m[0m
[  43% ] [90m[1msavepack[22m | Storing File: res://assets/audio/sfx/parry_01.wav.import[39m[0m
[  43% ] [90m[1msavepack[22m | Storing File: res://.godot/imported/parry_02.wav-c900622036e5e89f40d51bd8b363f695.sample[39m[0m
[  43% ] [90m[1msavepack[22m | Storing File: res://assets/audio/sfx/parry_02.wav.import[39m[0m
[  44% ] [90m[1msavepack[22m | Storing File: res://.godot/imported/respawn_01.wav-3e087a0a44d45867865e15426d7a33b7.sample[39m[0m
[  44% ] [90m[1msavepack[22m | Storing File: res://assets/audio/sfx/respawn_01.wav.import[39m[0m
[  44% ] [90m[1msavepack[22m | Storing File: res://.godot/imported/scrap_leg_sweep_01.wav-b1151f7bfc0d48850204179c7e3bcff4.sample[39m[0m
[  44% ] [90m[1msavepack[22m | Storing File: res://assets/audio/sfx/scrap_leg_sweep_01.wav.import[39m[0m
[  44% ] [90m[1msavepack[22m | Storing File: res://.godot/imported/scrap_leg_sweep_02.wav-9106400e0dd81b8edf9ee1d01e76ea43.sample[39m[0m
[  44% ] [90m[1msavepack[22m | Storing File: res://assets/audio/sfx/scrap_leg_sweep_02.wav.import[39m[0m
[  44% ] [90m[1msavepack[22m | Storing File: res://.godot/imported/scrap_parry_stance_01.wav-44e8cce572b7c77b42eb8567348e76ad.sample[39m[0m
[  44% ] [90m[1msavepack[22m | Storing File: res://assets/audio/sfx/scrap_parry_stance_01.wav.import[39m[0m
[  44% ] [90m[1msavepack[22m | Storing File: res://.godot/imported/scrap_parry_stance_02.wav-5ffe6179b720b7de7fb29a8602c1371f.sample[39m[0m
[  44% ] [90m[1msavepack[22m | Storing File: res://assets/audio/sfx/scrap_parry_stance_02.wav.import[39m[0m
[  45% ] [90m[1msavepack[22m | Storing File: res://.godot/imported/scrap_turnabout_01.wav-0f3f8bee075b4c27da5e6f602b70eea7.sample[39m[0m
[  45% ] [90m[1msavepack[22m | Storing File: res://assets/audio/sfx/scrap_turnabout_01.wav.import[39m[0m
[  45% ] [90m[1msavepack[22m | Storing File: res://.godot/imported/scrap_turnabout_02.wav-300e3176318f818f3ca7ef22b0f92c30.sample[39m[0m
[  45% ] [90m[1msavepack[22m | Storing File: res://assets/audio/sfx/scrap_turnabout_02.wav.import[39m[0m
[  45% ] [90m[1msavepack[22m | Storing File: res://.godot/imported/spawn_protect_end_01.wav-bb545decd487e3ccbf49b81b6bc65b0c.sample[39m[0m
[  45% ] [90m[1msavepack[22m | Storing File: res://assets/audio/sfx/spawn_protect_end_01.wav.import[39m[0m
[  45% ] [90m[1msavepack[22m | Storing File: res://.godot/imported/swing_heavy_01.wav-b2ac529ffe15041e1ea90c266c735467.sample[39m[0m
[  45% ] [90m[1msavepack[22m | Storing File: res://assets/audio/sfx/swing_heavy_01.wav.import[39m[0m
[  45% ] [90m[1msavepack[22m | Storing File: res://.godot/imported/swing_heavy_02.wav-5fc6863044e455264b830839ef63724b.sample[39m[0m
[  45% ] [90m[1msavepack[22m | Storing File: res://assets/audio/sfx/swing_heavy_02.wav.import[39m[0m
[  46% ] [90m[1msavepack[22m | Storing File: res://.godot/imported/swing_heavy_03.wav-6f073c426a7c1ad5b8667378f3c5f6d3.sample[39m[0m
[  46% ] [90m[1msavepack[22m | Storing File: res://assets/audio/sfx/swing_heavy_03.wav.import[39m[0m
[  46% ] [90m[1msavepack[22m | Storing File: res://.godot/imported/swing_light_01.wav-120c0b2afdc3b145ac455669cee228d8.sample[39m[0m
[  46% ] [90m[1msavepack[22m | Storing File: res://assets/audio/sfx/swing_light_01.wav.import[39m[0m
[  46% ] [90m[1msavepack[22m | Storing File: res://.godot/imported/swing_light_02.wav-cc87c9763a9649e21d4d0eece9d129bd.sample[39m[0m
[  46% ] [90m[1msavepack[22m | Storing File: res://assets/audio/sfx/swing_light_02.wav.import[39m[0m
[  46% ] [90m[1msavepack[22m | Storing File: res://.godot/imported/swing_light_03.wav-66cd11cbc49324b53ec7036dbd46b6f7.sample[39m[0m
[  46% ] [90m[1msavepack[22m | Storing File: res://assets/audio/sfx/swing_light_03.wav.import[39m[0m
[  47% ] [90m[1msavepack[22m | Storing File: res://.godot/imported/swing_light_04.wav-3967d73b0c309b9e3eaea5f358ef97ae.sample[39m[0m
[  47% ] [90m[1msavepack[22m | Storing File: res://assets/audio/sfx/swing_light_04.wav.import[39m[0m
[  47% ] [90m[1msavepack[22m | Storing File: res://.godot/imported/swing_light_05.wav-8ebc82e58168baeb914b96a466475770.sample[39m[0m
[  47% ] [90m[1msavepack[22m | Storing File: res://assets/audio/sfx/swing_light_05.wav.import[39m[0m
[  47% ] [90m[1msavepack[22m | Storing File: res://.godot/imported/vex_feint_01.wav-b0303528d31d50059367eb24d8047468.sample[39m[0m
[  47% ] [90m[1msavepack[22m | Storing File: res://assets/audio/sfx/vex_feint_01.wav.import[39m[0m
[  47% ] [90m[1msavepack[22m | Storing File: res://.godot/imported/vex_feint_02.wav-85558daeaae14e447509c6410e9677f8.sample[39m[0m
[  47% ] [90m[1msavepack[22m | Storing File: res://assets/audio/sfx/vex_feint_02.wav.import[39m[0m
[  47% ] [90m[1msavepack[22m | Storing File: res://.godot/imported/vex_sidewinder_01.wav-b55152fa86f222aa6bbd5cb9ee5530ba.sample[39m[0m
[  47% ] [90m[1msavepack[22m | Storing File: res://assets/audio/sfx/vex_sidewinder_01.wav.import[39m[0m
[  48% ] [90m[1msavepack[22m | Storing File: res://.godot/imported/vex_sidewinder_02.wav-2b6cccdc566005c1c8a44a4c0684de51.sample[39m[0m
[  48% ] [90m[1msavepack[22m | Storing File: res://assets/audio/sfx/vex_sidewinder_02.wav.import[39m[0m
[  48% ] [90m[1msavepack[22m | Storing File: res://.godot/imported/vex_tail_sweep_01.wav-167dc3369278c9f836bcbc230039d12f.sample[39m[0m
[  48% ] [90m[1msavepack[22m | Storing File: res://assets/audio/sfx/vex_tail_sweep_01.wav.import[39m[0m
[  48% ] [90m[1msavepack[22m | Storing File: res://.godot/imported/vex_tail_sweep_02.wav-9a68f814dc2fab397983fa55b347ecf8.sample[39m[0m
[  48% ] [90m[1msavepack[22m | Storing File: res://assets/audio/sfx/vex_tail_sweep_02.wav.import[39m[0m
[  48% ] [90m[1msavepack[22m | Storing File: res://.godot/imported/countdown_go.wav-5936b3d828b3152e8aa02db039fe0769.sample[39m[0m
[  48% ] [90m[1msavepack[22m | Storing File: res://assets/audio/ui/countdown_go.wav.import[39m[0m
[  49% ] [90m[1msavepack[22m | Storing File: res://.godot/imported/countdown_tick.wav-2de46f99a05feae6f1d50d1ffa9dc4ce.sample[39m[0m
[  49% ] [90m[1msavepack[22m | Storing File: res://assets/audio/ui/countdown_tick.wav.import[39m[0m
[  49% ] [90m[1msavepack[22m | Storing File: res://.godot/imported/defeat.wav-40e8184006997e168cc6eb941a9d7858.sample[39m[0m
[  49% ] [90m[1msavepack[22m | Storing File: res://assets/audio/ui/defeat.wav.import[39m[0m
[  49% ] [90m[1msavepack[22m | Storing File: res://.godot/imported/rotation_tick.wav-61903de3e8d2e58774887081ef5f4850.sample[39m[0m
[  49% ] [90m[1msavepack[22m | Storing File: res://assets/audio/ui/rotation_tick.wav.import[39m[0m
[  49% ] [90m[1msavepack[22m | Storing File: res://.godot/imported/score_warning_1.wav-81263b0f9034ee261bc2accbe1aca9d9.sample[39m[0m
[  49% ] [90m[1msavepack[22m | Storing File: res://assets/audio/ui/score_warning_1.wav.import[39m[0m
[  49% ] [90m[1msavepack[22m | Storing File: res://.godot/imported/score_warning_2.wav-183d5e9874c7f4401d0d3095e8c1b673.sample[39m[0m
[  49% ] [90m[1msavepack[22m | Storing File: res://assets/audio/ui/score_warning_2.wav.import[39m[0m
[  50% ] [90m[1msavepack[22m | Storing File: res://.godot/imported/score_warning_3.wav-02430043822dd4e5f628bfa0e6c2e2b8.sample[39m[0m
[  50% ] [90m[1msavepack[22m | Storing File: res://assets/audio/ui/score_warning_3.wav.import[39m[0m
[  50% ] [90m[1msavepack[22m | Storing File: res://.godot/imported/sudden_death.wav-8fef7bc1a83be3387624a5338c80b76a.sample[39m[0m
[  50% ] [90m[1msavepack[22m | Storing File: res://assets/audio/ui/sudden_death.wav.import[39m[0m
[  50% ] [90m[1msavepack[22m | Storing File: res://.godot/imported/ui_back.wav-27eeb16ab2c86baa492bf92548f5c7a5.sample[39m[0m
[  50% ] [90m[1msavepack[22m | Storing File: res://assets/audio/ui/ui_back.wav.import[39m[0m
[  50% ] [90m[1msavepack[22m | Storing File: res://.godot/imported/ui_chat.wav-e6d827276cb180ee7a96b8d6512f6e7c.sample[39m[0m
[  50% ] [90m[1msavepack[22m | Storing File: res://assets/audio/ui/ui_chat.wav.import[39m[0m
[  50% ] [90m[1msavepack[22m | Storing File: res://.godot/imported/ui_error.wav-9dc010aff99ab1319387359dc6a5f43c.sample[39m[0m
[  50% ] [90m[1msavepack[22m | Storing File: res://assets/audio/ui/ui_error.wav.import[39m[0m
[  51% ] [90m[1msavepack[22m | Storing File: res://.godot/imported/ui_hover.wav-ce4f66a513b15226316290cba870a46d.sample[39m[0m
[  51% ] [90m[1msavepack[22m | Storing File: res://assets/audio/ui/ui_hover.wav.import[39m[0m
[  51% ] [90m[1msavepack[22m | Storing File: res://.godot/imported/ui_lockin.wav-51d179ee68fdf1c2a3875c1fb3e196ee.sample[39m[0m
[  51% ] [90m[1msavepack[22m | Storing File: res://assets/audio/ui/ui_lockin.wav.import[39m[0m
[  51% ] [90m[1msavepack[22m | Storing File: res://.godot/imported/ui_match_found.wav-ef960bea2c9d8ad79800294ec5b1282a.sample[39m[0m
[  51% ] [90m[1msavepack[22m | Storing File: res://assets/audio/ui/ui_match_found.wav.import[39m[0m
[  51% ] [90m[1msavepack[22m | Storing File: res://.godot/imported/ui_notify.wav-d6c3254163a1e6088e78813a1149fe19.sample[39m[0m
[  51% ] [90m[1msavepack[22m | Storing File: res://assets/audio/ui/ui_notify.wav.import[39m[0m
[  52% ] [90m[1msavepack[22m | Storing File: res://.godot/imported/ui_ping.wav-79aa7f1811a2913e685449cb2e3d6e77.sample[39m[0m
[  52% ] [90m[1msavepack[22m | Storing File: res://assets/audio/ui/ui_ping.wav.import[39m[0m
[  52% ] [90m[1msavepack[22m | Storing File: res://.godot/imported/ui_ready.wav-dbda6bc898fe5701dc360d706393e954.sample[39m[0m
[  52% ] [90m[1msavepack[22m | Storing File: res://assets/audio/ui/ui_ready.wav.import[39m[0m
[  52% ] [90m[1msavepack[22m | Storing File: res://.godot/imported/ui_select.wav-3f4f6dc53cd158af6a52d195ec19c123.sample[39m[0m
[  52% ] [90m[1msavepack[22m | Storing File: res://assets/audio/ui/ui_select.wav.import[39m[0m
[  52% ] [90m[1msavepack[22m | Storing File: res://.godot/imported/victory.wav-68b646b4c9c05715afc065b1fb074c63.sample[39m[0m
[  52% ] [90m[1msavepack[22m | Storing File: res://assets/audio/ui/victory.wav.import[39m[0m
[  52% ] [90m[1msavepack[22m | Storing File: res://.godot/imported/zone_activate.wav-0312c991a74ee7157caae2b54513a80e.sample[39m[0m
[  52% ] [90m[1msavepack[22m | Storing File: res://assets/audio/ui/zone_activate.wav.import[39m[0m
[  53% ] [90m[1msavepack[22m | Storing File: res://.godot/imported/zone_ally.wav-d39aff339eac6036876b8cfc5a56ac52.sample[39m[0m
[  53% ] [90m[1msavepack[22m | Storing File: res://assets/audio/ui/zone_ally.wav.import[39m[0m
[  53% ] [90m[1msavepack[22m | Storing File: res://.godot/imported/zone_contested.wav-a3ab1d73cfc42cb4faada73c7728a289.sample[39m[0m
[  53% ] [90m[1msavepack[22m | Storing File: res://assets/audio/ui/zone_contested.wav.import[39m[0m
[  53% ] [90m[1msavepack[22m | Storing File: res://.godot/imported/zone_enemy.wav-343a21446f895ce72fcb911c35e0e111.sample[39m[0m
[  53% ] [90m[1msavepack[22m | Storing File: res://assets/audio/ui/zone_enemy.wav.import[39m[0m
[  53% ] [90m[1msavepack[22m | Storing File: res://.godot/imported/zone_reveal.wav-f1d3b214b24f7cb79fce867a40fff127.sample[39m[0m
[  53% ] [90m[1msavepack[22m | Storing File: res://assets/audio/ui/zone_reveal.wav.import[39m[0m
[  54% ] [90m[1msavepack[22m | Storing File: res://assets/audio/audio_manifest.json[39m[0m
[  54% ] [90m[1msavepack[22m | Storing File: res://.godot/exported/133200997/export-36e0aa144432810a2cc7a86d6a9370c9-default_bus_layout.res[39m[0m
[  54% ] [90m[1msavepack[22m | Storing File: res://.godot/imported/bruno.glb-008fd190dc6a79832a5d40bca2a201ec.scn[39m[0m
[  54% ] [90m[1msavepack[22m | Storing File: res://assets/characters/bruno/bruno.glb.import[39m[0m
[  54% ] [90m[1msavepack[22m | Storing File: res://assets/characters/bruno/bruno_anim.json[39m[0m
[  54% ] [90m[1msavepack[22m | Storing File: res://.godot/imported/bruno_bruno_cloth_basecolor.png-a275f713006586d8c30b15e1e5f28e59.ctex[39m[0m
[  54% ] [90m[1msavepack[22m | Storing File: res://assets/characters/bruno/bruno_bruno_cloth_basecolor.png.import[39m[0m
[  55% ] [90m[1msavepack[22m | Storing File: res://.godot/imported/bruno_bruno_cloth_normal.png-cc6b0dd94fb615f68899c797723ece5b.ctex[39m[0m
[  55% ] [90m[1msavepack[22m | Storing File: res://assets/characters/bruno/bruno_bruno_cloth_normal.png.import[39m[0m
[  55% ] [90m[1msavepack[22m | Storing File: res://.godot/imported/bruno_bruno_detail.png-db5cc461af80677ee35b339e5c2e1f6c.ctex[39m[0m
[  55% ] [90m[1msavepack[22m | Storing File: res://assets/characters/bruno/bruno_bruno_detail.png.import[39m[0m
[  55% ] [90m[1msavepack[22m | Storing File: res://.godot/imported/bruno_bruno_eye.png-8428317bde6a6b9327dec6c7ce3bb7f7.ctex[39m[0m
[  55% ] [90m[1msavepack[22m | Storing File: res://assets/characters/bruno/bruno_bruno_eye.png.import[39m[0m
[  55% ] [90m[1msavepack[22m | Storing File: res://.godot/imported/bruno_bruno_fur_albedo.png-a319893f337e8aeecc467c58e0575200.ctex[39m[0m
[  55% ] [90m[1msavepack[22m | Storing File: res://assets/characters/bruno/bruno_bruno_fur_albedo.png.import[39m[0m
[  55% ] [90m[1msavepack[22m | Storing File: res://.godot/imported/bruno_bruno_fur_normal.png-c80d2c7419a679a211e172ec64085327.ctex[39m[0m
[  55% ] [90m[1msavepack[22m | Storing File: res://assets/characters/bruno/bruno_bruno_fur_normal.png.import[39m[0m
[  56% ] [90m[1msavepack[22m | Storing File: res://.godot/imported/bruno_cloth_detail.png-e9690160c0a57efa39ead17ec8501ff5.ctex[39m[0m
[  56% ] [90m[1msavepack[22m | Storing File: res://assets/characters/bruno/bruno_cloth_detail.png.import[39m[0m
[  56% ] [90m[1msavepack[22m | Storing File: res://.godot/imported/bruno_cloth_mask.png-735027c233b2c77d8bff2e0cfa7914b2.ctex[39m[0m
[  56% ] [90m[1msavepack[22m | Storing File: res://assets/characters/bruno/bruno_cloth_mask.png.import[39m[0m
[  56% ] [90m[1msavepack[22m | Storing File: res://.godot/imported/bruno_cloth_normal.png-602b595de2afe3bc7bc11ea10b34f5af.ctex[39m[0m
[  56% ] [90m[1msavepack[22m | Storing File: res://assets/characters/bruno/bruno_cloth_normal.png.import[39m[0m
[  56% ] [90m[1msavepack[22m | Storing File: res://.godot/imported/hops.glb-8343c179f9380c4d6d57c3a929c7f69f.scn[39m[0m
[  56% ] [90m[1msavepack[22m | Storing File: res://assets/characters/hops/hops.glb.import[39m[0m
[  57% ] [90m[1msavepack[22m | Storing File: res://assets/characters/hops/hops_anim.json[39m[0m
[  57% ] [90m[1msavepack[22m | Storing File: res://.godot/imported/hops_cloth_detail.png-77626cf488c69e01db7876dfa8bccdc5.ctex[39m[0m
[  57% ] [90m[1msavepack[22m | Storing File: res://assets/characters/hops/hops_cloth_detail.png.import[39m[0m
[  57% ] [90m[1msavepack[22m | Storing File: res://.godot/imported/hops_cloth_mask.png-6d2d75d147cb6a5d251135ee66239b3f.ctex[39m[0m
[  57% ] [90m[1msavepack[22m | Storing File: res://assets/characters/hops/hops_cloth_mask.png.import[39m[0m
[  57% ] [90m[1msavepack[22m | Storing File: res://.godot/imported/hops_cloth_normal.png-2d9ef4acadb6785f5a0fd50c7ff53cf9.ctex[39m[0m
[  57% ] [90m[1msavepack[22m | Storing File: res://assets/characters/hops/hops_cloth_normal.png.import[39m[0m
[  57% ] [90m[1msavepack[22m | Storing File: res://.godot/imported/hops_hops_cloth_basecolor.png-1a95043db65e4369996aab3560487515.ctex[39m[0m
[  57% ] [90m[1msavepack[22m | Storing File: res://assets/characters/hops/hops_hops_cloth_basecolor.png.import[39m[0m
[  58% ] [90m[1msavepack[22m | Storing File: res://.godot/imported/hops_hops_cloth_normal.png-2a96b3a70e72c52b41ee89a3c2a35f94.ctex[39m[0m
[  58% ] [90m[1msavepack[22m | Storing File: res://assets/characters/hops/hops_hops_cloth_normal.png.import[39m[0m
[  58% ] [90m[1msavepack[22m | Storing File: res://.godot/imported/hops_hops_detail.png-4a502a550f77e1601f7d3e8774a48b7a.ctex[39m[0m
[  58% ] [90m[1msavepack[22m | Storing File: res://assets/characters/hops/hops_hops_detail.png.import[39m[0m
[  58% ] [90m[1msavepack[22m | Storing File: res://.godot/imported/hops_hops_eye.png-a536a115c6064e5dc873c241bc8c0834.ctex[39m[0m
[  58% ] [90m[1msavepack[22m | Storing File: res://assets/characters/hops/hops_hops_eye.png.import[39m[0m
[  58% ] [90m[1msavepack[22m | Storing File: res://.godot/imported/hops_hops_fur_albedo.png-5ad28317ddec90fb721f1d61e518323d.ctex[39m[0m
[  58% ] [90m[1msavepack[22m | Storing File: res://assets/characters/hops/hops_hops_fur_albedo.png.import[39m[0m
[  59% ] [90m[1msavepack[22m | Storing File: res://.godot/imported/hops_hops_fur_normal.png-5f670dbc231f9bc86d8f1f70a92c3091.ctex[39m[0m
[  59% ] [90m[1msavepack[22m | Storing File: res://assets/characters/hops/hops_hops_fur_normal.png.import[39m[0m
[  59% ] [90m[1msavepack[22m | Storing File: res://.godot/imported/nyx.glb-8c2570bb01a1eda6f77d0ab274273e0f.scn[39m[0m
[  59% ] [90m[1msavepack[22m | Storing File: res://assets/characters/nyx/nyx.glb.import[39m[0m
[  59% ] [90m[1msavepack[22m | Storing File: res://assets/characters/nyx/nyx_anim.json[39m[0m
[  59% ] [90m[1msavepack[22m | Storing File: res://.godot/imported/nyx_cloth_detail.png-1a7386ccde95a602ea70f6634096de05.ctex[39m[0m
[  59% ] [90m[1msavepack[22m | Storing File: res://assets/characters/nyx/nyx_cloth_detail.png.import[39m[0m
[  59% ] [90m[1msavepack[22m | Storing File: res://.godot/imported/nyx_cloth_mask.png-1cfa16f14336953dd3921f8e0555750c.ctex[39m[0m
[  59% ] [90m[1msavepack[22m | Storing File: res://assets/characters/nyx/nyx_cloth_mask.png.import[39m[0m
[  60% ] [90m[1msavepack[22m | Storing File: res://.godot/imported/nyx_cloth_normal.png-dc31092944345db817b0eabe74cb4a22.ctex[39m[0m
[  60% ] [90m[1msavepack[22m | Storing File: res://assets/characters/nyx/nyx_cloth_normal.png.import[39m[0m
[  60% ] [90m[1msavepack[22m | Storing File: res://.godot/imported/nyx_nyx_cloth_basecolor.png-fafa4868a5035c555ab79705ffbfa105.ctex[39m[0m
[  60% ] [90m[1msavepack[22m | Storing File: res://assets/characters/nyx/nyx_nyx_cloth_basecolor.png.import[39m[0m
[  60% ] [90m[1msavepack[22m | Storing File: res://.godot/imported/nyx_nyx_cloth_normal.png-aebd36bdf1d6304d1aa97dd1098a548b.ctex[39m[0m
[  60% ] [90m[1msavepack[22m | Storing File: res://assets/characters/nyx/nyx_nyx_cloth_normal.png.import[39m[0m
[  60% ] [90m[1msavepack[22m | Storing File: res://.godot/imported/nyx_nyx_detail.png-1871566f39b4746fd54b4c3f8cc7a2a7.ctex[39m[0m
[  60% ] [90m[1msavepack[22m | Storing File: res://assets/characters/nyx/nyx_nyx_detail.png.import[39m[0m
[  60% ] [90m[1msavepack[22m | Storing File: res://.godot/imported/nyx_nyx_eye.png-37c63f5464dfe3043a31d5160a496f4c.ctex[39m[0m
[  60% ] [90m[1msavepack[22m | Storing File: res://assets/characters/nyx/nyx_nyx_eye.png.import[39m[0m
[  61% ] [90m[1msavepack[22m | Storing File: res://.godot/imported/nyx_nyx_fur_albedo.png-c4ec6facbcc2e2c00d35e5e6054dfbec.ctex[39m[0m
[  61% ] [90m[1msavepack[22m | Storing File: res://assets/characters/nyx/nyx_nyx_fur_albedo.png.import[39m[0m
[  61% ] [90m[1msavepack[22m | Storing File: res://.godot/imported/nyx_nyx_fur_normal.png-bbc0d7e0368c65e837e8a7829b91ba0c.ctex[39m[0m
[  61% ] [90m[1msavepack[22m | Storing File: res://assets/characters/nyx/nyx_nyx_fur_normal.png.import[39m[0m
[  61% ] [90m[1msavepack[22m | Storing File: res://.godot/imported/scrap.glb-24c34444650ea1b8ff76ea7f1c774f83.scn[39m[0m
[  61% ] [90m[1msavepack[22m | Storing File: res://assets/characters/scrap/scrap.glb.import[39m[0m
[  61% ] [90m[1msavepack[22m | Storing File: res://assets/characters/scrap/scrap_anim.json[39m[0m
[  62% ] [90m[1msavepack[22m | Storing File: res://.godot/imported/scrap_cloth_detail.png-f562b67f7a300150eacbb724d4b9c3df.ctex[39m[0m
[  62% ] [90m[1msavepack[22m | Storing File: res://assets/characters/scrap/scrap_cloth_detail.png.import[39m[0m
[  62% ] [90m[1msavepack[22m | Storing File: res://.godot/imported/scrap_cloth_mask.png-3c430c2538556a81368b9a11d14d332e.ctex[39m[0m
[  62% ] [90m[1msavepack[22m | Storing File: res://assets/characters/scrap/scrap_cloth_mask.png.import[39m[0m
[  62% ] [90m[1msavepack[22m | Storing File: res://.godot/imported/scrap_cloth_normal.png-399270d5b3d2f24267e2c5e6c9a09831.ctex[39m[0m
[  62% ] [90m[1msavepack[22m | Storing File: res://assets/characters/scrap/scrap_cloth_normal.png.import[39m[0m
[  62% ] [90m[1msavepack[22m | Storing File: res://.godot/imported/scrap_scrap_cloth_basecolor.png-1f87855bea2f7b5f793275d006e085b7.ctex[39m[0m
[  62% ] [90m[1msavepack[22m | Storing File: res://assets/characters/scrap/scrap_scrap_cloth_basecolor.png.import[39m[0m
[  62% ] [90m[1msavepack[22m | Storing File: res://.godot/imported/scrap_scrap_cloth_normal.png-b8a0d2385d017778d1c19b118e408064.ctex[39m[0m
[  62% ] [90m[1msavepack[22m | Storing File: res://assets/characters/scrap/scrap_scrap_cloth_normal.png.import[39m[0m
[  63% ] [90m[1msavepack[22m | Storing File: res://.godot/imported/scrap_scrap_detail.png-fa9448ab50400f8c62d367d41e5f6d0d.ctex[39m[0m
[  63% ] [90m[1msavepack[22m | Storing File: res://assets/characters/scrap/scrap_scrap_detail.png.import[39m[0m
[  63% ] [90m[1msavepack[22m | Storing File: res://.godot/imported/scrap_scrap_eye.png-0e9d6a131a0bc5cf61c2674bc58c8f5c.ctex[39m[0m
[  63% ] [90m[1msavepack[22m | Storing File: res://assets/characters/scrap/scrap_scrap_eye.png.import[39m[0m
[  63% ] [90m[1msavepack[22m | Storing File: res://.godot/imported/scrap_scrap_fur_albedo.png-f84aaaa31dd47559936acc9a2938fd9a.ctex[39m[0m
[  63% ] [90m[1msavepack[22m | Storing File: res://assets/characters/scrap/scrap_scrap_fur_albedo.png.import[39m[0m
[  63% ] [90m[1msavepack[22m | Storing File: res://.godot/imported/scrap_scrap_fur_normal.png-d224095903c24de0f91ac429c746bbef.ctex[39m[0m
[  63% ] [90m[1msavepack[22m | Storing File: res://assets/characters/scrap/scrap_scrap_fur_normal.png.import[39m[0m
[  63% ] [90m[1msavepack[22m | Storing File: res://.godot/imported/vex.glb-aaea9ee4740321421f984e1258130a79.scn[39m[0m
[  63% ] [90m[1msavepack[22m | Storing File: res://assets/characters/vex/vex.glb.import[39m[0m
[  64% ] [90m[1msavepack[22m | Storing File: res://assets/characters/vex/vex_anim.json[39m[0m
[  64% ] [90m[1msavepack[22m | Storing File: res://.godot/imported/vex_cloth_detail.png-c32b49934cb458cc4bb8aadb3dc9075c.ctex[39m[0m
[  64% ] [90m[1msavepack[22m | Storing File: res://assets/characters/vex/vex_cloth_detail.png.import[39m[0m
[  64% ] [90m[1msavepack[22m | Storing File: res://.godot/imported/vex_cloth_mask.png-82f6f04a66ed0fa178cec9918daf67c2.ctex[39m[0m
[  64% ] [90m[1msavepack[22m | Storing File: res://assets/characters/vex/vex_cloth_mask.png.import[39m[0m
[  64% ] [90m[1msavepack[22m | Storing File: res://.godot/imported/vex_cloth_normal.png-649e8a55550ba08a1dd6e10ec1ab1b1c.ctex[39m[0m
[  64% ] [90m[1msavepack[22m | Storing File: res://assets/characters/vex/vex_cloth_normal.png.import[39m[0m
[  65% ] [90m[1msavepack[22m | Storing File: res://.godot/imported/vex_vex_cloth_basecolor.png-763fdeb8f1625d18e802a14cb4f24cba.ctex[39m[0m
[  65% ] [90m[1msavepack[22m | Storing File: res://assets/characters/vex/vex_vex_cloth_basecolor.png.import[39m[0m
[  65% ] [90m[1msavepack[22m | Storing File: res://.godot/imported/vex_vex_cloth_normal.png-b8ade098e4ad5252c8f863ccae0fd78a.ctex[39m[0m
[  65% ] [90m[1msavepack[22m | Storing File: res://assets/characters/vex/vex_vex_cloth_normal.png.import[39m[0m
[  65% ] [90m[1msavepack[22m | Storing File: res://.godot/imported/vex_vex_detail.png-7e746df87b0c08fb5bde4b6c7a20f5f0.ctex[39m[0m
[  65% ] [90m[1msavepack[22m | Storing File: res://assets/characters/vex/vex_vex_detail.png.import[39m[0m
[  65% ] [90m[1msavepack[22m | Storing File: res://.godot/imported/vex_vex_eye.png-986b1ef9145074428596eef65d161bc0.ctex[39m[0m
[  65% ] [90m[1msavepack[22m | Storing File: res://assets/characters/vex/vex_vex_eye.png.import[39m[0m
[  65% ] [90m[1msavepack[22m | Storing File: res://.godot/imported/vex_vex_fur_albedo.png-66cf5e865bd1e181582b123660f8311b.ctex[39m[0m
[  65% ] [90m[1msavepack[22m | Storing File: res://assets/characters/vex/vex_vex_fur_albedo.png.import[39m[0m
[  66% ] [90m[1msavepack[22m | Storing File: res://.godot/imported/vex_vex_fur_normal.png-c9f7b6d5f34d83cf2a7263e75ad20ec4.ctex[39m[0m
[  66% ] [90m[1msavepack[22m | Storing File: res://assets/characters/vex/vex_vex_fur_normal.png.import[39m[0m
[  66% ] [90m[1msavepack[22m | Storing File: res://.godot/imported/Barlow-Bold.ttf-cbe561852f4ebd2e253fe0731963be4a.fontdata[39m[0m
[  66% ] [90m[1msavepack[22m | Storing File: res://assets/ui/fonts/Barlow-Bold.ttf.import[39m[0m
[  66% ] [90m[1msavepack[22m | Storing File: res://.godot/imported/Barlow-Medium.ttf-e13795419e9e4073d918efed0220e273.fontdata[39m[0m
[  66% ] [90m[1msavepack[22m | Storing File: res://assets/ui/fonts/Barlow-Medium.ttf.import[39m[0m
[  66% ] [90m[1msavepack[22m | Storing File: res://.godot/imported/Barlow-Regular.ttf-2ee49ddf8581c7c06ce868342e99a03d.fontdata[39m[0m
[  66% ] [90m[1msavepack[22m | Storing File: res://assets/ui/fonts/Barlow-Regular.ttf.import[39m[0m
[  66% ] [90m[1msavepack[22m | Storing File: res://.godot/imported/Barlow-SemiBold.ttf-40d3fe038ab6237551ba27f53e6ec536.fontdata[39m[0m
[  66% ] [90m[1msavepack[22m | Storing File: res://assets/ui/fonts/Barlow-SemiBold.ttf.import[39m[0m
[  66% ] [90m[1msavepack[22m | Storing File: res://.godot/imported/BarlowCondensed-Bold.ttf-b66380acb8e94197196b7403e16a8083.fontdata[39m[0m
[  66% ] [90m[1msavepack[22m | Storing File: res://assets/ui/fonts/BarlowCondensed-Bold.ttf.import[39m[0m
[  66% ] [90m[1msavepack[22m | Storing File: res://.godot/imported/BarlowCondensed-ExtraBold.ttf-bdbf34f3a55ad2dce713f844384d7847.fontdata[39m[0m
[  66% ] [90m[1msavepack[22m | Storing File: res://assets/ui/fonts/BarlowCondensed-ExtraBold.ttf.import[39m[0m
[  66% ] [90m[1msavepack[22m | Storing File: res://.godot/imported/BarlowCondensed-ExtraBoldItalic.ttf-33139cc6c8656103971567a0a6256a51.fontdata[39m[0m
[  66% ] [90m[1msavepack[22m | Storing File: res://assets/ui/fonts/BarlowCondensed-ExtraBoldItalic.ttf.import[39m[0m
[  66% ] [90m[1msavepack[22m | Storing File: res://.godot/imported/BarlowCondensed-SemiBold.ttf-382a65bb0781fd59c6c0d2af6a1d7480.fontdata[39m[0m
[  66% ] [90m[1msavepack[22m | Storing File: res://assets/ui/fonts/BarlowCondensed-SemiBold.ttf.import[39m[0m
[  67% ] [90m[1msavepack[22m | Storing File: res://.godot/imported/DejaVuSans.ttf-a0ffb87d4ae00a42fd7fa8461b43b7b1.fontdata[39m[0m
[  67% ] [90m[1msavepack[22m | Storing File: res://assets/ui/fonts/DejaVuSans.ttf.import[39m[0m
[  67% ] [90m[1msavepack[22m | Storing File: res://.godot/imported/bruno.png-cbcba133edfd4a29b0e2deb4bc3f4b9e.ctex[39m[0m
[  67% ] [90m[1msavepack[22m | Storing File: res://assets/ui/portraits/bruno.png.import[39m[0m
[  67% ] [90m[1msavepack[22m | Storing File: res://.godot/imported/bruno_full.png-a7f61ff8dcd6f2e975e279bcfce6b4a9.ctex[39m[0m
[  67% ] [90m[1msavepack[22m | Storing File: res://assets/ui/portraits/bruno_full.png.import[39m[0m
[  67% ] [90m[1msavepack[22m | Storing File: res://.godot/imported/hops.png-2861c2fe89366000baaf8d4139a2f90c.ctex[39m[0m
[  67% ] [90m[1msavepack[22m | Storing File: res://assets/ui/portraits/hops.png.import[39m[0m
[  67% ] [90m[1msavepack[22m | Storing File: res://.godot/imported/hops_full.png-d0e94f75dca2a78a238da5d1a4079129.ctex[39m[0m
[  67% ] [90m[1msavepack[22m | Storing File: res://assets/ui/portraits/hops_full.png.import[39m[0m
[  68% ] [90m[1msavepack[22m | Storing File: res://.godot/imported/nyx.png-10c47681b7ae102cef164c12e82690e7.ctex[39m[0m
[  68% ] [90m[1msavepack[22m | Storing File: res://assets/ui/portraits/nyx.png.import[39m[0m
[  68% ] [90m[1msavepack[22m | Storing File: res://.godot/imported/nyx_full.png-99f3fa9f39894765263fe39613b27d0a.ctex[39m[0m
[  68% ] [90m[1msavepack[22m | Storing File: res://assets/ui/portraits/nyx_full.png.import[39m[0m
[  68% ] [90m[1msavepack[22m | Storing File: res://.godot/imported/scrap.png-b4e91bc8b1ced292dc0688dfcf39bf55.ctex[39m[0m
[  68% ] [90m[1msavepack[22m | Storing File: res://assets/ui/portraits/scrap.png.import[39m[0m
[  68% ] [90m[1msavepack[22m | Storing File: res://.godot/imported/scrap_full.png-9b90ef4a15dea524f748f20aaadbe10f.ctex[39m[0m
[  68% ] [90m[1msavepack[22m | Storing File: res://assets/ui/portraits/scrap_full.png.import[39m[0m
[  69% ] [90m[1msavepack[22m | Storing File: res://.godot/imported/vex.png-238ba0fc4e8469a311954d0a84b52ec9.ctex[39m[0m
[  69% ] [90m[1msavepack[22m | Storing File: res://assets/ui/portraits/vex.png.import[39m[0m
[  69% ] [90m[1msavepack[22m | Storing File: res://.godot/imported/vex_full.png-807919cf654f90e261785c90fd9f852a.ctex[39m[0m
[  69% ] [90m[1msavepack[22m | Storing File: res://assets/ui/portraits/vex_full.png.import[39m[0m
[  69% ] [90m[1msavepack[22m | Storing File: res://.godot/imported/icon.svg-6c8e7c7a8dcdd81e58bcb0386e6e4017.ctex[39m[0m
[  69% ] [90m[1msavepack[22m | Storing File: res://assets/ui/icon.svg.import[39m[0m
[  69% ] [90m[1msavepack[22m | Storing File: res://.godot/exported/133200997/export-8d127c8beb936f4d2301730950c7bf53-wildrush_theme.res[39m[0m
[  69% ] [90m[1msavepack[22m | Storing File: res://data/arena/briarport_layout.json[39m[0m
[  70% ] [90m[1msavepack[22m | Storing File: res://.godot/exported/133200997/export-5204297613993f9c9b53ccc5e16f7be4-briarport_navmesh.res[39m[0m
[  70% ] [90m[1msavepack[22m | Storing File: res://data/tuning/fighters/bruno.json[39m[0m
[  70% ] [90m[1msavepack[22m | Storing File: res://data/tuning/fighters/hops.json[39m[0m
[  70% ] [90m[1msavepack[22m | Storing File: res://data/tuning/fighters/nyx.json[39m[0m
[  71% ] [90m[1msavepack[22m | Storing File: res://data/tuning/fighters/scrap.json[39m[0m
[  71% ] [90m[1msavepack[22m | Storing File: res://data/tuning/fighters/vex.json[39m[0m
[  71% ] [90m[1msavepack[22m | Storing File: res://data/tuning/match_rules.json[39m[0m
[  71% ] [90m[1msavepack[22m | Storing File: res://data/tuning/shared.json[39m[0m
[  71% ] [90m[1msavepack[22m | Storing File: res://data/credits.json[39m[0m
[  72% ] [90m[1msavepack[22m | Storing File: res://.godot/exported/133200997/export-4e203b40fbe095c400bffac4c880bf78-settings_panel.scn[39m[0m
[  72% ] [90m[1msavepack[22m | Storing File: res://.godot/exported/133200997/export-c3c40bb4d42d26c7c74cc88080d6723d-boot.scn[39m[0m
[  72% ] [90m[1msavepack[22m | Storing File: res://.godot/exported/133200997/export-ea5c6ad4629af728dc514cefde332394-main_menu.scn[39m[0m
[  72% ] [90m[1msavepack[22m | Storing File: res://.godot/exported/133200997/export-833f665f1b89b8c1224a7f89024b4e4e-match.scn[39m[0m
[  72% ] [90m[1msavepack[22m | Storing File: res://.godot/exported/133200997/export-dc1bd760bcd3cc922d53f4191e9f8b22-online_lobby.scn[39m[0m
[  73% ] [90m[1msavepack[22m | Storing File: res://.godot/exported/133200997/export-e45478483f016198be7d122b5d2b9271-results.scn[39m[0m
[  73% ] [90m[1msavepack[22m | Storing File: res://.godot/exported/133200997/export-73010d7d11a63b36042ee0ee3baaed9c-server.scn[39m[0m
[  73% ] [90m[1msavepack[22m | Storing File: res://.godot/exported/133200997/export-bc5994934655949b05a98ce59f476359-splash.scn[39m[0m
[  73% ] [90m[1msavepack[22m | Storing File: res://.godot/exported/133200997/export-db3d3f1e0301590eb0a194c4b9179729-test_client.scn[39m[0m
[  74% ] [90m[1msavepack[22m | Storing File: res://src/arena/arena_builder.gdc[39m[0m
[  74% ] [90m[1msavepack[22m | Storing File: res://src/arena/arena_layout.gdc[39m[0m
[  74% ] [90m[1msavepack[22m | Storing File: res://src/bots/bot_ai.gdc[39m[0m
[  74% ] [90m[1msavepack[22m | Storing File: res://src/bots/bot_brain.gdc[39m[0m
[  74% ] [90m[1msavepack[22m | Storing File: res://src/bots/training_dummy.gdc[39m[0m
[  75% ] [90m[1msavepack[22m | Storing File: res://src/core/asset_util.gdc[39m[0m
[  75% ] [90m[1msavepack[22m | Storing File: res://src/core/config.gdc[39m[0m
[  75% ] [90m[1msavepack[22m | Storing File: res://src/core/game_flow.gdc[39m[0m
[  75% ] [90m[1msavepack[22m | Storing File: res://src/core/mathx.gdc[39m[0m
[  76% ] [90m[1msavepack[22m | Storing File: res://src/core/wr.gdc[39m[0m
[  76% ] [90m[1msavepack[22m | Storing File: res://src/data/action_def.gdc[39m[0m
[  76% ] [90m[1msavepack[22m | Storing File: res://src/data/fighter_def.gdc[39m[0m
[  76% ] [90m[1msavepack[22m | Storing File: res://src/data/hit_def.gdc[39m[0m
[  76% ] [90m[1msavepack[22m | Storing File: res://src/data/tuning_db.gdc[39m[0m
[  77% ] [90m[1msavepack[22m | Storing File: res://src/match/match_roster.gdc[39m[0m
[  77% ] [90m[1msavepack[22m | Storing File: res://src/match/turf_shift_rules.gdc[39m[0m
[  77% ] [90m[1msavepack[22m | Storing File: res://src/match/zone_occupancy.gdc[39m[0m
[  77% ] [90m[1msavepack[22m | Storing File: res://src/net/autopilot_input.gdc[39m[0m
[  77% ] [90m[1msavepack[22m | Storing File: res://src/net/client_session.gdc[39m[0m
[  78% ] [90m[1msavepack[22m | Storing File: res://src/net/net_bridge.gdc[39m[0m
[  78% ] [90m[1msavepack[22m | Storing File: res://src/net/protocol.gdc[39m[0m
[  78% ] [90m[1msavepack[22m | Storing File: res://src/net/server_main.gdc[39m[0m
[  78% ] [90m[1msavepack[22m | Storing File: res://src/net/server_service.gdc[39m[0m
[  79% ] [90m[1msavepack[22m | Storing File: res://src/net/team_visibility.gdc[39m[0m
[  79% ] [90m[1msavepack[22m | Storing File: res://src/net/test_client.gdc[39m[0m
[  79% ] [90m[1msavepack[22m | Storing File: res://src/online/online_client.gdc[39m[0m
[  79% ] [90m[1msavepack[22m | Storing File: res://src/persist/profile.gdc[39m[0m
[  79% ] [90m[1msavepack[22m | Storing File: res://src/persist/settings.gdc[39m[0m
[  80% ] [90m[1msavepack[22m | Storing File: res://src/present/hud/hud_ability.gdc[39m[0m
[  80% ] [90m[1msavepack[22m | Storing File: res://src/present/hud/hud_meter.gdc[39m[0m
[  80% ] [90m[1msavepack[22m | Storing File: res://src/present/hud/hud_minimap.gdc[39m[0m
[  80% ] [90m[1msavepack[22m | Storing File: res://src/present/hud/hud_overhead.gdc[39m[0m
[  80% ] [90m[1msavepack[22m | Storing File: res://src/present/hud/hud_roster_strip.gdc[39m[0m
[  81% ] [90m[1msavepack[22m | Storing File: res://src/present/hud/hud_scorebar.gdc[39m[0m
[  81% ] [90m[1msavepack[22m | Storing File: res://src/present/hud/hud_style.gdc[39m[0m
[  81% ] [90m[1msavepack[22m | Storing File: res://src/present/hud/match_hud.gdc[39m[0m
[  81% ] [90m[1msavepack[22m | Storing File: res://src/present/shaders/flash_overlay.gdshader[39m[0m
[  82% ] [90m[1msavepack[22m | Storing File: res://src/present/shaders/palette_cloth.gdshader[39m[0m
[  82% ] [90m[1msavepack[22m | Storing File: res://src/present/shaders/shock_ring.gdshader[39m[0m
[  82% ] [90m[1msavepack[22m | Storing File: res://src/present/shaders/team_marker.gdshader[39m[0m
[  82% ] [90m[1msavepack[22m | Storing File: res://src/present/shaders/water.gdshader[39m[0m
[  82% ] [90m[1msavepack[22m | Storing File: res://src/present/shaders/zone_ring.gdshader[39m[0m
[  83% ] [90m[1msavepack[22m | Storing File: res://src/present/arena_view.gdc[39m[0m
[  83% ] [90m[1msavepack[22m | Storing File: res://src/present/audio_director.gdc[39m[0m
[  83% ] [90m[1msavepack[22m | Storing File: res://src/present/camera_rig.gdc[39m[0m
[  83% ] [90m[1msavepack[22m | Storing File: res://src/present/fighter_view.gdc[39m[0m
[  84% ] [90m[1msavepack[22m | Storing File: res://src/present/local_match_host.gdc[39m[0m
[  84% ] [90m[1msavepack[22m | Storing File: res://src/present/match_host.gdc[39m[0m
[  84% ] [90m[1msavepack[22m | Storing File: res://src/present/match_scene.gdc[39m[0m
[  84% ] [90m[1msavepack[22m | Storing File: res://src/present/net_match_host.gdc[39m[0m
[  84% ] [90m[1msavepack[22m | Storing File: res://src/present/pause_menu.gdc[39m[0m
[  85% ] [90m[1msavepack[22m | Storing File: res://src/present/player_input.gdc[39m[0m
[  85% ] [90m[1msavepack[22m | Storing File: res://src/present/proc_rig.gdc[39m[0m
[  85% ] [90m[1msavepack[22m | Storing File: res://src/present/replay_host.gdc[39m[0m
[  85% ] [90m[1msavepack[22m | Storing File: res://src/present/vfx_director.gdc[39m[0m
[  85% ] [90m[1msavepack[22m | Storing File: res://src/replay/replay_recorder.gdc[39m[0m
[  86% ] [90m[1msavepack[22m | Storing File: res://src/sim/behaviors/action_behavior.gdc[39m[0m
[  86% ] [90m[1msavepack[22m | Storing File: res://src/sim/behaviors/bark_behavior.gdc[39m[0m
[  86% ] [90m[1msavepack[22m | Storing File: res://src/sim/behaviors/behaviors.gdc[39m[0m
[  86% ] [90m[1msavepack[22m | Storing File: res://src/sim/behaviors/charge_behavior.gdc[39m[0m
[  87% ] [90m[1msavepack[22m | Storing File: res://src/sim/behaviors/curve_dash_behavior.gdc[39m[0m
[  87% ] [90m[1msavepack[22m | Storing File: res://src/sim/behaviors/dodge_behavior.gdc[39m[0m
[  87% ] [90m[1msavepack[22m | Storing File: res://src/sim/behaviors/dropkick_behavior.gdc[39m[0m
[  87% ] [90m[1msavepack[22m | Storing File: res://src/sim/behaviors/feint_behavior.gdc[39m[0m
[  87% ] [90m[1msavepack[22m | Storing File: res://src/sim/behaviors/grab_behavior.gdc[39m[0m
[  88% ] [90m[1msavepack[22m | Storing File: res://src/sim/behaviors/leap_behavior.gdc[39m[0m
[  88% ] [90m[1msavepack[22m | Storing File: res://src/sim/behaviors/leap_strike_behavior.gdc[39m[0m
[  88% ] [90m[1msavepack[22m | Storing File: res://src/sim/behaviors/parry_behavior.gdc[39m[0m
[  88% ] [90m[1msavepack[22m | Storing File: res://src/sim/behaviors/perch_behavior.gdc[39m[0m
[  89% ] [90m[1msavepack[22m | Storing File: res://src/sim/behaviors/slip_behavior.gdc[39m[0m
[  89% ] [90m[1msavepack[22m | Storing File: res://src/sim/behaviors/stance_behavior.gdc[39m[0m
[  89% ] [90m[1msavepack[22m | Storing File: res://src/sim/combat_resolver.gdc[39m[0m
[  89% ] [90m[1msavepack[22m | Storing File: res://src/sim/common_actions.gdc[39m[0m
[  89% ] [90m[1msavepack[22m | Storing File: res://src/sim/fighter_body.gdc[39m[0m
[  90% ] [90m[1msavepack[22m | Storing File: res://src/sim/fighter_logic.gdc[39m[0m
[  90% ] [90m[1msavepack[22m | Storing File: res://src/sim/fighter_state.gdc[39m[0m
[  90% ] [90m[1msavepack[22m | Storing File: res://src/sim/input_frame.gdc[39m[0m
[  90% ] [90m[1msavepack[22m | Storing File: res://src/sim/match_sim.gdc[39m[0m
[  90% ] [90m[1msavepack[22m | Storing File: res://src/sim/sim_context.gdc[39m[0m
[  91% ] [90m[1msavepack[22m | Storing File: res://src/ui/menu/collection_screen.gdc[39m[0m
[  91% ] [90m[1msavepack[22m | Storing File: res://src/ui/menu/credits_screen.gdc[39m[0m
[  91% ] [90m[1msavepack[22m | Storing File: res://src/ui/menu/fighter_setup_screen.gdc[39m[0m
[  91% ] [90m[1msavepack[22m | Storing File: res://src/ui/menu/history_screen.gdc[39m[0m
[  92% ] [90m[1msavepack[22m | Storing File: res://src/ui/menu/home_screen.gdc[39m[0m
[  92% ] [90m[1msavepack[22m | Storing File: res://src/ui/menu/menu_screen.gdc[39m[0m
[  92% ] [90m[1msavepack[22m | Storing File: res://src/ui/menu/offline_setup_screen.gdc[39m[0m
[  92% ] [90m[1msavepack[22m | Storing File: res://src/ui/menu/online_screen.gdc[39m[0m
[  92% ] [90m[1msavepack[22m | Storing File: res://src/ui/menu/training_setup_screen.gdc[39m[0m
[  93% ] [90m[1msavepack[22m | Storing File: res://src/ui/widgets/fighter_card.gdc[39m[0m
[  93% ] [90m[1msavepack[22m | Storing File: res://src/ui/widgets/fighter_emblem.gdc[39m[0m
[  93% ] [90m[1msavepack[22m | Storing File: res://src/ui/widgets/fighter_preview.gdc[39m[0m
[  93% ] [90m[1msavepack[22m | Storing File: res://src/ui/widgets/fighter_preview_stage.gdc[39m[0m
[  94% ] [90m[1msavepack[22m | Storing File: res://src/ui/widgets/kit_list.gdc[39m[0m
[  94% ] [90m[1msavepack[22m | Storing File: res://src/ui/widgets/max_width_container.gdc[39m[0m
[  94% ] [90m[1msavepack[22m | Storing File: res://src/ui/widgets/menu_background.gdc[39m[0m
[  94% ] [90m[1msavepack[22m | Storing File: res://src/ui/widgets/palette_button.gdc[39m[0m
[  94% ] [90m[1msavepack[22m | Storing File: res://src/ui/widgets/portrait_cache.gdc[39m[0m
[  95% ] [90m[1msavepack[22m | Storing File: res://src/ui/widgets/swatch_preview.gdc[39m[0m
[  95% ] [90m[1msavepack[22m | Storing File: res://src/ui/widgets/ui_cycler.gdc[39m[0m
[  95% ] [90m[1msavepack[22m | Storing File: res://src/ui/widgets/ui_hint_bar.gdc[39m[0m
[  95% ] [90m[1msavepack[22m | Storing File: res://src/ui/widgets/ui_icon.gdc[39m[0m
[  95% ] [90m[1msavepack[22m | Storing File: res://src/ui/widgets/ui_modal.gdc[39m[0m
[  96% ] [90m[1msavepack[22m | Storing File: res://src/ui/widgets/ui_tabs.gdc[39m[0m
[  96% ] [90m[1msavepack[22m | Storing File: res://src/ui/widgets/ui_toasts.gdc[39m[0m
[  96% ] [90m[1msavepack[22m | Storing File: res://src/ui/widgets/ui_toggle.gdc[39m[0m
[  96% ] [90m[1msavepack[22m | Storing File: res://src/ui/widgets/wordmark_logo.gdc[39m[0m
[  97% ] [90m[1msavepack[22m | Storing File: res://src/ui/boot.gdc[39m[0m
[  97% ] [90m[1msavepack[22m | Storing File: res://src/ui/main_menu.gdc[39m[0m
[  97% ] [90m[1msavepack[22m | Storing File: res://src/ui/online_lobby.gdc[39m[0m
[  97% ] [90m[1msavepack[22m | Storing File: res://src/ui/results_screen.gdc[39m[0m
[  97% ] [90m[1msavepack[22m | Storing File: res://src/ui/settings_panel.gdc[39m[0m
[  98% ] [90m[1msavepack[22m | Storing File: res://src/ui/splash.gdc[39m[0m
[  98% ] [90m[1msavepack[22m | Storing File: res://src/ui/ui_kit.gdc[39m[0m
[  98% ] [90m[1msavepack[22m | Storing File: res://src/ui/ui_state.gdc[39m[0m
[  98% ] [90m[1msavepack[22m | Storing File: res://src/ui/ui_theme_builder.gdc[39m[0m
[  98% ] [90m[1msavepack[22m | Storing File: res://assets/audio/default_bus_layout.tres.remap[39m[0m
[  98% ] [90m[1msavepack[22m | Storing File: res://assets/ui/wildrush_theme.tres.remap[39m[0m
[  98% ] [90m[1msavepack[22m | Storing File: res://data/arena/briarport_navmesh.tres.remap[39m[0m
[  98% ] [90m[1msavepack[22m | Storing File: res://scenes/ui/settings_panel.tscn.remap[39m[0m
[  98% ] [90m[1msavepack[22m | Storing File: res://scenes/boot.tscn.remap[39m[0m
[  98% ] [90m[1msavepack[22m | Storing File: res://scenes/main_menu.tscn.remap[39m[0m
[  98% ] [90m[1msavepack[22m | Storing File: res://scenes/match.tscn.remap[39m[0m
[  98% ] [90m[1msavepack[22m | Storing File: res://scenes/online_lobby.tscn.remap[39m[0m
[  98% ] [90m[1msavepack[22m | Storing File: res://scenes/results.tscn.remap[39m[0m
[  98% ] [90m[1msavepack[22m | Storing File: res://scenes/server.tscn.remap[39m[0m
[  98% ] [90m[1msavepack[22m | Storing File: res://scenes/splash.tscn.remap[39m[0m
[  98% ] [90m[1msavepack[22m | Storing File: res://scenes/test_client.tscn.remap[39m[0m
[  98% ] [90m[1msavepack[22m | Storing File: res://src/arena/arena_builder.gd.remap[39m[0m
[  98% ] [90m[1msavepack[22m | Storing File: res://src/arena/arena_layout.gd.remap[39m[0m
[  98% ] [90m[1msavepack[22m | Storing File: res://src/bots/bot_ai.gd.remap[39m[0m
[  98% ] [90m[1msavepack[22m | Storing File: res://src/bots/bot_brain.gd.remap[39m[0m
[  98% ] [90m[1msavepack[22m | Storing File: res://src/bots/training_dummy.gd.remap[39m[0m
[  98% ] [90m[1msavepack[22m | Storing File: res://src/core/asset_util.gd.remap[39m[0m
[  98% ] [90m[1msavepack[22m | Storing File: res://src/core/config.gd.remap[39m[0m
[  98% ] [90m[1msavepack[22m | Storing File: res://src/core/game_flow.gd.remap[39m[0m
[  98% ] [90m[1msavepack[22m | Storing File: res://src/core/mathx.gd.remap[39m[0m
[  98% ] [90m[1msavepack[22m | Storing File: res://src/core/wr.gd.remap[39m[0m
[  98% ] [90m[1msavepack[22m | Storing File: res://src/data/action_def.gd.remap[39m[0m
[  98% ] [90m[1msavepack[22m | Storing File: res://src/data/fighter_def.gd.remap[39m[0m
[  98% ] [90m[1msavepack[22m | Storing File: res://src/data/hit_def.gd.remap[39m[0m
[  98% ] [90m[1msavepack[22m | Storing File: res://src/data/tuning_db.gd.remap[39m[0m
[  98% ] [90m[1msavepack[22m | Storing File: res://src/match/match_roster.gd.remap[39m[0m
[  98% ] [90m[1msavepack[22m | Storing File: res://src/match/turf_shift_rules.gd.remap[39m[0m
[  98% ] [90m[1msavepack[22m | Storing File: res://src/match/zone_occupancy.gd.remap[39m[0m
[  98% ] [90m[1msavepack[22m | Storing File: res://src/net/autopilot_input.gd.remap[39m[0m
[  98% ] [90m[1msavepack[22m | Storing File: res://src/net/client_session.gd.remap[39m[0m
[  98% ] [90m[1msavepack[22m | Storing File: res://src/net/net_bridge.gd.remap[39m[0m
[  98% ] [90m[1msavepack[22m | Storing File: res://src/net/protocol.gd.remap[39m[0m
[  98% ] [90m[1msavepack[22m | Storing File: res://src/net/server_main.gd.remap[39m[0m
[  98% ] [90m[1msavepack[22m | Storing File: res://src/net/server_service.gd.remap[39m[0m
[  98% ] [90m[1msavepack[22m | Storing File: res://src/net/team_visibility.gd.remap[39m[0m
[  98% ] [90m[1msavepack[22m | Storing File: res://src/net/test_client.gd.remap[39m[0m
[  98% ] [90m[1msavepack[22m | Storing File: res://src/online/online_client.gd.remap[39m[0m
[  98% ] [90m[1msavepack[22m | Storing File: res://src/persist/profile.gd.remap[39m[0m
[  98% ] [90m[1msavepack[22m | Storing File: res://src/persist/settings.gd.remap[39m[0m
[  98% ] [90m[1msavepack[22m | Storing File: res://src/present/hud/hud_ability.gd.remap[39m[0m
[  98% ] [90m[1msavepack[22m | Storing File: res://src/present/hud/hud_meter.gd.remap[39m[0m
[  98% ] [90m[1msavepack[22m | Storing File: res://src/present/hud/hud_minimap.gd.remap[39m[0m
[  98% ] [90m[1msavepack[22m | Storing File: res://src/present/hud/hud_overhead.gd.remap[39m[0m
[  98% ] [90m[1msavepack[22m | Storing File: res://src/present/hud/hud_roster_strip.gd.remap[39m[0m
[  98% ] [90m[1msavepack[22m | Storing File: res://src/present/hud/hud_scorebar.gd.remap[39m[0m
[  98% ] [90m[1msavepack[22m | Storing File: res://src/present/hud/hud_style.gd.remap[39m[0m
[  98% ] [90m[1msavepack[22m | Storing File: res://src/present/hud/match_hud.gd.remap[39m[0m
[  98% ] [90m[1msavepack[22m | Storing File: res://src/present/arena_view.gd.remap[39m[0m
[  98% ] [90m[1msavepack[22m | Storing File: res://src/present/audio_director.gd.remap[39m[0m
[  98% ] [90m[1msavepack[22m | Storing File: res://src/present/camera_rig.gd.remap[39m[0m
[  98% ] [90m[1msavepack[22m | Storing File: res://src/present/fighter_view.gd.remap[39m[0m
[  98% ] [90m[1msavepack[22m | Storing File: res://src/present/local_match_host.gd.remap[39m[0m
[  98% ] [90m[1msavepack[22m | Storing File: res://src/present/match_host.gd.remap[39m[0m
[  98% ] [90m[1msavepack[22m | Storing File: res://src/present/match_scene.gd.remap[39m[0m
[  98% ] [90m[1msavepack[22m | Storing File: res://src/present/net_match_host.gd.remap[39m[0m
[  98% ] [90m[1msavepack[22m | Storing File: res://src/present/pause_menu.gd.remap[39m[0m
[  98% ] [90m[1msavepack[22m | Storing File: res://src/present/player_input.gd.remap[39m[0m
[  98% ] [90m[1msavepack[22m | Storing File: res://src/present/proc_rig.gd.remap[39m[0m
[  98% ] [90m[1msavepack[22m | Storing File: res://src/present/replay_host.gd.remap[39m[0m
[  98% ] [90m[1msavepack[22m | Storing File: res://src/present/vfx_director.gd.remap[39m[0m
[  98% ] [90m[1msavepack[22m | Storing File: res://src/replay/replay_recorder.gd.remap[39m[0m
[  98% ] [90m[1msavepack[22m | Storing File: res://src/sim/behaviors/action_behavior.gd.remap[39m[0m
[  98% ] [90m[1msavepack[22m | Storing File: res://src/sim/behaviors/bark_behavior.gd.remap[39m[0m
[  98% ] [90m[1msavepack[22m | Storing File: res://src/sim/behaviors/behaviors.gd.remap[39m[0m
[  98% ] [90m[1msavepack[22m | Storing File: res://src/sim/behaviors/charge_behavior.gd.remap[39m[0m
[  98% ] [90m[1msavepack[22m | Storing File: res://src/sim/behaviors/curve_dash_behavior.gd.remap[39m[0m
[  98% ] [90m[1msavepack[22m | Storing File: res://src/sim/behaviors/dodge_behavior.gd.remap[39m[0m
[  98% ] [90m[1msavepack[22m | Storing File: res://src/sim/behaviors/dropkick_behavior.gd.remap[39m[0m
[  98% ] [90m[1msavepack[22m | Storing File: res://src/sim/behaviors/feint_behavior.gd.remap[39m[0m
[  98% ] [90m[1msavepack[22m | Storing File: res://src/sim/behaviors/grab_behavior.gd.remap[39m[0m
[  98% ] [90m[1msavepack[22m | Storing File: res://src/sim/behaviors/leap_behavior.gd.remap[39m[0m
[  98% ] [90m[1msavepack[22m | Storing File: res://src/sim/behaviors/leap_strike_behavior.gd.remap[39m[0m
[  98% ] [90m[1msavepack[22m | Storing File: res://src/sim/behaviors/parry_behavior.gd.remap[39m[0m
[  98% ] [90m[1msavepack[22m | Storing File: res://src/sim/behaviors/perch_behavior.gd.remap[39m[0m
[  98% ] [90m[1msavepack[22m | Storing File: res://src/sim/behaviors/slip_behavior.gd.remap[39m[0m
[  98% ] [90m[1msavepack[22m | Storing File: res://src/sim/behaviors/stance_behavior.gd.remap[39m[0m
[  98% ] [90m[1msavepack[22m | Storing File: res://src/sim/combat_resolver.gd.remap[39m[0m
[  98% ] [90m[1msavepack[22m | Storing File: res://src/sim/common_actions.gd.remap[39m[0m
[  98% ] [90m[1msavepack[22m | Storing File: res://src/sim/fighter_body.gd.remap[39m[0m
[  98% ] [90m[1msavepack[22m | Storing File: res://src/sim/fighter_logic.gd.remap[39m[0m
[  98% ] [90m[1msavepack[22m | Storing File: res://src/sim/fighter_state.gd.remap[39m[0m
[  98% ] [90m[1msavepack[22m | Storing File: res://src/sim/input_frame.gd.remap[39m[0m
[  98% ] [90m[1msavepack[22m | Storing File: res://src/sim/match_sim.gd.remap[39m[0m
[  98% ] [90m[1msavepack[22m | Storing File: res://src/sim/sim_context.gd.remap[39m[0m
[  98% ] [90m[1msavepack[22m | Storing File: res://src/ui/menu/collection_screen.gd.remap[39m[0m
[  98% ] [90m[1msavepack[22m | Storing File: res://src/ui/menu/credits_screen.gd.remap[39m[0m
[  98% ] [90m[1msavepack[22m | Storing File: res://src/ui/menu/fighter_setup_screen.gd.remap[39m[0m
[  98% ] [90m[1msavepack[22m | Storing File: res://src/ui/menu/history_screen.gd.remap[39m[0m
[  98% ] [90m[1msavepack[22m | Storing File: res://src/ui/menu/home_screen.gd.remap[39m[0m
[  98% ] [90m[1msavepack[22m | Storing File: res://src/ui/menu/menu_screen.gd.remap[39m[0m
[  98% ] [90m[1msavepack[22m | Storing File: res://src/ui/menu/offline_setup_screen.gd.remap[39m[0m
[  98% ] [90m[1msavepack[22m | Storing File: res://src/ui/menu/online_screen.gd.remap[39m[0m
[  98% ] [90m[1msavepack[22m | Storing File: res://src/ui/menu/training_setup_screen.gd.remap[39m[0m
[  98% ] [90m[1msavepack[22m | Storing File: res://src/ui/widgets/fighter_card.gd.remap[39m[0m
[  98% ] [90m[1msavepack[22m | Storing File: res://src/ui/widgets/fighter_emblem.gd.remap[39m[0m
[  98% ] [90m[1msavepack[22m | Storing File: res://src/ui/widgets/fighter_preview.gd.remap[39m[0m
[  98% ] [90m[1msavepack[22m | Storing File: res://src/ui/widgets/fighter_preview_stage.gd.remap[39m[0m
[  98% ] [90m[1msavepack[22m | Storing File: res://src/ui/widgets/kit_list.gd.remap[39m[0m
[  98% ] [90m[1msavepack[22m | Storing File: res://src/ui/widgets/max_width_container.gd.remap[39m[0m
[  98% ] [90m[1msavepack[22m | Storing File: res://src/ui/widgets/menu_background.gd.remap[39m[0m
[  98% ] [90m[1msavepack[22m | Storing File: res://src/ui/widgets/palette_button.gd.remap[39m[0m
[  98% ] [90m[1msavepack[22m | Storing File: res://src/ui/widgets/portrait_cache.gd.remap[39m[0m
[  98% ] [90m[1msavepack[22m | Storing File: res://src/ui/widgets/swatch_preview.gd.remap[39m[0m
[  98% ] [90m[1msavepack[22m | Storing File: res://src/ui/widgets/ui_cycler.gd.remap[39m[0m
[  98% ] [90m[1msavepack[22m | Storing File: res://src/ui/widgets/ui_hint_bar.gd.remap[39m[0m
[  98% ] [90m[1msavepack[22m | Storing File: res://src/ui/widgets/ui_icon.gd.remap[39m[0m
[  98% ] [90m[1msavepack[22m | Storing File: res://src/ui/widgets/ui_modal.gd.remap[39m[0m
[  98% ] [90m[1msavepack[22m | Storing File: res://src/ui/widgets/ui_tabs.gd.remap[39m[0m
[  98% ] [90m[1msavepack[22m | Storing File: res://src/ui/widgets/ui_toasts.gd.remap[39m[0m
[  98% ] [90m[1msavepack[22m | Storing File: res://src/ui/widgets/ui_toggle.gd.remap[39m[0m
[  98% ] [90m[1msavepack[22m | Storing File: res://src/ui/widgets/wordmark_logo.gd.remap[39m[0m
[  98% ] [90m[1msavepack[22m | Storing File: res://src/ui/boot.gd.remap[39m[0m
[  98% ] [90m[1msavepack[22m | Storing File: res://src/ui/main_menu.gd.remap[39m[0m
[  98% ] [90m[1msavepack[22m | Storing File: res://src/ui/online_lobby.gd.remap[39m[0m
[  98% ] [90m[1msavepack[22m | Storing File: res://src/ui/results_screen.gd.remap[39m[0m
[  98% ] [90m[1msavepack[22m | Storing File: res://src/ui/settings_panel.gd.remap[39m[0m
[  98% ] [90m[1msavepack[22m | Storing File: res://src/ui/splash.gd.remap[39m[0m
[  98% ] [90m[1msavepack[22m | Storing File: res://src/ui/ui_kit.gd.remap[39m[0m
[  98% ] [90m[1msavepack[22m | Storing File: res://src/ui/ui_state.gd.remap[39m[0m
[  98% ] [90m[1msavepack[22m | Storing File: res://src/ui/ui_theme_builder.gd.remap[39m[0m
[  98% ] [90m[1msavepack[22m | Storing File: res://.godot/global_script_class_cache.cfg[39m[0m
[  98% ] [90m[1msavepack[22m | Storing File: res://assets/ui/icon.svg[39m[0m
[  98% ] [90m[1msavepack[22m | Storing File: res://.godot/uid_cache.bin[39m[0m
[  98% ] [90m[1msavepack[22m | Storing File: res://project.binary[39m[0m
[92m[ DONE ][39m [1msavepack[22m
[0m
